"position","ntc1_counts","ntc1_C","ntc2_counts","ntc2_C","gnd","pressure_counts","pressure_hPa","chain","depth_m","node_nr","ntc_C","time","msg","tlab"
1,580523,9.54335114483348,579701,9.57951940270004,-343,671379,671.379,"Kette 1",1,34,9.56143527376676,2026-07-08 15:13:54,142,"07-08 15:13"
2,518792,12.4269761551124,518857,12.4237466021642,-367,671380,671.38,"Kette 1",3,1,12.4253613786383,2026-07-08 15:13:54,142,"07-08 15:13"
3,635322,7.24963878101067,639798,7.0718160469533,-374,671270,671.27,"Kette 1",5,3,7.16072741398199,2026-07-08 15:13:54,142,"07-08 15:13"
4,599183,8.73691900078933,597939,8.78982927428274,-386,671358,671.358,"Kette 1",8,5,8.76337413753603,2026-07-08 15:13:54,142,"07-08 15:13"
5,564233,10.2706900203566,561411,10.3990063617718,-383,671236,671.236,"Kette 1",10,6,10.3348481910642,2026-07-08 15:13:54,142,"07-08 15:13"
6,568242,10.0895947689262,565169,10.2282840551053,-368,671151,671.151,"Kette 1",13,7,10.1589394120158,2026-07-08 15:13:54,142,"07-08 15:13"
7,603865,8.53884310047556,606144,8.44302869852481,-376,671340,671.34,"Kette 1",16,8,8.49093589950019,2026-07-08 15:13:54,142,"07-08 15:13"
8,524686,12.1359117141729,522533,12.241818148132,-373,671273,671.273,"Kette 1",21,15,12.1888649311525,2026-07-08 15:13:54,142,"07-08 15:13"
9,557701,10.5687708664556,562697,10.3404452139816,-382,671391,671.391,"Kette 1",26,16,10.4546080402186,2026-07-08 15:13:54,142,"07-08 15:13"
10,589524,9.15090025214454,584721,9.35949994424999,-425,671393,671.393,"Kette 1",30,17,9.25520009819726,2026-07-08 15:13:54,142,"07-08 15:13"
11,1635012,-16.1326483653553,1678035,-16.7708645886278,-244,671303,671.303,"Kette 2",1,33,-16.4517564769916,2026-07-08 15:13:54,142,"07-08 15:13"
12,1807049,-18.5945806792176,1812018,-18.6623118870583,-384,671294,671.294,"Kette 2",3,4,-18.6284462831379,2026-07-08 15:13:54,142,"07-08 15:13"
13,1810428,-18.6406581637162,1811151,-18.650506712693,-385,671483,671.483,"Kette 2",5,10,-18.6455824382046,2026-07-08 15:13:54,142,"07-08 15:13"
14,2218121,-23.6850359124371,2220585,-23.7128514546205,-370,671485,671.485,"Kette 2",8,11,-23.6989436835288,2026-07-08 15:13:54,142,"07-08 15:13"
15,2366419,-25.3121185004165,2367559,-25.3242730778098,-395,671800,671.8,"Kette 2",10,12,-25.3181957891132,2026-07-08 15:13:54,142,"07-08 15:13"
16,8055702,NA,NA,NA,-366,672008,672.008,"Kette 2",13,13,NA,2026-07-08 15:13:54,142,"07-08 15:13"
17,2622533,-27.9233670137402,2622233,-27.9204382679904,-365,672728,672.728,"Kette 2",16,20,-27.9219026408653,2026-07-08 15:13:54,142,"07-08 15:13"
18,2759896,-29.2358683631272,2757329,-29.2118426087448,-380,672796,672.796,"Kette 2",21,21,-29.223855485936,2026-07-08 15:13:54,142,"07-08 15:13"
19,2739589,-29.0453002867445,2738326,-29.033409426911,-365,673414,673.414,"Kette 2",26,22,-29.0393548568278,2026-07-08 15:13:54,142,"07-08 15:13"
20,2931134,-30.7989464284229,2934525,-30.8291487975006,-378,673541,673.541,"Kette 2",30,24,-30.8140476129617,2026-07-08 15:13:54,142,"07-08 15:13"
1,1560171,-14.9826008780229,1566447,-15.0810835786362,-504,666384,666.384,"Kette 1",1,34,-15.0318422283296,2026-07-09 15:13:17,143,"07-09 15:13"
2,2703548,-28.7041864466632,2703714,-28.7057661877494,-497,666173,666.173,"Kette 1",3,1,-28.7049763172063,2026-07-09 15:13:17,143,"07-09 15:13"
3,2889604,-30.4267711240118,2886729,-30.4008482601993,-496,666159,666.159,"Kette 1",5,3,-30.4138096921056,2026-07-09 15:13:17,143,"07-09 15:13"
4,2851753,-30.0838052419564,2852602,-30.0915381435321,-503,666473,666.473,"Kette 1",8,5,-30.0876716927443,2026-07-09 15:13:17,143,"07-09 15:13"
5,2843708,-30.0104367815547,2841037,-29.9860407405361,-498,666519,666.519,"Kette 1",10,6,-29.9982387610454,2026-07-09 15:13:17,143,"07-09 15:13"
6,2852744,-30.0928313328884,2843367,-30.0073232330331,-509,666787,666.787,"Kette 1",13,7,-30.0500772829607,2026-07-09 15:13:17,143,"07-09 15:13"
7,2879059,-30.3315888886798,2884518,-30.3808983347965,-500,667278,667.278,"Kette 1",16,8,-30.3562436117381,2026-07-09 15:13:17,143,"07-09 15:13"
8,2922367,-30.7207327377015,2927740,-30.7686894448351,-515,667677,667.677,"Kette 1",21,15,-30.7447110912683,2026-07-09 15:13:17,143,"07-09 15:13"
9,2939712,-30.8752937428234,2944787,-30.9203796517611,-524,668403,668.403,"Kette 1",26,16,-30.8978366972922,2026-07-09 15:13:17,143,"07-09 15:13"
10,2955339,-31.0139255276997,2951019,-30.9756598590649,-557,668798,668.798,"Kette 1",30,17,-30.9947926933823,2026-07-09 15:13:17,143,"07-09 15:13"
11,1513966,-14.2453892007716,1517773,-14.3069591522933,-425,666273,666.273,"Kette 2",1,33,-14.2761741765324,2026-07-09 15:13:17,143,"07-09 15:13"
12,2552599,-27.2328465001004,2557376,-27.2805215718662,-501,666223,666.223,"Kette 2",3,4,-27.2566840359833,2026-07-09 15:13:17,143,"07-09 15:13"
13,2783945,-29.4600673270764,2787372,-29.4918864637349,-512,666409,666.409,"Kette 2",5,10,-29.4759768954057,2026-07-09 15:13:17,143,"07-09 15:13"
14,2803950,-29.6453603443378,2806616,-29.6699721273651,-501,666441,666.441,"Kette 2",8,11,-29.6576662358515,2026-07-09 15:13:17,143,"07-09 15:13"
15,2809382,-29.6954869397129,2811948,-29.7191385608215,-499,666821,666.821,"Kette 2",10,12,-29.7073127502672,2026-07-09 15:13:17,143,"07-09 15:13"
16,NA,NA,NA,NA,-499,667021,667.021,"Kette 2",13,13,NA,2026-07-09 15:13:17,143,"07-09 15:13"
17,2871366,-30.2619725129682,2870056,-30.2501029433515,-510,667761,667.761,"Kette 2",16,20,-30.2560377281599,2026-07-09 15:13:17,143,"07-09 15:13"
18,2910734,-30.6166606676562,2908349,-30.5952827245176,-507,667896,667.896,"Kette 2",21,21,-30.6059716960869,2026-07-09 15:13:17,143,"07-09 15:13"
19,2936941,-30.850650253466,2936558,-30.8472426426173,-511,668427,668.427,"Kette 2",26,22,-30.8489464480416,2026-07-09 15:13:17,143,"07-09 15:13"
20,2961501,-31.0684305529042,2964442,-31.0944130392728,-532,668452,668.452,"Kette 2",30,24,-31.0814217960885,2026-07-09 15:13:17,143,"07-09 15:13"
1,1673445,-16.7035325760412,1678397,-16.7761673164188,-502,668584,668.584,"Kette 1",1,34,-16.73984994623,2026-07-10 15:13:17,144,"07-10 15:13"
2,2716378,-28.8260466719568,2716607,-28.8282173903032,-500,668408,668.408,"Kette 1",3,1,-28.82713203113,2026-07-10 15:13:17,144,"07-10 15:13"
3,2895549,-30.4803094723679,2892705,-30.4547085390502,-499,668370,668.37,"Kette 1",5,3,-30.4675090057091,2026-07-10 15:13:17,144,"07-10 15:13"
4,2860890,-30.166929732879,2861753,-30.1747698447566,-505,668718,668.718,"Kette 1",8,5,-30.1708497888178,2026-07-10 15:13:17,144,"07-10 15:13"
5,2852226,-30.0881136723815,2849555,-30.0637766604725,-504,668744,668.744,"Kette 1",10,6,-30.075945166427,2026-07-10 15:13:17,144,"07-10 15:13"
6,2859813,-30.1571428121086,2850443,-30.071869784478,-503,669026,669.026,"Kette 1",13,7,-30.1145062982933,2026-07-10 15:13:17,144,"07-10 15:13"
7,2885781,-30.3922959297128,2891254,-30.4416392383378,-514,669517,669.517,"Kette 1",16,8,-30.4169675840253,2026-07-10 15:13:17,144,"07-10 15:13"
8,2927614,-30.7675656361382,2932998,-30.8155518224216,-528,669897,669.897,"Kette 1",21,15,-30.7915587292799,2026-07-10 15:13:17,144,"07-10 15:13"
9,2944116,-30.9144220854723,2949217,-30.9596849718788,-537,670634,670.634,"Kette 1",26,16,-30.9370535286755,2026-07-10 15:13:17,144,"07-10 15:13"
10,2959734,-31.0528100261603,2955393,-31.0144035676237,-549,671025,671.025,"Kette 1",30,17,-31.033606796892,2026-07-10 15:13:17,144,"07-10 15:13"
11,1628531,-16.0351023585816,1632137,-16.0894228458047,-454,668465,668.465,"Kette 2",1,33,-16.0622626021932,2026-07-10 15:13:17,144,"07-10 15:13"
12,2594456,-27.6480332760204,2599276,-27.6954783596979,-532,668425,668.425,"Kette 2",3,4,-27.6717558178591,2026-07-10 15:13:17,144,"07-10 15:13"
13,2840570,-29.9817734065314,2843994,-30.0130479116441,-524,668619,668.619,"Kette 2",5,10,-29.9974106590877,2026-07-10 15:13:17,144,"07-10 15:13"
14,2834995,-29.9307864176487,2837677,-29.9553251852047,-526,668661,668.661,"Kette 2",8,11,-29.9430558014267,2026-07-10 15:13:17,144,"07-10 15:13"
15,2830533,-29.8899198982872,2833123,-29.9136475244979,-502,669036,669.036,"Kette 2",10,12,-29.9017837113925,2026-07-10 15:13:17,144,"07-10 15:13"
16,NA,NA,NA,NA,-521,669237,669.237,"Kette 2",13,13,NA,2026-07-10 15:13:17,144,"07-10 15:13"
17,2883896,-30.3752837930109,2882571,-30.3633203082341,-516,669974,669.974,"Kette 2",16,20,-30.3693020506225,2026-07-10 15:13:17,144,"07-10 15:13"
18,2918681,-30.6877926322719,2916289,-30.6663986343198,-527,670077,670.077,"Kette 2",21,21,-30.6770956332959,2026-07-10 15:13:17,144,"07-10 15:13"
19,2944051,-30.9138449166438,2943639,-30.9101863186018,-519,670649,670.649,"Kette 2",26,22,-30.9120156176228,2026-07-10 15:13:17,144,"07-10 15:13"
20,2963123,-31.0827627604838,2966050,-31.1086104060186,-532,670666,670.666,"Kette 2",30,24,-31.0956865832512,2026-07-10 15:13:17,144,"07-10 15:13"
1,1724167,-17.4379194463808,1728850,-17.5046738275406,-514,669582,669.582,"Kette 1",1,34,-17.4712966369607,2026-07-11 15:13:17,145,"07-11 15:13"
2,2698896,-28.6598828259576,2699466,-28.6653146670877,-500,669417,669.417,"Kette 1",3,1,-28.6625987465226,2026-07-11 15:13:17,145,"07-11 15:13"
3,2894777,-30.4733621291865,2891972,-30.4481069934211,-506,669372,669.372,"Kette 1",5,3,-30.4607345613038,2026-07-11 15:13:17,145,"07-11 15:13"
4,2865479,-30.2085976135483,2866339,-30.2164003764615,-520,669728,669.728,"Kette 1",8,5,-30.2124989950049,2026-07-11 15:13:17,145,"07-11 15:13"
5,2855763,-30.1203129588797,2853113,-30.0961915604491,-520,669756,669.756,"Kette 1",10,6,-30.1082522596644,2026-07-11 15:13:17,145,"07-11 15:13"
6,2862010,-30.1771042484829,2852588,-30.0914106431707,-520,670037,670.037,"Kette 1",13,7,-30.1342574458268,2026-07-11 15:13:17,145,"07-11 15:13"
7,2887503,-30.4078291856612,2893004,-30.4574010076821,-511,670523,670.523,"Kette 1",16,8,-30.4326150966716,2026-07-11 15:13:17,145,"07-11 15:13"
8,2928738,-30.7775893610533,2934134,-30.8256677251468,-513,670912,670.912,"Kette 1",21,15,-30.8016285431,2026-07-11 15:13:17,145,"07-11 15:13"
9,2945341,-30.9252976042357,2950424,-30.9703859888846,-527,671643,671.643,"Kette 1",26,16,-30.9478417965602,2026-07-11 15:13:17,145,"07-11 15:13"
10,2961024,-31.0642145341913,2956689,-31.0258744479476,-556,672040,672.04,"Kette 1",30,17,-31.0450444910695,2026-07-11 15:13:17,145,"07-11 15:13"
11,1685717,-16.8831580679857,1689262,-16.9348119262669,-470,669454,669.454,"Kette 2",1,33,-16.9089849971263,2026-07-11 15:13:17,145,"07-11 15:13"
12,2605227,-27.7539538198515,2610057,-27.8013312797351,-520,669422,669.422,"Kette 2",3,4,-27.7776425497933,2026-07-11 15:13:17,145,"07-11 15:13"
13,2858174,-30.1422431679287,2861599,-30.1733709380807,-518,669617,669.617,"Kette 2",5,10,-30.1578070530047,2026-07-11 15:13:17,145,"07-11 15:13"
14,2846377,-30.0347960218622,2849053,-30.0592005905884,-512,669670,669.67,"Kette 2",8,11,-30.0469983062253,2026-07-11 15:13:17,145,"07-11 15:13"
15,2838683,-29.9645246597323,2841270,-29.9881696260908,-506,670040,670.04,"Kette 2",10,12,-29.9763471429115,2026-07-11 15:13:17,145,"07-11 15:13"
16,NA,NA,NA,NA,-516,670244,670.244,"Kette 2",13,13,NA,2026-07-11 15:13:17,145,"07-11 15:13"
17,2888432,-30.41620611505,2887107,-30.404257737257,-514,670977,670.977,"Kette 2",16,20,-30.4102319261535,2026-07-11 15:13:17,145,"07-11 15:13"
18,2921396,-30.7120585723237,2918988,-30.6905374194876,-525,671089,671.089,"Kette 2",21,21,-30.7012979959056,2026-07-11 15:13:17,145,"07-11 15:13"
19,2946162,-30.9325844094015,2945768,-30.9290876543781,-518,671660,671.66,"Kette 2",26,22,-30.9308360318898,2026-07-11 15:13:17,145,"07-11 15:13"
20,2963640,-31.0873297351213,2966582,-31.1133062033132,-526,671679,671.679,"Kette 2",30,24,-31.1003179692172,2026-07-11 15:13:17,145,"07-11 15:13"
1,1734626,-17.5867704702929,1739107,-17.6502807759023,-498,672565,672.565,"Kette 1",1,34,-17.6185256230976,2026-07-12 15:13:17,146,"07-12 15:13"
2,2685429,-28.5312699944853,2686124,-28.5379205225789,-481,672410,672.41,"Kette 1",3,1,-28.5345952585321,2026-07-12 15:13:17,146,"07-12 15:13"
3,2896016,-30.4845113536956,2893127,-30.4585085469933,-493,672361,672.361,"Kette 1",5,3,-30.4715099503444,2026-07-12 15:13:17,146,"07-12 15:13"
4,2867107,-30.2233668291216,2868003,-30.2314924552588,-515,672719,672.719,"Kette 1",8,5,-30.2274296421902,2026-07-12 15:13:17,146,"07-12 15:13"
5,2857463,-30.1357775393243,2854797,-30.111522123118,-498,672742,672.742,"Kette 1",10,6,-30.1236498312212,2026-07-12 15:13:17,146,"07-12 15:13"
6,2863849,-30.1938034701914,2854408,-30.1079814490662,-499,673024,673.024,"Kette 1",13,7,-30.1508924596288,2026-07-12 15:13:17,146,"07-12 15:13"
7,2889866,-30.4291324556282,2895374,-30.4787347515282,-497,673513,673.513,"Kette 1",16,8,-30.4539336035782,2026-07-12 15:13:17,146,"07-12 15:13"
8,2930747,-30.795497794497,2936175,-30.8438346779382,-508,673901,673.901,"Kette 1",21,15,-30.8196662362176,2026-07-12 15:13:17,146,"07-12 15:13"
9,2946768,-30.9379619419022,2951871,-30.9832102169601,-523,674634,674.634,"Kette 1",26,16,-30.9605860794312,2026-07-12 15:13:17,146,"07-12 15:13"
10,2962122,-31.0739185259016,2957787,-31.0355897129206,-543,675035,675.035,"Kette 1",30,17,-31.0547541194111,2026-07-12 15:13:17,146,"07-12 15:13"
11,1718652,-17.3590821241084,1722009,-17.4070995003012,-471,672429,672.429,"Kette 2",1,33,-17.3830908122048,2026-07-12 15:13:17,146,"07-12 15:13"
12,2607311,-27.7744048583683,2612154,-27.8218777154863,-506,672396,672.396,"Kette 2",3,4,-27.7981412869273,2026-07-12 15:13:17,146,"07-12 15:13"
13,2865460,-30.2084252055964,2868906,-30.2396794919583,-520,672586,672.586,"Kette 2",5,10,-30.2240523487773,2026-07-12 15:13:17,146,"07-12 15:13"
14,2852466,-30.0902995471725,2855173,-30.114944100645,-506,672646,672.646,"Kette 2",8,11,-30.1026218239087,2026-07-12 15:13:17,146,"07-12 15:13"
15,2843257,-30.0063187980173,2845813,-30.0296500883806,-494,673019,673.019,"Kette 2",10,12,-30.017984443199,2026-07-12 15:13:17,146,"07-12 15:13"
16,NA,NA,NA,NA,-501,673223,673.223,"Kette 2",13,13,NA,2026-07-12 15:13:17,146,"07-12 15:13"
17,2890802,-30.4375669538674,2889466,-30.4255273000497,-501,673951,673.951,"Kette 2",16,20,-30.4315471269586,2026-07-12 15:13:17,146,"07-12 15:13"
18,2922655,-30.7233050652571,2920247,-30.7017913182188,-502,674067,674.067,"Kette 2",21,21,-30.7125481917379,2026-07-12 15:13:17,146,"07-12 15:13"
19,2947043,-30.9404019514623,2946641,-30.9368350400538,-518,674638,674.638,"Kette 2",26,22,-30.938618495758,2026-07-12 15:13:17,146,"07-12 15:13"
20,2963918,-31.089785216914,2966842,-31.1156008993627,-525,674661,674.661,"Kette 2",30,24,-31.1026930581383,2026-07-12 15:13:17,146,"07-12 15:13"
1,1761771,-17.9691268501976,1766077,-18.029262579508,-502,678846,678.846,"Kette 1",1,34,-17.9991947148528,2026-07-13 15:13:17,147,"07-13 15:13"
2,2650758,-28.1976615047919,2650963,-28.1996447376113,-484,678720,678.72,"Kette 1",3,1,-28.1986531212016,2026-07-13 15:13:17,147,"07-13 15:13"
3,2888358,-30.4155389255349,2885578,-30.3904642827194,-512,678664,678.664,"Kette 1",5,3,-30.4030016041271,2026-07-13 15:13:17,147,"07-13 15:13"
4,2870646,-30.2554493203968,2871524,-30.2634038149507,-520,679025,679.025,"Kette 1",8,5,-30.2594265676738,2026-07-13 15:13:17,147,"07-13 15:13"
5,2859155,-30.1511619656862,2856493,-30.1269545427992,-516,679048,679.048,"Kette 1",10,6,-30.1390582542427,2026-07-13 15:13:17,147,"07-13 15:13"
6,2863071,-30.1867398207166,2853694,-30.1014816130667,-518,679340,679.34,"Kette 1",13,7,-30.1441107168916,2026-07-13 15:13:17,147,"07-13 15:13"
7,2887004,-30.4033287354143,2892460,-30.4525021691309,-499,679834,679.834,"Kette 1",16,8,-30.4279154522726,2026-07-13 15:13:17,147,"07-13 15:13"
8,2928889,-30.778935730948,2934234,-30.8265580601415,-518,680226,680.226,"Kette 1",21,15,-30.8027468955447,2026-07-13 15:13:17,147,"07-13 15:13"
9,2946012,-30.9312532012986,2951058,-30.9760055118299,-516,680970,680.97,"Kette 1",26,16,-30.9536293565643,2026-07-13 15:13:17,147,"07-13 15:13"
10,2962021,-31.0730260190963,2957709,-31.0348996518523,-546,681370,681.37,"Kette 1",30,17,-31.0539628354743,2026-07-13 15:13:17,147,"07-13 15:13"
11,1741042,-17.6776576354967,1744229,-17.7226847594415,-474,678741,678.741,"Kette 2",1,33,-17.7001711974691,2026-07-13 15:13:17,147,"07-13 15:13"
12,2605606,-27.7576741100236,2610431,-27.8049967572818,-521,678716,678.716,"Kette 2",3,4,-27.7813354336527,2026-07-13 15:13:17,147,"07-13 15:13"
13,2868492,-30.235926224806,2871916,-30.2669546192467,-526,678868,678.868,"Kette 2",5,10,-30.2514404220263,2026-07-13 15:13:17,147,"07-13 15:13"
14,2856297,-30.1251714577252,2858995,-30.1497074884951,-519,678966,678.966,"Kette 2",8,11,-30.1374394731101,2026-07-13 15:13:17,147,"07-13 15:13"
15,2846214,-30.0333088954167,2848819,-30.0570672991979,-519,679338,679.338,"Kette 2",10,12,-30.0451880973073,2026-07-13 15:13:17,147,"07-13 15:13"
16,NA,NA,NA,NA,-505,679515,679.515,"Kette 2",13,13,NA,2026-07-13 15:13:17,147,"07-13 15:13"
17,2892192,-30.4500884987912,2890863,-30.438116561924,-511,680277,680.277,"Kette 2",16,20,-30.4441025303576,2026-07-13 15:13:17,147,"07-13 15:13"
18,2923262,-30.728725940337,2920843,-30.7071174679016,-520,680402,680.402,"Kette 2",21,21,-30.7179217041193,2026-07-13 15:13:17,147,"07-13 15:13"
19,2947338,-30.9430192151625,2946953,-30.9396034227938,-522,680977,680.977,"Kette 2",26,22,-30.9413113189781,2026-07-13 15:13:17,147,"07-13 15:13"
20,2964003,-31.0905359573118,2966920,-31.1162892771402,-537,681000,681,"Kette 2",30,24,-31.103412617226,2026-07-13 15:13:17,147,"07-13 15:13"
1,1781853,-18.248396517195,1786023,-18.3060107026936,-515,680305,680.305,"Kette 1",1,34,-18.2772036099443,2026-07-14 15:13:17,NA,"07-14 15:13"
2,2681833,-28.496836566925,2682547,-28.5036765203022,-491,680184,680.184,"Kette 1",3,1,-28.5002565436136,2026-07-14 15:13:17,NA,"07-14 15:13"
3,2890771,-30.4372876412862,2887907,-30.4114723790075,-510,680136,680.136,"Kette 1",5,3,-30.4243800101469,2026-07-14 15:13:17,NA,"07-14 15:13"
4,2869303,-30.243278229304,2870219,-30.2515800818413,-519,680501,680.501,"Kette 1",8,5,-30.2474291555726,2026-07-14 15:13:17,NA,"07-14 15:13"
5,2860322,-30.1617685707877,2857650,-30.1374781892658,-516,680523,680.523,"Kette 1",10,6,-30.1496233800268,2026-07-14 15:13:17,NA,"07-14 15:13"
6,2865932,-30.2127079089827,2856472,-30.1267635026992,-531,680814,680.814,"Kette 1",13,7,-30.1697357058409,2026-07-14 15:13:17,NA,"07-14 15:13"
7,2891736,-30.4459812440276,2897308,-30.4961334274648,-525,681308,681.308,"Kette 1",16,8,-30.4710573357462,2026-07-14 15:13:17,NA,"07-14 15:13"
8,2932004,-30.8066978468428,2937456,-30.8552317313678,-532,681696,681.696,"Kette 1",21,15,-30.8309647891053,2026-07-14 15:13:17,NA,"07-14 15:13"
9,2947667,-30.9459378841273,2952790,-30.9913523847002,-529,682442,682.442,"Kette 1",26,16,-30.9686451344137,2026-07-14 15:13:17,NA,"07-14 15:13"
10,2962905,-31.0808368450658,2958567,-31.0424895302083,-556,682852,682.852,"Kette 1",30,17,-31.0616631876371,2026-07-14 15:13:17,NA,"07-14 15:13"
11,1760317,-17.948789264296,1763624,-17.9950222002626,-484,680202,680.202,"Kette 2",1,33,-17.9719057322793,2026-07-14 15:13:17,NA,"07-14 15:13"
12,2602087,-27.7231137679738,2606927,-27.7706375663254,-526,680188,680.188,"Kette 2",3,4,-27.7468756671496,2026-07-14 15:13:17,NA,"07-14 15:13"
13,2869395,-30.2441121363315,2872826,-30.2751960524101,-516,680356,680.356,"Kette 2",5,10,-30.2596540943708,2026-07-14 15:13:17,NA,"07-14 15:13"
14,2859028,-30.1500074797976,2861743,-30.1746790085059,-526,680431,680.431,"Kette 2",8,11,-30.1623432441517,2026-07-14 15:13:17,NA,"07-14 15:13"
15,2848451,-30.0537120925207,2851057,-30.0774645130855,-510,680805,680.805,"Kette 2",10,12,-30.0655883028031,2026-07-14 15:13:17,NA,"07-14 15:13"
16,NA,NA,NA,NA,-515,680981,680.981,"Kette 2",13,13,NA,2026-07-14 15:13:17,NA,"07-14 15:13"
17,2893169,-30.4588867224924,2891822,-30.4467558976477,-515,681743,681.743,"Kette 2",16,20,-30.45282131007,2026-07-14 15:13:17,NA,"07-14 15:13"
18,2923617,-30.7318958875201,2921196,-30.7102716406583,-531,681869,681.869,"Kette 2",21,21,-30.7210837640892,2026-07-14 15:13:17,NA,"07-14 15:13"
19,2947475,-30.9442346194006,2947084,-30.9407657192099,-525,682447,682.447,"Kette 2",26,22,-30.9425001693053,2026-07-14 15:13:17,NA,"07-14 15:13"
20,2964084,-31.0912513528851,2966995,-31.1169511653418,-533,682474,682.474,"Kette 2",30,24,-31.1041012591135,2026-07-14 15:13:17,NA,"07-14 15:13"
1,1798301,-18.4749085467924,1802426,-18.5314069568113,-512,678606,678.606,"Kette 1",1,34,-18.5031577518018,2026-07-15 15:13:17,NA,"07-15 15:13"
2,2655266,-28.2412436518968,2655485,-28.2433593067321,-502,678500,678.5,"Kette 1",3,1,-28.2423014793145,2026-07-15 15:13:17,NA,"07-15 15:13"
3,2887454,-30.4073872853521,2884668,-30.3822521783033,-512,678446,678.446,"Kette 1",5,3,-30.3948197318277,2026-07-15 15:13:17,NA,"07-15 15:13"
4,2871052,-30.2591278383244,2871938,-30.2671538875045,-521,678807,678.807,"Kette 1",8,5,-30.2631408629144,2026-07-15 15:13:17,NA,"07-15 15:13"
5,2861053,-30.1684106882183,2858403,-30.1443253511167,-514,678828,678.828,"Kette 1",10,6,-30.1563680196675,2026-07-15 15:13:17,NA,"07-15 15:13"
6,2865456,-30.208388909068,2856064,-30.1230516412077,-529,679119,679.119,"Kette 1",13,7,-30.1657202751379,2026-07-15 15:13:17,NA,"07-15 15:13"
7,2889617,-30.4268882933754,2895122,-30.4764670193598,-509,679613,679.613,"Kette 1",16,8,-30.4516776563676,2026-07-15 15:13:17,NA,"07-15 15:13"
8,2930791,-30.7958899055279,2936161,-30.8437100981122,-519,679991,679.991,"Kette 1",21,15,-30.81980000182,2026-07-15 15:13:17,NA,"07-15 15:13"
9,2947233,-30.9420876705833,2952295,-30.9869670274368,-549,680735,680.735,"Kette 1",26,16,-30.9645273490101,2026-07-15 15:13:17,NA,"07-15 15:13"
10,2962908,-31.0808633492507,2958573,-31.0425426001363,-556,681139,681.139,"Kette 1",30,17,-31.0617029746935,2026-07-15 15:13:17,NA,"07-15 15:13"
11,1777090,-18.1824321242469,1780362,-18.2277652113941,-486,678489,678.489,"Kette 2",1,33,-18.2050986678205,2026-07-15 15:13:17,NA,"07-15 15:13"
12,2597529,-27.6782905805797,2602369,-27.7258847642242,-543,678483,678.483,"Kette 2",3,4,-27.702087672402,2026-07-15 15:13:17,NA,"07-15 15:13"
13,2869136,-30.2417644516835,2872576,-30.2729321320021,-529,678653,678.653,"Kette 2",5,10,-30.2573482918428,2026-07-15 15:13:17,NA,"07-15 15:13"
14,2861097,-30.1688104436266,2863824,-30.1935765132518,-531,678727,678.727,"Kette 2",8,11,-30.1811934784392,2026-07-15 15:13:17,NA,"07-15 15:13"
15,2850242,-30.0700380735508,2852831,-30.0936236133268,-512,679102,679.102,"Kette 2",10,12,-30.0818308434388,2026-07-15 15:13:17,NA,"07-15 15:13"
16,NA,NA,NA,NA,-510,679284,679.284,"Kette 2",13,13,NA,2026-07-15 15:13:17,NA,"07-15 15:13"
17,2893856,-30.4650719677431,2892531,-30.4531415815654,-521,680039,680.039,"Kette 2",16,20,-30.4591067746543,2026-07-15 15:13:17,NA,"07-15 15:13"
18,2923819,-30.7336994949925,2921410,-30.7121836538824,-527,680159,680.159,"Kette 2",21,21,-30.7229415744375,2026-07-15 15:13:17,NA,"07-15 15:13"
19,2947491,-30.9443765614943,2947107,-30.9409697822835,-528,680743,680.743,"Kette 2",26,22,-30.9426731718889,2026-07-15 15:13:17,NA,"07-15 15:13"
20,2964121,-31.0915781333664,2967027,-31.1172335669441,-544,680770,680.77,"Kette 2",30,24,-31.1044058501552,2026-07-15 15:13:17,NA,"07-15 15:13"
1,1805056,-18.5673649678319,1809165,-18.6234449053194,-510,684271,684.271,"Kette 1",1,34,-18.5954049365756,2026-07-16 15:13:17,NA,"07-16 15:13"
2,2641880,-28.111649377559,2642143,-28.1142008653336,-503,684189,684.189,"Kette 1",3,1,-28.1129251214463,2026-07-16 15:13:17,NA,"07-16 15:13"
3,2882691,-30.3644039757396,2879895,-30.339145090602,-512,684132,684.132,"Kette 1",5,3,-30.3517745331708,2026-07-16 15:13:17,NA,"07-16 15:13"
4,2872383,-30.2711842768606,2873257,-30.2790986785135,-515,684499,684.499,"Kette 1",8,5,-30.275141477687,2026-07-16 15:13:17,NA,"07-16 15:13"
5,2861862,-30.1757599432696,2859201,-30.1515801157109,-526,684521,684.521,"Kette 1",10,6,-30.1636700294902,2026-07-16 15:13:17,NA,"07-16 15:13"
6,2865129,-30.2054215295906,2855752,-30.1202128697248,-504,684821,684.821,"Kette 1",13,7,-30.1628171996577,2026-07-16 15:13:17,NA,"07-16 15:13"
7,2888532,-30.417107700687,2893985,-30.4662332579202,-515,685315,685.315,"Kette 1",16,8,-30.4416704793036,2026-07-16 15:13:17,NA,"07-16 15:13"
8,2929685,-30.7860322364589,2935057,-30.83388459946,-521,685705,685.705,"Kette 1",21,15,-30.8099584179595,2026-07-16 15:13:17,NA,"07-16 15:13"
9,2946794,-30.938192641459,2951878,-30.9832722432517,-539,686448,686.448,"Kette 1",26,16,-30.9607324423553,2026-07-16 15:13:17,NA,"07-16 15:13"
10,2962749,-31.0794585981626,2958411,-31.0411096821322,-550,686856,686.856,"Kette 1",30,17,-31.0602841401474,2026-07-16 15:13:17,NA,"07-16 15:13"
11,1787285,-18.323421729722,1790696,-18.3704227651812,-477,684200,684.2,"Kette 2",1,33,-18.3469222474516,2026-07-16 15:13:17,NA,"07-16 15:13"
12,2592340,-27.6271811330335,2597176,-27.6748164193606,-538,684195,684.195,"Kette 2",3,4,-27.650998776197,2026-07-16 15:13:17,NA,"07-16 15:13"
13,2868097,-30.2323448018429,2871529,-30.2634491082813,-525,684356,684.356,"Kette 2",5,10,-30.2478969550621,2026-07-16 15:13:17,NA,"07-16 15:13"
14,2862681,-30.1831983337661,2865407,-30.2079442732773,-524,684441,684.441,"Kette 2",8,11,-30.1955713035217,2026-07-16 15:13:17,NA,"07-16 15:13"
15,2851680,-30.0831402530075,2854308,-30.1070711870532,-511,684814,684.814,"Kette 2",10,12,-30.0951057200303,2026-07-16 15:13:17,NA,"07-16 15:13"
16,NA,NA,NA,NA,-506,684992,684.992,"Kette 2",13,13,NA,2026-07-16 15:13:17,NA,"07-16 15:13"
17,2894383,-30.4698158914175,2893047,-30.4577882005187,-525,685758,685.758,"Kette 2",16,20,-30.4638020459681,2026-07-16 15:13:17,NA,"07-16 15:13"
18,2923925,-30.7346459026967,2921504,-30.713023474812,-530,685879,685.879,"Kette 2",21,21,-30.7238346887544,2026-07-16 15:13:17,NA,"07-16 15:13"
19,2947457,-30.9440749338136,2947078,-30.9407124851565,-522,686463,686.463,"Kette 2",26,22,-30.942393709485,2026-07-16 15:13:17,NA,"07-16 15:13"
20,2964128,-31.0916399563372,2967052,-31.1174541915187,-543,686491,686.491,"Kette 2",30,24,-31.104547073928,2026-07-16 15:13:17,NA,"07-16 15:13"
1,1805850,-18.5782109674057,1809958,-18.6342539264809,-521,688360,688.36,"Kette 1",1,34,-18.6062324469433,2026-07-17 15:13:17,NA,"07-17 15:13"
2,2653951,-28.2285369883172,2654302,-28.2319291687035,-515,688272,688.272,"Kette 1",3,1,-28.2302330785104,2026-07-17 15:13:17,NA,"07-17 15:13"
3,2885571,-30.3904011206311,2882741,-30.3648554931596,-516,688221,688.221,"Kette 1",5,3,-30.3776283068953,2026-07-17 15:13:17,NA,"07-17 15:13"
4,2870825,-30.257071181704,2871732,-30.2652879638306,-521,688591,688.591,"Kette 1",8,5,-30.2611795727673,2026-07-17 15:13:17,NA,"07-17 15:13"
5,2862679,-30.1831801712908,2860008,-30.158915037907,-516,688613,688.613,"Kette 1",10,6,-30.1710476045989,2026-07-17 15:13:17,NA,"07-17 15:13"
6,2867475,-30.2267043876496,2858008,-30.1407337281701,-525,688911,688.911,"Kette 1",13,7,-30.1837190579098,2026-07-17 15:13:17,NA,"07-17 15:13"
7,2892521,-30.4530515242383,2898044,-30.5027521932415,-513,689408,689.408,"Kette 1",16,8,-30.4779018587399,2026-07-17 15:13:17,NA,"07-17 15:13"
8,2932760,-30.8134320741338,2938171,-30.861591364143,-531,689798,689.798,"Kette 1",21,15,-30.8375117191384,2026-07-17 15:13:17,NA,"07-17 15:13"
9,2948360,-30.9520848722219,2953465,-30.9973314771946,-519,690547,690.547,"Kette 1",26,16,-30.9747081747083,2026-07-17 15:13:17,NA,"07-17 15:13"
10,2963521,-31.0862785918368,2959196,-31.0480525633745,-553,690962,690.962,"Kette 1",30,17,-31.0671655776056,2026-07-17 15:13:17,NA,"07-17 15:13"
11,1793931,-18.41492012627,1797363,-18.4620439877712,-495,688280,688.28,"Kette 2",1,33,-18.4384820570206,2026-07-17 15:13:17,NA,"07-17 15:13"
12,2586793,-27.5724496980619,2591618,-27.6200628810092,-543,688275,688.275,"Kette 2",3,4,-27.5962562895356,2026-07-17 15:13:17,NA,"07-17 15:13"
13,2866530,-30.2181330593697,2869968,-30.249305441701,-537,688433,688.433,"Kette 2",5,10,-30.2337192505353,2026-07-17 15:13:17,NA,"07-17 15:13"
14,2863975,-30.1949473088312,2866691,-30.2195935207976,-525,688520,688.52,"Kette 2",8,11,-30.2072704148144,2026-07-17 15:13:17,NA,"07-17 15:13"
15,2852958,-30.0947801255556,2855555,-30.1184203111871,-521,688895,688.895,"Kette 2",10,12,-30.1066002183714,2026-07-17 15:13:17,NA,"07-17 15:13"
16,NA,NA,NA,NA,-503,689076,689.076,"Kette 2",13,13,NA,2026-07-17 15:13:17,NA,"07-17 15:13"
17,2894771,-30.4733081284698,2893442,-30.4613447558364,-521,689838,689.838,"Kette 2",16,20,-30.4673264421531,2026-07-17 15:13:17,NA,"07-17 15:13"
18,2923967,-30.7350208868551,2921534,-30.7132914982269,-535,689966,689.966,"Kette 2",21,21,-30.724156192541,2026-07-17 15:13:17,NA,"07-17 15:13"
19,2947372,-30.9433208525182,2946986,-30.9398962188886,-523,690554,690.554,"Kette 2",26,22,-30.9416085357034,2026-07-17 15:13:17,NA,"07-17 15:13"
20,2964137,-31.0917194428442,2967042,-31.1173659418654,-533,690582,690.582,"Kette 2",30,24,-31.1045426923548,2026-07-17 15:13:17,NA,"07-17 15:13"
1,1812807,-18.6730503536358,1816953,-18.7294056844613,-513,682873,682.873,"Kette 1",1,34,-18.7012280190486,2026-07-18 15:13:17,NA,"07-18 15:13"
2,2652626,-28.2157283611025,2652889,-28.2182711790464,-518,682788,682.788,"Kette 1",3,1,-28.2169997700745,2026-07-18 15:13:17,NA,"07-18 15:13"
3,2883588,-30.3725032414714,2880796,-30.3472868204163,-511,682740,682.74,"Kette 1",5,3,-30.3598950309438,2026-07-18 15:13:17,NA,"07-18 15:13"
4,2871755,-30.2654963004636,2872646,-30.2735660457177,-518,683108,683.108,"Kette 1",8,5,-30.2695311730906,2026-07-18 15:13:17,NA,"07-18 15:13"
5,2863167,-30.1876115116293,2860503,-30.163413326715,-519,683126,683.126,"Kette 1",10,6,-30.1755124191721,2026-07-18 15:13:17,NA,"07-18 15:13"
6,2867340,-30.2254800516804,2857892,-30.1396788968993,-515,683429,683.429,"Kette 1",13,7,-30.1825794742899,2026-07-18 15:13:17,NA,"07-18 15:13"
7,2891531,-30.4441346113822,2897038,-30.493705009556,-523,683917,683.917,"Kette 1",16,8,-30.4689198104691,2026-07-18 15:13:17,NA,"07-18 15:13"
8,2932068,-30.8072679937561,2937451,-30.8551872540735,-535,684297,684.297,"Kette 1",21,15,-30.8312276239148,2026-07-18 15:13:17,NA,"07-18 15:13"
9,2948094,-30.9497255579781,2953185,-30.9948513926785,-546,685045,685.045,"Kette 1",26,16,-30.9722884753283,2026-07-18 15:13:17,NA,"07-18 15:13"
10,2963486,-31.0859694256855,2959175,-31.0478668492524,-553,685459,685.459,"Kette 1",30,17,-31.0669181374689,2026-07-18 15:13:17,NA,"07-18 15:13"
11,1798658,-18.479803086231,1802127,-18.5273158044569,-486,682800,682.8,"Kette 2",1,33,-18.5035594453439,2026-07-18 15:13:17,NA,"07-18 15:13"
12,2581288,-27.5180342906778,2586099,-27.5655951081556,-529,682796,682.796,"Kette 2",3,4,-27.5418146994167,2026-07-18 15:13:17,NA,"07-18 15:13"
13,2864688,-30.2014192180628,2868138,-30.2327165629783,-528,682951,682.951,"Kette 2",5,10,-30.2170678905206,2026-07-18 15:13:17,NA,"07-18 15:13"
14,2865070,-30.2048861017488,2867799,-30.2296426043216,-523,683035,683.035,"Kette 2",8,11,-30.2172643530352,2026-07-18 15:13:17,NA,"07-18 15:13"
15,2854071,-30.1049137631172,2856659,-30.1284646293599,-515,683407,683.407,"Kette 2",10,12,-30.1166891962386,2026-07-18 15:13:17,NA,"07-18 15:13"
16,NA,NA,NA,NA,-518,683581,683.581,"Kette 2",13,13,NA,2026-07-18 15:13:17,NA,"07-18 15:13"
17,2895123,-30.47647601861,2893781,-30.4643967799368,-531,684338,684.338,"Kette 2",16,20,-30.4704363992734,2026-07-18 15:13:17,NA,"07-18 15:13"
18,2923984,-30.7351726649353,2921580,-30.7137024631958,-535,684465,684.465,"Kette 2",21,21,-30.7244375640656,2026-07-18 15:13:17,NA,"07-18 15:13"
19,2947325,-30.9429038825018,2946933,-30.9394259693474,-525,685049,685.049,"Kette 2",26,22,-30.9411649259246,2026-07-18 15:13:17,NA,"07-18 15:13"
20,2964166,-31.0919755647334,2967061,-31.1175336160053,-540,685077,685.077,"Kette 2",30,24,-31.1047545903694,2026-07-18 15:13:17,NA,"07-18 15:13"
1,1809562,-18.6288567923807,1813708,-18.6853077510526,-523,681927,681.927,"Kette 1",1,34,-18.6570822717167,2026-07-19 15:13:17,NA,"07-19 15:13"
2,2645942,-28.1510330141127,2646259,-28.1541043937191,-524,681844,681.844,"Kette 1",3,1,-28.1525687039159,2026-07-19 15:13:17,NA,"07-19 15:13"
3,2881699,-30.3554445677395,2878919,-30.3303233234188,-515,681790,681.79,"Kette 1",5,3,-30.3428839455791,2026-07-19 15:13:17,NA,"07-19 15:13"
4,2871776,-30.2656865196932,2872695,-30.2740097779132,-516,682160,682.16,"Kette 1",8,5,-30.2698481488032,2026-07-19 15:13:17,NA,"07-19 15:13"
5,2863941,-30.194638657961,2861279,-30.1704639246319,-542,682178,682.178,"Kette 1",10,6,-30.1825512912964,2026-07-19 15:13:17,NA,"07-19 15:13"
6,2868120,-30.2325533513003,2858659,-30.1466528723642,-523,682479,682.479,"Kette 1",13,7,-30.1896031118322,2026-07-19 15:13:17,NA,"07-19 15:13"
7,2892701,-30.4546725178887,2898217,-30.5043077672465,-522,682973,682.973,"Kette 1",16,8,-30.4794901425676,2026-07-19 15:13:17,NA,"07-19 15:13"
8,2932851,-30.8142425823075,2938260,-30.862382896565,-523,683352,683.352,"Kette 1",21,15,-30.8383127394362,2026-07-19 15:13:17,NA,"07-19 15:13"
9,2948512,-30.9534329758806,2953608,-30.9985980198119,-539,684100,684.1,"Kette 1",26,16,-30.9760154978463,2026-07-19 15:13:17,NA,"07-19 15:13"
10,2963722,-31.08805403289,2959387,-31.0497416295758,-564,684514,684.514,"Kette 1",30,17,-31.0688978312329,2026-07-19 15:13:17,NA,"07-19 15:13"
11,1800424,-18.5040017363852,1803941,-18.5521264839091,-487,681856,681.856,"Kette 2",1,33,-18.5280641101471,2026-07-19 15:13:17,NA,"07-19 15:13"
12,2575487,-27.4605864264409,2580296,-27.5082181856828,-556,681850,681.85,"Kette 2",3,4,-27.4844023060619,2026-07-19 15:13:17,NA,"07-19 15:13"
13,2862515,-30.1816908134654,2865955,-30.2129165854977,-526,682008,682.008,"Kette 2",5,10,-30.1973036994816,2026-07-19 15:13:17,NA,"07-19 15:13"
14,2865987,-30.213206915793,2868692,-30.2377394518736,-516,682093,682.093,"Kette 2",8,11,-30.2254731838333,2026-07-19 15:13:17,NA,"07-19 15:13"
15,2855098,-30.1142615544254,2857677,-30.1377237302245,-486,682468,682.468,"Kette 2",10,12,-30.1259926423249,2026-07-19 15:13:17,NA,"07-19 15:13"
16,NA,NA,NA,NA,-518,682643,682.643,"Kette 2",13,13,NA,2026-07-19 15:13:17,NA,"07-19 15:13"
17,2895408,-30.479040703268,2894058,-30.4668904037233,-512,683395,683.395,"Kette 2",16,20,-30.4729655534957,2026-07-19 15:13:17,NA,"07-19 15:13"
18,2924017,-30.7354672909633,2921555,-30.7134791133101,-520,683525,683.525,"Kette 2",21,21,-30.7244732021367,2026-07-19 15:13:17,NA,"07-19 15:13"
19,2947238,-30.9421320304468,2946860,-30.9387782561474,-525,684108,684.108,"Kette 2",26,22,-30.9404551432971,2026-07-19 15:13:17,NA,"07-19 15:13"
20,2964145,-31.0917900973567,2967061,-31.1175336160053,-534,684134,684.134,"Kette 2",30,24,-31.104661856681,2026-07-19 15:13:17,NA,"07-19 15:13"
1,1794569,-18.4236868052886,1798699,-18.4803651451754,-513,684205,684.205,"Kette 1",1,34,-18.452025975232,2026-07-20 15:13:17,NA,"07-20 15:13"
2,2570975,-27.4158276859082,2570987,-27.415946813539,-507,684136,684.136,"Kette 1",3,1,-27.4158872497236,2026-07-20 15:13:17,NA,"07-20 15:13"
3,2856820,-30.1299291636474,2853989,-30.1041672789155,-529,684078,684.078,"Kette 1",5,3,-30.1170482212815,2026-07-20 15:13:17,NA,"07-20 15:13"
4,2875150,-30.2962338649195,2876028,-30.3041783208131,-509,684443,684.443,"Kette 1",8,5,-30.3002060928663,2026-07-20 15:13:17,NA,"07-20 15:13"
5,2864813,-30.2025537105885,2862171,-30.1785665708293,-530,684461,684.461,"Kette 1",10,6,-30.1905601407089,2026-07-20 15:13:17,NA,"07-20 15:13"
6,2865740,-30.210965861012,2856367,-30.1258082851739,-515,684761,684.761,"Kette 1",13,7,-30.1683870730929,2026-07-20 15:13:17,NA,"07-20 15:13"
7,2886653,-30.4001627135584,2892083,-30.4491067680736,-520,685257,685.257,"Kette 1",16,8,-30.424634740816,2026-07-20 15:13:17,NA,"07-20 15:13"
8,2928547,-30.7758862576027,2933854,-30.8231746585814,-524,685636,685.636,"Kette 1",21,15,-30.799530458092,2026-07-20 15:13:17,NA,"07-20 15:13"
9,2946577,-30.936267137884,2951635,-30.9811189765156,-544,686387,686.387,"Kette 1",26,16,-30.9586930571998,2026-07-20 15:13:17,NA,"07-20 15:13"
10,2962926,-31.0810223739132,2958592,-31.0427106543454,-560,686798,686.798,"Kette 1",30,17,-31.0618665141293,2026-07-20 15:13:17,NA,"07-20 15:13"
11,1799863,-18.4963170649227,1803422,-18.5450303666535,-490,684137,684.137,"Kette 2",1,33,-18.5206737157881,2026-07-20 15:13:17,NA,"07-20 15:13"
12,2569583,-27.4020056748014,2574386,-27.4496707231724,-532,684137,684.137,"Kette 2",3,4,-27.4258381989869,2026-07-20 15:13:17,NA,"07-20 15:13"
13,2860084,-30.1596057251232,2863537,-30.1909709330373,-530,684279,684.279,"Kette 2",5,10,-30.1752883290802,2026-07-20 15:13:17,NA,"07-20 15:13"
14,2866725,-30.2199019327621,2869439,-30.2445109538118,-540,684377,684.377,"Kette 2",8,11,-30.232206443287,2026-07-20 15:13:17,NA,"07-20 15:13"
15,2855958,-30.1220872149058,2858533,-30.1455073165433,-536,684748,684.748,"Kette 2",10,12,-30.1337972657245,2026-07-20 15:13:17,NA,"07-20 15:13"
16,NA,NA,NA,NA,-519,684928,684.928,"Kette 2",13,13,NA,2026-07-20 15:13:17,NA,"07-20 15:13"
17,2895620,-30.4809483373353,2894277,-30.4688617613231,-529,685682,685.682,"Kette 2",16,20,-30.4749050493292,2026-07-20 15:13:17,NA,"07-20 15:13"
18,2923970,-30.7350476712734,2921549,-30.7134255091105,-537,685813,685.813,"Kette 2",21,21,-30.724236590192,2026-07-20 15:13:17,NA,"07-20 15:13"
19,2947142,-30.94128031062,2946756,-30.9378554646383,-522,686399,686.399,"Kette 2",26,22,-30.9395678876292,2026-07-20 15:13:17,NA,"07-20 15:13"
20,2964154,-31.0918695835027,2967052,-31.1174541915187,-536,686430,686.43,"Kette 2",30,24,-31.1046618875107,2026-07-20 15:13:17,NA,"07-20 15:13"
1,1790718,-18.3707256325604,1794894,-18.4281514522495,-521,684415,684.415,"Kette 1",1,34,-18.3994385424049,2026-07-21 15:13:17,NA,"07-21 15:13"
2,2631300,-28.0088304520929,2631815,-28.0138433793371,-505,684333,684.333,"Kette 1",3,1,-28.011336915715,2026-07-21 15:13:17,NA,"07-21 15:13"
3,2876952,-30.3125368923077,2874158,-30.2872555453895,-513,684278,684.278,"Kette 1",5,3,-30.2998962188486,2026-07-21 15:13:17,NA,"07-21 15:13"
4,2872160,-30.2691646165517,2873063,-30.2773421023981,-526,684648,684.648,"Kette 1",8,5,-30.2732533594749,2026-07-21 15:13:17,NA,"07-21 15:13"
5,2864975,-30.2040239534782,2862311,-30.1798381015022,-513,684665,684.665,"Kette 1",10,6,-30.1919310274902,2026-07-21 15:13:17,NA,"07-21 15:13"
6,2868848,-30.2391536982283,2859363,-30.1530526877516,-510,684969,684.969,"Kette 1",13,7,-30.1961031929899,2026-07-21 15:13:17,NA,"07-21 15:13"
7,2893432,-30.4612547212693,2899002,-30.5113653614007,-510,685462,685.462,"Kette 1",16,8,-30.486310041335,2026-07-21 15:13:17,NA,"07-21 15:13"
8,2933220,-30.8175289431076,2938647,-30.865824506707,-526,685837,685.837,"Kette 1",21,15,-30.8416767249073,2026-07-21 15:13:17,NA,"07-21 15:13"
9,2948808,-30.9560580719717,2953904,-31.0012195198717,-543,686585,686.585,"Kette 1",26,16,-30.9786387959217,2026-07-21 15:13:17,NA,"07-21 15:13"
10,2963918,-31.089785216914,2959597,-31.0515986183462,-559,687002,687.002,"Kette 1",30,17,-31.0706919176301,2026-07-21 15:13:17,NA,"07-21 15:13"
11,1796618,-18.4518218589924,1800204,-18.5009884105893,-494,684334,684.334,"Kette 2",1,33,-18.4764051347908,2026-07-21 15:13:17,NA,"07-21 15:13"
12,2563647,-27.3429920254165,2568446,-27.3907109927064,-531,684326,684.326,"Kette 2",3,4,-27.3668515090614,2026-07-21 15:13:17,NA,"07-21 15:13"
13,2857495,-30.1360685660124,2860947,-30.1674476207136,-539,684475,684.475,"Kette 2",5,10,-30.151758093363,2026-07-21 15:13:17,NA,"07-21 15:13"
14,2867366,-30.2257158533336,2870087,-30.250383876738,-532,684574,684.574,"Kette 2",8,11,-30.2380498650358,2026-07-21 15:13:17,NA,"07-21 15:13"
15,2856775,-30.1295198284816,2859353,-30.1529617901944,-523,684942,684.942,"Kette 2",10,12,-30.141240809338,2026-07-21 15:13:17,NA,"07-21 15:13"
16,NA,NA,NA,NA,-517,685118,685.118,"Kette 2",13,13,NA,2026-07-21 15:13:17,NA,"07-21 15:13"
17,2895806,-30.4826219240038,2894463,-30.4705359710352,-529,685867,685.867,"Kette 2",16,20,-30.4765789475195,2026-07-21 15:13:17,NA,"07-21 15:13"
18,2923939,-30.7347708978938,2921518,-30.7131485526791,-530,686008,686.008,"Kette 2",21,21,-30.7239597252864,2026-07-21 15:13:17,NA,"07-21 15:13"
19,2947062,-30.9405705272599,2946685,-30.9372254671103,-535,686594,686.594,"Kette 2",26,22,-30.9388979971851,2026-07-21 15:13:17,NA,"07-21 15:13"
20,2964142,-31.0917636019322,2967041,-31.1173571168871,-553,686622,686.622,"Kette 2",30,24,-31.1045603594096,2026-07-21 15:13:17,NA,"07-21 15:13"
1,1784058,-18.2788775260584,1788273,-18.337044396292,-518,675266,675.266,"Kette 1",1,34,-18.3079609611752,2026-07-22 15:13:17,NA,"07-22 15:13"
2,2624951,-27.9469624107417,2625370,-27.9510492484272,-520,675185,675.185,"Kette 1",3,1,-27.9490058295844,2026-07-22 15:13:17,NA,"07-22 15:13"
3,2874709,-30.292242803133,2871996,-30.2676792251976,-518,675126,675.126,"Kette 1",5,3,-30.2799610141653,2026-07-22 15:13:17,NA,"07-22 15:13"
4,2872595,-30.273104195527,2873518,-30.281461756466,-495,675496,675.496,"Kette 1",8,5,-30.2772829759965,2026-07-22 15:13:17,NA,"07-22 15:13"
5,2865658,-30.2102218326637,2862990,-30.1860043131586,-528,675507,675.507,"Kette 1",10,6,-30.1981130729112,2026-07-22 15:13:17,NA,"07-22 15:13"
6,2869277,-30.2430425560198,2859778,-30.1568247099683,-535,675809,675.809,"Kette 1",13,7,-30.199933632994,2026-07-22 15:13:17,NA,"07-22 15:13"
7,2893541,-30.4622360845759,2899089,-30.5121474463008,-539,676293,676.293,"Kette 1",16,8,-30.4871917654383,2026-07-22 15:13:17,NA,"07-22 15:13"
8,2933334,-30.8185441749755,2938756,-30.8667937839986,-531,676662,676.662,"Kette 1",21,15,-30.8426689794871,2026-07-22 15:13:17,NA,"07-22 15:13"
9,2948938,-30.9572109196534,2954045,-31.0024682016762,-544,677402,677.402,"Kette 1",26,16,-30.9798395606648,2026-07-22 15:13:17,NA,"07-22 15:13"
10,2964029,-31.090765592146,2959718,-31.0526685501675,-563,677811,677.811,"Kette 1",30,17,-31.0717170711568,2026-07-22 15:13:17,NA,"07-22 15:13"
11,1791455,-18.380869647473,1795140,-18.4315303361565,-475,675185,675.185,"Kette 2",1,33,-18.4061999918148,2026-07-22 15:13:17,NA,"07-22 15:13"
12,2557921,-27.2859559219886,2562726,-27.3338253561331,-539,675176,675.176,"Kette 2",3,4,-27.3098906390609,2026-07-22 15:13:17,NA,"07-22 15:13"
13,2854850,-30.1120044983904,2858310,-30.1434797645891,-538,675320,675.32,"Kette 2",5,10,-30.1277421314897,2026-07-22 15:13:17,NA,"07-22 15:13"
14,2867967,-30.2311660186862,2870696,-30.2559023624857,-540,675415,675.415,"Kette 2",8,11,-30.243534190586,2026-07-22 15:13:17,NA,"07-22 15:13"
15,2857605,-30.1370689501692,2860172,-30.1604054496987,-537,675774,675.774,"Kette 2",10,12,-30.1487371999339,2026-07-22 15:13:17,NA,"07-22 15:13"
16,NA,NA,NA,NA,-530,675946,675.946,"Kette 2",13,13,NA,2026-07-22 15:13:17,NA,"07-22 15:13"
17,2896018,-30.4845293477357,2894659,-30.4723000986062,-526,676700,676.7,"Kette 2",16,20,-30.4784147231709,2026-07-22 15:13:17,NA,"07-22 15:13"
18,2923938,-30.7347619696812,2921507,-30.7130502772523,-533,676826,676.826,"Kette 2",21,21,-30.7239061234667,2026-07-22 15:13:17,NA,"07-22 15:13"
19,2947007,-30.9400825423199,2946612,-30.9365777105974,-533,677407,677.407,"Kette 2",26,22,-30.9383301264587,2026-07-22 15:13:17,NA,"07-22 15:13"
20,2964160,-31.0919225741605,2967066,-31.1175777406378,-549,677433,677.433,"Kette 2",30,24,-31.1047501573991,2026-07-22 15:13:17,NA,"07-22 15:13"
1,1774804,-18.1507127648595,1779027,-18.2092785609527,-522,676654,676.654,"Kette 1",1,34,-18.1799956629061,2026-07-23 15:13:17,NA,"07-23 15:13"
2,2596332,-27.6665083072255,2596862,-27.671725753398,-507,676580,676.58,"Kette 1",3,1,-27.6691170303117,2026-07-23 15:13:17,NA,"07-23 15:13"
3,2866363,-30.2166181008958,2863800,-30.1933586330855,-517,676518,676.518,"Kette 1",5,3,-30.2049883669906,2026-07-23 15:13:17,NA,"07-23 15:13"
4,2873841,-30.2843859392216,2874742,-30.2925414710831,-516,676888,676.888,"Kette 1",8,5,-30.2884637051523,2026-07-23 15:13:17,NA,"07-23 15:13"
5,2865784,-30.2113650886548,2863105,-30.1870485472795,-542,676899,676.899,"Kette 1",10,6,-30.1992068179672,2026-07-23 15:13:17,NA,"07-23 15:13"
6,2867879,-30.2303680487088,2858445,-30.1447072216184,-534,677200,677.2,"Kette 1",13,7,-30.1875376351636,2026-07-23 15:13:17,NA,"07-23 15:13"
7,2890691,-30.4365668235121,2896225,-30.4863916769799,-529,677689,677.689,"Kette 1",16,8,-30.461479250246,2026-07-23 15:13:17,NA,"07-23 15:13"
8,2931106,-30.7986969270347,2936484,-30.8465842122707,-563,678055,678.055,"Kette 1",21,15,-30.8226405696527,2026-07-23 15:13:17,NA,"07-23 15:13"
9,2947906,-30.9480579707328,2953017,-30.9933632523995,-529,678801,678.801,"Kette 1",26,16,-30.9707106115661,2026-07-23 15:13:17,NA,"07-23 15:13"
10,2963536,-31.0864110907308,2959244,-31.0484770488737,-551,679213,679.213,"Kette 1",30,17,-31.0674440698022,2026-07-23 15:13:17,NA,"07-23 15:13"
11,1783209,-18.2671455447349,1786909,-18.3182355147152,-475,676575,676.575,"Kette 2",1,33,-18.2926905297251,2026-07-23 15:13:17,NA,"07-23 15:13"
12,2551977,-27.2266332704129,2556741,-27.2741885625601,-529,676564,676.564,"Kette 2",3,4,-27.2504109164865,2026-07-23 15:13:17,NA,"07-23 15:13"
13,2851975,-30.0858274525184,2855429,-30.1172737492552,-543,676712,676.712,"Kette 2",5,10,-30.1015506008868,2026-07-23 15:13:17,NA,"07-23 15:13"
14,2868423,-30.2353006378165,2871139,-30.2599160376198,-528,676804,676.804,"Kette 2",8,11,-30.2476083377181,2026-07-23 15:13:17,NA,"07-23 15:13"
15,2858317,-30.1435434116604,2860897,-30.1669933335882,-535,677173,677.173,"Kette 2",10,12,-30.1552683726243,2026-07-23 15:13:17,NA,"07-23 15:13"
16,NA,NA,NA,NA,-520,677344,677.344,"Kette 2",13,13,NA,2026-07-23 15:13:17,NA,"07-23 15:13"
17,2896143,-30.4856539554614,2894796,-30.4735331308635,-525,678093,678.093,"Kette 2",16,20,-30.4795935431624,2026-07-23 15:13:17,NA,"07-23 15:13"
18,2923886,-30.7342976992722,2921454,-30.7125767642373,-536,678221,678.221,"Kette 2",21,21,-30.7234372317548,2026-07-23 15:13:17,NA,"07-23 15:13"
19,2946928,-30.9393816058362,2946523,-30.9357879628049,-525,678800,678.8,"Kette 2",26,22,-30.9375847843205,2026-07-23 15:13:17,NA,"07-23 15:13"
20,2964164,-31.0919579012186,2967043,-31.1173747668413,-540,678831,678.831,"Kette 2",30,24,-31.10466633403,2026-07-23 15:13:17,NA,"07-23 15:13"
1,1766054,-18.0289417429022,1770281,-18.0878391627465,-517,675335,675.335,"Kette 1",1,34,-18.0583904528244,2026-07-24 15:13:17,NA,"07-24 15:13"
2,2592187,-27.6256728347088,2592334,-27.6271219854989,-522,675260,675.26,"Kette 1",3,1,-27.6263974101039,2026-07-24 15:13:17,NA,"07-24 15:13"
3,2865643,-30.2100857280589,2862892,-30.1851144173628,-522,675200,675.2,"Kette 1",5,3,-30.1976000727108,2026-07-24 15:13:17,NA,"07-24 15:13"
4,2873509,-30.2813802738978,2874394,-30.2893917427988,-528,675570,675.57,"Kette 1",8,5,-30.2853860083483,2026-07-24 15:13:17,NA,"07-24 15:13"
5,2866240,-30.2155022476254,2863559,-30.1911706713832,-544,675579,675.579,"Kette 1",10,6,-30.2033364595043,2026-07-24 15:13:17,NA,"07-24 15:13"
6,2868762,-30.2383740572663,2859324,-30.1526981858265,-549,675883,675.883,"Kette 1",13,7,-30.1955361215464,2026-07-24 15:13:17,NA,"07-24 15:13"
7,2891964,-30.4480349364002,2897457,-30.4974734766678,-530,676369,676.369,"Kette 1",16,8,-30.472754206534,2026-07-24 15:13:17,NA,"07-24 15:13"
8,2932375,-30.8100027793776,2937752,-30.8578646798227,-535,676731,676.731,"Kette 1",21,15,-30.8339337296001,2026-07-24 15:13:17,NA,"07-24 15:13"
9,2948553,-30.9537965996516,2953634,-30.9988282950601,-542,677476,677.476,"Kette 1",26,16,-30.9763124473559,2026-07-24 15:13:17,NA,"07-24 15:13"
10,2963947,-31.0900413537894,2959623,-31.051828523976,-554,677888,677.888,"Kette 1",30,17,-31.0709349388827,2026-07-24 15:13:17,NA,"07-24 15:13"
11,1773576,-18.13365760767,1777393,-18.1866334810338,-470,675263,675.263,"Kette 2",1,33,-18.1601455443519,2026-07-24 15:13:17,NA,"07-24 15:13"
12,2546099,-27.1678534385722,2550876,-27.2156320906454,-536,675249,675.249,"Kette 2",3,4,-27.1917427646088,2026-07-24 15:13:17,NA,"07-24 15:13"
13,2849038,-30.0590638453936,2852512,-30.0907184895212,-531,675393,675.393,"Kette 2",5,10,-30.0748911674574,2026-07-24 15:13:17,NA,"07-24 15:13"
14,2868805,-30.2387638801029,2871531,-30.2634672255957,-539,675484,675.484,"Kette 2",8,11,-30.2511155528493,2026-07-24 15:13:17,NA,"07-24 15:13"
15,2858977,-30.1495438556966,2861562,-30.1730348280702,-537,675853,675.853,"Kette 2",10,12,-30.1612893418834,2026-07-24 15:13:17,NA,"07-24 15:13"
16,NA,NA,NA,NA,-521,676021,676.021,"Kette 2",13,13,NA,2026-07-24 15:13:17,NA,"07-24 15:13"
17,2896253,-30.4866435780512,2894929,-30.4747301173868,-522,676771,676.771,"Kette 2",16,20,-30.480686847719,2026-07-24 15:13:17,NA,"07-24 15:13"
18,2923853,-30.7340030627105,2921413,-30.7122104570113,-544,676899,676.899,"Kette 2",21,21,-30.7231067598609,2026-07-24 15:13:17,NA,"07-24 15:13"
19,2946845,-30.9386451628151,2946448,-30.9351224302857,-535,677475,677.475,"Kette 2",26,22,-30.9368837965504,2026-07-24 15:13:17,NA,"07-24 15:13"
20,2964158,-31.0919049106174,2967039,-31.1173394669235,-542,677504,677.504,"Kette 2",30,24,-31.1046221887704,2026-07-24 15:13:17,NA,"07-24 15:13"
1,1758609,-17.9248784212589,1762782,-17.9832586151107,-525,676577,676.577,"Kette 1",1,34,-17.9540685181848,2026-07-25 15:13:17,NA,"07-25 15:13"
2,2516985,-26.8749946192833,2517023,-26.8753787472785,-522,676522,676.522,"Kette 1",3,1,-26.8751866832809,2026-07-25 15:13:17,NA,"07-25 15:13"
3,2810295,-29.7039043618508,2807649,-29.6795033756995,-515,676460,676.46,"Kette 1",5,3,-29.6917038687751,2026-07-25 15:13:17,NA,"07-25 15:13"
4,2872702,-30.2740731677291,2873653,-30.2826839703183,-529,676816,676.816,"Kette 1",8,5,-30.2783785690237,2026-07-25 15:13:17,NA,"07-25 15:13"
5,2866873,-30.2212443975294,2864196,-30.196953467414,-528,676825,676.825,"Kette 1",10,6,-30.2090989324717,2026-07-25 15:13:17,NA,"07-25 15:13"
6,2866580,-30.2185866259025,2857227,-30.133631136171,-530,677126,677.126,"Kette 1",13,7,-30.1761088810367,2026-07-25 15:13:17,NA,"07-25 15:13"
7,2882690,-30.3643949453269,2888055,-30.4128069117132,-535,677622,677.622,"Kette 1",16,8,-30.3886009285201,2026-07-25 15:13:17,NA,"07-25 15:13"
8,2920711,-30.7059379256797,2925840,-30.7517390269732,-540,677981,677.981,"Kette 1",21,15,-30.7288384763265,2026-07-25 15:13:17,NA,"07-25 15:13"
9,2942155,-30.8970048863803,2947100,-30.9409076762647,-533,678728,678.728,"Kette 1",26,16,-30.9189562813225,2026-07-25 15:13:17,NA,"07-25 15:13"
10,2960233,-31.0572220044791,2955877,-31.0186879124447,-568,679137,679.137,"Kette 1",30,17,-31.0379549584619,2026-07-25 15:13:17,NA,"07-25 15:13"
11,1764271,-18.0040578024837,1768091,-18.0573412783778,-477,676512,676.512,"Kette 2",1,33,-18.0306995404307,2026-07-25 15:13:17,NA,"07-25 15:13"
12,2540201,-27.1087571778077,2544985,-27.1567004318838,-545,676498,676.498,"Kette 2",3,4,-27.1327288048458,2026-07-25 15:13:17,NA,"07-25 15:13"
13,2846000,-30.031356367043,2849475,-30.0630474500049,-538,676643,676.643,"Kette 2",5,10,-30.047201908524,2026-07-25 15:13:17,NA,"07-25 15:13"
14,2869105,-30.2414834432302,2871844,-30.266302459984,-544,676730,676.73,"Kette 2",8,11,-30.2538929516071,2026-07-25 15:13:17,NA,"07-25 15:13"
15,2859604,-30.155243241226,2862177,-30.1786210660308,-542,677097,677.097,"Kette 2",10,12,-30.1669321536284,2026-07-25 15:13:17,NA,"07-25 15:13"
16,NA,NA,NA,NA,-539,677265,677.265,"Kette 2",13,13,NA,2026-07-25 15:13:17,NA,"07-25 15:13"
17,2896362,-30.4876241743319,2895022,-30.4755670817491,-540,678016,678.016,"Kette 2",16,20,-30.4815956280405,2026-07-25 15:13:17,NA,"07-25 15:13"
18,2923788,-30.7334227102062,2921342,-30.7115761103997,-533,678146,678.146,"Kette 2",21,21,-30.722499410303,2026-07-25 15:13:17,NA,"07-25 15:13"
19,2946755,-30.9378465915173,2946359,-30.9343326475649,-529,678721,678.721,"Kette 2",26,22,-30.9360896195411,2026-07-25 15:13:17,NA,"07-25 15:13"
20,2964135,-31.0917017791926,2967025,-31.1172159169145,-550,678749,678.749,"Kette 2",30,24,-31.1044588480536,2026-07-25 15:13:17,NA,"07-25 15:13"
1,1760158,-17.9465643063022,1764297,-18.0044208363967,-521,680916,680.916,"Kette 1",1,34,-17.9754925713494,2026-07-26 15:13:17,NA,"07-26 15:13"
2,2597126,-27.6743242962521,2597728,-27.6802489260932,-513,680849,680.849,"Kette 1",3,1,-27.6772866111727,2026-07-26 15:13:17,NA,"07-26 15:13"
3,2857738,-30.1382784640081,2855224,-30.1154082237962,-514,680794,680.794,"Kette 1",5,3,-30.1268433439021,2026-07-26 15:13:17,NA,"07-26 15:13"
4,2874088,-30.2866219003457,2874999,-30.2948673663919,-532,681162,681.162,"Kette 1",8,5,-30.2907446333688,2026-07-26 15:13:17,NA,"07-26 15:13"
5,2867175,-30.2239835779147,2864510,-30.1998036317643,-540,681178,681.178,"Kette 1",10,6,-30.2118936048395,2026-07-26 15:13:17,NA,"07-26 15:13"
6,2868306,-30.2342398321449,2858890,-30.148752952106,-537,681475,681.475,"Kette 1",13,7,-30.1914963921255,2026-07-26 15:13:17,NA,"07-26 15:13"
7,2890068,-30.4309529068981,2895559,-30.4803994541097,-527,681964,681.964,"Kette 1",16,8,-30.4556761805039,2026-07-26 15:13:17,NA,"07-26 15:13"
8,2930353,-30.7919864093235,2935714,-30.8397321936002,-544,682325,682.325,"Kette 1",21,15,-30.8158593014618,2026-07-26 15:13:17,NA,"07-26 15:13"
9,2947581,-30.9451749743662,2952658,-30.9901830131493,-540,683072,683.072,"Kette 1",26,16,-30.9676789937578,2026-07-26 15:13:17,NA,"07-26 15:13"
10,2963448,-31.085633756304,2959121,-31.0473892938557,-564,683478,683.478,"Kette 1",30,17,-31.0665115250798,2026-07-26 15:13:17,NA,"07-26 15:13"
11,1757457,-17.9087386891919,1761353,-17.9632817837552,-466,680832,680.832,"Kette 2",1,33,-17.9360102364735,2026-07-26 15:13:17,NA,"07-26 15:13"
12,2534399,-27.0505084181787,2539162,-27.0983345688348,-527,680816,680.816,"Kette 2",3,4,-27.0744214935068,2026-07-26 15:13:17,NA,"07-26 15:13"
13,2842878,-30.0028578217226,2846355,-30.0345953094346,-532,680967,680.967,"Kette 2",5,10,-30.0187265655786,2026-07-26 15:13:17,NA,"07-26 15:13"
14,2869335,-30.2435682863671,2872058,-30.2682407836227,-534,681064,681.064,"Kette 2",8,11,-30.2559045349949,2026-07-26 15:13:17,NA,"07-26 15:13"
15,2860187,-30.1605417644054,2862774,-30.1840428775523,-534,681432,681.432,"Kette 2",10,12,-30.1722923209789,2026-07-26 15:13:17,NA,"07-26 15:13"
16,NA,NA,NA,NA,-529,681609,681.609,"Kette 2",13,13,NA,2026-07-26 15:13:17,NA,"07-26 15:13"
17,2896446,-30.4883798430122,2895091,-30.476188041368,-534,682360,682.36,"Kette 2",16,20,-30.4822839421901,2026-07-26 15:13:17,NA,"07-26 15:13"
18,2923739,-30.7329852068966,2921278,-30.7110042944549,-549,682492,682.492,"Kette 2",21,21,-30.7219947506757,2026-07-26 15:13:17,NA,"07-26 15:13"
19,2946675,-30.9371367340951,2946276,-30.9335960915402,-547,683076,683.076,"Kette 2",26,22,-30.9353664128176,2026-07-26 15:13:17,NA,"07-26 15:13"
20,2964123,-31.0915957970841,2966999,-31.1169864656738,-554,683099,683.099,"Kette 2",30,24,-31.104291131379,2026-07-26 15:13:17,NA,"07-26 15:13"
1,1752887,-17.8446125346773,1756902,-17.9009594340606,-521,686945,686.945,"Kette 1",1,34,-17.8727859843689,2026-07-27 15:13:17,NA,"07-27 15:13"
2,2571512,-27.4211581851835,2571866,-27.4246716286248,-515,686879,686.879,"Kette 1",3,1,-27.4229149069041,2026-07-27 15:13:17,NA,"07-27 15:13"
3,2852358,-30.0893159219237,2849813,-30.0661282513806,-521,686817,686.817,"Kette 1",5,3,-30.0777220866522,2026-07-27 15:13:17,NA,"07-27 15:13"
4,2873723,-30.2833176926247,2874630,-30.2915277989434,-527,687188,687.188,"Kette 1",8,5,-30.2874227457841,2026-07-27 15:13:17,NA,"07-27 15:13"
5,2867754,-30.229234534682,2865091,-30.2050766787801,-535,687199,687.199,"Kette 1",10,6,-30.217155606731,2026-07-27 15:13:17,NA,"07-27 15:13"
6,2869028,-30.2407854438996,2859580,-30.1550251015071,-517,687507,687.507,"Kette 1",13,7,-30.1979052727033,2026-07-27 15:13:17,NA,"07-27 15:13"
7,2891360,-30.4425941691061,2896871,-30.4922028972463,-518,687998,687.998,"Kette 1",16,8,-30.4673985331762,2026-07-27 15:13:17,NA,"07-27 15:13"
8,2931546,-30.8026174435694,2936936,-30.8506057699636,-536,688364,688.364,"Kette 1",21,15,-30.8266116067665,2026-07-27 15:13:17,NA,"07-27 15:13"
9,2948241,-30.951029410435,2953330,-30.9961357454538,-551,689120,689.12,"Kette 1",26,16,-30.9735825779444,2026-07-27 15:13:17,NA,"07-27 15:13"
10,2963754,-31.0883366813727,2959434,-31.0501572504199,-558,689540,689.54,"Kette 1",30,17,-31.0692469658963,2026-07-27 15:13:17,NA,"07-27 15:13"
11,1752956,-17.8455819272212,1756857,-17.9003285808876,-482,686873,686.873,"Kette 2",1,33,-17.8729552540544,2026-07-27 15:13:17,NA,"07-27 15:13"
12,2528435,-26.9905143992841,2533183,-27.0382860381404,-541,686853,686.853,"Kette 2",3,4,-27.0144002187123,2026-07-27 15:13:17,NA,"07-27 15:13"
13,2839688,-29.973712350695,2843184,-30.0056522010382,-549,686999,686.999,"Kette 2",5,10,-29.9896822758666,2026-07-27 15:13:17,NA,"07-27 15:13"
14,2869505,-30.2451091707882,2872225,-30.2697533198231,-538,687095,687.095,"Kette 2",8,11,-30.2574312453056,2026-07-27 15:13:17,NA,"07-27 15:13"
15,2860721,-30.1653941919038,2863314,-30.1889462426233,-545,687462,687.462,"Kette 2",10,12,-30.1771702172636,2026-07-27 15:13:17,NA,"07-27 15:13"
16,NA,NA,NA,NA,-521,687639,687.639,"Kette 2",13,13,NA,2026-07-27 15:13:17,NA,"07-27 15:13"
17,2896496,-30.4888296374521,2895144,-30.4766650022871,-539,688395,688.395,"Kette 2",16,20,-30.4827473198696,2026-07-27 15:13:17,NA,"07-27 15:13"
18,2923670,-30.732369120886,2921196,-30.7102716406583,-540,688537,688.537,"Kette 2",21,21,-30.7213203807721,2026-07-27 15:13:17,NA,"07-27 15:13"
19,2946597,-30.936444608365,2946199,-30.9329127657859,-536,689121,689.121,"Kette 2",26,22,-30.9346786870754,2026-07-27 15:13:17,NA,"07-27 15:13"
20,2964091,-31.0913131764672,2966971,-31.116739362558,-547,689137,689.137,"Kette 2",30,24,-31.1040262695126,2026-07-27 15:13:17,NA,"07-27 15:13"
1,1748828,-17.7875227589556,1752758,-17.8428000943797,-521,690239,690.239,"Kette 1",1,34,-17.8151614266677,2026-07-28 15:13:17,NA,"07-28 15:13"
2,2533220,-27.0386580101635,2533789,-27.0443777520729,-530,690183,690.183,"Kette 1",3,1,-27.0415178811182,2026-07-28 15:13:17,NA,"07-28 15:13"
3,2832968,-29.912228026868,2830710,-29.8915419997667,-528,690119,690.119,"Kette 1",5,3,-29.9018850133174,2026-07-28 15:13:17,NA,"07-28 15:13"
4,2874031,-30.2861059230559,2874937,-30.2943062707873,-538,690487,690.487,"Kette 1",8,5,-30.2902060969216,2026-07-28 15:13:17,NA,"07-28 15:13"
5,2868052,-30.2319367663954,2865382,-30.2077174159186,-531,690499,690.499,"Kette 1",10,6,-30.219827091157,2026-07-28 15:13:17,NA,"07-28 15:13"
6,2868242,-30.2336595476125,2858835,-30.148252945553,-532,690809,690.809,"Kette 1",13,7,-30.1909562465827,2026-07-28 15:13:17,NA,"07-28 15:13"
7,2888595,-30.4176756867641,2894085,-30.4671334542807,-527,691307,691.307,"Kette 1",16,8,-30.4424045705224,2026-07-28 15:13:17,NA,"07-28 15:13"
8,2928528,-30.7757168340919,2933857,-30.8232013710132,-536,691675,691.675,"Kette 1",21,15,-30.7994591025526,2026-07-28 15:13:17,NA,"07-28 15:13"
9,2946865,-30.9388226204719,2951940,-30.9838216138812,-532,692435,692.435,"Kette 1",26,16,-30.9613221171765,2026-07-28 15:13:17,NA,"07-28 15:13"
10,2963110,-31.0826479154635,2958789,-31.044453060724,-564,692849,692.849,"Kette 1",30,17,-31.0635504880938,2026-07-28 15:13:17,NA,"07-28 15:13"
11,1751204,-17.8209564984014,1755060,-17.8751239008788,-482,690177,690.177,"Kette 2",1,33,-17.8480401996401,2026-07-28 15:13:17,NA,"07-28 15:13"
12,2522395,-26.9296323930768,2527144,-26.9775118382152,-525,690160,690.16,"Kette 2",3,4,-26.953572115646,2026-07-28 15:13:17,NA,"07-28 15:13"
13,2836482,-29.9443939426289,2839969,-29.9762807758205,-543,690305,690.305,"Kette 2",5,10,-29.9603373592247,2026-07-28 15:13:17,NA,"07-28 15:13"
14,2869632,-30.2462602540654,2872362,-30.2709940900229,-543,690401,690.401,"Kette 2",8,11,-30.2586271720442,2026-07-28 15:13:17,NA,"07-28 15:13"
15,2861238,-30.1700914445632,2863815,-30.1934948083621,-546,690771,690.771,"Kette 2",10,12,-30.1817931264627,2026-07-28 15:13:17,NA,"07-28 15:13"
16,NA,NA,NA,NA,-529,690947,690.947,"Kette 2",13,13,NA,2026-07-28 15:13:17,NA,"07-28 15:13"
17,2896539,-30.4892164556891,2895204,-30.4772049495901,-524,691708,691.708,"Kette 2",16,20,-30.4832107026396,2026-07-28 15:13:17,NA,"07-28 15:13"
18,2923591,-30.7316637327998,2921141,-30.7097802173258,-542,691849,691.849,"Kette 2",21,21,-30.7207219750628,2026-07-28 15:13:17,NA,"07-28 15:13"
19,2946506,-30.935637109947,2946113,-30.9321495540112,-539,692438,692.438,"Kette 2",26,22,-30.9338933319791,2026-07-28 15:13:17,NA,"07-28 15:13"
20,2964076,-31.0911806972212,2966949,-31.116545208815,-556,692452,692.452,"Kette 2",30,24,-31.1038629530181,2026-07-28 15:13:17,NA,"07-28 15:13"
1,1746708,-17.7576546640133,1750563,-17.8119409746809,-525,691299,691.299,"Kette 1",1,34,-17.7847978193471,2026-07-29 15:13:17,NA,"07-29 15:13"
2,2556872,-27.2754951670032,2557866,-27.2854075460464,-523,691234,691.234,"Kette 1",3,1,-27.2804513565248,2026-07-29 15:13:17,NA,"07-29 15:13"
3,2848125,-30.050739523986,2845812,-30.0296409636517,-518,691169,691.169,"Kette 1",5,3,-30.0401902438189,2026-07-29 15:13:17,NA,"07-29 15:13"
4,2873706,-30.2831637897793,2874612,-30.2913648843827,-538,691542,691.542,"Kette 1",8,5,-30.287264337081,2026-07-29 15:13:17,NA,"07-29 15:13"
5,2868470,-30.2357267636052,2865787,-30.2113923085413,-535,691552,691.552,"Kette 1",10,6,-30.2235595360733,2026-07-29 15:13:17,NA,"07-29 15:13"
6,2869802,-30.247801009922,2860320,-30.1617503962196,-539,691861,691.861,"Kette 1",13,7,-30.2047757030708,2026-07-29 15:13:17,NA,"07-29 15:13"
7,2893847,-30.4649909459478,2899543,-30.5162283656805,-515,692357,692.357,"Kette 1",16,8,-30.4906096558142,2026-07-29 15:13:17,NA,"07-29 15:13"
8,2932925,-30.8149016620963,2938418,-30.8637880419516,-529,692724,692.724,"Kette 1",21,15,-30.839344852024,2026-07-29 15:13:17,NA,"07-29 15:13"
9,2948875,-30.9566522369715,2954013,-31.0021848170462,-537,693490,693.49,"Kette 1",26,16,-30.9794185270089,2026-07-29 15:13:17,NA,"07-29 15:13"
10,2964016,-31.0906507749283,2959697,-31.0524828620072,-567,693904,693.904,"Kette 1",30,17,-31.0715668184677,2026-07-29 15:13:17,NA,"07-29 15:13"
11,1751101,-17.8195080386024,1754936,-17.8733837715843,-480,691223,691.223,"Kette 2",1,33,-17.8464459050934,2026-07-29 15:13:17,NA,"07-29 15:13"
12,2516246,-26.8675233524794,2521001,-26.9155634294589,-541,691204,691.204,"Kette 2",3,4,-26.8915433909691,2026-07-29 15:13:17,NA,"07-29 15:13"
13,2833210,-29.9144442471632,2836706,-29.9464432632994,-538,691353,691.353,"Kette 2",5,10,-29.9304437552313,2026-07-29 15:13:17,NA,"07-29 15:13"
14,2869727,-30.2471212737613,2872458,-30.2718635064208,-534,691445,691.445,"Kette 2",8,11,-30.2594923900911,2026-07-29 15:13:17,NA,"07-29 15:13"
15,2861746,-30.174706259408,2864340,-30.1982605804543,-544,691819,691.819,"Kette 2",10,12,-30.1864834199312,2026-07-29 15:13:17,NA,"07-29 15:13"
16,NA,NA,NA,NA,-526,691993,691.993,"Kette 2",13,13,NA,2026-07-29 15:13:17,NA,"07-29 15:13"
17,2896628,-30.4900170648489,2895265,-30.4777538868111,-536,692752,692.752,"Kette 2",16,20,-30.48388547583,2026-07-29 15:13:17,NA,"07-29 15:13"
18,2923542,-30.7312262059636,2921080,-30.709235175535,-541,692897,692.897,"Kette 2",21,21,-30.7202306907493,2026-07-29 15:13:17,NA,"07-29 15:13"
19,2946444,-30.9350869348399,2946055,-30.931634819795,-539,693485,693.485,"Kette 2",26,22,-30.9333608773175,2026-07-29 15:13:17,NA,"07-29 15:13"
20,2964067,-31.0911012094188,2966930,-31.1163775296656,-551,693498,693.498,"Kette 2",30,24,-31.1037393695422,2026-07-29 15:13:17,NA,"07-29 15:13"
1,1750829,-17.8156825886133,1754602,-17.8686960653558,-529,690848,690.848,"Kette 1",1,34,-17.8421893269846,2026-07-30 15:13:17,NA,"07-30 15:13"
2,2539612,-27.1028491389335,2540230,-27.1090480357632,-515,690788,690.788,"Kette 1",3,1,-27.1059485873484,2026-07-30 15:13:17,NA,"07-30 15:13"
3,2844515,-30.0178040041532,2842220,-29.9968481675228,-525,690721,690.721,"Kette 1",5,3,-30.007326085838,2026-07-30 15:13:17,NA,"07-30 15:13"
4,2873670,-30.2828378754503,2874599,-30.2912472233556,-534,691094,691.094,"Kette 1",8,5,-30.2870425494029,2026-07-30 15:13:17,NA,"07-30 15:13"
5,2868610,-30.2369960411048,2865946,-30.212834929631,-530,691105,691.105,"Kette 1",10,6,-30.2249154853679,2026-07-30 15:13:17,NA,"07-30 15:13"
6,2869693,-30.2468131219841,2860241,-30.1610324925697,-527,691411,691.411,"Kette 1",13,7,-30.2039228072769,2026-07-30 15:13:17,NA,"07-30 15:13"
7,2892736,-30.4549877016959,2898347,-30.505476646692,-528,691911,691.911,"Kette 1",16,8,-30.480232174194,2026-07-30 15:13:17,NA,"07-30 15:13"
8,2932330,-30.8096019293043,2937756,-30.8579002587612,-545,692275,692.275,"Kette 1",21,15,-30.8337510940327,2026-07-30 15:13:17,NA,"07-30 15:13"
9,2948633,-30.9545060978856,2953744,-30.9998025186973,-549,693038,693.038,"Kette 1",26,16,-30.9771543082914,2026-07-30 15:13:17,NA,"07-30 15:13"
10,2963989,-31.090412307125,2959658,-31.0521380097961,-576,693455,693.455,"Kette 1",30,17,-31.0712751584605,2026-07-30 15:13:17,NA,"07-30 15:13"
11,1753459,-17.8526475579843,1757257,-17.9059356241773,-490,690776,690.776,"Kette 2",1,33,-17.8792915910808,2026-07-30 15:13:17,NA,"07-30 15:13"
12,2509921,-26.8035007465117,2514665,-26.8515331754317,-544,690758,690.758,"Kette 2",3,4,-26.8275169609717,2026-07-30 15:13:17,NA,"07-30 15:13"
13,2829886,-29.8839898208022,2833377,-29.9159735327365,-539,690914,690.914,"Kette 2",5,10,-29.8999816767693,2026-07-30 15:13:17,NA,"07-30 15:13"
14,2869804,-30.2478191360236,2872530,-30.272515553355,-540,690999,690.999,"Kette 2",8,11,-30.2601673446893,2026-07-30 15:13:17,NA,"07-30 15:13"
15,2862246,-30.1792477542193,2864829,-30.2026989227485,-545,691374,691.374,"Kette 2",10,12,-30.1909733384839,2026-07-30 15:13:17,NA,"07-30 15:13"
16,NA,NA,NA,NA,-524,691549,691.549,"Kette 2",13,13,NA,2026-07-30 15:13:17,NA,"07-30 15:13"
17,2896679,-30.4904758319915,2895328,-30.4783208122333,-537,692306,692.306,"Kette 2",16,20,-30.4843983221124,2026-07-30 15:13:17,NA,"07-30 15:13"
18,2923498,-30.7308333197358,2921022,-30.7087169306496,-539,692449,692.449,"Kette 2",21,21,-30.7197751251927,2026-07-30 15:13:17,NA,"07-30 15:13"
19,2946378,-30.9345012544564,2945986,-30.9310224530837,-538,693040,693.04,"Kette 2",26,22,-30.93276185377,2026-07-30 15:13:17,NA,"07-30 15:13"
20,2964038,-31.0908450807554,2966912,-31.1162186749504,-555,693047,693.047,"Kette 2",30,24,-31.1035318778529,2026-07-30 15:13:17,NA,"07-30 15:13"
1,1753650,-17.855330024295,1757340,-17.9070989331039,-530,691105,691.105,"Kette 1",1,34,-17.8812144786994,2026-07-31 15:13:17,NA,"07-31 15:13"
2,2501614,-26.7192054459673,2501769,-26.720780507558,-528,691055,691.055,"Kette 1",3,1,-26.7199929767627,2026-07-31 15:13:17,NA,"07-31 15:13"
3,2822141,-29.8129173855818,2819503,-29.7886734241189,-509,690985,690.985,"Kette 1",5,3,-29.8007954048503,2026-07-31 15:13:17,NA,"07-31 15:13"
4,2874422,-30.2896451805741,2875333,-30.2978898750741,-530,691355,691.355,"Kette 1",8,5,-30.2937675278241,2026-07-31 15:13:17,NA,"07-31 15:13"
5,2869006,-30.2405860127453,2866339,-30.2164003764615,-542,691360,691.36,"Kette 1",10,6,-30.2284931946034,2026-07-31 15:13:17,NA,"07-31 15:13"
6,2868663,-30.2374765402674,2859252,-30.1520437104734,-526,691674,691.674,"Kette 1",13,7,-30.1947601253704,2026-07-31 15:13:17,NA,"07-31 15:13"
7,2889277,-30.4238237245903,2894750,-30.4731191252542,-533,692174,692.174,"Kette 1",16,8,-30.4484714249223,2026-07-31 15:13:17,NA,"07-31 15:13"
8,2930371,-30.7921468361379,2935737,-30.8399368850186,-534,692536,692.536,"Kette 1",21,15,-30.8160418605783,2026-07-31 15:13:17,NA,"07-31 15:13"
9,2947827,-30.9473572040757,2952895,-30.9922825369905,-546,693300,693.3,"Kette 1",26,16,-30.9698198705331,2026-07-31 15:13:17,NA,"07-31 15:13"
10,2963688,-31.0877537162291,2959366,-31.0495559249543,-562,693715,693.715,"Kette 1",30,17,-31.0686548205917,2026-07-31 15:13:17,NA,"07-31 15:13"
11,1758418,-17.9222031737182,1762157,-17.9745232731498,-502,691033,691.033,"Kette 2",1,33,-17.948363223434,2026-07-31 15:13:17,NA,"07-31 15:13"
12,2503478,-26.7381412777537,2508219,-26.7862492218938,-541,691025,691.025,"Kette 2",3,4,-26.7621952498237,2026-07-31 15:13:17,NA,"07-31 15:13"
13,2826499,-29.852928294242,2829998,-29.8850164354172,-531,691170,691.17,"Kette 2",5,10,-29.8689723648296,2026-07-31 15:13:17,NA,"07-31 15:13"
14,2869817,-30.2479369554357,2872543,-30.2726332826479,-534,691256,691.256,"Kette 2",8,11,-30.2602851190418,2026-07-31 15:13:17,NA,"07-31 15:13"
15,2862704,-30.1834072014949,2865283,-30.2068190450953,-551,691636,691.636,"Kette 2",10,12,-30.1951131232951,2026-07-31 15:13:17,NA,"07-31 15:13"
16,NA,NA,NA,NA,-525,691809,691.809,"Kette 2",13,13,NA,2026-07-31 15:13:17,NA,"07-31 15:13"
17,2896722,-30.4908626306265,2895372,-30.4787167542772,-530,692569,692.569,"Kette 2",16,20,-30.4847896924519,2026-07-31 15:13:17,NA,"07-31 15:13"
18,2923442,-30.7303332758936,2920969,-30.7082433548632,-545,692710,692.71,"Kette 2",21,21,-30.7192883153784,2026-07-31 15:13:17,NA,"07-31 15:13"
19,2946322,-30.9340043053496,2945901,-30.9302680726259,-539,693300,693.3,"Kette 2",26,22,-30.9321361889878,2026-07-31 15:13:17,NA,"07-31 15:13"
20,2964033,-31.0908009204403,2966891,-31.1160333434854,-549,693303,693.303,"Kette 2",30,24,-31.1034171319629,2026-07-31 15:13:17,NA,"07-31 15:13"
1,1761770,-17.9691128683632,1765426,-18.0201799694682,-520,690445,690.445,"Kette 1",1,34,-17.9946464189157,2026-08-01 15:13:17,NA,"08-01 15:13"
2,2520287,-26.9083547951352,2520440,-26.9098996496955,-521,690388,690.388,"Kette 1",3,1,-26.9091272224153,2026-08-01 15:13:17,NA,"08-01 15:13"
3,2835124,-29.9319671249391,2832396,-29.9069890771129,-532,690322,690.322,"Kette 1",5,3,-29.919478101026,2026-08-01 15:13:17,NA,"08-01 15:13"
4,2873654,-30.2826930235816,2874565,-30.2909394924893,-527,690698,690.698,"Kette 1",8,5,-30.2868162580354,2026-08-01 15:13:17,NA,"08-01 15:13"
5,2869385,-30.2440214953074,2866729,-30.2199382163286,-532,690700,690.7,"Kette 1",10,6,-30.231979855818,2026-08-01 15:13:17,NA,"08-01 15:13"
6,2870016,-30.2497404450448,2860577,-30.1640857441611,-538,691015,691.015,"Kette 1",13,7,-30.206913094603,2026-08-01 15:13:17,NA,"08-01 15:13"
7,2892037,-30.4486924507844,2897550,-30.4983098552046,-531,691512,691.512,"Kette 1",16,8,-30.4735011529945,2026-08-01 15:13:17,NA,"08-01 15:13"
8,2932347,-30.8097533621302,2937732,-30.8576867845516,-534,691871,691.871,"Kette 1",21,15,-30.8337200733409,2026-08-01 15:13:17,NA,"08-01 15:13"
9,2948713,-30.9552155808307,2953817,-31.0004490330377,-531,692638,692.638,"Kette 1",26,16,-30.9778323069342,2026-08-01 15:13:17,NA,"08-01 15:13"
10,2964112,-31.0914986465195,2959781,-31.0532256083835,-564,693055,693.055,"Kette 1",30,17,-31.0723621274515,2026-08-01 15:13:17,NA,"08-01 15:13"
11,1764217,-18.0033037926761,1767894,-18.054596097339,-489,690375,690.375,"Kette 2",1,33,-18.0289499450076,2026-08-01 15:13:17,NA,"08-01 15:13"
12,2496904,-26.6713038669541,2501650,-26.7195712741972,-547,690368,690.368,"Kette 2",3,4,-26.6954375705756,2026-08-01 15:13:17,NA,"08-01 15:13"
13,2823080,-29.8215426116517,2826587,-29.8537357078634,-548,690520,690.52,"Kette 2",5,10,-29.8376391597575,2026-08-01 15:13:17,NA,"08-01 15:13"
14,2869817,-30.2479369554357,2872527,-30.2724883849956,-542,690604,690.604,"Kette 2",8,11,-30.2602126702157,2026-08-01 15:13:17,NA,"08-01 15:13"
15,2863179,-30.1877204713347,2865761,-30.2111564020948,-527,690976,690.976,"Kette 2",10,12,-30.1994384367147,2026-08-01 15:13:17,NA,"08-01 15:13"
16,NA,NA,NA,NA,-529,691152,691.152,"Kette 2",13,13,NA,2026-08-01 15:13:17,NA,"08-01 15:13"
17,2896791,-30.4914832978817,2895433,-30.4792656659436,-533,691909,691.909,"Kette 2",16,20,-30.4853744819127,2026-08-01 15:13:17,NA,"08-01 15:13"
18,2923402,-30.7299760970401,2920917,-30.7077787078009,-537,692048,692.048,"Kette 2",21,21,-30.7188774024205,2026-08-01 15:13:17,NA,"08-01 15:13"
19,2946261,-30.9334629772465,2945866,-30.929957440351,-538,692636,692.636,"Kette 2",26,22,-30.9317102087987,2026-08-01 15:13:17,NA,"08-01 15:13"
20,2964025,-31.0907302638138,2966892,-31.1160421688169,-558,692635,692.635,"Kette 2",30,24,-31.1033862163153,2026-08-01 15:13:17,NA,"08-01 15:13"
1,1762679,-17.9818192340015,1766339,-18.0329170459188,-526,688164,688.164,"Kette 1",1,34,-18.0073681399601,2026-08-02 15:13:17,NA,"08-02 15:13"
2,2523079,-26.9365332380246,2523709,-26.9428878628592,-528,688111,688.111,"Kette 1",3,1,-26.9397105504419,2026-08-02 15:13:17,NA,"08-02 15:13"
3,2838953,-29.9669932536501,2836711,-29.9464890055668,-524,688038,688.038,"Kette 1",5,3,-29.9567411296085,2026-08-02 15:13:17,NA,"08-02 15:13"
4,2873159,-30.2782113478827,2874093,-30.2866671611181,-539,688413,688.413,"Kette 1",8,5,-30.2824392545004,2026-08-02 15:13:17,NA,"08-02 15:13"
5,2869698,-30.2468584386065,2867026,-30.2226321570741,-548,688417,688.417,"Kette 1",10,6,-30.2347452978403,2026-08-02 15:13:17,NA,"08-02 15:13"
6,2870685,-30.2558026937719,2861211,-30.1698461504573,-523,688729,688.729,"Kette 1",13,7,-30.2128244221146,2026-08-02 15:13:17,NA,"08-02 15:13"
7,2893745,-30.4640726848014,2899362,-30.5146014526232,-536,689224,689.224,"Kette 1",16,8,-30.4893370687123,2026-08-02 15:13:17,NA,"08-02 15:13"
8,2932973,-30.8153291662274,2938423,-30.8638325075963,-542,689581,689.581,"Kette 1",21,15,-30.8395808369118,2026-08-02 15:13:17,NA,"08-02 15:13"
9,2949037,-30.9580888304305,2954152,-31.0034157513444,-549,690344,690.344,"Kette 1",26,16,-30.9807522908874,2026-08-02 15:13:17,NA,"08-02 15:13"
10,2964202,-31.092293506387,2959892,-31.054207069042,-569,690755,690.755,"Kette 1",30,17,-31.0732502877145,2026-08-02 15:13:17,NA,"08-02 15:13"
11,1767948,-18.0553486125079,1771614,-18.106384896649,-494,688084,688.084,"Kette 2",1,33,-18.0808667545785,2026-08-02 15:13:17,NA,"08-02 15:13"
12,2490377,-26.6047944891423,2495098,-26.6529159105181,-524,688076,688.076,"Kette 2",3,4,-26.6288551998302,2026-08-02 15:13:17,NA,"08-02 15:13"
13,2819644,-29.7899697204239,2823163,-29.8223048996093,-535,688227,688.227,"Kette 2",5,10,-29.8061373100166,2026-08-02 15:13:17,NA,"08-02 15:13"
14,2869788,-30.2476741269258,2872504,-30.2722800934811,-531,688304,688.304,"Kette 2",8,11,-30.2599771102035,2026-08-02 15:13:17,NA,"08-02 15:13"
15,2863622,-30.191742642523,2866208,-30.2152119380037,-545,688676,688.676,"Kette 2",10,12,-30.2034772902634,2026-08-02 15:13:17,NA,"08-02 15:13"
16,NA,NA,NA,NA,-529,688849,688.849,"Kette 2",13,13,NA,2026-08-02 15:13:17,NA,"08-02 15:13"
17,2896839,-30.4919150594133,2895475,-30.4796435997304,-522,689607,689.607,"Kette 2",16,20,-30.4857793295718,2026-08-02 15:13:17,NA,"08-02 15:13"
18,2923354,-30.7295474772676,2920865,-30.7073140541338,-541,689747,689.747,"Kette 2",21,21,-30.7184307657007,2026-08-02 15:13:17,NA,"08-02 15:13"
19,2946202,-30.9329393891329,2945802,-30.9293894194634,-535,690333,690.333,"Kette 2",26,22,-30.9311644042982,2026-08-02 15:13:17,NA,"08-02 15:13"
20,2964023,-31.0907125996335,2966894,-31.1160598194726,-557,690325,690.325,"Kette 2",30,24,-31.103386209553,2026-08-02 15:13:17,NA,"08-02 15:13"
1,1769113,-18.071578100182,1772796,-18.1228186875559,-520,686221,686.221,"Kette 1",1,34,-18.0971983938689,2026-08-03 15:13:17,NA,"08-03 15:13"
2,2501964,-26.722761917608,2501931,-26.7224266113851,-528,686170,686.17,"Kette 1",3,1,-26.7225942644965,2026-08-03 15:13:17,NA,"08-03 15:13"
3,2821392,-29.8060357395421,2818566,-29.78005768935,-516,686098,686.098,"Kette 1",5,3,-29.7930467144461,2026-08-03 15:13:17,NA,"08-03 15:13"
4,2873498,-30.2812806838131,2874407,-30.2895094105846,-537,686470,686.47,"Kette 1",8,5,-30.2853950471988,2026-08-03 15:13:17,NA,"08-03 15:13"
5,2870035,-30.2499126322483,2867363,-30.2256886455385,-555,686475,686.475,"Kette 1",10,6,-30.2378006388934,2026-08-03 15:13:17,NA,"08-03 15:13"
6,2869789,-30.2476831900135,2860361,-30.162122972815,-544,686785,686.785,"Kette 1",13,7,-30.2049030814142,2026-08-03 15:13:17,NA,"08-03 15:13"
7,2889404,-30.4249684650548,2894841,-30.4739381312429,-538,687282,687.282,"Kette 1",16,8,-30.4494532981489,2026-08-03 15:13:17,NA,"08-03 15:13"
8,2930495,-30.7932519772959,2935820,-30.8406755434327,-532,687637,687.637,"Kette 1",21,15,-30.8169637603643,2026-08-03 15:13:17,NA,"08-03 15:13"
9,2947909,-30.9480845818309,2952964,-30.9928937656322,-552,688398,688.398,"Kette 1",26,16,-30.9704891737315,2026-08-03 15:13:17,NA,"08-03 15:13"
10,2963852,-31.0892022773164,2959521,-31.0509265773264,-564,688818,688.818,"Kette 1",30,17,-31.0700644273214,2026-08-03 15:13:17,NA,"08-03 15:13"
11,1769580,-18.0780809674939,1773247,-18.1290863603417,-494,686152,686.152,"Kette 2",1,33,-18.1035836639178,2026-08-03 15:13:17,NA,"08-03 15:13"
12,2483820,-26.5378282139727,2488549,-26.5861405010259,-546,686148,686.148,"Kette 2",3,4,-26.5619843574993,2026-08-03 15:13:17,NA,"08-03 15:13"
13,2816166,-29.7579790025337,2819679,-29.7902914879319,-552,686295,686.295,"Kette 2",5,10,-29.7741352452328,2026-08-03 15:13:17,NA,"08-03 15:13"
14,2869721,-30.2470668942498,2872425,-30.2715646471748,-549,686378,686.378,"Kette 2",8,11,-30.2593157707123,2026-08-03 15:13:17,NA,"08-03 15:13"
15,2864040,-30.1955373684411,2866618,-30.2189313321996,-539,686748,686.748,"Kette 2",10,12,-30.2072343503204,2026-08-03 15:13:17,NA,"08-03 15:13"
16,NA,NA,NA,NA,-531,686919,686.919,"Kette 2",13,13,NA,2026-08-03 15:13:17,NA,"08-03 15:13"
17,2896898,-30.4924457584343,2895523,-30.4800755186727,-538,687674,687.674,"Kette 2",16,20,-30.4862606385535,2026-08-03 15:13:17,NA,"08-03 15:13"
18,2923315,-30.7291992195666,2920821,-30.7069208804872,-546,687812,687.812,"Kette 2",21,21,-30.7180600500269,2026-08-03 15:13:17,NA,"08-03 15:13"
19,2946146,-30.9324424164366,2945749,-30.9289190197424,-540,688396,688.396,"Kette 2",26,22,-30.9306807180895,2026-08-03 15:13:17,NA,"08-03 15:13"
20,2964013,-31.0906242785906,2966883,-31.1159627407495,-561,688382,688.382,"Kette 2",30,24,-31.10329350967,2026-08-03 15:13:17,NA,"08-03 15:13"
1,1778177,-18.1975011557533,1781865,-18.2485624972988,-529,685513,685.513,"Kette 1",1,34,-18.2230318265261,2026-08-04 15:13:17,NA,"08-04 15:13"
2,2564677,-27.3532402501205,2565240,-27.3588404706202,-520,685455,685.455,"Kette 1",3,1,-27.3560403603704,2026-08-04 15:13:17,NA,"08-04 15:13"
3,2844901,-30.0213272568724,2842373,-29.9982456496952,-518,685390,685.39,"Kette 1",5,3,-30.0097864532838,2026-08-04 15:13:17,NA,"08-04 15:13"
4,2872991,-30.2766901529284,2873916,-30.285064891151,-529,685767,685.767,"Kette 1",8,5,-30.2808775220397,2026-08-04 15:13:17,NA,"08-04 15:13"
5,2871242,-30.2608491682236,2868595,-30.2368600494761,-540,685773,685.773,"Kette 1",10,6,-30.2488546088498,2026-08-04 15:13:17,NA,"08-04 15:13"
6,2872529,-30.2725064972377,2863016,-30.1862404038347,-537,686085,686.085,"Kette 1",13,7,-30.2293734505362,2026-08-04 15:13:17,NA,"08-04 15:13"
7,2895904,-30.4835036715384,2901524,-30.5340292054081,-534,686576,686.576,"Kette 1",16,8,-30.5087664384733,2026-08-04 15:13:17,NA,"08-04 15:13"
8,2934505,-30.8289707464983,2939970,-30.8775872878983,-532,686935,686.935,"Kette 1",21,15,-30.8532790171983,2026-08-04 15:13:17,NA,"08-04 15:13"
9,2949740,-30.9643222106164,2954882,-31.0098796160545,-550,687694,687.694,"Kette 1",26,16,-30.9871009133355,2026-08-04 15:13:17,NA,"08-04 15:13"
10,2964535,-31.095234321738,2960225,-31.0571512760088,-568,688107,688.107,"Kette 1",30,17,-31.0761927988734,2026-08-04 15:13:17,NA,"08-04 15:13"
11,1770903,-18.0964945656327,1774569,-18.1474498216522,-484,685445,685.445,"Kette 2",1,33,-18.1219721936425,2026-08-04 15:13:17,NA,"08-04 15:13"
12,2477376,-26.4718674740892,2482098,-26.5202162855526,-542,685439,685.439,"Kette 2",3,4,-26.4960418798209,2026-08-04 15:13:17,NA,"08-04 15:13"
13,2812675,-29.7258363490776,2816175,-29.7580618262141,-540,685590,685.59,"Kette 2",5,10,-29.7419490876458,2026-08-04 15:13:17,NA,"08-04 15:13"
14,2869595,-30.2459249033345,2872310,-30.2705231463649,-534,685669,685.669,"Kette 2",8,11,-30.2582240248497,2026-08-04 15:13:17,NA,"08-04 15:13"
15,2864434,-30.1991138061947,2866998,-30.2223781924726,-557,686042,686.042,"Kette 2",10,12,-30.2107459993337,2026-08-04 15:13:17,NA,"08-04 15:13"
16,NA,NA,NA,NA,-525,686209,686.209,"Kette 2",13,13,NA,2026-08-04 15:13:17,NA,"08-04 15:13"
17,2896942,-30.4928415283321,2895562,-30.4804264485835,-533,686968,686.968,"Kette 2",16,20,-30.4866339884578,2026-08-04 15:13:17,NA,"08-04 15:13"
18,2923258,-30.728690220872,2920762,-30.7063936629476,-546,687100,687.1,"Kette 2",21,21,-30.7175419419098,2026-08-04 15:13:17,NA,"08-04 15:13"
19,2946098,-30.9320164338652,2945690,-30.9283953593116,-538,687682,687.682,"Kette 2",26,22,-30.9302058965884,2026-08-04 15:13:17,NA,"08-04 15:13"
20,2964001,-31.0905182930277,2966872,-31.1158656617415,-560,687665,687.665,"Kette 2",30,24,-31.1031919773846,2026-08-04 15:13:17,NA,"08-04 15:13"
1,1781434,-18.2426003784535,1785150,-18.2939596213356,-521,682235,682.235,"Kette 1",1,34,-18.2682799998945,2026-08-05 15:13:17,NA,"08-05 15:13"
2,2509761,-26.8018794090085,2510090,-26.8052131879746,-517,682189,682.189,"Kette 1",3,1,-26.8035462984915,2026-08-05 15:13:17,NA,"08-05 15:13"
3,2823301,-29.823572277808,2820803,-29.8006230943311,-534,682117,682.117,"Kette 1",5,3,-29.8120976860695,2026-08-05 15:13:17,NA,"08-05 15:13"
4,2872876,-30.2756488174438,2873792,-30.2839423495856,-534,682490,682.49,"Kette 1",8,5,-30.2797955835147,2026-08-05 15:13:17,NA,"08-05 15:13"
5,2870714,-30.2560654560808,2868032,-30.2317554156504,-544,682498,682.498,"Kette 1",10,6,-30.2439104358656,2026-08-05 15:13:17,NA,"08-05 15:13"
6,2870504,-30.2541626461824,2861063,-30.1685015421561,-542,682803,682.803,"Kette 1",13,7,-30.2113320941692,2026-08-05 15:13:17,NA,"08-05 15:13"
7,2890706,-30.4367019780649,2896182,-30.4860048251024,-537,683299,683.299,"Kette 1",16,8,-30.4613534015836,2026-08-05 15:13:17,NA,"08-05 15:13"
8,2930697,-30.7950522080851,2936078,-30.8429715080014,-538,683654,683.654,"Kette 1",21,15,-30.8190118580432,2026-08-05 15:13:17,NA,"08-05 15:13"
9,2947983,-30.9487409821059,2953067,-30.9938061583142,-559,684415,684.415,"Kette 1",26,16,-30.97127357021,2026-08-05 15:13:17,NA,"08-05 15:13"
10,2963809,-31.0888224778054,2959483,-31.050590551687,-570,684826,684.826,"Kette 1",30,17,-31.0697065147462,2026-08-05 15:13:17,NA,"08-05 15:13"
11,1770632,-18.0927238377629,1774297,-18.1436726247916,-495,682177,682.177,"Kette 2",1,33,-18.1181982312773,2026-08-05 15:13:17,NA,"08-05 15:13"
12,2471256,-26.4090860853009,2475958,-26.4573329848738,-542,682174,682.174,"Kette 2",3,4,-26.4332095350874,2026-08-05 15:13:17,NA,"08-05 15:13"
13,2809202,-29.6938271629253,2812719,-29.7262416720171,-555,682325,682.325,"Kette 2",5,10,-29.7100344174712,2026-08-05 15:13:17,NA,"08-05 15:13"
14,2869458,-30.2446831689269,2872182,-30.2693638711685,-534,682400,682.4,"Kette 2",8,11,-30.2570235200477,2026-08-05 15:13:17,NA,"08-05 15:13"
15,2864828,-30.2026898470076,2867392,-30.2259516532622,-556,682770,682.77,"Kette 2",10,12,-30.2143207501349,2026-08-05 15:13:17,NA,"08-05 15:13"
16,NA,NA,NA,NA,-534,682942,682.942,"Kette 2",13,13,NA,2026-08-05 15:13:17,NA,"08-05 15:13"
17,2896990,-30.4932732718128,2895641,-30.4811372949877,-540,683703,683.703,"Kette 2",16,20,-30.4872052834003,2026-08-05 15:13:17,NA,"08-05 15:13"
18,2923221,-30.7283598139708,2920720,-30.7060183503651,-550,683837,683.837,"Kette 2",21,21,-30.717189082168,2026-08-05 15:13:17,NA,"08-05 15:13"
19,2946061,-30.9316880685357,2945663,-30.9281557153174,-544,684410,684.41,"Kette 2",26,22,-30.9299218919266,2026-08-05 15:13:17,NA,"08-05 15:13"
20,2963999,-31.0905006287342,2966879,-31.115927439325,-544,684388,684.388,"Kette 2",30,24,-31.1032140340296,2026-08-05 15:13:17,NA,"08-05 15:13"
1,1774367,-18.1446447501906,1778092,-18.1963231206093,-523,683647,683.647,"Kette 1",1,34,-18.1704839353999,2026-08-06 15:13:17,NA,"08-06 15:13"
2,2492748,-26.6289720257041,2492699,-26.6284725636507,-511,683598,683.598,"Kette 1",3,1,-26.6287222946774,2026-08-06 15:13:17,NA,"08-06 15:13"
3,2815612,-29.7528803299387,2812814,-29.7271167834764,-513,683527,683.527,"Kette 1",5,3,-29.7399985567075,2026-08-06 15:13:17,NA,"08-06 15:13"
4,2872579,-30.2729592999881,2873499,-30.2812897374699,-529,683899,683.899,"Kette 1",8,5,-30.277124518729,2026-08-06 15:13:17,NA,"08-06 15:13"
5,2871252,-30.2609397619911,2868598,-30.2368872478477,-526,683905,683.905,"Kette 1",10,6,-30.2489135049194,2026-08-06 15:13:17,NA,"08-06 15:13"
6,2870981,-30.2584845809562,2861552,-30.1729439869245,-535,684214,684.214,"Kette 1",13,7,-30.2157142839403,2026-08-06 15:13:17,NA,"08-06 15:13"
7,2890410,-30.4340348241202,2895873,-30.4832247539884,-520,684708,684.708,"Kette 1",16,8,-30.4586297890543,2026-08-06 15:13:17,NA,"08-06 15:13"
8,2931011,-30.7978503903128,2936352,-30.8454096820984,-543,685058,685.058,"Kette 1",21,15,-30.8216300362056,2026-08-06 15:13:17,NA,"08-06 15:13"
9,2948189,-30.9505681896183,2953263,-30.9955422921146,-532,685819,685.819,"Kette 1",26,16,-30.9730552408665,2026-08-06 15:13:17,NA,"08-06 15:13"
10,2964007,-31.0905712858516,2959680,-31.0523325422554,-565,686234,686.234,"Kette 1",30,17,-31.0714519140535,2026-08-06 15:13:17,NA,"08-06 15:13"
11,1767880,-18.0544009972387,1771597,-18.1061484630902,-493,683578,683.578,"Kette 2",1,33,-18.0802747301645,2026-08-06 15:13:17,NA,"08-06 15:13"
12,2465473,-26.3496383458305,2470195,-26.3981882839014,-528,683583,683.583,"Kette 2",3,4,-26.373913314866,2026-08-06 15:13:17,NA,"08-06 15:13"
13,2805743,-29.6619149307032,2809280,-29.6945464101763,-550,683730,683.73,"Kette 2",5,10,-29.6782306704397,2026-08-06 15:13:17,NA,"08-06 15:13"
14,2869257,-30.2428612677064,2871989,-30.2676158228262,-529,683805,683.805,"Kette 2",8,11,-30.2552385452663,2026-08-06 15:13:17,NA,"08-06 15:13"
15,2865199,-30.2060567714238,2867778,-30.2294521724657,-544,684176,684.176,"Kette 2",10,12,-30.2177544719447,2026-08-06 15:13:17,NA,"08-06 15:13"
16,NA,NA,NA,NA,-529,684343,684.343,"Kette 2",13,13,NA,2026-08-06 15:13:17,NA,"08-06 15:13"
17,2897021,-30.4935521030947,2895666,-30.4813622431405,-534,685102,685.102,"Kette 2",16,20,-30.4874571731176,2026-08-06 15:13:17,NA,"08-06 15:13"
18,2923173,-30.7279311730172,2920677,-30.7056340973043,-543,685236,685.236,"Kette 2",21,21,-30.7167826351607,2026-08-06 15:13:17,NA,"08-06 15:13"
19,2946004,-30.9311822020202,2945601,-30.9276054150947,-529,685813,685.813,"Kette 2",26,22,-30.9293938085575,2026-08-06 15:13:17,NA,"08-06 15:13"
20,2964004,-31.0905447894503,2966865,-31.1158038840426,-558,685792,685.792,"Kette 2",30,24,-31.1031743367464,2026-08-06 15:13:17,NA,"08-06 15:13"
1,1773074,-18.1266823105634,1776793,-18.1783133009496,-527,685120,685.12,"Kette 1",1,34,-18.1524978057565,2026-08-07 15:13:17,NA,"08-07 15:13"
2,2534850,-27.0550402803945,2535612,-27.0626956534124,-519,685066,685.066,"Kette 1",3,1,-27.0588679669034,2026-08-07 15:13:17,NA,"08-07 15:13"
3,2836997,-29.9491053544226,2834638,-29.9275186516198,-527,684994,684.994,"Kette 1",5,3,-29.9383120030212,2026-08-07 15:13:17,NA,"08-07 15:13"
4,2872299,-30.2704235227877,2873223,-30.2787908318732,-531,685370,685.37,"Kette 1",8,5,-30.2746071773304,2026-08-07 15:13:17,NA,"08-07 15:13"
5,2871909,-30.2668912154521,2869258,-30.2428703321463,-539,685373,685.373,"Kette 1",10,6,-30.2548807737992,2026-08-07 15:13:17,NA,"08-07 15:13"
6,2872823,-30.2751688863063,2863310,-30.1889099241446,-542,685683,685.683,"Kette 1",13,7,-30.2320394052254,2026-08-07 15:13:17,NA,"08-07 15:13"
7,2896288,-30.4869584516433,2901955,-30.5379007884643,-530,686179,686.179,"Kette 1",16,8,-30.5124296200538,2026-08-07 15:13:17,NA,"08-07 15:13"
8,2934515,-30.8290597721202,2940007,-30.8779161940244,-542,686529,686.529,"Kette 1",21,15,-30.8534879830723,2026-08-07 15:13:17,NA,"08-07 15:13"
9,2949743,-30.9643488085727,2954885,-31.0099061772681,-538,687287,687.287,"Kette 1",26,16,-30.9871274929204,2026-08-07 15:13:17,NA,"08-07 15:13"
10,2964531,-31.0951989981809,2960207,-31.056992136397,-570,687702,687.702,"Kette 1",30,17,-31.0760955672889,2026-08-07 15:13:17,NA,"08-07 15:13"
11,1764473,-18.0068781626368,1768203,-18.0589018605022,-490,685040,685.04,"Kette 2",1,33,-18.0328900115695,2026-08-07 15:13:17,NA,"08-07 15:13"
12,2460133,-26.2946374645189,2464823,-26.3429489879074,-544,685040,685.04,"Kette 2",3,4,-26.3187932262132,2026-08-07 15:13:17,NA,"08-07 15:13"
13,2802346,-29.6305434547803,2805857,-29.6629671892802,-543,685188,685.188,"Kette 2",5,10,-29.6467553220302,2026-08-07 15:13:17,NA,"08-07 15:13"
14,2869027,-30.2407763788738,2871743,-30.2653876032576,-552,685265,685.265,"Kette 2",8,11,-30.2530819910657,2026-08-07 15:13:17,NA,"08-07 15:13"
15,2865511,-30.2088879827508,2868093,-30.2323085322344,-541,685632,685.632,"Kette 2",10,12,-30.2205982574926,2026-08-07 15:13:17,NA,"08-07 15:13"
16,NA,NA,NA,NA,-544,685803,685.803,"Kette 2",13,13,NA,2026-08-07 15:13:17,NA,"08-07 15:13"
17,2897049,-30.4938039486473,2895687,-30.4815511983848,-535,686562,686.562,"Kette 2",16,20,-30.4876775735161,2026-08-07 15:13:17,NA,"08-07 15:13"
18,2923116,-30.7274221545885,2920609,-30.7050264320806,-541,686696,686.696,"Kette 2",21,21,-30.7162242933346,2026-08-07 15:13:17,NA,"08-07 15:13"
19,2945940,-30.9306142022775,2945546,-30.9271172378373,-537,687270,687.27,"Kette 2",26,22,-30.9288657200574,2026-08-07 15:13:17,NA,"08-07 15:13"
20,2963989,-31.090412307125,2966840,-31.1155832484621,-555,687250,687.25,"Kette 2",30,24,-31.1029977777935,2026-08-07 15:13:17,NA,"08-07 15:13"
1,1764035,-18.0007623383219,1767696,-18.0518366876652,-527,685947,685.947,"Kette 1",1,34,-18.0262995129936,2026-08-08 15:13:17,NA,"08-08 15:13"
2,2481071,-26.5097075275105,2481254,-26.5115803459578,-524,685904,685.904,"Kette 1",3,1,-26.5106439367341,2026-08-08 15:13:17,NA,"08-08 15:13"
3,2815268,-29.7497139561058,2812594,-29.7250901728868,-508,685826,685.826,"Kette 1",5,3,-29.7374020644963,2026-08-08 15:13:17,NA,"08-08 15:13"
4,2871999,-30.2677063976043,2872932,-30.2761559067443,-527,686202,686.202,"Kette 1",8,5,-30.2719311521743,2026-08-08 15:13:17,NA,"08-08 15:13"
5,2871359,-30.2619090993868,2868690,-30.2377213201075,-548,686206,686.206,"Kette 1",10,6,-30.2498152097471,2026-08-08 15:13:17,NA,"08-08 15:13"
6,2871510,-30.2632769932872,2862054,-30.177503895967,-534,686516,686.516,"Kette 1",13,7,-30.2203904446271,2026-08-08 15:13:17,NA,"08-08 15:13"
7,2892478,-30.4526642748839,2897981,-30.5021856940382,-535,687014,687.014,"Kette 1",16,8,-30.4774249844611,2026-08-08 15:13:17,NA,"08-08 15:13"
8,2932448,-30.8106530368505,2937842,-30.8586651966139,-543,687363,687.363,"Kette 1",21,15,-30.8346591167322,2026-08-08 15:13:17,NA,"08-08 15:13"
9,2948927,-30.9571133725667,2954035,-31.0023796442409,-550,688123,688.123,"Kette 1",26,16,-30.9797465084038,2026-08-08 15:13:17,NA,"08-08 15:13"
10,2964305,-31.0932031558955,2959982,-31.0550028265404,-565,688544,688.544,"Kette 1",30,17,-31.0741029912179,2026-08-08 15:13:17,NA,"08-08 15:13"
11,1763748,-17.9967541523916,1767458,-18.0485194317052,-499,685884,685.884,"Kette 2",1,33,-18.0226367920484,2026-08-08 15:13:17,NA,"08-08 15:13"
12,2455020,-26.2418778169948,2459710,-26.2902762434344,-540,685882,685.882,"Kette 2",3,4,-26.2660770302146,2026-08-08 15:13:17,NA,"08-08 15:13"
13,2798956,-29.5992056683238,2802494,-29.6319108889907,-534,686031,686.031,"Kette 2",5,10,-29.6155582786573,2026-08-08 15:13:17,NA,"08-08 15:13"
14,2868776,-30.2385009768466,2871498,-30.2631682886075,-544,686107,686.107,"Kette 2",8,11,-30.2508346327271,2026-08-08 15:13:17,NA,"08-08 15:13"
15,2865878,-30.2122179675074,2868424,-30.2353097043812,-554,686476,686.476,"Kette 2",10,12,-30.2237638359443,2026-08-08 15:13:17,NA,"08-08 15:13"
16,NA,NA,NA,NA,-535,686648,686.648,"Kette 2",13,13,NA,2026-08-08 15:13:17,NA,"08-08 15:13"
17,2897068,-30.4939748427319,2895719,-30.4818391280716,-526,687408,687.408,"Kette 2",16,20,-30.4879069854018,2026-08-08 15:13:17,NA,"08-08 15:13"
18,2923069,-30.7270024316794,2920555,-30.704543866355,-542,687540,687.54,"Kette 2",21,21,-30.7157731490172,2026-08-08 15:13:17,NA,"08-08 15:13"
19,2945888,-30.9301526952662,2945504,-30.9267444430534,-538,688110,688.11,"Kette 2",26,22,-30.9284485691598,2026-08-08 15:13:17,NA,"08-08 15:13"
20,2963965,-31.0902003343001,2966830,-31.1154949938178,-560,688090,688.09,"Kette 2",30,24,-31.102847664059,2026-08-08 15:13:17,NA,"08-08 15:13"
1,1764989,-18.0140812499854,1768656,-18.0652128971815,-530,684681,684.681,"Kette 1",1,34,-18.0396470735835,2026-08-09 15:13:17,NA,"08-09 15:13"
2,2475913,-26.4568716177074,2476170,-26.4595064395737,-537,684635,684.635,"Kette 1",3,1,-26.4581890286406,2026-08-09 15:13:17,NA,"08-09 15:13"
3,2808101,-29.6836729742394,2805612,-29.6607057133125,-531,684561,684.561,"Kette 1",5,3,-29.672189343776,2026-08-09 15:13:17,NA,"08-09 15:13"
4,2871819,-30.2660760127138,2872743,-30.2744444484369,-529,684934,684.934,"Kette 1",8,5,-30.2702602305753,2026-08-09 15:13:17,NA,"08-09 15:13"
5,2871608,-30.2641647344684,2868940,-30.2399877118843,-531,684935,684.935,"Kette 1",10,6,-30.2520762231763,2026-08-09 15:13:17,NA,"08-09 15:13"
6,2871258,-30.2609941181296,2861828,-30.1754511084685,-531,685244,685.244,"Kette 1",13,7,-30.218222613299,2026-08-09 15:13:17,NA,"08-09 15:13"
7,2891403,-30.4429815386678,2896882,-30.4923018409124,-529,685740,685.74,"Kette 1",16,8,-30.4676416897901,2026-08-09 15:13:17,NA,"08-09 15:13"
8,2931527,-30.8024481582245,2936884,-30.8501431379657,-538,686088,686.088,"Kette 1",21,15,-30.8262956480951,2026-08-09 15:13:17,NA,"08-09 15:13"
9,2948511,-30.9534241069581,2953592,-30.9984563111674,-548,686843,686.843,"Kette 1",26,16,-30.9759402090627,2026-08-09 15:13:17,NA,"08-09 15:13"
10,2964113,-31.0915074784008,2959796,-31.0533582399068,-568,687267,687.267,"Kette 1",30,17,-31.0724328591538,2026-08-09 15:13:17,NA,"08-09 15:13"
11,1763075,-17.987352726813,1766809,-18.039471473752,-488,684603,684.603,"Kette 2",1,33,-18.0134121002825,2026-08-09 15:13:17,NA,"08-09 15:13"
12,2449997,-26.1899541877675,2454672,-26.2382834462186,-544,684606,684.606,"Kette 2",3,4,-26.2141188169931,2026-08-09 15:13:17,NA,"08-09 15:13"
13,2795575,-29.5679201919598,2799112,-29.6006484411782,-548,684760,684.76,"Kette 2",5,10,-29.584284316569,2026-08-09 15:13:17,NA,"08-09 15:13"
14,2868494,-30.2359443575812,2871234,-30.2607766930265,-537,684825,684.825,"Kette 2",8,11,-30.2483605253039,2026-08-09 15:13:17,NA,"08-09 15:13"
15,2866160,-30.2147764686686,2868734,-30.2381202166075,-538,685197,685.197,"Kette 2",10,12,-30.2264483426381,2026-08-09 15:13:17,NA,"08-09 15:13"
16,NA,NA,NA,NA,-541,685362,685.362,"Kette 2",13,13,NA,2026-08-09 15:13:17,NA,"08-09 15:13"
17,2897108,-30.4943346168137,2895749,-30.4821090598347,-535,686122,686.122,"Kette 2",16,20,-30.4882218383242,2026-08-09 15:13:17,NA,"08-09 15:13"
18,2923025,-30.7266094947124,2920507,-30.7041149130622,-540,686256,686.256,"Kette 2",21,21,-30.7153622038873,2026-08-09 15:13:17,NA,"08-09 15:13"
19,2945850,-30.9298154360485,2945460,-30.9263538916059,-546,686826,686.826,"Kette 2",26,22,-30.9280846638272,2026-08-09 15:13:17,NA,"08-09 15:13"
20,2963965,-31.0902003343001,2966826,-31.1154596918943,-550,686807,686.807,"Kette 2",30,24,-31.1028300130972,2026-08-09 15:13:17,NA,"08-09 15:13"
1,1765587,-18.0224265034214,1769301,-18.0741961534578,-529,682309,682.309,"Kette 1",1,34,-18.0483113284396,2026-08-10 15:13:17,NA,"08-10 15:13"
2,2510746,-26.8118593612046,2511339,-26.817865977107,-534,682263,682.263,"Kette 1",3,1,-26.8148626691558,2026-08-10 15:13:17,NA,"08-10 15:13"
3,2823858,-29.828687198258,2821557,-29.8075518505728,-527,682187,682.187,"Kette 1",5,3,-29.8181195244154,2026-08-10 15:13:17,NA,"08-10 15:13"
4,2871218,-30.2606317421441,2872142,-30.2690015891323,-551,682562,682.562,"Kette 1",8,5,-30.2648166656382,2026-08-10 15:13:17,NA,"08-10 15:13"
5,2872320,-30.2706137129865,2869644,-30.2463690157159,-546,682567,682.567,"Kette 1",10,6,-30.2584913643512,2026-08-10 15:13:17,NA,"08-10 15:13"
6,2872731,-30.2743357813546,2863258,-30.1884377801948,-546,682874,682.874,"Kette 1",13,7,-30.2313867807747,2026-08-10 15:13:17,NA,"08-10 15:13"
7,2894195,-30.468123641447,2899767,-30.5182416702211,-541,683368,683.368,"Kette 1",16,8,-30.493182655834,2026-08-10 15:13:17,NA,"08-10 15:13"
8,2933044,-30.8159615058687,2938481,-30.8643483046739,-538,683712,683.712,"Kette 1",21,15,-30.8401549052713,2026-08-10 15:13:17,NA,"08-10 15:13"
9,2949184,-30.9593923517385,2954307,-31.0047883217305,-543,684465,684.465,"Kette 1",26,16,-30.9820903367345,2026-08-10 15:13:17,NA,"08-10 15:13"
10,2964375,-31.0938213500145,2960075,-31.0558250891438,-581,684888,684.888,"Kette 1",30,17,-31.0748232195791,2026-08-10 15:13:17,NA,"08-10 15:13"
11,1760520,-17.9516296553866,1764224,-18.0034015359293,-487,682240,682.24,"Kette 2",1,33,-17.977515595658,2026-08-10 15:13:17,NA,"08-10 15:13"
12,2444990,-26.1381041228692,2449677,-26.1866431699151,-536,682238,682.238,"Kette 2",3,4,-26.1623736463921,2026-08-10 15:13:17,NA,"08-10 15:13"
13,2792138,-29.5360848231773,2795677,-29.5688644827362,-539,682387,682.387,"Kette 2",5,10,-29.5524746529568,2026-08-10 15:13:17,NA,"08-10 15:13"
14,2868203,-30.2333059316058,2870944,-30.2581493572459,-534,682452,682.452,"Kette 2",8,11,-30.2457276444259,2026-08-10 15:13:17,NA,"08-10 15:13"
15,2866468,-30.2175706280061,2869046,-30.2409486139269,-539,682822,682.822,"Kette 2",10,12,-30.2292596209665,2026-08-10 15:13:17,NA,"08-10 15:13"
16,NA,NA,NA,NA,-532,682987,682.987,"Kette 2",13,13,NA,2026-08-10 15:13:17,NA,"08-10 15:13"
17,2897159,-30.49479332299,2895780,-30.4823879869663,-537,683747,683.747,"Kette 2",16,20,-30.4885906549781,2026-08-10 15:13:17,NA,"08-10 15:13"
18,2922973,-30.7261451085743,2920462,-30.7037127642373,-547,683877,683.877,"Kette 2",21,21,-30.7149289364058,2026-08-10 15:13:17,NA,"08-10 15:13"
19,2945817,-30.9295225502389,2945428,-30.9260698512773,-544,684443,684.443,"Kette 2",26,22,-30.9277962007581,2026-08-10 15:13:17,NA,"08-10 15:13"
20,2963969,-31.0902356631986,2966824,-31.1154420409184,-555,684425,684.425,"Kette 2",30,24,-31.1028388520585,2026-08-10 15:13:17,NA,"08-10 15:13"
1,1767205,-18.0449926382377,1770915,-18.096661522425,-529,676363,676.363,"Kette 1",1,34,-18.0708270803313,2026-08-11 15:13:17,NA,"08-11 15:13"
2,2513619,-26.8409492321645,2514168,-26.8465047552646,-519,676313,676.313,"Kette 1",3,1,-26.8437269937145,2026-08-11 15:13:17,NA,"08-11 15:13"
3,2827509,-29.8621939727836,2825109,-29.8401721185919,-523,676235,676.235,"Kette 1",5,3,-29.8511830456878,2026-08-11 15:13:17,NA,"08-11 15:13"
4,2871124,-30.2597801425628,2872048,-30.2681502103438,-538,676610,676.61,"Kette 1",8,5,-30.2639651764533,2026-08-11 15:13:17,NA,"08-11 15:13"
5,2872846,-30.2753771591855,2870165,-30.2510907305682,-535,676611,676.611,"Kette 1",10,6,-30.2632339448768,2026-08-11 15:13:17,NA,"08-11 15:13"
6,2873747,-30.2835349659815,2864236,-30.197316559689,-540,676919,676.919,"Kette 1",13,7,-30.2404257628352,2026-08-11 15:13:17,NA,"08-11 15:13"
7,2895779,-30.4823789893543,2901406,-30.5329691556733,-535,677406,677.406,"Kette 1",16,8,-30.5076740725138,2026-08-11 15:13:17,NA,"08-11 15:13"
8,2934262,-30.8268073496093,2939728,-30.8754359828346,-552,677747,677.747,"Kette 1",21,15,-30.851121666222,2026-08-11 15:13:17,NA,"08-11 15:13"
9,2949791,-30.9647743729532,2954923,-31.0102426174551,-543,678498,678.498,"Kette 1",26,16,-30.9875084952042,2026-08-11 15:13:17,NA,"08-11 15:13"
10,2964686,-31.0965677584175,2960383,-31.0585481352494,-569,678914,678.914,"Kette 1",30,17,-31.0775579468335,2026-08-11 15:13:17,NA,"08-11 15:13"
11,1757329,-17.906944762645,1761017,-17.9585823980808,-490,676288,676.288,"Kette 2",1,33,-17.9327635803629,2026-08-11 15:13:17,NA,"08-11 15:13"
12,2440057,-26.0869302924343,2444710,-26.1352018631132,-546,676293,676.293,"Kette 2",3,4,-26.1110660777738,2026-08-11 15:13:17,NA,"08-11 15:13"
13,2788687,-29.5040875247582,2792238,-29.5370115300744,-548,676441,676.441,"Kette 2",5,10,-29.5205495274163,2026-08-11 15:13:17,NA,"08-11 15:13"
14,2867922,-30.2307579683237,2870661,-30.2555852336913,-536,676503,676.503,"Kette 2",8,11,-30.2431716010075,2026-08-11 15:13:17,NA,"08-11 15:13"
15,2866807,-30.2206457377148,2869368,-30.2438674049822,-537,676868,676.868,"Kette 2",10,12,-30.2322565713485,2026-08-11 15:13:17,NA,"08-11 15:13"
16,NA,NA,NA,NA,-537,677032,677.032,"Kette 2",13,13,NA,2026-08-11 15:13:17,NA,"08-11 15:13"
17,2897207,-30.4952250405339,2895847,-30.482990821293,-541,677786,677.786,"Kette 2",16,20,-30.4891079309134,2026-08-11 15:13:17,NA,"08-11 15:13"
18,2922962,-30.7260468722001,2920431,-30.7034357255016,-548,677915,677.915,"Kette 2",21,21,-30.7147412988509,2026-08-11 15:13:17,NA,"08-11 15:13"
19,2945799,-30.9293627932437,2945410,-30.9259100775146,-545,678472,678.472,"Kette 2",26,22,-30.9276364353792,2026-08-11 15:13:17,NA,"08-11 15:13"
20,2963983,-31.0903593140461,2966828,-31.1154773428607,-557,678454,678.454,"Kette 2",30,24,-31.1029183284534,2026-08-11 15:13:17,NA,"08-11 15:13"
1,1759551,-17.9380685211299,1763227,-17.9894763790519,-530,674516,674.516,"Kette 1",1,34,-17.9637724500909,2026-08-12 15:13:17,NA,"08-12 15:13"
2,2434788,-26.0321716667438,2434975,-26.0341168428293,-526,674480,674.48,"Kette 1",3,1,-26.0331442547865,2026-08-12 15:13:17,NA,"08-12 15:13"
3,2776528,-29.3910916883468,2773980,-29.3673612780934,-520,674400,674.4,"Kette 1",5,3,-29.3792264832201,2026-08-12 15:13:17,NA,"08-12 15:13"
4,2870203,-30.2514350896453,2871150,-30.2600156936313,-528,674769,674.769,"Kette 1",8,5,-30.2557253916383,2026-08-12 15:13:17,NA,"08-12 15:13"
5,2872360,-30.2709759769323,2869679,-30.2466862351027,-525,674768,674.768,"Kette 1",10,6,-30.2588311060175,2026-08-12 15:13:17,NA,"08-12 15:13"
6,2870896,-30.257714467244,2861488,-30.1723625975229,-540,675072,675.072,"Kette 1",13,7,-30.2150385323834,2026-08-12 15:13:17,NA,"08-12 15:13"
7,2888658,-30.4182436628898,2894109,-30.4673494976928,-532,675559,675.559,"Kette 1",16,8,-30.4427965802913,2026-08-12 15:13:17,NA,"08-12 15:13"
8,2929092,-30.7807456641989,2934419,-30.8282051161751,-543,675902,675.902,"Kette 1",21,15,-30.804475390187,2026-08-12 15:13:17,NA,"08-12 15:13"
9,2947417,-30.9437200741796,2952497,-30.9887566780473,-549,676649,676.649,"Kette 1",26,16,-30.9662383761134,2026-08-12 15:13:17,NA,"08-12 15:13"
10,2963674,-31.0876300556344,2959369,-31.0495824542499,-563,677068,677.068,"Kette 1",30,17,-31.0686062549422,2026-08-12 15:13:17,NA,"08-12 15:13"
11,1755322,-17.8788002398517,1758990,-17.9302140820404,-488,674454,674.454,"Kette 2",1,33,-17.9045071609461,2026-08-12 15:13:17,NA,"08-12 15:13"
12,2435141,-26.0358434680367,2439801,-26.0842721582815,-538,674451,674.451,"Kette 2",3,4,-26.0600578131591,2026-08-12 15:13:17,NA,"08-12 15:13"
13,2785202,-29.4717420889042,2788734,-29.5045235211683,-542,674605,674.605,"Kette 2",5,10,-29.4881328050362,2026-08-12 15:13:17,NA,"08-12 15:13"
14,2867582,-30.2276747542456,2870315,-30.2524500213367,-547,674666,674.666,"Kette 2",8,11,-30.2400623877911,2026-08-12 15:13:17,NA,"08-12 15:13"
15,2867110,-30.2233940388759,2869671,-30.2466137280893,-558,675034,675.034,"Kette 2",10,12,-30.2350038834826,2026-08-12 15:13:17,NA,"08-12 15:13"
16,NA,NA,NA,NA,-534,675193,675.193,"Kette 2",13,13,NA,2026-08-12 15:13:17,NA,"08-12 15:13"
17,2897242,-30.4955398309599,2895889,-30.4833687117326,-530,675948,675.948,"Kette 2",16,20,-30.4894542713462,2026-08-12 15:13:17,NA,"08-12 15:13"
18,2922931,-30.7257700226489,2920398,-30.7031408107188,-547,676072,676.072,"Kette 2",21,21,-30.7144554166839,2026-08-12 15:13:17,NA,"08-12 15:13"
19,2945769,-30.9290965298613,2945382,-30.9256615390081,-542,676627,676.627,"Kette 2",26,22,-30.9273790344347,2026-08-12 15:13:17,NA,"08-12 15:13"
20,2963985,-31.0903769784152,2966850,-31.1156715028709,-547,676610,676.61,"Kette 2",30,24,-31.103024240643,2026-08-12 15:13:17,NA,"08-12 15:13"
1,1752799,-17.8433761550999,1756407,-17.8940192010476,-527,680491,680.491,"Kette 1",1,34,-17.8686976780738,2026-08-13 15:13:17,NA,"08-13 15:13"
2,2413101,-25.80569771342,2413008,-25.8047227220772,-513,680453,680.453,"Kette 1",3,1,-25.8052102177486,2026-08-13 15:13:17,NA,"08-13 15:13"
3,2760317,-29.2398069446976,2757199,-29.2106253884812,-523,680373,680.373,"Kette 1",5,3,-29.2252161665894,2026-08-13 15:13:17,NA,"08-13 15:13"
4,2869198,-30.2423264612465,2870145,-30.2509094874726,-534,680740,680.74,"Kette 1",8,5,-30.2466179743595,2026-08-13 15:13:17,NA,"08-13 15:13"
5,2872358,-30.2709578638316,2869701,-30.2468856285495,-528,680741,680.741,"Kette 1",10,6,-30.2589217461906,2026-08-13 15:13:17,NA,"08-13 15:13"
6,2870910,-30.2578413107665,2861497,-30.1724443560419,-521,681051,681.051,"Kette 1",13,7,-30.2151428334042,2026-08-13 15:13:17,NA,"08-13 15:13"
7,2887525,-30.4080275879216,2892937,-30.4567976980094,-526,681543,681.543,"Kette 1",16,8,-30.4324126429655,2026-08-13 15:13:17,NA,"08-13 15:13"
8,2928214,-30.7729167607162,2933511,-30.8201203937536,-538,681883,681.883,"Kette 1",21,15,-30.7965185772349,2026-08-13 15:13:17,NA,"08-13 15:13"
9,2947060,-30.9405527824798,2952088,-30.9851329777141,-543,682641,682.641,"Kette 1",26,16,-30.9628428800969,2026-08-13 15:13:17,NA,"08-13 15:13"
10,2963609,-31.0870559110989,2959282,-31.0488130960234,-558,683067,683.067,"Kette 1",30,17,-31.0679345035611,2026-08-13 15:13:17,NA,"08-13 15:13"
11,1752676,-17.8416479343476,1756368,-17.8934723155001,-491,680427,680.427,"Kette 2",1,33,-17.8675601249239,2026-08-13 15:13:17,NA,"08-13 15:13"
12,2430084,-25.9831978830883,2434748,-26.0317555694609,-540,680427,680.427,"Kette 2",3,4,-26.0074767262746,2026-08-13 15:13:17,NA,"08-13 15:13"
13,2781595,-29.4382294185583,2785143,-29.4711942053314,-538,680582,680.582,"Kette 2",5,10,-29.4547118119449,2026-08-13 15:13:17,NA,"08-13 15:13"
14,2867157,-30.2238203220294,2869906,-30.2487435537016,-547,680643,680.643,"Kette 2",8,11,-30.2362819378655,2026-08-13 15:13:17,NA,"08-13 15:13"
15,2867302,-30.2251354153933,2869899,-30.2486801141192,-533,681015,681.015,"Kette 2",10,12,-30.2369077647562,2026-08-13 15:13:17,NA,"08-13 15:13"
16,NA,NA,NA,NA,-521,681174,681.174,"Kette 2",13,13,NA,2026-08-13 15:13:17,NA,"08-13 15:13"
17,2897250,-30.495611782629,2895890,-30.4833777090705,-531,681935,681.935,"Kette 2",16,20,-30.4894947458497,2026-08-13 15:13:17,NA,"08-13 15:13"
18,2922861,-30.7251448698803,2920318,-30.7024258547453,-547,682058,682.058,"Kette 2",21,21,-30.7137853623128,2026-08-13 15:13:17,NA,"08-13 15:13"
19,2945714,-30.9286083747298,2945321,-30.9251200736173,-532,682616,682.616,"Kette 2",26,22,-30.9268642241736,2026-08-13 15:13:17,NA,"08-13 15:13"
20,2963956,-31.0901208441403,2966816,-31.1153714369204,-559,682603,682.603,"Kette 2",30,24,-31.1027461405304,2026-08-13 15:13:17,NA,"08-13 15:13"
