"node","time","sensor","temp_C","counts"
1,2026-06-29 18:16:32,"ntc1_C",-5.55599736932533,1061919
1,2026-06-29 18:16:32,"ntc2_C",-6.08171687122393,1086055
1,2026-06-29 18:16:32,"testSB_C",-6.04032147309164,1082415
2,2026-06-29 18:16:32,"ntc1_C",-6.0530062890129,1083198
2,2026-06-29 18:16:32,"ntc2_C",-5.64843214075876,1064730
2,2026-06-29 18:16:32,"testSB_C",-5.98691579736982,1078627
3,2026-06-29 18:16:32,"ntc1_C",-5.67208019655698,1067607
3,2026-06-29 18:16:32,"ntc2_C",-5.56946853922085,1061286
3,2026-06-29 18:16:32,"testSB_C",-5.67681980692379,1067114
4,2026-06-29 18:16:32,"ntc1_C",-5.67530122626692,1065877
4,2026-06-29 18:16:32,"ntc2_C",-5.71296293160725,1069953
4,2026-06-29 18:16:32,"testSB_C",-5.47938910072452,1059124
5,2026-06-29 18:16:32,"ntc1_C",-5.35765733369107,1054306
5,2026-06-29 18:16:32,"ntc2_C",-5.7875558164132,1069707
5,2026-06-29 18:16:32,"testSB_C",-5.52263228450778,1062897
6,2026-06-29 18:16:32,"ntc1_C",-5.31296939432008,1052099
6,2026-06-29 18:16:32,"ntc2_C",-5.34121618706382,1052658
6,2026-06-29 18:16:32,"testSB_C",-5.12024726767942,1043856
7,2026-06-29 18:16:32,"ntc1_C",-5.18865362422196,1048872
7,2026-06-29 18:16:32,"ntc2_C",-5.24882048791608,1048900
7,2026-06-29 18:16:32,"testSB_C",-5.43203144238197,1057183
8,2026-06-29 18:16:32,"ntc1_C",-4.7281536120484,1025807
8,2026-06-29 18:16:32,"ntc2_C",-5.18762463160732,1046888
8,2026-06-29 18:16:32,"testSB_C",-5.16183839960337,1044241
9,2026-06-29 18:16:32,"ntc1_C",-4.86080695446611,1031498
9,2026-06-29 18:16:32,"ntc2_C",-5.10252525460538,1043967
9,2026-06-29 18:16:32,"testSB_C",-4.91585829530118,1033578
10,2026-06-29 18:16:32,"ntc1_C",-4.88671604607663,1035253
10,2026-06-29 18:16:32,"ntc2_C",-5.1512736526085,1044520
10,2026-06-29 18:16:32,"testSB_C",-4.82063214617176,1030413
11,2026-06-29 18:16:32,"ntc1_C",-4.78987363542007,1030226
11,2026-06-29 18:16:32,"ntc2_C",-5.06560428974865,1041792
11,2026-06-29 18:16:32,"testSB_C",-4.88695766653666,1033625
12,2026-06-29 18:16:32,"ntc1_C",-5.29339181707547,1052109
12,2026-06-29 18:16:32,"ntc2_C",-5.2493839583779,1047019
12,2026-06-29 18:16:32,"testSB_C",-5.16126496219658,1040403
13,2026-06-29 18:16:32,"ntc1_C",-4.88505188929543,1032646
13,2026-06-29 18:16:32,"ntc2_C",-5.22388809720502,1045857
13,2026-06-29 18:16:32,"testSB_C",-5.29504165424811,1048322
14,2026-06-29 18:16:32,"ntc1_C",-5.01600372658339,1040741
14,2026-06-29 18:16:32,"ntc2_C",-5.01404193985979,1038372
14,2026-06-29 18:16:32,"testSB_C",-5.26748239409756,1048519
15,2026-06-29 18:16:32,"ntc1_C",-5.28109895941685,1051446
15,2026-06-29 18:16:32,"ntc2_C",-5.20126509725748,1045383
15,2026-06-29 18:16:32,"testSB_C",-5.12171745096168,1040785
16,2026-06-29 18:16:32,"ntc1_C",-4.85047014960577,1033700
16,2026-06-29 18:16:32,"ntc2_C",-4.83055753896178,1030025
16,2026-06-29 18:16:32,"testSB_C",-5.38436094123568,1053470
17,2026-06-29 18:16:32,"ntc1_C",-4.95500845482542,1039502
17,2026-06-29 18:16:32,"ntc2_C",-5.01180010424912,1041413
17,2026-06-29 18:16:32,"testSB_C",-5.29842546022894,1053529
18,2026-06-29 18:16:32,"ntc1_C",-5.10238692152126,1044784
18,2026-06-29 18:16:32,"ntc2_C",-5.3735497308266,1053580
18,2026-06-29 18:16:32,"testSB_C",-5.52135517927121,1059535
19,2026-06-29 18:16:32,"ntc1_C",-5.21757813497896,1049240
19,2026-06-29 18:16:32,"ntc2_C",-5.20505161072242,1046268
19,2026-06-29 18:16:32,"testSB_C",-5.48818807395605,1057372
20,2026-06-29 18:16:32,"ntc1_C",-5.52076725777619,1059216
20,2026-06-29 18:16:32,"ntc2_C",-5.58449185724993,1064418
20,2026-06-29 18:16:32,"testSB_C",-5.514144742844,1062191
21,2026-06-29 18:16:32,"ntc1_C",-5.30754090198127,1050961
21,2026-06-29 18:16:32,"ntc2_C",-5.59327106878504,1064548
21,2026-06-29 18:16:32,"testSB_C",-5.55277705888585,1062243
22,2026-06-29 18:16:32,"ntc1_C",-5.47604125514613,1058252
22,2026-06-29 18:16:32,"ntc2_C",-5.77133538702805,1072622
22,2026-06-29 18:16:32,"testSB_C",-5.76260602408627,1073220
23,2026-06-29 18:16:32,"ntc1_C",-6.16642015190718,1090355
23,2026-06-29 18:16:32,"ntc2_C",-6.06131975637095,1084771
23,2026-06-29 18:16:32,"testSB_C",-6.23514595306455,1092569
24,2026-06-29 18:16:32,"ntc1_C",-5.93255461187073,1078133
24,2026-06-29 18:16:32,"ntc2_C",-5.4892847624393,1060434
1,2026-06-29 22:15:57,"ntc1_C",-7.41561977003215,1145426
1,2026-06-29 22:15:57,"ntc2_C",-7.21432140459484,1137292
1,2026-06-29 22:15:57,"testSB_C",-7.45423680094456,1146631
2,2026-06-29 22:15:57,"ntc1_C",-7.57674211588113,1152545
2,2026-06-29 22:15:57,"ntc2_C",-7.38669340919085,1142791
2,2026-06-29 22:15:57,"testSB_C",-7.43665305441067,1144210
3,2026-06-29 22:15:57,"ntc1_C",-7.33532716967642,1142381
3,2026-06-29 22:15:57,"ntc2_C",-7.00750522473743,1125266
3,2026-06-29 22:15:57,"testSB_C",-7.45949836210264,1147452
4,2026-06-29 22:15:57,"ntc1_C",-7.62777568161607,1154032
4,2026-06-29 22:15:57,"ntc2_C",-7.1152350548802,1132804
4,2026-06-29 22:15:57,"testSB_C",-7.53169389967184,1151421
5,2026-06-29 22:15:57,"ntc1_C",-6.95753779831119,1125177
5,2026-06-29 22:15:57,"ntc2_C",-7.36396788099302,1140617
5,2026-06-29 22:15:57,"testSB_C",-7.40998308652343,1147786
6,2026-06-29 22:15:57,"ntc1_C",-7.63296494817297,1156220
6,2026-06-29 22:15:57,"ntc2_C",-7.59165545940772,1153651
6,2026-06-29 22:15:57,"testSB_C",-7.64282265684875,1156746
7,2026-06-29 22:15:57,"ntc1_C",-7.64126498357155,1158978
7,2026-06-29 22:15:57,"ntc2_C",-7.45132507592575,1147314
7,2026-06-29 22:15:57,"testSB_C",-7.58497156696438,1154048
8,2026-06-29 22:15:57,"ntc1_C",-7.5231858743424,1149377
8,2026-06-29 22:15:57,"ntc2_C",-7.3110563039836,1141368
8,2026-06-29 22:15:57,"testSB_C",-7.68548549784185,1157189
9,2026-06-29 22:15:57,"ntc1_C",-7.67605575559122,1156567
9,2026-06-29 22:15:57,"ntc2_C",-7.52504315555558,1152087
9,2026-06-29 22:15:57,"testSB_C",-7.85945690420567,1165158
10,2026-06-29 22:15:57,"ntc1_C",-7.57891727458048,1155107
10,2026-06-29 22:15:57,"ntc2_C",-7.61124209539724,1154519
10,2026-06-29 22:15:57,"testSB_C",-7.80395216551256,1163426
11,2026-06-29 22:15:57,"ntc1_C",-7.53591909565068,1151948
11,2026-06-29 22:15:57,"ntc2_C",-7.15903468478712,1134403
11,2026-06-29 22:15:57,"testSB_C",-7.51632498417109,1150356
12,2026-06-29 22:15:57,"ntc1_C",-7.33750057414147,1143351
12,2026-06-29 22:15:57,"ntc2_C",-6.97920233118663,1123391
12,2026-06-29 22:15:57,"testSB_C",-7.91381559772839,1163347
13,2026-06-29 22:15:57,"ntc1_C",-7.54364570396734,1150517
13,2026-06-29 22:15:57,"ntc2_C",-7.30327690341642,1138231
13,2026-06-29 22:15:57,"testSB_C",-7.7715768630087,1159521
14,2026-06-29 22:15:57,"ntc1_C",-7.65870590665492,1158871
14,2026-06-29 22:15:57,"ntc2_C",-7.73020888901004,1159739
14,2026-06-29 22:15:57,"testSB_C",-7.89269658952719,1166959
15,2026-06-29 22:15:57,"ntc1_C",-7.63244513160879,1157058
15,2026-06-29 22:15:57,"ntc2_C",-7.61180514943442,1153192
15,2026-06-29 22:15:57,"testSB_C",-8.06799710474274,1173134
16,2026-06-29 22:15:57,"ntc1_C",-8.10530825094565,1180172
16,2026-06-29 22:15:57,"ntc2_C",-7.5130733900408,1148792
16,2026-06-29 22:15:57,"testSB_C",-7.61945930881308,1153719
17,2026-06-29 22:15:57,"ntc1_C",-7.88618966379926,1171146
17,2026-06-29 22:15:57,"ntc2_C",-7.40016858922166,1147735
17,2026-06-29 22:15:57,"testSB_C",-7.95434457917753,1173809
18,2026-06-29 22:15:57,"ntc1_C",-7.94643701780075,1173033
18,2026-06-29 22:15:57,"ntc2_C",-7.55391179343462,1151351
18,2026-06-29 22:15:57,"testSB_C",-8.11021581861002,1176951
19,2026-06-29 22:15:57,"ntc1_C",-7.97831401588536,1174005
19,2026-06-29 22:15:57,"ntc2_C",-7.60852177715628,1153768
19,2026-06-29 22:15:57,"testSB_C",-7.94598358426481,1168594
20,2026-06-29 22:15:57,"ntc1_C",-8.08892757081998,1175926
20,2026-06-29 22:15:57,"ntc2_C",-7.86415188233468,1167965
20,2026-06-29 22:15:57,"testSB_C",-7.88611857984336,1169896
21,2026-06-29 22:15:57,"ntc1_C",-7.7348513243773,1160149
21,2026-06-29 22:15:57,"ntc2_C",-7.52571501885188,1151681
21,2026-06-29 22:15:57,"testSB_C",-7.58390737242092,1154002
22,2026-06-29 22:15:57,"ntc1_C",-7.79744037722145,1163016
22,2026-06-29 22:15:57,"ntc2_C",-7.49606112961459,1150638
22,2026-06-29 22:15:57,"testSB_C",-7.81014213765525,1166533
23,2026-06-29 22:15:57,"ntc1_C",-8.0010196064876,1174978
23,2026-06-29 22:15:57,"ntc2_C",-7.83205892023165,1165966
23,2026-06-29 22:15:57,"testSB_C",-7.85488089310843,1167124
24,2026-06-29 22:15:57,"ntc1_C",-8.03515563854864,1174379
24,2026-06-29 22:15:57,"ntc2_C",-7.49981473916512,1150850
1,2026-06-30 02:15:57,"ntc1_C",-13.4886740470167,1467628
1,2026-06-30 02:15:57,"ntc2_C",-13.5528217301948,1472902
1,2026-06-30 02:15:57,"testSB_C",-13.4821206796369,1466796
2,2026-06-30 02:15:57,"ntc1_C",-13.5551196484772,1471085
2,2026-06-30 02:15:57,"ntc2_C",-13.5407384283845,1469031
2,2026-06-30 02:15:57,"testSB_C",-13.5043935242109,1465727
3,2026-06-30 02:15:57,"ntc1_C",-13.4031077304673,1463306
3,2026-06-30 02:15:57,"ntc2_C",-13.4371817590097,1462956
3,2026-06-30 02:15:57,"testSB_C",-13.4819830290865,1467225
4,2026-06-30 02:15:57,"ntc1_C",-13.4788303968083,1465254
4,2026-06-30 02:15:57,"ntc2_C",-13.4637993653775,1467846
4,2026-06-30 02:15:57,"testSB_C",-13.4177625261507,1464128
5,2026-06-30 02:15:57,"ntc1_C",-13.4289690860986,1464961
5,2026-06-30 02:15:57,"ntc2_C",-13.4729265371238,1463635
5,2026-06-30 02:15:57,"testSB_C",-13.4725683019847,1470027
6,2026-06-30 02:15:57,"ntc1_C",-13.4360658369064,1464933
6,2026-06-30 02:15:57,"ntc2_C",-13.432772065859,1464248
6,2026-06-30 02:15:57,"testSB_C",-13.4279394950664,1464864
7,2026-06-30 02:15:57,"ntc1_C",-13.3972767613539,1465842
7,2026-06-30 02:15:57,"ntc2_C",-13.4205388931559,1463954
7,2026-06-30 02:15:57,"testSB_C",-13.4532142441374,1466386
8,2026-06-30 02:15:57,"ntc1_C",-13.3350061770717,1457106
8,2026-06-30 02:15:57,"ntc2_C",-13.3555272765404,1460629
8,2026-06-30 02:15:57,"testSB_C",-13.4270611219231,1462715
9,2026-06-30 02:15:57,"ntc1_C",-13.3789137439999,1459100
9,2026-06-30 02:15:57,"ntc2_C",-13.3196180207869,1459301
9,2026-06-30 02:15:57,"testSB_C",-13.4130990397134,1461697
10,2026-06-30 02:15:57,"ntc1_C",-13.3211893078168,1460152
10,2026-06-30 02:15:57,"ntc2_C",-13.3180067432722,1457327
10,2026-06-30 02:15:57,"testSB_C",-13.4207536127886,1463203
11,2026-06-30 02:15:57,"ntc1_C",-13.2776737758166,1456012
11,2026-06-30 02:15:57,"ntc2_C",-13.3516653380177,1460502
11,2026-06-30 02:15:57,"testSB_C",-13.3011045449068,1456696
12,2026-06-30 02:15:57,"ntc1_C",-13.3702618181381,1462450
12,2026-06-30 02:15:57,"ntc2_C",-13.2588535867959,1451648
12,2026-06-30 02:15:57,"testSB_C",-13.4068622130015,1454713
13,2026-06-30 02:15:57,"ntc1_C",-13.2400013835859,1451253
13,2026-06-30 02:15:57,"ntc2_C",-13.3463754429365,1456682
13,2026-06-30 02:15:57,"testSB_C",-13.322045362733,1454372
14,2026-06-30 02:15:57,"ntc1_C",-13.2893479673692,1458036
14,2026-06-30 02:15:57,"ntc2_C",-13.263773794665,1453615
14,2026-06-30 02:15:57,"testSB_C",-13.2892863336234,1454671
15,2026-06-30 02:15:57,"ntc1_C",-13.2448531405731,1454907
15,2026-06-30 02:15:57,"ntc2_C",-13.299811324668,1454668
15,2026-06-30 02:15:57,"testSB_C",-13.3826078074755,1455876
16,2026-06-30 02:15:57,"ntc1_C",-13.3389146290227,1461301
16,2026-06-30 02:15:57,"ntc2_C",-13.2882295393435,1454081
16,2026-06-30 02:15:57,"testSB_C",-13.2976222096609,1453717
17,2026-06-30 02:15:57,"ntc1_C",-13.2502792260037,1457601
17,2026-06-30 02:15:57,"ntc2_C",-13.280358650556,1459101
17,2026-06-30 02:15:57,"testSB_C",-13.2690712707798,1458091
18,2026-06-30 02:15:57,"ntc1_C",-13.2095356352715,1454176
18,2026-06-30 02:15:57,"ntc2_C",-13.2059599868286,1450068
18,2026-06-30 02:15:57,"testSB_C",-13.316945872253,1454420
19,2026-06-30 02:15:57,"ntc1_C",-13.2059260424612,1453155
19,2026-06-30 02:15:57,"ntc2_C",-13.2559893836866,1452797
19,2026-06-30 02:15:57,"testSB_C",-13.2755462065426,1451897
20,2026-06-30 02:15:57,"ntc1_C",-13.2775168915597,1453143
20,2026-06-30 02:15:57,"ntc2_C",-13.2514720345955,1455276
20,2026-06-30 02:15:57,"testSB_C",-13.2390830080417,1455600
21,2026-06-30 02:15:57,"ntc1_C",-13.1049394784831,1444572
21,2026-06-30 02:15:57,"ntc2_C",-13.2123195702789,1452553
21,2026-06-30 02:15:57,"testSB_C",-13.1607282398299,1449209
22,2026-06-30 02:15:57,"ntc1_C",-13.1710837013793,1447774
22,2026-06-30 02:15:57,"ntc2_C",-13.1549381953933,1449526
22,2026-06-30 02:15:57,"testSB_C",-13.2356977084615,1455681
23,2026-06-30 02:15:57,"ntc1_C",-13.2248082680949,1454249
23,2026-06-30 02:15:57,"ntc2_C",-13.1867689976754,1451035
23,2026-06-30 02:15:57,"testSB_C",-13.201045672238,1451883
24,2026-06-30 02:15:57,"ntc1_C",-13.2164621300946,1450371
24,2026-06-30 02:15:57,"ntc2_C",-13.2061121125854,1452536
1,2026-06-30 06:15:57,"ntc1_C",-18.9167656456943,1830546
1,2026-06-30 06:15:57,"ntc2_C",-19.4744945017334,1873961
1,2026-06-30 06:15:57,"testSB_C",-18.8653720216595,1826494
2,2026-06-30 06:15:57,"ntc1_C",-18.997137242284,1835868
2,2026-06-30 06:15:57,"ntc2_C",-19.3303765575856,1859209
2,2026-06-30 06:15:57,"testSB_C",-18.9731223593237,1831172
3,2026-06-30 06:15:57,"ntc1_C",-18.7565386119327,1819542
3,2026-06-30 06:15:57,"ntc2_C",-19.2427688605421,1852923
3,2026-06-30 06:15:57,"testSB_C",-18.9219234140774,1830927
4,2026-06-30 06:15:57,"ntc1_C",-18.8193395805579,1821076
4,2026-06-30 06:15:57,"ntc2_C",-19.3482149563159,1864978
4,2026-06-30 06:15:57,"testSB_C",-18.6672192266018,1813041
5,2026-06-30 06:15:57,"ntc1_C",-19.3480532782875,1863549
5,2026-06-30 06:15:57,"ntc2_C",-19.1920709847742,1847280
5,2026-06-30 06:15:57,"testSB_C",-18.7976628251336,1825851
6,2026-06-30 06:15:57,"ntc1_C",-18.6182141992212,1808579
6,2026-06-30 06:15:57,"ntc2_C",-18.9690427581936,1834328
6,2026-06-30 06:15:57,"testSB_C",-18.7704840109907,1820800
7,2026-06-30 06:15:57,"ntc1_C",-18.6283102840106,1813644
7,2026-06-30 06:15:57,"ntc2_C",-18.9484868821908,1833499
7,2026-06-30 06:15:57,"testSB_C",-18.905104744823,1830649
8,2026-06-30 06:15:57,"ntc1_C",-18.5784164137933,1803912
8,2026-06-30 06:15:57,"ntc2_C",-18.8382544448656,1825771
8,2026-06-30 06:15:57,"testSB_C",-18.7682159010204,1817916
9,2026-06-30 06:15:57,"ntc1_C",-18.5062026539187,1796906
9,2026-06-30 06:15:57,"ntc2_C",-18.5849246136176,1808015
9,2026-06-30 06:15:57,"testSB_C",-18.5761608857478,1803780
10,2026-06-30 06:15:57,"ntc1_C",-18.5575683052106,1807091
10,2026-06-30 06:15:57,"ntc2_C",-18.6032464945675,1807235
10,2026-06-30 06:15:57,"testSB_C",-18.77624167069,1819668
11,2026-06-30 06:15:57,"ntc1_C",-18.5129311806128,1801775
11,2026-06-30 06:15:57,"ntc2_C",-19.1534755800912,1849397
11,2026-06-30 06:15:57,"testSB_C",-18.6425253884939,1810578
12,2026-06-30 06:15:57,"ntc1_C",-19.1520731497841,1850357
12,2026-06-30 06:15:57,"ntc2_C",-18.9951206713157,1833642
12,2026-06-30 06:15:57,"testSB_C",-18.6821412741548,1802036
13,2026-06-30 06:15:57,"ntc1_C",-18.4109241029171,1790815
13,2026-06-30 06:15:57,"ntc2_C",-19.1709351893212,1846481
13,2026-06-30 06:15:57,"testSB_C",-18.5705057034378,1800953
14,2026-06-30 06:15:57,"ntc1_C",-18.6358825043255,1812120
14,2026-06-30 06:15:57,"ntc2_C",-18.5369662631087,1801824
14,2026-06-30 06:15:57,"testSB_C",-18.3786535173454,1789448
15,2026-06-30 06:15:57,"ntc1_C",-18.4800464617938,1800570
15,2026-06-30 06:15:57,"ntc2_C",-18.861234871049,1824449
15,2026-06-30 06:15:57,"testSB_C",-18.6778974983286,1803446
16,2026-06-30 06:15:57,"ntc1_C",-18.6052751890819,1810800
16,2026-06-30 06:15:57,"ntc2_C",-18.9829488202072,1833373
16,2026-06-30 06:15:57,"testSB_C",-18.8132394367236,1817837
17,2026-06-30 06:15:57,"ntc1_C",-18.3964433071771,1797093
17,2026-06-30 06:15:57,"ntc2_C",-19.0388447323174,1844559
17,2026-06-30 06:15:57,"testSB_C",-18.5494188690079,1807699
18,2026-06-30 06:15:57,"ntc1_C",-18.2601807581878,1786327
18,2026-06-30 06:15:57,"ntc2_C",-18.7083441540129,1814229
18,2026-06-30 06:15:57,"testSB_C",-18.3229452374187,1781504
19,2026-06-30 06:15:57,"ntc1_C",-18.2967700036184,1787854
19,2026-06-30 06:15:57,"ntc2_C",-18.8874179732004,1827084
19,2026-06-30 06:15:57,"testSB_C",-18.592770552644,1801344
20,2026-06-30 06:15:57,"ntc1_C",-18.4350137110281,1792417
20,2026-06-30 06:15:57,"ntc2_C",-18.7792980885473,1822647
20,2026-06-30 06:15:57,"testSB_C",-18.470691389116,1801228
21,2026-06-30 06:15:57,"ntc1_C",-18.0769674526129,1769026
21,2026-06-30 06:15:57,"ntc2_C",-18.7406927869738,1819231
21,2026-06-30 06:15:57,"testSB_C",-18.4898337849767,1800121
22,2026-06-30 06:15:57,"ntc1_C",-18.2245076426773,1777966
22,2026-06-30 06:15:57,"ntc2_C",-18.324474983835,1789151
22,2026-06-30 06:15:57,"testSB_C",-18.3008617958475,1789152
23,2026-06-30 06:15:57,"ntc1_C",-18.3167317857981,1789325
23,2026-06-30 06:15:57,"ntc2_C",-18.3727617894095,1792493
23,2026-06-30 06:15:57,"testSB_C",-18.1478605701009,1776123
24,2026-06-30 06:15:57,"ntc1_C",-18.0942490878535,1768268
24,2026-06-30 06:15:57,"ntc2_C",-18.6663988253201,1813973
1,2026-06-30 10:15:57,"ntc1_C",-13.8285691320522,1488131
1,2026-06-30 10:15:57,"ntc2_C",-14.9354951850607,1558343
1,2026-06-30 10:15:57,"testSB_C",-13.9423282323914,1494631
2,2026-06-30 10:15:57,"ntc1_C",-14.0242974600815,1499527
2,2026-06-30 10:15:57,"ntc2_C",-14.5789197214926,1532590
2,2026-06-30 10:15:57,"testSB_C",-14.1193346094408,1502977
3,2026-06-30 10:15:57,"ntc1_C",-13.8965794218775,1493069
3,2026-06-30 10:15:57,"ntc2_C",-14.7306188196767,1542255
3,2026-06-30 10:15:57,"testSB_C",-14.2708972746527,1515235
4,2026-06-30 10:15:57,"ntc1_C",-14.0114333485993,1497450
4,2026-06-30 10:15:57,"ntc2_C",-14.9895946710918,1562130
4,2026-06-30 10:15:57,"testSB_C",-13.8784383110072,1491920
5,2026-06-30 10:15:57,"ntc1_C",-15.1813129912392,1573432
5,2026-06-30 10:15:57,"ntc2_C",-14.8346575125729,1547270
5,2026-06-30 10:15:57,"testSB_C",-14.2542061965365,1517673
6,2026-06-30 10:15:57,"ntc1_C",-13.904098818117,1493156
6,2026-06-30 10:15:57,"ntc2_C",-14.2149898428947,1511743
6,2026-06-30 10:15:57,"testSB_C",-14.1626531467946,1509456
7,2026-06-30 10:15:57,"ntc1_C",-14.1098833556534,1509086
7,2026-06-30 10:15:57,"ntc2_C",-14.5616971189132,1533760
7,2026-06-30 10:15:57,"testSB_C",-14.7455234618317,1545771
8,2026-06-30 10:15:57,"ntc1_C",-14.0167470480364,1498221
8,2026-06-30 10:15:57,"ntc2_C",-14.6154371440358,1537665
8,2026-06-30 10:15:57,"testSB_C",-14.4296872390083,1523789
9,2026-06-30 10:15:57,"ntc1_C",-14.0546364685082,1499807
9,2026-06-30 10:15:57,"ntc2_C",-14.349414805294,1521901
9,2026-06-30 10:15:57,"testSB_C",-14.1114561048816,1503968
10,2026-06-30 10:15:57,"ntc1_C",-14.244133012458,1516191
10,2026-06-30 10:15:57,"ntc2_C",-14.4461041979738,1525982
10,2026-06-30 10:15:57,"testSB_C",-14.3508284307379,1519806
11,2026-06-30 10:15:57,"ntc1_C",-14.3272154708268,1519702
11,2026-06-30 10:15:57,"ntc2_C",-15.3999717307341,1587753
11,2026-06-30 10:15:57,"testSB_C",-14.4572523246928,1527068
12,2026-06-30 10:15:57,"ntc1_C",-15.4099859870603,1589313
12,2026-06-30 10:15:57,"ntc2_C",-15.208050385904,1571852
12,2026-06-30 10:15:57,"testSB_C",-14.4882044733835,1520131
13,2026-06-30 10:15:57,"ntc1_C",-14.0772959874765,1501630
13,2026-06-30 10:15:57,"ntc2_C",-15.4891263955599,1589773
13,2026-06-30 10:15:57,"testSB_C",-14.352075722128,1516817
14,2026-06-30 10:15:57,"ntc1_C",-14.5102710339546,1532436
14,2026-06-30 10:15:57,"ntc2_C",-14.3664131717788,1520523
14,2026-06-30 10:15:57,"testSB_C",-14.4005848504143,1522143
15,2026-06-30 10:15:57,"ntc1_C",-14.5116208603285,1532087
15,2026-06-30 10:15:57,"ntc2_C",-14.9934623683524,1558786
15,2026-06-30 10:15:57,"testSB_C",-14.5690542243616,1527630
16,2026-06-30 10:15:57,"ntc1_C",-14.4168225661863,1527021
16,2026-06-30 10:15:57,"ntc2_C",-15.1711591167484,1570168
16,2026-06-30 10:15:57,"testSB_C",-14.9638855077631,1555558
17,2026-06-30 10:15:57,"ntc1_C",-14.3055896474436,1521696
17,2026-06-30 10:15:57,"ntc2_C",-15.3544269819221,1587948
17,2026-06-30 10:15:57,"testSB_C",-14.5307877484166,1535101
18,2026-06-30 10:15:57,"ntc1_C",-14.1298535943054,1509839
18,2026-06-30 10:15:57,"ntc2_C",-14.8989846476086,1553783
18,2026-06-30 10:15:57,"testSB_C",-14.1562486002831,1504861
19,2026-06-30 10:15:57,"ntc1_C",-14.2135975947409,1514143
19,2026-06-30 10:15:57,"ntc2_C",-15.1202416149378,1567591
19,2026-06-30 10:15:57,"testSB_C",-14.5561690349103,1529521
20,2026-06-30 10:15:57,"ntc1_C",-14.3592843073872,1518681
20,2026-06-30 10:15:57,"ntc2_C",-15.0237908318874,1564427
20,2026-06-30 10:15:57,"testSB_C",-14.5150848104899,1533405
21,2026-06-30 10:15:57,"ntc1_C",-14.1474835282878,1507389
21,2026-06-30 10:15:57,"ntc2_C",-14.904886953683,1556416
21,2026-06-30 10:15:57,"testSB_C",-14.6145190637776,1537755
22,2026-06-30 10:15:57,"ntc1_C",-14.1770209815627,1508343
22,2026-06-30 10:15:57,"ntc2_C",-14.422002803148,1526436
22,2026-06-30 10:15:57,"testSB_C",-14.4009296173036,1526567
23,2026-06-30 10:15:57,"ntc1_C",-14.4952500084669,1531626
23,2026-06-30 10:15:57,"ntc2_C",-14.4309534463056,1526663
23,2026-06-30 10:15:57,"testSB_C",-14.107647647606,1506634
24,2026-06-30 10:15:57,"ntc1_C",-13.8984553961311,1491214
24,2026-06-30 10:15:57,"ntc2_C",-14.7910278865775,1549530
1,2026-06-30 14:15:57,"ntc1_C",-9.27343527433283,1235580
1,2026-06-30 14:15:57,"ntc2_C",-9.12701552742277,1229505
1,2026-06-30 14:15:57,"testSB_C",-9.63903888532366,1253608
2,2026-06-30 14:15:57,"ntc1_C",-9.72623892462866,1258167
2,2026-06-30 14:15:57,"ntc2_C",-8.99809380130586,1220390
2,2026-06-30 14:15:57,"testSB_C",-9.61399290996718,1250462
3,2026-06-30 14:15:57,"ntc1_C",-9.42153812934413,1243805
3,2026-06-30 14:15:57,"ntc2_C",-8.96393730423597,1218715
3,2026-06-30 14:15:57,"testSB_C",-9.67736245290519,1256105
4,2026-06-30 14:15:57,"ntc1_C",-9.683092023911,1254923
4,2026-06-30 14:15:57,"ntc2_C",-8.75228064336437,1210989
4,2026-06-30 14:15:57,"testSB_C",-9.5233230301971,1248867
5,2026-06-30 14:15:57,"ntc1_C",-8.7473840894715,1210278
5,2026-06-30 14:15:57,"ntc2_C",-9.43549569807067,1241176
5,2026-06-30 14:15:57,"testSB_C",-9.58219236781702,1254122
6,2026-06-30 14:15:57,"ntc1_C",-9.76942457599296,1261418
6,2026-06-30 14:15:57,"ntc2_C",-9.43548483918619,1243758
6,2026-06-30 14:15:57,"testSB_C",-9.6234449113486,1254090
7,2026-06-30 14:15:57,"ntc1_C",-9.69075643026184,1260019
7,2026-06-30 14:15:57,"ntc2_C",-9.5313668870395,1248936
7,2026-06-30 14:15:57,"testSB_C",-9.77961698505408,1262142
8,2026-06-30 14:15:57,"ntc1_C",-9.49723531445653,1245757
8,2026-06-30 14:15:57,"ntc2_C",-9.3954225227223,1242613
8,2026-06-30 14:15:57,"testSB_C",-9.89933036801517,1266537
9,2026-06-30 14:15:57,"ntc1_C",-9.8090557375611,1261547
9,2026-06-30 14:15:57,"ntc2_C",-9.71075411450062,1259461
9,2026-06-30 14:15:57,"testSB_C",-9.90244462515528,1266454
10,2026-06-30 14:15:57,"ntc1_C",-9.66985679711934,1257937
10,2026-06-30 14:15:57,"ntc2_C",-9.68337301508825,1256343
10,2026-06-30 14:15:57,"testSB_C",-9.61493564053558,1252624
11,2026-06-30 14:15:57,"ntc1_C",-9.60155321228012,1253160
11,2026-06-30 14:15:57,"ntc2_C",-9.1141564062138,1228519
11,2026-06-30 14:15:57,"testSB_C",-9.53191102641296,1248921
12,2026-06-30 14:15:57,"ntc1_C",-9.32056895269017,1239627
12,2026-06-30 14:15:57,"ntc2_C",-9.12536104541238,1226150
12,2026-06-30 14:15:57,"testSB_C",-9.94184512495173,1263362
13,2026-06-30 14:15:57,"ntc1_C",-9.46033026891763,1243962
13,2026-06-30 14:15:57,"ntc2_C",-9.12390343533099,1225966
13,2026-06-30 14:15:57,"testSB_C",-9.77148102161829,1258087
14,2026-06-30 14:15:57,"ntc1_C",-9.65044398906116,1256891
14,2026-06-30 14:15:57,"ntc2_C",-9.69373154836438,1256446
14,2026-06-30 14:15:57,"testSB_C",-9.74527171575625,1258652
15,2026-06-30 14:15:57,"ntc1_C",-9.60146650841227,1253818
15,2026-06-30 14:15:57,"ntc2_C",-9.45565162025298,1243295
15,2026-06-30 14:15:57,"testSB_C",-10.0406633880895,1271079
16,2026-06-30 14:15:57,"ntc1_C",-9.84834097458258,1267171
16,2026-06-30 14:15:57,"ntc2_C",-9.16503936723126,1228833
16,2026-06-30 14:15:57,"testSB_C",-9.71064621078176,1256241
17,2026-06-30 14:15:57,"ntc1_C",-9.82854232875513,1267664
17,2026-06-30 14:15:57,"ntc2_C",-9.0758234464268,1228917
17,2026-06-30 14:15:57,"testSB_C",-9.90640033205062,1271087
18,2026-06-30 14:15:57,"ntc1_C",-9.99745217217003,1275422
18,2026-06-30 14:15:57,"ntc2_C",-9.51487376183508,1247211
18,2026-06-30 14:15:57,"testSB_C",-10.03747166837,1272869
19,2026-06-30 14:15:57,"ntc1_C",-9.91642813016563,1270571
19,2026-06-30 14:15:57,"ntc2_C",-9.1686345174495,1229545
19,2026-06-30 14:15:57,"testSB_C",-9.77499102986877,1258983
20,2026-06-30 14:15:57,"ntc1_C",-9.98395333705315,1270402
20,2026-06-30 14:15:57,"ntc2_C",-9.46036277930011,1246554
20,2026-06-30 14:15:57,"testSB_C",-9.82799153263602,1266348
21,2026-06-30 14:15:57,"ntc1_C",-9.71365979044992,1257714
21,2026-06-30 14:15:57,"ntc2_C",-9.35079918106402,1240678
21,2026-06-30 14:15:57,"testSB_C",-9.62191340510503,1254165
22,2026-06-30 14:15:57,"ntc1_C",-9.64394094115715,1253873
22,2026-06-30 14:15:57,"ntc2_C",-9.60326401613224,1253887
22,2026-06-30 14:15:57,"testSB_C",-9.83728663144763,1267095
23,2026-06-30 14:15:57,"ntc1_C",-10.0682438365452,1278391
23,2026-06-30 14:15:57,"ntc2_C",-9.64345628337668,1255458
23,2026-06-30 14:15:57,"testSB_C",-9.71044918684248,1258947
24,2026-06-30 14:15:57,"ntc1_C",-9.79610103365212,1261694
24,2026-06-30 14:15:57,"ntc2_C",-9.06851948437048,1226852
1,2026-06-30 18:15:57,"ntc1_C",-6.22152362621273,1091060
1,2026-06-30 18:15:57,"ntc2_C",-5.70586337098621,1069582
1,2026-06-30 18:15:57,"testSB_C",-6.47050422996739,1101552
2,2026-06-30 18:15:57,"ntc1_C",-6.57490133087879,1106454
2,2026-06-30 18:15:57,"ntc2_C",-5.83860690188283,1072996
2,2026-06-30 18:15:57,"testSB_C",-6.44353933561212,1098856
3,2026-06-30 18:15:57,"ntc1_C",-6.24088452999183,1092595
3,2026-06-30 18:15:57,"ntc2_C",-5.53104836822536,1059629
3,2026-06-30 18:15:57,"testSB_C",-6.42694329079842,1100190
4,2026-06-30 18:15:57,"ntc1_C",-6.62729998295038,1107960
4,2026-06-30 18:15:57,"ntc2_C",-5.22920375990628,1049114
4,2026-06-30 18:15:57,"testSB_C",-6.38416200828567,1098838
5,2026-06-30 18:15:57,"ntc1_C",-5.11087383698703,1043791
5,2026-06-30 18:15:57,"ntc2_C",-6.08219219824485,1082607
5,2026-06-30 18:15:57,"testSB_C",-6.36362614441163,1099896
6,2026-06-30 18:15:57,"ntc1_C",-6.65774976412882,1111219
6,2026-06-30 18:15:57,"ntc2_C",-6.42345132801671,1100039
6,2026-06-30 18:15:57,"testSB_C",-6.54668521764387,1106224
7,2026-06-30 18:15:57,"ntc1_C",-6.57267749458595,1109614
7,2026-06-30 18:15:57,"ntc2_C",-6.22531333077654,1091414
7,2026-06-30 18:15:57,"testSB_C",-6.49215841398063,1103791
8,2026-06-30 18:15:57,"ntc1_C",-6.43211786012387,1099411
8,2026-06-30 18:15:57,"ntc2_C",-6.08311476477854,1085710
8,2026-06-30 18:15:57,"testSB_C",-6.73296015507867,1113151
9,2026-06-30 18:15:57,"ntc1_C",-6.62290361545985,1108054
9,2026-06-30 18:15:57,"ntc2_C",-6.47935196187348,1104069
9,2026-06-30 18:15:57,"testSB_C",-6.79605381224775,1115742
10,2026-06-30 18:15:57,"ntc1_C",-6.5639150919742,1108326
10,2026-06-30 18:15:57,"ntc2_C",-6.53781029614578,1105124
10,2026-06-30 18:15:57,"testSB_C",-6.66313687694856,1110591
11,2026-06-30 18:15:57,"ntc1_C",-6.48497262758536,1103701
11,2026-06-30 18:15:57,"ntc2_C",-5.57843722020311,1063733
11,2026-06-30 18:15:57,"testSB_C",-6.43684131733625,1100872
12,2026-06-30 18:15:57,"ntc1_C",-5.789790067208,1073553
12,2026-06-30 18:15:57,"ntc2_C",-5.52257988024792,1058715
12,2026-06-30 18:15:57,"testSB_C",-6.88584699453673,1115773
13,2026-06-30 18:15:57,"ntc1_C",-6.43004469821665,1099546
13,2026-06-30 18:15:57,"ntc2_C",-5.60275665687232,1062093
13,2026-06-30 18:15:57,"testSB_C",-6.70833913979226,1110365
14,2026-06-30 18:15:57,"ntc1_C",-6.59018695333151,1109532
14,2026-06-30 18:15:57,"ntc2_C",-6.60666530749893,1107856
14,2026-06-30 18:15:57,"testSB_C",-6.64110374808075,1108875
15,2026-06-30 18:15:57,"ntc1_C",-6.49924980637553,1104862
15,2026-06-30 18:15:57,"ntc2_C",-6.21587388930777,1089437
15,2026-06-30 18:15:57,"testSB_C",-6.93432912936839,1120308
16,2026-06-30 18:15:57,"ntc1_C",-6.95505244599684,1126116
16,2026-06-30 18:15:57,"ntc2_C",-5.82228898692807,1072385
16,2026-06-30 18:15:57,"testSB_C",-6.35585145968355,1095908
17,2026-06-30 18:15:57,"ntc1_C",-6.76489152947391,1118872
17,2026-06-30 18:15:57,"ntc2_C",-5.55177813681678,1064528
17,2026-06-30 18:15:57,"testSB_C",-6.77760736886336,1118867
18,2026-06-30 18:15:57,"ntc1_C",-6.86232220494816,1122338
18,2026-06-30 18:15:57,"ntc2_C",-6.15040944637548,1087396
18,2026-06-30 18:15:57,"testSB_C",-6.86860841983565,1119067
19,2026-06-30 18:15:57,"ntc1_C",-6.82797289636289,1120262
19,2026-06-30 18:15:57,"ntc2_C",-5.85375161994978,1074224
19,2026-06-30 18:15:57,"testSB_C",-6.6563920067847,1108828
20,2026-06-30 18:15:57,"ntc1_C",-6.92337211419402,1121403
20,2026-06-30 18:15:57,"ntc2_C",-6.31023723483202,1096317
20,2026-06-30 18:15:57,"testSB_C",-6.63147758906501,1111596
21,2026-06-30 18:15:57,"ntc1_C",-6.5680823360176,1106278
21,2026-06-30 18:15:57,"ntc2_C",-5.91111137594277,1078399
21,2026-06-30 18:15:57,"testSB_C",-6.25697783146029,1093182
22,2026-06-30 18:15:57,"ntc1_C",-6.51334113967948,1103813
22,2026-06-30 18:15:57,"ntc2_C",-6.20865719368823,1091874
22,2026-06-30 18:15:57,"testSB_C",-6.45819148750837,1104028
23,2026-06-30 18:15:57,"ntc1_C",-6.79172966190657,1118473
23,2026-06-30 18:15:57,"ntc2_C",-6.33581229282862,1096967
23,2026-06-30 18:15:57,"testSB_C",-6.59574657683379,1108733
24,2026-06-30 18:15:57,"ntc1_C",-6.74900130084836,1114509
24,2026-06-30 18:15:57,"ntc2_C",-5.59751882834678,1065110
1,2026-06-30 22:15:57,"ntc1_C",-8.7797470805142,1210940
1,2026-06-30 22:15:57,"ntc2_C",-8.39527862448267,1193359
1,2026-06-30 22:15:57,"testSB_C",-8.64115723095881,1203542
2,2026-06-30 22:15:57,"ntc1_C",-8.80556002037076,1211771
2,2026-06-30 22:15:57,"ntc2_C",-8.54217485524583,1197905
2,2026-06-30 22:15:57,"testSB_C",-8.640674305461,1201776
3,2026-06-30 22:15:57,"ntc1_C",-8.44833250012209,1195397
3,2026-06-30 22:15:57,"ntc2_C",-8.07050109817834,1175095
3,2026-06-30 22:15:57,"testSB_C",-8.624936879448,1203299
4,2026-06-30 22:15:57,"ntc1_C",-8.8563463874213,1213302
4,2026-06-30 22:15:57,"ntc2_C",-8.15315603355089,1181755
4,2026-06-30 22:15:57,"testSB_C",-8.66145349663873,1205707
5,2026-06-30 22:15:57,"ntc1_C",-7.90088844695043,1169240
5,2026-06-30 22:15:57,"ntc2_C",-8.38708478198009,1189201
5,2026-06-30 22:15:57,"testSB_C",-8.50876057892253,1200376
6,2026-06-30 22:15:57,"ntc1_C",-8.71838741991195,1208502
6,2026-06-30 22:15:57,"ntc2_C",-8.72868818267187,1208400
6,2026-06-30 22:15:57,"testSB_C",-8.76442908973945,1210887
7,2026-06-30 22:15:57,"ntc1_C",-8.72928032339468,1211548
7,2026-06-30 22:15:57,"ntc2_C",-8.44224327901753,1194632
7,2026-06-30 22:15:57,"testSB_C",-8.65564413806476,1205555
8,2026-06-30 22:15:57,"ntc1_C",-8.58972109663921,1200467
8,2026-06-30 22:15:57,"ntc2_C",-8.34503573638216,1190497
8,2026-06-30 22:15:57,"testSB_C",-8.7072222389591,1206410
9,2026-06-30 22:15:57,"ntc1_C",-8.67296544120154,1204483
9,2026-06-30 22:15:57,"ntc2_C",-8.48266967411104,1197935
9,2026-06-30 22:15:57,"testSB_C",-8.91310033276648,1216328
10,2026-06-30 22:15:57,"ntc1_C",-8.57935543439231,1203195
10,2026-06-30 22:15:57,"ntc2_C",-8.55281669504973,1199704
10,2026-06-30 22:15:57,"testSB_C",-8.82622453819374,1212952
11,2026-06-30 22:15:57,"ntc1_C",-8.47294455108505,1196786
11,2026-06-30 22:15:57,"ntc2_C",-8.03701099030161,1175722
11,2026-06-30 22:15:57,"testSB_C",-8.52620864083343,1198710
12,2026-06-30 22:15:57,"ntc1_C",-8.06962571104674,1177974
12,2026-06-30 22:15:57,"ntc2_C",-7.83777512681547,1163401
12,2026-06-30 22:15:57,"testSB_C",-8.88676560023629,1210284
13,2026-06-30 22:15:57,"ntc1_C",-8.48149637290027,1195314
13,2026-06-30 22:15:57,"ntc2_C",-8.14809918930746,1178117
13,2026-06-30 22:15:57,"testSB_C",-8.72678210946191,1205579
14,2026-06-30 22:15:57,"ntc1_C",-8.55365077860392,1201916
14,2026-06-30 22:15:57,"ntc2_C",-8.56866102448072,1200072
14,2026-06-30 22:15:57,"testSB_C",-8.80521137858483,1211248
15,2026-06-30 22:15:57,"ntc1_C",-8.65309602151024,1206227
15,2026-06-30 22:15:57,"ntc2_C",-8.3735453830148,1189581
15,2026-06-30 22:15:57,"testSB_C",-8.82440171327312,1209765
16,2026-06-30 22:15:57,"ntc1_C",-9.02586312294221,1225336
16,2026-06-30 22:15:57,"ntc2_C",-8.14804381983782,1178909
16,2026-06-30 22:15:57,"testSB_C",-8.30026113197925,1186136
17,2026-06-30 22:15:57,"ntc1_C",-8.61873319254533,1206638
17,2026-06-30 22:15:57,"ntc2_C",-7.95474008438049,1173979
17,2026-06-30 22:15:57,"testSB_C",-8.57357875193213,1203820
18,2026-06-30 22:15:57,"ntc1_C",-8.54684497519781,1202110
18,2026-06-30 22:15:57,"ntc2_C",-8.08639239110829,1176613
18,2026-06-30 22:15:57,"testSB_C",-8.79854272865902,1210341
19,2026-06-30 22:15:57,"ntc1_C",-8.5829612992182,1203303
19,2026-06-30 22:15:57,"ntc2_C",-8.07214674449,1175776
19,2026-06-30 22:15:57,"testSB_C",-8.54830176402959,1197615
20,2026-06-30 22:15:57,"ntc1_C",-8.75350619915571,1208218
20,2026-06-30 22:15:57,"ntc2_C",-8.51332840427449,1199300
20,2026-06-30 22:15:57,"testSB_C",-8.5210914467051,1200584
21,2026-06-30 22:15:57,"ntc1_C",-8.36943109093954,1190568
21,2026-06-30 22:15:57,"ntc2_C",-8.04177609518445,1176165
21,2026-06-30 22:15:57,"testSB_C",-8.25534584222305,1186076
22,2026-06-30 22:15:57,"ntc1_C",-8.5084516237207,1197182
22,2026-06-30 22:15:57,"ntc2_C",-7.96695154366188,1172933
22,2026-06-30 22:15:57,"testSB_C",-8.47825521710473,1198747
23,2026-06-30 22:15:57,"ntc1_C",-8.60481124155007,1204273
23,2026-06-30 22:15:57,"ntc2_C",-8.38306577130066,1192480
23,2026-06-30 22:15:57,"testSB_C",-8.64634597063258,1205427
24,2026-06-30 22:15:57,"ntc1_C",-8.75124141879292,1209122
24,2026-06-30 22:15:57,"ntc2_C",-7.99380123048877,1174251
1,2026-07-01 02:15:57,"ntc1_C",-15.7785398522353,1611308
1,2026-07-01 02:15:57,"ntc2_C",-16.3270027318817,1649216
1,2026-07-01 02:15:57,"testSB_C",-15.6826701470165,1604659
2,2026-07-01 02:15:57,"ntc1_C",-15.9047626786015,1619037
2,2026-07-01 02:15:57,"ntc2_C",-16.1910165951701,1636657
2,2026-07-01 02:15:57,"testSB_C",-15.8094276372508,1610207
3,2026-07-01 02:15:57,"ntc1_C",-15.5698426308904,1598484
3,2026-07-01 02:15:57,"ntc2_C",-16.0281652906972,1626031
3,2026-07-01 02:15:57,"testSB_C",-15.7989918351417,1612651
4,2026-07-01 02:15:57,"ntc1_C",-15.6974435286093,1604021
4,2026-07-01 02:15:57,"ntc2_C",-16.2542717723182,1644746
4,2026-07-01 02:15:57,"testSB_C",-15.5954894417713,1600148
5,2026-07-01 02:15:57,"ntc1_C",-16.1263847305481,1635152
5,2026-07-01 02:15:57,"ntc2_C",-15.8819955561402,1614764
5,2026-07-01 02:15:57,"testSB_C",-16.0027606120829,1629805
6,2026-07-01 02:15:57,"ntc1_C",-15.4722930030736,1591662
6,2026-07-01 02:15:57,"ntc2_C",-15.6129760522068,1600420
6,2026-07-01 02:15:57,"testSB_C",-15.5688350449898,1598548
7,2026-07-01 02:15:57,"ntc1_C",-15.3720203079694,1588772
7,2026-07-01 02:15:57,"ntc2_C",-15.556305374555,1597256
7,2026-07-01 02:15:57,"testSB_C",-15.7010827101309,1607160
8,2026-07-01 02:15:57,"ntc1_C",-15.2750384192624,1577122
8,2026-07-01 02:15:57,"ntc2_C",-15.4286228343248,1589488
8,2026-07-01 02:15:57,"testSB_C",-15.3496203929313,1582024
9,2026-07-01 02:15:57,"ntc1_C",-15.1038507063118,1565228
9,2026-07-01 02:15:57,"ntc2_C",-15.126637850182,1570887
9,2026-07-01 02:15:57,"testSB_C",-15.3888329132168,1584417
10,2026-07-01 02:15:57,"ntc1_C",-15.1466535072167,1573031
10,2026-07-01 02:15:57,"ntc2_C",-15.1612797154121,1571142
10,2026-07-01 02:15:57,"testSB_C",-15.4662386441762,1590528
11,2026-07-01 02:15:57,"ntc1_C",-15.0572405784411,1565608
11,2026-07-01 02:15:57,"ntc2_C",-15.5677271406127,1598643
11,2026-07-01 02:15:57,"testSB_C",-15.2087476040479,1574589
12,2026-07-01 02:15:57,"ntc1_C",-15.4603960590341,1592581
12,2026-07-01 02:15:57,"ntc2_C",-15.2901402355594,1577123
12,2026-07-01 02:15:57,"testSB_C",-15.1703480248129,1562876
13,2026-07-01 02:15:57,"ntc1_C",-14.9096421807544,1553410
13,2026-07-01 02:15:57,"ntc2_C",-15.540610572343,1593113
13,2026-07-01 02:15:57,"testSB_C",-15.10940959518,1564404
14,2026-07-01 02:15:57,"ntc1_C",-15.0421348174424,1565998
14,2026-07-01 02:15:57,"ntc2_C",-14.9715906147202,1558523
14,2026-07-01 02:15:57,"testSB_C",-14.9963219197164,1559563
15,2026-07-01 02:15:57,"ntc1_C",-15.0212492677709,1564259
15,2026-07-01 02:15:57,"ntc2_C",-15.1623675594242,1569562
15,2026-07-01 02:15:57,"testSB_C",-14.9883107543451,1553799
16,2026-07-01 02:15:57,"ntc1_C",-15.0578371080068,1567471
16,2026-07-01 02:15:57,"ntc2_C",-15.1538103273297,1569058
16,2026-07-01 02:15:57,"testSB_C",-14.9203687129734,1552812
17,2026-07-01 02:15:57,"ntc1_C",-14.6435081827437,1542799
17,2026-07-01 02:15:57,"ntc2_C",-15.1327587681371,1573662
17,2026-07-01 02:15:57,"testSB_C",-14.6938520411883,1545341
18,2026-07-01 02:15:57,"ntc1_C",-14.4816929853219,1531669
18,2026-07-01 02:15:57,"ntc2_C",-14.730639175214,1543152
18,2026-07-01 02:15:57,"testSB_C",-14.5903437755665,1531618
19,2026-07-01 02:15:57,"ntc1_C",-14.4687906858127,1529984
19,2026-07-01 02:15:57,"ntc2_C",-14.8790947520365,1552255
19,2026-07-01 02:15:57,"testSB_C",-14.6560401583775,1535742
20,2026-07-01 02:15:57,"ntc1_C",-14.5460297744385,1530285
20,2026-07-01 02:15:57,"ntc2_C",-14.7531404627211,1547253
20,2026-07-01 02:15:57,"testSB_C",-14.609581469237,1539327
21,2026-07-01 02:15:57,"ntc1_C",-14.2247449703627,1512150
21,2026-07-01 02:15:57,"ntc2_C",-14.6946898345053,1543131
21,2026-07-01 02:15:57,"testSB_C",-14.5518129662888,1533829
22,2026-07-01 02:15:57,"ntc1_C",-14.4285649414914,1523874
22,2026-07-01 02:15:57,"ntc2_C",-14.4335009423765,1527152
22,2026-07-01 02:15:57,"testSB_C",-14.4938214599567,1532362
23,2026-07-01 02:15:57,"ntc1_C",-14.4608901120583,1529481
23,2026-07-01 02:15:57,"ntc2_C",-14.4453435781643,1527560
23,2026-07-01 02:15:57,"testSB_C",-14.4749978512357,1529393
24,2026-07-01 02:15:57,"ntc1_C",-14.3924352932395,1521501
24,2026-07-01 02:15:57,"ntc2_C",-14.6297765952332,1539378
1,2026-07-01 06:15:57,"ntc1_C",-20.0069191347561,1913138
1,2026-07-01 06:15:57,"ntc2_C",-20.3311030530515,1939974
1,2026-07-01 06:15:57,"testSB_C",-20.0117006827349,1913317
2,2026-07-01 06:15:57,"ntc1_C",-20.1103843812321,1920478
2,2026-07-01 06:15:57,"ntc2_C",-20.2475216602314,1929461
2,2026-07-01 06:15:57,"testSB_C",-20.0803018729742,1915102
3,2026-07-01 06:15:57,"ntc1_C",-19.914707978733,1906873
3,2026-07-01 06:15:57,"ntc2_C",-20.1967091962615,1925838
3,2026-07-01 06:15:57,"testSB_C",-20.0271828727148,1914703
4,2026-07-01 06:15:57,"ntc1_C",-19.929499426135,1904797
4,2026-07-01 06:15:57,"ntc2_C",-20.2395225866686,1933436
4,2026-07-01 06:15:57,"testSB_C",-19.7475221961565,1894136
5,2026-07-01 06:15:57,"ntc1_C",-20.1938643406897,1928347
5,2026-07-01 06:15:57,"ntc2_C",-20.0800321220258,1914872
5,2026-07-01 06:15:57,"testSB_C",-19.7378876479342,1896703
6,2026-07-01 06:15:57,"ntc1_C",-19.5180350054679,1875624
6,2026-07-01 06:15:57,"ntc2_C",-19.8213491817214,1898720
6,2026-07-01 06:15:57,"testSB_C",-19.5815275711986,1881612
7,2026-07-01 06:15:57,"ntc1_C",-19.4050088807313,1871603
7,2026-07-01 06:15:57,"ntc2_C",-19.6969657458392,1889933
7,2026-07-01 06:15:57,"testSB_C",-19.6099032340463,1883633
8,2026-07-01 06:15:57,"ntc1_C",-19.2466540353272,1853431
8,2026-07-01 06:15:57,"ntc2_C",-19.5126800935552,1876317
8,2026-07-01 06:15:57,"testSB_C",-19.3365838092233,1860257
9,2026-07-01 06:15:57,"ntc1_C",-19.0427804738597,1836304
9,2026-07-01 06:15:57,"ntc2_C",-19.1143758188215,1847212
9,2026-07-01 06:15:57,"testSB_C",-19.0416761876251,1838154
10,2026-07-01 06:15:57,"ntc1_C",-19.0261843083556,1841739
10,2026-07-01 06:15:57,"ntc2_C",-19.0380863243215,1839372
10,2026-07-01 06:15:57,"testSB_C",-19.1780752010847,1849542
11,2026-07-01 06:15:57,"ntc1_C",-18.900765436411,1830312
11,2026-07-01 06:15:57,"ntc2_C",-19.5921819662598,1882531
11,2026-07-01 06:15:57,"testSB_C",-19.0162878735653,1838217
12,2026-07-01 06:15:57,"ntc1_C",-19.5393559574232,1879594
12,2026-07-01 06:15:57,"ntc2_C",-19.3804322238072,1862497
12,2026-07-01 06:15:57,"testSB_C",-18.9682959097606,1822996
13,2026-07-01 06:15:57,"ntc1_C",-18.7208988248719,1813429
13,2026-07-01 06:15:57,"ntc2_C",-19.5145907046854,1872361
13,2026-07-01 06:15:57,"testSB_C",-18.8304207613431,1820037
14,2026-07-01 06:15:57,"ntc1_C",-18.9126599221766,1832534
14,2026-07-01 06:15:57,"ntc2_C",-18.8082793719126,1821759
14,2026-07-01 06:15:57,"testSB_C",-18.6503132382326,1809252
15,2026-07-01 06:15:57,"ntc1_C",-18.7775925522657,1822424
15,2026-07-01 06:15:57,"ntc2_C",-19.1264124814866,1844168
15,2026-07-01 06:15:57,"testSB_C",-18.9363294167254,1822292
16,2026-07-01 06:15:57,"ntc1_C",-18.9017812326713,1832699
16,2026-07-01 06:15:57,"ntc2_C",-19.2506521396178,1853362
16,2026-07-01 06:15:57,"testSB_C",-19.1047930531035,1839328
17,2026-07-01 06:15:57,"ntc1_C",-18.745867747279,1822712
17,2026-07-01 06:15:57,"ntc2_C",-19.3090253578986,1864857
17,2026-07-01 06:15:57,"testSB_C",-18.9148392570149,1834668
18,2026-07-01 06:15:57,"ntc1_C",-18.7208532105681,1820023
18,2026-07-01 06:15:57,"ntc2_C",-19.060670776472,1840325
18,2026-07-01 06:15:57,"testSB_C",-18.8553294632196,1820175
19,2026-07-01 06:15:57,"ntc1_C",-18.817048031878,1825970
19,2026-07-01 06:15:57,"ntc2_C",-19.2478156184702,1853956
19,2026-07-01 06:15:57,"testSB_C",-19.0924257395519,1838026
20,2026-07-01 06:15:57,"ntc1_C",-18.9712031950335,1831764
20,2026-07-01 06:15:57,"ntc2_C",-19.2167741157792,1855250
20,2026-07-01 06:15:57,"testSB_C",-19.0256895552743,1842217
21,2026-07-01 06:15:57,"ntc1_C",-18.7683436434168,1819365
21,2026-07-01 06:15:57,"ntc2_C",-19.2097235873923,1854138
21,2026-07-01 06:15:57,"testSB_C",-19.1313620937862,1847471
22,2026-07-01 06:15:57,"ntc1_C",-19.0090909406726,1835321
22,2026-07-01 06:15:57,"ntc2_C",-19.0428051462897,1842017
22,2026-07-01 06:15:57,"testSB_C",-19.0762325723138,1846286
23,2026-07-01 06:15:57,"ntc1_C",-19.1717090747685,1852418
23,2026-07-01 06:15:57,"ntc2_C",-19.1486806213203,1849803
23,2026-07-01 06:15:57,"testSB_C",-19.1030669016933,1846294
24,2026-07-01 06:15:57,"ntc1_C",-19.1648297975514,1846494
24,2026-07-01 06:15:57,"ntc2_C",-19.3539224331039,1865183
1,2026-07-01 10:15:57,"ntc1_C",-16.5073408334018,1659851
1,2026-07-01 10:15:57,"ntc2_C",-17.1939216690671,1708403
1,2026-07-01 10:15:57,"testSB_C",-16.5804705074908,1664465
2,2026-07-01 10:15:57,"ntc1_C",-16.6773979762069,1670784
2,2026-07-01 10:15:57,"ntc2_C",-16.8717892222034,1682635
2,2026-07-01 10:15:57,"testSB_C",-16.6868258436136,1668776
3,2026-07-01 10:15:57,"ntc1_C",-16.4649944641908,1657822
3,2026-07-01 10:15:57,"ntc2_C",-16.90182647114,1684910
3,2026-07-01 10:15:57,"testSB_C",-16.6855472853643,1671934
4,2026-07-01 10:15:57,"ntc1_C",-16.6011448580501,1664150
4,2026-07-01 10:15:57,"ntc2_C",-17.0332798872829,1697726
4,2026-07-01 10:15:57,"testSB_C",-16.405580854036,1653831
5,2026-07-01 10:15:57,"ntc1_C",-17.1075069810918,1701705
5,2026-07-01 10:15:57,"ntc2_C",-17.0917530956467,1696285
5,2026-07-01 10:15:57,"testSB_C",-16.6941853600939,1676332
6,2026-07-01 10:15:57,"ntc1_C",-16.4305049854897,1654935
6,2026-07-01 10:15:57,"ntc2_C",-16.8250187524925,1681382
6,2026-07-01 10:15:57,"testSB_C",-16.5996363063583,1667089
7,2026-07-01 10:15:57,"ntc1_C",-16.5574709124069,1667340
7,2026-07-01 10:15:57,"ntc2_C",-16.8197402045472,1681608
7,2026-07-01 10:15:57,"testSB_C",-16.8858892512841,1686568
8,2026-07-01 10:15:57,"ntc1_C",-16.4748069380466,1656118
8,2026-07-01 10:15:57,"ntc2_C",-16.8089482511339,1681367
8,2026-07-01 10:15:57,"testSB_C",-16.767916639321,1676076
9,2026-07-01 10:15:57,"ntc1_C",-16.4380511436145,1652435
9,2026-07-01 10:15:57,"ntc2_C",-16.6528894338992,1671592
9,2026-07-01 10:15:57,"testSB_C",-16.5204196507833,1659178
10,2026-07-01 10:15:57,"ntc1_C",-16.5210835159353,1663601
10,2026-07-01 10:15:57,"ntc2_C",-16.6482576623667,1669244
10,2026-07-01 10:15:57,"testSB_C",-16.5973863124658,1665518
11,2026-07-01 10:15:57,"ntc1_C",-16.5423079880098,1663199
11,2026-07-01 10:15:57,"ntc2_C",-17.2029117193337,1708656
11,2026-07-01 10:15:57,"testSB_C",-16.6355756918286,1668810
12,2026-07-01 10:15:57,"ntc1_C",-17.251191303749,1712997
12,2026-07-01 10:15:57,"ntc2_C",-17.0861635699256,1696838
12,2026-07-01 10:15:57,"testSB_C",-16.8184426045921,1671038
13,2026-07-01 10:15:57,"ntc1_C",-16.4483601849433,1653751
13,2026-07-01 10:15:57,"ntc2_C",-17.3237013993571,1713080
13,2026-07-01 10:15:57,"testSB_C",-16.7018002181587,1669257
14,2026-07-01 10:15:57,"ntc1_C",-16.7440789062114,1678263
14,2026-07-01 10:15:57,"ntc2_C",-16.6458402753353,1668542
14,2026-07-01 10:15:57,"testSB_C",-16.5203045077502,1659396
15,2026-07-01 10:15:57,"ntc1_C",-16.7371081516896,1677488
15,2026-07-01 10:15:57,"ntc2_C",-17.0071792571777,1692077
15,2026-07-01 10:15:57,"testSB_C",-16.9195102387947,1680031
16,2026-07-01 10:15:57,"ntc1_C",-16.6548760146008,1672842
16,2026-07-01 10:15:57,"ntc2_C",-17.1124299243002,1699313
16,2026-07-01 10:15:57,"testSB_C",-16.9860506027658,1688464
17,2026-07-01 10:15:57,"ntc1_C",-16.5701502026516,1668676
17,2026-07-01 10:15:57,"ntc2_C",-17.2231209975505,1713488
17,2026-07-01 10:15:57,"testSB_C",-16.8711092170396,1688610
18,2026-07-01 10:15:57,"ntc1_C",-16.4451462505265,1659273
18,2026-07-01 10:15:57,"ntc2_C",-17.0328797391824,1694877
18,2026-07-01 10:15:57,"testSB_C",-16.7873905160575,1674291
19,2026-07-01 10:15:57,"ntc1_C",-16.6502941042959,1672171
19,2026-07-01 10:15:57,"ntc2_C",-17.1851680462462,1705086
19,2026-07-01 10:15:57,"testSB_C",-16.9039993330608,1682423
20,2026-07-01 10:15:57,"ntc1_C",-16.8513363962291,1680837
20,2026-07-01 10:15:57,"ntc2_C",-17.3191086476696,1717720
20,2026-07-01 10:15:57,"testSB_C",-16.9766086904554,1695154
21,2026-07-01 10:15:57,"ntc1_C",-16.672036191837,1670799
21,2026-07-01 10:15:57,"ntc2_C",-17.22400633984,1710577
21,2026-07-01 10:15:57,"testSB_C",-17.0048159551723,1694880
22,2026-07-01 10:15:57,"ntc1_C",-16.7512804388163,1674845
22,2026-07-01 10:15:57,"ntc2_C",-16.8824659359194,1687356
22,2026-07-01 10:15:57,"testSB_C",-16.9975867350001,1696893
23,2026-07-01 10:15:57,"ntc1_C",-17.0552765269956,1699956
23,2026-07-01 10:15:57,"ntc2_C",-16.9943803200787,1694826
23,2026-07-01 10:15:57,"testSB_C",-16.9450478664544,1691371
24,2026-07-01 10:15:57,"ntc1_C",-16.6515376073999,1667824
24,2026-07-01 10:15:57,"ntc2_C",-17.3208179483232,1717583
1,2026-07-01 14:15:57,"ntc1_C",-9.40476593581207,1242220
1,2026-07-01 14:15:57,"ntc2_C",-9.66495406353545,1256785
1,2026-07-01 14:15:57,"testSB_C",-9.60140381490243,1251682
2,2026-07-01 14:15:57,"ntc1_C",-9.86221132407604,1265170
2,2026-07-01 14:15:57,"ntc2_C",-9.44561992607527,1242878
2,2026-07-01 14:15:57,"testSB_C",-9.68997841498236,1254346
3,2026-07-01 14:15:57,"ntc1_C",-9.52203970068075,1248916
3,2026-07-01 14:15:57,"ntc2_C",-9.39026371898296,1240106
3,2026-07-01 14:15:57,"testSB_C",-9.76628633839653,1260673
4,2026-07-01 14:15:57,"ntc1_C",-9.75704737536216,1258716
4,2026-07-01 14:15:57,"ntc2_C",-9.3590706985953,1241347
4,2026-07-01 14:15:57,"testSB_C",-9.6263683378433,1254131
5,2026-07-01 14:15:57,"ntc1_C",-9.31168191027064,1238446
5,2026-07-01 14:15:57,"ntc2_C",-9.7473964860875,1257079
5,2026-07-01 14:15:57,"testSB_C",-9.71224092304146,1260797
6,2026-07-01 14:15:57,"ntc1_C",-9.71115828693905,1258424
6,2026-07-01 14:15:57,"ntc2_C",-9.70156598332011,1257339
6,2026-07-01 14:15:57,"testSB_C",-9.7223396373164,1259163
7,2026-07-01 14:15:57,"ntc1_C",-9.75155005532315,1263149
7,2026-07-01 14:15:57,"ntc2_C",-9.69764142252103,1257444
7,2026-07-01 14:15:57,"testSB_C",-9.96453683493206,1271706
8,2026-07-01 14:15:57,"ntc1_C",-9.60635253696711,1251318
8,2026-07-01 14:15:57,"ntc2_C",-9.64151250316468,1255154
8,2026-07-01 14:15:57,"testSB_C",-9.92980080170724,1268113
9,2026-07-01 14:15:57,"ntc1_C",-9.70164364719545,1256037
9,2026-07-01 14:15:57,"ntc2_C",-9.77440918900533,1262736
9,2026-07-01 14:15:57,"testSB_C",-9.92281938000895,1267508
10,2026-07-01 14:15:57,"ntc1_C",-9.82017007754388,1265678
10,2026-07-01 14:15:57,"ntc2_C",-9.77730359581108,1261169
10,2026-07-01 14:15:57,"testSB_C",-9.80278313575946,1262265
11,2026-07-01 14:15:57,"ntc1_C",-9.75898418651241,1261235
11,2026-07-01 14:15:57,"ntc2_C",-9.68271567856186,1257352
11,2026-07-01 14:15:57,"testSB_C",-9.8154963276524,1263461
12,2026-07-01 14:15:57,"ntc1_C",-9.74840602180916,1261457
12,2026-07-01 14:15:57,"ntc2_C",-9.61855182164817,1251087
12,2026-07-01 14:15:57,"testSB_C",-10.0480550847383,1268834
13,2026-07-01 14:15:57,"ntc1_C",-9.62911308782753,1252551
13,2026-07-01 14:15:57,"ntc2_C",-9.75031183879867,1257718
13,2026-07-01 14:15:57,"testSB_C",-9.96161923183928,1267890
14,2026-07-01 14:15:57,"ntc1_C",-9.88198639133105,1268818
14,2026-07-01 14:15:57,"ntc2_C",-9.90251023070459,1267199
14,2026-07-01 14:15:57,"testSB_C",-9.86544229306025,1264845
15,2026-07-01 14:15:57,"ntc1_C",-9.93993957512282,1271260
15,2026-07-01 14:15:57,"ntc2_C",-9.87253257460378,1264639
15,2026-07-01 14:15:57,"testSB_C",-10.1426507453853,1276359
16,2026-07-01 14:15:57,"ntc1_C",-10.0365195793398,1276944
16,2026-07-01 14:15:57,"ntc2_C",-9.69145970570679,1255513
16,2026-07-01 14:15:57,"testSB_C",-9.96623040574116,1269383
17,2026-07-01 14:15:57,"ntc1_C",-9.93688008340348,1273279
17,2026-07-01 14:15:57,"ntc2_C",-9.64432700027777,1257767
17,2026-07-01 14:15:57,"testSB_C",-10.0232927549736,1277165
18,2026-07-01 14:15:57,"ntc1_C",-10.0426960838145,1277780
18,2026-07-01 14:15:57,"ntc2_C",-9.90210153497299,1267079
18,2026-07-01 14:15:57,"testSB_C",-10.0644664937656,1274267
19,2026-07-01 14:15:57,"ntc1_C",-10.0362313286834,1276798
19,2026-07-01 14:15:57,"ntc2_C",-9.73681410970869,1258383
19,2026-07-01 14:15:57,"testSB_C",-10.008182339399,1271001
20,2026-07-01 14:15:57,"ntc1_C",-10.133440065475,1278174
20,2026-07-01 14:15:57,"ntc2_C",-10.0588378911833,1277385
20,2026-07-01 14:15:57,"testSB_C",-10.1962209557595,1285528
21,2026-07-01 14:15:57,"ntc1_C",-9.87041244828373,1265790
21,2026-07-01 14:15:57,"ntc2_C",-9.91527943161901,1269595
21,2026-07-01 14:15:57,"testSB_C",-10.5195925570181,1301016
22,2026-07-01 14:15:57,"ntc1_C",-9.96819504463031,1270555
22,2026-07-01 14:15:57,"ntc2_C",-10.0773304785798,1278383
22,2026-07-01 14:15:57,"testSB_C",-10.1860582074659,1285263
23,2026-07-01 14:15:57,"ntc1_C",-10.4507781401178,1298514
23,2026-07-01 14:15:57,"ntc2_C",-10.0896789454405,1278553
23,2026-07-01 14:15:57,"testSB_C",-10.215224534977,1285170
24,2026-07-01 14:15:57,"ntc1_C",-10.1808193567696,1281627
24,2026-07-01 14:15:57,"ntc2_C",-9.84010625441886,1266086
1,2026-07-01 18:15:57,"ntc1_C",-6.52151814576649,1104464
1,2026-07-01 18:15:57,"ntc2_C",-6.00880336044605,1082839
1,2026-07-01 18:15:57,"testSB_C",-6.74247524168169,1113830
2,2026-07-01 18:15:57,"ntc1_C",-6.8771361727915,1120156
2,2026-07-01 18:15:57,"ntc2_C",-6.13647072490534,1086076
2,2026-07-01 18:15:57,"testSB_C",-6.78306020008432,1114150
3,2026-07-01 18:15:57,"ntc1_C",-6.47539795179091,1103072
3,2026-07-01 18:15:57,"ntc2_C",-5.77109982095232,1070026
3,2026-07-01 18:15:57,"testSB_C",-6.71832217805724,1113321
4,2026-07-01 18:15:57,"ntc1_C",-6.94266285835874,1122275
4,2026-07-01 18:15:57,"ntc2_C",-5.42392164083446,1057451
4,2026-07-01 18:15:57,"testSB_C",-6.6092016163874,1108952
5,2026-07-01 18:15:57,"ntc1_C",-5.27057193910679,1050583
5,2026-07-01 18:15:57,"ntc2_C",-6.30480793156136,1092460
5,2026-07-01 18:15:57,"testSB_C",-6.63113879630248,1111941
6,2026-07-01 18:15:57,"ntc1_C",-6.88843228590684,1121699
6,2026-07-01 18:15:57,"ntc2_C",-6.74181279666794,1114391
6,2026-07-01 18:15:57,"testSB_C",-6.82931248627176,1119030
7,2026-07-01 18:15:57,"ntc1_C",-6.87888404887707,1123535
7,2026-07-01 18:15:57,"ntc2_C",-6.4710989225261,1102392
7,2026-07-01 18:15:57,"testSB_C",-6.89627001294673,1122109
8,2026-07-01 18:15:57,"ntc1_C",-6.71207078620648,1112015
8,2026-07-01 18:15:57,"ntc2_C",-6.35964734873772,1097996
8,2026-07-01 18:15:57,"testSB_C",-7.10016783101457,1129921
9,2026-07-01 18:15:57,"ntc1_C",-6.92352362676957,1121686
9,2026-07-01 18:15:57,"ntc2_C",-6.81934631878852,1119452
9,2026-07-01 18:15:57,"testSB_C",-7.19607828699992,1134074
10,2026-07-01 18:15:57,"ntc1_C",-6.9218481769916,1124597
10,2026-07-01 18:15:57,"ntc2_C",-6.85620799688616,1119545
10,2026-07-01 18:15:57,"testSB_C",-7.06058176599447,1128713
11,2026-07-01 18:15:57,"ntc1_C",-6.8198057269679,1118843
11,2026-07-01 18:15:57,"ntc2_C",-5.88355274281133,1077013
11,2026-07-01 18:15:57,"testSB_C",-6.84488542753218,1119315
12,2026-07-01 18:15:57,"ntc1_C",-5.98824624537701,1082252
12,2026-07-01 18:15:57,"ntc2_C",-5.83429157398416,1072225
12,2026-07-01 18:15:57,"testSB_C",-7.28399288624814,1133958
13,2026-07-01 18:15:57,"ntc1_C",-6.73098802807209,1113088
13,2026-07-01 18:15:57,"ntc2_C",-5.92876252391329,1076272
13,2026-07-01 18:15:57,"testSB_C",-7.17254282036623,1131558
14,2026-07-01 18:15:57,"ntc1_C",-7.00126471834875,1128254
14,2026-07-01 18:15:57,"ntc2_C",-6.94530375457094,1123238
14,2026-07-01 18:15:57,"testSB_C",-7.05115813637838,1127573
15,2026-07-01 18:15:57,"ntc1_C",-7.01165196850809,1128158
15,2026-07-01 18:15:57,"ntc2_C",-6.58887806915652,1106110
15,2026-07-01 18:15:57,"testSB_C",-7.27418269513623,1135888
16,2026-07-01 18:15:57,"ntc1_C",-7.42738759211903,1148000
16,2026-07-01 18:15:57,"ntc2_C",-6.10504139761389,1084789
16,2026-07-01 18:15:57,"testSB_C",-6.72095014623551,1112303
17,2026-07-01 18:15:57,"ntc1_C",-7.09306647612874,1133919
17,2026-07-01 18:15:57,"ntc2_C",-5.82328285832034,1076350
17,2026-07-01 18:15:57,"testSB_C",-7.09615777132916,1133475
18,2026-07-01 18:15:57,"ntc1_C",-7.13052806212625,1134667
18,2026-07-01 18:15:57,"ntc2_C",-6.4054681728984,1098741
18,2026-07-01 18:15:57,"testSB_C",-7.15390561802741,1132106
19,2026-07-01 18:15:57,"ntc1_C",-7.10910407158724,1133159
19,2026-07-01 18:15:57,"ntc2_C",-6.07052625152164,1083737
19,2026-07-01 18:15:57,"testSB_C",-6.98560060051426,1123784
20,2026-07-01 18:15:57,"ntc1_C",-7.25259374956084,1136536
20,2026-07-01 18:15:57,"ntc2_C",-6.65904247710239,1111997
20,2026-07-01 18:15:57,"testSB_C",-6.90476487851635,1124036
21,2026-07-01 18:15:57,"ntc1_C",-6.73353154311974,1113758
21,2026-07-01 18:15:57,"ntc2_C",-6.13876585819287,1088434
21,2026-07-01 18:15:57,"testSB_C",-6.5602635188207,1106789
22,2026-07-01 18:15:57,"ntc1_C",-6.80316883291363,1116900
22,2026-07-01 18:15:57,"ntc2_C",-6.43911092205951,1102162
22,2026-07-01 18:15:57,"testSB_C",-6.74780005125893,1117122
23,2026-07-01 18:15:57,"ntc1_C",-7.06539710425392,1131012
23,2026-07-01 18:15:57,"ntc2_C",-6.47989254714008,1103425
23,2026-07-01 18:15:57,"testSB_C",-6.99058958279414,1126714
24,2026-07-01 18:15:57,"ntc1_C",-7.05682042939696,1128548
24,2026-07-01 18:15:57,"ntc2_C",-5.81710053321251,1074662
1,2026-07-01 22:15:57,"ntc1_C",-7.4234599952751,1145792
1,2026-07-01 22:15:57,"ntc2_C",-7.0395172505871,1129225
1,2026-07-01 22:15:57,"testSB_C",-7.6969072723773,1158039
2,2026-07-01 22:15:57,"ntc1_C",-7.95123655151963,1170275
2,2026-07-01 22:15:57,"ntc2_C",-7.42377873741935,1144519
2,2026-07-01 22:15:57,"testSB_C",-7.85486307018334,1163879
3,2026-07-01 22:15:57,"ntc1_C",-7.63995340625172,1156648
3,2026-07-01 22:15:57,"ntc2_C",-7.10096632195979,1129559
3,2026-07-01 22:15:57,"testSB_C",-7.95572177887243,1170900
4,2026-07-01 22:15:57,"ntc1_C",-8.08114805422719,1175552
4,2026-07-01 22:15:57,"ntc2_C",-6.98292732289269,1126715
4,2026-07-01 22:15:57,"testSB_C",-7.90308833426019,1168986
5,2026-07-01 22:15:57,"ntc1_C",-6.83803871241196,1119718
5,2026-07-01 22:15:57,"ntc2_C",-7.63722645536234,1153391
5,2026-07-01 22:15:57,"testSB_C",-7.84664196626051,1168398
6,2026-07-01 22:15:57,"ntc1_C",-8.01212771683572,1174216
6,2026-07-01 22:15:57,"ntc2_C",-7.8874602968902,1167646
6,2026-07-01 22:15:57,"testSB_C",-7.97196431334794,1172373
7,2026-07-01 22:15:57,"ntc1_C",-8.07465766419085,1179634
7,2026-07-01 22:15:57,"ntc2_C",-7.68256370736339,1158182
7,2026-07-01 22:15:57,"testSB_C",-8.0714023643954,1177165
8,2026-07-01 22:15:57,"ntc1_C",-7.90046374598245,1167191
8,2026-07-01 22:15:57,"ntc2_C",-7.7652582012584,1162689
8,2026-07-01 22:15:57,"testSB_C",-8.17063556300917,1180300
9,2026-07-01 22:15:57,"ntc1_C",-8.08364487334734,1175919
9,2026-07-01 22:15:57,"ntc2_C",-8.05381578858623,1177177
9,2026-07-01 22:15:57,"testSB_C",-8.35776454523875,1189079
10,2026-07-01 22:15:57,"ntc1_C",-8.03188521634439,1176632
10,2026-07-01 22:15:57,"ntc2_C",-8.08279440628166,1176927
10,2026-07-01 22:15:57,"testSB_C",-8.09654775386389,1177387
11,2026-07-01 22:15:57,"ntc1_C",-7.98604709790476,1173269
11,2026-07-01 22:15:57,"ntc2_C",-7.29611498272777,1140755
11,2026-07-01 22:15:57,"testSB_C",-7.87705052767944,1167395
12,2026-07-01 22:15:57,"ntc1_C",-7.43061402329414,1147696
12,2026-07-01 22:15:57,"ntc2_C",-7.31810635571651,1139013
12,2026-07-01 22:15:57,"testSB_C",-8.42384861772643,1187716
13,2026-07-01 22:15:57,"ntc1_C",-7.85931932661407,1165401
13,2026-07-01 22:15:57,"ntc2_C",-7.31618698688357,1138830
13,2026-07-01 22:15:57,"testSB_C",-8.25950025211438,1182819
14,2026-07-01 22:15:57,"ntc1_C",-8.04814655649233,1177406
14,2026-07-01 22:15:57,"ntc2_C",-8.0686451927694,1175850
14,2026-07-01 22:15:57,"testSB_C",-8.2287451531505,1183075
15,2026-07-01 22:15:57,"ntc1_C",-8.13721258469769,1181114
15,2026-07-01 22:15:57,"ntc2_C",-7.6658524357897,1155736
15,2026-07-01 22:15:57,"testSB_C",-8.28203300827249,1183385
16,2026-07-01 22:15:57,"ntc1_C",-8.34977251391234,1191998
16,2026-07-01 22:15:57,"ntc2_C",-7.3035323496332,1139027
16,2026-07-01 22:15:57,"testSB_C",-7.86672456020852,1165388
17,2026-07-01 22:15:57,"ntc1_C",-8.2902443187707,1190589
17,2026-07-01 22:15:57,"ntc2_C",-7.32233502246282,1144100
17,2026-07-01 22:15:57,"testSB_C",-8.28683364092564,1189827
18,2026-07-01 22:15:57,"ntc1_C",-8.35292019219179,1192639
18,2026-07-01 22:15:57,"ntc2_C",-7.68862072434564,1157689
18,2026-07-01 22:15:57,"testSB_C",-8.34769155044523,1188364
19,2026-07-01 22:15:57,"ntc1_C",-8.25728496969293,1187431
19,2026-07-01 22:15:57,"ntc2_C",-7.54082712664814,1150590
19,2026-07-01 22:15:57,"testSB_C",-8.20105003434873,1180796
20,2026-07-01 22:15:57,"ntc1_C",-8.50672932791434,1196123
20,2026-07-01 22:15:57,"ntc2_C",-8.01752582605218,1175292
20,2026-07-01 22:15:57,"testSB_C",-8.26255169794388,1187991
21,2026-07-01 22:15:57,"ntc1_C",-8.26432516255278,1185474
21,2026-07-01 22:15:57,"ntc2_C",-7.56773579826142,1153655
21,2026-07-01 22:15:57,"testSB_C",-7.97584055556172,1172616
22,2026-07-01 22:15:57,"ntc1_C",-8.19623437974849,1182055
22,2026-07-01 22:15:57,"ntc2_C",-7.72508809740913,1161427
22,2026-07-01 22:15:57,"testSB_C",-8.07761017901828,1179322
23,2026-07-01 22:15:57,"ntc1_C",-8.32111473623047,1190417
23,2026-07-01 22:15:57,"ntc2_C",-7.91746577090566,1170036
23,2026-07-01 22:15:57,"testSB_C",-8.38675630720485,1192725
24,2026-07-01 22:15:57,"ntc1_C",-8.31749930796695,1187955
24,2026-07-01 22:15:57,"ntc2_C",-7.41167411668499,1146725
1,2026-07-02 02:15:57,"ntc1_C",-15.242032186332,1576457
1,2026-07-02 02:15:57,"ntc2_C",-15.4023627321414,1588275
1,2026-07-02 02:15:57,"testSB_C",-15.285757808857,1578889
2,2026-07-02 02:15:57,"ntc1_C",-15.4496024033483,1589284
2,2026-07-02 02:15:57,"ntc2_C",-15.4525712843001,1588160
2,2026-07-02 02:15:57,"testSB_C",-15.3696935972463,1581609
3,2026-07-02 02:15:57,"ntc1_C",-15.1878437801252,1573795
3,2026-07-02 02:15:57,"ntc2_C",-15.2926686902702,1578014
3,2026-07-02 02:15:57,"testSB_C",-15.3676007543381,1584547
4,2026-07-02 02:15:57,"ntc1_C",-15.3490443214505,1581408
4,2026-07-02 02:15:57,"ntc2_C",-15.4263622482348,1590195
4,2026-07-02 02:15:57,"testSB_C",-15.2553203510686,1578114
5,2026-07-02 02:15:57,"ntc1_C",-15.3377572215651,1583490
5,2026-07-02 02:15:57,"ntc2_C",-15.3740920568185,1581682
5,2026-07-02 02:15:57,"testSB_C",-15.6128575997848,1604122
6,2026-07-02 02:15:57,"ntc1_C",-15.2731383611986,1578809
6,2026-07-02 02:15:57,"ntc2_C",-15.2515391712319,1577018
6,2026-07-02 02:15:57,"testSB_C",-15.303348031139,1581343
7,2026-07-02 02:15:57,"ntc1_C",-15.250899889543,1580950
7,2026-07-02 02:15:57,"ntc2_C",-15.2929674110076,1580199
7,2026-07-02 02:15:57,"testSB_C",-15.3750645953987,1585953
8,2026-07-02 02:15:57,"ntc1_C",-15.1781827104918,1570907
8,2026-07-02 02:15:57,"ntc2_C",-15.2471462137837,1577777
8,2026-07-02 02:15:57,"testSB_C",-15.3421274647434,1581541
9,2026-07-02 02:15:57,"ntc1_C",-15.2360379265705,1573665
9,2026-07-02 02:15:57,"ntc2_C",-15.1806976897709,1574351
9,2026-07-02 02:15:57,"testSB_C",-15.3936158991876,1584726
10,2026-07-02 02:15:57,"ntc1_C",-15.1935225073244,1576039
10,2026-07-02 02:15:57,"ntc2_C",-15.1932032774362,1573188
10,2026-07-02 02:15:57,"testSB_C",-15.3831529388165,1585151
11,2026-07-02 02:15:57,"ntc1_C",-15.1446719583519,1571196
11,2026-07-02 02:15:57,"ntc2_C",-15.3485282673439,1584428
11,2026-07-02 02:15:57,"testSB_C",-15.2073298317291,1574498
12,2026-07-02 02:15:57,"ntc1_C",-15.3512579425512,1585514
12,2026-07-02 02:15:57,"ntc2_C",-15.1431826331371,1567699
12,2026-07-02 02:15:57,"testSB_C",-15.3586030553956,1574878
13,2026-07-02 02:15:57,"ntc1_C",-15.0657194993631,1563312
13,2026-07-02 02:15:57,"ntc2_C",-15.3445167724312,1580428
13,2026-07-02 02:15:57,"testSB_C",-15.3076237136162,1577098
14,2026-07-02 02:15:57,"ntc1_C",-15.2129628865649,1576929
14,2026-07-02 02:15:57,"ntc2_C",-15.2035003090265,1573330
14,2026-07-02 02:15:57,"testSB_C",-15.2942656030147,1578612
15,2026-07-02 02:15:57,"ntc1_C",-15.2136519244553,1576576
15,2026-07-02 02:15:57,"ntc2_C",-15.2970233374744,1578205
15,2026-07-02 02:15:57,"testSB_C",-15.3193039062084,1574765
16,2026-07-02 02:15:57,"ntc1_C",-15.3575304786859,1586740
16,2026-07-02 02:15:57,"ntc2_C",-15.2766814955574,1576936
16,2026-07-02 02:15:57,"testSB_C",-15.2905800605006,1576324
17,2026-07-02 02:15:57,"ntc1_C",-15.1889822032077,1577469
17,2026-07-02 02:15:57,"ntc2_C",-15.3436262950285,1587249
17,2026-07-02 02:15:57,"testSB_C",-15.2654948674878,1581769
18,2026-07-02 02:15:57,"ntc1_C",-15.1830207908154,1576110
18,2026-07-02 02:15:57,"ntc2_C",-15.1561120272328,1570159
18,2026-07-02 02:15:57,"testSB_C",-15.269834776628,1574435
19,2026-07-02 02:15:57,"ntc1_C",-15.1689814516001,1574287
19,2026-07-02 02:15:57,"ntc2_C",-15.3148006757409,1580072
19,2026-07-02 02:15:57,"testSB_C",-15.2537127399918,1573488
20,2026-07-02 02:15:57,"ntc1_C",-15.281869681737,1576858
20,2026-07-02 02:15:57,"ntc2_C",-15.3001125104282,1582153
20,2026-07-02 02:15:57,"testSB_C",-15.2871338540367,1582449
21,2026-07-02 02:15:57,"ntc1_C",-15.0574426258783,1564408
21,2026-07-02 02:15:57,"ntc2_C",-15.240955186354,1577889
21,2026-07-02 02:15:57,"testSB_C",-15.1381191638098,1570921
22,2026-07-02 02:15:57,"ntc1_C",-15.1407400527197,1568699
22,2026-07-02 02:15:57,"ntc2_C",-15.1384193946009,1571682
22,2026-07-02 02:15:57,"testSB_C",-15.2565041806905,1580763
23,2026-07-02 02:15:57,"ntc1_C",-15.2218321520749,1577680
23,2026-07-02 02:15:57,"ntc2_C",-15.1504488096023,1572150
23,2026-07-02 02:15:57,"testSB_C",-15.202943952074,1575492
24,2026-07-02 02:15:57,"ntc1_C",-15.1690905480576,1570340
24,2026-07-02 02:15:57,"ntc2_C",-15.1852710113152,1574627
1,2026-07-02 06:15:57,"ntc1_C",-17.0135120020719,1694394
1,2026-07-02 06:15:57,"ntc2_C",-17.054337938146,1698737
1,2026-07-02 06:15:57,"testSB_C",-16.9963947090507,1692896
2,2026-07-02 06:15:57,"ntc1_C",-16.9975790824957,1692693
2,2026-07-02 06:15:57,"ntc2_C",-17.0304024789079,1693525
2,2026-07-02 06:15:57,"testSB_C",-16.9906199943537,1689531
3,2026-07-02 06:15:57,"ntc1_C",-16.9649132980024,1691882
3,2026-07-02 06:15:57,"ntc2_C",-16.9867970843454,1690745
3,2026-07-02 06:15:57,"testSB_C",-16.9778296747375,1691936
4,2026-07-02 06:15:57,"ntc1_C",-16.9836654636301,1690253
4,2026-07-02 06:15:57,"ntc2_C",-16.9864327387353,1694494
4,2026-07-02 06:15:57,"testSB_C",-16.9485332683287,1690782
5,2026-07-02 06:15:57,"ntc1_C",-16.969555929977,1692192
5,2026-07-02 06:15:57,"ntc2_C",-16.9749496957205,1688244
5,2026-07-02 06:15:57,"testSB_C",-16.9424961688165,1693352
6,2026-07-02 06:15:57,"ntc1_C",-16.9483617438556,1690134
6,2026-07-02 06:15:57,"ntc2_C",-16.9590175287959,1690572
6,2026-07-02 06:15:57,"testSB_C",-16.9409827346611,1690406
7,2026-07-02 06:15:57,"ntc1_C",-16.9286697883849,1692705
7,2026-07-02 06:15:57,"ntc2_C",-16.9337059422465,1689425
7,2026-07-02 06:15:57,"testSB_C",-16.9584902712421,1691555
8,2026-07-02 06:15:57,"ntc1_C",-16.9090419733524,1685642
8,2026-07-02 06:15:57,"ntc2_C",-16.9188197708779,1688897
8,2026-07-02 06:15:57,"testSB_C",-16.9259555070371,1686885
9,2026-07-02 06:15:57,"ntc1_C",-16.9168042510772,1684856
9,2026-07-02 06:15:57,"ntc2_C",-16.8928647844484,1687984
9,2026-07-02 06:15:57,"testSB_C",-16.9081324011325,1685570
10,2026-07-02 06:15:57,"ntc1_C",-16.8904265207209,1688787
10,2026-07-02 06:15:57,"ntc2_C",-16.8892554410295,1685692
10,2026-07-02 06:15:57,"testSB_C",-16.8979747938803,1686014
11,2026-07-02 06:15:57,"ntc1_C",-16.8779161520364,1686055
11,2026-07-02 06:15:57,"ntc2_C",-16.9079869215613,1688288
11,2026-07-02 06:15:57,"testSB_C",-16.877698278966,1685331
12,2026-07-02 06:15:57,"ntc1_C",-16.8984460860767,1688603
12,2026-07-02 06:15:57,"ntc2_C",-16.8703022047823,1681998
12,2026-07-02 06:15:57,"testSB_C",-16.9523131692943,1680135
13,2026-07-02 06:15:57,"ntc1_C",-16.8569746099071,1681433
13,2026-07-02 06:15:57,"ntc2_C",-16.8911378847334,1683200
13,2026-07-02 06:15:57,"testSB_C",-16.8587128823866,1679950
14,2026-07-02 06:15:57,"ntc1_C",-16.8765821832539,1687322
14,2026-07-02 06:15:57,"ntc2_C",-16.8417760525945,1681899
14,2026-07-02 06:15:57,"testSB_C",-16.8234631778814,1679977
15,2026-07-02 06:15:57,"ntc1_C",-16.8389176343826,1684450
15,2026-07-02 06:15:57,"ntc2_C",-16.8496476165154,1681264
15,2026-07-02 06:15:57,"testSB_C",-16.9296048666437,1680716
16,2026-07-02 06:15:57,"ntc1_C",-16.8427586629169,1685680
16,2026-07-02 06:15:57,"ntc2_C",-16.8405480134332,1680626
16,2026-07-02 06:15:57,"testSB_C",-16.8750669494308,1680895
17,2026-07-02 06:15:57,"ntc1_C",-16.8126931529197,1685210
17,2026-07-02 06:15:57,"ntc2_C",-16.8246434758702,1685939
17,2026-07-02 06:15:57,"testSB_C",-16.8085853288376,1684322
18,2026-07-02 06:15:57,"ntc1_C",-16.7805594997377,1682079
18,2026-07-02 06:15:57,"ntc2_C",-16.8062563548025,1679323
18,2026-07-02 06:15:57,"testSB_C",-16.8887272724359,1681172
19,2026-07-02 06:15:57,"ntc1_C",-16.7913309558217,1681792
19,2026-07-02 06:15:57,"ntc2_C",-16.816000808013,1679677
19,2026-07-02 06:15:57,"testSB_C",-16.8413143672296,1678156
20,2026-07-02 06:15:57,"ntc1_C",-16.8221889491468,1678847
20,2026-07-02 06:15:57,"ntc2_C",-16.8151543085519,1682867
20,2026-07-02 06:15:57,"testSB_C",-16.801583546109,1683127
21,2026-07-02 06:15:57,"ntc1_C",-16.7580049782006,1676656
21,2026-07-02 06:15:57,"ntc2_C",-16.7923241165769,1680805
21,2026-07-02 06:15:57,"testSB_C",-16.7868471956206,1679935
22,2026-07-02 06:15:57,"ntc1_C",-16.7900675288881,1677485
22,2026-07-02 06:15:57,"ntc2_C",-16.7670339197078,1679452
22,2026-07-02 06:15:57,"testSB_C",-16.7887203006871,1682538
23,2026-07-02 06:15:57,"ntc1_C",-16.7916644302157,1681828
23,2026-07-02 06:15:57,"ntc2_C",-16.7724460529953,1679585
23,2026-07-02 06:15:57,"testSB_C",-16.7900074917846,1680733
24,2026-07-02 06:15:57,"ntc1_C",-16.8075716853827,1678418
24,2026-07-02 06:15:57,"ntc2_C",-16.7716941833547,1679671
1,2026-07-02 10:15:57,"ntc1_C",-11.3174193178244,1343111
1,2026-07-02 10:15:57,"ntc2_C",-11.9279511473849,1378395
1,2026-07-02 10:15:57,"testSB_C",-11.4365151323519,1349160
2,2026-07-02 10:15:57,"ntc1_C",-11.5688561174774,1356482
2,2026-07-02 10:15:57,"ntc2_C",-11.7972799391229,1368109
2,2026-07-02 10:15:57,"testSB_C",-11.5257786202138,1351973
3,2026-07-02 10:15:57,"ntc1_C",-11.421409323826,1349594
3,2026-07-02 10:15:57,"ntc2_C",-11.8094848257878,1368873
3,2026-07-02 10:15:57,"testSB_C",-11.6791693104826,1363094
4,2026-07-02 10:15:57,"ntc1_C",-11.5198322977142,1352631
4,2026-07-02 10:15:57,"ntc2_C",-11.9902697311485,1382136
4,2026-07-02 10:15:57,"testSB_C",-11.5189035375362,1354890
5,2026-07-02 10:15:57,"ntc1_C",-12.0440642482009,1384487
5,2026-07-02 10:15:57,"ntc2_C",-11.937449477422,1374682
5,2026-07-02 10:15:57,"testSB_C",-11.6051880965094,1362110
6,2026-07-02 10:15:57,"ntc1_C",-11.4923207959419,1353266
6,2026-07-02 10:15:57,"ntc2_C",-11.6657136591159,1362326
6,2026-07-02 10:15:57,"testSB_C",-11.6258925079511,1360942
7,2026-07-02 10:15:57,"ntc1_C",-11.6599645079458,1365489
7,2026-07-02 10:15:57,"ntc2_C",-11.8036942773243,1370400
7,2026-07-02 10:15:57,"testSB_C",-11.9247967147795,1377681
8,2026-07-02 10:15:57,"ntc1_C",-11.6177441175283,1358429
8,2026-07-02 10:15:57,"ntc2_C",-11.8464787248064,1373370
8,2026-07-02 10:15:57,"testSB_C",-11.7630657374076,1366658
9,2026-07-02 10:15:57,"ntc1_C",-11.5655379042154,1355173
9,2026-07-02 10:15:57,"ntc2_C",-11.6730101539717,1364463
9,2026-07-02 10:15:57,"testSB_C",-11.54209835932,1354164
10,2026-07-02 10:15:57,"ntc1_C",-11.6013662326669,1361146
10,2026-07-02 10:15:57,"ntc2_C",-11.7451693484866,1366682
10,2026-07-02 10:15:57,"testSB_C",-11.6374252151832,1360449
11,2026-07-02 10:15:57,"ntc1_C",-11.6930417523429,1364825
11,2026-07-02 10:15:57,"ntc2_C",-12.2356348270955,1395460
11,2026-07-02 10:15:57,"testSB_C",-11.7529029171118,1367465
12,2026-07-02 10:15:57,"ntc1_C",-12.214975647764,1395085
12,2026-07-02 10:15:57,"ntc2_C",-12.1047685954064,1384807
12,2026-07-02 10:15:57,"testSB_C",-11.7944990994291,1362312
13,2026-07-02 10:15:57,"ntc1_C",-11.5409055114255,1354109
13,2026-07-02 10:15:57,"ntc2_C",-12.3002750972948,1395762
13,2026-07-02 10:15:57,"testSB_C",-11.7430811345474,1363559
14,2026-07-02 10:15:57,"ntc1_C",-11.7907310290781,1371575
14,2026-07-02 10:15:57,"ntc2_C",-11.7172167117735,1364659
14,2026-07-02 10:15:57,"testSB_C",-11.7102404111399,1363840
15,2026-07-02 10:15:57,"ntc1_C",-11.7830980581819,1370619
15,2026-07-02 10:15:57,"ntc2_C",-12.0695356252905,1383376
15,2026-07-02 10:15:57,"testSB_C",-11.8890437112578,1370223
16,2026-07-02 10:15:57,"ntc1_C",-11.7757426370432,1370938
16,2026-07-02 10:15:57,"ntc2_C",-12.1489679365701,1388004
16,2026-07-02 10:15:57,"testSB_C",-12.0014444586322,1379042
17,2026-07-02 10:15:57,"ntc1_C",-11.6905768598287,1367732
17,2026-07-02 10:15:57,"ntc2_C",-12.2025040544801,1396273
17,2026-07-02 10:15:57,"testSB_C",-11.7311623093887,1369377
18,2026-07-02 10:15:57,"ntc1_C",-11.5825940466985,1360707
18,2026-07-02 10:15:57,"ntc2_C",-11.9861945621662,1379619
18,2026-07-02 10:15:57,"testSB_C",-11.6336378869789,1358228
19,2026-07-02 10:15:57,"ntc1_C",-11.6264396541306,1362423
19,2026-07-02 10:15:57,"ntc2_C",-12.1406551251202,1388133
19,2026-07-02 10:15:57,"testSB_C",-11.8343027699358,1369157
20,2026-07-02 10:15:57,"ntc1_C",-11.7531284612093,1365511
20,2026-07-02 10:15:57,"ntc2_C",-12.0504993973704,1385626
20,2026-07-02 10:15:57,"testSB_C",-11.8156830687892,1373412
21,2026-07-02 10:15:57,"ntc1_C",-11.5461757580464,1355462
21,2026-07-02 10:15:57,"ntc2_C",-12.0434390887006,1384856
21,2026-07-02 10:15:57,"testSB_C",-11.9100942835086,1377060
22,2026-07-02 10:15:57,"ntc1_C",-11.6484801064128,1360644
22,2026-07-02 10:15:57,"ntc2_C",-11.8001248253781,1371532
22,2026-07-02 10:15:57,"testSB_C",-11.7777822177649,1371564
23,2026-07-02 10:15:57,"ntc1_C",-11.8964750130898,1377479
23,2026-07-02 10:15:57,"ntc2_C",-11.6898282936198,1364944
23,2026-07-02 10:15:57,"testSB_C",-11.5502446126853,1357205
24,2026-07-02 10:15:57,"ntc1_C",-11.430658134452,1348592
24,2026-07-02 10:15:57,"ntc2_C",-11.9312606622305,1378893
1,2026-07-02 14:15:57,"ntc1_C",-9.56951927810826,1250601
1,2026-07-02 14:15:57,"ntc2_C",-9.98894423418415,1273510
1,2026-07-02 14:15:57,"testSB_C",-9.8977103002025,1266927
2,2026-07-02 14:15:57,"ntc1_C",-9.97627471878673,1271075
2,2026-07-02 14:15:57,"ntc2_C",-9.86083988711749,1264118
2,2026-07-02 14:15:57,"testSB_C",-9.94084646694796,1267256
3,2026-07-02 14:15:57,"ntc1_C",-9.859470468143,1266232
3,2026-07-02 14:15:57,"ntc2_C",-9.91088631658602,1266745
3,2026-07-02 14:15:57,"testSB_C",-10.1383958907831,1279971
4,2026-07-02 14:15:57,"ntc1_C",-9.9810398346882,1270275
4,2026-07-02 14:15:57,"ntc2_C",-9.98035923458474,1273230
4,2026-07-02 14:15:57,"testSB_C",-9.99121474053754,1272950
5,2026-07-02 14:15:57,"ntc1_C",-9.97574201863614,1272446
5,2026-07-02 14:15:57,"ntc2_C",-10.2236042210143,1281758
5,2026-07-02 14:15:57,"testSB_C",-10.1208270557911,1282003
6,2026-07-02 14:15:57,"ntc1_C",-10.1402298994669,1280641
6,2026-07-02 14:15:57,"ntc2_C",-9.85353847924762,1265163
6,2026-07-02 14:15:57,"testSB_C",-10.0426540857628,1275737
7,2026-07-02 14:15:57,"ntc1_C",-10.1534774403816,1284041
7,2026-07-02 14:15:57,"ntc2_C",-10.1710544488099,1281990
7,2026-07-02 14:15:57,"testSB_C",-10.3455516605134,1291643
8,2026-07-02 14:15:57,"ntc1_C",-10.0331052532914,1273309
8,2026-07-02 14:15:57,"ntc2_C",-10.1779371359727,1282936
8,2026-07-02 14:15:57,"testSB_C",-10.2974227728031,1287284
9,2026-07-02 14:15:57,"ntc1_C",-10.1789191749083,1280707
9,2026-07-02 14:15:57,"ntc2_C",-10.1415362700257,1281793
9,2026-07-02 14:15:57,"testSB_C",-10.2030739650596,1282096
10,2026-07-02 14:15:57,"ntc1_C",-10.1810870013161,1284462
10,2026-07-02 14:15:57,"ntc2_C",-10.2305001465879,1284718
10,2026-07-02 14:15:57,"testSB_C",-10.0941765669028,1277369
11,2026-07-02 14:15:57,"ntc1_C",-10.2139270889386,1284867
11,2026-07-02 14:15:57,"ntc2_C",-10.3468143821985,1291898
11,2026-07-02 14:15:57,"testSB_C",-10.1279054516842,1279677
12,2026-07-02 14:15:57,"ntc1_C",-10.3935435092787,1295112
12,2026-07-02 14:15:57,"ntc2_C",-10.2601518114272,1284298
12,2026-07-02 14:15:57,"testSB_C",-10.2588642008047,1279766
13,2026-07-02 14:15:57,"ntc1_C",-9.97758574841919,1270474
13,2026-07-02 14:15:57,"ntc2_C",-10.3358994732708,1288153
13,2026-07-02 14:15:57,"testSB_C",-10.1827688148466,1279389
14,2026-07-02 14:15:57,"ntc1_C",-10.2381596604022,1287388
14,2026-07-02 14:15:57,"ntc2_C",-10.2402435662353,1284791
14,2026-07-02 14:15:57,"testSB_C",-10.2210084196601,1283349
15,2026-07-02 14:15:57,"ntc1_C",-10.2024289268867,1284955
15,2026-07-02 14:15:57,"ntc2_C",-10.3211722382576,1288023
15,2026-07-02 14:15:57,"testSB_C",-10.4311056910307,1291411
16,2026-07-02 14:15:57,"ntc1_C",-10.2409830220652,1287649
16,2026-07-02 14:15:57,"ntc2_C",-10.211532474446,1282447
16,2026-07-02 14:15:57,"testSB_C",-10.3114031767531,1287350
17,2026-07-02 14:15:57,"ntc1_C",-10.2048199991793,1287274
17,2026-07-02 14:15:57,"ntc2_C",-10.2500841264492,1289262
17,2026-07-02 14:15:57,"testSB_C",-10.2479337651673,1288928
18,2026-07-02 14:15:57,"ntc1_C",-10.1695537523833,1284415
18,2026-07-02 14:15:57,"ntc2_C",-10.2074433297926,1282971
18,2026-07-02 14:15:57,"testSB_C",-10.093282201373,1275761
19,2026-07-02 14:15:57,"ntc1_C",-10.1767498792893,1284141
19,2026-07-02 14:15:57,"ntc2_C",-10.1893023022312,1281838
19,2026-07-02 14:15:57,"testSB_C",-10.1645701806873,1279125
20,2026-07-02 14:15:57,"ntc1_C",-10.1958702704115,1281434
20,2026-07-02 14:15:57,"ntc2_C",-10.3002954239382,1290041
20,2026-07-02 14:15:57,"testSB_C",-10.2362388074343,1287630
21,2026-07-02 14:15:57,"ntc1_C",-9.9350226777085,1269134
21,2026-07-02 14:15:57,"ntc2_C",-10.1771411444725,1283240
21,2026-07-02 14:15:57,"testSB_C",-10.2724267630652,1287944
22,2026-07-02 14:15:57,"ntc1_C",-9.89676525508565,1266861
22,2026-07-02 14:15:57,"ntc2_C",-10.1627895617303,1282850
22,2026-07-02 14:15:57,"testSB_C",-10.1493595085463,1283339
23,2026-07-02 14:15:57,"ntc1_C",-10.3886836817815,1295226
23,2026-07-02 14:15:57,"ntc2_C",-10.1475984975376,1281582
23,2026-07-02 14:15:57,"testSB_C",-9.89989988054788,1268725
24,2026-07-02 14:15:57,"ntc1_C",-9.98911299747493,1271655
24,2026-07-02 14:15:57,"ntc2_C",-9.88046959493937,1268173
1,2026-07-02 18:15:57,"ntc1_C",-7.42864256080111,1146034
1,2026-07-02 18:15:57,"ntc2_C",-7.48367262091591,1149838
1,2026-07-02 18:15:57,"testSB_C",-7.68998542378131,1157712
2,2026-07-02 18:15:57,"ntc1_C",-7.85023660296156,1165466
2,2026-07-02 18:15:57,"ntc2_C",-7.57389340207322,1151541
2,2026-07-02 18:15:57,"testSB_C",-7.78484480077435,1160562
3,2026-07-02 18:15:57,"ntc1_C",-7.61443722399309,1155446
3,2026-07-02 18:15:57,"ntc2_C",-7.38635263828451,1142772
3,2026-07-02 18:15:57,"testSB_C",-7.8513122199297,1165926
4,2026-07-02 18:15:57,"ntc1_C",-7.89643084387126,1166735
4,2026-07-02 18:15:57,"ntc2_C",-7.22935340697097,1138083
4,2026-07-02 18:15:57,"testSB_C",-7.71503303827268,1160058
5,2026-07-02 18:15:57,"ntc1_C",-7.21516372241808,1137039
5,2026-07-02 18:15:57,"ntc2_C",-7.7341083665687,1157955
5,2026-07-02 18:15:57,"testSB_C",-7.81281914139902,1166788
6,2026-07-02 18:15:57,"ntc1_C",-7.88152070706781,1167985
6,2026-07-02 18:15:57,"ntc2_C",-7.6476717341933,1156288
6,2026-07-02 18:15:57,"testSB_C",-7.86020811595307,1167043
7,2026-07-02 18:15:57,"ntc1_C",-7.87521384894382,1170082
7,2026-07-02 18:15:57,"ntc2_C",-7.72166283615184,1160030
7,2026-07-02 18:15:57,"testSB_C",-8.09016355632951,1178066
8,2026-07-02 18:15:57,"ntc1_C",-7.74611037248127,1159869
8,2026-07-02 18:15:57,"ntc2_C",-7.68002080900726,1158657
8,2026-07-02 18:15:57,"testSB_C",-8.05921629450438,1174951
9,2026-07-02 18:15:57,"ntc1_C",-7.84336113303516,1164471
9,2026-07-02 18:15:57,"ntc2_C",-7.84609826169799,1167255
9,2026-07-02 18:15:57,"testSB_C",-8.03758451869913,1173652
10,2026-07-02 18:15:57,"ntc1_C",-7.95655270865365,1173024
10,2026-07-02 18:15:57,"ntc2_C",-7.94417204587171,1170294
10,2026-07-02 18:15:57,"testSB_C",-8.0015794608592,1172837
11,2026-07-02 18:15:57,"ntc1_C",-7.90914436361231,1169598
11,2026-07-02 18:15:57,"ntc2_C",-7.68091279692169,1158781
11,2026-07-02 18:15:57,"testSB_C",-7.91916432847557,1169401
12,2026-07-02 18:15:57,"ntc1_C",-7.71522372975227,1161082
12,2026-07-02 18:15:57,"ntc2_C",-7.53357954811793,1149061
12,2026-07-02 18:15:57,"testSB_C",-8.12104207355816,1173186
13,2026-07-02 18:15:57,"ntc1_C",-7.67751309926672,1156805
13,2026-07-02 18:15:57,"ntc2_C",-7.65482710936914,1154658
13,2026-07-02 18:15:57,"testSB_C",-7.9597687348429,1168451
14,2026-07-02 18:15:57,"ntc1_C",-7.98616583383733,1174436
14,2026-07-02 18:15:57,"ntc2_C",-7.9164131232036,1168575
14,2026-07-02 18:15:57,"testSB_C",-8.01739401935617,1172913
15,2026-07-02 18:15:57,"ntc1_C",-8.06963404999129,1177864
15,2026-07-02 18:15:57,"ntc2_C",-7.91945733877753,1167750
15,2026-07-02 18:15:57,"testSB_C",-8.17701285494775,1178344
16,2026-07-02 18:15:57,"ntc1_C",-8.16233624947898,1182920
16,2026-07-02 18:15:57,"ntc2_C",-7.64610589428776,1155036
16,2026-07-02 18:15:57,"testSB_C",-7.87764287100026,1165906
17,2026-07-02 18:15:57,"ntc1_C",-8.04273093036772,1178640
17,2026-07-02 18:15:57,"ntc2_C",-7.5510032484259,1154813
17,2026-07-02 18:15:57,"testSB_C",-8.03634682463866,1177739
18,2026-07-02 18:15:57,"ntc1_C",-8.00415984233939,1175797
18,2026-07-02 18:15:57,"ntc2_C",-7.7695110952057,1161512
18,2026-07-02 18:15:57,"testSB_C",-7.91596402866259,1167698
19,2026-07-02 18:15:57,"ntc1_C",-8.00095833983556,1175089
19,2026-07-02 18:15:57,"ntc2_C",-7.70127517531819,1158137
19,2026-07-02 18:15:57,"testSB_C",-7.96430064802286,1169466
20,2026-07-02 18:15:57,"ntc1_C",-8.1773240282584,1180170
20,2026-07-02 18:15:57,"ntc2_C",-8.01608602850007,1175223
20,2026-07-02 18:15:57,"testSB_C",-8.10198617850762,1180238
21,2026-07-02 18:15:57,"ntc1_C",-7.90784439388176,1168362
21,2026-07-02 18:15:57,"ntc2_C",-7.80487315702629,1164860
21,2026-07-02 18:15:57,"testSB_C",-7.94022454047507,1170912
22,2026-07-02 18:15:57,"ntc1_C",-7.94741372196916,1170139
22,2026-07-02 18:15:57,"ntc2_C",-7.97061141969255,1173108
22,2026-07-02 18:15:57,"testSB_C",-8.06781234617665,1178851
23,2026-07-02 18:15:57,"ntc1_C",-8.26608210629894,1187748
23,2026-07-02 18:15:57,"ntc2_C",-8.08269345449827,1177951
23,2026-07-02 18:15:57,"testSB_C",-8.26208042696101,1186673
24,2026-07-02 18:15:57,"ntc1_C",-8.18260397323922,1181449
24,2026-07-02 18:15:57,"ntc2_C",-7.78346165267141,1164228
1,2026-07-02 22:15:57,"ntc1_C",-5.35121626362474,1053115
1,2026-07-02 22:15:57,"ntc2_C",-5.25729250417771,1050259
1,2026-07-02 22:15:57,"testSB_C",-5.29760454322604,1050177
2,2026-07-02 22:15:57,"ntc1_C",-5.60993516542658,1063850
2,2026-07-02 22:15:57,"ntc2_C",-5.35475040534715,1052094
2,2026-07-02 22:15:57,"testSB_C",-5.76636069282227,1068994
3,2026-07-02 22:15:57,"ntc1_C",-5.39073578793847,1055466
3,2026-07-02 22:15:57,"ntc2_C",-5.41126334870268,1054480
3,2026-07-02 22:15:57,"testSB_C",-5.82633569708821,1073624
4,2026-07-02 22:15:57,"ntc1_C",-6.08779414216042,1083905
4,2026-07-02 22:15:57,"ntc2_C",-5.60143379716976,1065111
4,2026-07-02 22:15:57,"testSB_C",-5.77116854151569,1071767
5,2026-07-02 22:15:57,"ntc1_C",-5.47283669992328,1059251
5,2026-07-02 22:15:57,"ntc2_C",-6.14150018534184,1085223
5,2026-07-02 22:15:57,"testSB_C",-6.03957796277768,1085485
6,2026-07-02 22:15:57,"ntc1_C",-5.98118228925904,1081059
6,2026-07-02 22:15:57,"ntc2_C",-6.05320921180419,1083587
6,2026-07-02 22:15:57,"testSB_C",-5.96004907144373,1080122
7,2026-07-02 22:15:57,"ntc1_C",-6.16318957298353,1091274
7,2026-07-02 22:15:57,"ntc2_C",-5.76874079201383,1071319
7,2026-07-02 22:15:57,"testSB_C",-6.52015256502119,1105050
8,2026-07-02 22:15:57,"ntc1_C",-6.2521231210788,1091385
8,2026-07-02 22:15:57,"ntc2_C",-6.49202708558533,1103928
8,2026-07-02 22:15:57,"testSB_C",-6.9900064393911,1124863
9,2026-07-02 22:15:57,"ntc1_C",-6.41205250763693,1098594
9,2026-07-02 22:15:57,"ntc2_C",-6.20269157301328,1091712
9,2026-07-02 22:15:57,"testSB_C",-6.38821279592275,1097365
10,2026-07-02 22:15:57,"ntc1_C",-6.45695749699706,1103511
10,2026-07-02 22:15:57,"ntc2_C",-6.47816901133808,1102444
10,2026-07-02 22:15:57,"testSB_C",-6.84675761402082,1118926
11,2026-07-02 22:15:57,"ntc1_C",-6.21804281409817,1091781
11,2026-07-02 22:15:57,"ntc2_C",-5.72525620434322,1070102
11,2026-07-02 22:15:57,"testSB_C",-6.09497877463264,1085661
12,2026-07-02 22:15:57,"ntc1_C",-6.15541561518785,1089636
12,2026-07-02 22:15:57,"ntc2_C",-6.22762795891293,1089527
12,2026-07-02 22:15:57,"testSB_C",-7.05043771900114,1123254
13,2026-07-02 22:15:57,"ntc1_C",-6.56367136248252,1105538
13,2026-07-02 22:15:57,"ntc2_C",-6.51158264844548,1102109
13,2026-07-02 22:15:57,"testSB_C",-6.99469944151349,1123390
14,2026-07-02 22:15:57,"ntc1_C",-6.78718596535379,1118464
14,2026-07-02 22:15:57,"ntc2_C",-6.67841680418525,1111097
14,2026-07-02 22:15:57,"testSB_C",-7.1445640833972,1131877
15,2026-07-02 22:15:57,"ntc1_C",-6.94534019137825,1125115
15,2026-07-02 22:15:57,"ntc2_C",-6.55471330359569,1104572
15,2026-07-02 22:15:57,"testSB_C",-6.88472347432258,1118052
16,2026-07-02 22:15:57,"ntc1_C",-6.95507424385761,1126117
16,2026-07-02 22:15:57,"ntc2_C",-6.42404597926185,1098961
16,2026-07-02 22:15:57,"testSB_C",-6.76718712902453,1114397
17,2026-07-02 22:15:57,"ntc1_C",-6.84935487857098,1122725
17,2026-07-02 22:15:57,"ntc2_C",-6.03389946175838,1085614
17,2026-07-02 22:15:57,"testSB_C",-6.28776491990476,1096780
18,2026-07-02 22:15:57,"ntc1_C",-5.96699600669234,1082169
18,2026-07-02 22:15:57,"ntc2_C",-5.5817539811315,1062535
18,2026-07-02 22:15:57,"testSB_C",-5.66877503030713,1065888
19,2026-07-02 22:15:57,"ntc1_C",-4.92309665830976,1036764
19,2026-07-02 22:15:57,"ntc2_C",-3.83878555741478,989826
19,2026-07-02 22:15:57,"testSB_C",-3.40476177632769,971583
20,2026-07-02 22:15:57,"ntc1_C",-2.74512138612533,946454
20,2026-07-02 22:15:57,"ntc2_C",-2.07893838399474,923351
20,2026-07-02 22:15:57,"testSB_C",-1.95599022116181,919488
21,2026-07-02 22:15:57,"ntc1_C",-2.38519012448518,933472
21,2026-07-02 22:15:57,"ntc2_C",-2.98930794509869,957787
21,2026-07-02 22:15:57,"testSB_C",-4.12556536458641,1002262
22,2026-07-02 22:15:57,"ntc1_C",-4.8894244200834,1033349
22,2026-07-02 22:15:57,"ntc2_C",-5.18287842665023,1047268
22,2026-07-02 22:15:57,"testSB_C",-7.24853400781558,1140139
23,2026-07-02 22:15:57,"ntc1_C",-7.93424278345123,1171783
23,2026-07-02 22:15:57,"ntc2_C",-7.56923945515621,1153532
23,2026-07-02 22:15:57,"testSB_C",-7.92850325657133,1170634
24,2026-07-02 22:15:57,"ntc1_C",-7.78646634860388,1162552
24,2026-07-02 22:15:57,"ntc2_C",-7.7146073464653,1160966
1,2026-07-03 02:15:57,"ntc1_C",-21.4288165177326,2026102
1,2026-07-03 02:15:57,"ntc2_C",-21.4464703599224,2029176
1,2026-07-03 02:15:57,"testSB_C",-21.1815360739945,2005889
2,2026-07-03 02:15:57,"ntc1_C",-21.1620248884321,2003742
2,2026-07-03 02:15:57,"ntc2_C",-21.1597488211149,2001788
2,2026-07-03 02:15:57,"testSB_C",-21.0259067751333,1989621
3,2026-07-03 02:15:57,"ntc1_C",-20.8238015028123,1978158
3,2026-07-03 02:15:57,"ntc2_C",-20.8491245031861,1977241
3,2026-07-03 02:15:57,"testSB_C",-20.7103118096979,1968264
4,2026-07-03 02:15:57,"ntc1_C",-20.5518432993152,1953296
4,2026-07-03 02:15:57,"ntc2_C",-20.5602182523,1958637
4,2026-07-03 02:15:57,"testSB_C",-20.272799108602,1934787
5,2026-07-03 02:15:57,"ntc1_C",-20.2779652419509,1934904
5,2026-07-03 02:15:57,"ntc2_C",-20.1238915853681,1918270
5,2026-07-03 02:15:57,"testSB_C",-19.8741479137363,1907183
6,2026-07-03 02:15:57,"ntc1_C",-18.655668033001,1811324
6,2026-07-03 02:15:57,"ntc2_C",-18.7143877689389,1815492
6,2026-07-03 02:15:57,"testSB_C",-18.6853980523591,1814529
7,2026-07-03 02:15:57,"ntc1_C",-19.387851136294,1870304
7,2026-07-03 02:15:57,"ntc2_C",-19.2955544795274,1859467
7,2026-07-03 02:15:57,"testSB_C",-19.5399841967643,1878313
8,2026-07-03 02:15:57,"ntc1_C",-18.828271011073,1822279
8,2026-07-03 02:15:57,"ntc2_C",-18.9631434499343,1835033
8,2026-07-03 02:15:57,"testSB_C",-18.6738502146762,1810975
9,2026-07-03 02:15:57,"ntc1_C",-19.4659247595564,1867945
9,2026-07-03 02:15:57,"ntc2_C",-19.4283887784046,1870837
9,2026-07-03 02:15:57,"testSB_C",-19.407378815868,1865591
10,2026-07-03 02:15:57,"ntc1_C",-19.3729833446266,1867783
10,2026-07-03 02:15:57,"ntc2_C",-19.3347621086714,1861607
10,2026-07-03 02:15:57,"testSB_C",-19.3906849392864,1865535
11,2026-07-03 02:15:57,"ntc1_C",-19.2916817311837,1859507
11,2026-07-03 02:15:57,"ntc2_C",-19.3294202585693,1862619
11,2026-07-03 02:15:57,"testSB_C",-19.209026241278,1852625
12,2026-07-03 02:15:57,"ntc1_C",-19.2366615602537,1856706
12,2026-07-03 02:15:57,"ntc2_C",-19.1373270240488,1844242
12,2026-07-03 02:15:57,"testSB_C",-19.0959569304974,1832421
13,2026-07-03 02:15:57,"ntc1_C",-18.9121232549043,1827514
13,2026-07-03 02:15:57,"ntc2_C",-19.0244452483934,1835552
13,2026-07-03 02:15:57,"testSB_C",-18.879594268613,1823669
14,2026-07-03 02:15:57,"ntc1_C",-18.8241449202458,1825982
14,2026-07-03 02:15:57,"ntc2_C",-18.6766578029464,1812062
14,2026-07-03 02:15:57,"testSB_C",-18.6910296966433,1812238
15,2026-07-03 02:15:57,"ntc1_C",-18.6336420322211,1811820
15,2026-07-03 02:15:57,"ntc2_C",-18.5643357832884,1802608
15,2026-07-03 02:15:57,"testSB_C",-18.604760967622,1798146
16,2026-07-03 02:15:57,"ntc1_C",-18.4396965179998,1798679
16,2026-07-03 02:15:57,"ntc2_C",-18.4021658921903,1790706
16,2026-07-03 02:15:57,"testSB_C",-18.4154862961081,1788899
17,2026-07-03 02:15:57,"ntc1_C",-18.2272217374877,1784809
17,2026-07-03 02:15:57,"ntc2_C",-18.2679939141188,1787789
17,2026-07-03 02:15:57,"testSB_C",-18.1483634670119,1778533
18,2026-07-03 02:15:57,"ntc1_C",-18.0546021795277,1771482
18,2026-07-03 02:15:57,"ntc2_C",-18.0534421827727,1766652
18,2026-07-03 02:15:57,"testSB_C",-18.0691780708366,1763346
19,2026-07-03 02:15:57,"ntc1_C",-17.9096877171357,1759988
19,2026-07-03 02:15:57,"ntc2_C",-17.928026464853,1757338
19,2026-07-03 02:15:57,"testSB_C",-17.9213307233916,1753137
20,2026-07-03 02:15:57,"ntc1_C",-17.8317178583704,1749103
20,2026-07-03 02:15:57,"ntc2_C",-17.7820361984135,1750345
20,2026-07-03 02:15:57,"testSB_C",-17.6652096727074,1743278
21,2026-07-03 02:15:57,"ntc1_C",-17.5421682960538,1731000
21,2026-07-03 02:15:57,"ntc2_C",-17.5969643611901,1736706
21,2026-07-03 02:15:57,"testSB_C",-17.4704559312445,1727233
22,2026-07-03 02:15:57,"ntc1_C",-17.4458600587159,1722730
22,2026-07-03 02:15:57,"ntc2_C",-17.3381508762709,1718909
22,2026-07-03 02:15:57,"testSB_C",-17.333429515076,1720222
23,2026-07-03 02:15:57,"ntc1_C",-17.25005639676,1713471
23,2026-07-03 02:15:57,"ntc2_C",-17.1652109743815,1706648
23,2026-07-03 02:15:57,"testSB_C",-17.1233045475753,1703682
24,2026-07-03 02:15:57,"ntc1_C",-17.0859456452846,1697479
24,2026-07-03 02:15:57,"ntc2_C",-17.0352399399893,1697765
1,2026-07-03 06:15:57,"ntc1_C",-19.123381130821,1845937
1,2026-07-03 06:15:57,"ntc2_C",-19.2372971464058,1856058
1,2026-07-03 06:15:57,"testSB_C",-19.1836116008854,1850218
2,2026-07-03 06:15:57,"ntc1_C",-19.2333742227074,1853524
2,2026-07-03 06:15:57,"ntc2_C",-19.2092548056926,1850113
2,2026-07-03 06:15:57,"testSB_C",-19.2327183017316,1850534
3,2026-07-03 06:15:57,"ntc1_C",-19.1393926908501,1847985
3,2026-07-03 06:15:57,"ntc2_C",-19.18635094665,1848693
3,2026-07-03 06:15:57,"testSB_C",-19.2070464118003,1852202
4,2026-07-03 06:15:57,"ntc1_C",-19.1940018551289,1848935
4,2026-07-03 06:15:57,"ntc2_C",-19.1565831668765,1850560
4,2026-07-03 06:15:57,"testSB_C",-19.0580673799485,1841995
5,2026-07-03 06:15:57,"ntc1_C",-19.1005347720826,1844977
5,2026-07-03 06:15:57,"ntc2_C",-19.0485997826397,1836572
5,2026-07-03 06:15:57,"testSB_C",-18.7045371901757,1818971
6,2026-07-03 06:15:57,"ntc1_C",-17.5450613186094,1731583
6,2026-07-03 06:15:57,"ntc2_C",-17.5429478729989,1731186
6,2026-07-03 06:15:57,"testSB_C",-17.3301438980617,1717372
7,2026-07-03 06:15:57,"ntc1_C",-18.3563341521249,1793753
7,2026-07-03 06:15:57,"ntc2_C",-18.1186461996141,1772794
7,2026-07-03 06:15:57,"testSB_C",-18.5130227986912,1801786
8,2026-07-03 06:15:57,"ntc1_C",-17.0037606261846,1692149
8,2026-07-03 06:15:57,"ntc2_C",-17.2539374542835,1712065
8,2026-07-03 06:15:57,"testSB_C",-17.1597152576558,1702996
9,2026-07-03 06:15:57,"ntc1_C",-18.538339593465,1799243
9,2026-07-03 06:15:57,"ntc2_C",-18.5373127533681,1804529
9,2026-07-03 06:15:57,"testSB_C",-18.4940165864173,1797778
10,2026-07-03 06:15:57,"ntc1_C",-18.4572991554493,1799758
10,2026-07-03 06:15:57,"ntc2_C",-18.4353017795342,1794966
10,2026-07-03 06:15:57,"testSB_C",-18.3571067743524,1788995
11,2026-07-03 06:15:57,"ntc1_C",-18.3491247515089,1789849
11,2026-07-03 06:15:57,"ntc2_C",-18.4057137358225,1794187
11,2026-07-03 06:15:57,"testSB_C",-18.28602603653,1784583
12,2026-07-03 06:15:57,"ntc1_C",-18.2887988201646,1786725
12,2026-07-03 06:15:57,"ntc2_C",-18.2330954891596,1777817
12,2026-07-03 06:15:57,"testSB_C",-18.1879054671866,1766372
13,2026-07-03 06:15:57,"ntc1_C",-18.0438354908366,1764380
13,2026-07-03 06:15:57,"ntc2_C",-18.1944624880667,1774778
13,2026-07-03 06:15:57,"testSB_C",-17.9610485042413,1756947
14,2026-07-03 06:15:57,"ntc1_C",-18.0650359256147,1770694
14,2026-07-03 06:15:57,"ntc2_C",-17.9901191987998,1762272
14,2026-07-03 06:15:57,"testSB_C",-17.9136013213372,1756021
15,2026-07-03 06:15:57,"ntc1_C",-17.9262617941489,1760557
15,2026-07-03 06:15:57,"ntc2_C",-17.909433652923,1755306
15,2026-07-03 06:15:57,"testSB_C",-18.0001677609698,1754893
16,2026-07-03 06:15:57,"ntc1_C",-17.8371219577902,1755216
16,2026-07-03 06:15:57,"ntc2_C",-17.8767640785764,1752922
16,2026-07-03 06:15:57,"testSB_C",-17.8722730832731,1750081
17,2026-07-03 06:15:57,"ntc1_C",-17.705305234734,1747423
17,2026-07-03 06:15:57,"ntc2_C",-17.8116008228476,1754964
17,2026-07-03 06:15:57,"testSB_C",-17.8134817234542,1754523
18,2026-07-03 06:15:57,"ntc1_C",-17.7376808682147,1748827
18,2026-07-03 06:15:57,"ntc2_C",-17.7969177114111,1748342
18,2026-07-03 06:15:57,"testSB_C",-17.7274829798918,1739174
19,2026-07-03 06:15:57,"ntc1_C",-17.7446452173475,1748233
19,2026-07-03 06:15:57,"ntc2_C",-17.7173143776487,1742363
19,2026-07-03 06:15:57,"testSB_C",-17.8073096026553,1745073
20,2026-07-03 06:15:57,"ntc1_C",-17.7589166633613,1743944
20,2026-07-03 06:15:57,"ntc2_C",-17.6602351605342,1741704
20,2026-07-03 06:15:57,"testSB_C",-17.501164578002,1731696
21,2026-07-03 06:15:57,"ntc1_C",-17.5421398738092,1730998
21,2026-07-03 06:15:57,"ntc2_C",-17.6626038270747,1741344
21,2026-07-03 06:15:57,"testSB_C",-17.6170265505129,1737538
22,2026-07-03 06:15:57,"ntc1_C",-17.5791238082763,1732066
22,2026-07-03 06:15:57,"ntc2_C",-17.5979522286862,1737151
22,2026-07-03 06:15:57,"testSB_C",-17.605608470786,1739354
23,2026-07-03 06:15:57,"ntc1_C",-17.5666757677206,1735660
23,2026-07-03 06:15:57,"ntc2_C",-17.5281700521898,1732029
23,2026-07-03 06:15:57,"testSB_C",-17.4458353746925,1726176
24,2026-07-03 06:15:57,"ntc1_C",-17.4327375014851,1721515
24,2026-07-03 06:15:57,"ntc2_C",-17.5113739742307,1730930
1,2026-07-03 10:15:57,"ntc1_C",-14.698690058658,1541912
1,2026-07-03 10:15:57,"ntc2_C",-14.9900497492116,1561812
1,2026-07-03 10:15:57,"testSB_C",-14.9012287704289,1554308
2,2026-07-03 10:15:57,"ntc1_C",-15.0541987978535,1563870
2,2026-07-03 10:15:57,"ntc2_C",-14.9123915682446,1553573
2,2026-07-03 10:15:57,"testSB_C",-15.1461297420939,1567260
3,2026-07-03 10:15:57,"ntc1_C",-14.9114698921451,1556165
3,2026-07-03 10:15:57,"ntc2_C",-15.0691313069442,1563696
3,2026-07-03 10:15:57,"testSB_C",-14.8659837298219,1552468
4,2026-07-03 10:15:57,"ntc1_C",-15.0801317102626,1564167
4,2026-07-03 10:15:57,"ntc2_C",-15.0896787027164,1568518
4,2026-07-03 10:15:57,"testSB_C",-14.9012821425773,1555496
5,2026-07-03 10:15:57,"ntc1_C",-15.0296670977294,1563742
5,2026-07-03 10:15:57,"ntc2_C",-14.789361673689,1544414
5,2026-07-03 10:15:57,"testSB_C",-13.448190906416,1468565
6,2026-07-03 10:15:57,"ntc1_C",-7.27881906451734,1139666
6,2026-07-03 10:15:57,"ntc2_C",-6.69213769188462,1112139
6,2026-07-03 10:15:57,"testSB_C",-7.16097370304749,1134252
7,2026-07-03 10:15:57,"ntc1_C",-11.4467096597733,1353652
7,2026-07-03 10:15:57,"ntc2_C",-9.83500748505566,1264517
7,2026-07-03 10:15:57,"testSB_C",-12.3027232101897,1399106
8,2026-07-03 10:15:57,"ntc1_C",-7.57272175600588,1151700
8,2026-07-03 10:15:57,"ntc2_C",-7.70201445590544,1159696
8,2026-07-03 10:15:57,"testSB_C",-7.13571282158273,1131558
9,2026-07-03 10:15:57,"ntc1_C",-14.6002532345363,1533487
9,2026-07-03 10:15:57,"ntc2_C",-14.7993697484574,1550075
9,2026-07-03 10:15:57,"testSB_C",-14.6140489975114,1535132
10,2026-07-03 10:15:57,"ntc1_C",-14.332883638367,1521690
10,2026-07-03 10:15:57,"ntc2_C",-14.5806382644341,1534379
10,2026-07-03 10:15:57,"testSB_C",-13.6738516432061,1478397
11,2026-07-03 10:15:57,"ntc1_C",-14.3926125341343,1523760
11,2026-07-03 10:15:57,"ntc2_C",-14.8861345428997,1554845
11,2026-07-03 10:15:57,"testSB_C",-14.5329590655013,1531791
12,2026-07-03 10:15:57,"ntc1_C",-15.0328887770135,1565073
12,2026-07-03 10:15:57,"ntc2_C",-14.917206710662,1553315
12,2026-07-03 10:15:57,"testSB_C",-15.0201125047651,1553362
13,2026-07-03 10:15:57,"ntc1_C",-14.4929996838426,1527276
13,2026-07-03 10:15:57,"ntc2_C",-15.2598574600457,1574982
13,2026-07-03 10:15:57,"testSB_C",-14.6593330230831,1535950
14,2026-07-03 10:15:57,"ntc1_C",-14.5840927047109,1537052
14,2026-07-03 10:15:57,"ntc2_C",-14.5467566937696,1531751
14,2026-07-03 10:15:57,"testSB_C",-14.5246977755023,1529866
15,2026-07-03 10:15:57,"ntc1_C",-14.5714805312425,1535832
15,2026-07-03 10:15:57,"ntc2_C",-14.7300696555091,1542126
15,2026-07-03 10:15:57,"testSB_C",-14.644606452123,1532314
16,2026-07-03 10:15:57,"ntc1_C",-14.4480558311292,1528968
16,2026-07-03 10:15:57,"ntc2_C",-14.7435281495617,1543030
16,2026-07-03 10:15:57,"testSB_C",-14.9271404281745,1553239
17,2026-07-03 10:15:57,"ntc1_C",-14.4704986701815,1531959
17,2026-07-03 10:15:57,"ntc2_C",-14.7592720633606,1549875
17,2026-07-03 10:15:57,"testSB_C",-14.7170469153078,1546803
18,2026-07-03 10:15:57,"ntc1_C",-14.3630767420471,1524275
18,2026-07-03 10:15:57,"ntc2_C",-14.7669026675817,1545436
18,2026-07-03 10:15:57,"testSB_C",-14.3018446416675,1513784
19,2026-07-03 10:15:57,"ntc1_C",-14.3433163358348,1522175
19,2026-07-03 10:15:57,"ntc2_C",-14.4218286779368,1523577
19,2026-07-03 10:15:57,"testSB_C",-14.193518039016,1507137
20,2026-07-03 10:15:57,"ntc1_C",-13.9146416504228,1491398
20,2026-07-03 10:15:57,"ntc2_C",-13.9197940123527,1495526
20,2026-07-03 10:15:57,"testSB_C",-13.5252445801081,1472703
21,2026-07-03 10:15:57,"ntc1_C",-13.1346867606035,1446328
21,2026-07-03 10:15:57,"ntc2_C",-13.6497454606363,1478722
21,2026-07-03 10:15:57,"testSB_C",-13.7815558162415,1486394
22,2026-07-03 10:15:57,"ntc1_C",-13.8638346881397,1489223
22,2026-07-03 10:15:57,"ntc2_C",-14.3727547044577,1523373
22,2026-07-03 10:15:57,"testSB_C",-14.9143932684127,1558870
23,2026-07-03 10:15:57,"ntc1_C",-15.1527075042069,1573241
23,2026-07-03 10:15:57,"ntc2_C",-14.3800482494855,1523494
23,2026-07-03 10:15:57,"testSB_C",-14.8048043115213,1550113
24,2026-07-03 10:15:57,"ntc1_C",-14.8781978359526,1551871
24,2026-07-03 10:15:57,"ntc2_C",-14.9956528304671,1562507
1,2026-07-03 14:15:57,"ntc1_C",-7.30319712117131,1140191
1,2026-07-03 14:15:57,"ntc2_C",-7.63927052769736,1157150
1,2026-07-03 14:15:57,"testSB_C",-7.86638662209293,1166075
2,2026-07-03 14:15:57,"ntc1_C",-8.20708909674926,1182548
2,2026-07-03 14:15:57,"ntc2_C",-7.48432673382086,1147346
2,2026-07-03 14:15:57,"testSB_C",-8.08963951358726,1175072
3,2026-07-03 14:15:57,"ntc1_C",-7.88972956420093,1168482
3,2026-07-03 14:15:57,"ntc2_C",-7.70247714833909,1157593
3,2026-07-03 14:15:57,"testSB_C",-8.20429091007941,1182829
4,2026-07-03 14:15:57,"ntc1_C",-8.1163920162308,1177242
4,2026-07-03 14:15:57,"ntc2_C",-7.52657903414507,1151951
4,2026-07-03 14:15:57,"testSB_C",-7.92921676912835,1170232
5,2026-07-03 14:15:57,"ntc1_C",-7.53594188877844,1151988
5,2026-07-03 14:15:57,"ntc2_C",-8.17347849006944,1178886
5,2026-07-03 14:15:57,"testSB_C",-7.96776070048014,1174182
6,2026-07-03 14:15:57,"ntc1_C",-1.53559503403136,902870
6,2026-07-03 14:15:57,"ntc2_C",-1.96425616727612,917957
6,2026-07-03 14:15:57,"testSB_C",0.301498375270455,838267
7,2026-07-03 14:15:57,"ntc1_C",-5.13978371694532,1046791
7,2026-07-03 14:15:57,"ntc2_C",-4.85112359435243,1032079
7,2026-07-03 14:15:57,"testSB_C",-5.96149695294321,1080202
8,2026-07-03 14:15:57,"ntc1_C",-0.259055432735579,856125
8,2026-07-03 14:15:57,"ntc2_C",-1.79319806491691,912333
8,2026-07-03 14:15:57,"testSB_C",2.70480685932415,760286
9,2026-07-03 14:15:57,"ntc1_C",-7.33038050721751,1140409
9,2026-07-03 14:15:57,"ntc2_C",-7.75429279248533,1162897
9,2026-07-03 14:15:57,"testSB_C",-7.74412645750704,1159692
10,2026-07-03 14:15:57,"ntc1_C",-7.4204270500112,1147671
10,2026-07-03 14:15:57,"ntc2_C",-7.61823296893743,1154848
10,2026-07-03 14:15:57,"testSB_C",-7.00703756671476,1126254
11,2026-07-03 14:15:57,"ntc1_C",-7.55562395691288,1152873
11,2026-07-03 14:15:57,"ntc2_C",-7.51650809616382,1151044
11,2026-07-03 14:15:57,"testSB_C",-7.5721671836788,1152977
12,2026-07-03 14:15:57,"ntc1_C",-7.75555974811675,1162992
12,2026-07-03 14:15:57,"ntc2_C",-7.69489779281372,1156643
12,2026-07-03 14:15:57,"testSB_C",-7.90784983372254,1163065
13,2026-07-03 14:15:57,"ntc1_C",-7.35837380679834,1141872
13,2026-07-03 14:15:57,"ntc2_C",-7.5999746421324,1152079
13,2026-07-03 14:15:57,"testSB_C",-7.70634598801564,1156442
14,2026-07-03 14:15:57,"ntc1_C",-7.61675013539298,1156892
14,2026-07-03 14:15:57,"ntc2_C",-7.58998419915224,1153130
14,2026-07-03 14:15:57,"testSB_C",-7.62978473390223,1154506
15,2026-07-03 14:15:57,"ntc1_C",-7.67625720625699,1159126
15,2026-07-03 14:15:57,"ntc2_C",-7.48684390859137,1147332
15,2026-07-03 14:15:57,"testSB_C",-7.79291371282415,1160090
16,2026-07-03 14:15:57,"ntc1_C",-7.57884343493635,1155109
16,2026-07-03 14:15:57,"ntc2_C",-7.25533568799528,1136793
16,2026-07-03 14:15:57,"testSB_C",-7.89043087490819,1166513
17,2026-07-03 14:15:57,"ntc1_C",-7.6752562679751,1161125
17,2026-07-03 14:15:57,"ntc2_C",-7.42241227290066,1148776
17,2026-07-03 14:15:57,"testSB_C",-7.93487756293183,1172878
18,2026-07-03 14:15:57,"ntc1_C",-7.85757722255727,1168791
18,2026-07-03 14:15:57,"ntc2_C",-7.78361727396054,1162180
18,2026-07-03 14:15:57,"testSB_C",-7.64936737178908,1155119
19,2026-07-03 14:15:57,"ntc1_C",-7.82063388072714,1166485
19,2026-07-03 14:15:57,"ntc2_C",-7.44689309959131,1146195
19,2026-07-03 14:15:57,"testSB_C",-7.8449921195791,1163798
20,2026-07-03 14:15:57,"ntc1_C",-7.82928246044827,1163550
20,2026-07-03 14:15:57,"ntc2_C",-7.61547020061175,1156184
20,2026-07-03 14:15:57,"testSB_C",-7.75589661374147,1163702
21,2026-07-03 14:15:57,"ntc1_C",-7.40139375189881,1144484
21,2026-07-03 14:15:57,"ntc2_C",-7.59645231694441,1155006
21,2026-07-03 14:15:57,"testSB_C",-7.72719205808983,1160772
22,2026-07-03 14:15:57,"ntc1_C",-7.70719248698123,1158751
22,2026-07-03 14:15:57,"ntc2_C",-7.9206006815553,1170719
22,2026-07-03 14:15:57,"testSB_C",-7.96048234740584,1173704
23,2026-07-03 14:15:57,"ntc1_C",-8.15628086726417,1182441
23,2026-07-03 14:15:57,"ntc2_C",-7.42639603768902,1146831
23,2026-07-03 14:15:57,"testSB_C",-7.34080672873858,1142913
24,2026-07-03 14:15:57,"ntc1_C",-6.83136864267016,1118248
24,2026-07-03 14:15:57,"ntc2_C",-6.29703071160992,1095848
1,2026-07-03 18:15:57,"ntc1_C",-1.477656983288,900138
1,2026-07-03 18:15:57,"ntc2_C",-1.7379363952885,910689
1,2026-07-03 18:15:57,"testSB_C",-1.92400233860025,915804
2,2026-07-03 18:15:57,"ntc1_C",-2.17773595387922,925600
2,2026-07-03 18:15:57,"ntc2_C",-1.82255608234988,911760
2,2026-07-03 18:15:57,"testSB_C",-2.28300027375707,928142
3,2026-07-03 18:15:57,"ntc1_C",-1.89164747577979,915900
3,2026-07-03 18:15:57,"ntc2_C",-1.54851966530572,901642
3,2026-07-03 18:15:57,"testSB_C",-2.32946648180246,931601
4,2026-07-03 18:15:57,"ntc1_C",-2.41382206943979,933850
4,2026-07-03 18:15:57,"ntc2_C",-1.45761741655275,900434
4,2026-07-03 18:15:57,"testSB_C",-2.06002195837993,921986
5,2026-07-03 18:15:57,"ntc1_C",-1.55167658128562,903694
5,2026-07-03 18:15:57,"ntc2_C",-2.49058060126561,935760
5,2026-07-03 18:15:57,"testSB_C",-1.59368653827596,906391
6,2026-07-03 18:15:57,"ntc1_C",7.67169077049982,625321
6,2026-07-03 18:15:57,"ntc2_C",9.3724653729451,584153
6,2026-07-03 18:15:57,"testSB_C",11.9335253833915,528849
7,2026-07-03 18:15:57,"ntc1_C",4.29550636911688,715853
7,2026-07-03 18:15:57,"ntc2_C",3.92798840251004,724554
7,2026-07-03 18:15:57,"testSB_C",0.955783155776714,816433
8,2026-07-03 18:15:57,"ntc1_C",14.6956054855333,474704
8,2026-07-03 18:15:57,"ntc2_C",12.8376338537818,510737
8,2026-07-03 18:15:57,"testSB_C",14.4976640621987,478357
9,2026-07-03 18:15:57,"ntc1_C",-1.24343891044481,891010
9,2026-07-03 18:15:57,"ntc2_C",-1.63701710287631,907248
9,2026-07-03 18:15:57,"testSB_C",-1.80803512921869,911260
10,2026-07-03 18:15:57,"ntc1_C",-1.51674980652376,903160
10,2026-07-03 18:15:57,"ntc2_C",-1.42916875353745,898299
10,2026-07-03 18:15:57,"testSB_C",-1.45955211138255,899265
11,2026-07-03 18:15:57,"ntc1_C",-1.30894203634097,894862
11,2026-07-03 18:15:57,"ntc2_C",-1.0545133280196,885614
11,2026-07-03 18:15:57,"testSB_C",-1.35996793987437,896017
12,2026-07-03 18:15:57,"ntc1_C",-1.18959383782163,891021
12,2026-07-03 18:15:57,"ntc2_C",-0.961523027399096,880070
12,2026-07-03 18:15:57,"testSB_C",-1.68186169934643,903989
13,2026-07-03 18:15:57,"ntc1_C",-0.967390555910356,881281
13,2026-07-03 18:15:57,"ntc2_C",-1.19782409317986,888449
13,2026-07-03 18:15:57,"testSB_C",-1.62836088253056,903570
14,2026-07-03 18:15:57,"ntc1_C",-1.52013364689014,903322
14,2026-07-03 18:15:57,"ntc2_C",-1.28137795227076,892689
14,2026-07-03 18:15:57,"testSB_C",-1.4657088181778,898519
15,2026-07-03 18:15:57,"ntc1_C",-1.58790340768184,905278
15,2026-07-03 18:15:57,"ntc2_C",-1.31276800351685,892968
15,2026-07-03 18:15:57,"testSB_C",-1.64182218410923,903823
16,2026-07-03 18:15:57,"ntc1_C",-1.59958145813158,906115
16,2026-07-03 18:15:57,"ntc2_C",-0.953261158106841,880424
16,2026-07-03 18:15:57,"testSB_C",-1.49396761423577,899711
17,2026-07-03 18:15:57,"ntc1_C",-1.55495272249311,905808
17,2026-07-03 18:15:57,"ntc2_C",-0.945436204020041,883273
17,2026-07-03 18:15:57,"testSB_C",-1.74938023516307,912388
18,2026-07-03 18:15:57,"ntc1_C",-1.56896004306111,905409
18,2026-07-03 18:15:57,"ntc2_C",-1.36320838929282,895589
18,2026-07-03 18:15:57,"testSB_C",-1.38663667808623,896390
19,2026-07-03 18:15:57,"ntc1_C",-1.59987972048992,906210
19,2026-07-03 18:15:57,"ntc2_C",-1.1747362666473,888713
19,2026-07-03 18:15:57,"testSB_C",-1.73553725104807,908038
20,2026-07-03 18:15:57,"ntc1_C",-1.95411700392384,916667
20,2026-07-03 18:15:57,"ntc2_C",-1.72684461949171,910304
20,2026-07-03 18:15:57,"testSB_C",-1.74895009454053,911827
21,2026-07-03 18:15:57,"ntc1_C",-1.17338189493557,888857
21,2026-07-03 18:15:57,"ntc2_C",-1.09668309080638,887242
21,2026-07-03 18:15:57,"testSB_C",-1.19704932018385,889884
22,2026-07-03 18:15:57,"ntc1_C",-1.25603816554627,892080
22,2026-07-03 18:15:57,"ntc2_C",-1.0928431575831,887405
22,2026-07-03 18:15:57,"testSB_C",-1.4410873900564,900772
23,2026-07-03 18:15:57,"ntc1_C",-1.71399829473273,910155
23,2026-07-03 18:15:57,"ntc2_C",-0.845654110784835,877929
23,2026-07-03 18:15:57,"testSB_C",-1.53027420590274,902691
24,2026-07-03 18:15:57,"ntc1_C",-0.863154166324421,878126
24,2026-07-03 18:15:57,"ntc2_C",-0.308795717267969,859838
1,2026-07-03 22:15:57,"ntc1_C",-8.33560539048665,1189200
1,2026-07-03 22:15:57,"ntc2_C",-8.7609257606739,1211284
1,2026-07-03 22:15:57,"testSB_C",-8.4508123045407,1194225
2,2026-07-03 22:15:57,"ntc1_C",-8.58747857804235,1201038
2,2026-07-03 22:15:57,"ntc2_C",-8.73104220530138,1207168
2,2026-07-03 22:15:57,"testSB_C",-8.69888815366949,1204633
3,2026-07-03 22:15:57,"ntc1_C",-8.60415414685019,1203017
3,2026-07-03 22:15:57,"ntc2_C",-8.78549124752902,1209873
3,2026-07-03 22:15:57,"testSB_C",-8.78090039601318,1210980
4,2026-07-03 22:15:57,"ntc1_C",-8.76775402522969,1208926
4,2026-07-03 22:15:57,"ntc2_C",-8.91783112400924,1219196
4,2026-07-03 22:15:57,"testSB_C",-8.67507082227911,1206377
5,2026-07-03 22:15:57,"ntc1_C",-9.06335054452978,1225969
5,2026-07-03 22:15:57,"ntc2_C",-9.37194920094231,1237961
5,2026-07-03 22:15:57,"testSB_C",-9.18811850524696,1234113
6,2026-07-03 22:15:57,"ntc1_C",-2.76457777902181,948834
6,2026-07-03 22:15:57,"ntc2_C",-4.94472143172754,1035831
6,2026-07-03 22:15:57,"testSB_C",-3.96345412068865,995953
7,2026-07-03 22:15:57,"ntc1_C",-7.45689321986072,1150303
7,2026-07-03 22:15:57,"ntc2_C",-7.73497753672007,1160660
7,2026-07-03 22:15:57,"testSB_C",-8.52345136286812,1199071
8,2026-07-03 22:15:57,"ntc1_C",-4.8981583645994,1032916
8,2026-07-03 22:15:57,"ntc2_C",-4.62923318319901,1023409
8,2026-07-03 22:15:57,"testSB_C",-2.77948551441705,948063
9,2026-07-03 22:15:57,"ntc1_C",-8.51228898941645,1196626
9,2026-07-03 22:15:57,"ntc2_C",-8.75366658356228,1211244
9,2026-07-03 22:15:57,"testSB_C",-8.75272204471185,1208394
10,2026-07-03 22:15:57,"ntc1_C",-8.62225294313504,1205302
10,2026-07-03 22:15:57,"ntc2_C",-8.74313674459722,1209054
10,2026-07-03 22:15:57,"testSB_C",-8.75074688674073,1209223
11,2026-07-03 22:15:57,"ntc1_C",-8.68660639943761,1207257
11,2026-07-03 22:15:57,"ntc2_C",-8.91078229117068,1218369
11,2026-07-03 22:15:57,"testSB_C",-8.73094883337546,1208763
12,2026-07-03 22:15:57,"ntc1_C",-9.04608978001289,1225824
12,2026-07-03 22:15:57,"ntc2_C",-8.94349156425062,1217082
12,2026-07-03 22:15:57,"testSB_C",-8.94228904575476,1213020
13,2026-07-03 22:15:57,"ntc1_C",-8.58355804586472,1200295
13,2026-07-03 22:15:57,"ntc2_C",-9.00408967405514,1219986
13,2026-07-03 22:15:57,"testSB_C",-8.76233842508543,1207329
14,2026-07-03 22:15:57,"ntc1_C",-8.79921540454825,1214009
14,2026-07-03 22:15:57,"ntc2_C",-8.71433507870597,1207224
14,2026-07-03 22:15:57,"testSB_C",-8.81133724617553,1211551
15,2026-07-03 22:15:57,"ntc1_C",-8.83504004133221,1215213
15,2026-07-03 22:15:57,"ntc2_C",-8.86585904521502,1213720
15,2026-07-03 22:15:57,"testSB_C",-8.77481678146859,1207329
16,2026-07-03 22:15:57,"ntc1_C",-8.81254151379039,1214716
16,2026-07-03 22:15:57,"ntc2_C",-8.84894868035946,1213090
16,2026-07-03 22:15:57,"testSB_C",-8.92336463081881,1216610
17,2026-07-03 22:15:57,"ntc1_C",-8.74727633742805,1212978
17,2026-07-03 22:15:57,"ntc2_C",-8.88075101919958,1219173
17,2026-07-03 22:15:57,"testSB_C",-8.91809969153388,1220854
18,2026-07-03 22:15:57,"ntc1_C",-8.75020371601835,1212124
18,2026-07-03 22:15:57,"ntc2_C",-8.93374481255688,1217985
18,2026-07-03 22:15:57,"testSB_C",-8.75895662097264,1208395
19,2026-07-03 22:15:57,"ntc1_C",-8.77853467555417,1212938
19,2026-07-03 22:15:57,"ntc2_C",-8.97429764025014,1219836
19,2026-07-03 22:15:57,"testSB_C",-9.01881652166833,1220790
20,2026-07-03 22:15:57,"ntc1_C",-8.94407215246258,1217643
20,2026-07-03 22:15:57,"ntc2_C",-9.12310680800664,1229513
20,2026-07-03 22:15:57,"testSB_C",-8.90122816400032,1219347
21,2026-07-03 22:15:57,"ntc1_C",-8.76676005983546,1210027
21,2026-07-03 22:15:57,"ntc2_C",-8.99926879322379,1223008
21,2026-07-03 22:15:57,"testSB_C",-8.88894391894678,1217169
22,2026-07-03 22:15:57,"ntc1_C",-8.84810753965235,1213862
22,2026-07-03 22:15:57,"ntc2_C",-8.87265595345247,1217062
22,2026-07-03 22:15:57,"testSB_C",-8.96904119148365,1222987
23,2026-07-03 22:15:57,"ntc1_C",-9.13619824046293,1230669
23,2026-07-03 22:15:57,"ntc2_C",-8.90461527792803,1218142
23,2026-07-03 22:15:57,"testSB_C",-9.02994135497204,1224449
24,2026-07-03 22:15:57,"ntc1_C",-8.86092506961296,1214535
24,2026-07-03 22:15:57,"ntc2_C",-9.07631166114248,1227242
1,2026-07-04 02:15:57,"ntc1_C",-15.8383601067302,1615240
1,2026-07-04 02:15:57,"ntc2_C",-15.9175810374423,1621957
1,2026-07-04 02:15:57,"testSB_C",-15.8014175019968,1612448
2,2026-07-04 02:15:57,"ntc1_C",-15.8544390328405,1615721
2,2026-07-04 02:15:57,"ntc2_C",-15.7525778052618,1607692
2,2026-07-04 02:15:57,"testSB_C",-15.6910467408128,1602459
3,2026-07-04 02:15:57,"ntc1_C",-15.5057123545437,1594313
3,2026-07-04 02:15:57,"ntc2_C",-15.4945389537966,1591054
3,2026-07-04 02:15:57,"testSB_C",-15.5199764483621,1594419
4,2026-07-04 02:15:57,"ntc1_C",-15.4490973882193,1587870
4,2026-07-04 02:15:57,"ntc2_C",-15.3899867329549,1587839
4,2026-07-04 02:15:57,"testSB_C",-15.27168197422,1579167
5,2026-07-04 02:15:57,"ntc1_C",-15.2308338328281,1576609
5,2026-07-04 02:15:57,"ntc2_C",-15.2625082678458,1574503
5,2026-07-04 02:15:57,"testSB_C",-15.3126689745019,1584617
6,2026-07-04 02:15:57,"ntc1_C",-13.7458834081537,1483556
6,2026-07-04 02:15:57,"ntc2_C",-13.8177080936936,1487434
6,2026-07-04 02:15:57,"testSB_C",-13.4807264169989,1468024
7,2026-07-04 02:15:57,"ntc1_C",-14.7540087470496,1549252
7,2026-07-04 02:15:57,"ntc2_C",-14.7201054996567,1543705
7,2026-07-04 02:15:57,"testSB_C",-14.8448332926611,1552043
8,2026-07-04 02:15:57,"ntc1_C",-13.7275006947609,1480639
8,2026-07-04 02:15:57,"ntc2_C",-13.8022428177798,1487498
8,2026-07-04 02:15:57,"testSB_C",-13.8002280550436,1485159
9,2026-07-04 02:15:57,"ntc1_C",-14.903274627667,1552510
9,2026-07-04 02:15:57,"ntc2_C",-14.8466191226411,1553063
9,2026-07-04 02:15:57,"testSB_C",-14.902578652252,1553308
10,2026-07-04 02:15:57,"ntc1_C",-14.7812302622519,1549770
10,2026-07-04 02:15:57,"ntc2_C",-14.7600251784248,1545646
10,2026-07-04 02:15:57,"testSB_C",-14.809589602351,1548513
11,2026-07-04 02:15:57,"ntc1_C",-14.6891763611048,1542296
11,2026-07-04 02:15:57,"ntc2_C",-14.7491318972109,1546184
11,2026-07-04 02:15:57,"testSB_C",-14.6607530520175,1539796
12,2026-07-04 02:15:57,"ntc1_C",-14.7043960504062,1544252
12,2026-07-04 02:15:57,"ntc2_C",-14.6015092140907,1533436
12,2026-07-04 02:15:57,"testSB_C",-14.711600449503,1534002
13,2026-07-04 02:15:57,"ntc1_C",-14.4931925897237,1527288
13,2026-07-04 02:15:57,"ntc2_C",-14.5884031670186,1532433
13,2026-07-04 02:15:57,"testSB_C",-14.5570714766405,1529556
14,2026-07-04 02:15:57,"ntc1_C",-14.492390686691,1531320
14,2026-07-04 02:15:57,"ntc2_C",-14.4301511939633,1524482
14,2026-07-04 02:15:57,"testSB_C",-14.4673538740582,1526293
15,2026-07-04 02:15:57,"ntc1_C",-14.4207667815774,1526420
15,2026-07-04 02:15:57,"ntc2_C",-14.3928050706997,1521048
15,2026-07-04 02:15:57,"testSB_C",-14.4321699932536,1519179
16,2026-07-04 02:15:57,"ntc1_C",-14.3917853160719,1525462
16,2026-07-04 02:15:57,"ntc2_C",-14.3044870097926,1515646
16,2026-07-04 02:15:57,"testSB_C",-14.3602807339386,1517887
17,2026-07-04 02:15:57,"ntc1_C",-14.256225716371,1518637
17,2026-07-04 02:15:57,"ntc2_C",-14.2956560808957,1520837
17,2026-07-04 02:15:57,"testSB_C",-14.2764187359924,1519260
18,2026-07-04 02:15:57,"ntc1_C",-14.2020114766518,1514291
18,2026-07-04 02:15:57,"ntc2_C",-14.193396720219,1509700
18,2026-07-04 02:15:57,"testSB_C",-14.2765485956393,1512230
19,2026-07-04 02:15:57,"ntc1_C",-14.1494259810264,1510185
19,2026-07-04 02:15:57,"ntc2_C",-14.2050213310092,1510162
19,2026-07-04 02:15:57,"testSB_C",-14.2050524490439,1507844
20,2026-07-04 02:15:57,"ntc1_C",-14.2008849525108,1508906
20,2026-07-04 02:15:57,"ntc2_C",-14.199428147331,1512691
20,2026-07-04 02:15:57,"testSB_C",-14.1678729346958,1511837
21,2026-07-04 02:15:57,"ntc1_C",-14.032715931041,1500344
21,2026-07-04 02:15:57,"ntc2_C",-14.1185860927853,1507287
21,2026-07-04 02:15:57,"testSB_C",-14.0883466314957,1505113
22,2026-07-04 02:15:57,"ntc1_C",-14.0568625969942,1500979
22,2026-07-04 02:15:57,"ntc2_C",-14.037261978889,1502667
22,2026-07-04 02:15:57,"testSB_C",-14.0933498905997,1507532
23,2026-07-04 02:15:57,"ntc1_C",-14.0788519928932,1505829
23,2026-07-04 02:15:57,"ntc2_C",-14.0230576124658,1501451
23,2026-07-04 02:15:57,"testSB_C",-14.0770106164373,1504751
24,2026-07-04 02:15:57,"ntc1_C",-14.0495561644082,1500415
24,2026-07-04 02:15:57,"ntc2_C",-14.0529779672314,1503595
1,2026-07-04 06:15:57,"ntc1_C",-15.7703438553864,1610770
1,2026-07-04 06:15:57,"ntc2_C",-15.7865089089732,1613323
1,2026-07-04 06:15:57,"testSB_C",-15.775837007585,1610767
2,2026-07-04 06:15:57,"ntc1_C",-15.7869764211458,1611286
2,2026-07-04 06:15:57,"ntc2_C",-15.7619205871753,1608304
2,2026-07-04 06:15:57,"testSB_C",-15.7753362349663,1607972
3,2026-07-04 06:15:57,"ntc1_C",-15.7354320638946,1609303
3,2026-07-04 06:15:57,"ntc2_C",-15.7291992870801,1606344
3,2026-07-04 06:15:57,"testSB_C",-15.7596191412442,1610066
4,2026-07-04 06:15:57,"ntc1_C",-15.761183554053,1608192
4,2026-07-04 06:15:57,"ntc2_C",-15.7174287296511,1609170
4,2026-07-04 06:15:57,"testSB_C",-15.7236980037491,1608530
5,2026-07-04 06:15:57,"ntc1_C",-15.6852603744197,1606056
5,2026-07-04 06:15:57,"ntc2_C",-15.7100843969666,1603492
5,2026-07-04 06:15:57,"testSB_C",-15.6921810625123,1609315
6,2026-07-04 06:15:57,"ntc1_C",-15.0125389470177,1562143
6,2026-07-04 06:15:57,"ntc2_C",-14.939279170593,1557069
6,2026-07-04 06:15:57,"testSB_C",-14.9607427646488,1559407
7,2026-07-04 06:15:57,"ntc1_C",-15.5237047363466,1598621
7,2026-07-04 06:15:57,"ntc2_C",-15.6699766300159,1604674
7,2026-07-04 06:15:57,"testSB_C",-15.6767389653069,1605567
8,2026-07-04 06:15:57,"ntc1_C",-14.8549429570475,1550338
8,2026-07-04 06:15:57,"ntc2_C",-14.9036403850372,1555840
8,2026-07-04 06:15:57,"testSB_C",-15.1828842534576,1571310
9,2026-07-04 06:15:57,"ntc1_C",-15.729842937753,1605575
9,2026-07-04 06:15:57,"ntc2_C",-15.6644396095175,1605681
9,2026-07-04 06:15:57,"testSB_C",-15.677797525089,1603191
10,2026-07-04 06:15:57,"ntc1_C",-15.6449877263615,1605302
10,2026-07-04 06:15:57,"ntc2_C",-15.6395637300889,1602069
10,2026-07-04 06:15:57,"testSB_C",-15.6570358197119,1602943
11,2026-07-04 06:15:57,"ntc1_C",-15.6302018203276,1602583
11,2026-07-04 06:15:57,"ntc2_C",-15.6137913212324,1601646
11,2026-07-04 06:15:57,"testSB_C",-15.6260554914925,1601598
12,2026-07-04 06:15:57,"ntc1_C",-15.6095229170541,1602287
12,2026-07-04 06:15:57,"ntc2_C",-15.5897711749772,1596509
12,2026-07-04 06:15:57,"testSB_C",-15.7112990804951,1597606
13,2026-07-04 06:15:57,"ntc1_C",-15.6207630903363,1599026
13,2026-07-04 06:15:57,"ntc2_C",-15.5992421054843,1596925
13,2026-07-04 06:15:57,"testSB_C",-15.6207327121502,1597355
14,2026-07-04 06:15:57,"ntc1_C",-15.6121440589711,1602762
14,2026-07-04 06:15:57,"ntc2_C",-15.5890193883795,1598249
14,2026-07-04 06:15:57,"testSB_C",-15.5857749559423,1597468
15,2026-07-04 06:15:57,"ntc1_C",-15.5833526937989,1600509
15,2026-07-04 06:15:57,"ntc2_C",-15.5716464366529,1595976
15,2026-07-04 06:15:57,"testSB_C",-15.6774528948769,1597759
16,2026-07-04 06:15:57,"ntc1_C",-15.5954137147018,1602199
16,2026-07-04 06:15:57,"ntc2_C",-15.552344413202,1594751
16,2026-07-04 06:15:57,"testSB_C",-15.6171782335053,1597352
17,2026-07-04 06:15:57,"ntc1_C",-15.5701924079744,1602148
17,2026-07-04 06:15:57,"ntc2_C",-15.5291118639453,1599295
17,2026-07-04 06:15:57,"testSB_C",-15.5634657975376,1601088
18,2026-07-04 06:15:57,"ntc1_C",-15.5457401133675,1599586
18,2026-07-04 06:15:57,"ntc2_C",-15.5391816918779,1594869
18,2026-07-04 06:15:57,"testSB_C",-15.6551887108525,1599232
19,2026-07-04 06:15:57,"ntc1_C",-15.5453622329535,1598617
19,2026-07-04 06:15:57,"ntc2_C",-15.5330024110119,1594185
19,2026-07-04 06:15:57,"testSB_C",-15.5976319116022,1595614
20,2026-07-04 06:15:57,"ntc1_C",-15.584063494055,1596382
20,2026-07-04 06:15:57,"ntc2_C",-15.5456126314448,1598066
20,2026-07-04 06:15:57,"testSB_C",-15.517879880708,1597402
21,2026-07-04 06:15:57,"ntc1_C",-15.4958543750504,1592627
21,2026-07-04 06:15:57,"ntc2_C",-15.4971440179316,1594452
21,2026-07-04 06:15:57,"testSB_C",-15.4766570703534,1592733
22,2026-07-04 06:15:57,"ntc1_C",-15.4941546163086,1591418
22,2026-07-04 06:15:57,"ntc2_C",-15.4619050174314,1592539
22,2026-07-04 06:15:57,"testSB_C",-15.4733684437534,1594796
23,2026-07-04 06:15:57,"ntc1_C",-15.5020475534307,1595800
23,2026-07-04 06:15:57,"ntc2_C",-15.4593416462581,1592082
23,2026-07-04 06:15:57,"testSB_C",-15.4802867343947,1593410
24,2026-07-04 06:15:57,"ntc1_C",-15.487264059231,1590786
24,2026-07-04 06:15:57,"ntc2_C",-15.3997415180974,1588446
1,2026-07-04 10:15:57,"ntc1_C",-11.6149877269486,1359532
1,2026-07-04 10:15:57,"ntc2_C",-12.033490250495,1384346
1,2026-07-04 10:15:57,"testSB_C",-11.7027583129446,1363922
2,2026-07-04 10:15:57,"ntc1_C",-11.7964151979041,1369147
2,2026-07-04 10:15:57,"ntc2_C",-11.9815672453143,1378442
2,2026-07-04 10:15:57,"testSB_C",-11.7949451884536,1366915
3,2026-07-04 10:15:57,"ntc1_C",-11.7182877980458,1366051
3,2026-07-04 10:15:57,"ntc2_C",-11.9622902011267,1377443
3,2026-07-04 10:15:57,"testSB_C",-11.8543492362131,1372881
4,2026-07-04 10:15:57,"ntc1_C",-11.7577569955009,1365835
4,2026-07-04 10:15:57,"ntc2_C",-12.0582793176933,1385980
4,2026-07-04 10:15:57,"testSB_C",-11.7182212106023,1365964
5,2026-07-04 10:15:57,"ntc1_C",-12.0706381047289,1385989
5,2026-07-04 10:15:57,"ntc2_C",-11.9797690278942,1377060
5,2026-07-04 10:15:57,"testSB_C",-11.8048785347314,1373263
6,2026-07-04 10:15:57,"ntc1_C",-8.81296386198619,1213170
6,2026-07-04 10:15:57,"ntc2_C",-8.89953256692604,1216852
6,2026-07-04 10:15:57,"testSB_C",-9.36456565123001,1240908
7,2026-07-04 10:15:57,"ntc1_C",-11.5281626483605,1358161
7,2026-07-04 10:15:57,"ntc2_C",-11.3053849895275,1342786
7,2026-07-04 10:15:57,"testSB_C",-11.8092850309842,1371198
8,2026-07-04 10:15:57,"ntc1_C",-9.87921098078482,1265334
8,2026-07-04 10:15:57,"ntc2_C",-9.84467896316283,1265604
8,2026-07-04 10:15:57,"testSB_C",-9.38087874646794,1240023
9,2026-07-04 10:15:57,"ntc1_C",-11.770549942909,1366544
9,2026-07-04 10:15:57,"ntc2_C",-11.9198519651665,1378279
9,2026-07-04 10:15:57,"testSB_C",-11.8732481160013,1372605
10,2026-07-04 10:15:57,"ntc1_C",-11.8917006473401,1377378
10,2026-07-04 10:15:57,"ntc2_C",-11.9327024198064,1377188
10,2026-07-04 10:15:57,"testSB_C",-11.9145525461066,1375932
11,2026-07-04 10:15:57,"ntc1_C",-11.8929574944187,1376008
11,2026-07-04 10:15:57,"ntc2_C",-12.2243105492188,1394815
11,2026-07-04 10:15:57,"testSB_C",-11.8902144145818,1375154
12,2026-07-04 10:15:57,"ntc1_C",-12.2073367187226,1394650
12,2026-07-04 10:15:57,"ntc2_C",-12.085457195372,1383715
12,2026-07-04 10:15:57,"testSB_C",-11.9015590533932,1368262
13,2026-07-04 10:15:57,"ntc1_C",-11.741638808811,1365240
13,2026-07-04 10:15:57,"ntc2_C",-12.2200498896491,1391196
13,2026-07-04 10:15:57,"testSB_C",-11.8459062722784,1369297
14,2026-07-04 10:15:57,"ntc1_C",-11.9218507958328,1378932
14,2026-07-04 10:15:57,"ntc2_C",-11.8658117712221,1372965
14,2026-07-04 10:15:57,"testSB_C",-11.844477066148,1371338
15,2026-07-04 10:15:57,"ntc1_C",-11.8772957072093,1375901
15,2026-07-04 10:15:57,"ntc2_C",-12.0733929473264,1383594
15,2026-07-04 10:15:57,"testSB_C",-11.975874754268,1375064
16,2026-07-04 10:15:57,"ntc1_C",-11.9008910048375,1377963
16,2026-07-04 10:15:57,"ntc2_C",-12.1197456620046,1386349
16,2026-07-04 10:15:57,"testSB_C",-12.0180086691755,1379972
17,2026-07-04 10:15:57,"ntc1_C",-11.8406530629931,1376134
17,2026-07-04 10:15:57,"ntc2_C",-12.181679509734,1395086
17,2026-07-04 10:15:57,"testSB_C",-11.9007509678994,1378890
18,2026-07-04 10:15:57,"ntc1_C",-11.7790533642398,1371668
18,2026-07-04 10:15:57,"ntc2_C",-11.9921225698782,1379953
18,2026-07-04 10:15:57,"testSB_C",-11.7672840413424,1365629
19,2026-07-04 10:15:57,"ntc1_C",-11.8022259593274,1372235
19,2026-07-04 10:15:57,"ntc2_C",-12.1477825806757,1388537
19,2026-07-04 10:15:57,"testSB_C",-11.9143715969414,1373629
20,2026-07-04 10:15:57,"ntc1_C",-11.8902735805968,1373175
20,2026-07-04 10:15:57,"ntc2_C",-12.1491327221975,1391219
20,2026-07-04 10:15:57,"testSB_C",-11.9396079320613,1380380
21,2026-07-04 10:15:57,"ntc1_C",-11.7139183881496,1364782
21,2026-07-04 10:15:57,"ntc2_C",-12.0820458358172,1387041
21,2026-07-04 10:15:57,"testSB_C",-11.9672054886931,1380276
22,2026-07-04 10:15:57,"ntc1_C",-11.7599516277546,1366842
22,2026-07-04 10:15:57,"ntc2_C",-11.9321332662915,1378944
22,2026-07-04 10:15:57,"testSB_C",-11.9323556647244,1380248
23,2026-07-04 10:15:57,"ntc1_C",-12.0228350587811,1384605
23,2026-07-04 10:15:57,"ntc2_C",-12.0023090821683,1382485
23,2026-07-04 10:15:57,"testSB_C",-11.8326291347996,1372953
24,2026-07-04 10:15:57,"ntc1_C",-11.8085185172519,1369518
24,2026-07-04 10:15:57,"ntc2_C",-12.0434518373202,1385222
1,2026-07-04 14:15:57,"ntc1_C",-8.60382671343319,1202281
1,2026-07-04 14:15:57,"ntc2_C",-8.89962829342448,1218155
1,2026-07-04 14:15:57,"testSB_C",-8.65615000661961,1204279
2,2026-07-04 14:15:57,"ntc1_C",-8.78912999677686,1210959
2,2026-07-04 14:15:57,"ntc2_C",-8.96199207967669,1218594
2,2026-07-04 14:15:57,"testSB_C",-8.72583850916038,1205958
3,2026-07-04 14:15:57,"ntc1_C",-8.59950636131134,1202789
3,2026-07-04 14:15:57,"ntc2_C",-8.72478718784345,1206880
3,2026-07-04 14:15:57,"testSB_C",-8.78830693891337,1211346
4,2026-07-04 14:15:57,"ntc1_C",-8.77081646182864,1209077
4,2026-07-04 14:15:57,"ntc2_C",-8.78640351170282,1212676
4,2026-07-04 14:15:57,"testSB_C",-8.70033394476673,1207621
5,2026-07-04 14:15:57,"ntc1_C",-8.73010861706553,1209426
5,2026-07-04 14:15:57,"ntc2_C",-8.81118467564949,1209954
5,2026-07-04 14:15:57,"testSB_C",-8.59355131676119,1204535
6,2026-07-04 14:15:57,"ntc1_C",-4.01587562967069,998153
6,2026-07-04 14:15:57,"ntc2_C",-4.58245362316325,1020700
6,2026-07-04 14:15:57,"testSB_C",-2.83955156383456,951598
7,2026-07-04 14:15:57,"ntc1_C",-8.69734696860547,1209971
7,2026-07-04 14:15:57,"ntc2_C",-7.9146779452002,1169197
7,2026-07-04 14:15:57,"testSB_C",-8.51351377108358,1198585
8,2026-07-04 14:15:57,"ntc1_C",-4.81917824367656,1029607
8,2026-07-04 14:15:57,"ntc2_C",-5.36557688838184,1054487
8,2026-07-04 14:15:57,"testSB_C",-5.00777183407973,1037725
9,2026-07-04 14:15:57,"ntc1_C",-8.63026744370546,1202390
9,2026-07-04 14:15:57,"ntc2_C",-8.73709807288719,1210426
9,2026-07-04 14:15:57,"testSB_C",-8.80752102702633,1211099
10,2026-07-04 14:15:57,"ntc1_C",-8.65471629539297,1206899
10,2026-07-04 14:15:57,"ntc2_C",-8.70669543111154,1207258
10,2026-07-04 14:15:57,"testSB_C",-8.64658534393783,1204096
11,2026-07-04 14:15:57,"ntc1_C",-8.59383282544445,1202699
11,2026-07-04 14:15:57,"ntc2_C",-8.82747650340076,1214236
11,2026-07-04 14:15:57,"testSB_C",-8.61992515338562,1203301
12,2026-07-04 14:15:57,"ntc1_C",-8.81211168186195,1214181
12,2026-07-04 14:15:57,"ntc2_C",-8.63185533729006,1201702
12,2026-07-04 14:15:57,"testSB_C",-8.73507177595349,1202841
13,2026-07-04 14:15:57,"ntc1_C",-8.44952498416524,1193758
13,2026-07-04 14:15:57,"ntc2_C",-8.82729278613675,1211216
13,2026-07-04 14:15:57,"testSB_C",-8.75537351986202,1206986
14,2026-07-04 14:15:57,"ntc1_C",-8.7427209725775,1211216
14,2026-07-04 14:15:57,"ntc2_C",-8.6786905398659,1205470
14,2026-07-04 14:15:57,"testSB_C",-8.59292474337559,1200795
15,2026-07-04 14:15:57,"ntc1_C",-8.67881258076301,1207493
15,2026-07-04 14:15:57,"ntc2_C",-8.82039327181553,1211470
15,2026-07-04 14:15:57,"testSB_C",-8.76232336059053,1206716
16,2026-07-04 14:15:57,"ntc1_C",-8.78989359225409,1213594
16,2026-07-04 14:15:57,"ntc2_C",-8.75253512810468,1208329
16,2026-07-04 14:15:57,"testSB_C",-8.68501283520965,1204861
17,2026-07-04 14:15:57,"ntc1_C",-8.57411032072383,1204445
17,2026-07-04 14:15:57,"ntc2_C",-8.69652815667695,1210043
17,2026-07-04 14:15:57,"testSB_C",-8.67830040421347,1208972
18,2026-07-04 14:15:57,"ntc1_C",-8.51795059670297,1200694
18,2026-07-04 14:15:57,"ntc2_C",-8.67524389921988,1205209
18,2026-07-04 14:15:57,"testSB_C",-8.55781692169097,1198556
19,2026-07-04 14:15:57,"ntc1_C",-8.61872343558821,1205059
19,2026-07-04 14:15:57,"ntc2_C",-8.7718174787629,1209803
19,2026-07-04 14:15:57,"testSB_C",-8.64484911132769,1202334
20,2026-07-04 14:15:57,"ntc1_C",-8.76980096444407,1209021
20,2026-07-04 14:15:57,"ntc2_C",-8.91576739781249,1219154
20,2026-07-04 14:15:57,"testSB_C",-8.7936491349891,1214007
21,2026-07-04 14:15:57,"ntc1_C",-8.54046599655516,1198905
21,2026-07-04 14:15:57,"ntc2_C",-8.80185376734573,1213197
21,2026-07-04 14:15:57,"testSB_C",-8.79911088441577,1212711
22,2026-07-04 14:15:57,"ntc1_C",-8.61964998043914,1202617
22,2026-07-04 14:15:57,"ntc2_C",-8.78766380169861,1212850
22,2026-07-04 14:15:57,"testSB_C",-8.84939295820499,1217032
23,2026-07-04 14:15:57,"ntc1_C",-9.08942067834926,1228322
23,2026-07-04 14:15:57,"ntc2_C",-8.92790632380746,1219301
23,2026-07-04 14:15:57,"testSB_C",-8.96529422860527,1221222
24,2026-07-04 14:15:57,"ntc1_C",-8.88549674538791,1215751
24,2026-07-04 14:15:57,"ntc2_C",-8.92057175267286,1219471
1,2026-07-04 18:15:57,"ntc1_C",-7.09825918964748,1130711
1,2026-07-04 18:15:57,"ntc2_C",-7.14117029076351,1133909
1,2026-07-04 18:15:57,"testSB_C",-7.28167893248946,1138589
2,2026-07-04 18:15:57,"ntc1_C",-7.57214351395044,1152329
2,2026-07-04 18:15:57,"ntc2_C",-7.48464759270809,1147361
2,2026-07-04 18:15:57,"testSB_C",-7.48569934224514,1146499
3,2026-07-04 18:15:57,"ntc1_C",-7.38637123877277,1144759
3,2026-07-04 18:15:57,"ntc2_C",-7.38596616166041,1142754
3,2026-07-04 18:15:57,"testSB_C",-7.81189908240424,1164054
4,2026-07-04 18:15:57,"ntc1_C",-7.94771255353095,1169176
4,2026-07-04 18:15:57,"ntc2_C",-7.62741452195189,1156695
4,2026-07-04 18:15:57,"testSB_C",-8.02743656433222,1174928
5,2026-07-04 18:15:57,"ntc1_C",-7.75512654820062,1162318
5,2026-07-04 18:15:57,"ntc2_C",-7.89387930686217,1165522
5,2026-07-04 18:15:57,"testSB_C",-7.95135832356772,1173397
6,2026-07-04 18:15:57,"ntc1_C",-4.15054972640326,1003618
6,2026-07-04 18:15:57,"ntc2_C",-4.15726700348438,1003233
6,2026-07-04 18:15:57,"testSB_C",-2.08889942991215,923126
7,2026-07-04 18:15:57,"ntc1_C",-8.42506335369671,1196609
7,2026-07-04 18:15:57,"ntc2_C",-7.62721254311003,1155571
7,2026-07-04 18:15:57,"testSB_C",-8.12568852504108,1179774
8,2026-07-04 18:15:57,"ntc1_C",-4.72889759481518,1025838
8,2026-07-04 18:15:57,"ntc2_C",-5.0633556566101,1041615
8,2026-07-04 18:15:57,"testSB_C",-4.37291751042005,1011316
9,2026-07-04 18:15:57,"ntc1_C",-8.68136153920233,1204895
9,2026-07-04 18:15:57,"ntc2_C",-8.95744981121146,1221351
9,2026-07-04 18:15:57,"testSB_C",-9.02054616328235,1221673
10,2026-07-04 18:15:57,"ntc1_C",-8.90273000113393,1219171
10,2026-07-04 18:15:57,"ntc2_C",-8.94534026389607,1219069
10,2026-07-04 18:15:57,"testSB_C",-8.8216164288707,1212724
11,2026-07-04 18:15:57,"ntc1_C",-8.87925230886913,1216778
11,2026-07-04 18:15:57,"ntc2_C",-8.84295810090919,1215003
11,2026-07-04 18:15:57,"testSB_C",-8.78212133979412,1211289
12,2026-07-04 18:15:57,"ntc1_C",-8.88705552589715,1217898
12,2026-07-04 18:15:57,"ntc2_C",-8.69597043091255,1204850
12,2026-07-04 18:15:57,"testSB_C",-8.93403758969191,1212613
13,2026-07-04 18:15:57,"ntc1_C",-8.74611531564273,1208272
13,2026-07-04 18:15:57,"ntc2_C",-8.64988261377562,1202480
13,2026-07-04 18:15:57,"testSB_C",-8.97961262260628,1218079
14,2026-07-04 18:15:57,"ntc1_C",-9.00147353635265,1224062
14,2026-07-04 18:15:57,"ntc2_C",-8.8064128779331,1211767
14,2026-07-04 18:15:57,"testSB_C",-8.84585978525388,1213260
15,2026-07-04 18:15:57,"ntc1_C",-8.85155470453373,1216032
15,2026-07-04 18:15:57,"ntc2_C",-8.85620726503674,1213242
15,2026-07-04 18:15:57,"testSB_C",-9.02549931891741,1219695
16,2026-07-04 18:15:57,"ntc1_C",-9.00107253684962,1224097
16,2026-07-04 18:15:57,"ntc2_C",-8.57375715604303,1199551
16,2026-07-04 18:15:57,"testSB_C",-8.58110718233888,1199775
17,2026-07-04 18:15:57,"ntc1_C",-8.79170148701269,1215177
17,2026-07-04 18:15:57,"ntc2_C",-8.38705736687677,1194862
17,2026-07-04 18:15:57,"testSB_C",-8.86699767920248,1218312
18,2026-07-04 18:15:57,"ntc1_C",-8.64745949737954,1207054
18,2026-07-04 18:15:57,"ntc2_C",-8.47442444659902,1195378
18,2026-07-04 18:15:57,"testSB_C",-8.600374961434,1200631
19,2026-07-04 18:15:57,"ntc1_C",-8.67573930566709,1207864
19,2026-07-04 18:15:57,"ntc2_C",-8.40633160152635,1191905
19,2026-07-04 18:15:57,"testSB_C",-8.42348680409509,1191542
20,2026-07-04 18:15:57,"ntc1_C",-8.75693652220895,1208387
20,2026-07-04 18:15:57,"ntc2_C",-8.64244973622851,1205634
20,2026-07-04 18:15:57,"testSB_C",-8.56328420848223,1202652
21,2026-07-04 18:15:57,"ntc1_C",-8.45712115997924,1194835
21,2026-07-04 18:15:57,"ntc2_C",-8.28322099944575,1187802
21,2026-07-04 18:15:57,"testSB_C",-8.46754423891736,1196399
22,2026-07-04 18:15:57,"ntc1_C",-8.30134916843701,1187126
22,2026-07-04 18:15:57,"ntc2_C",-8.42142477379775,1194869
22,2026-07-04 18:15:57,"testSB_C",-8.4855972662358,1199106
23,2026-07-04 18:15:57,"ntc1_C",-8.87357701688609,1217551
23,2026-07-04 18:15:57,"ntc2_C",-8.5929649050367,1202741
23,2026-07-04 18:15:57,"testSB_C",-8.73466807572805,1209780
24,2026-07-04 18:15:57,"ntc1_C",-8.75930272720694,1209519
24,2026-07-04 18:15:57,"ntc2_C",-8.36328384838606,1192071
1,2026-07-04 22:15:57,"ntc1_C",-10.7065408662559,1310021
1,2026-07-04 22:15:57,"ntc2_C",-10.8943326186986,1321448
1,2026-07-04 22:15:57,"testSB_C",-10.7434531217508,1311479
2,2026-07-04 22:15:57,"ntc1_C",-10.8678378162711,1318199
2,2026-07-04 22:15:57,"ntc2_C",-10.9129935129855,1319595
2,2026-07-04 22:15:57,"testSB_C",-10.8268538538738,1313934
3,2026-07-04 22:15:57,"ntc1_C",-10.6751255411461,1309097
3,2026-07-04 22:15:57,"ntc2_C",-10.8612907372295,1316874
3,2026-07-04 22:15:57,"testSB_C",-10.7785725876716,1313871
4,2026-07-04 22:15:57,"ntc1_C",-10.775983904781,1312170
4,2026-07-04 22:15:57,"ntc2_C",-10.8958540382618,1321724
4,2026-07-04 22:15:57,"testSB_C",-10.8343339168103,1317536
5,2026-07-04 22:15:57,"ntc1_C",-10.9162597073291,1322219
5,2026-07-04 22:15:57,"ntc2_C",-10.8705667646253,1316071
5,2026-07-04 22:15:57,"testSB_C",-10.7973711571576,1317910
6,2026-07-04 22:15:57,"ntc1_C",-9.07129600629639,1226014
6,2026-07-04 22:15:57,"ntc2_C",-9.35746441264376,1239804
6,2026-07-04 22:15:57,"testSB_C",-8.6103069542587,1203297
7,2026-07-04 22:15:57,"ntc1_C",-10.7745119826608,1317009
7,2026-07-04 22:15:57,"ntc2_C",-10.5481787813293,1301889
7,2026-07-04 22:15:57,"testSB_C",-10.6933787168372,1310118
8,2026-07-04 22:15:57,"ntc1_C",-9.50775443053539,1246292
8,2026-07-04 22:15:57,"ntc2_C",-9.6335651442156,1254747
8,2026-07-04 22:15:57,"testSB_C",-9.01657114480275,1221729
9,2026-07-04 22:15:57,"ntc1_C",-10.9204804306642,1320007
9,2026-07-04 22:15:57,"ntc2_C",-10.9022063896329,1322206
9,2026-07-04 22:15:57,"testSB_C",-10.8839575069833,1318247
10,2026-07-04 22:15:57,"ntc1_C",-10.8310849567877,1319003
10,2026-07-04 22:15:57,"ntc2_C",-10.8643952894674,1318402
10,2026-07-04 22:15:57,"testSB_C",-10.8422419937023,1316984
11,2026-07-04 22:15:57,"ntc1_C",-10.81086818607,1316554
11,2026-07-04 22:15:57,"ntc2_C",-10.9511682821776,1324167
11,2026-07-04 22:15:57,"testSB_C",-10.8363968928385,1317234
12,2026-07-04 22:15:57,"ntc1_C",-10.9868565945032,1326862
12,2026-07-04 22:15:57,"ntc2_C",-10.9129738544961,1319003
12,2026-07-04 22:15:57,"testSB_C",-10.830131169637,1309870
13,2026-07-04 22:15:57,"ntc1_C",-10.8427691104166,1316098
13,2026-07-04 22:15:57,"ntc2_C",-10.9660482180073,1321734
13,2026-07-04 22:15:57,"testSB_C",-10.8845286997383,1316579
14,2026-07-04 22:15:57,"ntc1_C",-10.8598357770459,1320458
14,2026-07-04 22:15:57,"ntc2_C",-10.8303510797774,1316122
14,2026-07-04 22:15:57,"testSB_C",-10.8116802965396,1314690
15,2026-07-04 22:15:57,"ntc1_C",-10.7826862094958,1315759
15,2026-07-04 22:15:57,"ntc2_C",-10.8872486739388,1318151
15,2026-07-04 22:15:57,"testSB_C",-10.8504888816543,1313610
16,2026-07-04 22:15:57,"ntc1_C",-10.7896078213446,1316822
16,2026-07-04 22:15:57,"ntc2_C",-10.832316227264,1315361
16,2026-07-04 22:15:57,"testSB_C",-10.7944979725029,1312923
17,2026-07-04 22:15:57,"ntc1_C",-10.7645183623253,1317010
17,2026-07-04 22:15:57,"ntc2_C",-10.858246147751,1321682
17,2026-07-04 22:15:57,"testSB_C",-10.7805939069103,1317258
18,2026-07-04 22:15:57,"ntc1_C",-10.7094179141512,1313042
18,2026-07-04 22:15:57,"ntc2_C",-10.7883974492007,1313765
18,2026-07-04 22:15:57,"testSB_C",-10.7878289511637,1312307
19,2026-07-04 22:15:57,"ntc1_C",-10.7161177776632,1312724
19,2026-07-04 22:15:57,"ntc2_C",-10.840583607113,1316374
19,2026-07-04 22:15:57,"testSB_C",-10.7498148548207,1309990
20,2026-07-04 22:15:57,"ntc1_C",-10.7857732173825,1312654
20,2026-07-04 22:15:57,"ntc2_C",-10.9025030384479,1322159
20,2026-07-04 22:15:57,"testSB_C",-10.7946814872654,1317327
21,2026-07-04 22:15:57,"ntc1_C",-10.6659332011112,1307590
21,2026-07-04 22:15:57,"ntc2_C",-10.8147158769042,1317084
21,2026-07-04 22:15:57,"testSB_C",-10.7834482113389,1315117
22,2026-07-04 22:15:57,"ntc1_C",-10.7317785312658,1310728
22,2026-07-04 22:15:57,"ntc2_C",-10.8245246244994,1317976
22,2026-07-04 22:15:57,"testSB_C",-10.7943958334421,1317583
23,2026-07-04 22:15:57,"ntc1_C",-10.9337636822216,1324377
23,2026-07-04 22:15:57,"ntc2_C",-10.8975924074778,1321463
23,2026-07-04 22:15:57,"testSB_C",-10.880762354293,1320588
24,2026-07-04 22:15:57,"ntc1_C",-10.8731167528519,1318297
24,2026-07-04 22:15:57,"ntc2_C",-10.8135680815273,1317398
1,2026-07-05 02:15:57,"ntc1_C",-12.4858781162057,1408753
1,2026-07-05 02:15:57,"ntc2_C",-12.5156713632136,1411862
1,2026-07-05 02:15:57,"testSB_C",-12.4784299464104,1407855
2,2026-07-05 02:15:57,"ntc1_C",-12.5107876065238,1409678
2,2026-07-05 02:15:57,"ntc2_C",-12.5049422209131,1408214
2,2026-07-05 02:15:57,"testSB_C",-12.4856091451375,1406014
3,2026-07-05 02:15:57,"ntc1_C",-12.4490440139147,1407418
3,2026-07-05 02:15:57,"ntc2_C",-12.4901244652252,1407460
3,2026-07-05 02:15:57,"testSB_C",-12.4707340174475,1407878
4,2026-07-05 02:15:57,"ntc1_C",-12.4704888708114,1406165
4,2026-07-05 02:15:57,"ntc2_C",-12.4862983581402,1410418
4,2026-07-05 02:15:57,"testSB_C",-12.4697426184518,1408537
5,2026-07-05 02:15:57,"ntc1_C",-12.4889546719556,1409848
5,2026-07-05 02:15:57,"ntc2_C",-12.4879868262244,1405940
5,2026-07-05 02:15:57,"testSB_C",-12.4644243221324,1410751
6,2026-07-05 02:15:57,"ntc1_C",-12.0178443165835,1382594
6,2026-07-05 02:15:57,"ntc2_C",-12.1058582437634,1387033
6,2026-07-05 02:15:57,"testSB_C",-11.9000229409482,1376264
7,2026-07-05 02:15:57,"ntc1_C",-12.4397967506514,1409661
7,2026-07-05 02:15:57,"ntc2_C",-12.4003003883251,1404208
7,2026-07-05 02:15:57,"testSB_C",-12.4356623328531,1406721
8,2026-07-05 02:15:57,"ntc1_C",-12.0986300463753,1385371
8,2026-07-05 02:15:57,"ntc2_C",-12.149666162616,1390475
8,2026-07-05 02:15:57,"testSB_C",-12.0203302308145,1381088
9,2026-07-05 02:15:57,"ntc1_C",-12.519294616346,1408885
9,2026-07-05 02:15:57,"ntc2_C",-12.4787691425283,1410080
9,2026-07-05 02:15:57,"testSB_C",-12.4777445117058,1406917
10,2026-07-05 02:15:57,"ntc1_C",-12.4551791279103,1409434
10,2026-07-05 02:15:57,"ntc2_C",-12.465534608225,1407480
10,2026-07-05 02:15:57,"testSB_C",-12.4503991311777,1406370
11,2026-07-05 02:15:57,"ntc1_C",-12.455679495904,1407979
11,2026-07-05 02:15:57,"ntc2_C",-12.4703011460399,1408893
11,2026-07-05 02:15:57,"testSB_C",-12.4758364858944,1408434
12,2026-07-05 02:15:57,"ntc1_C",-12.4926797419719,1410991
12,2026-07-05 02:15:57,"ntc2_C",-12.4814188424114,1406278
12,2026-07-05 02:15:57,"testSB_C",-12.5158918701773,1402909
13,2026-07-05 02:15:57,"ntc1_C",-12.4892617675732,1407505
13,2026-07-05 02:15:57,"ntc2_C",-12.4949322099371,1406903
13,2026-07-05 02:15:57,"testSB_C",-12.4812021786835,1405287
14,2026-07-05 02:15:57,"ntc1_C",-12.4749946703013,1410403
14,2026-07-05 02:15:57,"ntc2_C",-12.4720509932243,1407378
14,2026-07-05 02:15:57,"testSB_C",-12.4559379683108,1406013
15,2026-07-05 02:15:57,"ntc1_C",-12.4516648660736,1408550
15,2026-07-05 02:15:57,"ntc2_C",-12.4686189782622,1406113
15,2026-07-05 02:15:57,"testSB_C",-12.5331929052234,1406539
16,2026-07-05 02:15:57,"ntc1_C",-12.4521369061825,1409336
16,2026-07-05 02:15:57,"ntc2_C",-12.4675309494644,1406174
16,2026-07-05 02:15:57,"testSB_C",-12.5030661104886,1407482
17,2026-07-05 02:15:57,"ntc1_C",-12.4844257474285,1412763
17,2026-07-05 02:15:57,"ntc2_C",-12.5006673815055,1413379
17,2026-07-05 02:15:57,"testSB_C",-12.4775649266202,1411742
18,2026-07-05 02:15:57,"ntc1_C",-12.4636901577906,1410559
18,2026-07-05 02:15:57,"ntc2_C",-12.4734826056264,1407345
18,2026-07-05 02:15:57,"testSB_C",-12.546357700784,1409576
19,2026-07-05 02:15:57,"ntc1_C",-12.4605682211114,1409613
19,2026-07-05 02:15:57,"ntc2_C",-12.4835080696425,1407700
19,2026-07-05 02:15:57,"testSB_C",-12.4871029232934,1406041
20,2026-07-05 02:15:57,"ntc1_C",-12.4858252703821,1406956
20,2026-07-05 02:15:57,"ntc2_C",-12.5044781921449,1411556
20,2026-07-05 02:15:57,"testSB_C",-12.4786056484237,1411099
21,2026-07-05 02:15:57,"ntc1_C",-12.4474770817276,1406297
21,2026-07-05 02:15:57,"ntc2_C",-12.4883903976652,1410248
21,2026-07-05 02:15:57,"testSB_C",-12.4503399976965,1407781
22,2026-07-05 02:15:57,"ntc1_C",-12.4796687301666,1407542
22,2026-07-05 02:15:57,"ntc2_C",-12.4834415479628,1410333
22,2026-07-05 02:15:57,"testSB_C",-12.4793324563864,1411420
23,2026-07-05 02:15:57,"ntc1_C",-12.512537536945,1412570
23,2026-07-05 02:15:57,"ntc2_C",-12.5006644547291,1410926
23,2026-07-05 02:15:57,"testSB_C",-12.5048729960268,1411180
24,2026-07-05 02:15:57,"ntc1_C",-12.5222626253287,1409931
24,2026-07-05 02:15:57,"ntc2_C",-12.4409551262399,1407880
1,2026-07-05 06:15:57,"ntc1_C",-13.1608890614251,1448120
1,2026-07-05 06:15:57,"ntc2_C",-13.2105919485728,1452477
1,2026-07-05 06:15:57,"testSB_C",-13.1680607983966,1448095
2,2026-07-05 06:15:57,"ntc1_C",-13.1876965951594,1449184
2,2026-07-05 06:15:57,"ntc2_C",-13.2028645314597,1448912
2,2026-07-05 06:15:57,"testSB_C",-13.176175606082,1446220
3,2026-07-05 06:15:57,"ntc1_C",-13.1529709118262,1448444
3,2026-07-05 06:15:57,"ntc2_C",-13.185166249558,1447980
3,2026-07-05 06:15:57,"testSB_C",-13.1733299242479,1448853
4,2026-07-05 06:15:57,"ntc1_C",-13.1668926060835,1446716
4,2026-07-05 06:15:57,"ntc2_C",-13.1813131747354,1451016
4,2026-07-05 06:15:57,"testSB_C",-13.1558860109071,1448558
5,2026-07-05 06:15:57,"ntc1_C",-13.1857891749341,1450502
5,2026-07-05 06:15:57,"ntc2_C",-13.1855840069499,1446565
5,2026-07-05 06:15:57,"testSB_C",-13.160291843819,1451407
6,2026-07-05 06:15:57,"ntc1_C",-12.7179583295438,1422651
6,2026-07-05 06:15:57,"ntc2_C",-12.8056110562018,1427235
6,2026-07-05 06:15:57,"testSB_C",-12.714245762411,1422795
7,2026-07-05 06:15:57,"ntc1_C",-13.1260817579129,1449708
7,2026-07-05 06:15:57,"ntc2_C",-13.0856680072236,1444071
7,2026-07-05 06:15:57,"testSB_C",-13.1545249361062,1448617
8,2026-07-05 06:15:57,"ntc1_C",-12.8303178564898,1427389
8,2026-07-05 06:15:57,"ntc2_C",-12.8374628298663,1430069
8,2026-07-05 06:15:57,"testSB_C",-12.759129475779,1423377
9,2026-07-05 06:15:57,"ntc1_C",-13.1837906358592,1447549
9,2026-07-05 06:15:57,"ntc2_C",-13.1616863845204,1449928
9,2026-07-05 06:15:57,"testSB_C",-13.1653203269295,1446983
10,2026-07-05 06:15:57,"ntc1_C",-13.1549690026732,1450279
10,2026-07-05 06:15:57,"ntc2_C",-13.1611081528544,1448023
10,2026-07-05 06:15:57,"testSB_C",-13.171775844677,1448407
11,2026-07-05 06:15:57,"ntc1_C",-13.1630364891718,1449217
11,2026-07-05 06:15:57,"ntc2_C",-13.1893714971328,1450860
11,2026-07-05 06:15:57,"testSB_C",-13.1596025383083,1448306
12,2026-07-05 06:15:57,"ntc1_C",-13.1906869204843,1451771
12,2026-07-05 06:15:57,"ntc2_C",-13.1732668674197,1446583
12,2026-07-05 06:15:57,"testSB_C",-13.2272606307904,1444120
13,2026-07-05 06:15:57,"ntc1_C",-13.1677191339138,1446983
13,2026-07-05 06:15:57,"ntc2_C",-13.1889929613146,1447351
13,2026-07-05 06:15:57,"testSB_C",-13.168051412258,1445257
14,2026-07-05 06:15:57,"ntc1_C",-13.1787542141014,1451475
14,2026-07-05 06:15:57,"ntc2_C",-13.1608663785933,1447521
14,2026-07-05 06:15:57,"testSB_C",-13.1455245148737,1446160
15,2026-07-05 06:15:57,"ntc1_C",-13.1510180381728,1449345
15,2026-07-05 06:15:57,"ntc2_C",-13.1756038064228,1447308
15,2026-07-05 06:15:57,"testSB_C",-13.2285051629149,1446801
16,2026-07-05 06:15:57,"ntc1_C",-13.1610136280539,1450726
16,2026-07-05 06:15:57,"ntc2_C",-13.1809343563808,1447727
16,2026-07-05 06:15:57,"testSB_C",-13.2026668860722,1448114
17,2026-07-05 06:15:57,"ntc1_C",-13.1657880873133,1452586
17,2026-07-05 06:15:57,"ntc2_C",-13.189645122406,1453707
17,2026-07-05 06:15:57,"testSB_C",-13.1610714014027,1451679
18,2026-07-05 06:15:57,"ntc1_C",-13.1495646223497,1450620
18,2026-07-05 06:15:57,"ntc2_C",-13.175026468593,1448238
18,2026-07-05 06:15:57,"testSB_C",-13.2361862262412,1449655
19,2026-07-05 06:15:57,"ntc1_C",-13.1506395730007,1449880
19,2026-07-05 06:15:57,"ntc2_C",-13.1880342884602,1448773
19,2026-07-05 06:15:57,"testSB_C",-13.2050537496378,1447738
20,2026-07-05 06:15:57,"ntc1_C",-13.1997765673661,1448542
20,2026-07-05 06:15:57,"ntc2_C",-13.1989231046281,1452157
20,2026-07-05 06:15:57,"testSB_C",-13.1751187391279,1451804
21,2026-07-05 06:15:57,"ntc1_C",-13.1462135246292,1447009
21,2026-07-05 06:15:57,"ntc2_C",-13.1869939594955,1451052
21,2026-07-05 06:15:57,"testSB_C",-13.1676752379935,1449620
22,2026-07-05 06:15:57,"ntc1_C",-13.1786753555226,1448222
22,2026-07-05 06:15:57,"ntc2_C",-13.1862890800992,1451382
22,2026-07-05 06:15:57,"testSB_C",-13.1769252765704,1452193
23,2026-07-05 06:15:57,"ntc1_C",-13.2052595201884,1453089
23,2026-07-05 06:15:57,"ntc2_C",-13.1933814106658,1451427
23,2026-07-05 06:15:57,"testSB_C",-13.1853056296808,1450950
24,2026-07-05 06:15:57,"ntc1_C",-13.2020348712631,1449519
24,2026-07-05 06:15:57,"ntc2_C",-13.1530768951552,1449396
1,2026-07-05 10:15:57,"ntc1_C",-12.3803776354778,1402697
1,2026-07-05 10:15:57,"ntc2_C",-12.6762363174423,1421145
1,2026-07-05 10:15:57,"testSB_C",-12.4446200868359,1405911
2,2026-07-05 10:15:57,"ntc1_C",-12.5267643723971,1410598
2,2026-07-05 10:15:57,"ntc2_C",-12.6550095709482,1416868
2,2026-07-05 10:15:57,"testSB_C",-12.5579118179933,1410171
3,2026-07-05 10:15:57,"ntc1_C",-12.5089843335504,1410866
3,2026-07-05 10:15:57,"ntc2_C",-12.6818060305616,1418521
3,2026-07-05 10:15:57,"testSB_C",-12.5993880116065,1415294
4,2026-07-05 10:15:57,"ntc1_C",-12.5838484501454,1412688
4,2026-07-05 10:15:57,"ntc2_C",-12.7398256218493,1425095
4,2026-07-05 10:15:57,"testSB_C",-12.5457383628263,1412915
5,2026-07-05 10:15:57,"ntc1_C",-12.7749563587627,1426395
5,2026-07-05 10:15:57,"ntc2_C",-12.7397458052768,1420469
5,2026-07-05 10:15:57,"testSB_C",-12.6767533081321,1423035
6,2026-07-05 10:15:57,"ntc1_C",-10.8487665170047,1318197
6,2026-07-05 10:15:57,"ntc2_C",-10.9400110820408,1322547
6,2026-07-05 10:15:57,"testSB_C",-10.6366152276757,1307055
7,2026-07-05 10:15:57,"ntc1_C",-12.31883077401,1402717
7,2026-07-05 10:15:57,"ntc2_C",-12.0710893335803,1385451
7,2026-07-05 10:15:57,"testSB_C",-12.6930349908722,1421581
8,2026-07-05 10:15:57,"ntc1_C",-10.9312080691611,1320871
8,2026-07-05 10:15:57,"ntc2_C",-10.9594211434344,1324523
8,2026-07-05 10:15:57,"testSB_C",-10.7851698805321,1313171
9,2026-07-05 10:15:57,"ntc1_C",-12.8344760783897,1427095
9,2026-07-05 10:15:57,"ntc2_C",-12.6938464288401,1422511
9,2026-07-05 10:15:57,"testSB_C",-12.7097399172445,1420311
10,2026-07-05 10:15:57,"ntc1_C",-12.7163392945499,1424542
10,2026-07-05 10:15:57,"ntc2_C",-12.752843432262,1424088
10,2026-07-05 10:15:57,"testSB_C",-12.768166940471,1424736
11,2026-07-05 10:15:57,"ntc1_C",-12.7261199498027,1423606
11,2026-07-05 10:15:57,"ntc2_C",-12.9246367788692,1435267
11,2026-07-05 10:15:57,"testSB_C",-12.7242506635925,1422792
12,2026-07-05 10:15:57,"ntc1_C",-12.927395280383,1436253
12,2026-07-05 10:15:57,"ntc2_C",-12.8507431844168,1427653
12,2026-07-05 10:15:57,"testSB_C",-12.7767900890263,1417886
13,2026-07-05 10:15:57,"ntc1_C",-12.6344426553534,1415862
13,2026-07-05 10:15:57,"ntc2_C",-12.9654481299136,1434199
13,2026-07-05 10:15:57,"testSB_C",-12.6801826552853,1416752
14,2026-07-05 10:15:57,"ntc1_C",-12.7926125342231,1428795
14,2026-07-05 10:15:57,"ntc2_C",-12.7641288987286,1424263
14,2026-07-05 10:15:57,"testSB_C",-12.7166965278552,1421063
15,2026-07-05 10:15:57,"ntc1_C",-12.7900575981255,1428145
15,2026-07-05 10:15:57,"ntc2_C",-12.8886991203511,1430448
15,2026-07-05 10:15:57,"testSB_C",-12.9019838687793,1427755
16,2026-07-05 10:15:57,"ntc1_C",-12.7822696053092,1428464
16,2026-07-05 10:15:57,"ntc2_C",-12.9536334109865,1434357
16,2026-07-05 10:15:57,"testSB_C",-12.8822959291154,1429366
17,2026-07-05 10:15:57,"ntc1_C",-12.7894687467497,1430456
17,2026-07-05 10:15:57,"ntc2_C",-12.9995750701417,1442469
17,2026-07-05 10:15:57,"testSB_C",-12.8127902718239,1431191
18,2026-07-05 10:15:57,"ntc1_C",-12.7685835643765,1428230
18,2026-07-05 10:15:57,"ntc2_C",-12.8887434515823,1431410
18,2026-07-05 10:15:57,"testSB_C",-12.788754723683,1423533
19,2026-07-05 10:15:57,"ntc1_C",-12.7751520542911,1427830
19,2026-07-05 10:15:57,"ntc2_C",-13.0020123220754,1437814
19,2026-07-05 10:15:57,"testSB_C",-12.8858974667195,1429054
20,2026-07-05 10:15:57,"ntc1_C",-12.8646129816265,1428870
20,2026-07-05 10:15:57,"ntc2_C",-12.9927402676254,1439983
20,2026-07-05 10:15:57,"testSB_C",-12.9001640752685,1435598
21,2026-07-05 10:15:57,"ntc1_C",-12.733640203451,1422831
21,2026-07-05 10:15:57,"ntc2_C",-12.9936433302591,1439643
21,2026-07-05 10:15:57,"testSB_C",-12.8656508304908,1431857
22,2026-07-05 10:15:57,"ntc1_C",-12.8138481052,1426847
22,2026-07-05 10:15:57,"ntc2_C",-12.9189749533884,1435632
22,2026-07-05 10:15:57,"testSB_C",-12.9042266532134,1436117
23,2026-07-05 10:15:57,"ntc1_C",-12.9382616333839,1437337
23,2026-07-05 10:15:57,"ntc2_C",-12.9963272116868,1439790
23,2026-07-05 10:15:57,"testSB_C",-12.882702379509,1433128
24,2026-07-05 10:15:57,"ntc1_C",-12.8783456778585,1430533
24,2026-07-05 10:15:57,"ntc2_C",-13.011437569047,1441043
1,2026-07-05 14:15:57,"ntc1_C",-9.7698305398419,1260868
1,2026-07-05 14:15:57,"ntc2_C",-10.2779187165634,1288617
1,2026-07-05 14:15:57,"testSB_C",-10.0777781671944,1276283
2,2026-07-05 14:15:57,"ntc1_C",-10.2179590526691,1283679
2,2026-07-05 14:15:57,"ntc2_C",-10.1019941912999,1276622
2,2026-07-05 14:15:57,"testSB_C",-10.2244998048624,1282015
3,2026-07-05 14:15:57,"ntc1_C",-10.1418445974049,1280909
3,2026-07-05 14:15:57,"ntc2_C",-10.2483229212419,1284319
3,2026-07-05 14:15:57,"testSB_C",-10.379939496594,1292657
4,2026-07-05 14:15:57,"ntc1_C",-10.2359286076419,1283559
4,2026-07-05 14:15:57,"ntc2_C",-10.1397853020568,1281544
4,2026-07-05 14:15:57,"testSB_C",-10.1313332991114,1280253
5,2026-07-05 14:15:57,"ntc1_C",-10.2167956269305,1285020
5,2026-07-05 14:15:57,"ntc2_C",-10.3186327048153,1286741
5,2026-07-05 14:15:57,"testSB_C",-10.1961793937631,1285953
6,2026-07-05 14:15:57,"ntc1_C",-5.70514038610827,1068997
6,2026-07-05 14:15:57,"ntc2_C",-6.15159536869004,1087934
6,2026-07-05 14:15:57,"testSB_C",-6.82463881335383,1118817
7,2026-07-05 14:15:57,"ntc1_C",-9.33256725554094,1241736
7,2026-07-05 14:15:57,"ntc2_C",-8.60324594173591,1202506
7,2026-07-05 14:15:57,"testSB_C",-10.3531921500917,1292046
8,2026-07-05 14:15:57,"ntc1_C",-7.44692302689896,1145810
8,2026-07-05 14:15:57,"ntc2_C",-7.11233690056963,1132166
8,2026-07-05 14:15:57,"testSB_C",-5.36544042329103,1052917
9,2026-07-05 14:15:57,"ntc1_C",-10.5801915672639,1301825
9,2026-07-05 14:15:57,"ntc2_C",-10.2949269781563,1289841
9,2026-07-05 14:15:57,"testSB_C",-10.3686465654511,1290794
10,2026-07-05 14:15:57,"ntc1_C",-10.3515815231596,1293433
10,2026-07-05 14:15:57,"ntc2_C",-10.4359832741865,1295541
10,2026-07-05 14:15:57,"testSB_C",-10.2851364419421,1287366
11,2026-07-05 14:15:57,"ntc1_C",-10.3510092542872,1292075
11,2026-07-05 14:15:57,"ntc2_C",-10.5222147311688,1301181
11,2026-07-05 14:15:57,"testSB_C",-10.1687966026843,1281815
12,2026-07-05 14:15:57,"ntc1_C",-10.6119743381525,1306711
12,2026-07-05 14:15:57,"ntc2_C",-10.5175403480906,1297870
12,2026-07-05 14:15:57,"testSB_C",-10.3220476856409,1283061
13,2026-07-05 14:15:57,"ntc1_C",-10.023775118174,1272869
13,2026-07-05 14:15:57,"ntc2_C",-10.572750140749,1300673
13,2026-07-05 14:15:57,"testSB_C",-10.074705707366,1273757
14,2026-07-05 14:15:57,"ntc1_C",-10.3876435215075,1295263
14,2026-07-05 14:15:57,"ntc2_C",-10.4046563370479,1293444
14,2026-07-05 14:15:57,"testSB_C",-10.1912312997148,1281789
15,2026-07-05 14:15:57,"ntc1_C",-10.4131944469596,1296059
15,2026-07-05 14:15:57,"ntc2_C",-10.4738131749866,1296078
15,2026-07-05 14:15:57,"testSB_C",-10.6406920081271,1302458
16,2026-07-05 14:15:57,"ntc1_C",-10.3591305967748,1293876
16,2026-07-05 14:15:57,"ntc2_C",-10.5532891996128,1300463
16,2026-07-05 14:15:57,"testSB_C",-10.572007535451,1301083
17,2026-07-05 14:15:57,"ntc1_C",-10.449735834598,1300202
17,2026-07-05 14:15:57,"ntc2_C",-10.6144255472375,1308587
17,2026-07-05 14:15:57,"testSB_C",-10.4864858731481,1301539
18,2026-07-05 14:15:57,"ntc1_C",-10.4332606861864,1298319
18,2026-07-05 14:15:57,"ntc2_C",-10.509406763383,1298885
18,2026-07-05 14:15:57,"testSB_C",-10.3742943886459,1290423
19,2026-07-05 14:15:57,"ntc1_C",-10.4177474485679,1296834
19,2026-07-05 14:15:57,"ntc2_C",-10.5706362386547,1301947
19,2026-07-05 14:15:57,"testSB_C",-10.5149637295419,1297516
20,2026-07-05 14:15:57,"ntc1_C",-10.5241399793165,1298714
20,2026-07-05 14:15:57,"ntc2_C",-10.5923668414449,1305519
20,2026-07-05 14:15:57,"testSB_C",-10.6194124118222,1307933
21,2026-07-05 14:15:57,"ntc1_C",-10.2538406974808,1285766
21,2026-07-05 14:15:57,"ntc2_C",-10.606374003946,1305927
21,2026-07-05 14:15:57,"testSB_C",-10.5466118203406,1302453
22,2026-07-05 14:15:57,"ntc1_C",-10.3328878932279,1289585
22,2026-07-05 14:15:57,"ntc2_C",-10.5856343669911,1305185
22,2026-07-05 14:15:57,"testSB_C",-10.4965510117471,1301658
23,2026-07-05 14:15:57,"ntc1_C",-10.6061120464215,1306776
23,2026-07-05 14:15:57,"ntc2_C",-10.609217396174,1305983
23,2026-07-05 14:15:57,"testSB_C",-10.4040789528169,1295122
24,2026-07-05 14:15:57,"ntc1_C",-10.2782659320016,1286726
24,2026-07-05 14:15:57,"ntc2_C",-10.3739505647291,1293971
1,2026-07-05 18:15:57,"ntc1_C",-7.61273008249754,1154664
1,2026-07-05 18:15:57,"ntc2_C",-7.83229700422396,1166287
1,2026-07-05 18:15:57,"testSB_C",-7.8931247323909,1167348
2,2026-07-05 18:15:57,"ntc1_C",-8.01718513697466,1173426
2,2026-07-05 18:15:57,"ntc2_C",-7.87310204788201,1165669
2,2026-07-05 18:15:57,"testSB_C",-8.07429286523626,1174337
3,2026-07-05 18:15:57,"ntc1_C",-8.10480540233544,1178771
3,2026-07-05 18:15:57,"ntc2_C",-8.06718297488146,1174936
3,2026-07-05 18:15:57,"testSB_C",-8.40248062197816,1192429
4,2026-07-05 18:15:57,"ntc1_C",-8.54850071984686,1198165
4,2026-07-05 18:15:57,"ntc2_C",-8.22209697661356,1185082
4,2026-07-05 18:15:57,"testSB_C",-8.65818012649424,1205546
5,2026-07-05 18:15:57,"ntc1_C",-8.47993567209744,1197156
5,2026-07-05 18:15:57,"ntc2_C",-8.87183813476798,1212952
5,2026-07-05 18:15:57,"testSB_C",-7.32270638925974,1143711
6,2026-07-05 18:15:57,"ntc1_C",-2.67213917129641,945293
6,2026-07-05 18:15:57,"ntc2_C",-4.93355135999144,1035361
6,2026-07-05 18:15:57,"testSB_C",-4.70822734896751,1026526
7,2026-07-05 18:15:57,"ntc1_C",-7.37835841435776,1146628
7,2026-07-05 18:15:57,"ntc2_C",-6.27531113813166,1093638
7,2026-07-05 18:15:57,"testSB_C",-8.0993618157442,1178508
8,2026-07-05 18:15:57,"ntc1_C",-4.84118731290891,1030528
8,2026-07-05 18:15:57,"ntc2_C",-4.6503280317134,1024286
8,2026-07-05 18:15:57,"testSB_C",-1.91887845936935,915631
9,2026-07-05 18:15:57,"ntc1_C",-7.99245582848124,1171561
9,2026-07-05 18:15:57,"ntc2_C",-8.34817180191692,1191385
9,2026-07-05 18:15:57,"testSB_C",-8.58024098415518,1199920
10,2026-07-05 18:15:57,"ntc1_C",-8.45962492581674,1197334
10,2026-07-05 18:15:57,"ntc2_C",-8.64897877182307,1204419
10,2026-07-05 18:15:57,"testSB_C",-8.44918011561748,1194440
11,2026-07-05 18:15:57,"ntc1_C",-8.38549379236719,1192527
11,2026-07-05 18:15:57,"ntc2_C",-8.18563039675917,1182867
11,2026-07-05 18:15:57,"testSB_C",-8.2270346100027,1184173
12,2026-07-05 18:15:57,"ntc1_C",-8.25302990488154,1186814
12,2026-07-05 18:15:57,"ntc2_C",-8.19619248643176,1180532
12,2026-07-05 18:15:57,"testSB_C",-8.4923218436823,1191027
13,2026-07-05 18:15:57,"ntc1_C",-8.17240461018383,1180357
13,2026-07-05 18:15:57,"ntc2_C",-8.13889830281761,1177675
13,2026-07-05 18:15:57,"testSB_C",-8.20294043327556,1180094
14,2026-07-05 18:15:57,"ntc1_C",-8.33249987038022,1191130
14,2026-07-05 18:15:57,"ntc2_C",-8.2681465677295,1185454
14,2026-07-05 18:15:57,"testSB_C",-8.04668416155465,1174316
15,2026-07-05 18:15:57,"ntc1_C",-8.11407012657719,1180000
15,2026-07-05 18:15:57,"ntc2_C",-8.1148652268804,1177094
15,2026-07-05 18:15:57,"testSB_C",-8.31668400387798,1185053
16,2026-07-05 18:15:57,"ntc1_C",-8.22836770970042,1186110
16,2026-07-05 18:15:57,"ntc2_C",-7.96176505640312,1169991
16,2026-07-05 18:15:57,"testSB_C",-8.27010876875528,1184681
17,2026-07-05 18:15:57,"ntc1_C",-8.04243943398598,1178626
17,2026-07-05 18:15:57,"ntc2_C",-7.77698575755846,1165501
17,2026-07-05 18:15:57,"testSB_C",-8.07017207011978,1179364
18,2026-07-05 18:15:57,"ntc1_C",-8.08846875925872,1179846
18,2026-07-05 18:15:57,"ntc2_C",-8.01923609600101,1173396
18,2026-07-05 18:15:57,"testSB_C",-7.91615372694957,1167707
19,2026-07-05 18:15:57,"ntc1_C",-8.20407219815343,1184858
19,2026-07-05 18:15:57,"ntc2_C",-7.93906189925298,1169415
19,2026-07-05 18:15:57,"testSB_C",-8.29003268595096,1185083
20,2026-07-05 18:15:57,"ntc1_C",-8.32169513303279,1187135
20,2026-07-05 18:15:57,"ntc2_C",-8.2904209700024,1188445
20,2026-07-05 18:15:57,"testSB_C",-8.12609899474273,1181399
21,2026-07-05 18:15:57,"ntc1_C",-7.98750687696366,1172164
21,2026-07-05 18:15:57,"ntc2_C",-8.11373480388329,1179621
21,2026-07-05 18:15:57,"testSB_C",-8.12122904424479,1179598
22,2026-07-05 18:15:57,"ntc1_C",-8.15254899818189,1179954
22,2026-07-05 18:15:57,"ntc2_C",-8.28461563109306,1188222
22,2026-07-05 18:15:57,"testSB_C",-8.34563178112404,1192281
23,2026-07-05 18:15:57,"ntc1_C",-8.48425529075291,1198365
23,2026-07-05 18:15:57,"ntc2_C",-8.18984275157027,1183113
23,2026-07-05 18:15:57,"testSB_C",-8.3270122858512,1189821
24,2026-07-05 18:15:57,"ntc1_C",-8.11005592965506,1177965
24,2026-07-05 18:15:57,"ntc2_C",-7.84516136417358,1167159
1,2026-07-05 22:15:57,"ntc1_C",-10.7146902713048,1310457
1,2026-07-05 22:15:57,"ntc2_C",-10.6874054315015,1310334
1,2026-07-05 22:15:57,"testSB_C",-10.7232207194364,1310395
2,2026-07-05 22:15:57,"ntc1_C",-10.8668346357042,1318145
2,2026-07-05 22:15:57,"ntc2_C",-10.7937794652019,1313188
2,2026-07-05 22:15:57,"testSB_C",-10.8048864257872,1312756
3,2026-07-05 22:15:57,"ntc1_C",-10.7412980439365,1312638
3,2026-07-05 22:15:57,"ntc2_C",-10.6020979105721,1303008
3,2026-07-05 22:15:57,"testSB_C",-10.8294757429558,1316605
4,2026-07-05 22:15:57,"ntc1_C",-10.9942920278698,1323917
4,2026-07-05 22:15:57,"ntc2_C",-10.7910395596803,1316079
4,2026-07-05 22:15:57,"testSB_C",-10.8693991316396,1319424
5,2026-07-05 22:15:57,"ntc1_C",-10.363182419138,1292717
5,2026-07-05 22:15:57,"ntc2_C",-9.9992756626151,1270072
5,2026-07-05 22:15:57,"testSB_C",-11.7543443707149,1370432
6,2026-07-05 22:15:57,"ntc1_C",-8.93855278890345,1219397
6,2026-07-05 22:15:57,"ntc2_C",-9.62479077502701,1253405
6,2026-07-05 22:15:57,"testSB_C",-7.63117695317351,1156197
7,2026-07-05 22:15:57,"ntc1_C",-10.2695496565665,1290139
7,2026-07-05 22:15:57,"ntc2_C",-10.9292307755215,1322311
7,2026-07-05 22:15:57,"testSB_C",-11.1739100484934,1336079
8,2026-07-05 22:15:57,"ntc1_C",-10.1471181217882,1279250
8,2026-07-05 22:15:57,"ntc2_C",-7.6852723262619,1158905
8,2026-07-05 22:15:57,"testSB_C",-6.24544796543898,1091281
9,2026-07-05 22:15:57,"ntc1_C",-10.8147380812299,1314330
9,2026-07-05 22:15:57,"ntc2_C",-10.9676463160162,1325742
9,2026-07-05 22:15:57,"testSB_C",-11.0702218738825,1328314
10,2026-07-05 22:15:57,"ntc1_C",-10.8289308363016,1318887
10,2026-07-05 22:15:57,"ntc2_C",-10.9748393147639,1324361
10,2026-07-05 22:15:57,"testSB_C",-11.0317415301679,1327214
11,2026-07-05 22:15:57,"ntc1_C",-10.8379115146282,1318008
11,2026-07-05 22:15:57,"ntc2_C",-10.7592727026864,1313834
11,2026-07-05 22:15:57,"testSB_C",-10.8580847515735,1318401
12,2026-07-05 22:15:57,"ntc1_C",-10.7764709743737,1315515
12,2026-07-05 22:15:57,"ntc2_C",-10.7122148403134,1308231
12,2026-07-05 22:15:57,"testSB_C",-11.1707049040159,1328155
13,2026-07-05 22:15:57,"ntc1_C",-10.9828827678702,1323640
13,2026-07-05 22:15:57,"ntc2_C",-10.8648440069465,1316282
13,2026-07-05 22:15:57,"testSB_C",-11.1273483850078,1329699
14,2026-07-05 22:15:57,"ntc1_C",-10.9514691752913,1325404
14,2026-07-05 22:15:57,"ntc2_C",-10.8980461060094,1319765
14,2026-07-05 22:15:57,"testSB_C",-11.1138332837346,1331017
15,2026-07-05 22:15:57,"ntc1_C",-11.058272679397,1330648
15,2026-07-05 22:15:57,"ntc2_C",-10.9429943909528,1321156
15,2026-07-05 22:15:57,"testSB_C",-11.0105342265311,1322181
16,2026-07-05 22:15:57,"ntc1_C",-11.1425152346207,1335938
16,2026-07-05 22:15:57,"ntc2_C",-10.8122517771301,1314284
16,2026-07-05 22:15:57,"testSB_C",-10.9703510732621,1322357
17,2026-07-05 22:15:57,"ntc1_C",-11.0355193696585,1331655
17,2026-07-05 22:15:57,"ntc2_C",-10.7911248850411,1318064
17,2026-07-05 22:15:57,"testSB_C",-11.0497221337848,1331809
18,2026-07-05 22:15:57,"ntc1_C",-10.9559429228128,1326327
18,2026-07-05 22:15:57,"ntc2_C",-10.8895083393314,1319200
18,2026-07-05 22:15:57,"testSB_C",-11.110112055339,1329619
19,2026-07-05 22:15:57,"ntc1_C",-11.0129057202708,1328724
19,2026-07-05 22:15:57,"ntc2_C",-10.9053461523564,1319859
19,2026-07-05 22:15:57,"testSB_C",-11.0447744964077,1325826
20,2026-07-05 22:15:57,"ntc1_C",-11.1297097956319,1331208
20,2026-07-05 22:15:57,"ntc2_C",-11.1261752073279,1334292
20,2026-07-05 22:15:57,"testSB_C",-11.020069490239,1329507
21,2026-07-05 22:15:57,"ntc1_C",-10.9927754800475,1325164
21,2026-07-05 22:15:57,"ntc2_C",-10.8831942734989,1320772
21,2026-07-05 22:15:57,"testSB_C",-10.8354123803308,1317912
22,2026-07-05 22:15:57,"ntc1_C",-11.0519678994665,1327951
22,2026-07-05 22:15:57,"ntc2_C",-10.8668063795854,1320253
22,2026-07-05 22:15:57,"testSB_C",-11.1914070071145,1339115
23,2026-07-05 22:15:57,"ntc1_C",-11.3025250951643,1344471
23,2026-07-05 22:15:57,"ntc2_C",-11.1516244963847,1335252
23,2026-07-05 22:15:57,"testSB_C",-11.3444652107804,1345843
24,2026-07-05 22:15:57,"ntc1_C",-11.272533544216,1339930
24,2026-07-05 22:15:57,"ntc2_C",-10.8983169410698,1321963
1,2026-07-06 02:15:57,"ntc1_C",-13.6327232504275,1476283
1,2026-07-06 02:15:57,"ntc2_C",-13.6552313085488,1479069
1,2026-07-06 02:15:57,"testSB_C",-13.6344609686565,1475953
2,2026-07-06 02:15:57,"ntc1_C",-13.649693459754,1476775
2,2026-07-06 02:15:57,"ntc2_C",-13.6333718630363,1474595
2,2026-07-06 02:15:57,"testSB_C",-13.6479737421591,1474342
3,2026-07-06 02:15:57,"ntc1_C",-13.6084483120546,1475619
3,2026-07-06 02:15:57,"ntc2_C",-13.6128411082273,1473485
3,2026-07-06 02:15:57,"testSB_C",-13.6113394778737,1474993
4,2026-07-06 02:15:57,"ntc1_C",-13.6280200142725,1474203
4,2026-07-06 02:15:57,"ntc2_C",-13.6171499649287,1477063
4,2026-07-06 02:15:57,"testSB_C",-13.6157306651304,1476008
5,2026-07-06 02:15:57,"ntc1_C",-13.5980819922166,1475100
5,2026-07-06 02:15:57,"ntc2_C",-13.6191345072007,1472397
5,2026-07-06 02:15:57,"testSB_C",-13.6100297731818,1478298
6,2026-07-06 02:15:57,"ntc1_C",-13.6295491357748,1476536
6,2026-07-06 02:15:57,"ntc2_C",-13.6211378803728,1475549
6,2026-07-06 02:15:57,"testSB_C",-13.5981743615525,1475079
7,2026-07-06 02:15:57,"ntc1_C",-13.5872088821316,1477247
7,2026-07-06 02:15:57,"ntc2_C",-13.6126411459084,1475482
7,2026-07-06 02:15:57,"testSB_C",-13.6202070888569,1476414
8,2026-07-06 02:15:57,"ntc1_C",-13.5762953316993,1471529
8,2026-07-06 02:15:57,"ntc2_C",-13.6119638950331,1475994
8,2026-07-06 02:15:57,"testSB_C",-13.6223749658812,1474420
9,2026-07-06 02:15:57,"ntc1_C",-13.643662587915,1474918
9,2026-07-06 02:15:57,"ntc2_C",-13.6190074169151,1477234
9,2026-07-06 02:15:57,"testSB_C",-13.592337924544,1472433
10,2026-07-06 02:15:57,"ntc1_C",-13.5415952739322,1473346
10,2026-07-06 02:15:57,"ntc2_C",-13.5746434448693,1472673
10,2026-07-06 02:15:57,"testSB_C",-13.5580675751697,1471427
11,2026-07-06 02:15:57,"ntc1_C",-13.5644568025176,1473149
11,2026-07-06 02:15:57,"ntc2_C",-13.5999083483981,1475373
11,2026-07-06 02:15:57,"testSB_C",-13.5930447204051,1474158
12,2026-07-06 02:15:57,"ntc1_C",-13.6069305440775,1476643
12,2026-07-06 02:15:57,"ntc2_C",-13.61106324326,1472677
12,2026-07-06 02:15:57,"testSB_C",-13.678224918673,1470864
13,2026-07-06 02:15:57,"ntc1_C",-13.6365513288404,1474901
13,2026-07-06 02:15:57,"ntc2_C",-13.6156482392082,1472785
13,2026-07-06 02:15:57,"testSB_C",-13.6176221955612,1472027
14,2026-07-06 02:15:57,"ntc1_C",-13.6086125280263,1477141
14,2026-07-06 02:15:57,"ntc2_C",-13.5844140242415,1472766
14,2026-07-06 02:15:57,"testSB_C",-13.5844324812009,1472299
15,2026-07-06 02:15:57,"ntc1_C",-13.6087167687739,1476675
15,2026-07-06 02:15:57,"ntc2_C",-13.5951085351609,1472315
15,2026-07-06 02:15:57,"testSB_C",-13.6558322636293,1472103
16,2026-07-06 02:15:57,"ntc1_C",-13.6016612312901,1477059
16,2026-07-06 02:15:57,"ntc2_C",-13.5907977413679,1472148
16,2026-07-06 02:15:57,"testSB_C",-13.6528343629909,1474866
17,2026-07-06 02:15:57,"ntc1_C",-13.5864756573893,1477726
17,2026-07-06 02:15:57,"ntc2_C",-13.5937077059004,1477886
17,2026-07-06 02:15:57,"testSB_C",-13.5930800608962,1477496
18,2026-07-06 02:15:57,"ntc1_C",-13.5710087169966,1475793
18,2026-07-06 02:15:57,"ntc2_C",-13.5941092481922,1473226
18,2026-07-06 02:15:57,"testSB_C",-13.6507299631436,1474278
19,2026-07-06 02:15:57,"ntc1_C",-13.5318830694906,1472613
19,2026-07-06 02:15:57,"ntc2_C",-13.5425024925261,1469885
19,2026-07-06 02:15:57,"testSB_C",-13.5793219372309,1469954
20,2026-07-06 02:15:57,"ntc1_C",-13.56564794616,1470322
20,2026-07-06 02:15:57,"ntc2_C",-13.5628331533152,1473893
20,2026-07-06 02:15:57,"testSB_C",-13.5397630761953,1473576
21,2026-07-06 02:15:57,"ntc1_C",-13.5215825108823,1469360
21,2026-07-06 02:15:57,"ntc2_C",-13.5491011618425,1472660
21,2026-07-06 02:15:57,"testSB_C",-13.5233797417488,1470818
22,2026-07-06 02:15:57,"ntc1_C",-13.5512927784455,1470380
22,2026-07-06 02:15:57,"ntc2_C",-13.552734870955,1473251
22,2026-07-06 02:15:57,"testSB_C",-13.5473215482067,1474314
23,2026-07-06 02:15:57,"ntc1_C",-13.5624789981647,1474431
23,2026-07-06 02:15:57,"ntc2_C",-13.5292098874186,1471474
23,2026-07-06 02:15:57,"testSB_C",-13.519042332586,1470860
24,2026-07-06 02:15:57,"ntc1_C",-13.5326675970068,1469169
24,2026-07-06 02:15:57,"ntc2_C",-13.4868715609091,1469271
1,2026-07-06 06:15:57,"ntc1_C",-15.543028274209,1595918
1,2026-07-06 06:15:57,"ntc2_C",-15.5604833804521,1598539
1,2026-07-06 06:15:57,"testSB_C",-15.5360778910161,1595094
2,2026-07-06 06:15:57,"ntc1_C",-15.5323160566094,1594651
2,2026-07-06 06:15:57,"ntc2_C",-15.5257821247914,1592905
2,2026-07-06 06:15:57,"testSB_C",-15.5263200557677,1591738
3,2026-07-06 06:15:57,"ntc1_C",-15.5012474547962,1594023
3,2026-07-06 06:15:57,"ntc2_C",-15.5104617019966,1592087
3,2026-07-06 06:15:57,"testSB_C",-15.5087402982338,1593689
4,2026-07-06 06:15:57,"ntc1_C",-15.502444876036,1591326
4,2026-07-06 06:15:57,"ntc2_C",-15.4941558004952,1594595
4,2026-07-06 06:15:57,"testSB_C",-15.4791228609997,1592577
5,2026-07-06 06:15:57,"ntc1_C",-15.4867626992023,1593128
5,2026-07-06 06:15:57,"ntc2_C",-15.4971157001276,1589634
5,2026-07-06 06:15:57,"testSB_C",-15.4768959905812,1595259
6,2026-07-06 06:15:57,"ntc1_C",-15.471336083895,1591600
6,2026-07-06 06:15:57,"ntc2_C",-15.4631431940788,1590678
6,2026-07-06 06:15:57,"testSB_C",-15.4429753378062,1590369
7,2026-07-06 06:15:57,"ntc1_C",-15.4238240232106,1592129
7,2026-07-06 06:15:57,"ntc2_C",-15.436317674056,1589462
7,2026-07-06 06:15:57,"testSB_C",-15.4370500652592,1589964
8,2026-07-06 06:15:57,"ntc1_C",-15.395001858303,1584853
8,2026-07-06 06:15:57,"ntc2_C",-15.4115088797262,1588380
8,2026-07-06 06:15:57,"testSB_C",-15.4087099477835,1585838
9,2026-07-06 06:15:57,"ntc1_C",-15.4333975359123,1586344
9,2026-07-06 06:15:57,"ntc2_C",-15.3993225421361,1588436
9,2026-07-06 06:15:57,"testSB_C",-15.3901641915606,1584503
10,2026-07-06 06:15:57,"ntc1_C",-15.3729442578913,1587606
10,2026-07-06 06:15:57,"ntc2_C",-15.3779860896242,1585082
10,2026-07-06 06:15:57,"testSB_C",-15.3744840016539,1584591
11,2026-07-06 06:15:57,"ntc1_C",-15.3803205176454,1586354
11,2026-07-06 06:15:57,"ntc2_C",-15.3945615754581,1587403
11,2026-07-06 06:15:57,"testSB_C",-15.3818153040718,1585736
12,2026-07-06 06:15:57,"ntc1_C",-15.4028513251264,1588851
12,2026-07-06 06:15:57,"ntc2_C",-15.3983575041314,1584098
12,2026-07-06 06:15:57,"testSB_C",-15.4684399310991,1581922
13,2026-07-06 06:15:57,"ntc1_C",-15.3984636069791,1584628
13,2026-07-06 06:15:57,"ntc2_C",-15.3930446968757,1583558
13,2026-07-06 06:15:57,"testSB_C",-15.3826345399189,1581928
14,2026-07-06 06:15:57,"ntc1_C",-15.3971809386459,1588800
14,2026-07-06 06:15:57,"ntc2_C",-15.3722097398486,1584188
14,2026-07-06 06:15:57,"testSB_C",-15.3688689309316,1583417
15,2026-07-06 06:15:57,"ntc1_C",-15.3759142128429,1587037
15,2026-07-06 06:15:57,"ntc2_C",-15.3783733258413,1583449
15,2026-07-06 06:15:57,"testSB_C",-15.466696400249,1584189
16,2026-07-06 06:15:57,"ntc1_C",-15.3917376049466,1588954
16,2026-07-06 06:15:57,"ntc2_C",-15.3937368371372,1584477
16,2026-07-06 06:15:57,"testSB_C",-15.4533616276911,1586771
17,2026-07-06 06:15:57,"ntc1_C",-15.3992292833217,1591034
17,2026-07-06 06:15:57,"ntc2_C",-15.4018241121855,1591019
17,2026-07-06 06:15:57,"testSB_C",-15.4083724908465,1591004
18,2026-07-06 06:15:57,"ntc1_C",-15.3937395182853,1589707
18,2026-07-06 06:15:57,"ntc2_C",-15.4071230282119,1586308
18,2026-07-06 06:15:57,"testSB_C",-15.499571608883,1589173
19,2026-07-06 06:15:57,"ntc1_C",-15.3989286235544,1589108
19,2026-07-06 06:15:57,"ntc2_C",-15.4073649444768,1586044
19,2026-07-06 06:15:57,"testSB_C",-15.4519797286917,1586207
20,2026-07-06 06:15:57,"ntc1_C",-15.4405372146389,1587080
20,2026-07-06 06:15:57,"ntc2_C",-15.4148835296572,1589573
20,2026-07-06 06:15:57,"testSB_C",-15.4125604029659,1590560
21,2026-07-06 06:15:57,"ntc1_C",-15.402950860291,1586606
21,2026-07-06 06:15:57,"ntc2_C",-15.4162675592407,1589205
21,2026-07-06 06:15:57,"testSB_C",-15.409950054043,1588412
22,2026-07-06 06:15:57,"ntc1_C",-15.430290678077,1587289
22,2026-07-06 06:15:57,"ntc2_C",-15.4174991037418,1589660
22,2026-07-06 06:15:57,"testSB_C",-15.424866415413,1591647
23,2026-07-06 06:15:57,"ntc1_C",-15.4285220969731,1591026
23,2026-07-06 06:15:57,"ntc2_C",-15.4163778476538,1589295
23,2026-07-06 06:15:57,"testSB_C",-15.4200723500686,1589503
24,2026-07-06 06:15:57,"ntc1_C",-15.4392948991942,1587687
24,2026-07-06 06:15:57,"ntc2_C",-15.3842208094611,1587442
1,2026-07-06 10:15:57,"ntc1_C",-11.9642312134495,1379061
1,2026-07-06 10:15:57,"ntc2_C",-12.3943175077802,1404886
1,2026-07-06 10:15:57,"testSB_C",-12.1223734077366,1387516
2,2026-07-06 10:15:57,"ntc1_C",-12.1036845240495,1386436
2,2026-07-06 10:15:57,"ntc2_C",-12.143767446229,1387601
2,2026-07-06 10:15:57,"testSB_C",-12.2476389513653,1392418
3,2026-07-06 10:15:57,"ntc1_C",-12.0690928094913,1385756
3,2026-07-06 10:15:57,"ntc2_C",-12.369650823218,1400552
3,2026-07-06 10:15:57,"testSB_C",-12.1740268908787,1390922
4,2026-07-06 10:15:57,"ntc1_C",-12.2010333875411,1390780
4,2026-07-06 10:15:57,"ntc2_C",-12.3770863941604,1404142
4,2026-07-06 10:15:57,"testSB_C",-11.9586223959431,1379441
5,2026-07-06 10:15:57,"ntc1_C",-12.4447576891592,1407308
5,2026-07-06 10:15:57,"ntc2_C",-12.4837193120469,1405695
5,2026-07-06 10:15:57,"testSB_C",-12.2676490424067,1399461
6,2026-07-06 10:15:57,"ntc1_C",-12.1033954604611,1387428
6,2026-07-06 10:15:57,"ntc2_C",-12.2380616574957,1394541
6,2026-07-06 10:15:57,"testSB_C",-12.1257009466137,1389007
7,2026-07-06 10:15:57,"ntc1_C",-12.1782715288854,1394691
7,2026-07-06 10:15:57,"ntc2_C",-12.3520994132692,1401446
7,2026-07-06 10:15:57,"testSB_C",-12.4409893772892,1407027
8,2026-07-06 10:15:57,"ntc1_C",-12.1131017550362,1386190
8,2026-07-06 10:15:57,"ntc2_C",-12.4661741455774,1408558
8,2026-07-06 10:15:57,"testSB_C",-12.4279642624134,1404264
9,2026-07-06 10:15:57,"ntc1_C",-12.2835816961768,1395417
9,2026-07-06 10:15:57,"ntc2_C",-12.3782970404978,1404310
9,2026-07-06 10:15:57,"testSB_C",-12.1773386512265,1389760
10,2026-07-06 10:15:57,"ntc1_C",-12.0826008528435,1388156
10,2026-07-06 10:15:57,"ntc2_C",-12.2639947688344,1395945
10,2026-07-06 10:15:57,"testSB_C",-12.0328550307927,1382595
11,2026-07-06 10:15:57,"ntc1_C",-12.1487297996662,1390449
11,2026-07-06 10:15:57,"ntc2_C",-12.5431292150182,1413088
11,2026-07-06 10:15:57,"testSB_C",-12.1891858284059,1392045
12,2026-07-06 10:15:57,"ntc1_C",-12.679605653271,1421799
12,2026-07-06 10:15:57,"ntc2_C",-12.6819644749824,1417845
12,2026-07-06 10:15:57,"testSB_C",-12.4528551176786,1399314
13,2026-07-06 10:15:57,"ntc1_C",-12.2298793236716,1392696
13,2026-07-06 10:15:57,"ntc2_C",-12.6952093695159,1418458
13,2026-07-06 10:15:57,"testSB_C",-12.3011111359155,1394990
14,2026-07-06 10:15:57,"ntc1_C",-12.4360658847652,1408165
14,2026-07-06 10:15:57,"ntc2_C",-12.2569583487395,1395071
14,2026-07-06 10:15:57,"testSB_C",-12.2078719668748,1391842
15,2026-07-06 10:15:57,"ntc1_C",-12.2096316310803,1394699
15,2026-07-06 10:15:57,"ntc2_C",-12.4646664887071,1405886
15,2026-07-06 10:15:57,"testSB_C",-12.4310530373074,1400718
16,2026-07-06 10:15:57,"ntc1_C",-12.3372795395916,1402741
16,2026-07-06 10:15:57,"ntc2_C",-12.6299691456077,1415530
16,2026-07-06 10:15:57,"testSB_C",-12.7135290334145,1419586
17,2026-07-06 10:15:57,"ntc1_C",-12.3720162342831,1406298
17,2026-07-06 10:15:57,"ntc2_C",-12.7041407686189,1425172
17,2026-07-06 10:15:57,"testSB_C",-12.5272854412975,1414610
18,2026-07-06 10:15:57,"ntc1_C",-12.3799542052512,1405744
18,2026-07-06 10:15:57,"ntc2_C",-12.6669105438707,1418504
18,2026-07-06 10:15:57,"testSB_C",-12.2933775975031,1395154
19,2026-07-06 10:15:57,"ntc1_C",-12.3796908534453,1404967
19,2026-07-06 10:15:57,"ntc2_C",-12.6184608625387,1415477
19,2026-07-06 10:15:57,"testSB_C",-12.4555173911373,1404234
20,2026-07-06 10:15:57,"ntc1_C",-12.4960825948706,1407545
20,2026-07-06 10:15:57,"ntc2_C",-12.6813904870893,1421791
20,2026-07-06 10:15:57,"testSB_C",-12.4361356220069,1408654
21,2026-07-06 10:15:57,"ntc1_C",-12.2820283781699,1396825
21,2026-07-06 10:15:57,"ntc2_C",-12.6540570272065,1419820
21,2026-07-06 10:15:57,"testSB_C",-12.4665643428324,1408714
22,2026-07-06 10:15:57,"ntc1_C",-12.3887890146588,1402337
22,2026-07-06 10:15:57,"ntc2_C",-12.587778044171,1416353
22,2026-07-06 10:15:57,"testSB_C",-12.5326537654199,1414496
23,2026-07-06 10:15:57,"ntc1_C",-12.6218037833952,1418886
23,2026-07-06 10:15:57,"ntc2_C",-12.5677891612676,1414801
23,2026-07-06 10:15:57,"testSB_C",-12.4631866891818,1408779
24,2026-07-06 10:15:57,"ntc1_C",-12.1934300569258,1391167
24,2026-07-06 10:15:57,"ntc2_C",-12.2776294521158,1398526
1,2026-07-06 14:15:57,"ntc1_C",-7.93595650751791,1169978
1,2026-07-06 14:15:57,"ntc2_C",-7.94294957648356,1171558
1,2026-07-06 14:15:57,"testSB_C",-8.1114985508184,1177798
2,2026-07-06 14:15:57,"ntc1_C",-8.19939472877911,1182177
2,2026-07-06 14:15:57,"ntc2_C",-7.76681140745632,1160630
2,2026-07-06 14:15:57,"testSB_C",-8.15715265653472,1178311
3,2026-07-06 14:15:57,"ntc1_C",-7.95787402121238,1171732
3,2026-07-06 14:15:57,"ntc2_C",-7.82405093736281,1163345
3,2026-07-06 14:15:57,"testSB_C",-8.05031378396649,1175425
4,2026-07-06 14:15:57,"ntc1_C",-8.2327255709755,1182838
4,2026-07-06 14:15:57,"ntc2_C",-7.74104670264467,1162065
4,2026-07-06 14:15:57,"testSB_C",-8.05078203109082,1176047
5,2026-07-06 14:15:57,"ntc1_C",-7.66075955812533,1157859
5,2026-07-06 14:15:57,"ntc2_C",-7.97119684617758,1169202
5,2026-07-06 14:15:57,"testSB_C",-8.12930458642023,1181942
6,2026-07-06 14:15:57,"ntc1_C",-8.37573220562246,1191742
6,2026-07-06 14:15:57,"ntc2_C",-8.08476335158883,1177077
6,2026-07-06 14:15:57,"testSB_C",-8.11716078299929,1179335
7,2026-07-06 14:15:57,"ntc1_C",-8.23566213235142,1187403
7,2026-07-06 14:15:57,"ntc2_C",-8.13330961529851,1179670
7,2026-07-06 14:15:57,"testSB_C",-8.24818795551624,1185683
8,2026-07-06 14:15:57,"ntc1_C",-8.06631403239288,1175111
8,2026-07-06 14:15:57,"ntc2_C",-8.17255263259142,1182154
8,2026-07-06 14:15:57,"testSB_C",-8.4511891601444,1193879
9,2026-07-06 14:15:57,"ntc1_C",-8.38158510224014,1190273
9,2026-07-06 14:15:57,"ntc2_C",-8.35696275250774,1191812
9,2026-07-06 14:15:57,"testSB_C",-8.24899139185584,1183815
10,2026-07-06 14:15:57,"ntc1_C",-8.00721102004275,1175449
10,2026-07-06 14:15:57,"ntc2_C",-8.1333377071706,1179355
10,2026-07-06 14:15:57,"testSB_C",-7.90583535493442,1168268
11,2026-07-06 14:15:57,"ntc1_C",-8.00260623184482,1174061
11,2026-07-06 14:15:57,"ntc2_C",-7.78685777812058,1163795
11,2026-07-06 14:15:57,"testSB_C",-8.04867418405894,1175592
12,2026-07-06 14:15:57,"ntc1_C",-7.94120052465291,1171824
12,2026-07-06 14:15:57,"ntc2_C",-7.86928878614378,1164897
12,2026-07-06 14:15:57,"testSB_C",-8.25313533931188,1179502
13,2026-07-06 14:15:57,"ntc1_C",-8.06417698367699,1175165
13,2026-07-06 14:15:57,"ntc2_C",-7.93799667853989,1168066
13,2026-07-06 14:15:57,"testSB_C",-8.07260668506132,1173839
14,2026-07-06 14:15:57,"ntc1_C",-8.16765020894371,1183154
14,2026-07-06 14:15:57,"ntc2_C",-8.09964281831947,1177337
14,2026-07-06 14:15:57,"testSB_C",-8.00021677030196,1172091
15,2026-07-06 14:15:57,"ntc1_C",-8.15508392650656,1181975
15,2026-07-06 14:15:57,"ntc2_C",-7.95372256839158,1169383
15,2026-07-06 14:15:57,"testSB_C",-8.30954176051432,1184709
16,2026-07-06 14:15:57,"ntc1_C",-8.23357627080458,1186362
16,2026-07-06 14:15:57,"ntc2_C",-8.02477845532775,1173000
16,2026-07-06 14:15:57,"testSB_C",-8.30309829953779,1186273
17,2026-07-06 14:15:57,"ntc1_C",-8.31325249213648,1191706
17,2026-07-06 14:15:57,"ntc2_C",-7.98217275509734,1175293
17,2026-07-06 14:15:57,"testSB_C",-8.35515611957544,1193146
18,2026-07-06 14:15:57,"ntc1_C",-8.43366113490396,1196573
18,2026-07-06 14:15:57,"ntc2_C",-8.16213254927885,1180252
18,2026-07-06 14:15:57,"testSB_C",-8.28404056970481,1185294
19,2026-07-06 14:15:57,"ntc1_C",-8.33049002051877,1190980
19,2026-07-06 14:15:57,"ntc2_C",-8.00792455749092,1172702
19,2026-07-06 14:15:57,"testSB_C",-8.06707766990951,1174371
20,2026-07-06 14:15:57,"ntc1_C",-8.26063221774859,1184184
20,2026-07-06 14:15:57,"ntc2_C",-7.87488033502058,1168476
20,2026-07-06 14:15:57,"testSB_C",-8.27344774437614,1188519
21,2026-07-06 14:15:57,"ntc1_C",-8.04517143786506,1174924
21,2026-07-06 14:15:57,"ntc2_C",-7.95529089630242,1172025
21,2026-07-06 14:15:57,"testSB_C",-8.02714485930409,1175075
22,2026-07-06 14:15:57,"ntc1_C",-8.22527948744863,1183454
22,2026-07-06 14:15:57,"ntc2_C",-8.38165803824501,1192933
22,2026-07-06 14:15:57,"testSB_C",-8.24478399905075,1187388
23,2026-07-06 14:15:57,"ntc1_C",-8.62214713697989,1205125
23,2026-07-06 14:15:57,"ntc2_C",-8.33450901514232,1190119
23,2026-07-06 14:15:57,"testSB_C",-8.37532918910227,1192169
24,2026-07-06 14:15:57,"ntc1_C",-8.40539942872283,1192214
24,2026-07-06 14:15:57,"ntc2_C",-8.16396591148117,1182424
1,2026-07-06 18:15:57,"ntc1_C",-6.7748287428924,1115914
1,2026-07-06 18:15:57,"ntc2_C",-6.70061754869209,1113752
1,2026-07-06 18:15:57,"testSB_C",-6.91967248789507,1121905
2,2026-07-06 18:15:57,"ntc1_C",-7.17354244624505,1133763
2,2026-07-06 18:15:57,"ntc2_C",-6.6432351331012,1108708
2,2026-07-06 18:15:57,"testSB_C",-7.02330451035181,1125104
3,2026-07-06 18:15:57,"ntc1_C",-6.73292012243269,1114696
3,2026-07-06 18:15:57,"ntc2_C",-6.55554636810933,1104741
3,2026-07-06 18:15:57,"testSB_C",-6.89630712223146,1121421
4,2026-07-06 18:15:57,"ntc1_C",-7.04491171029457,1126957
4,2026-07-06 18:15:57,"ntc2_C",-6.47048462420508,1103447
4,2026-07-06 18:15:57,"testSB_C",-6.92028820780467,1123091
5,2026-07-06 18:15:57,"ntc1_C",-6.37551741072014,1098844
5,2026-07-06 18:15:57,"ntc2_C",-6.73381412493916,1111709
5,2026-07-06 18:15:57,"testSB_C",-6.90101997259302,1124230
6,2026-07-06 18:15:57,"ntc1_C",-7.21461594431037,1136691
6,2026-07-06 18:15:57,"ntc2_C",-7.04855277935889,1128401
6,2026-07-06 18:15:57,"testSB_C",-6.97865158321332,1125858
7,2026-07-06 18:15:57,"ntc1_C",-7.05491836759398,1131619
7,2026-07-06 18:15:57,"ntc2_C",-6.8916744927497,1121441
7,2026-07-06 18:15:57,"testSB_C",-7.0454999922174,1128952
8,2026-07-06 18:15:57,"ntc1_C",-6.95223676650699,1122946
8,2026-07-06 18:15:57,"ntc2_C",-6.99675921457873,1126849
8,2026-07-06 18:15:57,"testSB_C",-7.32481674361173,1140308
9,2026-07-06 18:15:57,"ntc1_C",-7.25683383949666,1137001
9,2026-07-06 18:15:57,"ntc2_C",-7.20401871254614,1137122
9,2026-07-06 18:15:57,"testSB_C",-7.18865472188014,1133731
10,2026-07-06 18:15:57,"ntc1_C",-7.01118042237249,1128696
10,2026-07-06 18:15:57,"ntc2_C",-7.08982837380273,1130249
10,2026-07-06 18:15:57,"testSB_C",-6.9776124103895,1124905
11,2026-07-06 18:15:57,"ntc1_C",-6.98558798513403,1126419
11,2026-07-06 18:15:57,"ntc2_C",-6.74863600396822,1115602
11,2026-07-06 18:15:57,"testSB_C",-7.07694568105865,1129945
12,2026-07-06 18:15:57,"ntc1_C",-6.89262163029349,1122823
12,2026-07-06 18:15:57,"ntc2_C",-6.80597369889483,1115491
12,2026-07-06 18:15:57,"testSB_C",-7.42409294288962,1140429
13,2026-07-06 18:15:57,"ntc1_C",-7.2452024530914,1136624
13,2026-07-06 18:15:57,"ntc2_C",-6.97721381983558,1123209
13,2026-07-06 18:15:57,"testSB_C",-7.31804676176245,1138286
14,2026-07-06 18:15:57,"ntc1_C",-7.37654336424129,1145628
14,2026-07-06 18:15:57,"ntc2_C",-7.26446454997614,1137936
14,2026-07-06 18:15:57,"testSB_C",-7.18602894664963,1133793
15,2026-07-06 18:15:57,"ntc1_C",-7.35612707738483,1144102
15,2026-07-06 18:15:57,"ntc2_C",-7.07900767965128,1128418
15,2026-07-06 18:15:57,"testSB_C",-7.4588052739237,1144443
16,2026-07-06 18:15:57,"ntc1_C",-7.449924694787,1149055
16,2026-07-06 18:15:57,"ntc2_C",-7.17193856512438,1132938
16,2026-07-06 18:15:57,"testSB_C",-7.37817177685974,1142446
17,2026-07-06 18:15:57,"ntc1_C",-7.50699232005593,1153194
17,2026-07-06 18:15:57,"ntc2_C",-7.12318847449671,1134853
17,2026-07-06 18:15:57,"testSB_C",-7.54520736924115,1154400
18,2026-07-06 18:15:57,"ntc1_C",-7.63800234635443,1158376
18,2026-07-06 18:15:57,"ntc2_C",-7.43080630996877,1145590
18,2026-07-06 18:15:57,"testSB_C",-7.53630579103339,1149826
19,2026-07-06 18:15:57,"ntc1_C",-7.5658954099784,1154440
19,2026-07-06 18:15:57,"ntc2_C",-7.27073100968363,1137999
19,2026-07-06 18:15:57,"testSB_C",-7.44468881924286,1144983
20,2026-07-06 18:15:57,"ntc1_C",-7.61345809061555,1153364
20,2026-07-06 18:15:57,"ntc2_C",-7.29095304901716,1140993
20,2026-07-06 18:15:57,"testSB_C",-7.67351833447498,1159801
21,2026-07-06 18:15:57,"ntc1_C",-7.59796401283751,1153692
21,2026-07-06 18:15:57,"ntc2_C",-7.3241695655517,1142261
21,2026-07-06 18:15:57,"testSB_C",-7.48619042509387,1149408
22,2026-07-06 18:15:57,"ntc1_C",-7.58285275181197,1152901
22,2026-07-06 18:15:57,"ntc2_C",-7.72652468022756,1161495
22,2026-07-06 18:15:57,"testSB_C",-7.62920716327068,1157962
23,2026-07-06 18:15:57,"ntc1_C",-8.06732012965296,1178159
23,2026-07-06 18:15:57,"ntc2_C",-7.81153282439118,1164990
23,2026-07-06 18:15:57,"testSB_C",-7.95431199662494,1171867
24,2026-07-06 18:15:57,"ntc1_C",-7.85733679884902,1165910
24,2026-07-06 18:15:57,"ntc2_C",-7.4434634299713,1148211
1,2026-07-06 22:15:57,"ntc1_C",-6.79456028214241,1116811
1,2026-07-06 22:15:57,"ntc2_C",-6.46226006690102,1103000
1,2026-07-06 22:15:57,"testSB_C",-6.95718150369771,1123622
2,2026-07-06 22:15:57,"ntc1_C",-7.06096297170393,1128575
2,2026-07-06 22:15:57,"ntc2_C",-6.59124578671896,1106364
2,2026-07-06 22:15:57,"testSB_C",-6.87456026418852,1118309
3,2026-07-06 22:15:57,"ntc1_C",-6.6666117008528,1111691
3,2026-07-06 22:15:57,"ntc2_C",-6.25246676834541,1091193
3,2026-07-06 22:15:57,"testSB_C",-6.89468706714013,1121347
4,2026-07-06 22:15:57,"ntc1_C",-6.97942407538505,1123956
4,2026-07-06 22:15:57,"ntc2_C",-6.08326309665961,1086193
4,2026-07-06 22:15:57,"testSB_C",-6.8054911347416,1117852
5,2026-07-06 22:15:57,"ntc1_C",-6.10196379604059,1086687
5,2026-07-06 22:15:57,"ntc2_C",-6.58607381602621,1105041
5,2026-07-06 22:15:57,"testSB_C",-6.74964302340186,1117320
6,2026-07-06 22:15:57,"ntc1_C",-6.92623405261941,1123426
6,2026-07-06 22:15:57,"ntc2_C",-6.72360469068343,1113565
6,2026-07-06 22:15:57,"testSB_C",-6.87446620447082,1121090
7,2026-07-06 22:15:57,"ntc1_C",-6.90099199469682,1124547
7,2026-07-06 22:15:57,"ntc2_C",-6.55914177937058,1106352
7,2026-07-06 22:15:57,"testSB_C",-6.80849699782402,1118104
8,2026-07-06 22:15:57,"ntc1_C",-6.76822507167333,1114561
8,2026-07-06 22:15:57,"ntc2_C",-6.6328829470155,1110276
8,2026-07-06 22:15:57,"testSB_C",-6.96735821110434,1123826
9,2026-07-06 22:15:57,"ntc1_C",-6.95829972891607,1123274
9,2026-07-06 22:15:57,"ntc2_C",-6.85226405156112,1120953
9,2026-07-06 22:15:57,"testSB_C",-7.03889185165212,1126834
10,2026-07-06 22:15:57,"ntc1_C",-6.83448222123241,1120603
10,2026-07-06 22:15:57,"ntc2_C",-6.8362411714246,1118635
10,2026-07-06 22:15:57,"testSB_C",-6.84429956853768,1118814
11,2026-07-06 22:15:57,"ntc1_C",-6.70907575848304,1113812
11,2026-07-06 22:15:57,"ntc2_C",-6.23379279166966,1092468
11,2026-07-06 22:15:57,"testSB_C",-6.68449472195738,1112028
12,2026-07-06 22:15:57,"ntc1_C",-6.36390612293923,1098918
12,2026-07-06 22:15:57,"ntc2_C",-6.1852244026748,1087648
12,2026-07-06 22:15:57,"testSB_C",-7.11468224561361,1126188
13,2026-07-06 22:15:57,"ntc1_C",-6.70770024078672,1112034
13,2026-07-06 22:15:57,"ntc2_C",-6.36665220203605,1095625
13,2026-07-06 22:15:57,"testSB_C",-7.00000944946964,1123633
14,2026-07-06 22:15:57,"ntc1_C",-6.89700068652695,1123475
14,2026-07-06 22:15:57,"ntc2_C",-6.9230836249917,1122222
14,2026-07-06 22:15:57,"testSB_C",-6.96585617301605,1123657
15,2026-07-06 22:15:57,"ntc1_C",-6.99173197882402,1127243
15,2026-07-06 22:15:57,"ntc2_C",-6.7434953841182,1113098
15,2026-07-06 22:15:57,"testSB_C",-7.1081407186893,1128249
16,2026-07-06 22:15:57,"ntc1_C",-7.23402458067318,1138989
16,2026-07-06 22:15:57,"ntc2_C",-6.6560605757449,1109388
16,2026-07-06 22:15:57,"testSB_C",-6.93851262970293,1122191
17,2026-07-06 22:15:57,"ntc1_C",-7.24660653655366,1141030
17,2026-07-06 22:15:57,"ntc2_C",-6.6392878830946,1112702
17,2026-07-06 22:15:57,"testSB_C",-7.29310054313987,1142604
18,2026-07-06 22:15:57,"ntc1_C",-7.32578618262619,1143730
18,2026-07-06 22:15:57,"ntc2_C",-6.92974759597297,1122445
18,2026-07-06 22:15:57,"testSB_C",-7.31630061903104,1139597
19,2026-07-06 22:15:57,"ntc1_C",-7.34108844322003,1143916
19,2026-07-06 22:15:57,"ntc2_C",-6.90148277634796,1121014
19,2026-07-06 22:15:57,"testSB_C",-7.28954404577865,1137774
20,2026-07-06 22:15:57,"ntc1_C",-7.47227240121475,1146750
20,2026-07-06 22:15:57,"ntc2_C",-7.11881108442873,1133018
20,2026-07-06 22:15:57,"testSB_C",-7.32520450551112,1143454
21,2026-07-06 22:15:57,"ntc1_C",-7.32930469838698,1141126
21,2026-07-06 22:15:57,"ntc2_C",-6.96427866011288,1125636
21,2026-07-06 22:15:57,"testSB_C",-7.18242025561835,1135245
22,2026-07-06 22:15:57,"ntc1_C",-7.29166863692689,1139319
22,2026-07-06 22:15:57,"ntc2_C",-7.06871354543324,1130780
22,2026-07-06 22:15:57,"testSB_C",-7.13783463420623,1135009
23,2026-07-06 22:15:57,"ntc1_C",-7.46539869237614,1149599
23,2026-07-06 22:15:57,"ntc2_C",-7.18838754490548,1135754
23,2026-07-06 22:15:57,"testSB_C",-7.37362165332587,1144443
24,2026-07-06 22:15:57,"ntc1_C",-7.27743656015332,1138721
24,2026-07-06 22:15:57,"ntc2_C",-6.58983098177208,1108984
1,2026-07-07 02:15:57,"ntc1_C",-8.45319837031627,1194917
1,2026-07-07 02:15:57,"ntc2_C",-8.5725019463905,1202013
1,2026-07-07 02:15:57,"testSB_C",-8.5446916838988,1198811
2,2026-07-07 02:15:57,"ntc1_C",-8.63315591388374,1203278
2,2026-07-07 02:15:57,"ntc2_C",-8.58947447884009,1200218
2,2026-07-07 02:15:57,"testSB_C",-8.63345144444776,1201422
3,2026-07-07 02:15:57,"ntc1_C",-8.52152240266855,1198970
3,2026-07-07 02:15:57,"ntc2_C",-8.57291662982624,1199425
3,2026-07-07 02:15:57,"testSB_C",-8.66527830780336,1205281
4,2026-07-07 02:15:57,"ntc1_C",-8.65099002029848,1203183
4,2026-07-07 02:15:57,"ntc2_C",-8.59960387238465,1203470
4,2026-07-07 02:15:57,"testSB_C",-8.58515588889503,1201960
5,2026-07-07 02:15:57,"ntc1_C",-8.58309206358734,1202200
5,2026-07-07 02:15:57,"ntc2_C",-8.64839964664066,1201945
5,2026-07-07 02:15:57,"testSB_C",-8.79933954008288,1214690
6,2026-07-07 02:15:57,"ntc1_C",-8.66239513008259,1205747
6,2026-07-07 02:15:57,"ntc2_C",-8.63047008650221,1203568
6,2026-07-07 02:15:57,"testSB_C",-8.61637675146898,1203595
7,2026-07-07 02:15:57,"ntc1_C",-8.62676965449856,1206493
7,2026-07-07 02:15:57,"ntc2_C",-8.61809778784334,1203235
7,2026-07-07 02:15:57,"testSB_C",-8.70112410287419,1207794
8,2026-07-07 02:15:57,"ntc1_C",-8.5528560885798,1198663
8,2026-07-07 02:15:57,"ntc2_C",-8.60398309042955,1203135
8,2026-07-07 02:15:57,"testSB_C",-8.66423967846163,1204297
9,2026-07-07 02:15:57,"ntc1_C",-8.56348904518785,1199124
9,2026-07-07 02:15:57,"ntc2_C",-8.58673308380969,1203028
9,2026-07-07 02:15:57,"testSB_C",-8.67021795240453,1204333
10,2026-07-07 02:15:57,"ntc1_C",-8.54623937192463,1201571
10,2026-07-07 02:15:57,"ntc2_C",-8.58683850427468,1201370
10,2026-07-07 02:15:57,"testSB_C",-8.60146553832595,1201882
11,2026-07-07 02:15:57,"ntc1_C",-8.52284132665898,1199223
11,2026-07-07 02:15:57,"ntc2_C",-8.65062197700598,1205509
11,2026-07-07 02:15:57,"testSB_C",-8.59158940793367,1201911
12,2026-07-07 02:15:57,"ntc1_C",-8.69880080494386,1208583
12,2026-07-07 02:15:57,"ntc2_C",-8.60202073177214,1200240
12,2026-07-07 02:15:57,"testSB_C",-8.73028722023389,1202607
13,2026-07-07 02:15:57,"ntc1_C",-8.5530114267242,1198802
13,2026-07-07 02:15:57,"ntc2_C",-8.69352360714305,1204623
13,2026-07-07 02:15:57,"testSB_C",-8.56502067503902,1197650
14,2026-07-07 02:15:57,"ntc1_C",-8.62343334622022,1205340
14,2026-07-07 02:15:57,"ntc2_C",-8.57938439773864,1200597
14,2026-07-07 02:15:57,"testSB_C",-8.54731272545871,1198561
15,2026-07-07 02:15:57,"ntc1_C",-8.61125310245541,1204170
15,2026-07-07 02:15:57,"ntc2_C",-8.61995073170266,1201601
15,2026-07-07 02:15:57,"testSB_C",-8.68242333586619,1202803
16,2026-07-07 02:15:57,"ntc1_C",-8.69900751700902,1209102
16,2026-07-07 02:15:57,"ntc2_C",-8.63168239010821,1202388
16,2026-07-07 02:15:57,"testSB_C",-8.66920832638766,1204086
17,2026-07-07 02:15:57,"ntc1_C",-8.60148799037631,1205790
17,2026-07-07 02:15:57,"ntc2_C",-8.65963577514498,1208223
17,2026-07-07 02:15:57,"testSB_C",-8.64775614935616,1207467
18,2026-07-07 02:15:57,"ntc1_C",-8.57146760857853,1203318
18,2026-07-07 02:15:57,"ntc2_C",-8.6033693846764,1201681
18,2026-07-07 02:15:57,"testSB_C",-8.6408129611126,1202606
19,2026-07-07 02:15:57,"ntc1_C",-8.62324084011243,1205281
19,2026-07-07 02:15:57,"ntc2_C",-8.64449260478352,1203537
19,2026-07-07 02:15:57,"testSB_C",-8.64601295547004,1202391
20,2026-07-07 02:15:57,"ntc1_C",-8.68642564939211,1204918
20,2026-07-07 02:15:57,"ntc2_C",-8.620685863208,1204564
20,2026-07-07 02:15:57,"testSB_C",-8.68408706998326,1208593
21,2026-07-07 02:15:57,"ntc1_C",-8.48621200951436,1196254
21,2026-07-07 02:15:57,"ntc2_C",-8.62559443461816,1204505
21,2026-07-07 02:15:57,"testSB_C",-8.64706187789415,1205203
22,2026-07-07 02:15:57,"ntc1_C",-8.66608499221866,1204894
22,2026-07-07 02:15:57,"ntc2_C",-8.71376900788147,1209200
22,2026-07-07 02:15:57,"testSB_C",-8.66150384157828,1207740
23,2026-07-07 02:15:57,"ntc1_C",-8.80142710328499,1213972
23,2026-07-07 02:15:57,"ntc2_C",-8.72255800583895,1209121
23,2026-07-07 02:15:57,"testSB_C",-8.74705960712816,1210392
24,2026-07-07 02:15:57,"ntc1_C",-8.67704085924271,1205474
24,2026-07-07 02:15:57,"ntc2_C",-8.7986235905218,1213421
1,2026-07-07 06:15:57,"ntc1_C",-8.88552459883232,1216177
1,2026-07-07 06:15:57,"ntc2_C",-8.90202349618556,1218274
1,2026-07-07 06:15:57,"testSB_C",-8.90987177366844,1216821
2,2026-07-07 06:15:57,"ntc1_C",-8.91313030664526,1217101
2,2026-07-07 06:15:57,"ntc2_C",-8.85336171785525,1213206
2,2026-07-07 06:15:57,"testSB_C",-8.88648682738096,1213887
3,2026-07-07 06:15:57,"ntc1_C",-8.88554497834281,1216903
3,2026-07-07 06:15:57,"ntc2_C",-8.82770931088777,1211959
3,2026-07-07 06:15:57,"testSB_C",-8.91463627464026,1217606
4,2026-07-07 06:15:57,"ntc1_C",-8.910301608005,1215975
4,2026-07-07 06:15:57,"ntc2_C",-8.78846511318415,1212778
4,2026-07-07 06:15:57,"testSB_C",-8.82748555709452,1213902
5,2026-07-07 06:15:57,"ntc1_C",-8.78663371460112,1212216
5,2026-07-07 06:15:57,"ntc2_C",-8.85997436365466,1212365
5,2026-07-07 06:15:57,"testSB_C",-8.88398092937223,1218892
6,2026-07-07 06:15:57,"ntc1_C",-8.88335149534043,1216656
6,2026-07-07 06:15:57,"ntc2_C",-8.8784950633322,1215808
6,2026-07-07 06:15:57,"testSB_C",-8.85935528719511,1215586
7,2026-07-07 06:15:57,"ntc1_C",-8.88719048891068,1219377
7,2026-07-07 06:15:57,"ntc2_C",-8.8468057326956,1214518
7,2026-07-07 06:15:57,"testSB_C",-8.86032807080772,1215665
8,2026-07-07 06:15:57,"ntc1_C",-8.852067285548,1213385
8,2026-07-07 06:15:57,"ntc2_C",-8.83812862645169,1214680
8,2026-07-07 06:15:57,"testSB_C",-8.86726867662338,1214311
9,2026-07-07 06:15:57,"ntc1_C",-8.86617251828875,1214000
9,2026-07-07 06:15:57,"ntc2_C",-8.84053571023776,1215542
9,2026-07-07 06:15:57,"testSB_C",-8.83648070026612,1212531
10,2026-07-07 06:15:57,"ntc1_C",-8.82981548111974,1215550
10,2026-07-07 06:15:57,"ntc2_C",-8.84076542530772,1213879
10,2026-07-07 06:15:57,"testSB_C",-8.80620924974386,1211962
11,2026-07-07 06:15:57,"ntc1_C",-8.81439288595919,1213564
11,2026-07-07 06:15:57,"ntc2_C",-8.79850508911392,1212802
11,2026-07-07 06:15:57,"testSB_C",-8.81431688578402,1212881
12,2026-07-07 06:15:57,"ntc1_C",-8.80385099522005,1213772
12,2026-07-07 06:15:57,"ntc2_C",-8.79401206993208,1209680
12,2026-07-07 06:15:57,"testSB_C",-8.87699116821653,1209803
13,2026-07-07 06:15:57,"ntc1_C",-8.79229641274725,1210548
13,2026-07-07 06:15:57,"ntc2_C",-8.72849333959493,1206343
13,2026-07-07 06:15:57,"testSB_C",-8.79259107044959,1208820
14,2026-07-07 06:15:57,"ntc1_C",-8.84122245606096,1216090
14,2026-07-07 06:15:57,"ntc2_C",-8.79449481969414,1211178
14,2026-07-07 06:15:57,"testSB_C",-8.75278504863559,1208658
15,2026-07-07 06:15:57,"ntc1_C",-8.78263858232759,1212618
15,2026-07-07 06:15:57,"ntc2_C",-8.76596415989366,1208782
15,2026-07-07 06:15:57,"testSB_C",-8.83812370313871,1210440
16,2026-07-07 06:15:57,"ntc1_C",-8.78199613498134,1213203
16,2026-07-07 06:15:57,"ntc2_C",-8.73706824342918,1207567
16,2026-07-07 06:15:57,"testSB_C",-8.79590679928083,1210313
17,2026-07-07 06:15:57,"ntc1_C",-8.84651910294411,1217896
17,2026-07-07 06:15:57,"ntc2_C",-8.72842897135337,1211619
17,2026-07-07 06:15:57,"testSB_C",-8.84279606846508,1217110
18,2026-07-07 06:15:57,"ntc1_C",-8.80062505911832,1214620
18,2026-07-07 06:15:57,"ntc2_C",-8.75183257757436,1208980
18,2026-07-07 06:15:57,"testSB_C",-8.8123603272881,1211021
19,2026-07-07 06:15:57,"ntc1_C",-8.81709639180349,1214847
19,2026-07-07 06:15:57,"ntc2_C",-8.77655934596828,1210037
19,2026-07-07 06:15:57,"testSB_C",-8.78480545995575,1209208
20,2026-07-07 06:15:57,"ntc1_C",-8.83011551524658,1211998
20,2026-07-07 06:15:57,"ntc2_C",-8.79863252895626,1213341
20,2026-07-07 06:15:57,"testSB_C",-8.77999622947772,1213331
21,2026-07-07 06:15:57,"ntc1_C",-8.79630876481758,1211487
21,2026-07-07 06:15:57,"ntc2_C",-8.70094423630582,1208213
21,2026-07-07 06:15:57,"testSB_C",-8.76806162498002,1211174
22,2026-07-07 06:15:57,"ntc1_C",-8.78659890160213,1210824
22,2026-07-07 06:15:57,"ntc2_C",-8.75819376721654,1211393
22,2026-07-07 06:15:57,"testSB_C",-8.7604433817736,1212624
23,2026-07-07 06:15:57,"ntc1_C",-8.80225485432794,1214013
23,2026-07-07 06:15:57,"ntc2_C",-8.80426123624079,1213161
23,2026-07-07 06:15:57,"testSB_C",-8.78660104583565,1212347
24,2026-07-07 06:15:57,"ntc1_C",-8.83339380637807,1213174
24,2026-07-07 06:15:57,"ntc2_C",-8.79543056026995,1213263
1,2026-07-07 10:15:57,"ntc1_C",-6.63990179246218,1109800
1,2026-07-07 10:15:57,"ntc2_C",-6.68726842015303,1113147
1,2026-07-07 10:15:57,"testSB_C",-6.6877012425137,1111346
2,2026-07-07 10:15:57,"ntc1_C",-6.65596317846274,1110112
2,2026-07-07 10:15:57,"ntc2_C",-6.54014442189828,1104065
2,2026-07-07 10:15:57,"testSB_C",-6.65566749250075,1108386
3,2026-07-07 10:15:57,"ntc1_C",-6.68708652909015,1112618
3,2026-07-07 10:15:57,"ntc2_C",-6.55556859753102,1104742
3,2026-07-07 10:15:57,"testSB_C",-6.72471739686341,1113611
4,2026-07-07 10:15:57,"ntc1_C",-6.75524664414871,1113745
4,2026-07-07 10:15:57,"ntc2_C",-6.45692360834062,1102838
4,2026-07-07 10:15:57,"testSB_C",-6.5284545154729,1105312
5,2026-07-07 10:15:57,"ntc1_C",-6.46299385680015,1102761
5,2026-07-07 10:15:57,"ntc2_C",-6.71229046566418,1110735
5,2026-07-07 10:15:57,"testSB_C",-6.76119981873148,1117846
6,2026-07-07 10:15:57,"ntc1_C",-6.54734714267857,1106239
6,2026-07-07 10:15:57,"ntc2_C",-6.69280011706621,1112169
6,2026-07-07 10:15:57,"testSB_C",-6.70921914344638,1113570
7,2026-07-07 10:15:57,"ntc1_C",-6.78353385856076,1119181
7,2026-07-07 10:15:57,"ntc2_C",-6.66270953540879,1111029
7,2026-07-07 10:15:57,"testSB_C",-6.71229004625525,1113731
8,2026-07-07 10:15:57,"ntc1_C",-6.68498313760585,1110789
8,2026-07-07 10:15:57,"ntc2_C",-6.63049345899202,1110168
8,2026-07-07 10:15:57,"testSB_C",-6.77471589909356,1115045
9,2026-07-07 10:15:57,"ntc1_C",-6.7140025848596,1112167
9,2026-07-07 10:15:57,"ntc2_C",-6.71639770232002,1114771
9,2026-07-07 10:15:57,"testSB_C",-6.66967764305241,1110014
10,2026-07-07 10:15:57,"ntc1_C",-6.7354219179868,1116092
10,2026-07-07 10:15:57,"ntc2_C",-6.73950651390084,1114237
10,2026-07-07 10:15:57,"testSB_C",-6.73613717703176,1113897
11,2026-07-07 10:15:57,"ntc1_C",-6.70431018976024,1113596
11,2026-07-07 10:15:57,"ntc2_C",-6.63336466811495,1110379
11,2026-07-07 10:15:57,"testSB_C",-6.65253917649477,1110582
12,2026-07-07 10:15:57,"ntc1_C",-6.66626787604235,1112524
12,2026-07-07 10:15:57,"ntc2_C",-6.63629023104824,1107808
12,2026-07-07 10:15:57,"testSB_C",-6.81082320462269,1112380
13,2026-07-07 10:15:57,"ntc1_C",-6.54749834515758,1104811
13,2026-07-07 10:15:57,"ntc2_C",-6.49455137248265,1101345
13,2026-07-07 10:15:57,"testSB_C",-6.64302496727544,1107416
14,2026-07-07 10:15:57,"ntc1_C",-6.73141787782004,1115928
14,2026-07-07 10:15:57,"ntc2_C",-6.74704409254048,1114206
14,2026-07-07 10:15:57,"testSB_C",-6.61109207196881,1107519
15,2026-07-07 10:15:57,"ntc1_C",-6.6085619715808,1109790
15,2026-07-07 10:15:57,"ntc2_C",-6.58696897514125,1106024
15,2026-07-07 10:15:57,"testSB_C",-6.76964473144386,1112836
16,2026-07-07 10:15:57,"ntc1_C",-6.67393662078791,1113295
16,2026-07-07 10:15:57,"ntc2_C",-6.56134192198778,1105119
16,2026-07-07 10:15:57,"testSB_C",-6.65355648601383,1109258
17,2026-07-07 10:15:57,"ntc1_C",-6.80638224494209,1120763
17,2026-07-07 10:15:57,"ntc2_C",-6.5433421874535,1108363
17,2026-07-07 10:15:57,"testSB_C",-6.85860583024402,1122563
18,2026-07-07 10:15:57,"ntc1_C",-6.74286318118396,1116891
18,2026-07-07 10:15:57,"ntc2_C",-6.56422583993628,1105864
18,2026-07-07 10:15:57,"testSB_C",-6.62634314024615,1108115
19,2026-07-07 10:15:57,"ntc1_C",-6.77427986125389,1117816
19,2026-07-07 10:15:57,"ntc2_C",-6.62305718562641,1108379
19,2026-07-07 10:15:57,"testSB_C",-6.64116169004393,1108141
20,2026-07-07 10:15:57,"ntc1_C",-6.79626846426169,1115616
20,2026-07-07 10:15:57,"ntc2_C",-6.71354873984603,1114468
20,2026-07-07 10:15:57,"testSB_C",-6.68021250735347,1113804
21,2026-07-07 10:15:57,"ntc1_C",-6.7642169659207,1115151
21,2026-07-07 10:15:57,"ntc2_C",-6.52731526039935,1105784
21,2026-07-07 10:15:57,"testSB_C",-6.74370814059682,1115103
22,2026-07-07 10:15:57,"ntc1_C",-6.75098560258095,1114532
22,2026-07-07 10:15:57,"ntc2_C",-6.65019974383949,1111673
22,2026-07-07 10:15:57,"testSB_C",-6.65886262350659,1113084
23,2026-07-07 10:15:57,"ntc1_C",-6.73412807239561,1115852
23,2026-07-07 10:15:57,"ntc2_C",-6.69997281094993,1113365
23,2026-07-07 10:15:57,"testSB_C",-6.64149091874964,1110801
24,2026-07-07 10:15:57,"ntc1_C",-6.76779507952233,1115361
24,2026-07-07 10:15:57,"ntc2_C",-6.82246479018107,1119536
1,2026-07-07 14:15:57,"ntc1_C",-3.31356363092402,969527
1,2026-07-07 14:15:57,"ntc2_C",-3.41777961982342,974725
1,2026-07-07 14:15:57,"testSB_C",-3.42446522232933,973211
2,2026-07-07 14:15:57,"ntc1_C",-3.55490075311292,978679
2,2026-07-07 14:15:57,"ntc2_C",-3.24465994558432,965756
2,2026-07-07 14:15:57,"testSB_C",-3.48030107166608,974239
3,2026-07-07 14:15:57,"ntc1_C",-3.39131093201706,973202
3,2026-07-07 14:15:57,"ntc2_C",-3.25449856837253,966079
3,2026-07-07 14:15:57,"testSB_C",-3.50834747589391,977159
4,2026-07-07 14:15:57,"ntc1_C",-3.56135760741461,978244
4,2026-07-07 14:15:57,"ntc2_C",-3.19714519820599,966071
4,2026-07-07 14:15:57,"testSB_C",-3.43489161861032,974759
5,2026-07-07 14:15:57,"ntc1_C",-3.20391910055287,966118
5,2026-07-07 14:15:57,"ntc2_C",-3.40434927281717,971037
5,2026-07-07 14:15:57,"testSB_C",-3.54319995046319,980806
6,2026-07-07 14:15:57,"ntc1_C",-3.68687138212249,984932
6,2026-07-07 14:15:57,"ntc2_C",-3.53982270374604,978419
6,2026-07-07 14:15:57,"testSB_C",-3.56536543709132,980001
7,2026-07-07 14:15:57,"ntc1_C",-3.67473921077709,986352
7,2026-07-07 14:15:57,"ntc2_C",-3.56170771130337,979440
7,2026-07-07 14:15:57,"testSB_C",-3.69435679171733,985135
8,2026-07-07 14:15:57,"ntc1_C",-3.60063835899814,979926
8,2026-07-07 14:15:57,"ntc2_C",-3.60574233296302,981781
8,2026-07-07 14:15:57,"testSB_C",-3.79979560142772,988074
9,2026-07-07 14:15:57,"ntc1_C",-3.71177772488818,984535
9,2026-07-07 14:15:57,"ntc2_C",-3.76515102314636,988824
9,2026-07-07 14:15:57,"testSB_C",-3.76908239537397,986563
10,2026-07-07 14:15:57,"ntc1_C",-3.64756234810199,984482
10,2026-07-07 14:15:57,"ntc2_C",-3.72282527111474,985671
10,2026-07-07 14:15:57,"testSB_C",-3.54080246139443,978267
11,2026-07-07 14:15:57,"ntc1_C",-3.62795640107595,982808
11,2026-07-07 14:15:57,"ntc2_C",-3.46578153904159,976311
11,2026-07-07 14:15:57,"testSB_C",-3.71032407774896,985421
12,2026-07-07 14:15:57,"ntc1_C",-3.69939557897482,986202
12,2026-07-07 14:15:57,"ntc2_C",-3.63764875771614,980691
12,2026-07-07 14:15:57,"testSB_C",-3.92711066075958,989714
13,2026-07-07 14:15:57,"ntc1_C",-3.70872276140949,984541
13,2026-07-07 14:15:57,"ntc2_C",-3.71189093129709,983581
13,2026-07-07 14:15:57,"testSB_C",-3.69721196793205,982479
14,2026-07-07 14:15:57,"ntc1_C",-3.79941522844723,990604
14,2026-07-07 14:15:57,"ntc2_C",-3.77076313666413,987274
14,2026-07-07 14:15:57,"testSB_C",-3.65601290009289,981998
15,2026-07-07 14:15:57,"ntc1_C",-3.80147243083258,990137
15,2026-07-07 14:15:57,"ntc2_C",-3.7062722929129,983804
15,2026-07-07 14:15:57,"testSB_C",-3.85722871182696,988722
16,2026-07-07 14:15:57,"ntc1_C",-3.87213261626715,993445
16,2026-07-07 14:15:57,"ntc2_C",-3.72931959310864,985014
16,2026-07-07 14:15:57,"testSB_C",-3.85863539403914,990181
17,2026-07-07 14:15:57,"ntc1_C",-3.87691009095772,995014
17,2026-07-07 14:15:57,"ntc2_C",-3.68092885666721,986636
17,2026-07-07 14:15:57,"testSB_C",-3.70802606829903,987662
18,2026-07-07 14:15:57,"ntc1_C",-3.94026111584645,996630
18,2026-07-07 14:15:57,"ntc2_C",-3.83186752309024,989658
18,2026-07-07 14:15:57,"testSB_C",-3.94275410382016,993897
19,2026-07-07 14:15:57,"ntc1_C",-3.95074877236755,996651
19,2026-07-07 14:15:57,"ntc2_C",-3.97134753802425,995161
19,2026-07-07 14:15:57,"testSB_C",-3.87773652247927,990410
20,2026-07-07 14:15:57,"ntc1_C",-4.02342564028584,996749
20,2026-07-07 14:15:57,"ntc2_C",-3.65195972125224,984076
20,2026-07-07 14:15:57,"testSB_C",-4.03864492438441,1000404
21,2026-07-07 14:15:57,"ntc1_C",-4.00188774453244,996674
21,2026-07-07 14:15:57,"ntc2_C",-3.81375327500422,990329
21,2026-07-07 14:15:57,"testSB_C",-3.90381174935379,993260
22,2026-07-07 14:15:57,"ntc1_C",-3.80849620122211,989038
22,2026-07-07 14:15:57,"ntc2_C",-4.0120775835365,998652
22,2026-07-07 14:15:57,"testSB_C",-3.85289633854586,993124
23,2026-07-07 14:15:57,"ntc1_C",-4.2394671637191,1008202
23,2026-07-07 14:15:57,"ntc2_C",-3.81468589617725,990066
23,2026-07-07 14:15:57,"testSB_C",-3.82876795414262,990750
24,2026-07-07 14:15:57,"ntc1_C",-4.03622856021332,998285
24,2026-07-07 14:15:57,"ntc2_C",-4.02369571112285,999167
1,2026-07-07 18:15:57,"ntc1_C",-2.71422550650755,946279
1,2026-07-07 18:15:57,"ntc2_C",-2.83487007609097,951987
1,2026-07-07 18:15:57,"testSB_C",-2.93683095863787,954153
2,2026-07-07 18:15:57,"ntc1_C",-3.06796333159178,959557
2,2026-07-07 18:15:57,"ntc2_C",-2.77748022647694,947658
2,2026-07-07 18:15:57,"testSB_C",-3.02427868142553,956406
3,2026-07-07 18:15:57,"ntc1_C",-2.94623922112555,955815
3,2026-07-07 18:15:57,"ntc2_C",-2.82532766817786,949428
3,2026-07-07 18:15:57,"testSB_C",-3.09479527436537,960918
4,2026-07-07 18:15:57,"ntc1_C",-3.15001128826867,962082
4,2026-07-07 18:15:57,"ntc2_C",-2.74326435472506,948476
4,2026-07-07 18:15:57,"testSB_C",-2.99394041402985,957498
5,2026-07-07 18:15:57,"ntc1_C",-2.8616745883964,952827
5,2026-07-07 18:15:57,"ntc2_C",-3.00500391802308,955452
5,2026-07-07 18:15:57,"testSB_C",-3.12461894364856,964307
6,2026-07-07 18:15:57,"ntc1_C",-3.18196164974677,964996
6,2026-07-07 18:15:57,"ntc2_C",-3.07531518569937,960173
6,2026-07-07 18:15:57,"testSB_C",-3.12234601262281,962561
7,2026-07-07 18:15:57,"ntc1_C",-3.22064555825739,968364
7,2026-07-07 18:15:57,"ntc2_C",-3.12060208066674,962080
7,2026-07-07 18:15:57,"testSB_C",-3.26261464304639,968037
8,2026-07-07 18:15:57,"ntc1_C",-3.14861968762722,962137
8,2026-07-07 18:15:57,"ntc2_C",-3.17955813503164,964970
8,2026-07-07 18:15:57,"testSB_C",-3.36033097340442,970629
9,2026-07-07 18:15:57,"ntc1_C",-3.26140398164341,966737
9,2026-07-07 18:15:57,"ntc2_C",-3.32850873449712,971483
9,2026-07-07 18:15:57,"testSB_C",-3.32782077624535,969070
10,2026-07-07 18:15:57,"ntc1_C",-3.21390439116681,967332
10,2026-07-07 18:15:57,"ntc2_C",-3.27954663060672,968118
10,2026-07-07 18:15:57,"testSB_C",-3.14150667223851,962566
11,2026-07-07 18:15:57,"ntc1_C",-3.16718221872151,964639
11,2026-07-07 18:15:57,"ntc2_C",-3.02173194707933,958906
11,2026-07-07 18:15:57,"testSB_C",-3.24581185142,967040
12,2026-07-07 18:15:57,"ntc1_C",-3.26305549388536,968920
12,2026-07-07 18:15:57,"ntc2_C",-3.18885871128413,963011
12,2026-07-07 18:15:57,"testSB_C",-3.46693764186898,971477
13,2026-07-07 18:15:57,"ntc1_C",-3.18636877879788,963932
13,2026-07-07 18:15:57,"ntc2_C",-3.25811428983712,965653
13,2026-07-07 18:15:57,"testSB_C",-3.21009202042092,963273
14,2026-07-07 18:15:57,"ntc1_C",-3.30779106702641,971061
14,2026-07-07 18:15:57,"ntc2_C",-3.29383335877412,968373
14,2026-07-07 18:15:57,"testSB_C",-3.17438230185275,962975
15,2026-07-07 18:15:57,"ntc1_C",-3.28117177475406,969471
15,2026-07-07 18:15:57,"ntc2_C",-3.261779806991,966232
15,2026-07-07 18:15:57,"testSB_C",-3.44746457784925,972426
16,2026-07-07 18:15:57,"ntc1_C",-3.39922158302204,974574
16,2026-07-07 18:15:57,"ntc2_C",-3.2620434829085,966538
16,2026-07-07 18:15:57,"testSB_C",-3.41266220026932,972428
17,2026-07-07 18:15:57,"ntc1_C",-3.39121378020496,975623
17,2026-07-07 18:15:57,"ntc2_C",-3.18191055546521,966877
17,2026-07-07 18:15:57,"testSB_C",-3.44813801955883,977312
18,2026-07-07 18:15:57,"ntc1_C",-3.43651740121362,976479
18,2026-07-07 18:15:57,"ntc2_C",-3.34449694153034,970300
18,2026-07-07 18:15:57,"testSB_C",-3.4537107513006,974425
19,2026-07-07 18:15:57,"ntc1_C",-3.49741367734373,978504
19,2026-07-07 18:15:57,"ntc2_C",-3.34097628503429,970056
19,2026-07-07 18:15:57,"testSB_C",-3.45076765882374,973398
20,2026-07-07 18:15:57,"ntc1_C",-3.52450294604773,976795
20,2026-07-07 18:15:57,"ntc2_C",-3.1977050415768,966123
20,2026-07-07 18:15:57,"testSB_C",-3.47802151545756,977917
21,2026-07-07 18:15:57,"ntc1_C",-3.33264712173514,969986
21,2026-07-07 18:15:57,"ntc2_C",-3.34719144629815,971774
21,2026-07-07 18:15:57,"testSB_C",-3.36656859526329,971795
22,2026-07-07 18:15:57,"ntc1_C",-3.48657068062147,976226
22,2026-07-07 18:15:57,"ntc2_C",-3.5243233753252,979096
22,2026-07-07 18:15:57,"testSB_C",-3.45530864781404,977244
23,2026-07-07 18:15:57,"ntc1_C",-3.6988017711231,986323
23,2026-07-07 18:15:57,"ntc2_C",-3.55857087778128,979828
23,2026-07-07 18:15:57,"testSB_C",-3.57482379454922,980595
24,2026-07-07 18:15:57,"ntc1_C",-3.56406615943348,979372
24,2026-07-07 18:15:57,"ntc2_C",-3.53214996481216,979451
1,2026-07-07 22:15:57,"ntc1_C",-4.19859627541962,1004952
1,2026-07-07 22:15:57,"ntc2_C",-4.27088504171854,1009028
1,2026-07-07 22:15:57,"testSB_C",-4.31585265853028,1009080
2,2026-07-07 22:15:57,"ntc1_C",-4.32573159958844,1009765
2,2026-07-07 22:15:57,"ntc2_C",-4.21893155363142,1004667
2,2026-07-07 22:15:57,"testSB_C",-4.36279012896432,1009740
3,2026-07-07 22:15:57,"ntc1_C",-4.33038415685468,1010977
3,2026-07-07 22:15:57,"ntc2_C",-4.26811690333415,1006625
3,2026-07-07 22:15:57,"testSB_C",-4.3926874993183,1012855
4,2026-07-07 22:15:57,"ntc1_C",-4.42767474484486,1013215
4,2026-07-07 22:15:57,"ntc2_C",-4.19248016610146,1005858
4,2026-07-07 22:15:57,"testSB_C",-4.3497991564343,1011615
5,2026-07-07 22:15:57,"ntc1_C",-4.26176316411073,1008434
5,2026-07-07 22:15:57,"ntc2_C",-4.36599463509168,1009663
5,2026-07-07 22:15:57,"testSB_C",-4.39408528145634,1015257
6,2026-07-07 22:15:57,"ntc1_C",-4.42379723318589,1014802
6,2026-07-07 22:15:57,"ntc2_C",-4.36093985845775,1011561
6,2026-07-07 22:15:57,"testSB_C",-4.39094194683594,1013384
7,2026-07-07 22:15:57,"ntc1_C",-4.45948628761562,1018262
7,2026-07-07 22:15:57,"ntc2_C",-4.37704909330404,1012392
7,2026-07-07 22:15:57,"testSB_C",-4.47673126975104,1016923
8,2026-07-07 22:15:57,"ntc1_C",-4.3936988080485,1011969
8,2026-07-07 22:15:57,"ntc2_C",-4.41909319457585,1014715
8,2026-07-07 22:15:57,"testSB_C",-4.51152996855598,1017022
9,2026-07-07 22:15:57,"ntc1_C",-4.44594438467453,1014280
9,2026-07-07 22:15:57,"ntc2_C",-4.4937874448978,1018482
9,2026-07-07 22:15:57,"testSB_C",-4.50456587723073,1016454
10,2026-07-07 22:15:57,"ntc1_C",-4.44536553919102,1016865
10,2026-07-07 22:15:57,"ntc2_C",-4.493041831781,1016962
10,2026-07-07 22:15:57,"testSB_C",-4.40617131663066,1013217
11,2026-07-07 22:15:57,"ntc1_C",-4.43414690141572,1015461
11,2026-07-07 22:15:57,"ntc2_C",-4.36687077466013,1012649
11,2026-07-07 22:15:57,"testSB_C",-4.45705068983091,1015735
12,2026-07-07 22:15:57,"ntc1_C",-4.45644321884339,1016952
12,2026-07-07 22:15:57,"ntc2_C",-4.39871604991328,1011450
12,2026-07-07 22:15:57,"testSB_C",-4.58423357255089,1016376
13,2026-07-07 22:15:57,"ntc1_C",-4.39706810792717,1012401
13,2026-07-07 22:15:57,"ntc2_C",-4.43978048457984,1013066
13,2026-07-07 22:15:57,"testSB_C",-4.44888918965898,1012902
14,2026-07-07 22:15:57,"ntc1_C",-4.50603683971497,1019412
14,2026-07-07 22:15:57,"ntc2_C",-4.47731578570165,1015984
14,2026-07-07 22:15:57,"testSB_C",-4.41978813280718,1012966
15,2026-07-07 22:15:57,"ntc1_C",-4.45115340787822,1016587
15,2026-07-07 22:15:57,"ntc2_C",-4.41477793938708,1012504
15,2026-07-07 22:15:57,"testSB_C",-4.57526533754498,1017952
16,2026-07-07 22:15:57,"ntc1_C",-4.55208010891135,1021246
16,2026-07-07 22:15:57,"ntc2_C",-4.43671683000395,1013687
16,2026-07-07 22:15:57,"testSB_C",-4.54299326994555,1018073
17,2026-07-07 22:15:57,"ntc1_C",-4.52171834562614,1021379
17,2026-07-07 22:15:57,"ntc2_C",-4.37971725293636,1015014
17,2026-07-07 22:15:57,"testSB_C",-4.5554681496057,1022210
18,2026-07-07 22:15:57,"ntc1_C",-4.52575810181088,1020596
18,2026-07-07 22:15:57,"ntc2_C",-4.4804080680355,1016043
18,2026-07-07 22:15:57,"testSB_C",-4.56686399979202,1019332
19,2026-07-07 22:15:57,"ntc1_C",-4.55820694200492,1021518
19,2026-07-07 22:15:57,"ntc2_C",-4.46158614539945,1015152
19,2026-07-07 22:15:57,"testSB_C",-4.55830940415871,1018161
20,2026-07-07 22:15:57,"ntc1_C",-4.58843458867568,1019859
20,2026-07-07 22:15:57,"ntc2_C",-4.43923410963117,1016018
20,2026-07-07 22:15:57,"testSB_C",-4.56398504473304,1021964
21,2026-07-07 22:15:57,"ntc1_C",-4.45807640593966,1015303
21,2026-07-07 22:15:57,"ntc2_C",-4.48535047824208,1017688
21,2026-07-07 22:15:57,"testSB_C",-4.54812468086658,1019649
22,2026-07-07 22:15:57,"ntc1_C",-4.60112452164412,1021333
22,2026-07-07 22:15:57,"ntc2_C",-4.60096038843238,1022805
22,2026-07-07 22:15:57,"testSB_C",-4.57758761409372,1022763
23,2026-07-07 22:15:57,"ntc1_C",-4.69131381232535,1026873
23,2026-07-07 22:15:57,"ntc2_C",-4.60673824057432,1022437
23,2026-07-07 22:15:57,"testSB_C",-4.58264630959201,1021546
24,2026-07-07 22:15:57,"ntc1_C",-4.59009147917936,1020954
24,2026-07-07 22:15:57,"ntc2_C",-4.54032087770298,1020334
1,2026-07-08 02:15:57,"ntc1_C",-6.97246275062105,1124932
1,2026-07-08 02:15:57,"ntc2_C",-7.00809207430154,1127781
1,2026-07-08 02:15:57,"testSB_C",-6.98824517450686,1125046
2,2026-07-08 02:15:57,"ntc1_C",-7.00571673456966,1126038
2,2026-07-08 02:15:57,"ntc2_C",-6.98558101642493,1124271
2,2026-07-08 02:15:57,"testSB_C",-6.98890961828499,1123529
3,2026-07-08 02:15:57,"ntc1_C",-6.96959637965801,1125490
3,2026-07-08 02:15:57,"ntc2_C",-6.95885610795358,1123038
3,2026-07-08 02:15:57,"testSB_C",-6.96804865445728,1124703
4,2026-07-08 02:15:57,"ntc1_C",-6.96416661402202,1123258
4,2026-07-08 02:15:57,"ntc2_C",-6.96328723096036,1125814
4,2026-07-08 02:15:57,"testSB_C",-6.96187256473718,1124995
5,2026-07-08 02:15:57,"ntc1_C",-6.93092705687286,1123959
5,2026-07-08 02:15:57,"ntc2_C",-6.96398878430608,1122180
5,2026-07-08 02:15:57,"testSB_C",-6.9532643876741,1126625
6,2026-07-08 02:15:57,"ntc1_C",-6.95613548653722,1124794
6,2026-07-08 02:15:57,"ntc2_C",-6.95825316814256,1124258
6,2026-07-08 02:15:57,"testSB_C",-6.92963083869984,1123612
7,2026-07-08 02:15:57,"ntc1_C",-6.9227304925538,1125543
7,2026-07-08 02:15:57,"ntc2_C",-6.94440425244602,1123853
7,2026-07-08 02:15:57,"testSB_C",-6.94183757620698,1124194
8,2026-07-08 02:15:57,"ntc1_C",-6.9031300040399,1120702
8,2026-07-08 02:15:57,"ntc2_C",-6.93049160979479,1123812
8,2026-07-08 02:15:57,"testSB_C",-6.93814815764671,1122490
9,2026-07-08 02:15:57,"ntc1_C",-6.93408441179292,1122168
9,2026-07-08 02:15:57,"ntc2_C",-6.92755660581219,1124394
9,2026-07-08 02:15:57,"testSB_C",-6.89778454158096,1120375
10,2026-07-08 02:15:57,"ntc1_C",-6.84508639070901,1121087
10,2026-07-08 02:15:57,"ntc2_C",-6.87409815365265,1120361
10,2026-07-08 02:15:57,"testSB_C",-6.85206788548339,1119168
11,2026-07-08 02:15:57,"ntc1_C",-6.8618633674281,1120760
11,2026-07-08 02:15:57,"ntc2_C",-6.89120958161527,1122097
11,2026-07-08 02:15:57,"testSB_C",-6.89307607868221,1121514
12,2026-07-08 02:15:57,"ntc1_C",-6.89957671545778,1123141
12,2026-07-08 02:15:57,"ntc2_C",-6.8936220229088,1119481
12,2026-07-08 02:15:57,"testSB_C",-6.94346442908329,1118386
13,2026-07-08 02:15:57,"ntc1_C",-6.90841459748151,1121152
13,2026-07-08 02:15:57,"ntc2_C",-6.89428620645867,1119421
13,2026-07-08 02:15:57,"testSB_C",-6.90523561378546,1119304
14,2026-07-08 02:15:57,"ntc1_C",-6.8895436920431,1123134
14,2026-07-08 02:15:57,"ntc2_C",-6.87029370764452,1119812
14,2026-07-08 02:15:57,"testSB_C",-6.86717281726465,1119144
15,2026-07-08 02:15:57,"ntc1_C",-6.89223253590205,1122684
15,2026-07-08 02:15:57,"ntc2_C",-6.87545847944853,1119098
15,2026-07-08 02:15:57,"testSB_C",-6.91657415360498,1119500
16,2026-07-08 02:15:57,"ntc1_C",-6.88720857463733,1123008
16,2026-07-08 02:15:57,"ntc2_C",-6.87083825455363,1119131
16,2026-07-08 02:15:57,"testSB_C",-6.9249939787573,1121574
17,2026-07-08 02:15:57,"ntc1_C",-6.88143545594102,1124192
17,2026-07-08 02:15:57,"ntc2_C",-6.88063766689481,1123694
17,2026-07-08 02:15:57,"testSB_C",-6.89791042508568,1124361
18,2026-07-08 02:15:57,"ntc1_C",-6.88045092293981,1123167
18,2026-07-08 02:15:57,"ntc2_C",-6.89680014265048,1120940
18,2026-07-08 02:15:57,"testSB_C",-6.93406545452075,1122045
19,2026-07-08 02:15:57,"ntc1_C",-6.84986768838093,1121261
19,2026-07-08 02:15:57,"ntc2_C",-6.85060153832944,1118694
19,2026-07-08 02:15:57,"testSB_C",-6.87792804967853,1118870
20,2026-07-08 02:15:57,"ntc1_C",-6.88573090309205,1119686
20,2026-07-08 02:15:57,"ntc2_C",-6.87717904916389,1121920
20,2026-07-08 02:15:57,"testSB_C",-6.86858675964362,1122381
21,2026-07-08 02:15:57,"ntc1_C",-6.85891014249194,1119461
21,2026-07-08 02:15:57,"ntc2_C",-6.87289010395523,1121454
21,2026-07-08 02:15:57,"testSB_C",-6.85029757747321,1119963
22,2026-07-08 02:15:57,"ntc1_C",-6.87330923415942,1120091
22,2026-07-08 02:15:57,"ntc2_C",-6.881291066421,1122182
22,2026-07-08 02:15:57,"testSB_C",-6.86943656768636,1122669
23,2026-07-08 02:15:57,"ntc1_C",-6.90673706393579,1123725
23,2026-07-08 02:15:57,"ntc2_C",-6.87082596435368,1121145
23,2026-07-08 02:15:57,"testSB_C",-6.86391706709935,1120913
24,2026-07-08 02:15:57,"ntc1_C",-6.84935097386682,1119066
24,2026-07-08 02:15:57,"ntc2_C",-6.77993001670035,1117599
1,2026-07-08 06:15:57,"ntc1_C",-11.8593859613154,1373169
1,2026-07-08 06:15:57,"ntc2_C",-11.9231342298157,1378124
1,2026-07-08 06:15:57,"testSB_C",-11.8672696652798,1373124
2,2026-07-08 06:15:57,"ntc1_C",-11.8859771485691,1374164
2,2026-07-08 06:15:57,"ntc2_C",-11.8928512977325,1373458
2,2026-07-08 06:15:57,"testSB_C",-11.875539522133,1371421
3,2026-07-08 06:15:57,"ntc1_C",-11.8537028085345,1373624
3,2026-07-08 06:15:57,"ntc2_C",-11.8859708852539,1373156
3,2026-07-08 06:15:57,"testSB_C",-11.8646024689969,1373456
4,2026-07-08 06:15:57,"ntc1_C",-11.8580056381098,1371437
4,2026-07-08 06:15:57,"ntc2_C",-11.8660256791819,1375141
4,2026-07-08 06:15:57,"testSB_C",-11.7993794845374,1370499
5,2026-07-08 06:15:57,"ntc1_C",-11.8675814028576,1374553
5,2026-07-08 06:15:57,"ntc2_C",-11.8709218800368,1370952
5,2026-07-08 06:15:57,"testSB_C",-11.8290288720418,1374618
6,2026-07-08 06:15:57,"ntc1_C",-11.7901510556898,1369810
6,2026-07-08 06:15:57,"ntc2_C",-11.8274607333515,1371354
6,2026-07-08 06:15:57,"testSB_C",-11.8089208822487,1371153
7,2026-07-08 06:15:57,"ntc1_C",-11.7852085847533,1372489
7,2026-07-08 06:15:57,"ntc2_C",-11.8146240820893,1371012
7,2026-07-08 06:15:57,"testSB_C",-11.8093743288597,1371203
8,2026-07-08 06:15:57,"ntc1_C",-11.7675607512816,1366766
8,2026-07-08 06:15:57,"ntc2_C",-11.7824389938275,1369784
8,2026-07-08 06:15:57,"testSB_C",-11.7828797705509,1367764
9,2026-07-08 06:15:57,"ntc1_C",-11.750702154893,1365439
9,2026-07-08 06:15:57,"ntc2_C",-11.7488670040129,1368694
9,2026-07-08 06:15:57,"testSB_C",-11.7228008251622,1364196
10,2026-07-08 06:15:57,"ntc1_C",-11.7335627427482,1368513
10,2026-07-08 06:15:57,"ntc2_C",-11.7121411578782,1364840
10,2026-07-08 06:15:57,"testSB_C",-11.7078674961837,1364368
11,2026-07-08 06:15:57,"ntc1_C",-11.6907620176528,1364698
11,2026-07-08 06:15:57,"ntc2_C",-11.7388092023176,1367440
11,2026-07-08 06:15:57,"testSB_C",-11.6726500225126,1362991
12,2026-07-08 06:15:57,"ntc1_C",-11.7343922264838,1367980
12,2026-07-08 06:15:57,"ntc2_C",-11.7094416937259,1362623
12,2026-07-08 06:15:57,"testSB_C",-11.7111017195247,1357695
13,2026-07-08 06:15:57,"ntc1_C",-11.6162442452273,1358276
13,2026-07-08 06:15:57,"ntc2_C",-11.6802956519203,1360861
13,2026-07-08 06:15:57,"testSB_C",-11.6084600023765,1356083
14,2026-07-08 06:15:57,"ntc1_C",-11.6335091433336,1362805
14,2026-07-08 06:15:57,"ntc2_C",-11.5989466877268,1358084
14,2026-07-08 06:15:57,"testSB_C",-11.54389417717,1354605
15,2026-07-08 06:15:57,"ntc1_C",-11.5709831121871,1358799
15,2026-07-08 06:15:57,"ntc2_C",-11.5945998785384,1356795
15,2026-07-08 06:15:57,"testSB_C",-11.6069599885024,1354612
16,2026-07-08 06:15:57,"ntc1_C",-11.5327316368449,1357399
16,2026-07-08 06:15:57,"ntc2_C",-11.5872701829331,1356535
16,2026-07-08 06:15:57,"testSB_C",-11.5838879216111,1355802
17,2026-07-08 06:15:57,"ntc1_C",-11.5190896098314,1358194
17,2026-07-08 06:15:57,"ntc2_C",-11.5586481479672,1360035
17,2026-07-08 06:15:57,"testSB_C",-11.5124108290099,1357203
18,2026-07-08 06:15:57,"ntc1_C",-11.4936243688895,1355772
18,2026-07-08 06:15:57,"ntc2_C",-11.53015187391,1354165
18,2026-07-08 06:15:57,"testSB_C",-11.5148260739365,1351682
19,2026-07-08 06:15:57,"ntc1_C",-11.4677938644737,1353628
19,2026-07-08 06:15:57,"ntc2_C",-11.5341787591047,1354183
19,2026-07-08 06:15:57,"testSB_C",-11.5188091846009,1351676
20,2026-07-08 06:15:57,"ntc1_C",-11.4965088383329,1351285
20,2026-07-08 06:15:57,"ntc2_C",-11.5034374923553,1355010
20,2026-07-08 06:15:57,"testSB_C",-11.4693256127496,1354123
21,2026-07-08 06:15:57,"ntc1_C",-11.4322595264214,1349169
21,2026-07-08 06:15:57,"ntc2_C",-11.4697968502121,1352792
21,2026-07-08 06:15:57,"testSB_C",-11.4108944702497,1349264
22,2026-07-08 06:15:57,"ntc1_C",-11.3839907132937,1346050
22,2026-07-08 06:15:57,"ntc2_C",-11.3677367745621,1347532
22,2026-07-08 06:15:57,"testSB_C",-11.338392048127,1347176
23,2026-07-08 06:15:57,"ntc1_C",-11.3433997586638,1346717
23,2026-07-08 06:15:57,"ntc2_C",-11.31129993761,1343993
23,2026-07-08 06:15:57,"testSB_C",-11.2791207786534,1342255
24,2026-07-08 06:15:57,"ntc1_C",-11.2768186119661,1340164
24,2026-07-08 06:15:57,"ntc2_C",-11.2640143952589,1341844
1,2026-07-08 10:15:57,"ntc1_C",-8.48299376751044,1196370
1,2026-07-08 10:15:57,"ntc2_C",-8.66900135867957,1206752
1,2026-07-08 10:15:57,"testSB_C",-8.56684911557704,1199896
2,2026-07-08 10:15:57,"ntc1_C",-8.62194851681483,1202728
2,2026-07-08 10:15:57,"ntc2_C",-8.64801527496792,1203087
2,2026-07-08 10:15:57,"testSB_C",-8.65217744256194,1202340
3,2026-07-08 10:15:57,"ntc1_C",-8.60085186509065,1202855
3,2026-07-08 10:15:57,"ntc2_C",-8.66240287803595,1203812
3,2026-07-08 10:15:57,"testSB_C",-8.65437527822212,1204745
4,2026-07-08 10:15:57,"ntc1_C",-8.66018005716364,1203634
4,2026-07-08 10:15:57,"ntc2_C",-8.6890246877706,1207868
4,2026-07-08 10:15:57,"testSB_C",-8.58075025276156,1201744
5,2026-07-08 10:15:57,"ntc1_C",-8.67995595670305,1206956
5,2026-07-08 10:15:57,"ntc2_C",-8.79720344608683,1209264
5,2026-07-08 10:15:57,"testSB_C",-8.70001854006586,1209778
6,2026-07-08 10:15:57,"ntc1_C",-8.62396887130132,1203860
6,2026-07-08 10:15:57,"ntc2_C",-8.72454963759759,1208196
6,2026-07-08 10:15:57,"testSB_C",-8.68050497404664,1206748
7,2026-07-08 10:15:57,"ntc1_C",-8.65394546766794,1207831
7,2026-07-08 10:15:57,"ntc2_C",-8.71168374047073,1207839
7,2026-07-08 10:15:57,"testSB_C",-8.74262917980019,1209841
8,2026-07-08 10:15:57,"ntc1_C",-8.67160698955979,1204484
8,2026-07-08 10:15:57,"ntc2_C",-8.80086219467177,1212835
8,2026-07-08 10:15:57,"testSB_C",-8.81577108375512,1211763
9,2026-07-08 10:15:57,"ntc1_C",-8.72889132019679,1207230
9,2026-07-08 10:15:57,"ntc2_C",-8.7693334085626,1212018
9,2026-07-08 10:15:57,"testSB_C",-8.72652444944782,1207103
10,2026-07-08 10:15:57,"ntc1_C",-8.70218402652,1209238
10,2026-07-08 10:15:57,"ntc2_C",-8.73484286891681,1208645
10,2026-07-08 10:15:57,"testSB_C",-8.71968978485023,1207692
11,2026-07-08 10:15:57,"ntc1_C",-8.67207688858326,1206542
11,2026-07-08 10:15:57,"ntc2_C",-8.75311937016568,1210559
11,2026-07-08 10:15:57,"testSB_C",-8.66289517239858,1205412
12,2026-07-08 10:15:57,"ntc1_C",-8.81501941636742,1214325
12,2026-07-08 10:15:57,"ntc2_C",-8.8207772564237,1211002
12,2026-07-08 10:15:57,"testSB_C",-8.8175687446581,1206883
13,2026-07-08 10:15:57,"ntc1_C",-8.70914342045552,1206453
13,2026-07-08 10:15:57,"ntc2_C",-8.82957904856443,1211329
13,2026-07-08 10:15:57,"testSB_C",-8.75120986009404,1206781
14,2026-07-08 10:15:57,"ntc1_C",-8.75505056709574,1211825
14,2026-07-08 10:15:57,"ntc2_C",-8.72907333067621,1207950
14,2026-07-08 10:15:57,"testSB_C",-8.72504837059608,1207290
15,2026-07-08 10:15:57,"ntc1_C",-8.75385520265598,1211195
15,2026-07-08 10:15:57,"ntc2_C",-8.78594387860517,1209768
15,2026-07-08 10:15:57,"testSB_C",-8.79750473255842,1208443
16,2026-07-08 10:15:57,"ntc1_C",-8.75029950565988,1211635
16,2026-07-08 10:15:57,"ntc2_C",-8.80493100022261,1210914
16,2026-07-08 10:15:57,"testSB_C",-8.86070050361883,1213510
17,2026-07-08 10:15:57,"ntc1_C",-8.74385874036045,1212809
17,2026-07-08 10:15:57,"ntc2_C",-8.79408130273504,1214869
17,2026-07-08 10:15:57,"testSB_C",-8.77550013205183,1213774
18,2026-07-08 10:15:57,"ntc1_C",-8.72888030071761,1211070
18,2026-07-08 10:15:57,"ntc2_C",-8.82551027371244,1212619
18,2026-07-08 10:15:57,"testSB_C",-8.77403785241779,1209136
19,2026-07-08 10:15:57,"ntc1_C",-8.77493593880598,1212760
19,2026-07-08 10:15:57,"ntc2_C",-8.84812113658165,1213574
19,2026-07-08 10:15:57,"testSB_C",-8.83639895739606,1211752
20,2026-07-08 10:15:57,"ntc1_C",-8.75703800363112,1208392
20,2026-07-08 10:15:57,"ntc2_C",-8.80444929215759,1213629
20,2026-07-08 10:15:57,"testSB_C",-8.71473527267784,1210105
21,2026-07-08 10:15:57,"ntc1_C",-8.61629009690813,1202620
21,2026-07-08 10:15:57,"ntc2_C",-8.73279741059491,1209784
21,2026-07-08 10:15:57,"testSB_C",-8.68216142540922,1206932
22,2026-07-08 10:15:57,"ntc1_C",-8.73779507186521,1208419
22,2026-07-08 10:15:57,"ntc2_C",-8.87599947163437,1217228
22,2026-07-08 10:15:57,"testSB_C",-8.94150736291516,1221614
23,2026-07-08 10:15:57,"ntc1_C",-9.01707322555956,1224701
23,2026-07-08 10:15:57,"ntc2_C",-8.98504387651315,1222149
23,2026-07-08 10:15:57,"testSB_C",-8.98400300430177,1222155
24,2026-07-08 10:15:57,"ntc1_C",-8.94840864622154,1218870
24,2026-07-08 10:15:57,"ntc2_C",-9.00775429034525,1223815
1,2026-07-08 14:15:57,"ntc1_C",-3.90484494074826,993047
1,2026-07-08 14:15:57,"ntc2_C",-4.32688039041005,1011323
1,2026-07-08 14:15:57,"testSB_C",-4.16714749818755,1003002
2,2026-07-08 14:15:57,"ntc1_C",-4.30622968099703,1008966
2,2026-07-08 14:15:57,"ntc2_C",-4.27731655548098,1007050
2,2026-07-08 14:15:57,"testSB_C",-4.42259507035533,1012194
3,2026-07-08 14:15:57,"ntc1_C",-4.26876015570525,1008452
3,2026-07-08 14:15:57,"ntc2_C",-4.39189147403255,1011696
3,2026-07-08 14:15:57,"testSB_C",-4.48435906426505,1016632
4,2026-07-08 14:15:57,"ntc1_C",-4.4797943894801,1015360
4,2026-07-08 14:15:57,"ntc2_C",-4.44156507455023,1016079
4,2026-07-08 14:15:57,"testSB_C",-4.27013556974094,1008349
5,2026-07-08 14:15:57,"ntc1_C",-4.38851302762714,1013632
5,2026-07-08 14:15:57,"ntc2_C",-4.68773669421682,1022940
5,2026-07-08 14:15:57,"testSB_C",-4.47011753041545,1018396
6,2026-07-08 14:15:57,"ntc1_C",-4.3357703751164,1011185
6,2026-07-08 14:15:57,"ntc2_C",-4.49667721359697,1017151
6,2026-07-08 14:15:57,"testSB_C",-4.42329404195402,1014716
7,2026-07-08 14:15:57,"ntc1_C",-4.41289831173691,1016338
7,2026-07-08 14:15:57,"ntc2_C",-4.39275634128649,1013038
7,2026-07-08 14:15:57,"testSB_C",-4.58104607005043,1021241
8,2026-07-08 14:15:57,"ntc1_C",-4.48850982856459,1015872
8,2026-07-08 14:15:57,"ntc2_C",-4.75597708737484,1028690
8,2026-07-08 14:15:57,"testSB_C",-4.77674825800347,1028033
9,2026-07-08 14:15:57,"ntc1_C",-4.29988335399366,1008289
9,2026-07-08 14:15:57,"ntc2_C",-4.34142972886639,1012205
9,2026-07-08 14:15:57,"testSB_C",-4.35087674626067,1010131
10,2026-07-08 14:15:57,"ntc1_C",-4.42857055230758,1016172
10,2026-07-08 14:15:57,"ntc2_C",-4.52390142490884,1018237
10,2026-07-08 14:15:57,"testSB_C",-4.42337925098002,1013925
11,2026-07-08 14:15:57,"ntc1_C",-4.25119195507807,1007953
11,2026-07-08 14:15:57,"ntc2_C",-4.35090346219101,1011993
11,2026-07-08 14:15:57,"testSB_C",-4.35637218947181,1011592
12,2026-07-08 14:15:57,"ntc1_C",-4.69816766032773,1026979
12,2026-07-08 14:15:57,"ntc2_C",-4.76062800765919,1026427
12,2026-07-08 14:15:57,"testSB_C",-4.84891853762707,1027325
13,2026-07-08 14:15:57,"ntc1_C",-4.4959297104848,1016469
13,2026-07-08 14:15:57,"ntc2_C",-4.77925874831197,1027130
13,2026-07-08 14:15:57,"testSB_C",-4.73164369440241,1024598
14,2026-07-08 14:15:57,"ntc1_C",-4.71980266212063,1028297
14,2026-07-08 14:15:57,"ntc2_C",-4.65476851064523,1023330
14,2026-07-08 14:15:57,"testSB_C",-4.67706088115352,1023623
15,2026-07-08 14:15:57,"ntc1_C",-4.72060017036381,1027771
15,2026-07-08 14:15:57,"ntc2_C",-4.75501456965947,1026594
15,2026-07-08 14:15:57,"testSB_C",-4.80407479076183,1027450
16,2026-07-08 14:15:57,"ntc1_C",-4.7222438161653,1028329
16,2026-07-08 14:15:57,"ntc2_C",-4.69019192183282,1024171
16,2026-07-08 14:15:57,"testSB_C",-4.81718898193401,1029473
17,2026-07-08 14:15:57,"ntc1_C",-4.45638729804602,1018675
17,2026-07-08 14:15:57,"ntc2_C",-4.29807074523984,1011655
17,2026-07-08 14:15:57,"testSB_C",-4.29973077311217,1011654
18,2026-07-08 14:15:57,"ntc1_C",-4.06794224740236,1001806
18,2026-07-08 14:15:57,"ntc2_C",-3.99900845989214,996389
18,2026-07-08 14:15:57,"testSB_C",-3.67626595935366,983237
19,2026-07-08 14:15:57,"ntc1_C",-3.45219817510673,976713
19,2026-07-08 14:15:57,"ntc2_C",-3.32030458467528,969244
19,2026-07-08 14:15:57,"testSB_C",-3.32335702049954,968380
20,2026-07-08 14:15:57,"ntc1_C",-3.31039444290224,968360
20,2026-07-08 14:15:57,"ntc2_C",-3.51674535144679,978696
20,2026-07-08 14:15:57,"testSB_C",-3.54885785399819,980729
21,2026-07-08 14:15:57,"ntc1_C",-3.40938547444273,973008
21,2026-07-08 14:15:57,"ntc2_C",-3.80311914893713,989902
21,2026-07-08 14:15:57,"testSB_C",-4.03156824632578,998436
22,2026-07-08 14:15:57,"ntc1_C",-4.22556822401185,1005897
22,2026-07-08 14:15:57,"ntc2_C",-4.79624990585791,1030948
22,2026-07-08 14:15:57,"testSB_C",-5.20553081074866,1049187
23,2026-07-08 14:15:57,"ntc1_C",-5.34590377236583,1054559
23,2026-07-08 14:15:57,"ntc2_C",-5.11351842337575,1043723
23,2026-07-08 14:15:57,"testSB_C",-5.20380783951299,1047666
24,2026-07-08 14:15:57,"ntc1_C",-5.1236346830118,1043295
24,2026-07-08 14:15:57,"ntc2_C",-5.39833221169351,1056521
1,2026-07-08 18:15:57,"ntc1_C",-4.01465349039279,997480
1,2026-07-08 18:15:57,"ntc2_C",-4.52761856344307,1019595
1,2026-07-08 18:15:57,"testSB_C",-4.2986517727598,1008375
2,2026-07-08 18:15:57,"ntc1_C",-4.34746015307019,1010656
2,2026-07-08 18:15:57,"ntc2_C",-4.55378260261642,1018414
2,2026-07-08 18:15:57,"testSB_C",-4.54935782002485,1017416
3,2026-07-08 18:15:57,"ntc1_C",-4.55287123425188,1020148
3,2026-07-08 18:15:57,"ntc2_C",-4.7045518045316,1024624
3,2026-07-08 18:15:57,"testSB_C",-4.7254214717554,1026634
4,2026-07-08 18:15:57,"ntc1_C",-4.73542278460684,1025949
4,2026-07-08 18:15:57,"ntc2_C",-4.86972829274083,1033901
4,2026-07-08 18:15:57,"testSB_C",-4.63955157342889,1023587
5,2026-07-08 18:15:57,"ntc1_C",-4.91058906074977,1035337
5,2026-07-08 18:15:57,"ntc2_C",-5.12977530087551,1041477
5,2026-07-08 18:15:57,"testSB_C",-4.90614946348137,1036593
6,2026-07-08 18:15:57,"ntc1_C",-4.71813295391422,1026994
6,2026-07-08 18:15:57,"ntc2_C",-4.99065365164194,1037766
6,2026-07-08 18:15:57,"testSB_C",-4.91020835356193,1034984
7,2026-07-08 18:15:57,"ntc1_C",-4.89215936799178,1036312
7,2026-07-08 18:15:57,"ntc2_C",-5.07345409105119,1041448
7,2026-07-08 18:15:57,"testSB_C",-5.07589971605654,1041985
8,2026-07-08 18:15:57,"ntc1_C",-4.88936396941693,1032547
8,2026-07-08 18:15:57,"ntc2_C",-5.14793760143135,1045201
8,2026-07-08 18:15:57,"testSB_C",-5.09128930884833,1041252
9,2026-07-08 18:15:57,"ntc1_C",-4.82710334146435,1030088
9,2026-07-08 18:15:57,"ntc2_C",-5.0329008971334,1041019
9,2026-07-08 18:15:57,"testSB_C",-5.04409444372681,1038978
10,2026-07-08 18:15:57,"ntc1_C",-4.91839423502597,1036586
10,2026-07-08 18:15:57,"ntc2_C",-5.1213130396763,1043249
10,2026-07-08 18:15:57,"testSB_C",-5.03825396248146,1039563
11,2026-07-08 18:15:57,"ntc1_C",-5.01807309738172,1039815
11,2026-07-08 18:15:57,"ntc2_C",-5.22183148639476,1048426
11,2026-07-08 18:15:57,"testSB_C",-4.9758335525998,1037364
12,2026-07-08 18:15:57,"ntc1_C",-5.34232368613385,1054203
12,2026-07-08 18:15:57,"ntc2_C",-5.33661681391351,1050739
12,2026-07-08 18:15:57,"testSB_C",-5.21120663936222,1042510
13,2026-07-08 18:15:57,"ntc1_C",-4.92981601056567,1034524
13,2026-07-08 18:15:57,"ntc2_C",-5.40826562450758,1053726
13,2026-07-08 18:15:57,"testSB_C",-5.1531966738965,1042296
14,2026-07-08 18:15:57,"ntc1_C",-5.1684699179379,1047207
14,2026-07-08 18:15:57,"ntc2_C",-5.1296774187993,1043262
14,2026-07-08 18:15:57,"testSB_C",-5.05666975893593,1039559
15,2026-07-08 18:15:57,"ntc1_C",-5.12200043618776,1044669
15,2026-07-08 18:15:57,"ntc2_C",-5.27826836011786,1048661
15,2026-07-08 18:15:57,"testSB_C",-5.1490587018996,1041941
16,2026-07-08 18:15:57,"ntc1_C",-5.11781796057153,1044992
16,2026-07-08 18:15:57,"ntc2_C",-5.31768146041895,1050611
16,2026-07-08 18:15:57,"testSB_C",-5.35416211884979,1052178
17,2026-07-08 18:15:57,"ntc1_C",-5.05808039336057,1043862
17,2026-07-08 18:15:57,"ntc2_C",-5.30514052442146,1053905
17,2026-07-08 18:15:57,"testSB_C",-5.21710227338218,1050053
18,2026-07-08 18:15:57,"ntc1_C",-5.08492811433916,1044043
18,2026-07-08 18:15:57,"ntc2_C",-5.3637631945403,1053161
18,2026-07-08 18:15:57,"testSB_C",-5.03107984111688,1038685
19,2026-07-08 18:15:57,"ntc1_C",-5.18837809734305,1047996
19,2026-07-08 18:15:57,"ntc2_C",-5.46429743304901,1057349
19,2026-07-08 18:15:57,"testSB_C",-5.39923242112565,1053555
20,2026-07-08 18:15:57,"ntc1_C",-5.2981531287171,1049678
20,2026-07-08 18:15:57,"ntc2_C",-5.54546460163874,1062730
20,2026-07-08 18:15:57,"testSB_C",-5.26961044953919,1051684
21,2026-07-08 18:15:57,"ntc1_C",-5.14262039515432,1043938
21,2026-07-08 18:15:57,"ntc2_C",-5.56000563661439,1063109
21,2026-07-08 18:15:57,"testSB_C",-5.29563212207563,1051170
22,2026-07-08 18:15:57,"ntc1_C",-5.28282865256313,1049982
22,2026-07-08 18:15:57,"ntc2_C",-5.44041417534243,1058287
22,2026-07-08 18:15:57,"testSB_C",-5.44843236566413,1059597
23,2026-07-08 18:15:57,"ntc1_C",-5.5387794403199,1062863
23,2026-07-08 18:15:57,"ntc2_C",-5.48214927264371,1059494
23,2026-07-08 18:15:57,"testSB_C",-5.41247969894454,1056595
24,2026-07-08 18:15:57,"ntc1_C",-5.22151462192414,1047448
24,2026-07-08 18:15:57,"ntc2_C",-5.54346324808438,1062772
1,2026-07-08 22:15:57,"ntc1_C",-6.21512644968573,1090776
1,2026-07-08 22:15:57,"ntc2_C",-6.56978411428344,1107837
1,2026-07-08 22:15:57,"testSB_C",-6.31653767952406,1094663
2,2026-07-08 22:15:57,"ntc1_C",-6.38549320268356,1097955
2,2026-07-08 22:15:57,"ntc2_C",-6.53351257396906,1103767
2,2026-07-08 22:15:57,"testSB_C",-6.42079027917924,1097839
3,2026-07-08 22:15:57,"ntc1_C",-6.36246893739292,1098014
3,2026-07-08 22:15:57,"ntc2_C",-6.57896470705339,1105795
3,2026-07-08 22:15:57,"testSB_C",-6.45577110764452,1101482
4,2026-07-08 22:15:57,"ntc1_C",-6.4381199526793,1099463
4,2026-07-08 22:15:57,"ntc2_C",-6.5467414572858,1106878
4,2026-07-08 22:15:57,"testSB_C",-6.3414920003957,1096931
5,2026-07-08 22:15:57,"ntc1_C",-6.65360648008868,1111346
5,2026-07-08 22:15:57,"ntc2_C",-6.6486669769169,1107861
5,2026-07-08 22:15:57,"testSB_C",-6.50893656104881,1106422
6,2026-07-08 22:15:57,"ntc1_C",-6.4159528063534,1100342
6,2026-07-08 22:15:57,"ntc2_C",-6.5867997143186,1107379
6,2026-07-08 22:15:57,"testSB_C",-6.51418318799966,1104761
7,2026-07-08 22:15:57,"ntc1_C",-6.46989429798919,1104981
7,2026-07-08 22:15:57,"ntc2_C",-6.60975274674968,1108635
7,2026-07-08 22:15:57,"testSB_C",-6.64683873124267,1110766
8,2026-07-08 22:15:57,"ntc1_C",-6.46409035629398,1100843
8,2026-07-08 22:15:57,"ntc2_C",-6.61803327846167,1109605
8,2026-07-08 22:15:57,"testSB_C",-6.62521427153001,1108279
9,2026-07-08 22:15:57,"ntc1_C",-6.4827580026772,1101757
9,2026-07-08 22:15:57,"ntc2_C",-6.51654146411363,1105741
9,2026-07-08 22:15:57,"testSB_C",-6.5545244571054,1104821
10,2026-07-08 22:15:57,"ntc1_C",-6.54455828987557,1107453
10,2026-07-08 22:15:57,"ntc2_C",-6.60484009695722,1108144
10,2026-07-08 22:15:57,"testSB_C",-6.57713221480861,1106709
11,2026-07-08 22:15:57,"ntc1_C",-6.53093535967486,1105767
11,2026-07-08 22:15:57,"ntc2_C",-6.77913188594192,1116988
11,2026-07-08 22:15:57,"testSB_C",-6.50429219052347,1103899
12,2026-07-08 22:15:57,"ntc1_C",-6.7948177975943,1118361
12,2026-07-08 22:15:57,"ntc2_C",-6.75631761757,1113237
12,2026-07-08 22:15:57,"testSB_C",-6.61844661280844,1103728
13,2026-07-08 22:15:57,"ntc1_C",-6.47747475355158,1101669
13,2026-07-08 22:15:57,"ntc2_C",-6.81800105920007,1115948
13,2026-07-08 22:15:57,"testSB_C",-6.4588809308467,1099145
14,2026-07-08 22:15:57,"ntc1_C",-6.61637177223042,1110715
14,2026-07-08 22:15:57,"ntc2_C",-6.5735395936818,1106363
14,2026-07-08 22:15:57,"testSB_C",-6.386744899885,1097436
15,2026-07-08 22:15:57,"ntc1_C",-6.54871071680304,1107089
15,2026-07-08 22:15:57,"ntc2_C",-6.68931181714424,1110644
15,2026-07-08 22:15:57,"testSB_C",-6.64710906691647,1107309
16,2026-07-08 22:15:57,"ntc1_C",-6.59396175247656,1109675
16,2026-07-08 22:15:57,"ntc2_C",-6.74800103624881,1113548
16,2026-07-08 22:15:57,"testSB_C",-6.69186883353075,1110988
17,2026-07-08 22:15:57,"ntc1_C",-6.5417707935411,1108759
17,2026-07-08 22:15:57,"ntc2_C",-6.79800296922343,1119918
17,2026-07-08 22:15:57,"testSB_C",-6.55917580049368,1108962
18,2026-07-08 22:15:57,"ntc1_C",-6.51250803475386,1106464
18,2026-07-08 22:15:57,"ntc2_C",-6.69477612932639,1111757
18,2026-07-08 22:15:57,"testSB_C",-6.47157953886915,1101176
19,2026-07-08 22:15:57,"ntc1_C",-6.57542927064861,1108805
19,2026-07-08 22:15:57,"ntc2_C",-6.78682535991595,1115793
19,2026-07-08 22:15:57,"testSB_C",-6.70313146450661,1110939
20,2026-07-08 22:15:57,"ntc1_C",-6.65016915339601,1109002
20,2026-07-08 22:15:57,"ntc2_C",-6.8527452226246,1120804
20,2026-07-08 22:15:57,"testSB_C",-6.69769135460581,1114597
21,2026-07-08 22:15:57,"ntc1_C",-6.51764492093383,1104008
21,2026-07-08 22:15:57,"ntc2_C",-6.82846844107161,1119427
21,2026-07-08 22:15:57,"testSB_C",-6.67950506386819,1112186
22,2026-07-08 22:15:57,"ntc1_C",-6.60449612080345,1107912
22,2026-07-08 22:15:57,"ntc2_C",-6.71712451537559,1114706
22,2026-07-08 22:15:57,"testSB_C",-6.68243969518619,1114153
23,2026-07-08 22:15:57,"ntc1_C",-6.72435655688435,1115408
23,2026-07-08 22:15:57,"ntc2_C",-6.8016874962475,1117990
23,2026-07-08 22:15:57,"testSB_C",-6.7296354650399,1114797
24,2026-07-08 22:15:57,"ntc1_C",-6.64882888307682,1109979
24,2026-07-08 22:15:57,"ntc2_C",-6.80953887755214,1118947
1,2026-07-09 02:15:57,"ntc1_C",-8.23189355714317,1184181
1,2026-07-09 02:15:57,"ntc2_C",-8.30778461671792,1189110
1,2026-07-09 02:15:57,"testSB_C",-8.24714139488776,1184337
2,2026-07-09 02:15:57,"ntc1_C",-8.2669008464934,1185436
2,2026-07-09 02:15:57,"ntc2_C",-8.30026212717263,1186146
2,2026-07-09 02:15:57,"testSB_C",-8.26713469998015,1183607
3,2026-07-09 02:15:57,"ntc1_C",-8.25471216265339,1185997
3,2026-07-09 02:15:57,"ntc2_C",-8.29626473853057,1185965
3,2026-07-09 02:15:57,"testSB_C",-8.27342975813838,1186169
4,2026-07-09 02:15:57,"ntc1_C",-8.269735921684,1184624
4,2026-07-09 02:15:57,"ntc2_C",-8.2943688014343,1188580
4,2026-07-09 02:15:57,"testSB_C",-8.24927000724659,1185605
5,2026-07-09 02:15:57,"ntc1_C",-8.30168784367618,1188491
5,2026-07-09 02:15:57,"ntc2_C",-8.28829344845695,1184419
5,2026-07-09 02:15:57,"testSB_C",-8.27137960863286,1188810
6,2026-07-09 02:15:57,"ntc1_C",-8.26186429629593,1186225
6,2026-07-09 02:15:57,"ntc2_C",-8.26975299328734,1185990
6,2026-07-09 02:15:57,"testSB_C",-8.27216878185499,1186814
7,2026-07-09 02:15:57,"ntc1_C",-8.26163185464827,1188661
7,2026-07-09 02:15:57,"ntc2_C",-8.28913956453107,1187193
7,2026-07-09 02:15:57,"testSB_C",-8.29516468485951,1187957
8,2026-07-09 02:15:57,"ntc1_C",-8.26013016791057,1184436
8,2026-07-09 02:15:57,"ntc2_C",-8.28096664331531,1187391
8,2026-07-09 02:15:57,"testSB_C",-8.29425975994127,1186264
9,2026-07-09 02:15:57,"ntc1_C",-8.28080789663159,1185398
9,2026-07-09 02:15:57,"ntc2_C",-8.25849391206856,1187038
9,2026-07-09 02:15:57,"testSB_C",-8.27525853707408,1185084
10,2026-07-09 02:15:57,"ntc1_C",-8.2730962825924,1188261
10,2026-07-09 02:15:57,"ntc2_C",-8.2835067510718,1186599
10,2026-07-09 02:15:57,"testSB_C",-8.28437407208372,1186439
11,2026-07-09 02:15:57,"ntc1_C",-8.27748270169951,1187288
11,2026-07-09 02:15:57,"ntc2_C",-8.32628770194862,1189670
11,2026-07-09 02:15:57,"testSB_C",-8.27085553862122,1186291
12,2026-07-09 02:15:57,"ntc1_C",-8.32503320431357,1190303
12,2026-07-09 02:15:57,"ntc2_C",-8.3078864473294,1185923
12,2026-07-09 02:15:57,"testSB_C",-8.31893248970806,1182661
13,2026-07-09 02:15:57,"ntc1_C",-8.26277025015253,1184710
13,2026-07-09 02:15:57,"ntc2_C",-8.33047235304997,1186913
13,2026-07-09 02:15:57,"testSB_C",-8.25116474393371,1182417
14,2026-07-09 02:15:57,"ntc1_C",-8.29719010844076,1189417
14,2026-07-09 02:15:57,"ntc2_C",-8.28235418606033,1186141
14,2026-07-09 02:15:57,"testSB_C",-8.24882304741999,1184045
15,2026-07-09 02:15:57,"ntc1_C",-8.28245493082181,1188130
15,2026-07-09 02:15:57,"ntc2_C",-8.29892232748983,1185965
15,2026-07-09 02:15:57,"testSB_C",-8.33612777337652,1185990
16,2026-07-09 02:15:57,"ntc1_C",-8.28133081842714,1188675
16,2026-07-09 02:15:57,"ntc2_C",-8.32231625684608,1187315
16,2026-07-09 02:15:57,"testSB_C",-8.31703083159186,1186946
17,2026-07-09 02:15:57,"ntc1_C",-8.28434970141063,1190303
17,2026-07-09 02:15:57,"ntc2_C",-8.33098080563542,1192132
17,2026-07-09 02:15:57,"testSB_C",-8.28205060420993,1189595
18,2026-07-09 02:15:57,"ntc1_C",-8.26396443229771,1188320
18,2026-07-09 02:15:57,"ntc2_C",-8.29711825154459,1186766
18,2026-07-09 02:15:57,"testSB_C",-8.32036486746568,1187045
19,2026-07-09 02:15:57,"ntc1_C",-8.27062657116346,1188077
19,2026-07-09 02:15:57,"ntc2_C",-8.32834486072431,1188121
19,2026-07-09 02:15:57,"testSB_C",-8.31746920141552,1186408
20,2026-07-09 02:15:57,"ntc1_C",-8.30898214709447,1186520
20,2026-07-09 02:15:57,"ntc2_C",-8.32394267824776,1190071
20,2026-07-09 02:15:57,"testSB_C",-8.30557059707883,1190077
21,2026-07-09 02:15:57,"ntc1_C",-8.25747962376153,1185143
21,2026-07-09 02:15:57,"ntc2_C",-8.32672030074099,1189911
21,2026-07-09 02:15:57,"testSB_C",-8.28369709934799,1187450
22,2026-07-09 02:15:57,"ntc1_C",-8.28785974310239,1186474
22,2026-07-09 02:15:57,"ntc2_C",-8.30042121179918,1188988
22,2026-07-09 02:15:57,"testSB_C",-8.29745565029413,1189941
23,2026-07-09 02:15:57,"ntc1_C",-8.30354023433637,1189564
23,2026-07-09 02:15:57,"ntc2_C",-8.32065000965355,1189446
23,2026-07-09 02:15:57,"testSB_C",-8.30669351503548,1188835
24,2026-07-09 02:15:57,"ntc1_C",-8.30808978887791,1187500
24,2026-07-09 02:15:57,"ntc2_C",-8.30063123349169,1189030
1,2026-07-09 06:15:57,"ntc1_C",-10.66189504993,1307635
1,2026-07-09 06:15:57,"ntc2_C",-10.7005651801379,1311038
1,2026-07-09 06:15:57,"testSB_C",-10.5978309481479,1303697
2,2026-07-09 06:15:57,"ntc1_C",-10.5562670054693,1301534
2,2026-07-09 06:15:57,"ntc2_C",-10.5834820501469,1301962
2,2026-07-09 06:15:57,"testSB_C",-10.5387386956504,1298568
3,2026-07-09 06:15:57,"ntc1_C",-10.5056907157068,1300074
3,2026-07-09 06:15:57,"ntc2_C",-10.5328051558996,1299326
3,2026-07-09 06:15:57,"testSB_C",-10.5027578244249,1299156
4,2026-07-09 06:15:57,"ntc1_C",-10.4678149201252,1295766
4,2026-07-09 06:15:57,"ntc2_C",-10.4722592303843,1299059
4,2026-07-09 06:15:57,"testSB_C",-10.3900572917856,1293849
5,2026-07-09 06:15:57,"ntc1_C",-10.4519123209703,1297405
5,2026-07-09 06:15:57,"ntc2_C",-10.4235077671069,1292263
5,2026-07-09 06:15:57,"testSB_C",-10.3846025717333,1295884
6,2026-07-09 06:15:57,"ntc1_C",-10.3771194453354,1293076
6,2026-07-09 06:15:57,"ntc2_C",-10.3625254711934,1291727
6,2026-07-09 06:15:57,"testSB_C",-10.3605387486046,1292403
7,2026-07-09 06:15:57,"ntc1_C",-10.3422072522802,1293971
7,2026-07-09 06:15:57,"ntc2_C",-10.3579695937903,1291814
7,2026-07-09 06:15:57,"testSB_C",-10.3613039897247,1292474
8,2026-07-09 06:15:57,"ntc1_C",-10.3107414086595,1287825
8,2026-07-09 06:15:57,"ntc2_C",-10.3256765721624,1290696
8,2026-07-09 06:15:57,"testSB_C",-10.3346770140206,1289243
9,2026-07-09 06:15:57,"ntc1_C",-10.3038562547463,1287245
9,2026-07-09 06:15:57,"ntc2_C",-10.2927419406718,1289726
9,2026-07-09 06:15:57,"testSB_C",-10.306855482703,1287541
10,2026-07-09 06:15:57,"ntc1_C",-10.3046822960224,1290959
10,2026-07-09 06:15:57,"ntc2_C",-10.3050301971435,1288633
10,2026-07-09 06:15:57,"testSB_C",-10.316643428678,1289023
11,2026-07-09 06:15:57,"ntc1_C",-10.3089475062967,1289859
11,2026-07-09 06:15:57,"ntc2_C",-10.3632498315464,1292765
11,2026-07-09 06:15:57,"testSB_C",-10.3039465951174,1288907
12,2026-07-09 06:15:57,"ntc1_C",-10.3657011014901,1293641
12,2026-07-09 06:15:57,"ntc2_C",-10.3599451329841,1289543
12,2026-07-09 06:15:57,"testSB_C",-10.3784005256744,1286007
13,2026-07-09 06:15:57,"ntc1_C",-10.2908352751705,1286806
13,2026-07-09 06:15:57,"ntc2_C",-10.3675309854355,1289818
13,2026-07-09 06:15:57,"testSB_C",-10.280897286244,1284525
14,2026-07-09 06:15:57,"ntc1_C",-10.3251711451331,1291966
14,2026-07-09 06:15:57,"ntc2_C",-10.3020122104078,1288035
14,2026-07-09 06:15:57,"testSB_C",-10.2661963749683,1285720
15,2026-07-09 06:15:57,"ntc1_C",-10.2986427394779,1290012
15,2026-07-09 06:15:57,"ntc2_C",-10.2989399662192,1286854
15,2026-07-09 06:15:57,"testSB_C",-10.3603573504082,1287703
16,2026-07-09 06:15:57,"ntc1_C",-10.2975955250839,1290629
16,2026-07-09 06:15:57,"ntc2_C",-10.3256946614898,1288437
16,2026-07-09 06:15:57,"testSB_C",-10.3406694169516,1288885
17,2026-07-09 06:15:57,"ntc1_C",-10.2831776499793,1291396
17,2026-07-09 06:15:57,"ntc2_C",-10.3434377387671,1294186
17,2026-07-09 06:15:57,"testSB_C",-10.2942342315386,1291366
18,2026-07-09 06:15:57,"ntc1_C",-10.2702799067156,1289708
18,2026-07-09 06:15:57,"ntc2_C",-10.2968254660599,1287661
18,2026-07-09 06:15:57,"testSB_C",-10.3318948477939,1288200
19,2026-07-09 06:15:57,"ntc1_C",-10.2779929483783,1289458
19,2026-07-09 06:15:57,"ntc2_C",-10.3308029228882,1289263
19,2026-07-09 06:15:57,"testSB_C",-10.3273847627522,1287638
20,2026-07-09 06:15:57,"ntc1_C",-10.3069475771504,1287255
20,2026-07-09 06:15:57,"ntc2_C",-10.2975046233349,1289894
20,2026-07-09 06:15:57,"testSB_C",-10.2939409769179,1290667
21,2026-07-09 06:15:57,"ntc1_C",-10.2533836474352,1285742
21,2026-07-09 06:15:57,"ntc2_C",-10.3027764534821,1289839
21,2026-07-09 06:15:57,"testSB_C",-10.2843202685715,1288570
22,2026-07-09 06:15:57,"ntc1_C",-10.2652301299092,1286033
22,2026-07-09 06:15:57,"ntc2_C",-10.2610956750474,1288008
22,2026-07-09 06:15:57,"testSB_C",-10.2696247819764,1289655
23,2026-07-09 06:15:57,"ntc1_C",-10.2496631962367,1287895
23,2026-07-09 06:15:57,"ntc2_C",-10.2495441051921,1286931
23,2026-07-09 06:15:57,"testSB_C",-10.2385121058061,1286393
24,2026-07-09 06:15:57,"ntc1_C",-10.2462216382056,1285047
24,2026-07-09 06:15:57,"ntc2_C",-10.2438741373841,1287120
1,2026-07-09 10:15:57,"ntc1_C",-7.6472992184876,1156292
1,2026-07-09 10:15:57,"ntc2_C",-7.97482681970615,1173081
1,2026-07-09 10:15:57,"testSB_C",-7.65123276375124,1155883
2,2026-07-09 10:15:57,"ntc1_C",-7.82568381983646,1164300
2,2026-07-09 10:15:57,"ntc2_C",-7.96515331923626,1170051
2,2026-07-09 10:15:57,"testSB_C",-7.84183323295889,1163261
3,2026-07-09 10:15:57,"ntc1_C",-7.68683920089467,1158860
3,2026-07-09 10:15:57,"ntc2_C",-7.97381662896123,1170471
3,2026-07-09 10:15:57,"testSB_C",-7.80448083358402,1163702
4,2026-07-09 10:15:57,"ntc1_C",-7.84177228539613,1164139
4,2026-07-09 10:15:57,"ntc2_C",-8.00066936556709,1174430
4,2026-07-09 10:15:57,"testSB_C",-7.7332119448256,1160918
5,2026-07-09 10:15:57,"ntc1_C",-8.05338762508671,1176527
5,2026-07-09 10:15:57,"ntc2_C",-8.0715269913656,1173995
5,2026-07-09 10:15:57,"testSB_C",-7.87282717903207,1169646
6,2026-07-09 10:15:57,"ntc1_C",-7.75222911543739,1161850
6,2026-07-09 10:15:57,"ntc2_C",-7.96901722140336,1171535
6,2026-07-09 10:15:57,"testSB_C",-7.81182203990772,1164743
7,2026-07-09 10:15:57,"ntc1_C",-7.75142299755709,1164193
7,2026-07-09 10:15:57,"ntc2_C",-7.90452582456169,1168713
7,2026-07-09 10:15:57,"testSB_C",-7.92860126368481,1170330
8,2026-07-09 10:15:57,"ntc1_C",-7.75146039420133,1160122
8,2026-07-09 10:15:57,"ntc2_C",-7.90216192568857,1169195
8,2026-07-09 10:15:57,"testSB_C",-7.87042637155639,1165944
9,2026-07-09 10:15:57,"ntc1_C",-7.74473545098647,1159805
9,2026-07-09 10:15:57,"ntc2_C",-7.73222660957072,1161852
9,2026-07-09 10:15:57,"testSB_C",-7.77021186116161,1160926
10,2026-07-09 10:15:57,"ntc1_C",-7.82303521240124,1166657
10,2026-07-09 10:15:57,"ntc2_C",-7.93297717826732,1169760
10,2026-07-09 10:15:57,"testSB_C",-7.8876030608912,1167400
11,2026-07-09 10:15:57,"ntc1_C",-7.79961905603562,1164390
11,2026-07-09 10:15:57,"ntc2_C",-8.07439267142217,1177515
11,2026-07-09 10:15:57,"testSB_C",-7.72564266384052,1160212
12,2026-07-09 10:15:57,"ntc1_C",-8.10880992284132,1179857
12,2026-07-09 10:15:57,"ntc2_C",-8.04332026283834,1173194
12,2026-07-09 10:15:57,"testSB_C",-7.86611164403547,1161094
13,2026-07-09 10:15:57,"ntc1_C",-7.74588325983666,1160030
13,2026-07-09 10:15:57,"ntc2_C",-8.12983969073019,1177240
13,2026-07-09 10:15:57,"testSB_C",-7.71521203701144,1156860
14,2026-07-09 10:15:57,"ntc1_C",-7.85697645013079,1168270
14,2026-07-09 10:15:57,"ntc2_C",-7.81980348671266,1163982
14,2026-07-09 10:15:57,"testSB_C",-7.65706832059419,1155792
15,2026-07-09 10:15:57,"ntc1_C",-7.78586025625464,1164316
15,2026-07-09 10:15:57,"ntc2_C",-7.93771863003604,1168620
15,2026-07-09 10:15:57,"testSB_C",-7.86967142471195,1163715
16,2026-07-09 10:15:57,"ntc1_C",-7.81269516501203,1166174
16,2026-07-09 10:15:57,"ntc2_C",-8.01007127017095,1172297
16,2026-07-09 10:15:57,"testSB_C",-7.94376458030865,1169048
17,2026-07-09 10:15:57,"ntc1_C",-7.82592559892055,1168274
17,2026-07-09 10:15:57,"ntc2_C",-8.07276586640148,1179643
17,2026-07-09 10:15:57,"testSB_C",-7.76085767834081,1164589
18,2026-07-09 10:15:57,"ntc1_C",-7.76699704067369,1164483
18,2026-07-09 10:15:57,"ntc2_C",-7.93268139642481,1169263
18,2026-07-09 10:15:57,"testSB_C",-7.7213335088619,1158501
19,2026-07-09 10:15:57,"ntc1_C",-7.75547787222871,1163392
19,2026-07-09 10:15:57,"ntc2_C",-8.05649352405277,1175026
19,2026-07-09 10:15:57,"testSB_C",-7.87183919668814,1165071
20,2026-07-09 10:15:57,"ntc1_C",-7.82573850175913,1163382
20,2026-07-09 10:15:57,"ntc2_C",-8.00391733607734,1174640
20,2026-07-09 10:15:57,"testSB_C",-7.89253361772768,1170202
21,2026-07-09 10:15:57,"ntc1_C",-7.69727826028748,1158373
21,2026-07-09 10:15:57,"ntc2_C",-8.09174946163762,1178564
21,2026-07-09 10:15:57,"testSB_C",-7.81780272919622,1165074
22,2026-07-09 10:15:57,"ntc1_C",-7.83751483812421,1164915
22,2026-07-09 10:15:57,"ntc2_C",-7.9515949030262,1172199
22,2026-07-09 10:15:57,"testSB_C",-7.90082369075697,1170853
23,2026-07-09 10:15:57,"ntc1_C",-8.06188707047534,1177898
23,2026-07-09 10:15:57,"ntc2_C",-8.04817622246532,1176293
23,2026-07-09 10:15:57,"testSB_C",-7.95383082212584,1171844
24,2026-07-09 10:15:57,"ntc1_C",-7.84496319590681,1165323
24,2026-07-09 10:15:57,"ntc2_C",-8.05473492313081,1177171
1,2026-07-09 14:15:57,"ntc1_C",-5.69952763480046,1068135
1,2026-07-09 14:15:57,"ntc2_C",-6.13907921968735,1088592
1,2026-07-09 14:15:57,"testSB_C",-5.81934246752911,1072718
2,2026-07-09 14:15:57,"ntc1_C",-5.98149830325821,1080051
2,2026-07-09 14:15:57,"ntc2_C",-6.17163577439362,1087631
2,2026-07-09 14:15:57,"testSB_C",-5.97973581153161,1078312
3,2026-07-09 14:15:57,"ntc1_C",-5.84919530186767,1075324
3,2026-07-09 14:15:57,"ntc2_C",-6.15794857024093,1087003
3,2026-07-09 14:15:57,"testSB_C",-5.97482845102792,1080130
4,2026-07-09 14:15:57,"ntc1_C",-5.94986448325398,1077842
4,2026-07-09 14:15:57,"ntc2_C",-6.04837162882012,1084652
4,2026-07-09 14:15:57,"testSB_C",-5.85467525880784,1075414
5,2026-07-09 14:15:57,"ntc1_C",-6.20807115552998,1091386
5,2026-07-09 14:15:57,"ntc2_C",-6.27102861497946,1090959
5,2026-07-09 14:15:57,"testSB_C",-6.04568985257259,1085755
6,2026-07-09 14:15:57,"ntc1_C",-5.89463100760139,1077262
6,2026-07-09 14:15:57,"ntc2_C",-6.15588642167188,1088124
6,2026-07-09 14:15:57,"testSB_C",-6.01538914038844,1082557
7,2026-07-09 14:15:57,"ntc1_C",-5.91419745041526,1080275
7,2026-07-09 14:15:57,"ntc2_C",-6.08068890178015,1085007
7,2026-07-09 14:15:57,"testSB_C",-6.10616655573955,1086581
8,2026-07-09 14:15:57,"ntc1_C",-5.93116920642012,1077223
8,2026-07-09 14:15:57,"ntc2_C",-6.081258311434,1085628
8,2026-07-09 14:15:57,"testSB_C",-6.08154628475734,1084028
9,2026-07-09 14:15:57,"ntc1_C",-5.93712064870664,1077588
9,2026-07-09 14:15:57,"ntc2_C",-5.90744892238666,1078682
9,2026-07-09 14:15:57,"testSB_C",-6.02067704881478,1081071
10,2026-07-09 14:15:57,"ntc1_C",-6.10838768056124,1087968
10,2026-07-09 14:15:57,"ntc2_C",-6.22038356615946,1090937
10,2026-07-09 14:15:57,"testSB_C",-6.16578291458876,1088334
11,2026-07-09 14:15:57,"ntc1_C",-6.08652881577228,1085957
11,2026-07-09 14:15:57,"ntc2_C",-6.39584565871377,1099696
11,2026-07-09 14:15:57,"testSB_C",-5.94476690176367,1079046
12,2026-07-09 14:15:57,"ntc1_C",-6.39363169030696,1100248
12,2026-07-09 14:15:57,"ntc2_C",-6.34137661999279,1094584
12,2026-07-09 14:15:57,"testSB_C",-6.11570784174575,1081443
13,2026-07-09 14:15:57,"ntc1_C",-5.97348685484098,1079324
13,2026-07-09 14:15:57,"ntc2_C",-6.47273180968745,1100367
13,2026-07-09 14:15:57,"testSB_C",-5.8229388960292,1071067
14,2026-07-09 14:15:57,"ntc1_C",-6.23753473733552,1093725
14,2026-07-09 14:15:57,"ntc2_C",-6.1129015282603,1085815
14,2026-07-09 14:15:57,"testSB_C",-5.82934329056889,1072789
15,2026-07-09 14:15:57,"ntc1_C",-6.07700944112707,1086037
15,2026-07-09 14:15:57,"ntc2_C",-6.26189404373889,1091480
15,2026-07-09 14:15:57,"testSB_C",-6.24482456711314,1089358
16,2026-07-09 14:15:57,"ntc1_C",-6.21616010188364,1092737
16,2026-07-09 14:15:57,"ntc2_C",-6.42916581327063,1099190
16,2026-07-09 14:15:57,"testSB_C",-6.28025271373735,1092544
17,2026-07-09 14:15:57,"ntc1_C",-6.22710078458408,1094656
17,2026-07-09 14:15:57,"ntc2_C",-6.45221470815846,1104258
17,2026-07-09 14:15:57,"testSB_C",-6.11968504960555,1089305
18,2026-07-09 14:15:57,"ntc1_C",-6.14514350775352,1090042
18,2026-07-09 14:15:57,"ntc2_C",-6.28330381276203,1093292
18,2026-07-09 14:15:57,"testSB_C",-6.01004103106999,1080745
19,2026-07-09 14:15:57,"ntc1_C",-6.17855168051568,1091043
19,2026-07-09 14:15:57,"ntc2_C",-6.48719976359814,1102267
19,2026-07-09 14:15:57,"testSB_C",-6.30514910264679,1093094
20,2026-07-09 14:15:57,"ntc1_C",-6.24750462342195,1090981
20,2026-07-09 14:15:57,"ntc2_C",-6.38661766480891,1099731
20,2026-07-09 14:15:57,"testSB_C",-6.31003679886555,1097145
21,2026-07-09 14:15:57,"ntc1_C",-5.9484824159685,1078722
21,2026-07-09 14:15:57,"ntc2_C",-6.46891120123718,1103158
21,2026-07-09 14:15:57,"testSB_C",-6.18194380135429,1089842
22,2026-07-09 14:15:57,"ntc1_C",-6.09207101306004,1085071
22,2026-07-09 14:15:57,"ntc2_C",-6.31278014469092,1096510
22,2026-07-09 14:15:57,"testSB_C",-6.26950564620813,1095582
23,2026-07-09 14:15:57,"ntc1_C",-6.37449813332142,1099630
23,2026-07-09 14:15:57,"ntc2_C",-6.40164645830265,1099913
23,2026-07-09 14:15:57,"testSB_C",-6.28367204597998,1094730
24,2026-07-09 14:15:57,"ntc1_C",-6.17493406750157,1088803
24,2026-07-09 14:15:57,"ntc2_C",-6.38199001577283,1099643
1,2026-07-09 18:15:57,"ntc1_C",-5.43577062935731,1056741
1,2026-07-09 18:15:57,"ntc2_C",-5.64837023272952,1067085
1,2026-07-09 18:15:57,"testSB_C",-5.62165537756914,1064119
2,2026-07-09 18:15:57,"ntc1_C",-5.71595566616884,1068447
2,2026-07-09 18:15:57,"ntc2_C",-5.58579794274704,1062022
2,2026-07-09 18:15:57,"testSB_C",-5.68698643643108,1065549
3,2026-07-09 18:15:57,"ntc1_C",-5.6036318481531,1064640
3,2026-07-09 18:15:57,"ntc2_C",-5.65247323129228,1064875
3,2026-07-09 18:15:57,"testSB_C",-5.74462013036288,1070061
4,2026-07-09 18:15:57,"ntc1_C",-5.74948020759257,1069096
4,2026-07-09 18:15:57,"ntc2_C",-5.58013739836093,1064189
4,2026-07-09 18:15:57,"testSB_C",-5.52613214334764,1061139
5,2026-07-09 18:15:57,"ntc1_C",-5.56152547899615,1063075
5,2026-07-09 18:15:57,"ntc2_C",-5.85035120898374,1072443
5,2026-07-09 18:15:57,"testSB_C",-5.69614277426899,1070424
6,2026-07-09 18:15:57,"ntc1_C",-5.64284083410945,1066294
6,2026-07-09 18:15:57,"ntc2_C",-5.86492837120943,1075318
6,2026-07-09 18:15:57,"testSB_C",-5.81141710015078,1073610
7,2026-07-09 18:15:57,"ntc1_C",-5.69057381980582,1070494
7,2026-07-09 18:15:57,"ntc2_C",-5.85664395004522,1075158
7,2026-07-09 18:15:57,"testSB_C",-5.85342767971173,1075462
8,2026-07-09 18:15:57,"ntc1_C",-5.66645013249337,1065685
8,2026-07-09 18:15:57,"ntc2_C",-5.83767472885404,1074924
8,2026-07-09 18:15:57,"testSB_C",-6.01317233200399,1081017
9,2026-07-09 18:15:57,"ntc1_C",-5.77053302670049,1070318
9,2026-07-09 18:15:57,"ntc2_C",-5.82008122980392,1074857
9,2026-07-09 18:15:57,"testSB_C",-5.86450289662781,1074223
10,2026-07-09 18:15:57,"ntc1_C",-5.83332352369598,1075862
10,2026-07-09 18:15:57,"ntc2_C",-5.93957669349334,1078543
10,2026-07-09 18:15:57,"testSB_C",-5.89331312325379,1076336
11,2026-07-09 18:15:57,"ntc1_C",-5.82196703913564,1074338
11,2026-07-09 18:15:57,"ntc2_C",-5.89649334660231,1077580
11,2026-07-09 18:15:57,"testSB_C",-5.75097131078604,1070573
12,2026-07-09 18:15:57,"ntc1_C",-5.98204316321034,1081979
12,2026-07-09 18:15:57,"ntc2_C",-5.9285902575329,1076347
12,2026-07-09 18:15:57,"testSB_C",-6.11655135635169,1081480
13,2026-07-09 18:15:57,"ntc1_C",-5.84341146351187,1073633
13,2026-07-09 18:15:57,"ntc2_C",-6.00350007743054,1079550
13,2026-07-09 18:15:57,"testSB_C",-5.86114950559227,1072733
14,2026-07-09 18:15:57,"ntc1_C",-6.00734173713772,1083532
14,2026-07-09 18:15:57,"ntc2_C",-5.9777247736103,1079860
14,2026-07-09 18:15:57,"testSB_C",-5.75156016133144,1069395
15,2026-07-09 18:15:57,"ntc1_C",-5.88381217011397,1077534
15,2026-07-09 18:15:57,"ntc2_C",-5.96224563353104,1078248
15,2026-07-09 18:15:57,"testSB_C",-6.05185817717432,1080852
16,2026-07-09 18:15:57,"ntc1_C",-6.01413489722461,1083789
16,2026-07-09 18:15:57,"ntc2_C",-6.0019850818947,1080251
16,2026-07-09 18:15:57,"testSB_C",-6.12804780987773,1085803
17,2026-07-09 18:15:57,"ntc1_C",-5.93966491293685,1081935
17,2026-07-09 18:15:57,"ntc2_C",-5.98089773398971,1083275
17,2026-07-09 18:15:57,"testSB_C",-5.9854759358023,1083374
18,2026-07-09 18:15:57,"ntc1_C",-5.99477978183199,1083393
18,2026-07-09 18:15:57,"ntc2_C",-6.02022500742146,1081652
18,2026-07-09 18:15:57,"testSB_C",-5.9803724381037,1079445
19,2026-07-09 18:15:57,"ntc1_C",-6.16759912629601,1090557
19,2026-07-09 18:15:57,"ntc2_C",-6.11834136477364,1085847
19,2026-07-09 18:15:57,"testSB_C",-6.24151719749784,1090268
20,2026-07-09 18:15:57,"ntc1_C",-6.22477997403007,1089973
20,2026-07-09 18:15:57,"ntc2_C",-6.29974772682391,1095849
20,2026-07-09 18:15:57,"testSB_C",-6.15564755331542,1090273
21,2026-07-09 18:15:57,"ntc1_C",-5.98644891402756,1080390
21,2026-07-09 18:15:57,"ntc2_C",-6.17810959512951,1090178
21,2026-07-09 18:15:57,"testSB_C",-6.11017281160292,1086657
22,2026-07-09 18:15:57,"ntc1_C",-6.11145145544674,1085926
22,2026-07-09 18:15:57,"ntc2_C",-6.22757951530366,1092715
22,2026-07-09 18:15:57,"testSB_C",-6.2689897788967,1095559
23,2026-07-09 18:15:57,"ntc1_C",-6.28274102037409,1095530
23,2026-07-09 18:15:57,"ntc2_C",-6.172027803145,1089673
23,2026-07-09 18:15:57,"testSB_C",-6.21891114340133,1091847
24,2026-07-09 18:15:57,"ntc1_C",-6.0627494474507,1083851
24,2026-07-09 18:15:57,"ntc2_C",-6.03853342654315,1084384
1,2026-07-09 22:15:57,"ntc1_C",-6.324385884847,1095637
1,2026-07-09 22:15:57,"ntc2_C",-6.67757736007599,1112708
1,2026-07-09 22:15:57,"testSB_C",-6.54288602576804,1104806
2,2026-07-09 22:15:57,"ntc1_C",-6.61768254419081,1108383
2,2026-07-09 22:15:57,"ntc2_C",-6.67361337056616,1110080
2,2026-07-09 22:15:57,"testSB_C",-6.61758766772851,1106669
3,2026-07-09 22:15:57,"ntc1_C",-6.58369402283478,1107945
3,2026-07-09 22:15:57,"ntc2_C",-6.74399594464,1113252
3,2026-07-09 22:15:57,"testSB_C",-6.67735221646717,1111465
4,2026-07-09 22:15:57,"ntc1_C",-6.68548624416309,1110587
4,2026-07-09 22:15:57,"ntc2_C",-6.81440601594858,1119008
4,2026-07-09 22:15:57,"testSB_C",-6.63184606023435,1109975
5,2026-07-09 22:15:57,"ntc1_C",-6.89097732176248,1122133
5,2026-07-09 22:15:57,"ntc2_C",-6.9809371911806,1122955
5,2026-07-09 22:15:57,"testSB_C",-6.65906075673973,1113206
6,2026-07-09 22:15:57,"ntc1_C",-6.87092301219161,1120900
6,2026-07-09 22:15:57,"ntc2_C",-7.37030871073046,1143291
6,2026-07-09 22:15:57,"testSB_C",-7.10421483062083,1131632
7,2026-07-09 22:15:57,"ntc1_C",-7.16120869640156,1136529
7,2026-07-09 22:15:57,"ntc2_C",-7.4395632221362,1146764
7,2026-07-09 22:15:57,"testSB_C",-7.28011753050379,1139797
8,2026-07-09 22:15:57,"ntc1_C",-6.46783851521724,1101011
8,2026-07-09 22:15:57,"ntc2_C",-6.75106335438915,1115631
8,2026-07-09 22:15:57,"testSB_C",-6.79591859279094,1116008
9,2026-07-09 22:15:57,"ntc1_C",-6.69150915739345,1111150
9,2026-07-09 22:15:57,"ntc2_C",-6.70616883777058,1114307
9,2026-07-09 22:15:57,"testSB_C",-6.74214770172972,1113295
10,2026-07-09 22:15:57,"ntc1_C",-6.72291965314633,1115524
10,2026-07-09 22:15:57,"ntc2_C",-6.78319333453015,1116221
10,2026-07-09 22:15:57,"testSB_C",-6.7722677156346,1115537
11,2026-07-09 22:15:57,"ntc1_C",-6.7163105453655,1114140
11,2026-07-09 22:15:57,"ntc2_C",-6.9416692303061,1124405
11,2026-07-09 22:15:57,"testSB_C",-6.69136201749882,1112339
12,2026-07-09 22:15:57,"ntc1_C",-6.98793561346105,1127189
12,2026-07-09 22:15:57,"ntc2_C",-6.9127126146139,1120352
12,2026-07-09 22:15:57,"testSB_C",-6.89425678121415,1116154
13,2026-07-09 22:15:57,"ntc1_C",-6.71512650935017,1112370
13,2026-07-09 22:15:57,"ntc2_C",-6.97419773965174,1123071
13,2026-07-09 22:15:57,"testSB_C",-6.69203286160842,1109628
14,2026-07-09 22:15:57,"ntc1_C",-6.80154677568282,1119118
14,2026-07-09 22:15:57,"ntc2_C",-6.78129497894008,1115761
14,2026-07-09 22:15:57,"testSB_C",-6.63679021912293,1108680
15,2026-07-09 22:15:57,"ntc1_C",-6.71268354486068,1114505
15,2026-07-09 22:15:57,"ntc2_C",-6.83642931469325,1117320
15,2026-07-09 22:15:57,"testSB_C",-6.80842530158651,1114591
16,2026-07-09 22:15:57,"ntc1_C",-6.77003790447407,1117661
16,2026-07-09 22:15:57,"ntc2_C",-6.90147662262342,1120528
16,2026-07-09 22:15:57,"testSB_C",-6.89892135116185,1120385
17,2026-07-09 22:15:57,"ntc1_C",-6.70400637303345,1116103
17,2026-07-09 22:15:57,"ntc2_C",-6.89271569236809,1124247
17,2026-07-09 22:15:57,"testSB_C",-6.71542360416169,1116038
18,2026-07-09 22:15:57,"ntc1_C",-6.68512411047806,1114268
18,2026-07-09 22:15:57,"ntc2_C",-6.82892336548167,1117846
18,2026-07-09 22:15:57,"testSB_C",-6.69467652445809,1111193
19,2026-07-09 22:15:57,"ntc1_C",-6.77568628537551,1117880
19,2026-07-09 22:15:57,"ntc2_C",-6.89344109455686,1120647
19,2026-07-09 22:15:57,"testSB_C",-6.8688128437031,1118455
20,2026-07-09 22:15:57,"ntc1_C",-6.82092049493122,1116736
20,2026-07-09 22:15:57,"ntc2_C",-6.97558077980949,1126426
20,2026-07-09 22:15:57,"testSB_C",-6.83967051834168,1121060
21,2026-07-09 22:15:57,"ntc1_C",-6.68598277151688,1111603
21,2026-07-09 22:15:57,"ntc2_C",-6.95775623904723,1125337
21,2026-07-09 22:15:57,"testSB_C",-6.87002839615036,1120865
22,2026-07-09 22:15:57,"ntc1_C",-6.78841566982584,1116230
22,2026-07-09 22:15:57,"ntc2_C",-6.89334609253024,1122733
22,2026-07-09 22:15:57,"testSB_C",-6.88100441768569,1123198
23,2026-07-09 22:15:57,"ntc1_C",-6.95594764031597,1125980
23,2026-07-09 22:15:57,"ntc2_C",-6.9262333408758,1123680
23,2026-07-09 22:15:57,"testSB_C",-6.88779177297488,1122004
24,2026-07-09 22:15:57,"ntc1_C",-6.80432585058287,1117019
24,2026-07-09 22:15:57,"ntc2_C",-6.91686003929186,1123847
1,2026-07-10 02:15:57,"ntc1_C",-10.7928680526919,1314647
1,2026-07-10 02:15:57,"ntc2_C",-10.8616064356427,1319684
1,2026-07-10 02:15:57,"testSB_C",-10.812571742794,1315189
2,2026-07-10 02:15:57,"ntc1_C",-10.8169951946088,1315465
2,2026-07-10 02:15:57,"ntc2_C",-10.8383366548279,1315579
2,2026-07-10 02:15:57,"testSB_C",-10.8234425562923,1313751
3,2026-07-10 02:15:57,"ntc1_C",-10.7901439259404,1315258
3,2026-07-10 02:15:57,"ntc2_C",-10.8436018223258,1315923
3,2026-07-10 02:15:57,"testSB_C",-10.8127307731693,1315705
4,2026-07-10 02:15:57,"ntc1_C",-10.813793983543,1314197
4,2026-07-10 02:15:57,"ntc2_C",-10.8297313608246,1318160
4,2026-07-10 02:15:57,"testSB_C",-10.7833921064414,1314798
5,2026-07-10 02:15:57,"ntc1_C",-10.8429692824388,1318271
5,2026-07-10 02:15:57,"ntc2_C",-10.8594190309946,1315472
5,2026-07-10 02:15:57,"testSB_C",-10.8244117639258,1319366
6,2026-07-10 02:15:57,"ntc1_C",-10.7681184129681,1313867
6,2026-07-10 02:15:57,"ntc2_C",-10.8734069406033,1318955
6,2026-07-10 02:15:57,"testSB_C",-10.8266765060586,1317239
7,2026-07-10 02:15:57,"ntc1_C",-10.8172901633071,1319311
7,2026-07-10 02:15:57,"ntc2_C",-10.8553788068928,1318328
7,2026-07-10 02:15:57,"testSB_C",-10.8582547165166,1318968
8,2026-07-10 02:15:57,"ntc1_C",-10.748119732273,1311032
8,2026-07-10 02:15:57,"ntc2_C",-10.8064830838213,1316279
8,2026-07-10 02:15:57,"testSB_C",-10.8088674961639,1314442
9,2026-07-10 02:15:57,"ntc1_C",-10.8140100694679,1314291
9,2026-07-10 02:15:57,"ntc2_C",-10.7981521904264,1316603
9,2026-07-10 02:15:57,"testSB_C",-10.803439109458,1313919
10,2026-07-10 02:15:57,"ntc1_C",-10.7765419928271,1316069
10,2026-07-10 02:15:57,"ntc2_C",-10.7976532182782,1314814
10,2026-07-10 02:15:57,"testSB_C",-10.8003648263151,1314734
11,2026-07-10 02:15:57,"ntc1_C",-10.7750742921053,1314632
11,2026-07-10 02:15:57,"ntc2_C",-10.8387918438572,1318106
11,2026-07-10 02:15:57,"testSB_C",-10.7908770271019,1314788
12,2026-07-10 02:15:57,"ntc1_C",-10.855836079595,1319784
12,2026-07-10 02:15:57,"ntc2_C",-10.8359932820499,1314862
12,2026-07-10 02:15:57,"testSB_C",-10.8788111364459,1312468
13,2026-07-10 02:15:57,"ntc1_C",-10.8038363479732,1314010
13,2026-07-10 02:15:57,"ntc2_C",-10.8375777450714,1314817
13,2026-07-10 02:15:57,"testSB_C",-10.7851506235457,1311247
14,2026-07-10 02:15:57,"ntc1_C",-10.8105051944168,1317803
14,2026-07-10 02:15:57,"ntc2_C",-10.8016591652199,1314581
14,2026-07-10 02:15:57,"testSB_C",-10.7432647178745,1311021
15,2026-07-10 02:15:57,"ntc1_C",-10.7743827817245,1315313
15,2026-07-10 02:15:57,"ntc2_C",-10.8113745335241,1314072
15,2026-07-10 02:15:57,"testSB_C",-10.8504888816543,1313610
16,2026-07-10 02:15:57,"ntc1_C",-10.8044425862986,1317620
16,2026-07-10 02:15:57,"ntc2_C",-10.8324652050156,1315369
16,2026-07-10 02:15:57,"testSB_C",-10.8560230861987,1316216
17,2026-07-10 02:15:57,"ntc1_C",-10.7997546325212,1318905
17,2026-07-10 02:15:57,"ntc2_C",-10.8450887731404,1320972
17,2026-07-10 02:15:57,"testSB_C",-10.8027339584173,1318449
18,2026-07-10 02:15:57,"ntc1_C",-10.7853203699234,1317118
18,2026-07-10 02:15:57,"ntc2_C",-10.8214278853455,1315538
18,2026-07-10 02:15:57,"testSB_C",-10.8497382169825,1315615
19,2026-07-10 02:15:57,"ntc1_C",-10.7988951159369,1317167
19,2026-07-10 02:15:57,"ntc2_C",-10.833567403054,1315997
19,2026-07-10 02:15:57,"testSB_C",-10.8495413001948,1315323
20,2026-07-10 02:15:57,"ntc1_C",-10.8310762414814,1315083
20,2026-07-10 02:15:57,"ntc2_C",-10.8440399112475,1319006
20,2026-07-10 02:15:57,"testSB_C",-10.8245753896354,1318936
21,2026-07-10 02:15:57,"ntc1_C",-10.7924550776493,1314365
21,2026-07-10 02:15:57,"ntc2_C",-10.8484777888763,1318901
21,2026-07-10 02:15:57,"testSB_C",-10.8224641690688,1317215
22,2026-07-10 02:15:57,"ntc1_C",-10.8223128216309,1315575
22,2026-07-10 02:15:57,"ntc2_C",-10.8299694725743,1318269
22,2026-07-10 02:15:57,"testSB_C",-10.8205180772121,1318989
23,2026-07-10 02:15:57,"ntc1_C",-10.843712767034,1319516
23,2026-07-10 02:15:57,"ntc2_C",-10.8326336173989,1317960
23,2026-07-10 02:15:57,"testSB_C",-10.8269473596885,1317688
24,2026-07-10 02:15:57,"ntc1_C",-10.846986650915,1316894
24,2026-07-10 02:15:57,"ntc2_C",-10.8250026797324,1318013
1,2026-07-10 06:15:57,"ntc1_C",-12.7568685994381,1424428
1,2026-07-10 06:15:57,"ntc2_C",-12.795338644846,1428070
1,2026-07-10 06:15:57,"testSB_C",-12.7531462292812,1423750
2,2026-07-10 06:15:57,"ntc1_C",-12.7421654171974,1423060
2,2026-07-10 06:15:57,"ntc2_C",-12.7516162211332,1422467
2,2026-07-10 06:15:57,"testSB_C",-12.7373573523604,1420541
3,2026-07-10 06:15:57,"ntc1_C",-12.7120214859799,1422608
3,2026-07-10 06:15:57,"ntc2_C",-12.7468850905861,1422296
3,2026-07-10 06:15:57,"testSB_C",-12.7321414002836,1422987
4,2026-07-10 06:15:57,"ntc1_C",-12.7231326180355,1420744
4,2026-07-10 06:15:57,"ntc2_C",-12.7257468883246,1424276
4,2026-07-10 06:15:57,"testSB_C",-12.6938948307345,1421489
5,2026-07-10 06:15:57,"ntc1_C",-12.7344882154279,1424042
5,2026-07-10 06:15:57,"ntc2_C",-12.7342284510006,1420149
5,2026-07-10 06:15:57,"testSB_C",-12.7155331130332,1425290
6,2026-07-10 06:15:57,"ntc1_C",-12.6223579443524,1417114
6,2026-07-10 06:15:57,"ntc2_C",-12.6918282946775,1420620
6,2026-07-10 06:15:57,"testSB_C",-12.6736085289448,1420436
7,2026-07-10 06:15:57,"ntc1_C",-12.6478460930272,1421684
7,2026-07-10 06:15:57,"ntc2_C",-12.6855592495041,1420665
7,2026-07-10 06:15:57,"testSB_C",-12.708433643118,1422475
8,2026-07-10 06:15:57,"ntc1_C",-12.6938634012669,1419458
8,2026-07-10 06:15:57,"ntc2_C",-12.7110713373641,1422710
8,2026-07-10 06:15:57,"testSB_C",-12.7181853267514,1421000
9,2026-07-10 06:15:57,"ntc1_C",-12.7242980102525,1420703
9,2026-07-10 06:15:57,"ntc2_C",-12.7035085867241,1423072
9,2026-07-10 06:15:57,"testSB_C",-12.7073952291403,1420175
10,2026-07-10 06:15:57,"ntc1_C",-12.7063469766962,1423961
10,2026-07-10 06:15:57,"ntc2_C",-12.7051216362952,1421316
10,2026-07-10 06:15:57,"testSB_C",-12.7084422299554,1421266
11,2026-07-10 06:15:57,"ntc1_C",-12.7095742029169,1422645
11,2026-07-10 06:15:57,"ntc2_C",-12.7267153648459,1423718
11,2026-07-10 06:15:57,"testSB_C",-12.7052556812744,1421689
12,2026-07-10 06:15:57,"ntc1_C",-12.7373093180871,1425152
12,2026-07-10 06:15:57,"ntc2_C",-12.7385018632079,1421123
12,2026-07-10 06:15:57,"testSB_C",-12.8085845034689,1419722
13,2026-07-10 06:15:57,"ntc1_C",-12.730666447583,1421428
13,2026-07-10 06:15:57,"ntc2_C",-12.7428760795508,1421222
13,2026-07-10 06:15:57,"testSB_C",-12.7229273158485,1419227
14,2026-07-10 06:15:57,"ntc1_C",-12.737419268243,1425582
14,2026-07-10 06:15:57,"ntc2_C",-12.7230996266963,1421879
14,2026-07-10 06:15:57,"testSB_C",-12.7032665929597,1420284
15,2026-07-10 06:15:57,"ntc1_C",-12.7123423350719,1423621
15,2026-07-10 06:15:57,"ntc2_C",-12.7120974209723,1420167
15,2026-07-10 06:15:57,"testSB_C",-12.7823942077922,1420841
16,2026-07-10 06:15:57,"ntc1_C",-12.7209031173362,1424889
16,2026-07-10 06:15:57,"ntc2_C",-12.7057859107568,1419918
16,2026-07-10 06:15:57,"testSB_C",-12.7560179204282,1422042
17,2026-07-10 06:15:57,"ntc1_C",-12.7127568812599,1425986
17,2026-07-10 06:15:57,"ntc2_C",-12.7023880678271,1425070
17,2026-07-10 06:15:57,"testSB_C",-12.717455779155,1425633
18,2026-07-10 06:15:57,"ntc1_C",-12.7007228719988,1424278
18,2026-07-10 06:15:57,"ntc2_C",-12.7014182095389,1420504
18,2026-07-10 06:15:57,"testSB_C",-12.7936972104509,1423819
19,2026-07-10 06:15:57,"ntc1_C",-12.7068677334777,1423856
19,2026-07-10 06:15:57,"ntc2_C",-12.7106296765707,1420813
19,2026-07-10 06:15:57,"testSB_C",-12.7568184114096,1421565
20,2026-07-10 06:15:57,"ntc1_C",-12.748452088451,1422114
20,2026-07-10 06:15:57,"ntc2_C",-12.714213122711,1423698
20,2026-07-10 06:15:57,"testSB_C",-12.7255429343159,1425399
21,2026-07-10 06:15:57,"ntc1_C",-12.7107092405454,1421499
21,2026-07-10 06:15:57,"ntc2_C",-12.7115682962329,1423158
21,2026-07-10 06:15:57,"testSB_C",-12.7101798084727,1422797
22,2026-07-10 06:15:57,"ntc1_C",-12.7240523405974,1421634
22,2026-07-10 06:15:57,"ntc2_C",-12.7027117479079,1423014
22,2026-07-10 06:15:57,"testSB_C",-12.7180141378921,1425241
23,2026-07-10 06:15:57,"ntc1_C",-12.7127429919062,1424164
23,2026-07-10 06:15:57,"ntc2_C",-12.7009935503516,1422522
23,2026-07-10 06:15:57,"testSB_C",-12.716363925746,1423424
24,2026-07-10 06:15:57,"ntc1_C",-12.7412678935583,1422567
24,2026-07-10 06:15:57,"ntc2_C",-12.6870166053093,1422090
1,2026-07-10 10:15:57,"ntc1_C",-11.7168463107069,1365199
1,2026-07-10 10:15:57,"ntc2_C",-12.8381094332552,1430565
1,2026-07-10 10:15:57,"testSB_C",-11.9883989190101,1379939
2,2026-07-10 10:15:57,"ntc1_C",-12.2115722504287,1392558
2,2026-07-10 10:15:57,"ntc2_C",-12.6082527659254,1414166
2,2026-07-10 10:15:57,"testSB_C",-12.2828423683561,1394421
3,2026-07-10 10:15:57,"ntc1_C",-12.1309523675725,1389260
3,2026-07-10 10:15:57,"ntc2_C",-12.8068984895992,1425786
3,2026-07-10 10:15:57,"testSB_C",-12.371163486448,1402165
4,2026-07-10 10:15:57,"ntc1_C",-12.183487001578,1389784
4,2026-07-10 10:15:57,"ntc2_C",-12.8347116698584,1430627
4,2026-07-10 10:15:57,"testSB_C",-11.9782113851235,1380545
5,2026-07-10 10:15:57,"ntc1_C",-13.0587883089215,1443007
5,2026-07-10 10:15:57,"ntc2_C",-12.7834272270167,1423005
5,2026-07-10 10:15:57,"testSB_C",-12.129350902461,1391580
6,2026-07-10 10:15:57,"ntc1_C",-13.1697949713557,1449112
6,2026-07-10 10:15:57,"ntc2_C",-14.0433328053905,1501192
6,2026-07-10 10:15:57,"testSB_C",-14.3888072082722,1523449
7,2026-07-10 10:15:57,"ntc1_C",-13.1983305325752,1453989
7,2026-07-10 10:15:57,"ntc2_C",-13.9717874063531,1497275
7,2026-07-10 10:15:57,"testSB_C",-14.7421915428961,1545561
8,2026-07-10 10:15:57,"ntc1_C",-12.3268846087367,1398345
8,2026-07-10 10:15:57,"ntc2_C",-12.5305064561747,1412262
8,2026-07-10 10:15:57,"testSB_C",-12.3770283873017,1401347
9,2026-07-10 10:15:57,"ntc1_C",-12.0189529489321,1380449
9,2026-07-10 10:15:57,"ntc2_C",-12.1044618176938,1388703
9,2026-07-10 10:15:57,"testSB_C",-11.8870317818855,1373378
10,2026-07-10 10:15:57,"ntc1_C",-11.9089422320927,1378348
10,2026-07-10 10:15:57,"ntc2_C",-12.2512195678822,1395217
10,2026-07-10 10:15:57,"testSB_C",-11.9788791493354,1379551
11,2026-07-10 10:15:57,"ntc1_C",-12.0889441119156,1387060
11,2026-07-10 10:15:57,"ntc2_C",-12.9658241460938,1437682
11,2026-07-10 10:15:57,"testSB_C",-11.9757762655144,1379967
12,2026-07-10 10:15:57,"ntc1_C",-13.0213570286126,1441772
12,2026-07-10 10:15:57,"ntc2_C",-12.8158020578377,1425617
12,2026-07-10 10:15:57,"testSB_C",-11.9621514906399,1371641
13,2026-07-10 10:15:57,"ntc1_C",-11.7081560690506,1363377
13,2026-07-10 10:15:57,"ntc2_C",-12.9845467250465,1435318
13,2026-07-10 10:15:57,"testSB_C",-11.7179274499438,1362159
14,2026-07-10 10:15:57,"ntc1_C",-12.1261780846869,1390475
14,2026-07-10 10:15:57,"ntc2_C",-12.0258653214972,1381968
14,2026-07-10 10:15:57,"testSB_C",-11.6719732200546,1361710
15,2026-07-10 10:15:57,"ntc1_C",-12.0545071739805,1385893
15,2026-07-10 10:15:57,"ntc2_C",-12.5127496929784,1408650
15,2026-07-10 10:15:57,"testSB_C",-12.1558553070693,1385152
16,2026-07-10 10:15:57,"ntc1_C",-11.8635291765581,1375862
16,2026-07-10 10:15:57,"ntc2_C",-12.7462423525976,1422265
16,2026-07-10 10:15:57,"testSB_C",-12.3793069339757,1400412
17,2026-07-10 10:15:57,"ntc1_C",-11.9285536702544,1381079
17,2026-07-10 10:15:57,"ntc2_C",-12.8623834449329,1434411
17,2026-07-10 10:15:57,"testSB_C",-11.9798756307358,1383351
18,2026-07-10 10:15:57,"ntc1_C",-11.603909518848,1361892
18,2026-07-10 10:15:57,"ntc2_C",-12.4568231782542,1406388
18,2026-07-10 10:15:57,"testSB_C",-11.3994252634186,1345354
19,2026-07-10 10:15:57,"ntc1_C",-11.7069469046278,1366908
19,2026-07-10 10:15:57,"ntc2_C",-12.6376104499552,1416584
19,2026-07-10 10:15:57,"testSB_C",-12.0893278276897,1383451
20,2026-07-10 10:15:57,"ntc1_C",-11.9124803954256,1374420
20,2026-07-10 10:15:57,"ntc2_C",-12.3987802170783,1405476
20,2026-07-10 10:15:57,"testSB_C",-12.0407301727232,1386092
21,2026-07-10 10:15:57,"ntc1_C",-11.495428838125,1352655
21,2026-07-10 10:15:57,"ntc2_C",-12.4798102209559,1409754
21,2026-07-10 10:15:57,"testSB_C",-11.9175958816615,1377482
22,2026-07-10 10:15:57,"ntc1_C",-11.7224731841886,1364755
22,2026-07-10 10:15:57,"ntc2_C",-11.9511670358099,1380016
22,2026-07-10 10:15:57,"testSB_C",-11.8350865691157,1374777
23,2026-07-10 10:15:57,"ntc1_C",-11.8592553427424,1375387
23,2026-07-10 10:15:57,"ntc2_C",-11.9847785157404,1381495
23,2026-07-10 10:15:57,"testSB_C",-11.6215062147055,1361162
24,2026-07-10 10:15:57,"ntc1_C",-11.2777524377597,1340215
24,2026-07-10 10:15:57,"ntc2_C",-12.3818017938739,1404485
1,2026-07-10 14:15:57,"ntc1_C",-5.68739248029533,1067608
1,2026-07-10 14:15:57,"ntc2_C",-6.25109939315342,1093564
1,2026-07-10 14:15:57,"testSB_C",-5.83776532729723,1073523
2,2026-07-10 14:15:57,"ntc1_C",-6.07695336740511,1084254
2,2026-07-10 14:15:57,"ntc2_C",-6.14681078369927,1086533
2,2026-07-10 14:15:57,"testSB_C",-6.1268462710172,1084785
3,2026-07-10 14:15:57,"ntc1_C",-5.67931264793918,1067921
3,2026-07-10 14:15:57,"ntc2_C",-6.0534533473342,1082390
3,2026-07-10 14:15:57,"testSB_C",-5.85283361360615,1074782
4,2026-07-10 14:15:57,"ntc1_C",-5.94792509541162,1077757
4,2026-07-10 14:15:57,"ntc2_C",-5.9666605607112,1081052
4,2026-07-10 14:15:57,"testSB_C",-5.72575481761874,1069789
5,2026-07-10 14:15:57,"ntc1_C",-6.16398286520047,1089431
5,2026-07-10 14:15:57,"ntc2_C",-6.47267850018585,1099951
5,2026-07-10 14:15:57,"testSB_C",-5.93880058465669,1081043
6,2026-07-10 14:15:57,"ntc1_C",-7.21172005669627,1136557
6,2026-07-10 14:15:57,"ntc2_C",-7.61854344589835,1154916
6,2026-07-10 14:15:57,"testSB_C",-7.86027116460428,1167046
7,2026-07-10 14:15:57,"ntc1_C",-7.48964153814552,1151839
7,2026-07-10 14:15:57,"ntc2_C",-7.55166467612543,1152017
7,2026-07-10 14:15:57,"testSB_C",-8.07631791954327,1177401
8,2026-07-10 14:15:57,"ntc1_C",-5.84909485823243,1073632
8,2026-07-10 14:15:57,"ntc2_C",-6.20446666925727,1091084
8,2026-07-10 14:15:57,"testSB_C",-6.26638273368218,1092211
9,2026-07-10 14:15:57,"ntc1_C",-6.10561887698401,1084993
9,2026-07-10 14:15:57,"ntc2_C",-6.05806440862068,1085309
9,2026-07-10 14:15:57,"testSB_C",-6.18380531744134,1088272
10,2026-07-10 14:15:57,"ntc1_C",-6.26140013299118,1094763
10,2026-07-10 14:15:57,"ntc2_C",-6.49289288302759,1103105
10,2026-07-10 14:15:57,"testSB_C",-6.30909830555538,1094700
11,2026-07-10 14:15:57,"ntc1_C",-6.20520340487366,1091211
11,2026-07-10 14:15:57,"ntc2_C",-6.53640121026706,1106005
11,2026-07-10 14:15:57,"testSB_C",-6.03906926551207,1083194
12,2026-07-10 14:15:57,"ntc1_C",-6.56371724208009,1107890
12,2026-07-10 14:15:57,"ntc2_C",-6.50440426389514,1101874
12,2026-07-10 14:15:57,"testSB_C",-6.21269924812816,1085706
13,2026-07-10 14:15:57,"ntc1_C",-6.07136969270994,1083627
13,2026-07-10 14:15:57,"ntc2_C",-6.53579340012772,1103196
13,2026-07-10 14:15:57,"testSB_C",-5.82817182054612,1071295
14,2026-07-10 14:15:57,"ntc1_C",-6.32655004304638,1097693
14,2026-07-10 14:15:57,"ntc2_C",-6.11681714416636,1085988
14,2026-07-10 14:15:57,"testSB_C",-5.72404410784446,1068197
15,2026-07-10 14:15:57,"ntc1_C",-6.04106966915924,1084450
15,2026-07-10 14:15:57,"ntc2_C",-6.21294253201938,1089307
15,2026-07-10 14:15:57,"testSB_C",-6.126154134138,1084119
16,2026-07-10 14:15:57,"ntc1_C",-6.05851111281146,1085748
16,2026-07-10 14:15:57,"ntc2_C",-6.22073753054292,1089907
16,2026-07-10 14:15:57,"testSB_C",-6.10683789015201,1084867
17,2026-07-10 14:15:57,"ntc1_C",-5.93309445334609,1081646
17,2026-07-10 14:15:57,"ntc2_C",-6.12573302775672,1089679
17,2026-07-10 14:15:57,"testSB_C",-5.8011407921984,1075282
18,2026-07-10 14:15:57,"ntc1_C",-5.7124206145408,1071020
18,2026-07-10 14:15:57,"ntc2_C",-5.9624298952557,1079112
18,2026-07-10 14:15:57,"testSB_C",-5.43517249709845,1055839
19,2026-07-10 14:15:57,"ntc1_C",-5.69381735368864,1069746
19,2026-07-10 14:15:57,"ntc2_C",-5.95542287216148,1078675
19,2026-07-10 14:15:57,"testSB_C",-5.8313826247034,1072231
20,2026-07-10 14:15:57,"ntc1_C",-5.85702028901181,1073793
20,2026-07-10 14:15:57,"ntc2_C",-6.01447818868093,1083200
20,2026-07-10 14:15:57,"testSB_C",-5.83463342793573,1076126
21,2026-07-10 14:15:57,"ntc1_C",-5.5071824045886,1059528
21,2026-07-10 14:15:57,"ntc2_C",-6.02045716854809,1083207
21,2026-07-10 14:15:57,"testSB_C",-5.82329834288822,1074021
22,2026-07-10 14:15:57,"ntc1_C",-5.59881651356261,1063542
22,2026-07-10 14:15:57,"ntc2_C",-5.87448183728844,1077131
22,2026-07-10 14:15:57,"testSB_C",-5.84469058168639,1076809
23,2026-07-10 14:15:57,"ntc1_C",-6.00333897357064,1083142
23,2026-07-10 14:15:57,"ntc2_C",-6.08331254172987,1085743
23,2026-07-10 14:15:57,"testSB_C",-5.89684312064799,1077625
24,2026-07-10 14:15:57,"ntc1_C",-5.7498940855175,1070163
24,2026-07-10 14:15:57,"ntc2_C",-5.97203716157043,1081455
1,2026-07-10 18:15:57,"ntc1_C",-6.03741613166375,1082917
1,2026-07-10 18:15:57,"ntc2_C",-6.21290218515657,1091866
1,2026-07-10 18:15:57,"testSB_C",-6.08725187596713,1084486
2,2026-07-10 18:15:57,"ntc1_C",-6.42311991410833,1099638
2,2026-07-10 18:15:57,"ntc2_C",-6.289956373873,1092880
2,2026-07-10 18:15:57,"testSB_C",-6.4352430267113,1098485
3,2026-07-10 18:15:57,"ntc1_C",-5.96973818479654,1080609
3,2026-07-10 18:15:57,"ntc2_C",-6.12927100439043,1085735
3,2026-07-10 18:15:57,"testSB_C",-6.14292570207164,1087544
4,2026-07-10 18:15:57,"ntc1_C",-6.37961800696024,1096849
4,2026-07-10 18:15:57,"ntc2_C",-6.09000455388627,1086491
4,2026-07-10 18:15:57,"testSB_C",-6.24200581235823,1092498
5,2026-07-10 18:15:57,"ntc1_C",-6.13335508706865,1088075
5,2026-07-10 18:15:57,"ntc2_C",-6.6619413858001,1108460
5,2026-07-10 18:15:57,"testSB_C",-6.51131171511463,1106529
6,2026-07-10 18:15:57,"ntc1_C",-7.26443955806008,1138999
6,2026-07-10 18:15:57,"ntc2_C",-7.09677775296808,1130620
6,2026-07-10 18:15:57,"testSB_C",-7.79648645797488,1164015
7,2026-07-10 18:15:57,"ntc1_C",-7.37527589131855,1146484
7,2026-07-10 18:15:57,"ntc2_C",-7.4568618416526,1147573
7,2026-07-10 18:15:57,"testSB_C",-7.57972063366793,1153801
8,2026-07-10 18:15:57,"ntc1_C",-6.23174174758356,1090480
8,2026-07-10 18:15:57,"ntc2_C",-6.28801954041319,1094800
8,2026-07-10 18:15:57,"testSB_C",-6.42533708515327,1099299
9,2026-07-10 18:15:57,"ntc1_C",-6.32651654846643,1094780
9,2026-07-10 18:15:57,"ntc2_C",-6.19242064240945,1091256
9,2026-07-10 18:15:57,"testSB_C",-6.40463673148315,1098099
10,2026-07-10 18:15:57,"ntc1_C",-6.28448624851973,1095792
10,2026-07-10 18:15:57,"ntc2_C",-6.49527547051969,1103212
10,2026-07-10 18:15:57,"testSB_C",-6.35038413250112,1096541
11,2026-07-10 18:15:57,"ntc1_C",-6.18270651164067,1090213
11,2026-07-10 18:15:57,"ntc2_C",-6.06820849294451,1085133
11,2026-07-10 18:15:57,"testSB_C",-6.03271535007042,1082914
12,2026-07-10 18:15:57,"ntc1_C",-6.05925073723171,1085382
12,2026-07-10 18:15:57,"ntc2_C",-5.92662665027569,1076261
12,2026-07-10 18:15:57,"testSB_C",-6.06830927188804,1079366
13,2026-07-10 18:15:57,"ntc1_C",-6.03870325026742,1082189
13,2026-07-10 18:15:57,"ntc2_C",-5.74972307617236,1068461
13,2026-07-10 18:15:57,"testSB_C",-5.79427513385377,1069819
14,2026-07-10 18:15:57,"ntc1_C",-5.94845021137633,1080940
14,2026-07-10 18:15:57,"ntc2_C",-5.79711388010975,1071956
14,2026-07-10 18:15:57,"testSB_C",-5.56771958299998,1061417
15,2026-07-10 18:15:57,"ntc1_C",-5.66966241111857,1068189
15,2026-07-10 18:15:57,"ntc2_C",-5.54550861315801,1060120
15,2026-07-10 18:15:57,"testSB_C",-5.71190623993766,1066030
16,2026-07-10 18:15:57,"ntc1_C",-5.70454375035865,1070223
16,2026-07-10 18:15:57,"ntc2_C",-5.28015300670671,1049010
16,2026-07-10 18:15:57,"testSB_C",-5.42986813773229,1055420
17,2026-07-10 18:15:57,"ntc1_C",-5.65194445675701,1069354
17,2026-07-10 18:15:57,"ntc2_C",-5.2848277522877,1053035
17,2026-07-10 18:15:57,"testSB_C",-5.45961703675226,1060454
18,2026-07-10 18:15:57,"ntc1_C",-5.52882141493291,1063053
18,2026-07-10 18:15:57,"ntc2_C",-5.38291207392172,1053981
18,2026-07-10 18:15:57,"testSB_C",-5.28800039395514,1049558
19,2026-07-10 18:15:57,"ntc1_C",-5.44580837804489,1059016
19,2026-07-10 18:15:57,"ntc2_C",-5.3907483926439,1054193
19,2026-07-10 18:15:57,"testSB_C",-5.46097929437246,1056203
20,2026-07-10 18:15:57,"ntc1_C",-5.63566859981239,1064174
20,2026-07-10 18:15:57,"ntc2_C",-5.58934267107696,1064628
20,2026-07-10 18:15:57,"testSB_C",-5.54984504211285,1063734
21,2026-07-10 18:15:57,"ntc1_C",-5.33777998813684,1052254
21,2026-07-10 18:15:57,"ntc2_C",-5.54857508866087,1062615
21,2026-07-10 18:15:57,"testSB_C",-5.4790720348866,1059057
22,2026-07-10 18:15:57,"ntc1_C",-5.50901352587812,1059670
22,2026-07-10 18:15:57,"ntc2_C",-5.76278273374555,1072249
22,2026-07-10 18:15:57,"testSB_C",-5.66588769067482,1069007
23,2026-07-10 18:15:57,"ntc1_C",-6.05455604398298,1085402
23,2026-07-10 18:15:57,"ntc2_C",-5.93166671750043,1079059
23,2026-07-10 18:15:57,"testSB_C",-6.04995001290837,1084362
24,2026-07-10 18:15:57,"ntc1_C",-5.90452420687177,1076906
24,2026-07-10 18:15:57,"ntc2_C",-5.60035924993332,1065233
1,2026-07-10 22:15:57,"ntc1_C",-7.81375488130692,1164164
1,2026-07-10 22:15:57,"ntc2_C",-8.0060769422866,1174576
1,2026-07-10 22:15:57,"testSB_C",-7.7998216897455,1162912
2,2026-07-10 22:15:57,"ntc1_C",-7.94056647186051,1169766
2,2026-07-10 22:15:57,"ntc2_C",-8.00280058310057,1171848
2,2026-07-10 22:15:57,"testSB_C",-7.94379553772768,1168106
3,2026-07-10 22:15:57,"ntc1_C",-7.77666649882457,1163110
3,2026-07-10 22:15:57,"ntc2_C",-7.96187136051901,1169901
3,2026-07-10 22:15:57,"testSB_C",-7.81366900764385,1164138
4,2026-07-10 22:15:57,"ntc1_C",-7.85572247241168,1164801
4,2026-07-10 22:15:57,"ntc2_C",-7.97187467091601,1173052
4,2026-07-10 22:15:57,"testSB_C",-7.86127826337167,1166995
5,2026-07-10 22:15:57,"ntc1_C",-7.9682060550777,1172451
5,2026-07-10 22:15:57,"ntc2_C",-8.03458776058307,1172228
5,2026-07-10 22:15:57,"testSB_C",-7.99350134472979,1175415
6,2026-07-10 22:15:57,"ntc1_C",-8.41996175905552,1193892
6,2026-07-10 22:15:57,"ntc2_C",-8.60365080372361,1202252
6,2026-07-10 22:15:57,"testSB_C",-8.89873916775662,1217541
7,2026-07-10 22:15:57,"ntc1_C",-8.53645133898732,1202057
7,2026-07-10 22:15:57,"ntc2_C",-8.6411010876518,1204365
7,2026-07-10 22:15:57,"testSB_C",-8.60985421419008,1203305
8,2026-07-10 22:15:57,"ntc1_C",-7.90773319575618,1167537
8,2026-07-10 22:15:57,"ntc2_C",-7.91493708971592,1169804
8,2026-07-10 22:15:57,"testSB_C",-7.93431179956099,1168984
9,2026-07-10 22:15:57,"ntc1_C",-7.90096320416353,1167205
9,2026-07-10 22:15:57,"ntc2_C",-7.81308616578923,1165686
9,2026-07-10 22:15:57,"testSB_C",-7.91004741124385,1167564
10,2026-07-10 22:15:57,"ntc1_C",-7.80778460817351,1165932
10,2026-07-10 22:15:57,"ntc2_C",-7.85053231449035,1165835
10,2026-07-10 22:15:57,"testSB_C",-7.89806521706129,1167898
11,2026-07-10 22:15:57,"ntc1_C",-7.79477056543919,1164160
11,2026-07-10 22:15:57,"ntc2_C",-7.9063132412997,1169475
11,2026-07-10 22:15:57,"testSB_C",-7.79610083491099,1163549
12,2026-07-10 22:15:57,"ntc1_C",-7.95093475152498,1172289
12,2026-07-10 22:15:57,"ntc2_C",-7.883431194982,1165569
12,2026-07-10 22:15:57,"testSB_C",-7.83743960639669,1159742
13,2026-07-10 22:15:57,"ntc1_C",-7.78349403323892,1161808
13,2026-07-10 22:15:57,"ntc2_C",-7.94668717834702,1168480
13,2026-07-10 22:15:57,"testSB_C",-7.77466558020001,1159667
14,2026-07-10 22:15:57,"ntc1_C",-7.85563188766895,1168206
14,2026-07-10 22:15:57,"ntc2_C",-7.82035146920873,1164008
14,2026-07-10 22:15:57,"testSB_C",-7.81677564335564,1163349
15,2026-07-10 22:15:57,"ntc1_C",-7.81369865193966,1165638
15,2026-07-10 22:15:57,"ntc2_C",-7.88034826882915,1165889
15,2026-07-10 22:15:57,"testSB_C",-7.91995740700935,1166096
16,2026-07-10 22:15:57,"ntc1_C",-7.86939288103247,1168873
16,2026-07-10 22:15:57,"ntc2_C",-7.92768702766693,1168367
16,2026-07-10 22:15:57,"testSB_C",-7.8926001657486,1166616
17,2026-07-10 22:15:57,"ntc1_C",-7.89073690852592,1171363
17,2026-07-10 22:15:57,"ntc2_C",-8.05509058879886,1178793
17,2026-07-10 22:15:57,"testSB_C",-7.90104986742062,1171262
18,2026-07-10 22:15:57,"ntc1_C",-7.91909351046218,1171726
18,2026-07-10 22:15:57,"ntc2_C",-7.90824809677065,1168099
18,2026-07-10 22:15:57,"testSB_C",-7.86714118168919,1165384
19,2026-07-10 22:15:57,"ntc1_C",-7.84929031566679,1167848
19,2026-07-10 22:15:57,"ntc2_C",-8.014848081146,1173033
19,2026-07-10 22:15:57,"testSB_C",-7.8932449703986,1166087
20,2026-07-10 22:15:57,"ntc1_C",-7.92256620598243,1167981
20,2026-07-10 22:15:57,"ntc2_C",-8.04080100887313,1176408
20,2026-07-10 22:15:57,"testSB_C",-7.94858176921952,1172879
21,2026-07-10 22:15:57,"ntc1_C",-7.79413755750386,1162957
21,2026-07-10 22:15:57,"ntc2_C",-8.04213058660844,1176182
21,2026-07-10 22:15:57,"testSB_C",-7.92459462760308,1170165
22,2026-07-10 22:15:57,"ntc1_C",-7.93960440421182,1169767
22,2026-07-10 22:15:57,"ntc2_C",-8.00385937791566,1174699
22,2026-07-10 22:15:57,"testSB_C",-7.95669922911515,1173523
23,2026-07-10 22:15:57,"ntc1_C",-8.1218948482188,1180784
23,2026-07-10 22:15:57,"ntc2_C",-8.11267361704472,1179393
23,2026-07-10 22:15:57,"testSB_C",-8.10176593732962,1178937
24,2026-07-10 22:15:57,"ntc1_C",-8.05006648761099,1175092
24,2026-07-10 22:15:57,"ntc2_C",-8.01090746158411,1175070
1,2026-07-11 02:15:57,"ntc1_C",-8.79931362643191,1211907
1,2026-07-11 02:15:57,"ntc2_C",-8.84733757076202,1215560
1,2026-07-11 02:15:57,"testSB_C",-8.78294017466845,1210530
2,2026-07-11 02:15:57,"ntc1_C",-8.79536339287216,1211267
2,2026-07-11 02:15:57,"ntc2_C",-8.81044431369133,1211084
2,2026-07-11 02:15:57,"testSB_C",-8.79240372108649,1209237
3,2026-07-11 02:15:57,"ntc1_C",-8.74321318861371,1209859
3,2026-07-11 02:15:57,"ntc2_C",-8.79069660477552,1210130
3,2026-07-11 02:15:57,"testSB_C",-8.75283202934133,1209594
4,2026-07-11 02:15:57,"ntc1_C",-8.75661645346696,1208377
4,2026-07-11 02:15:57,"ntc2_C",-8.77989416179639,1212354
4,2026-07-11 02:15:57,"testSB_C",-8.7405297262431,1209603
5,2026-07-11 02:15:57,"ntc1_C",-8.7834969017772,1212061
5,2026-07-11 02:15:57,"ntc2_C",-8.77591209074768,1208214
5,2026-07-11 02:15:57,"testSB_C",-8.75712957100484,1212600
6,2026-07-11 02:15:57,"ntc1_C",-8.79805640919716,1212433
6,2026-07-11 02:15:57,"ntc2_C",-8.80449657583387,1212143
6,2026-07-11 02:15:57,"testSB_C",-8.85209599731132,1215226
7,2026-07-11 02:15:57,"ntc1_C",-8.79582574580439,1214841
7,2026-07-11 02:15:57,"ntc2_C",-8.8059585687609,1212495
7,2026-07-11 02:15:57,"testSB_C",-8.82415390460841,1213872
8,2026-07-11 02:15:57,"ntc1_C",-8.71200902985061,1206471
8,2026-07-11 02:15:57,"ntc2_C",-8.72331727845597,1209005
8,2026-07-11 02:15:57,"testSB_C",-8.72595354046251,1207332
9,2026-07-11 02:15:57,"ntc1_C",-8.72830158603034,1207201
9,2026-07-11 02:15:57,"ntc2_C",-8.69992946310936,1208593
9,2026-07-11 02:15:57,"testSB_C",-8.69728995563031,1205664
10,2026-07-11 02:15:57,"ntc1_C",-8.65768196050254,1207045
10,2026-07-11 02:15:57,"ntc2_C",-8.68205213875831,1206045
10,2026-07-11 02:15:57,"testSB_C",-8.68873488633579,1206168
11,2026-07-11 02:15:57,"ntc1_C",-8.66160614541928,1206027
11,2026-07-11 02:15:57,"ntc2_C",-8.68391543897457,1207147
11,2026-07-11 02:15:57,"testSB_C",-8.68562139674833,1206530
12,2026-07-11 02:15:57,"ntc1_C",-8.71983128542183,1209620
12,2026-07-11 02:15:57,"ntc2_C",-8.69416011701378,1204761
12,2026-07-11 02:15:57,"testSB_C",-8.72679021520906,1202436
13,2026-07-11 02:15:57,"ntc1_C",-8.68789813256916,1205409
13,2026-07-11 02:15:57,"ntc2_C",-8.70373513607996,1205125
13,2026-07-11 02:15:57,"testSB_C",-8.6706590049983,1202822
14,2026-07-11 02:15:57,"ntc1_C",-8.6790090497189,1208074
14,2026-07-11 02:15:57,"ntc2_C",-8.66648530906787,1204870
14,2026-07-11 02:15:57,"testSB_C",-8.65009388596974,1203601
15,2026-07-11 02:15:57,"ntc1_C",-8.64777052540791,1205965
15,2026-07-11 02:15:57,"ntc2_C",-8.66724119209516,1203922
15,2026-07-11 02:15:57,"testSB_C",-8.6955093576247,1203443
16,2026-07-11 02:15:57,"ntc1_C",-8.65792363437231,1207077
16,2026-07-11 02:15:57,"ntc2_C",-8.66807723271432,1204174
16,2026-07-11 02:15:57,"testSB_C",-8.70070525246507,1205631
17,2026-07-11 02:15:57,"ntc1_C",-8.66789969329892,1209059
17,2026-07-11 02:15:57,"ntc2_C",-8.70262415088206,1210344
17,2026-07-11 02:15:57,"testSB_C",-8.66048593186053,1208094
18,2026-07-11 02:15:57,"ntc1_C",-8.64028956730999,1206701
18,2026-07-11 02:15:57,"ntc2_C",-8.66380885282427,1204647
18,2026-07-11 02:15:57,"testSB_C",-8.69574181901322,1205294
19,2026-07-11 02:15:57,"ntc1_C",-8.62204035125887,1205222
19,2026-07-11 02:15:57,"ntc2_C",-8.66015491751358,1204306
19,2026-07-11 02:15:57,"testSB_C",-8.65783201338388,1202970
20,2026-07-11 02:15:57,"ntc1_C",-8.64975749704746,1203118
20,2026-07-11 02:15:57,"ntc2_C",-8.67051033391988,1207015
20,2026-07-11 02:15:57,"testSB_C",-8.64933775436992,1206881
21,2026-07-11 02:15:57,"ntc1_C",-8.60387660372822,1202011
21,2026-07-11 02:15:57,"ntc2_C",-8.67020688991812,1206699
21,2026-07-11 02:15:57,"testSB_C",-8.61345761583908,1203550
22,2026-07-11 02:15:57,"ntc1_C",-8.64674281428393,1203945
22,2026-07-11 02:15:57,"ntc2_C",-8.64826908534155,1205974
22,2026-07-11 02:15:57,"testSB_C",-8.64438526813797,1206897
23,2026-07-11 02:15:57,"ntc1_C",-8.6628131390533,1207126
23,2026-07-11 02:15:57,"ntc2_C",-8.66863201750243,1206462
23,2026-07-11 02:15:57,"testSB_C",-8.65914868479462,1206057
24,2026-07-11 02:15:57,"ntc1_C",-8.65802701349503,1204541
24,2026-07-11 02:15:57,"ntc2_C",-8.60934518602659,1204091
1,2026-07-11 06:15:57,"ntc1_C",-10.2581222444049,1286254
1,2026-07-11 06:15:57,"ntc2_C",-10.2968124739969,1289611
1,2026-07-11 06:15:57,"testSB_C",-10.255795842088,1285601
2,2026-07-11 06:15:57,"ntc1_C",-10.26829725786,1286320
2,2026-07-11 06:15:57,"ntc2_C",-10.2700966764576,1285412
2,2026-07-11 06:15:57,"testSB_C",-10.2614248792186,1283949
3,2026-07-11 06:15:57,"ntc1_C",-10.2360380817959,1285843
3,2026-07-11 06:15:57,"ntc2_C",-10.2654399894689,1285217
3,2026-07-11 06:15:57,"testSB_C",-10.2420400496961,1285399
4,2026-07-11 06:15:57,"ntc1_C",-10.251021878581,1284350
4,2026-07-11 06:15:57,"ntc2_C",-10.2559799658682,1287638
4,2026-07-11 06:15:57,"testSB_C",-10.2385748986078,1285871
5,2026-07-11 06:15:57,"ntc1_C",-10.240019144194,1286238
5,2026-07-11 06:15:57,"ntc2_C",-10.2332708945413,1282264
5,2026-07-11 06:15:57,"testSB_C",-10.2025212106171,1286286
6,2026-07-11 06:15:57,"ntc1_C",-10.2276339632892,1285215
6,2026-07-11 06:15:57,"ntc2_C",-10.2558993974346,1286116
6,2026-07-11 06:15:57,"testSB_C",-10.2492967740569,1286546
7,2026-07-11 06:15:57,"ntc1_C",-10.2136574960321,1287199
7,2026-07-11 06:15:57,"ntc2_C",-10.2600108976876,1286656
7,2026-07-11 06:15:57,"testSB_C",-10.2655523148187,1287431
8,2026-07-11 06:15:57,"ntc1_C",-10.2083267957807,1282451
8,2026-07-11 06:15:57,"ntc2_C",-10.2467019849386,1286542
8,2026-07-11 06:15:57,"testSB_C",-10.248710311796,1284727
9,2026-07-11 06:15:57,"ntc1_C",-10.2601302919331,1284953
9,2026-07-11 06:15:57,"ntc2_C",-10.2452496387456,1287229
9,2026-07-11 06:15:57,"testSB_C",-10.2352946633991,1283784
10,2026-07-11 06:15:57,"ntc1_C",-10.1983981292133,1285370
10,2026-07-11 06:15:57,"ntc2_C",-10.2368674495493,1285052
10,2026-07-11 06:15:57,"testSB_C",-10.2332901697409,1284644
11,2026-07-11 06:15:57,"ntc1_C",-10.2272546295437,1285566
11,2026-07-11 06:15:57,"ntc2_C",-10.2567246170834,1287156
11,2026-07-11 06:15:57,"testSB_C",-10.2432297429484,1285716
12,2026-07-11 06:15:57,"ntc1_C",-10.2581966341718,1287977
12,2026-07-11 06:15:57,"ntc2_C",-10.2570820671053,1284137
12,2026-07-11 06:15:57,"testSB_C",-10.310592860119,1282463
13,2026-07-11 06:15:57,"ntc1_C",-10.2715416754533,1285794
13,2026-07-11 06:15:57,"ntc2_C",-10.2576603418065,1284044
13,2026-07-11 06:15:57,"testSB_C",-10.2531382827695,1283070
14,2026-07-11 06:15:57,"ntc1_C",-10.2539961395154,1288220
14,2026-07-11 06:15:57,"ntc2_C",-10.2342945173926,1284479
14,2026-07-11 06:15:57,"testSB_C",-10.2236408013057,1283487
15,2026-07-11 06:15:57,"ntc1_C",-10.241477878501,1287005
15,2026-07-11 06:15:57,"ntc2_C",-10.2358027884133,1283540
15,2026-07-11 06:15:57,"testSB_C",-10.2736309210354,1283172
16,2026-07-11 06:15:57,"ntc1_C",-10.2410781200446,1287654
16,2026-07-11 06:15:57,"ntc2_C",-10.2443876347303,1284168
16,2026-07-11 06:15:57,"testSB_C",-10.2844321821825,1285937
17,2026-07-11 06:15:57,"ntc1_C",-10.2369387605684,1288962
17,2026-07-11 06:15:57,"ntc2_C",-10.2583836835264,1289699
17,2026-07-11 06:15:57,"testSB_C",-10.2509370429445,1289086
18,2026-07-11 06:15:57,"ntc1_C",-10.2314699872813,1287666
18,2026-07-11 06:15:57,"ntc2_C",-10.2491451171377,1285157
18,2026-07-11 06:15:57,"testSB_C",-10.3016382621579,1286616
19,2026-07-11 06:15:57,"ntc1_C",-10.2208063823662,1286452
19,2026-07-11 06:15:57,"ntc2_C",-10.241081379061,1284550
19,2026-07-11 06:15:57,"testSB_C",-10.2533502085049,1283760
20,2026-07-11 06:15:57,"ntc1_C",-10.2486766302225,1284198
20,2026-07-11 06:15:57,"ntc2_C",-10.2521043544568,1287505
20,2026-07-11 06:15:57,"testSB_C",-10.2240805074575,1286991
21,2026-07-11 06:15:57,"ntc1_C",-10.219728748695,1283976
21,2026-07-11 06:15:57,"ntc2_C",-10.2481966589572,1286968
21,2026-07-11 06:15:57,"testSB_C",-10.2189866733349,1285135
22,2026-07-11 06:15:57,"ntc1_C",-10.2425020979162,1284842
22,2026-07-11 06:15:57,"ntc2_C",-10.2521924725847,1287540
22,2026-07-11 06:15:57,"testSB_C",-10.2406982269526,1288133
23,2026-07-11 06:15:57,"ntc1_C",-10.2650246247064,1288703
23,2026-07-11 06:15:57,"ntc2_C",-10.2603634329986,1287500
23,2026-07-11 06:15:57,"testSB_C",-10.2697619383565,1288036
24,2026-07-11 06:15:57,"ntc1_C",-10.2803257102242,1286834
24,2026-07-11 06:15:57,"ntc2_C",-10.2134334046131,1285522
1,2026-07-11 10:15:57,"ntc1_C",-9.491204326429,1246610
1,2026-07-11 10:15:57,"ntc2_C",-9.77046195342791,1262207
1,2026-07-11 10:15:57,"testSB_C",-9.57085803411178,1250121
2,2026-07-11 10:15:57,"ntc1_C",-9.61230013626164,1252329
2,2026-07-11 10:15:57,"ntc2_C",-9.74434362539819,1258122
2,2026-07-11 10:15:57,"testSB_C",-9.62888012325897,1251222
3,2026-07-11 10:15:57,"ntc1_C",-9.52667028823635,1249152
3,2026-07-11 10:15:57,"ntc2_C",-9.74482981209513,1258186
3,2026-07-11 10:15:57,"testSB_C",-9.61454157081664,1252888
4,2026-07-11 10:15:57,"ntc1_C",-9.65446705136316,1253458
4,2026-07-11 10:15:57,"ntc2_C",-9.72664276877742,1260111
4,2026-07-11 10:15:57,"testSB_C",-9.56011655017937,1250744
5,2026-07-11 10:15:57,"ntc1_C",-9.8551252787563,1266201
5,2026-07-11 10:15:57,"ntc2_C",-9.89793160094956,1264828
5,2026-07-11 10:15:57,"testSB_C",-9.67467164523237,1258865
6,2026-07-11 10:15:57,"ntc1_C",-9.84468708152627,1265296
6,2026-07-11 10:15:57,"ntc2_C",-10.2005684595156,1283214
6,2026-07-11 10:15:57,"testSB_C",-10.1344829635936,1280529
7,2026-07-11 10:15:57,"ntc1_C",-10.0680972528365,1279574
7,2026-07-11 10:15:57,"ntc2_C",-10.2435253713993,1285790
7,2026-07-11 10:15:57,"testSB_C",-10.358688785365,1292336
8,2026-07-11 10:15:57,"ntc1_C",-9.56438072013896,1249176
8,2026-07-11 10:15:57,"ntc2_C",-9.70480298781308,1258400
8,2026-07-11 10:15:57,"testSB_C",-9.67593930874415,1255043
9,2026-07-11 10:15:57,"ntc1_C",-9.60274170172318,1250985
9,2026-07-11 10:15:57,"ntc2_C",-9.59753140511538,1253657
9,2026-07-11 10:15:57,"testSB_C",-9.65945351732847,1253952
10,2026-07-11 10:15:57,"ntc1_C",-9.64444393492607,1256633
10,2026-07-11 10:15:57,"ntc2_C",-9.72076698948632,1258262
10,2026-07-11 10:15:57,"testSB_C",-9.69018327484093,1256477
11,2026-07-11 10:15:57,"ntc1_C",-9.6039198096928,1253281
11,2026-07-11 10:15:57,"ntc2_C",-9.8377620527715,1265333
11,2026-07-11 10:15:57,"testSB_C",-9.58419654407641,1251589
12,2026-07-11 10:15:57,"ntc1_C",-9.87634014593255,1268060
12,2026-07-11 10:15:57,"ntc2_C",-9.83094839950166,1261984
12,2026-07-11 10:15:57,"testSB_C",-9.73524382301395,1252786
13,2026-07-11 10:15:57,"ntc1_C",-9.64495046891824,1253360
13,2026-07-11 10:15:57,"ntc2_C",-9.89121106825695,1264974
13,2026-07-11 10:15:57,"testSB_C",-9.52839999795208,1245666
14,2026-07-11 10:15:57,"ntc1_C",-9.67584715356577,1258194
14,2026-07-11 10:15:57,"ntc2_C",-9.65124324740646,1254269
14,2026-07-11 10:15:57,"testSB_C",-9.4856439091007,1245376
15,2026-07-11 10:15:57,"ntc1_C",-9.57407296846566,1252417
15,2026-07-11 10:15:57,"ntc2_C",-9.72282994616074,1256932
15,2026-07-11 10:15:57,"testSB_C",-9.68589411112862,1252881
16,2026-07-11 10:15:57,"ntc1_C",-9.67304410648376,1258135
16,2026-07-11 10:15:57,"ntc2_C",-9.80255358768477,1261218
16,2026-07-11 10:15:57,"testSB_C",-9.75902262084657,1258718
17,2026-07-11 10:15:57,"ntc1_C",-9.64357228491468,1258135
17,2026-07-11 10:15:57,"ntc2_C",-9.86088098883209,1268936
17,2026-07-11 10:15:57,"testSB_C",-9.62986155727185,1256824
18,2026-07-11 10:15:57,"ntc1_C",-9.6028923578308,1255044
18,2026-07-11 10:15:57,"ntc2_C",-9.72593915299944,1258001
18,2026-07-11 10:15:57,"testSB_C",-9.5564938944807,1248217
19,2026-07-11 10:15:57,"ntc1_C",-9.65217041233041,1256944
19,2026-07-11 10:15:57,"ntc2_C",-9.84519141516961,1263961
19,2026-07-11 10:15:57,"testSB_C",-9.7688880000153,1258670
20,2026-07-11 10:15:57,"ntc1_C",-9.69642708200485,1255587
20,2026-07-11 10:15:57,"ntc2_C",-9.83831817749126,1265936
20,2026-07-11 10:15:57,"testSB_C",-9.73823828440868,1261717
21,2026-07-11 10:15:57,"ntc1_C",-9.60016066017266,1251899
21,2026-07-11 10:15:57,"ntc2_C",-9.89255857350173,1268418
21,2026-07-11 10:15:57,"testSB_C",-9.75818901326636,1261167
22,2026-07-11 10:15:57,"ntc1_C",-9.71670164220677,1257597
22,2026-07-11 10:15:57,"ntc2_C",-9.81707929676804,1264876
22,2026-07-11 10:15:57,"testSB_C",-9.76389334143812,1263305
23,2026-07-11 10:15:57,"ntc1_C",-9.85488025507777,1267304
23,2026-07-11 10:15:57,"ntc2_C",-9.88977389581356,1268154
23,2026-07-11 10:15:57,"testSB_C",-9.77579463285372,1262311
24,2026-07-11 10:15:57,"ntc1_C",-9.75295335463233,1259478
24,2026-07-11 10:15:57,"ntc2_C",-9.85953236095736,1267090
1,2026-07-11 14:15:57,"ntc1_C",-7.8131437824859,1164135
1,2026-07-11 14:15:57,"ntc2_C",-8.30700069679972,1189072
1,2026-07-11 14:15:57,"testSB_C",-7.94228037599277,1169692
2,2026-07-11 14:15:57,"ntc1_C",-8.19155265075091,1181799
2,2026-07-11 14:15:57,"ntc2_C",-8.33043058924517,1187606
2,2026-07-11 14:15:57,"testSB_C",-8.15607027420896,1178259
3,2026-07-11 14:15:57,"ntc1_C",-7.90440218534673,1169181
3,2026-07-11 14:15:57,"ntc2_C",-8.26107554539391,1184264
3,2026-07-11 14:15:57,"testSB_C",-8.01749439960719,1173853
4,2026-07-11 14:15:57,"ntc1_C",-8.13166223587098,1177975
4,2026-07-11 14:15:57,"ntc2_C",-8.33565501839348,1190583
4,2026-07-11 14:15:57,"testSB_C",-7.9527625205663,1171356
5,2026-07-11 14:15:57,"ntc1_C",-8.45937029360158,1196153
5,2026-07-11 14:15:57,"ntc2_C",-8.55301147039228,1197277
5,2026-07-11 14:15:57,"testSB_C",-8.49454183156456,1199680
6,2026-07-11 14:15:57,"ntc1_C",-8.63446223759939,1204375
6,2026-07-11 14:15:57,"ntc2_C",-9.41573714124701,1242756
6,2026-07-11 14:15:57,"testSB_C",-10.0680414137312,1277060
7,2026-07-11 14:15:57,"ntc1_C",-9.11242843603782,1230633
7,2026-07-11 14:15:57,"ntc2_C",-9.60166673045762,1252526
7,2026-07-11 14:15:57,"testSB_C",-9.83699924105127,1265102
8,2026-07-11 14:15:57,"ntc1_C",-7.77238380561977,1161112
8,2026-07-11 14:15:57,"ntc2_C",-8.24634463849867,1185716
8,2026-07-11 14:15:57,"testSB_C",-8.31443034787327,1187240
9,2026-07-11 14:15:57,"ntc1_C",-8.21027280660553,1181998
9,2026-07-11 14:15:57,"ntc2_C",-8.14276295741075,1181452
9,2026-07-11 14:15:57,"testSB_C",-8.24002211511998,1183382
10,2026-07-11 14:15:57,"ntc1_C",-8.21151470542077,1185281
10,2026-07-11 14:15:57,"ntc2_C",-8.29263919432896,1187041
10,2026-07-11 14:15:57,"testSB_C",-8.27269331665792,1185874
11,2026-07-11 14:15:57,"ntc1_C",-8.12614611050844,1179987
11,2026-07-11 14:15:57,"ntc2_C",-8.57251304491115,1201675
11,2026-07-11 14:15:57,"testSB_C",-8.1189623867262,1178966
12,2026-07-11 14:15:57,"ntc1_C",-8.69916600359261,1208601
12,2026-07-11 14:15:57,"ntc2_C",-8.56513554899419,1198435
12,2026-07-11 14:15:57,"testSB_C",-8.42676853428048,1187857
13,2026-07-11 14:15:57,"ntc1_C",-8.20960493262726,1182147
13,2026-07-11 14:15:57,"ntc2_C",-8.68192359291254,1204053
13,2026-07-11 14:15:57,"testSB_C",-8.10757757036714,1175514
14,2026-07-11 14:15:57,"ntc1_C",-8.34823141621911,1191894
14,2026-07-11 14:15:57,"ntc2_C",-8.31157025803503,1187555
14,2026-07-11 14:15:57,"testSB_C",-7.9134333796199,1167947
15,2026-07-11 14:15:57,"ntc1_C",-8.13191712880433,1180859
15,2026-07-11 14:15:57,"ntc2_C",-8.44853335036629,1193226
15,2026-07-11 14:15:57,"testSB_C",-8.29387968190389,1183955
16,2026-07-11 14:15:57,"ntc1_C",-8.31247604826524,1190186
16,2026-07-11 14:15:57,"ntc2_C",-8.55496330949921,1198632
16,2026-07-11 14:15:57,"testSB_C",-8.49120729856173,1195392
17,2026-07-11 14:15:57,"ntc1_C",-8.23493071610397,1187908
17,2026-07-11 14:15:57,"ntc2_C",-8.60545169106183,1205555
17,2026-07-11 14:15:57,"testSB_C",-8.15236151301235,1183322
18,2026-07-11 14:15:57,"ntc1_C",-8.18987571823527,1184735
18,2026-07-11 14:15:57,"ntc2_C",-8.39667932002794,1191594
18,2026-07-11 14:15:57,"testSB_C",-8.04270955333516,1173727
19,2026-07-11 14:15:57,"ntc1_C",-8.33963273404726,1191424
19,2026-07-11 14:15:57,"ntc2_C",-8.61209696369326,1201948
19,2026-07-11 14:15:57,"testSB_C",-8.48684770220427,1194621
20,2026-07-11 14:15:57,"ntc1_C",-8.37472783196006,1189704
20,2026-07-11 14:15:57,"ntc2_C",-8.72622976701342,1209762
20,2026-07-11 14:15:57,"testSB_C",-8.46710022714984,1197943
21,2026-07-11 14:15:57,"ntc1_C",-8.16602591759874,1180730
21,2026-07-11 14:15:57,"ntc2_C",-8.71836630565525,1209072
21,2026-07-11 14:15:57,"testSB_C",-8.51105710242928,1198527
22,2026-07-11 14:15:57,"ntc1_C",-8.32001916310338,1188029
22,2026-07-11 14:15:57,"ntc2_C",-8.55560377260821,1201425
22,2026-07-11 14:15:57,"testSB_C",-8.44003633792323,1196880
23,2026-07-11 14:15:57,"ntc1_C",-8.54503713781406,1201340
23,2026-07-11 14:15:57,"ntc2_C",-8.63539297147764,1204826
23,2026-07-11 14:15:57,"testSB_C",-8.57615574239276,1201979
24,2026-07-11 14:15:57,"ntc1_C",-8.34787428748604,1189425
24,2026-07-11 14:15:57,"ntc2_C",-8.6063103310023,1203942
1,2026-07-11 18:15:57,"ntc1_C",-7.7286202413988,1160131
1,2026-07-11 18:15:57,"ntc2_C",-8.05286566343187,1176818
1,2026-07-11 18:15:57,"testSB_C",-7.99357249920592,1172143
2,2026-07-11 18:15:57,"ntc1_C",-8.11444803405118,1178089
2,2026-07-11 18:15:57,"ntc2_C",-8.06278433222008,1174717
2,2026-07-11 18:15:57,"testSB_C",-8.22509939241729,1181580
3,2026-07-11 18:15:57,"ntc1_C",-7.93636124962734,1170705
3,2026-07-11 18:15:57,"ntc2_C",-8.15810892472973,1179301
3,2026-07-11 18:15:57,"testSB_C",-8.09564851286177,1177600
4,2026-07-11 18:15:57,"ntc1_C",-8.28149435479156,1185192
4,2026-07-11 18:15:57,"ntc2_C",-7.95135463645516,1172071
4,2026-07-11 18:15:57,"testSB_C",-8.0836025529278,1177622
5,2026-07-11 18:15:57,"ntc1_C",-8.00391621166318,1174158
5,2026-07-11 18:15:57,"ntc2_C",-8.589879197551,1199079
5,2026-07-11 18:15:57,"testSB_C",-7.87773373034855,1169880
6,2026-07-11 18:15:57,"ntc1_C",-9.83784585849639,1264943
6,2026-07-11 18:15:57,"ntc2_C",-9.89625461486418,1267371
6,2026-07-11 18:15:57,"testSB_C",-10.3246027182365,1290508
7,2026-07-11 18:15:57,"ntc1_C",-9.81259799268003,1266300
7,2026-07-11 18:15:57,"ntc2_C",-10.00514181594,1273333
7,2026-07-11 18:15:57,"testSB_C",-10.3470496130208,1291722
8,2026-07-11 18:15:57,"ntc1_C",-7.53353651777627,1149862
8,2026-07-11 18:15:57,"ntc2_C",-8.15397578064341,1181259
8,2026-07-11 18:15:57,"testSB_C",-8.42262033954313,1192489
9,2026-07-11 18:15:57,"ntc1_C",-8.3207969284361,1187330
9,2026-07-11 18:15:57,"ntc2_C",-8.35667457549675,1191798
9,2026-07-11 18:15:57,"testSB_C",-8.51269566847969,1196618
10,2026-07-11 18:15:57,"ntc1_C",-8.18582291896871,1184040
10,2026-07-11 18:15:57,"ntc2_C",-8.48954655028302,1196612
10,2026-07-11 18:15:57,"testSB_C",-8.40076793099598,1192084
11,2026-07-11 18:15:57,"ntc1_C",-8.29113713333146,1187949
11,2026-07-11 18:15:57,"ntc2_C",-8.57247223337021,1201673
11,2026-07-11 18:15:57,"testSB_C",-8.62426430711861,1203514
12,2026-07-11 18:15:57,"ntc1_C",-8.88492152857873,1217792
12,2026-07-11 18:15:57,"ntc2_C",-8.8849976241172,1214180
12,2026-07-11 18:15:57,"testSB_C",-9.11484251149614,1221563
13,2026-07-11 18:15:57,"ntc1_C",-9.00350847658609,1221013
13,2026-07-11 18:15:57,"ntc2_C",-9.09142417590346,1224342
13,2026-07-11 18:15:57,"testSB_C",-9.1125458694404,1224704
14,2026-07-11 18:15:57,"ntc1_C",-9.15836158267251,1231918
14,2026-07-11 18:15:57,"ntc2_C",-9.12934762583961,1227838
14,2026-07-11 18:15:57,"testSB_C",-8.82394801739463,1212175
15,2026-07-11 18:15:57,"ntc1_C",-9.15811096769795,1231337
15,2026-07-11 18:15:57,"ntc2_C",-9.3831624303977,1239621
15,2026-07-11 18:15:57,"testSB_C",-9.39548836641961,1238178
16,2026-07-11 18:15:57,"ntc1_C",-9.5895680511025,1253855
16,2026-07-11 18:15:57,"ntc2_C",-9.59980652805018,1250826
16,2026-07-11 18:15:57,"testSB_C",-9.75451516560184,1258487
17,2026-07-11 18:15:57,"ntc1_C",-9.63626412669191,1257760
17,2026-07-11 18:15:57,"ntc2_C",-9.88887270646103,1270387
17,2026-07-11 18:15:57,"testSB_C",-9.71232117103085,1261060
18,2026-07-11 18:15:57,"ntc1_C",-9.7453243528492,1262362
18,2026-07-11 18:15:57,"ntc2_C",-9.81462680145717,1262563
18,2026-07-11 18:15:57,"testSB_C",-9.67668676667273,1254332
19,2026-07-11 18:15:57,"ntc1_C",-9.79240530978774,1264157
19,2026-07-11 18:15:57,"ntc2_C",-9.88563568461666,1266049
19,2026-07-11 18:15:57,"testSB_C",-9.90398795725417,1265617
20,2026-07-11 18:15:57,"ntc1_C",-9.90026932557271,1266072
20,2026-07-11 18:15:57,"ntc2_C",-10.0439736980191,1276610
20,2026-07-11 18:15:57,"testSB_C",-9.89479479433379,1269806
21,2026-07-11 18:15:57,"ntc1_C",-9.79002778431942,1261642
21,2026-07-11 18:15:57,"ntc2_C",-10.0570874620108,1276966
21,2026-07-11 18:15:57,"testSB_C",-9.89573406076795,1268274
22,2026-07-11 18:15:57,"ntc1_C",-9.89897277902361,1266975
22,2026-07-11 18:15:57,"ntc2_C",-10.1330746563129,1281295
22,2026-07-11 18:15:57,"testSB_C",-10.0501253911948,1278151
23,2026-07-11 18:15:57,"ntc1_C",-10.1305302937524,1281646
23,2026-07-11 18:15:57,"ntc2_C",-10.1240190312692,1280348
23,2026-07-11 18:15:57,"testSB_C",-10.2644772079406,1287758
24,2026-07-11 18:15:57,"ntc1_C",-10.069827904177,1275844
24,2026-07-11 18:15:57,"ntc2_C",-9.94870427375923,1271709
1,2026-07-11 22:15:57,"ntc1_C",-12.8641279690764,1430680
1,2026-07-11 22:15:57,"ntc2_C",-12.7869300584571,1427580
1,2026-07-11 22:15:57,"testSB_C",-12.8016351552825,1426574
2,2026-07-11 22:15:57,"ntc1_C",-12.9498485198236,1435179
2,2026-07-11 22:15:57,"ntc2_C",-12.8594047491363,1428740
2,2026-07-11 22:15:57,"testSB_C",-12.7884769245463,1423509
3,2026-07-11 22:15:57,"ntc1_C",-12.7033408088594,1422104
3,2026-07-11 22:15:57,"ntc2_C",-12.5622688682958,1411613
3,2026-07-11 22:15:57,"testSB_C",-12.7993924253352,1426900
4,2026-07-11 22:15:57,"ntc1_C",-12.8987915170331,1430969
4,2026-07-11 22:15:57,"ntc2_C",-12.7202782533354,1423958
4,2026-07-11 22:15:57,"testSB_C",-12.9162152839051,1434452
5,2026-07-11 22:15:57,"ntc1_C",-12.5996901659545,1416232
5,2026-07-11 22:15:57,"ntc2_C",-12.740590541143,1420518
5,2026-07-11 22:15:57,"testSB_C",-12.7162204531504,1425330
6,2026-07-11 22:15:57,"ntc1_C",-13.5468238479342,1471564
6,2026-07-11 22:15:57,"ntc2_C",-13.9831335369941,1497509
6,2026-07-11 22:15:57,"testSB_C",-13.9227103453974,1494748
7,2026-07-11 22:15:57,"ntc1_C",-13.9459848801476,1499030
7,2026-07-11 22:15:57,"ntc2_C",-14.2912158111487,1516924
7,2026-07-11 22:15:57,"testSB_C",-13.604966540801,1475496
8,2026-07-11 22:15:57,"ntc1_C",-12.4778628316091,1406993
8,2026-07-11 22:15:57,"ntc2_C",-12.6863150183754,1421273
8,2026-07-11 22:15:57,"testSB_C",-12.8525107607989,1428813
9,2026-07-11 22:15:57,"ntc1_C",-12.7720869673842,1423472
9,2026-07-11 22:15:57,"ntc2_C",-12.7669849030831,1426763
9,2026-07-11 22:15:57,"testSB_C",-12.955740912609,1434652
10,2026-07-11 22:15:57,"ntc1_C",-12.7781466299941,1428141
10,2026-07-11 22:15:57,"ntc2_C",-12.8372321112919,1429003
10,2026-07-11 22:15:57,"testSB_C",-12.8789710224453,1431196
11,2026-07-11 22:15:57,"ntc1_C",-12.7357908891192,1424168
11,2026-07-11 22:15:57,"ntc2_C",-12.6385470322296,1418603
11,2026-07-11 22:15:57,"testSB_C",-12.7066510961808,1421770
12,2026-07-11 22:15:57,"ntc1_C",-12.6526436392899,1420235
12,2026-07-11 22:15:57,"ntc2_C",-12.5821819356691,1412078
12,2026-07-11 22:15:57,"testSB_C",-12.9678066867318,1428952
13,2026-07-11 22:15:57,"ntc1_C",-12.767700752886,1423576
13,2026-07-11 22:15:57,"ntc2_C",-12.6988169137515,1418667
13,2026-07-11 22:15:57,"testSB_C",-12.8828501868746,1428525
14,2026-07-11 22:15:57,"ntc1_C",-12.7966102527288,1429028
14,2026-07-11 22:15:57,"ntc2_C",-12.7644040324399,1424279
14,2026-07-11 22:15:57,"testSB_C",-12.8644960627082,1429664
15,2026-07-11 22:15:57,"ntc1_C",-12.8254156508528,1430208
15,2026-07-11 22:15:57,"ntc2_C",-12.7605435083998,1422980
15,2026-07-11 22:15:57,"testSB_C",-12.900913996922,1427693
16,2026-07-11 22:15:57,"ntc1_C",-12.970291550415,1439473
16,2026-07-11 22:15:57,"ntc2_C",-12.679739399035,1418409
16,2026-07-11 22:15:57,"testSB_C",-12.8033693674386,1424784
17,2026-07-11 22:15:57,"ntc1_C",-12.8306780715715,1432863
17,2026-07-11 22:15:57,"ntc2_C",-12.6274726375759,1420717
17,2026-07-11 22:15:57,"testSB_C",-12.8656503383064,1434282
18,2026-07-11 22:15:57,"ntc1_C",-12.8102000359809,1430659
18,2026-07-11 22:15:57,"ntc2_C",-12.7068142893403,1420817
18,2026-07-11 22:15:57,"testSB_C",-12.9533502751851,1433088
19,2026-07-11 22:15:57,"ntc1_C",-12.8738931587504,1433596
19,2026-07-11 22:15:57,"ntc2_C",-12.7384405755562,1422427
19,2026-07-11 22:15:57,"testSB_C",-12.9511049721062,1432852
20,2026-07-11 22:15:57,"ntc1_C",-13.0208496799921,1438007
20,2026-07-11 22:15:57,"ntc2_C",-12.9669269073427,1438466
20,2026-07-11 22:15:57,"testSB_C",-12.832253378337,1431623
21,2026-07-11 22:15:57,"ntc1_C",-12.8398391833992,1429016
21,2026-07-11 22:15:57,"ntc2_C",-12.7775288591222,1426996
21,2026-07-11 22:15:57,"testSB_C",-12.7376208989979,1424392
22,2026-07-11 22:15:57,"ntc1_C",-12.9054951738456,1432187
22,2026-07-11 22:15:57,"ntc2_C",-12.5897323021211,1416466
22,2026-07-11 22:15:57,"testSB_C",-12.9751671563237,1440282
23,2026-07-11 22:15:57,"ntc1_C",-12.9723049158086,1439336
23,2026-07-11 22:15:57,"ntc2_C",-12.8730854999937,1432559
23,2026-07-11 22:15:57,"testSB_C",-13.0655869064261,1443873
24,2026-07-11 22:15:57,"ntc1_C",-12.9864094776367,1436844
24,2026-07-11 22:15:57,"ntc2_C",-12.6761937834323,1421462
1,2026-07-12 02:15:57,"ntc1_C",-17.5633035225811,1732697
1,2026-07-12 02:15:57,"ntc2_C",-17.9786591087809,1763734
1,2026-07-12 02:15:57,"testSB_C",-17.4559010227512,1724849
2,2026-07-12 02:15:57,"ntc1_C",-17.5606086488082,1731891
2,2026-07-12 02:15:57,"ntc2_C",-17.8181913778417,1748623
2,2026-07-12 02:15:57,"testSB_C",-17.4885446096815,1724087
3,2026-07-12 02:15:57,"ntc1_C",-17.3447943999084,1718213
3,2026-07-12 02:15:57,"ntc2_C",-17.7066410508729,1740962
3,2026-07-12 02:15:57,"testSB_C",-17.3685034588717,1719031
4,2026-07-12 02:15:57,"ntc1_C",-17.2804420195457,1710776
4,2026-07-12 02:15:57,"ntc2_C",-17.8035632000319,1751724
4,2026-07-12 02:15:57,"testSB_C",-17.1282069881722,1703184
5,2026-07-12 02:15:57,"ntc1_C",-17.7030727776603,1743367
5,2026-07-12 02:15:57,"ntc2_C",-17.5056805822658,1725078
5,2026-07-12 02:15:57,"testSB_C",-17.1611821708363,1708479
6,2026-07-12 02:15:57,"ntc1_C",-17.2298867033928,1709570
6,2026-07-12 02:15:57,"ntc2_C",-17.2718171378633,1712213
6,2026-07-12 02:15:57,"testSB_C",-17.1302555493963,1703470
7,2026-07-12 02:15:57,"ntc1_C",-16.9145878399154,1691736
7,2026-07-12 02:15:57,"ntc2_C",-17.1895347306513,1707100
7,2026-07-12 02:15:57,"testSB_C",-17.1387142783246,1703996
8,2026-07-12 02:15:57,"ntc1_C",-16.8781939943975,1683528
8,2026-07-12 02:15:57,"ntc2_C",-17.1249258605136,1703110
8,2026-07-12 02:15:57,"testSB_C",-17.0204944231118,1693383
9,2026-07-12 02:15:57,"ntc1_C",-16.7617874219817,1674292
9,2026-07-12 02:15:57,"ntc2_C",-16.7859509935308,1680662
9,2026-07-12 02:15:57,"testSB_C",-16.8586458126638,1682179
10,2026-07-12 02:15:57,"ntc1_C",-16.7844355988652,1681522
10,2026-07-12 02:15:57,"ntc2_C",-16.7895311061773,1678867
10,2026-07-12 02:15:57,"testSB_C",-16.9813942104323,1691745
11,2026-07-12 02:15:57,"ntc1_C",-16.6714580502965,1671959
11,2026-07-12 02:15:57,"ntc2_C",-17.3290900114433,1717442
11,2026-07-12 02:15:57,"testSB_C",-16.777953377352,1678506
12,2026-07-12 02:15:57,"ntc1_C",-17.3049318179621,1716743
12,2026-07-12 02:15:57,"ntc2_C",-17.1284237085609,1699758
12,2026-07-12 02:15:57,"testSB_C",-16.8431443838465,1672713
13,2026-07-12 02:15:57,"ntc1_C",-16.5915909721033,1663404
13,2026-07-12 02:15:57,"ntc2_C",-17.3168387763628,1712602
13,2026-07-12 02:15:57,"testSB_C",-16.6036670802259,1662603
14,2026-07-12 02:15:57,"ntc1_C",-16.7073030383294,1675757
14,2026-07-12 02:15:57,"ntc2_C",-16.6613270070648,1669594
14,2026-07-12 02:15:57,"testSB_C",-16.4695634111715,1655975
15,2026-07-12 02:15:57,"ntc1_C",-16.5736459916723,1666368
15,2026-07-12 02:15:57,"ntc2_C",-16.8820696200092,1683484
15,2026-07-12 02:15:57,"testSB_C",-16.5862500181385,1657566
16,2026-07-12 02:15:57,"ntc1_C",-16.6310247209629,1671219
16,2026-07-12 02:15:57,"ntc2_C",-17.0145123275315,1692560
16,2026-07-12 02:15:57,"testSB_C",-16.7773992473823,1674261
17,2026-07-12 02:15:57,"ntc1_C",-16.3446791274716,1653446
17,2026-07-12 02:15:57,"ntc2_C",-17.0644539803804,1702467
17,2026-07-12 02:15:57,"testSB_C",-16.4314633069824,1658680
18,2026-07-12 02:15:57,"ntc1_C",-16.2267160807343,1644582
18,2026-07-12 02:15:57,"ntc2_C",-16.669918582818,1670032
18,2026-07-12 02:15:57,"testSB_C",-16.2691611041981,1639523
19,2026-07-12 02:15:57,"ntc1_C",-16.3325953336217,1650693
19,2026-07-12 02:15:57,"ntc2_C",-16.9104380198826,1686142
19,2026-07-12 02:15:57,"testSB_C",-16.6321665877778,1663994
20,2026-07-12 02:15:57,"ntc1_C",-16.4299215782949,1652285
20,2026-07-12 02:15:57,"ntc2_C",-16.8312270941307,1683968
20,2026-07-12 02:15:57,"testSB_C",-16.5506023135794,1666024
21,2026-07-12 02:15:57,"ntc1_C",-16.128771247607,1634241
21,2026-07-12 02:15:57,"ntc2_C",-16.8868169175014,1687279
21,2026-07-12 02:15:57,"testSB_C",-16.6010572731378,1667296
22,2026-07-12 02:15:57,"ntc1_C",-16.3785565925741,1649679
22,2026-07-12 02:15:57,"ntc2_C",-16.5370277169979,1663809
22,2026-07-12 02:15:57,"testSB_C",-16.4721416435887,1661003
23,2026-07-12 02:15:57,"ntc1_C",-16.5390799115136,1664633
23,2026-07-12 02:15:57,"ntc2_C",-16.6159751330641,1668919
23,2026-07-12 02:15:57,"testSB_C",-16.4917908501628,1660452
24,2026-07-12 02:15:57,"ntc1_C",-16.3139333450962,1645122
24,2026-07-12 02:15:57,"ntc2_C",-16.8273122127584,1683474
1,2026-07-12 06:15:57,"ntc1_C",-16.3363606032852,1648337
1,2026-07-12 06:15:57,"ntc2_C",-16.6864558632122,1673513
1,2026-07-12 06:15:57,"testSB_C",-16.3340277571201,1647837
2,2026-07-12 06:15:57,"ntc1_C",-16.3066107661589,1645754
2,2026-07-12 06:15:57,"ntc2_C",-16.6143306754522,1665102
2,2026-07-12 06:15:57,"testSB_C",-16.3829698564787,1648263
3,2026-07-12 06:15:57,"ntc1_C",-16.2631868934423,1644261
3,2026-07-12 06:15:57,"ntc2_C",-16.6333395724052,1666600
3,2026-07-12 06:15:57,"testSB_C",-16.3556522077384,1649632
4,2026-07-12 06:15:57,"ntc1_C",-16.3068079543056,1644330
4,2026-07-12 06:15:57,"ntc2_C",-16.6412545781774,1670862
4,2026-07-12 06:15:57,"testSB_C",-16.0632837130962,1630938
5,2026-07-12 06:15:57,"ntc1_C",-16.7266554373717,1675566
5,2026-07-12 06:15:57,"ntc2_C",-16.5228608545997,1657466
5,2026-07-12 06:15:57,"testSB_C",-16.2982933729739,1649537
6,2026-07-12 06:15:57,"ntc1_C",-16.1381268503186,1635375
6,2026-07-12 06:15:57,"ntc2_C",-16.3794545842374,1651169
6,2026-07-12 06:15:57,"testSB_C",-16.2610302355061,1644266
7,2026-07-12 06:15:57,"ntc1_C",-16.1670154274515,1641055
7,2026-07-12 06:15:57,"ntc2_C",-16.4384701393633,1655709
7,2026-07-12 06:15:57,"testSB_C",-16.3329918459169,1649051
8,2026-07-12 06:15:57,"ntc1_C",-16.208783100038,1638278
8,2026-07-12 06:15:57,"ntc2_C",-16.4282572341338,1655526
8,2026-07-12 06:15:57,"testSB_C",-16.3624202220304,1648647
9,2026-07-12 06:15:57,"ntc1_C",-16.1602576562799,1633899
9,2026-07-12 06:15:57,"ntc2_C",-16.248870025697,1644341
9,2026-07-12 06:15:57,"testSB_C",-16.1773778837314,1636160
10,2026-07-12 06:15:57,"ntc1_C",-16.1544281270142,1638957
10,2026-07-12 06:15:57,"ntc2_C",-16.267564961186,1643577
10,2026-07-12 06:15:57,"testSB_C",-16.2672286688946,1643283
11,2026-07-12 06:15:57,"ntc1_C",-16.1592262610931,1637475
11,2026-07-12 06:15:57,"ntc2_C",-16.6762205158991,1672446
11,2026-07-12 06:15:57,"testSB_C",-16.1992409459374,1639431
12,2026-07-12 06:15:57,"ntc1_C",-16.7170045379159,1676186
12,2026-07-12 06:15:57,"ntc2_C",-16.6214042327406,1665042
12,2026-07-12 06:15:57,"testSB_C",-16.2589788734473,1633532
13,2026-07-12 06:15:57,"ntc1_C",-16.0164552805024,1624969
13,2026-07-12 06:15:57,"ntc2_C",-16.6413254049467,1666173
13,2026-07-12 06:15:57,"testSB_C",-15.9846602625666,1621218
14,2026-07-12 06:15:57,"ntc1_C",-16.1710182981467,1639620
14,2026-07-12 06:15:57,"ntc2_C",-16.0695431673286,1629847
14,2026-07-12 06:15:57,"testSB_C",-15.6984106600531,1604812
15,2026-07-12 06:15:57,"ntc1_C",-15.8650821847529,1618984
15,2026-07-12 06:15:57,"ntc2_C",-16.2835000979349,1642951
15,2026-07-12 06:15:57,"testSB_C",-15.9664966066616,1616552
16,2026-07-12 06:15:57,"ntc1_C",-15.9300701766434,1624195
16,2026-07-12 06:15:57,"ntc2_C",-16.4801327518987,1656159
16,2026-07-12 06:15:57,"testSB_C",-16.2097809981811,1636200
17,2026-07-12 06:15:57,"ntc1_C",-15.7595531421785,1614546
17,2026-07-12 06:15:57,"ntc2_C",-16.4980616556012,1663679
17,2026-07-12 06:15:57,"testSB_C",-15.8364908967783,1618991
18,2026-07-12 06:15:57,"ntc1_C",-15.6721460287081,1607847
18,2026-07-12 06:15:57,"ntc2_C",-16.1778311633398,1636909
18,2026-07-12 06:15:57,"testSB_C",-15.567062171669,1593528
19,2026-07-12 06:15:57,"ntc1_C",-15.7411427317689,1611417
19,2026-07-12 06:15:57,"ntc2_C",-16.3921161884883,1650952
19,2026-07-12 06:15:57,"testSB_C",-16.018705038462,1623113
20,2026-07-12 06:15:57,"ntc1_C",-15.8669171835077,1614869
20,2026-07-12 06:15:57,"ntc2_C",-16.2735359815447,1646169
20,2026-07-12 06:15:57,"testSB_C",-15.9373241164497,1624936
21,2026-07-12 06:15:57,"ntc1_C",-15.660863808058,1603376
21,2026-07-12 06:15:57,"ntc2_C",-16.3292480762917,1649423
21,2026-07-12 06:15:57,"testSB_C",-16.0241663269866,1628630
22,2026-07-12 06:15:57,"ntc1_C",-15.7149557561237,1605774
22,2026-07-12 06:15:57,"ntc2_C",-15.9584314313431,1625078
22,2026-07-12 06:15:57,"testSB_C",-15.808018953389,1616689
23,2026-07-12 06:15:57,"ntc1_C",-15.8697718484789,1619886
23,2026-07-12 06:15:57,"ntc2_C",-15.9991060005828,1627503
23,2026-07-12 06:15:57,"testSB_C",-15.8192127649099,1615576
24,2026-07-12 06:15:57,"ntc1_C",-15.7210543907086,1605974
24,2026-07-12 06:15:57,"ntc2_C",-16.292121688407,1647221
1,2026-07-12 10:15:57,"ntc1_C",-15.1898069160695,1573104
1,2026-07-12 10:15:57,"ntc2_C",-16.1224648168106,1635543
1,2026-07-12 10:15:57,"testSB_C",-15.4163646412434,1587324
2,2026-07-12 10:15:57,"ntc1_C",-15.6135628930006,1599940
2,2026-07-12 10:15:57,"ntc2_C",-15.7909344516837,1610206
2,2026-07-12 10:15:57,"testSB_C",-15.4902226825941,1589398
3,2026-07-12 10:15:57,"ntc1_C",-15.4086459484944,1588020
3,2026-07-12 10:15:57,"ntc2_C",-16.0875006638577,1629966
3,2026-07-12 10:15:57,"testSB_C",-15.6228082297536,1601115
4,2026-07-12 10:15:57,"ntc1_C",-15.4374125416693,1587114
4,2026-07-12 10:15:57,"ntc2_C",-16.2721531312777,1645944
4,2026-07-12 10:15:57,"testSB_C",-15.2292098348108,1576435
5,2026-07-12 10:15:57,"ntc1_C",-16.4272504697534,1655289
5,2026-07-12 10:15:57,"ntc2_C",-16.3047117374122,1642809
5,2026-07-12 10:15:57,"testSB_C",-15.6472571199926,1606372
6,2026-07-12 10:15:57,"ntc1_C",-15.2433620447119,1576896
6,2026-07-12 10:15:57,"ntc2_C",-15.9038007943358,1619495
6,2026-07-12 10:15:57,"testSB_C",-15.5413131830526,1596756
7,2026-07-12 10:15:57,"ntc1_C",-15.3997331845696,1590567
7,2026-07-12 10:15:57,"ntc2_C",-16.022717410584,1627907
7,2026-07-12 10:15:57,"testSB_C",-15.810697873468,1614352
8,2026-07-12 10:15:57,"ntc1_C",-15.4015491725815,1585276
8,2026-07-12 10:15:57,"ntc2_C",-15.9644119607121,1624559
8,2026-07-12 10:15:57,"testSB_C",-15.8922540038959,1617387
9,2026-07-12 10:15:57,"ntc1_C",-15.3997284894969,1584174
9,2026-07-12 10:15:57,"ntc2_C",-15.7466743060796,1611067
9,2026-07-12 10:15:57,"testSB_C",-15.4564068979005,1588788
10,2026-07-12 10:15:57,"ntc1_C",-15.5127914097517,1596679
10,2026-07-12 10:15:57,"ntc2_C",-15.8438123045337,1615456
10,2026-07-12 10:15:57,"testSB_C",-15.5857576896716,1598294
11,2026-07-12 10:15:57,"ntc1_C",-15.4880346749476,1593330
11,2026-07-12 10:15:57,"ntc2_C",-16.4131352759757,1654637
11,2026-07-12 10:15:57,"testSB_C",-15.4715823828386,1591548
12,2026-07-12 10:15:57,"ntc1_C",-16.649341048491,1671578
12,2026-07-12 10:15:57,"ntc2_C",-16.4982452183665,1656713
12,2026-07-12 10:15:57,"testSB_C",-15.8835250816433,1608820
13,2026-07-12 10:15:57,"ntc1_C",-15.5310933363652,1593203
13,2026-07-12 10:15:57,"ntc2_C",-16.6538986913217,1667026
13,2026-07-12 10:15:57,"testSB_C",-15.4607308677919,1586972
14,2026-07-12 10:15:57,"ntc1_C",-15.7575251531108,1612272
14,2026-07-12 10:15:57,"ntc2_C",-15.6589629597281,1602811
14,2026-07-12 10:15:57,"testSB_C",-15.3167085403813,1580056
15,2026-07-12 10:15:57,"ntc1_C",-15.5711280592758,1599712
15,2026-07-12 10:15:57,"ntc2_C",-15.926979709846,1619259
15,2026-07-12 10:15:57,"testSB_C",-15.4716707699855,1584508
16,2026-07-12 10:15:57,"ntc1_C",-15.5084241454414,1596529
16,2026-07-12 10:15:57,"ntc2_C",-16.3170585044537,1645202
16,2026-07-12 10:15:57,"testSB_C",-16.2258504754305,1637266
17,2026-07-12 10:15:57,"ntc1_C",-15.3067597550062,1585054
17,2026-07-12 10:15:57,"ntc2_C",-16.448356038319,1660316
17,2026-07-12 10:15:57,"testSB_C",-15.6358408438952,1605815
18,2026-07-12 10:15:57,"ntc1_C",-15.3934462944667,1589688
18,2026-07-12 10:15:57,"ntc2_C",-16.161924793012,1635849
18,2026-07-12 10:15:57,"testSB_C",-15.2824369495357,1575240
19,2026-07-12 10:15:57,"ntc1_C",-15.5456232638341,1598634
19,2026-07-12 10:15:57,"ntc2_C",-16.2985553094862,1644676
19,2026-07-12 10:15:57,"testSB_C",-15.9632126836275,1619463
20,2026-07-12 10:15:57,"ntc1_C",-15.7756757802122,1608883
20,2026-07-12 10:15:57,"ntc2_C",-16.3006855758412,1647990
20,2026-07-12 10:15:57,"testSB_C",-15.748450904426,1612481
21,2026-07-12 10:15:57,"ntc1_C",-15.4915723955981,1592349
21,2026-07-12 10:15:57,"ntc2_C",-16.4039368925126,1654446
21,2026-07-12 10:15:57,"testSB_C",-15.893595346082,1619999
22,2026-07-12 10:15:57,"ntc1_C",-15.6526448168953,1601710
22,2026-07-12 10:15:57,"ntc2_C",-16.0326814504243,1629999
22,2026-07-12 10:15:57,"testSB_C",-15.7794551908432,1614809
23,2026-07-12 10:15:57,"ntc1_C",-16.0098256129882,1629152
23,2026-07-12 10:15:57,"ntc2_C",-15.9127636366066,1621786
23,2026-07-12 10:15:57,"testSB_C",-15.5798859493816,1599893
24,2026-07-12 10:15:57,"ntc1_C",-15.3204284718028,1580033
24,2026-07-12 10:15:57,"ntc2_C",-16.2118209234575,1641847
1,2026-07-12 14:15:57,"ntc1_C",-12.2463177629815,1395039
1,2026-07-12 14:15:57,"ntc2_C",-12.6160799700082,1417660
1,2026-07-12 14:15:57,"testSB_C",-12.6589007719655,1418277
2,2026-07-12 14:15:57,"ntc1_C",-12.8077488967116,1426876
2,2026-07-12 14:15:57,"ntc2_C",-12.5277522321799,1409526
2,2026-07-12 14:15:57,"testSB_C",-12.7529042309735,1421443
3,2026-07-12 14:15:57,"ntc1_C",-12.567012375537,1414212
3,2026-07-12 14:15:57,"ntc2_C",-12.7718539572195,1423747
3,2026-07-12 14:15:57,"testSB_C",-12.7693385977736,1425150
4,2026-07-12 14:15:57,"ntc1_C",-12.7371108662979,1421555
4,2026-07-12 14:15:57,"ntc2_C",-12.6834107197981,1421816
4,2026-07-12 14:15:57,"testSB_C",-12.4473226701911,1407248
5,2026-07-12 14:15:57,"ntc1_C",-12.8080142880225,1428320
5,2026-07-12 14:15:57,"ntc2_C",-13.0960417369695,1441286
5,2026-07-12 14:15:57,"testSB_C",-12.9591268080737,1439536
6,2026-07-12 14:15:57,"ntc1_C",-12.6958910243342,1421371
6,2026-07-12 14:15:57,"ntc2_C",-12.8934226278143,1432361
6,2026-07-12 14:15:57,"testSB_C",-12.8445422651927,1430385
7,2026-07-12 14:15:57,"ntc1_C",-12.6573043692219,1422233
7,2026-07-12 14:15:57,"ntc2_C",-12.9463338740791,1435877
7,2026-07-12 14:15:57,"testSB_C",-12.8659668895285,1431653
8,2026-07-12 14:15:57,"ntc1_C",-12.7625720648873,1423446
8,2026-07-12 14:15:57,"ntc2_C",-13.0966982211841,1445281
8,2026-07-12 14:15:57,"testSB_C",-13.2512270946366,1452256
9,2026-07-12 14:15:57,"ntc1_C",-13.1800424876008,1447328
9,2026-07-12 14:15:57,"ntc2_C",-13.0622466161531,1444057
9,2026-07-12 14:15:57,"testSB_C",-13.0478069873897,1440056
10,2026-07-12 14:15:57,"ntc1_C",-12.9284542135979,1436931
10,2026-07-12 14:15:57,"ntc2_C",-13.0465341648591,1441266
10,2026-07-12 14:15:57,"testSB_C",-12.6745051408729,1419298
11,2026-07-12 14:15:57,"ntc1_C",-12.8709931445202,1432048
11,2026-07-12 14:15:57,"ntc2_C",-13.1884595685205,1450806
11,2026-07-12 14:15:57,"testSB_C",-12.7168128482892,1422360
12,2026-07-12 14:15:57,"ntc1_C",-13.3987957030832,1464154
12,2026-07-12 14:15:57,"ntc2_C",-13.2318661885546,1450049
12,2026-07-12 14:15:57,"testSB_C",-13.2730769953455,1446815
13,2026-07-12 14:15:57,"ntc1_C",-12.7702848784612,1423726
13,2026-07-12 14:15:57,"ntc2_C",-13.1514180825101,1445132
13,2026-07-12 14:15:57,"testSB_C",-12.7562426171489,1421159
14,2026-07-12 14:15:57,"ntc1_C",-12.9539977364014,1438231
14,2026-07-12 14:15:57,"ntc2_C",-12.9167513099803,1433166
14,2026-07-12 14:15:57,"testSB_C",-12.4758035845781,1407154
15,2026-07-12 14:15:57,"ntc1_C",-12.6758396426815,1421501
15,2026-07-12 14:15:57,"ntc2_C",-12.932853452125,1433030
15,2026-07-12 14:15:57,"testSB_C",-12.8517024440469,1424844
16,2026-07-12 14:15:57,"ntc1_C",-12.7044326504279,1423931
16,2026-07-12 14:15:57,"ntc2_C",-12.9143711765134,1432060
16,2026-07-12 14:15:57,"testSB_C",-13.0571048681056,1439566
17,2026-07-12 14:15:57,"ntc1_C",-12.8059470197864,1431418
17,2026-07-12 14:15:57,"ntc2_C",-13.0204835301057,1443701
17,2026-07-12 14:15:57,"testSB_C",-12.7887255225134,1429786
18,2026-07-12 14:15:57,"ntc1_C",-12.9678554828038,1439898
18,2026-07-12 14:15:57,"ntc2_C",-13.0367054089903,1440083
18,2026-07-12 14:15:57,"testSB_C",-12.7340453986906,1420371
19,2026-07-12 14:15:57,"ntc1_C",-12.8676030480786,1433228
19,2026-07-12 14:15:57,"ntc2_C",-12.9187759610035,1432937
19,2026-07-12 14:15:57,"testSB_C",-13.1223763327011,1442875
20,2026-07-12 14:15:57,"ntc1_C",-13.0531298745009,1439902
20,2026-07-12 14:15:57,"ntc2_C",-13.1778654887784,1450909
20,2026-07-12 14:15:57,"testSB_C",-13.085821719247,1446521
21,2026-07-12 14:15:57,"ntc1_C",-12.9445423123963,1435140
21,2026-07-12 14:15:57,"ntc2_C",-13.3597253341357,1461320
21,2026-07-12 14:15:57,"testSB_C",-13.0616709720633,1443361
22,2026-07-12 14:15:57,"ntc1_C",-12.9514826013782,1434874
22,2026-07-12 14:15:57,"ntc2_C",-13.3090799473647,1458674
22,2026-07-12 14:15:57,"testSB_C",-13.032638710425,1443665
23,2026-07-12 14:15:57,"ntc1_C",-13.4175469530668,1465735
23,2026-07-12 14:15:57,"ntc2_C",-13.1924031548045,1451369
23,2026-07-12 14:15:57,"testSB_C",-13.0737930253421,1444357
24,2026-07-12 14:15:57,"ntc1_C",-12.9956683000634,1437386
24,2026-07-12 14:15:57,"ntc2_C",-13.1014528362513,1446346
1,2026-07-12 18:15:57,"ntc1_C",-7.68751757329858,1158189
1,2026-07-12 18:15:57,"ntc2_C",-8.08549288605099,1178384
1,2026-07-12 18:15:57,"testSB_C",-8.52316822605445,1197758
2,2026-07-12 18:15:57,"ntc1_C",-9.1764908274539,1230251
2,2026-07-12 18:15:57,"ntc2_C",-8.49051573437777,1195384
2,2026-07-12 18:15:57,"testSB_C",-8.95977874805459,1217522
3,2026-07-12 18:15:57,"ntc1_C",-8.93372786317394,1219297
3,2026-07-12 18:15:57,"ntc2_C",-8.92127239572136,1216595
3,2026-07-12 18:15:57,"testSB_C",-9.33737846805661,1238794
4,2026-07-12 18:15:57,"ntc1_C",-9.52080106761963,1246640
4,2026-07-12 18:15:57,"ntc2_C",-9.02121904921484,1224350
4,2026-07-12 18:15:57,"testSB_C",-9.34756316916321,1239940
5,2026-07-12 18:15:57,"ntc1_C",-9.10616478109364,1228111
5,2026-07-12 18:15:57,"ntc2_C",-9.73731967356986,1256562
5,2026-07-12 18:15:57,"testSB_C",-9.69023534973684,1259665
6,2026-07-12 18:15:57,"ntc1_C",-9.6905350272919,1257366
6,2026-07-12 18:15:57,"ntc2_C",-9.85834005904775,1265411
6,2026-07-12 18:15:57,"testSB_C",-9.77735305945259,1261994
7,2026-07-12 18:15:57,"ntc1_C",-9.75515791782522,1263335
7,2026-07-12 18:15:57,"ntc2_C",-9.71331481916087,1258249
7,2026-07-12 18:15:57,"testSB_C",-9.97312596317266,1272152
8,2026-07-12 18:15:57,"ntc1_C",-9.73818172646082,1258070
8,2026-07-12 18:15:57,"ntc2_C",-9.81387615491519,1264014
8,2026-07-12 18:15:57,"testSB_C",-10.138868578818,1278980
9,2026-07-12 18:15:57,"ntc1_C",-9.87614741992525,1265001
9,2026-07-12 18:15:57,"ntc2_C",-9.96285650443735,1272482
9,2026-07-12 18:15:57,"testSB_C",-10.086969604301,1276032
10,2026-07-12 18:15:57,"ntc1_C",-9.94179875829855,1271977
10,2026-07-12 18:15:57,"ntc2_C",-9.99149493284506,1272244
10,2026-07-12 18:15:57,"testSB_C",-9.91063086082528,1267834
11,2026-07-12 18:15:57,"ntc1_C",-9.88483446484025,1267728
11,2026-07-12 18:15:57,"ntc2_C",-9.76816149210697,1261744
11,2026-07-12 18:15:57,"testSB_C",-9.82590657708971,1263998
12,2026-07-12 18:15:57,"ntc1_C",-9.9303102053974,1270856
12,2026-07-12 18:15:57,"ntc2_C",-9.84185213759838,1262546
12,2026-07-12 18:15:57,"testSB_C",-10.2943783357841,1281617
13,2026-07-12 18:15:57,"ntc1_C",-9.84534141613631,1263642
13,2026-07-12 18:15:57,"ntc2_C",-9.78215183090316,1259354
13,2026-07-12 18:15:57,"testSB_C",-9.92424481892471,1265957
14,2026-07-12 18:15:57,"ntc1_C",-10.0604177006641,1278087
14,2026-07-12 18:15:57,"ntc2_C",-10.0214795859131,1273368
14,2026-07-12 18:15:57,"testSB_C",-9.7743937163138,1260150
15,2026-07-12 18:15:57,"ntc1_C",-10.0095229719841,1274876
15,2026-07-12 18:15:57,"ntc2_C",-9.91594724042409,1266883
15,2026-07-12 18:15:57,"testSB_C",-10.20460332397,1279577
16,2026-07-12 18:15:57,"ntc1_C",-10.2190244447077,1286495
16,2026-07-12 18:15:57,"ntc2_C",-9.79250697501396,1260701
16,2026-07-12 18:15:57,"testSB_C",-10.1475763234139,1278791
17,2026-07-12 18:15:57,"ntc1_C",-10.1066025823762,1282126
17,2026-07-12 18:15:57,"ntc2_C",-9.73058717254946,1262204
17,2026-07-12 18:15:57,"testSB_C",-10.1136623373596,1281884
18,2026-07-12 18:15:57,"ntc1_C",-10.1667122168429,1284266
18,2026-07-12 18:15:57,"ntc2_C",-10.0304358895527,1273734
18,2026-07-12 18:15:57,"testSB_C",-10.0434408971074,1273178
19,2026-07-12 18:15:57,"ntc1_C",-10.2790000213156,1289511
19,2026-07-12 18:15:57,"ntc2_C",-9.92659222167015,1268167
19,2026-07-12 18:15:57,"testSB_C",-10.3592360935963,1289310
20,2026-07-12 18:15:57,"ntc1_C",-10.4468218545507,1294623
20,2026-07-12 18:15:57,"ntc2_C",-10.3338737920587,1291811
20,2026-07-12 18:15:57,"testSB_C",-10.4094835775913,1296770
21,2026-07-12 18:15:57,"ntc1_C",-10.270536169268,1286643
21,2026-07-12 18:15:57,"ntc2_C",-10.2327757637572,1286158
21,2026-07-12 18:15:57,"testSB_C",-10.4135972859362,1295394
22,2026-07-12 18:15:57,"ntc1_C",-10.3109082882376,1288430
22,2026-07-12 18:15:57,"ntc2_C",-10.3579447961427,1293110
22,2026-07-12 18:15:57,"testSB_C",-10.284891412105,1290459
23,2026-07-12 18:15:57,"ntc1_C",-10.6760847404124,1310515
23,2026-07-12 18:15:57,"ntc2_C",-10.3431645629522,1291863
23,2026-07-12 18:15:57,"testSB_C",-10.5919840014652,1305101
24,2026-07-12 18:15:57,"ntc1_C",-10.4371586077426,1295084
24,2026-07-12 18:15:57,"ntc2_C",-9.97820804215547,1273241
1,2026-07-12 22:15:57,"ntc1_C",-6.17278075331097,1088898
1,2026-07-12 22:15:57,"ntc2_C",-7.20639650091505,1136925
1,2026-07-12 22:15:57,"testSB_C",-7.45827727927292,1146820
2,2026-07-12 22:15:57,"ntc1_C",-7.8984268107921,1167758
2,2026-07-12 22:15:57,"ntc2_C",-8.17243310731737,1179980
2,2026-07-12 22:15:57,"testSB_C",-8.36370103314715,1188277
3,2026-07-12 22:15:57,"ntc1_C",-8.30621467883111,1188490
3,2026-07-12 22:15:57,"ntc2_C",-8.43227495696664,1192563
3,2026-07-12 22:15:57,"testSB_C",-8.79587302414603,1211720
4,2026-07-12 22:15:57,"ntc1_C",-8.89119997310831,1215028
4,2026-07-12 22:15:57,"ntc2_C",-8.80434566101275,1213564
4,2026-07-12 22:15:57,"testSB_C",-8.74962632706712,1210052
5,2026-07-12 22:15:57,"ntc1_C",-8.69009641830763,1207455
5,2026-07-12 22:15:57,"ntc2_C",-9.08623681824935,1223610
5,2026-07-12 22:15:57,"testSB_C",-9.00574789450371,1224963
6,2026-07-12 22:15:57,"ntc1_C",-9.32487836810554,1238756
6,2026-07-12 22:15:57,"ntc2_C",-9.21543991212172,1232639
6,2026-07-12 22:15:57,"testSB_C",-9.0001759769317,1222591
7,2026-07-12 22:15:57,"ntc1_C",-8.94351666479491,1222182
7,2026-07-12 22:15:57,"ntc2_C",-8.74479076887093,1209472
7,2026-07-12 22:15:57,"testSB_C",-9.12349124274903,1228790
8,2026-07-12 22:15:57,"ntc1_C",-8.81910104320423,1211754
8,2026-07-12 22:15:57,"ntc2_C",-8.99344084700863,1222400
8,2026-07-12 22:15:57,"testSB_C",-9.1378196963559,1227787
9,2026-07-12 22:15:57,"ntc1_C",-8.85970107503863,1213680
9,2026-07-12 22:15:57,"ntc2_C",-9.07965441231613,1227453
9,2026-07-12 22:15:57,"testSB_C",-9.2054871687759,1230929
10,2026-07-12 22:15:57,"ntc1_C",-8.94720405781112,1221385
10,2026-07-12 22:15:57,"ntc2_C",-9.04433847547762,1224003
10,2026-07-12 22:15:57,"testSB_C",-9.22753531789374,1232976
11,2026-07-12 22:15:57,"ntc1_C",-9.01889172207552,1223727
11,2026-07-12 22:15:57,"ntc2_C",-9.09024121163725,1227321
11,2026-07-12 22:15:57,"testSB_C",-9.05636467535612,1224918
12,2026-07-12 22:15:57,"ntc1_C",-9.27011510380692,1237078
12,2026-07-12 22:15:57,"ntc2_C",-9.12290328443055,1226027
12,2026-07-12 22:15:57,"testSB_C",-9.45916304028486,1238793
13,2026-07-12 22:15:57,"ntc1_C",-8.95881643880813,1218791
13,2026-07-12 22:15:57,"ntc2_C",-9.26256772762014,1232924
13,2026-07-12 22:15:57,"testSB_C",-9.26832218534838,1232514
14,2026-07-12 22:15:57,"ntc1_C",-9.14661424037956,1231328
14,2026-07-12 22:15:57,"ntc2_C",-9.06210733171923,1224474
14,2026-07-12 22:15:57,"testSB_C",-9.46203934421897,1244176
15,2026-07-12 22:15:57,"ntc1_C",-9.38252989558009,1242665
15,2026-07-12 22:15:57,"ntc2_C",-9.19925016270889,1230349
15,2026-07-12 22:15:57,"testSB_C",-9.21243971090314,1228999
16,2026-07-12 22:15:57,"ntc1_C",-9.38847656984166,1243605
16,2026-07-12 22:15:57,"ntc2_C",-9.10148350935009,1225651
16,2026-07-12 22:15:57,"testSB_C",-9.23019174890777,1231904
17,2026-07-12 22:15:57,"ntc1_C",-9.22239752758821,1236707
17,2026-07-12 22:15:57,"ntc2_C",-9.11982874509829,1231126
17,2026-07-12 22:15:57,"testSB_C",-9.40496608489423,1245344
18,2026-07-12 22:15:57,"ntc1_C",-9.16176947338613,1232651
18,2026-07-12 22:15:57,"ntc2_C",-9.23150439840146,1232872
18,2026-07-12 22:15:57,"testSB_C",-9.36199358527688,1238385
19,2026-07-12 22:15:57,"ntc1_C",-9.17702156354409,1232813
19,2026-07-12 22:15:57,"ntc2_C",-9.28797410860136,1235546
19,2026-07-12 22:15:57,"testSB_C",-9.49637338918973,1244773
20,2026-07-12 22:15:57,"ntc1_C",-9.53985392244886,1247593
20,2026-07-12 22:15:57,"ntc2_C",-9.71408964969959,1259532
20,2026-07-12 22:15:57,"testSB_C",-9.52096201715602,1250577
21,2026-07-12 22:15:57,"ntc1_C",-9.5602559706665,1249861
21,2026-07-12 22:15:57,"ntc2_C",-10.032771031235,1275699
21,2026-07-12 22:15:57,"testSB_C",-10.334092425991,1291193
22,2026-07-12 22:15:57,"ntc1_C",-10.2435521381549,1284897
22,2026-07-12 22:15:57,"ntc2_C",-9.51708106029821,1249485
22,2026-07-12 22:15:57,"testSB_C",-9.52972278538812,1251289
23,2026-07-12 22:15:57,"ntc1_C",-9.65504463077775,1257008
23,2026-07-12 22:15:57,"ntc2_C",-9.31547375126587,1238752
23,2026-07-12 22:15:57,"testSB_C",-9.65311719261808,1256003
24,2026-07-12 22:15:57,"ntc1_C",-9.38309540078228,1240643
24,2026-07-12 22:15:57,"ntc2_C",-9.34790240386582,1240914
1,2026-07-13 02:15:57,"ntc1_C",-16.5326804862335,1661564
1,2026-07-13 02:15:57,"ntc2_C",-16.6358713753948,1670073
1,2026-07-13 02:15:57,"testSB_C",-16.5431716037654,1661938
2,2026-07-13 02:15:57,"ntc1_C",-16.5472683510561,1661958
2,2026-07-13 02:15:57,"ntc2_C",-16.5582450848879,1661306
2,2026-07-13 02:15:57,"testSB_C",-16.513530761745,1657047
3,2026-07-13 02:15:57,"ntc1_C",-16.4556545435552,1657192
3,2026-07-13 02:15:57,"ntc2_C",-16.5026357396191,1657756
3,2026-07-13 02:15:57,"testSB_C",-16.4703919708215,1657356
4,2026-07-13 02:15:57,"ntc1_C",-16.4438418650287,1653529
4,2026-07-13 02:15:57,"ntc2_C",-16.4818023020001,1660053
4,2026-07-13 02:15:57,"testSB_C",-16.3959551425636,1653183
5,2026-07-13 02:15:57,"ntc1_C",-16.4678555198761,1658025
5,2026-07-13 02:15:57,"ntc2_C",-16.4617145840027,1653345
5,2026-07-13 02:15:57,"testSB_C",-16.4000294419365,1656383
6,2026-07-13 02:15:57,"ntc1_C",-16.3851494002193,1651886
6,2026-07-13 02:15:57,"ntc2_C",-16.4114800860003,1653323
6,2026-07-13 02:15:57,"testSB_C",-16.3849606561168,1652584
7,2026-07-13 02:15:57,"ntc1_C",-16.369846934596,1654659
7,2026-07-13 02:15:57,"ntc2_C",-16.3966829989448,1652894
7,2026-07-13 02:15:57,"testSB_C",-16.4302260855512,1655590
8,2026-07-13 02:15:57,"ntc1_C",-16.3492698156375,1647676
8,2026-07-13 02:15:57,"ntc2_C",-16.3926394299978,1653128
8,2026-07-13 02:15:57,"testSB_C",-16.4014482831777,1651268
9,2026-07-13 02:15:57,"ntc1_C",-16.3801222030466,1648553
9,2026-07-13 02:15:57,"ntc2_C",-16.3644397338297,1652092
9,2026-07-13 02:15:57,"testSB_C",-16.3629618861297,1648574
10,2026-07-13 02:15:57,"ntc1_C",-16.34348972783,1651620
10,2026-07-13 02:15:57,"ntc2_C",-16.3466727964152,1648879
10,2026-07-13 02:15:57,"testSB_C",-16.3718106169718,1650295
11,2026-07-13 02:15:57,"ntc1_C",-16.3369047904998,1649358
11,2026-07-13 02:15:57,"ntc2_C",-16.4022335932744,1653903
11,2026-07-13 02:15:57,"testSB_C",-16.3305468471755,1648219
12,2026-07-13 02:15:57,"ntc1_C",-16.4006271306656,1654745
12,2026-07-13 02:15:57,"ntc2_C",-16.3789247644236,1648682
12,2026-07-13 02:15:57,"testSB_C",-16.4273790713369,1644735
13,2026-07-13 02:15:57,"ntc1_C",-16.3237517933189,1645397
13,2026-07-13 02:15:57,"ntc2_C",-16.3865054558245,1648976
13,2026-07-13 02:15:57,"testSB_C",-16.314239453239,1643127
14,2026-07-13 02:15:57,"ntc1_C",-16.3362032062055,1650670
14,2026-07-13 02:15:57,"ntc2_C",-16.3054105956566,1645578
14,2026-07-13 02:15:57,"testSB_C",-16.2903275223149,1643945
15,2026-07-13 02:15:57,"ntc1_C",-16.3098143276064,1648570
15,2026-07-13 02:15:57,"ntc2_C",-16.3234106662358,1645624
15,2026-07-13 02:15:57,"testSB_C",-16.394381840266,1644763
16,2026-07-13 02:15:57,"ntc1_C",-16.3183263943554,1650081
16,2026-07-13 02:15:57,"ntc2_C",-16.3367000933904,1646518
16,2026-07-13 02:15:57,"testSB_C",-16.3858147297946,1647914
17,2026-07-13 02:15:57,"ntc1_C",-16.2855466647067,1649474
17,2026-07-13 02:15:57,"ntc2_C",-16.3490236441659,1653615
17,2026-07-13 02:15:57,"testSB_C",-16.3057750526652,1650218
18,2026-07-13 02:15:57,"ntc1_C",-16.2590689724094,1646750
18,2026-07-13 02:15:57,"ntc2_C",-16.3096046144301,1645716
18,2026-07-13 02:15:57,"testSB_C",-16.3616842510947,1645679
19,2026-07-13 02:15:57,"ntc1_C",-16.2590930599519,1645762
19,2026-07-13 02:15:57,"ntc2_C",-16.3155160624057,1645812
19,2026-07-13 02:15:57,"testSB_C",-16.3464900361038,1644835
20,2026-07-13 02:15:57,"ntc1_C",-16.3055325625228,1643947
20,2026-07-13 02:15:57,"ntc2_C",-16.3110993758786,1648689
20,2026-07-13 02:15:57,"testSB_C",-16.2875420599764,1648278
21,2026-07-13 02:15:57,"ntc1_C",-16.2338469536825,1641251
21,2026-07-13 02:15:57,"ntc2_C",-16.3022806126888,1647613
21,2026-07-13 02:15:57,"testSB_C",-16.281095769839,1645743
22,2026-07-13 02:15:57,"ntc1_C",-16.2704770660438,1642450
22,2026-07-13 02:15:57,"ntc2_C",-16.2565099101798,1644921
22,2026-07-13 02:15:57,"testSB_C",-16.2582632991625,1646605
23,2026-07-13 02:15:57,"ntc1_C",-16.2642009626216,1646113
23,2026-07-13 02:15:57,"ntc2_C",-16.2543814963162,1644520
23,2026-07-13 02:15:57,"testSB_C",-16.2616147349474,1644960
24,2026-07-13 02:15:57,"ntc1_C",-16.2650702185048,1641861
24,2026-07-13 02:15:57,"ntc2_C",-16.2755414107156,1646110
1,2026-07-13 06:15:57,"ntc1_C",-20.2414546713119,1931358
1,2026-07-13 06:15:57,"ntc2_C",-20.3009263458924,1937612
1,2026-07-13 06:15:57,"testSB_C",-20.2310653277903,1930367
2,2026-07-13 06:15:57,"ntc1_C",-20.2171003120239,1928778
2,2026-07-13 06:15:57,"ntc2_C",-20.2140114077882,1926851
2,2026-07-13 06:15:57,"testSB_C",-20.1762513409156,1922543
3,2026-07-13 06:15:57,"ntc1_C",-20.1417617886554,1924449
3,2026-07-13 06:15:57,"ntc2_C",-20.1505401127609,1922248
3,2026-07-13 06:15:57,"testSB_C",-20.1084146228205,1921000
4,2026-07-13 06:15:57,"ntc1_C",-20.0969559936046,1917735
4,2026-07-13 06:15:57,"ntc2_C",-20.1055120337215,1922995
4,2026-07-13 06:15:57,"testSB_C",-20.041186155724,1916763
5,2026-07-13 06:15:57,"ntc1_C",-20.0784062801428,1919379
5,2026-07-13 06:15:57,"ntc2_C",-20.063569282919,1913598
5,2026-07-13 06:15:57,"testSB_C",-19.9984299905158,1916789
6,2026-07-13 06:15:57,"ntc1_C",-19.9970299720772,1912258
6,2026-07-13 06:15:57,"ntc2_C",-20.0096673565213,1913231
6,2026-07-13 06:15:57,"testSB_C",-19.9871188381226,1912735
7,2026-07-13 06:15:57,"ntc1_C",-19.9570045878723,1913849
7,2026-07-13 06:15:57,"ntc2_C",-19.9673388508084,1910717
7,2026-07-13 06:15:57,"testSB_C",-19.959465094645,1910443
8,2026-07-13 06:15:57,"ntc1_C",-19.9112389053699,1903947
8,2026-07-13 06:15:57,"ntc2_C",-19.9227382051813,1907690
8,2026-07-13 06:15:57,"testSB_C",-19.9125678866985,1904112
9,2026-07-13 06:15:57,"ntc1_C",-19.9251038650549,1902858
9,2026-07-13 06:15:57,"ntc2_C",-19.8802878115757,1905335
9,2026-07-13 06:15:57,"testSB_C",-19.8623291265424,1900262
10,2026-07-13 06:15:57,"ntc1_C",-19.86754310086,1905523
10,2026-07-13 06:15:57,"ntc2_C",-19.8520309076065,1900981
10,2026-07-13 06:15:57,"testSB_C",-19.8394855305254,1899723
11,2026-07-13 06:15:57,"ntc1_C",-19.8413639332707,1901300
11,2026-07-13 06:15:57,"ntc2_C",-19.8458180790295,1901941
11,2026-07-13 06:15:57,"testSB_C",-19.7961999191972,1897177
12,2026-07-13 06:15:57,"ntc1_C",-19.8258882907617,1901504
12,2026-07-13 06:15:57,"ntc2_C",-19.8042210515202,1894727
12,2026-07-13 06:15:57,"testSB_C",-19.8696997783532,1890535
13,2026-07-13 06:15:57,"ntc1_C",-19.778754780355,1892648
13,2026-07-13 06:15:57,"ntc2_C",-19.7817429316626,1892715
13,2026-07-13 06:15:57,"testSB_C",-19.7195968736808,1886779
14,2026-07-13 06:15:57,"ntc1_C",-19.7510018147329,1895695
14,2026-07-13 06:15:57,"ntc2_C",-19.7108119536385,1889584
14,2026-07-13 06:15:57,"testSB_C",-19.6720505732266,1885599
15,2026-07-13 06:15:57,"ntc1_C",-19.6840419064803,1890555
15,2026-07-13 06:15:57,"ntc2_C",-19.695515448964,1887168
15,2026-07-13 06:15:57,"testSB_C",-19.7866339010468,1885614
16,2026-07-13 06:15:57,"ntc1_C",-19.6385146626627,1888199
16,2026-07-13 06:15:57,"ntc2_C",-19.660642794598,1884374
16,2026-07-13 06:15:57,"testSB_C",-19.7099570038877,1884699
17,2026-07-13 06:15:57,"ntc1_C",-19.6155825757984,1887981
17,2026-07-13 06:15:57,"ntc2_C",-19.6324156190442,1889429
17,2026-07-13 06:15:57,"testSB_C",-19.6049969561209,1886643
18,2026-07-13 06:15:57,"ntc1_C",-19.5745993266518,1884066
18,2026-07-13 06:15:57,"ntc2_C",-19.6126837461402,1881925
18,2026-07-13 06:15:57,"testSB_C",-19.6799491322207,1881638
19,2026-07-13 06:15:57,"ntc1_C",-19.5654041939414,1882145
19,2026-07-13 06:15:57,"ntc2_C",-19.5843649977232,1879386
19,2026-07-13 06:15:57,"testSB_C",-19.623599100391,1877790
20,2026-07-13 06:15:57,"ntc1_C",-19.5909240636286,1878254
20,2026-07-13 06:15:57,"ntc2_C",-19.5589078167576,1881130
20,2026-07-13 06:15:57,"testSB_C",-19.5397355158495,1880966
21,2026-07-13 06:15:57,"ntc1_C",-19.5043779799169,1874444
21,2026-07-13 06:15:57,"ntc2_C",-19.5380623752009,1878949
21,2026-07-13 06:15:57,"testSB_C",-19.5097680637663,1875946
22,2026-07-13 06:15:57,"ntc1_C",-19.5166273247473,1873348
22,2026-07-13 06:15:57,"ntc2_C",-19.4886493220274,1875568
22,2026-07-13 06:15:57,"testSB_C",-19.481022092699,1876794
23,2026-07-13 06:15:57,"ntc1_C",-19.4751763241767,1875313
23,2026-07-13 06:15:57,"ntc2_C",-19.4659445442289,1873731
23,2026-07-13 06:15:57,"testSB_C",-19.4525227965638,1872614
24,2026-07-13 06:15:57,"ntc1_C",-19.474187934121,1869699
24,2026-07-13 06:15:57,"ntc2_C",-19.446066945967,1872149
1,2026-07-13 10:15:57,"ntc1_C",-11.9589391977927,1378763
1,2026-07-13 10:15:57,"ntc2_C",-12.4978085217165,1410833
1,2026-07-13 10:15:57,"testSB_C",-12.396922111756,1403173
2,2026-07-13 10:15:57,"ntc1_C",-12.5279274928474,1410665
2,2026-07-13 10:15:57,"ntc2_C",-12.6867473993893,1418705
2,2026-07-13 10:15:57,"testSB_C",-12.617514284473,1413607
3,2026-07-13 10:15:57,"ntc1_C",-12.6380345320217,1418318
3,2026-07-13 10:15:57,"ntc2_C",-12.7873456897449,1424648
3,2026-07-13 10:15:57,"testSB_C",-12.6924403785574,1420682
4,2026-07-13 10:15:57,"ntc1_C",-12.6627852600444,1417248
4,2026-07-13 10:15:57,"ntc2_C",-12.8505932458293,1431555
4,2026-07-13 10:15:57,"testSB_C",-12.6027978249153,1416211
5,2026-07-13 10:15:57,"ntc1_C",-12.8841794828668,1432765
5,2026-07-13 10:15:57,"ntc2_C",-12.906664338407,1430184
5,2026-07-13 10:15:57,"testSB_C",-12.709449318168,1424936
6,2026-07-13 10:15:57,"ntc1_C",-12.5933474957836,1415438
6,2026-07-13 10:15:57,"ntc2_C",-12.8261786732363,1428434
6,2026-07-13 10:15:57,"testSB_C",-12.6937029586203,1421602
7,2026-07-13 10:15:57,"ntc1_C",-12.6511370885642,1421875
7,2026-07-13 10:15:57,"ntc2_C",-12.8477446675164,1430107
7,2026-07-13 10:15:57,"testSB_C",-12.8000411986242,1427805
8,2026-07-13 10:15:57,"ntc1_C",-12.6554804194617,1417235
8,2026-07-13 10:15:57,"ntc2_C",-12.8764398124395,1432346
8,2026-07-13 10:15:57,"testSB_C",-12.8426670776204,1428239
9,2026-07-13 10:15:57,"ntc1_C",-12.6146001278722,1414367
9,2026-07-13 10:15:57,"ntc2_C",-12.6828707267797,1421874
9,2026-07-13 10:15:57,"testSB_C",-12.6672077837518,1417846
10,2026-07-13 10:15:57,"ntc1_C",-12.6851450480733,1422729
10,2026-07-13 10:15:57,"ntc2_C",-12.7944471462326,1426509
10,2026-07-13 10:15:57,"testSB_C",-12.7102171230908,1421369
11,2026-07-13 10:15:57,"ntc1_C",-12.6841744472898,1421171
11,2026-07-13 10:15:57,"ntc2_C",-12.9320948211632,1435704
11,2026-07-13 10:15:57,"testSB_C",-12.6403592593263,1417927
12,2026-07-13 10:15:57,"ntc1_C",-12.9678056818269,1438624
12,2026-07-13 10:15:57,"ntc2_C",-12.933265602146,1432473
12,2026-07-13 10:15:57,"testSB_C",-12.7728389098372,1417658
13,2026-07-13 10:15:57,"ntc1_C",-12.6225746119312,1415177
13,2026-07-13 10:15:57,"ntc2_C",-12.9513579293844,1433374
13,2026-07-13 10:15:57,"testSB_C",-12.5890230435655,1411488
14,2026-07-13 10:15:57,"ntc1_C",-12.706324266619,1423775
14,2026-07-13 10:15:57,"ntc2_C",-12.6545711301811,1417906
14,2026-07-13 10:15:57,"testSB_C",-12.4982442094244,1408444
15,2026-07-13 10:15:57,"ntc1_C",-12.5807136156313,1415991
15,2026-07-13 10:15:57,"ntc2_C",-12.7475500823551,1422225
15,2026-07-13 10:15:57,"testSB_C",-12.7038169385671,1416316
16,2026-07-13 10:15:57,"ntc1_C",-12.6215870543309,1419122
16,2026-07-13 10:15:57,"ntc2_C",-12.8491781052052,1428254
16,2026-07-13 10:15:57,"testSB_C",-12.8525253561583,1427636
17,2026-07-13 10:15:57,"ntc1_C",-12.5867563360892,1418674
17,2026-07-13 10:15:57,"ntc2_C",-12.8826235981078,1435597
17,2026-07-13 10:15:57,"testSB_C",-12.6719573679667,1422988
18,2026-07-13 10:15:57,"ntc1_C",-12.604415656856,1418688
18,2026-07-13 10:15:57,"ntc2_C",-12.8055279493219,1426555
18,2026-07-13 10:15:57,"testSB_C",-12.6406132258953,1414987
19,2026-07-13 10:15:57,"ntc1_C",-12.7135945853374,1424247
19,2026-07-13 10:15:57,"ntc2_C",-12.9121931544415,1432552
19,2026-07-13 10:15:57,"testSB_C",-12.8633494454469,1427743
20,2026-07-13 10:15:57,"ntc1_C",-12.8042106965652,1425353
20,2026-07-13 10:15:57,"ntc2_C",-12.9403707324739,1436907
20,2026-07-13 10:15:57,"testSB_C",-12.7800702470512,1428576
21,2026-07-13 10:15:57,"ntc1_C",-12.6866363340038,1420102
21,2026-07-13 10:15:57,"ntc2_C",-12.9752276988505,1438561
21,2026-07-13 10:15:57,"testSB_C",-12.8498906530651,1430936
22,2026-07-13 10:15:57,"ntc1_C",-12.8048195268051,1426322
22,2026-07-13 10:15:57,"ntc2_C",-12.9078464428448,1434980
22,2026-07-13 10:15:57,"testSB_C",-12.8974370293415,1435719
23,2026-07-13 10:15:57,"ntc1_C",-12.8476716054298,1432031
23,2026-07-13 10:15:57,"ntc2_C",-12.8435430208817,1430831
23,2026-07-13 10:15:57,"testSB_C",-12.7769165045829,1426949
24,2026-07-13 10:15:57,"ntc1_C",-12.6498871309349,1417281
24,2026-07-13 10:15:57,"ntc2_C",-12.8818925515777,1433445
1,2026-07-13 14:15:57,"ntc1_C",-6.46819164072559,1102069
1,2026-07-13 14:15:57,"ntc2_C",-7.03986522105561,1129241
1,2026-07-13 14:15:57,"testSB_C",-6.78853014858527,1115923
2,2026-07-13 14:15:57,"ntc1_C",-7.13339314721622,1131910
2,2026-07-13 14:15:57,"ntc2_C",-7.31708953982439,1139555
2,2026-07-13 14:15:57,"testSB_C",-7.39565062092208,1142300
3,2026-07-13 14:15:57,"ntc1_C",-7.28311899490717,1139954
3,2026-07-13 14:15:57,"ntc2_C",-7.58151946036458,1151899
3,2026-07-13 14:15:57,"testSB_C",-7.44268535997713,1146666
4,2026-07-13 14:15:57,"ntc1_C",-7.57039007123916,1151337
4,2026-07-13 14:15:57,"ntc2_C",-7.62773268109856,1156710
4,2026-07-13 14:15:57,"testSB_C",-7.41386704439458,1145905
5,2026-07-13 14:15:57,"ntc1_C",-7.7431897914368,1161753
5,2026-07-13 14:15:57,"ntc2_C",-7.94170688408377,1167797
5,2026-07-13 14:15:57,"testSB_C",-7.66338781572802,1159702
6,2026-07-13 14:15:57,"ntc1_C",-7.58104969794562,1153778
6,2026-07-13 14:15:57,"ntc2_C",-7.86751655268938,1166697
6,2026-07-13 14:15:57,"testSB_C",-7.68611036371863,1158789
7,2026-07-13 14:15:57,"ntc1_C",-7.60974062776086,1157490
7,2026-07-13 14:15:57,"ntc2_C",-7.89277421141378,1168153
7,2026-07-13 14:15:57,"testSB_C",-7.87111657443535,1167590
8,2026-07-13 14:15:57,"ntc1_C",-7.6431494720116,1155011
8,2026-07-13 14:15:57,"ntc2_C",-7.92833427593558,1170443
8,2026-07-13 14:15:57,"testSB_C",-7.94530648830829,1169508
9,2026-07-13 14:15:57,"ntc1_C",-7.74638746243915,1159883
9,2026-07-13 14:15:57,"ntc2_C",-7.86016038439311,1167924
9,2026-07-13 14:15:57,"testSB_C",-7.84412834898058,1164430
10,2026-07-13 14:15:57,"ntc1_C",-7.7846904327107,1164835
10,2026-07-13 14:15:57,"ntc2_C",-8.01146184782249,1173509
10,2026-07-13 14:15:57,"testSB_C",-7.83724535794352,1165006
11,2026-07-13 14:15:57,"ntc1_C",-7.77724458925866,1163329
11,2026-07-13 14:15:57,"ntc2_C",-8.08126640641831,1177845
11,2026-07-13 14:15:57,"testSB_C",-7.76890910167651,1162260
12,2026-07-13 14:15:57,"ntc1_C",-8.1290532949759,1180831
12,2026-07-13 14:15:57,"ntc2_C",-8.07281208675585,1174606
12,2026-07-13 14:15:57,"testSB_C",-8.00565401163186,1167697
13,2026-07-13 14:15:57,"ntc1_C",-7.87134752662337,1165972
13,2026-07-13 14:15:57,"ntc2_C",-8.10620875810497,1176106
13,2026-07-13 14:15:57,"testSB_C",-7.83637767973693,1162588
14,2026-07-13 14:15:57,"ntc1_C",-7.88815343437716,1169755
14,2026-07-13 14:15:57,"ntc2_C",-7.8318772782356,1164555
14,2026-07-13 14:15:57,"testSB_C",-7.59592373780629,1152912
15,2026-07-13 14:15:57,"ntc1_C",-7.85089947548738,1167407
15,2026-07-13 14:15:57,"ntc2_C",-8.0312419241223,1173086
15,2026-07-13 14:15:57,"testSB_C",-7.96154847822623,1168069
16,2026-07-13 14:15:57,"ntc1_C",-7.98518664875019,1174405
16,2026-07-13 14:15:57,"ntc2_C",-8.05729893977059,1174556
16,2026-07-13 14:15:57,"testSB_C",-8.22151713413342,1182340
17,2026-07-13 14:15:57,"ntc1_C",-7.98638570556199,1175937
17,2026-07-13 14:15:57,"ntc2_C",-8.20799789609237,1186167
17,2026-07-13 14:15:57,"testSB_C",-8.07073368806095,1179391
18,2026-07-13 14:15:57,"ntc1_C",-8.04142633652594,1177585
18,2026-07-13 14:15:57,"ntc2_C",-8.21282549702278,1182694
18,2026-07-13 14:15:57,"testSB_C",-7.99573812996488,1171489
19,2026-07-13 14:15:57,"ntc1_C",-8.11361166796621,1180497
19,2026-07-13 14:15:57,"ntc2_C",-8.20007856788095,1181924
19,2026-07-13 14:15:57,"testSB_C",-8.21354425894867,1181397
20,2026-07-13 14:15:57,"ntc1_C",-8.22548865875643,1182489
20,2026-07-13 14:15:57,"ntc2_C",-8.3898190262849,1193273
20,2026-07-13 14:15:57,"testSB_C",-8.11037960139396,1180642
21,2026-07-13 14:15:57,"ntc1_C",-7.9835948807708,1171977
21,2026-07-13 14:15:57,"ntc2_C",-8.34908901620719,1190997
21,2026-07-13 14:15:57,"testSB_C",-8.09507695696078,1178339
22,2026-07-13 14:15:57,"ntc1_C",-8.11866488096587,1178327
22,2026-07-13 14:15:57,"ntc2_C",-8.30852631390036,1189381
22,2026-07-13 14:15:57,"testSB_C",-8.24284245622016,1187294
23,2026-07-13 14:15:57,"ntc1_C",-8.28023888735493,1188434
23,2026-07-13 14:15:57,"ntc2_C",-8.21255214113376,1184210
23,2026-07-13 14:15:57,"testSB_C",-8.18023309702852,1182717
24,2026-07-13 14:15:57,"ntc1_C",-7.96755452944348,1171152
24,2026-07-13 14:15:57,"ntc2_C",-8.01362161781481,1175200
1,2026-07-13 18:15:57,"ntc1_C",-6.19240711648979,1089768
1,2026-07-13 18:15:57,"ntc2_C",-6.66620356794567,1112193
1,2026-07-13 18:15:57,"testSB_C",-6.83089791661115,1117852
2,2026-07-13 18:15:57,"ntc1_C",-7.17871600534295,1134002
2,2026-07-13 18:15:57,"ntc2_C",-7.07093523601839,1128186
2,2026-07-13 18:15:57,"testSB_C",-7.22096024883302,1134199
3,2026-07-13 18:15:57,"ntc1_C",-7.07477057965735,1130321
3,2026-07-13 18:15:57,"ntc2_C",-6.82869061810868,1117099
3,2026-07-13 18:15:57,"testSB_C",-7.09398220498844,1130488
4,2026-07-13 18:15:57,"ntc1_C",-7.2688631930946,1137282
4,2026-07-13 18:15:57,"ntc2_C",-6.77109475783539,1117036
4,2026-07-13 18:15:57,"testSB_C",-7.2431729851051,1137962
5,2026-07-13 18:15:57,"ntc1_C",-6.63422610638702,1110470
5,2026-07-13 18:15:57,"ntc2_C",-7.25589534181319,1135605
5,2026-07-13 18:15:57,"testSB_C",-7.18239921439459,1137191
6,2026-07-13 18:15:57,"ntc1_C",-7.14588480763479,1133515
6,2026-07-13 18:15:57,"ntc2_C",-7.29797186567322,1139926
6,2026-07-13 18:15:57,"testSB_C",-7.15493592939356,1133973
7,2026-07-13 18:15:57,"ntc1_C",-7.15626183549131,1136300
7,2026-07-13 18:15:57,"ntc2_C",-7.17383778084053,1134410
7,2026-07-13 18:15:57,"testSB_C",-7.23654792348719,1137775
8,2026-07-13 18:15:57,"ntc1_C",-7.20589778261592,1134611
8,2026-07-13 18:15:57,"ntc2_C",-7.34645049966213,1143015
8,2026-07-13 18:15:57,"testSB_C",-7.56364755104977,1151458
9,2026-07-13 18:15:57,"ntc1_C",-7.39177766552194,1143262
9,2026-07-13 18:15:57,"ntc2_C",-7.42140819026957,1147234
9,2026-07-13 18:15:57,"testSB_C",-7.48362431218953,1147442
10,2026-07-13 18:15:57,"ntc1_C",-7.35740966932678,1144728
10,2026-07-13 18:15:57,"ntc2_C",-7.54258514932434,1151293
10,2026-07-13 18:15:57,"testSB_C",-7.38811173265765,1143875
11,2026-07-13 18:15:57,"ntc1_C",-7.38288511940732,1144790
11,2026-07-13 18:15:57,"ntc2_C",-7.25834083689261,1139001
11,2026-07-13 18:15:57,"testSB_C",-7.36190794821044,1143140
12,2026-07-13 18:15:57,"ntc1_C",-7.34181600054353,1143552
12,2026-07-13 18:15:57,"ntc2_C",-7.38644495373535,1142190
12,2026-07-13 18:15:57,"testSB_C",-7.72422104191958,1154419
13,2026-07-13 18:15:57,"ntc1_C",-7.58472821027596,1152443
13,2026-07-13 18:15:57,"ntc2_C",-7.43086482919335,1144165
13,2026-07-13 18:15:57,"testSB_C",-7.72947991843728,1157533
14,2026-07-13 18:15:57,"ntc1_C",-7.64054606985002,1158014
14,2026-07-13 18:15:57,"ntc2_C",-7.61778023721359,1154437
14,2026-07-13 18:15:57,"testSB_C",-7.60332028719898,1153260
15,2026-07-13 18:15:57,"ntc1_C",-7.66016534988154,1158366
15,2026-07-13 18:15:57,"ntc2_C",-7.65462385638227,1155207
15,2026-07-13 18:15:57,"testSB_C",-7.78527772576433,1159730
16,2026-07-13 18:15:57,"ntc1_C",-7.79914689502715,1165530
16,2026-07-13 18:15:57,"ntc2_C",-7.46157153604361,1146384
16,2026-07-13 18:15:57,"testSB_C",-7.78899561416313,1161707
17,2026-07-13 18:15:57,"ntc1_C",-7.7634879460067,1165306
17,2026-07-13 18:15:57,"ntc2_C",-7.40645275892444,1148029
17,2026-07-13 18:15:57,"testSB_C",-7.80615817703659,1166741
18,2026-07-13 18:15:57,"ntc1_C",-7.79379878563492,1165756
18,2026-07-13 18:15:57,"ntc2_C",-7.69485112375588,1157983
18,2026-07-13 18:15:57,"testSB_C",-7.89135390374815,1166531
19,2026-07-13 18:15:57,"ntc1_C",-7.83901325313559,1167359
19,2026-07-13 18:15:57,"ntc2_C",-7.56167988861131,1151568
19,2026-07-13 18:15:57,"testSB_C",-7.87552755984808,1165246
20,2026-07-13 18:15:57,"ntc1_C",-7.97629614558667,1170541
20,2026-07-13 18:15:57,"ntc2_C",-7.83513375379158,1166584
20,2026-07-13 18:15:57,"testSB_C",-7.7788849910001,1164793
21,2026-07-13 18:15:57,"ntc1_C",-7.791016439391,1162809
21,2026-07-13 18:15:57,"ntc2_C",-7.73299553575049,1161452
21,2026-07-13 18:15:57,"testSB_C",-7.71849647063544,1160360
22,2026-07-13 18:15:57,"ntc1_C",-7.89603992841194,1167694
22,2026-07-13 18:15:57,"ntc2_C",-7.8605088797791,1167855
22,2026-07-13 18:15:57,"testSB_C",-7.97435564982385,1174368
23,2026-07-13 18:15:57,"ntc1_C",-8.03935071625767,1176816
23,2026-07-13 18:15:57,"ntc2_C",-7.94422140151681,1171314
23,2026-07-13 18:15:57,"testSB_C",-8.13463706846989,1180519
24,2026-07-13 18:15:57,"ntc1_C",-8.04546664681823,1174872
24,2026-07-13 18:15:57,"ntc2_C",-7.66291093213295,1158523
1,2026-07-13 22:15:57,"ntc1_C",-7.41026294987921,1145176
1,2026-07-13 22:15:57,"ntc2_C",-8.2391155017678,1185786
1,2026-07-13 22:15:57,"testSB_C",-7.97650821435246,1171327
2,2026-07-13 22:15:57,"ntc1_C",-8.1272674457602,1178705
2,2026-07-13 22:15:57,"ntc2_C",-8.23661911073407,1183072
2,2026-07-13 22:15:57,"testSB_C",-8.18901945568751,1179843
3,2026-07-13 22:15:57,"ntc1_C",-8.15945341183817,1181400
3,2026-07-13 22:15:57,"ntc2_C",-8.23383634213019,1182949
3,2026-07-13 22:15:57,"testSB_C",-8.15787305758619,1180592
4,2026-07-13 22:15:57,"ntc1_C",-8.22861900756044,1182640
4,2026-07-13 22:15:57,"ntc2_C",-8.33423395501251,1190514
4,2026-07-13 22:15:57,"testSB_C",-8.25046948715351,1185663
5,2026-07-13 22:15:57,"ntc1_C",-8.29923068976308,1188372
5,2026-07-13 22:15:57,"ntc2_C",-8.41059687674357,1190342
5,2026-07-13 22:15:57,"testSB_C",-8.27540125695452,1189005
6,2026-07-13 22:15:57,"ntc1_C",-8.14728926015965,1180700
6,2026-07-13 22:15:57,"ntc2_C",-8.36772031028909,1190738
6,2026-07-13 22:15:57,"testSB_C",-8.20128628925386,1183388
7,2026-07-13 22:15:57,"ntc1_C",-8.17587492430874,1184512
7,2026-07-13 22:15:57,"ntc2_C",-8.30525934637581,1187974
7,2026-07-13 22:15:57,"testSB_C",-8.27608756403265,1187033
8,2026-07-13 22:15:57,"ntc1_C",-8.19043239991004,1181074
8,2026-07-13 22:15:57,"ntc2_C",-8.38253990853042,1192319
8,2026-07-13 22:15:57,"testSB_C",-8.34492278677141,1188717
9,2026-07-13 22:15:57,"ntc1_C",-8.24291049392502,1183570
9,2026-07-13 22:15:57,"ntc2_C",-8.26684245928044,1187442
9,2026-07-13 22:15:57,"testSB_C",-8.23494563742526,1183137
10,2026-07-13 22:15:57,"ntc1_C",-8.19433468107593,1184451
10,2026-07-13 22:15:57,"ntc2_C",-8.30531969008405,1187655
10,2026-07-13 22:15:57,"testSB_C",-8.21725130928417,1183196
11,2026-07-13 22:15:57,"ntc1_C",-8.19352676886581,1183232
11,2026-07-13 22:15:57,"ntc2_C",-8.33519193578161,1190102
11,2026-07-13 22:15:57,"testSB_C",-8.1938157627257,1182570
12,2026-07-13 22:15:57,"ntc1_C",-8.35349437386714,1191685
12,2026-07-13 22:15:57,"ntc2_C",-8.33065459595849,1187025
12,2026-07-13 22:15:57,"testSB_C",-8.31129764518357,1182294
13,2026-07-13 22:15:57,"ntc1_C",-8.21971598979326,1182634
13,2026-07-13 22:15:57,"ntc2_C",-8.36209534128449,1188445
13,2026-07-13 22:15:57,"testSB_C",-8.23716205145547,1181742
14,2026-07-13 22:15:57,"ntc1_C",-8.26703388328053,1187956
14,2026-07-13 22:15:57,"ntc2_C",-8.23193814388088,1183705
14,2026-07-13 22:15:57,"testSB_C",-8.15219276446987,1179384
15,2026-07-13 22:15:57,"ntc1_C",-8.19339715393488,1183823
15,2026-07-13 22:15:57,"ntc2_C",-8.29096346214368,1185580
15,2026-07-13 22:15:57,"testSB_C",-8.27336260585804,1182968
16,2026-07-13 22:15:57,"ntc1_C",-8.22793361203185,1186089
16,2026-07-13 22:15:57,"ntc2_C",-8.30621908035334,1186536
16,2026-07-13 22:15:57,"testSB_C",-8.32946608158994,1187547
17,2026-07-13 22:15:57,"ntc1_C",-8.19074956560308,1185771
17,2026-07-13 22:15:57,"ntc2_C",-8.29856940321287,1190557
17,2026-07-13 22:15:57,"testSB_C",-8.24666373810328,1187880
18,2026-07-13 22:15:57,"ntc1_C",-8.19043456251893,1184762
18,2026-07-13 22:15:57,"ntc2_C",-8.30228378090396,1187016
18,2026-07-13 22:15:57,"testSB_C",-8.23813747966278,1183085
19,2026-07-13 22:15:57,"ntc1_C",-8.24879288469833,1187020
19,2026-07-13 22:15:57,"ntc2_C",-8.33556883987154,1188471
19,2026-07-13 22:15:57,"testSB_C",-8.3372043569965,1187362
20,2026-07-13 22:15:57,"ntc1_C",-8.30416392905232,1186287
20,2026-07-13 22:15:57,"ntc2_C",-8.38059239156854,1192824
20,2026-07-13 22:15:57,"testSB_C",-8.25092793552233,1187428
21,2026-07-13 22:15:57,"ntc1_C",-8.20125596630453,1182428
21,2026-07-13 22:15:57,"ntc2_C",-8.38023873229821,1192511
21,2026-07-13 22:15:57,"testSB_C",-8.24968812624735,1185802
22,2026-07-13 22:15:57,"ntc1_C",-8.29454333044544,1186797
22,2026-07-13 22:15:57,"ntc2_C",-8.3358943688412,1190709
22,2026-07-13 22:15:57,"testSB_C",-8.35101986222293,1192543
23,2026-07-13 22:15:57,"ntc1_C",-8.34544650099662,1191599
23,2026-07-13 22:15:57,"ntc2_C",-8.37061200839486,1191874
23,2026-07-13 22:15:57,"testSB_C",-8.36848265058376,1191836
24,2026-07-13 22:15:57,"ntc1_C",-8.29764196647614,1186995
24,2026-07-13 22:15:57,"ntc2_C",-8.34016606372171,1190948
1,2026-07-14 02:15:57,"ntc1_C",-9.39655891129269,1241804
1,2026-07-14 02:15:57,"ntc2_C",-9.54405465985724,1250601
1,2026-07-14 02:15:57,"testSB_C",-9.42568459947393,1242729
2,2026-07-14 02:15:57,"ntc1_C",-9.45009108787247,1244065
2,2026-07-14 02:15:57,"ntc2_C",-9.47783670921467,1244513
2,2026-07-14 02:15:57,"testSB_C",-9.4592120769799,1242588
3,2026-07-14 02:15:57,"ntc1_C",-9.44011249859705,1244748
3,2026-07-14 02:15:57,"ntc2_C",-9.47256267758473,1244279
3,2026-07-14 02:15:57,"testSB_C",-9.45670349860529,1244842
4,2026-07-14 02:15:57,"ntc1_C",-9.45769151691212,1243434
4,2026-07-14 02:15:57,"ntc2_C",-9.47546618473507,1247258
4,2026-07-14 02:15:57,"testSB_C",-9.43135952119991,1244188
5,2026-07-14 02:15:57,"ntc1_C",-9.47484805295204,1246714
5,2026-07-14 02:15:57,"ntc2_C",-9.49361835628315,1244124
5,2026-07-14 02:15:57,"testSB_C",-9.45589971040187,1247674
6,2026-07-14 02:15:57,"ntc1_C",-9.44272233097547,1244723
6,2026-07-14 02:15:57,"ntc2_C",-9.46737819989789,1245378
6,2026-07-14 02:15:57,"testSB_C",-9.43935974723064,1244702
7,2026-07-14 02:15:57,"ntc1_C",-9.42782773442735,1246572
7,2026-07-14 02:15:57,"ntc2_C",-9.46558202504923,1245586
7,2026-07-14 02:15:57,"testSB_C",-9.46461227512458,1246017
8,2026-07-14 02:15:57,"ntc1_C",-9.44151592936885,1242927
8,2026-07-14 02:15:57,"ntc2_C",-9.47984694044709,1246901
8,2026-07-14 02:15:57,"testSB_C",-9.4706219473216,1244572
9,2026-07-14 02:15:57,"ntc1_C",-9.45532833776235,1243493
9,2026-07-14 02:15:57,"ntc2_C",-9.46023038832379,1246655
9,2026-07-14 02:15:57,"testSB_C",-9.46046466343023,1243807
10,2026-07-14 02:15:57,"ntc1_C",-9.42941649593115,1245654
10,2026-07-14 02:15:57,"ntc2_C",-9.4658966579201,1245241
10,2026-07-14 02:15:57,"testSB_C",-9.4500319383987,1244222
11,2026-07-14 02:15:57,"ntc1_C",-9.44498166068041,1245181
11,2026-07-14 02:15:57,"ntc2_C",-9.49389094777632,1247701
11,2026-07-14 02:15:57,"testSB_C",-9.45197129133078,1244853
12,2026-07-14 02:15:57,"ntc1_C",-9.50421286537784,1248950
12,2026-07-14 02:15:57,"ntc2_C",-9.49444814762387,1244764
12,2026-07-14 02:15:57,"testSB_C",-9.52789941600048,1242262
13,2026-07-14 02:15:57,"ntc1_C",-9.46437243952198,1244167
13,2026-07-14 02:15:57,"ntc2_C",-9.49889442689243,1244875
13,2026-07-14 02:15:57,"testSB_C",-9.45760684462908,1242072
14,2026-07-14 02:15:57,"ntc1_C",-9.46534892267675,1247438
14,2026-07-14 02:15:57,"ntc2_C",-9.4552675623541,1244277
14,2026-07-14 02:15:57,"testSB_C",-9.42040012899469,1242062
15,2026-07-14 02:15:57,"ntc1_C",-9.44570702109678,1245873
15,2026-07-14 02:15:57,"ntc2_C",-9.46786301143578,1243915
15,2026-07-14 02:15:57,"testSB_C",-9.48592139389973,1242738
16,2026-07-14 02:15:57,"ntc1_C",-9.45566017084866,1247020
16,2026-07-14 02:15:57,"ntc2_C",-9.47838575806884,1244644
16,2026-07-14 02:15:57,"testSB_C",-9.50329009296297,1245679
17,2026-07-14 02:15:57,"ntc1_C",-9.45052272877359,1248267
17,2026-07-14 02:15:57,"ntc2_C",-9.48574340931697,1249651
17,2026-07-14 02:15:57,"testSB_C",-9.4685912646296,1248581
18,2026-07-14 02:15:57,"ntc1_C",-9.44910948714062,1247191
18,2026-07-14 02:15:57,"ntc2_C",-9.48634947992258,1245760
18,2026-07-14 02:15:57,"testSB_C",-9.49958212483426,1245332
19,2026-07-14 02:15:57,"ntc1_C",-9.44851394403105,1246543
19,2026-07-14 02:15:57,"ntc2_C",-9.48556011997209,1245547
19,2026-07-14 02:15:57,"testSB_C",-9.49231091041099,1244567
20,2026-07-14 02:15:57,"ntc1_C",-9.48794270326943,1244954
20,2026-07-14 02:15:57,"ntc2_C",-9.4972241337008,1248431
20,2026-07-14 02:15:57,"testSB_C",-9.46091659796178,1247516
21,2026-07-14 02:15:57,"ntc1_C",-9.44837606870681,1244165
21,2026-07-14 02:15:57,"ntc2_C",-9.49760987256576,1248134
21,2026-07-14 02:15:57,"testSB_C",-9.45946118778625,1245869
22,2026-07-14 02:15:57,"ntc1_C",-9.46238086577205,1244629
22,2026-07-14 02:15:57,"ntc2_C",-9.48175183878681,1247685
22,2026-07-14 02:15:57,"testSB_C",-9.4728660249113,1248389
23,2026-07-14 02:15:57,"ntc1_C",-9.49652783142898,1248901
23,2026-07-14 02:15:57,"ntc2_C",-9.48908924293573,1247567
23,2026-07-14 02:15:57,"testSB_C",-9.49108029375941,1247720
24,2026-07-14 02:15:57,"ntc1_C",-9.49977492905793,1246554
24,2026-07-14 02:15:57,"ntc2_C",-9.46153480451613,1246680
1,2026-07-14 06:15:57,"ntc1_C",-10.3344574576556,1290269
1,2026-07-14 06:15:57,"ntc2_C",-10.3672209731271,1293322
1,2026-07-14 06:15:57,"testSB_C",-10.2788550910645,1286813
2,2026-07-14 06:15:57,"ntc1_C",-10.2723525546907,1286533
2,2026-07-14 06:15:57,"ntc2_C",-10.2727837420407,1285553
2,2026-07-14 06:15:57,"testSB_C",-10.2493263610362,1283315
3,2026-07-14 06:15:57,"ntc1_C",-10.2275005096689,1285395
3,2026-07-14 06:15:57,"ntc2_C",-10.2228537340333,1282984
3,2026-07-14 06:15:57,"testSB_C",-10.2180396273208,1284140
4,2026-07-14 06:15:57,"ntc1_C",-10.2205776540159,1282755
4,2026-07-14 06:15:57,"ntc2_C",-10.2205170061384,1285775
4,2026-07-14 06:15:57,"testSB_C",-10.1960632644357,1283641
5,2026-07-14 06:15:57,"ntc1_C",-10.1950201212793,1283879
5,2026-07-14 06:15:57,"ntc2_C",-10.2295460512593,1282069
5,2026-07-14 06:15:57,"testSB_C",-10.1834336201489,1285284
6,2026-07-14 06:15:57,"ntc1_C",-10.1795566372241,1282697
6,2026-07-14 06:15:57,"ntc2_C",-10.1995185850694,1283159
6,2026-07-14 06:15:57,"testSB_C",-10.1677980262895,1282272
7,2026-07-14 06:15:57,"ntc1_C",-10.1592579917049,1284344
7,2026-07-14 06:15:57,"ntc2_C",-10.1760771725909,1282253
7,2026-07-14 06:15:57,"testSB_C",-10.1829602295517,1283097
8,2026-07-14 06:15:57,"ntc1_C",-10.1497218186183,1279386
8,2026-07-14 06:15:57,"ntc2_C",-10.1975795663657,1283965
8,2026-07-14 06:15:57,"testSB_C",-10.2010846684166,1282232
9,2026-07-14 06:15:57,"ntc1_C",-10.2079076893919,1282221
9,2026-07-14 06:15:57,"ntc2_C",-10.1829335041669,1283960
9,2026-07-14 06:15:57,"testSB_C",-10.1832201506767,1281057
10,2026-07-14 06:15:57,"ntc1_C",-10.1527104935105,1282975
10,2026-07-14 06:15:57,"ntc2_C",-10.1887090628597,1282528
10,2026-07-14 06:15:57,"testSB_C",-10.1656973458864,1281104
11,2026-07-14 06:15:57,"ntc1_C",-10.1635443485044,1282228
11,2026-07-14 06:15:57,"ntc2_C",-10.1964468752866,1283993
11,2026-07-14 06:15:57,"testSB_C",-10.1731341387407,1282042
12,2026-07-14 06:15:57,"ntc1_C",-10.1889326339677,1284341
12,2026-07-14 06:15:57,"ntc2_C",-10.1793703325823,1280068
12,2026-07-14 06:15:57,"testSB_C",-10.2338331600337,1278463
13,2026-07-14 06:15:57,"ntc1_C",-10.1942523761607,1281748
13,2026-07-14 06:15:57,"ntc2_C",-10.1879106583404,1280392
13,2026-07-14 06:15:57,"testSB_C",-10.1779438757544,1279137
14,2026-07-14 06:15:57,"ntc1_C",-10.1725914966622,1283949
14,2026-07-14 06:15:57,"ntc2_C",-10.1454575826551,1279829
14,2026-07-14 06:15:57,"testSB_C",-10.1517588271954,1279724
15,2026-07-14 06:15:57,"ntc1_C",-10.1528320771587,1282356
15,2026-07-14 06:15:57,"ntc2_C",-10.1621323220073,1279684
15,2026-07-14 06:15:57,"testSB_C",-10.1900051142296,1278818
16,2026-07-14 06:15:57,"ntc1_C",-10.1477603234209,1282757
16,2026-07-14 06:15:57,"ntc2_C",-10.1475464983302,1279102
16,2026-07-14 06:15:57,"testSB_C",-10.1884676893392,1280922
17,2026-07-14 06:15:57,"ntc1_C",-10.1419821436392,1283978
17,2026-07-14 06:15:57,"ntc2_C",-10.1697911165246,1285042
17,2026-07-14 06:15:57,"testSB_C",-10.1465171836878,1283604
18,2026-07-14 06:15:57,"ntc1_C",-10.1402642668193,1282880
18,2026-07-14 06:15:57,"ntc2_C",-10.1665878095912,1280833
18,2026-07-14 06:15:57,"testSB_C",-10.2213847294568,1282424
19,2026-07-14 06:15:57,"ntc1_C",-10.1395513685649,1282193
19,2026-07-14 06:15:57,"ntc2_C",-10.1592572701887,1280267
19,2026-07-14 06:15:57,"testSB_C",-10.1885254610688,1280374
20,2026-07-14 06:15:57,"ntc1_C",-10.1932307658908,1281296
20,2026-07-14 06:15:57,"ntc2_C",-10.1939807518328,1284453
20,2026-07-14 06:15:57,"testSB_C",-10.1648764773664,1283884
21,2026-07-14 06:15:57,"ntc1_C",-10.1598120976174,1280838
21,2026-07-14 06:15:57,"ntc2_C",-10.1849086647442,1283647
21,2026-07-14 06:15:57,"testSB_C",-10.1569915743651,1281884
22,2026-07-14 06:15:57,"ntc1_C",-10.1724099126104,1281176
22,2026-07-14 06:15:57,"ntc2_C",-10.1851043759251,1284019
22,2026-07-14 06:15:57,"testSB_C",-10.1741047946241,1284636
23,2026-07-14 06:15:57,"ntc1_C",-10.2007957434079,1285328
23,2026-07-14 06:15:57,"ntc2_C",-10.1932591565708,1283975
23,2026-07-14 06:15:57,"testSB_C",-10.1947366265468,1284095
24,2026-07-14 06:15:57,"ntc1_C",-10.1990233793151,1282578
24,2026-07-14 06:15:57,"ntc2_C",-10.1331868723243,1281319
1,2026-07-14 10:15:57,"ntc1_C",-9.12680530947824,1228209
1,2026-07-14 10:15:57,"ntc2_C",-8.82897368653789,1214650
1,2026-07-14 10:15:57,"testSB_C",-8.76944304484692,1209863
2,2026-07-14 10:15:57,"ntc1_C",-8.88236133754572,1215574
2,2026-07-14 10:15:57,"ntc2_C",-9.00162870591345,1220566
2,2026-07-14 10:15:57,"testSB_C",-8.96630071180158,1217846
3,2026-07-14 10:15:57,"ntc1_C",-8.97615536541929,1221409
3,2026-07-14 10:15:57,"ntc2_C",-9.04551481041551,1222779
3,2026-07-14 10:15:57,"testSB_C",-9.01871303627223,1222788
4,2026-07-14 10:15:57,"ntc1_C",-9.02226673518658,1221541
4,2026-07-14 10:15:57,"ntc2_C",-9.0875836206335,1227670
4,2026-07-14 10:15:57,"testSB_C",-9.0061747917697,1222785
5,2026-07-14 10:15:57,"ntc1_C",-9.0930807060372,1227456
5,2026-07-14 10:15:57,"ntc2_C",-9.1535741280735,1226977
5,2026-07-14 10:15:57,"testSB_C",-9.04846430470712,1227100
6,2026-07-14 10:15:57,"ntc1_C",-8.98013724830571,1221466
6,2026-07-14 10:15:57,"ntc2_C",-9.11459558520562,1227577
6,2026-07-14 10:15:57,"testSB_C",-9.04127197331081,1224643
7,2026-07-14 10:15:57,"ntc1_C",-9.02123362125195,1226063
7,2026-07-14 10:15:57,"ntc2_C",-9.10049051602567,1227159
7,2026-07-14 10:15:57,"testSB_C",-9.08868774936587,1227046
8,2026-07-14 10:15:57,"ntc1_C",-9.01755014944422,1221606
8,2026-07-14 10:15:57,"ntc2_C",-9.12539345643347,1228998
8,2026-07-14 10:15:57,"testSB_C",-9.1436685783658,1228080
9,2026-07-14 10:15:57,"ntc1_C",-9.02545143207311,1221903
9,2026-07-14 10:15:57,"ntc2_C",-9.08063323645644,1227502
9,2026-07-14 10:15:57,"testSB_C",-9.06805549293563,1224044
10,2026-07-14 10:15:57,"ntc1_C",-9.02470697438451,1225253
10,2026-07-14 10:15:57,"ntc2_C",-9.09688276497502,1226630
10,2026-07-14 10:15:57,"testSB_C",-9.04768655500823,1223961
11,2026-07-14 10:15:57,"ntc1_C",-9.03761891652869,1224662
11,2026-07-14 10:15:57,"ntc2_C",-9.12985409611838,1229306
11,2026-07-14 10:15:57,"testSB_C",-9.04257511234164,1224229
12,2026-07-14 10:15:57,"ntc1_C",-9.18066666817077,1232572
12,2026-07-14 10:15:57,"ntc2_C",-9.14327715247083,1227047
12,2026-07-14 10:15:57,"testSB_C",-9.1073543231164,1221191
13,2026-07-14 10:15:57,"ntc1_C",-8.98718594121726,1220201
13,2026-07-14 10:15:57,"ntc2_C",-9.1478548761238,1227165
13,2026-07-14 10:15:57,"testSB_C",-9.01361287808777,1219770
14,2026-07-14 10:15:57,"ntc1_C",-9.04673106476577,1226323
14,2026-07-14 10:15:57,"ntc2_C",-9.00571628750373,1221660
14,2026-07-14 10:15:57,"testSB_C",-8.93662776771004,1217765
15,2026-07-14 10:15:57,"ntc1_C",-8.96642069887798,1221744
15,2026-07-14 10:15:57,"ntc2_C",-9.05203872506655,1222978
15,2026-07-14 10:15:57,"testSB_C",-9.02676993122043,1219758
16,2026-07-14 10:15:57,"ntc1_C",-8.97138639935832,1222615
16,2026-07-14 10:15:57,"ntc2_C",-9.04840556845903,1223000
16,2026-07-14 10:15:57,"testSB_C",-9.07645689985549,1224217
17,2026-07-14 10:15:57,"ntc1_C",-8.92298303336759,1221699
17,2026-07-14 10:15:57,"ntc2_C",-9.03499359598521,1226871
17,2026-07-14 10:15:57,"testSB_C",-8.98401857590767,1224141
18,2026-07-14 10:15:57,"ntc1_C",-8.93316401642113,1221206
18,2026-07-14 10:15:57,"ntc2_C",-9.02405857708914,1222481
18,2026-07-14 10:15:57,"testSB_C",-8.9703182800522,1218822
19,2026-07-14 10:15:57,"ntc1_C",-8.95010373145777,1221455
19,2026-07-14 10:15:57,"ntc2_C",-9.04118799496513,1223169
19,2026-07-14 10:15:57,"testSB_C",-9.03620389345372,1221655
20,2026-07-14 10:15:57,"ntc1_C",-9.03312639145861,1222073
20,2026-07-14 10:15:57,"ntc2_C",-9.08231621520622,1227468
20,2026-07-14 10:15:57,"testSB_C",-8.98292096820484,1223418
21,2026-07-14 10:15:57,"ntc1_C",-8.94395364777171,1218809
21,2026-07-14 10:15:57,"ntc2_C",-9.15039510441352,1230573
21,2026-07-14 10:15:57,"testSB_C",-8.99335092559483,1222371
22,2026-07-14 10:15:57,"ntc1_C",-9.02268868219062,1222527
22,2026-07-14 10:15:57,"ntc2_C",-9.09970500519546,1228387
22,2026-07-14 10:15:57,"testSB_C",-9.02509460765123,1225787
23,2026-07-14 10:15:57,"ntc1_C",-9.07363500514145,1227531
23,2026-07-14 10:15:57,"ntc2_C",-9.03386863033666,1224588
23,2026-07-14 10:15:57,"testSB_C",-9.04440164331038,1225172
24,2026-07-14 10:15:57,"ntc1_C",-8.98731651667612,1220803
24,2026-07-14 10:15:57,"ntc2_C",-9.02835994673245,1224844
1,2026-07-14 14:15:57,"ntc1_C",-5.40441844130925,1055395
1,2026-07-14 14:15:57,"ntc2_C",-6.15941797351121,1089493
1,2026-07-14 14:15:57,"testSB_C",-5.89452336754232,1076007
2,2026-07-14 14:15:57,"ntc1_C",-6.23175580020092,1091106
2,2026-07-14 14:15:57,"ntc2_C",-6.20776444820962,1089231
2,2026-07-14 14:15:57,"testSB_C",-6.42513149721526,1098033
3,2026-07-14 14:15:57,"ntc1_C",-6.35859694075515,1097841
3,2026-07-14 14:15:57,"ntc2_C",-6.43292580894655,1099239
3,2026-07-14 14:15:57,"testSB_C",-6.49525245044839,1103254
4,2026-07-14 14:15:57,"ntc1_C",-6.63468355924215,1108293
4,2026-07-14 14:15:57,"ntc2_C",-6.49097853658117,1104368
4,2026-07-14 14:15:57,"testSB_C",-6.54082829752178,1105869
5,2026-07-14 14:15:57,"ntc1_C",-6.58918800521116,1108437
5,2026-07-14 14:15:57,"ntc2_C",-6.96886678228014,1122403
5,2026-07-14 14:15:57,"testSB_C",-6.79180054101903,1119240
6,2026-07-14 14:15:57,"ntc1_C",-6.76852591041325,1116239
6,2026-07-14 14:15:57,"ntc2_C",-6.94370539262388,1123592
6,2026-07-14 14:15:57,"testSB_C",-6.79532525573319,1117482
7,2026-07-14 14:15:57,"ntc1_C",-6.82994243369569,1121298
7,2026-07-14 14:15:57,"ntc2_C",-7.06935828861549,1129590
7,2026-07-14 14:15:57,"testSB_C",-7.10811604116117,1131836
8,2026-07-14 14:15:57,"ntc1_C",-6.91138716424831,1121079
8,2026-07-14 14:15:57,"ntc2_C",-7.16267997986517,1134490
8,2026-07-14 14:15:57,"testSB_C",-7.21685367567102,1135304
9,2026-07-14 14:15:57,"ntc1_C",-6.99660904591337,1125026
9,2026-07-14 14:15:57,"ntc2_C",-7.1296782866678,1133685
9,2026-07-14 14:15:57,"testSB_C",-7.11450929292198,1130311
10,2026-07-14 14:15:57,"ntc1_C",-6.9724068663117,1126915
10,2026-07-14 14:15:57,"ntc2_C",-7.17537993944211,1134195
10,2026-07-14 14:15:57,"testSB_C",-6.84958844265856,1119055
11,2026-07-14 14:15:57,"ntc1_C",-6.86013162393516,1120681
11,2026-07-14 14:15:57,"ntc2_C",-7.00479058780144,1127299
11,2026-07-14 14:15:57,"testSB_C",-6.79349794888543,1116975
12,2026-07-14 14:15:57,"ntc1_C",-7.0532090834281,1130189
12,2026-07-14 14:15:57,"ntc2_C",-7.04278402991207,1126305
12,2026-07-14 14:15:57,"testSB_C",-7.11627850509979,1126261
13,2026-07-14 14:15:57,"ntc1_C",-6.9935363687926,1125042
13,2026-07-14 14:15:57,"ntc2_C",-6.98112541526058,1123388
13,2026-07-14 14:15:57,"testSB_C",-6.94083351926139,1120928
14,2026-07-14 14:15:57,"ntc1_C",-6.8910090323933,1123201
14,2026-07-14 14:15:57,"ntc2_C",-6.87099541663315,1119844
14,2026-07-14 14:15:57,"testSB_C",-6.69333542890644,1111239
15,2026-07-14 14:15:57,"ntc1_C",-6.83560907489544,1120098
15,2026-07-14 14:15:57,"ntc2_C",-6.94858168548103,1122437
15,2026-07-14 14:15:57,"testSB_C",-6.95409051545994,1121208
16,2026-07-14 14:15:57,"ntc1_C",-6.8832297664971,1122826
16,2026-07-14 14:15:57,"ntc2_C",-6.74100742976884,1113231
16,2026-07-14 14:15:57,"testSB_C",-7.11450750459909,1130255
17,2026-07-14 14:15:57,"ntc1_C",-6.88611164887021,1124406
17,2026-07-14 14:15:57,"ntc2_C",-6.82681309082346,1121233
17,2026-07-14 14:15:57,"testSB_C",-6.99871829191511,1128986
18,2026-07-14 14:15:57,"ntc1_C",-7.00401124062256,1128834
18,2026-07-14 14:15:57,"ntc2_C",-7.07846303949628,1129264
18,2026-07-14 14:15:57,"testSB_C",-7.08291285933393,1128847
19,2026-07-14 14:15:57,"ntc1_C",-7.12108495618719,1133712
19,2026-07-14 14:15:57,"ntc2_C",-7.00673912956103,1125829
19,2026-07-14 14:15:57,"testSB_C",-7.24636874978154,1135776
20,2026-07-14 14:15:57,"ntc1_C",-7.30210772523361,1138830
20,2026-07-14 14:15:57,"ntc2_C",-7.33515376215746,1143050
20,2026-07-14 14:15:57,"testSB_C",-7.12932786626095,1134365
21,2026-07-14 14:15:57,"ntc1_C",-7.18235229349887,1134312
21,2026-07-14 14:15:57,"ntc2_C",-7.36774590312746,1144291
21,2026-07-14 14:15:57,"testSB_C",-7.19228204354545,1135702
22,2026-07-14 14:15:57,"ntc1_C",-7.29533514978345,1139489
22,2026-07-14 14:15:57,"ntc2_C",-7.48462580805472,1150102
22,2026-07-14 14:15:57,"testSB_C",-7.50679914099072,1152200
23,2026-07-14 14:15:57,"ntc1_C",-7.53434101734575,1152834
23,2026-07-14 14:15:57,"ntc2_C",-7.46435886850719,1148608
23,2026-07-14 14:15:57,"testSB_C",-7.57018973334101,1153652
24,2026-07-14 14:15:57,"ntc1_C",-7.38276772428657,1143611
24,2026-07-14 14:15:57,"ntc2_C",-7.17311246037912,1135636
1,2026-07-14 18:15:57,"ntc1_C",-3.68682117102009,984306
1,2026-07-14 18:15:57,"ntc2_C",-5.27884240612417,1051179
1,2026-07-14 18:15:57,"testSB_C",-5.10125050241118,1041821
2,2026-07-14 18:15:57,"ntc1_C",-5.58796635930452,1062900
2,2026-07-14 18:15:57,"ntc2_C",-5.57968298113212,1061758
2,2026-07-14 18:15:57,"testSB_C",-5.74438357440374,1068039
3,2026-07-14 18:15:57,"ntc1_C",-5.43961433208796,1057565
3,2026-07-14 18:15:57,"ntc2_C",-5.35961822239739,1052268
3,2026-07-14 18:15:57,"testSB_C",-5.51160911654722,1059968
4,2026-07-14 18:15:57,"ntc1_C",-5.73184937354029,1068330
4,2026-07-14 18:15:57,"ntc2_C",-5.32298968414955,1053121
4,2026-07-14 18:15:57,"testSB_C",-5.43018082228656,1057007
5,2026-07-14 18:15:57,"ntc1_C",-5.17836832543867,1046656
5,2026-07-14 18:15:57,"ntc2_C",-5.63111162750545,1062922
5,2026-07-14 18:15:57,"testSB_C",-5.43785038103852,1059239
6,2026-07-14 18:15:57,"ntc1_C",-5.39827406091928,1055751
6,2026-07-14 18:15:57,"ntc2_C",-5.65765320338124,1066290
6,2026-07-14 18:15:57,"testSB_C",-5.51876096776044,1060906
7,2026-07-14 18:15:57,"ntc1_C",-5.45924334723315,1060472
7,2026-07-14 18:15:57,"ntc2_C",-5.47709638424766,1058683
7,2026-07-14 18:15:57,"testSB_C",-5.52057473203854,1060997
8,2026-07-14 18:15:57,"ntc1_C",-5.31454062417947,1050544
8,2026-07-14 18:15:57,"ntc2_C",-5.47760292706323,1059300
8,2026-07-14 18:15:57,"testSB_C",-5.65171339126147,1065242
9,2026-07-14 18:15:57,"ntc1_C",-5.50041783104803,1058637
9,2026-07-14 18:15:57,"ntc2_C",-5.48708223177925,1060406
9,2026-07-14 18:15:57,"testSB_C",-5.58933471504696,1062266
10,2026-07-14 18:15:57,"ntc1_C",-5.49439177639783,1061136
10,2026-07-14 18:15:57,"ntc2_C",-5.56210870278784,1062111
10,2026-07-14 18:15:57,"testSB_C",-5.49273352835223,1058944
11,2026-07-14 18:15:57,"ntc1_C",-5.38414059425793,1055391
11,2026-07-14 18:15:57,"ntc2_C",-5.21964846135921,1048333
11,2026-07-14 18:15:57,"testSB_C",-5.30698031058165,1051419
12,2026-07-14 18:15:57,"ntc1_C",-5.32301066068931,1053376
12,2026-07-14 18:15:57,"ntc2_C",-5.27004860999671,1047899
12,2026-07-14 18:15:57,"testSB_C",-5.74048635380825,1065113
13,2026-07-14 18:15:57,"ntc1_C",-5.45740545636278,1056926
13,2026-07-14 18:15:57,"ntc2_C",-5.33088355406971,1050416
13,2026-07-14 18:15:57,"testSB_C",-5.48156558347506,1056301
14,2026-07-14 18:15:57,"ntc1_C",-5.62017276976485,1066608
14,2026-07-14 18:15:57,"ntc2_C",-5.5950059234483,1063182
14,2026-07-14 18:15:57,"testSB_C",-5.31963898280816,1050748
15,2026-07-14 18:15:57,"ntc1_C",-5.56480959218817,1063644
15,2026-07-14 18:15:57,"ntc2_C",-5.57401639306238,1061350
15,2026-07-14 18:15:57,"testSB_C",-5.75545072654251,1067917
16,2026-07-14 18:15:57,"ntc1_C",-5.83072768617797,1075731
16,2026-07-14 18:15:57,"ntc2_C",-5.54737130663852,1060465
16,2026-07-14 18:15:57,"testSB_C",-5.82618994194826,1072559
17,2026-07-14 18:15:57,"ntc1_C",-5.80384149363249,1075977
17,2026-07-14 18:15:57,"ntc2_C",-5.58199352841234,1065837
17,2026-07-14 18:15:57,"testSB_C",-5.78309097960971,1074493
18,2026-07-14 18:15:57,"ntc1_C",-5.86053272275166,1077492
18,2026-07-14 18:15:57,"ntc2_C",-5.77545871341192,1070937
18,2026-07-14 18:15:57,"testSB_C",-5.81883726722299,1072395
19,2026-07-14 18:15:57,"ntc1_C",-6.0121903047791,1083685
19,2026-07-14 18:15:57,"ntc2_C",-5.83976103350273,1073613
19,2026-07-14 18:15:57,"testSB_C",-6.06471677108641,1082455
20,2026-07-14 18:15:57,"ntc1_C",-6.14649858849924,1086508
20,2026-07-14 18:15:57,"ntc2_C",-6.14773844527559,1089090
20,2026-07-14 18:15:57,"testSB_C",-6.11714196063895,1088566
21,2026-07-14 18:15:57,"ntc1_C",-6.03479813664211,1082518
21,2026-07-14 18:15:57,"ntc2_C",-6.08372472711108,1085999
21,2026-07-14 18:15:57,"testSB_C",-6.10601998068694,1086473
22,2026-07-14 18:15:57,"ntc1_C",-6.17008640910035,1088517
22,2026-07-14 18:15:57,"ntc2_C",-6.29836568520534,1095867
22,2026-07-14 18:15:57,"testSB_C",-6.27831852622063,1095975
23,2026-07-14 18:15:57,"ntc1_C",-6.33266926718181,1097759
23,2026-07-14 18:15:57,"ntc2_C",-6.31102719281404,1095860
23,2026-07-14 18:15:57,"testSB_C",-6.50343859684227,1104572
24,2026-07-14 18:15:57,"ntc1_C",-6.34532963698842,1096369
24,2026-07-14 18:15:57,"ntc2_C",-6.08116238759368,1086266
1,2026-07-14 22:15:57,"ntc1_C",-7.29294870940674,1139715
1,2026-07-14 22:15:57,"ntc2_C",-7.62577656510513,1156514
1,2026-07-14 22:15:57,"testSB_C",-7.30150405539069,1139510
2,2026-07-14 22:15:57,"ntc1_C",-7.49069168954554,1148510
2,2026-07-14 22:15:57,"ntc2_C",-7.6173923087228,1153584
2,2026-07-14 22:15:57,"testSB_C",-7.52960366460985,1148552
3,2026-07-14 22:15:57,"ntc1_C",-7.45538034993524,1147982
3,2026-07-14 22:15:57,"ntc2_C",-7.48585595846799,1147416
3,2026-07-14 22:15:57,"testSB_C",-7.46856307823043,1147876
4,2026-07-14 22:15:57,"ntc1_C",-7.54408946455732,1150104
4,2026-07-14 22:15:57,"ntc2_C",-7.63759352202345,1157175
4,2026-07-14 22:15:57,"testSB_C",-7.5391507213867,1151771
5,2026-07-14 22:15:57,"ntc1_C",-7.55641724323806,1152949
5,2026-07-14 22:15:57,"ntc2_C",-7.67960205306275,1155385
5,2026-07-14 22:15:57,"testSB_C",-7.55158264072003,1154429
6,2026-07-14 22:15:57,"ntc1_C",-7.46386044978766,1148285
6,2026-07-14 22:15:57,"ntc2_C",-7.68132054823218,1157875
6,2026-07-14 22:15:57,"testSB_C",-7.5425993749144,1152030
7,2026-07-14 22:15:57,"ntc1_C",-7.4916016080341,1151931
7,2026-07-14 22:15:57,"ntc2_C",-7.61568530719251,1155028
7,2026-07-14 22:15:57,"testSB_C",-7.59850815186087,1154685
8,2026-07-14 22:15:57,"ntc1_C",-7.51432558940525,1148962
8,2026-07-14 22:15:57,"ntc2_C",-7.67608141719552,1158471
8,2026-07-14 22:15:57,"testSB_C",-7.70899098424633,1158298
9,2026-07-14 22:15:57,"ntc1_C",-7.57571831982017,1151853
9,2026-07-14 22:15:57,"ntc2_C",-7.5856539370215,1154935
9,2026-07-14 22:15:57,"testSB_C",-7.63578245313334,1154581
10,2026-07-14 22:15:57,"ntc1_C",-7.58904834774438,1155584
10,2026-07-14 22:15:57,"ntc2_C",-7.68722490358101,1158100
10,2026-07-14 22:15:57,"testSB_C",-7.61833078761515,1154657
11,2026-07-14 22:15:57,"ntc1_C",-7.58550182351934,1154277
11,2026-07-14 22:15:57,"ntc2_C",-7.68887385118586,1159157
11,2026-07-14 22:15:57,"testSB_C",-7.57752937250461,1153229
12,2026-07-14 22:15:57,"ntc1_C",-7.71110183743929,1160887
12,2026-07-14 22:15:57,"ntc2_C",-7.6900837624475,1156416
12,2026-07-14 22:15:57,"testSB_C",-7.73289663182646,1154826
13,2026-07-14 22:15:57,"ntc1_C",-7.6179949511731,1154005
13,2026-07-14 22:15:57,"ntc2_C",-7.75209973093308,1159246
13,2026-07-14 22:15:57,"testSB_C",-7.67108268874938,1154781
14,2026-07-14 22:15:57,"ntc1_C",-7.69348279907376,1160514
14,2026-07-14 22:15:57,"ntc2_C",-7.6464782005857,1155788
14,2026-07-14 22:15:57,"testSB_C",-7.58152796560529,1152235
15,2026-07-14 22:15:57,"ntc1_C",-7.6283946213432,1156867
15,2026-07-14 22:15:57,"ntc2_C",-7.70844773807136,1157745
15,2026-07-14 22:15:57,"testSB_C",-7.71927573461653,1156623
16,2026-07-14 22:15:57,"ntc1_C",-7.71509902726126,1161543
16,2026-07-14 22:15:57,"ntc2_C",-7.72111677270709,1158572
16,2026-07-14 22:15:57,"testSB_C",-7.75943104134507,1160310
17,2026-07-14 22:15:57,"ntc1_C",-7.65406282060229,1160123
17,2026-07-14 22:15:57,"ntc2_C",-7.71712421956164,1162660
17,2026-07-14 22:15:57,"testSB_C",-7.72028422466383,1162665
18,2026-07-14 22:15:57,"ntc1_C",-7.67554506190692,1160150
18,2026-07-14 22:15:57,"ntc2_C",-7.73459009735632,1159860
18,2026-07-14 22:15:57,"testSB_C",-7.72993725602385,1158906
19,2026-07-14 22:15:57,"ntc1_C",-7.7409184295206,1162702
19,2026-07-14 22:15:57,"ntc2_C",-7.78548030104395,1162118
19,2026-07-14 22:15:57,"testSB_C",-7.82320583616331,1162766
20,2026-07-14 22:15:57,"ntc1_C",-7.81223291642249,1162742
20,2026-07-14 22:15:57,"ntc2_C",-7.86049765514173,1167791
20,2026-07-14 22:15:57,"testSB_C",-7.71773072185397,1161893
21,2026-07-14 22:15:57,"ntc1_C",-7.66465029417304,1156833
21,2026-07-14 22:15:57,"ntc2_C",-7.81093747014893,1165148
21,2026-07-14 22:15:57,"testSB_C",-7.68858677663042,1158944
22,2026-07-14 22:15:57,"ntc1_C",-7.76726139551539,1161588
22,2026-07-14 22:15:57,"ntc2_C",-7.78945974171614,1164478
22,2026-07-14 22:15:57,"testSB_C",-7.84401984886688,1168145
23,2026-07-14 22:15:57,"ntc1_C",-7.79248895588591,1165030
23,2026-07-14 22:15:57,"ntc2_C",-7.81580352979415,1165193
23,2026-07-14 22:15:57,"testSB_C",-7.87325517881004,1167999
24,2026-07-14 22:15:57,"ntc1_C",-7.8025243570263,1163312
24,2026-07-14 22:15:57,"ntc2_C",-7.78316656186081,1164214
1,2026-07-15 02:15:57,"ntc1_C",-10.9784976287965,1324650
1,2026-07-15 02:15:57,"ntc2_C",-11.0354013147786,1329079
1,2026-07-15 02:15:57,"testSB_C",-10.9376592168718,1321930
2,2026-07-15 02:15:57,"ntc1_C",-10.9378098541373,1321971
2,2026-07-15 02:15:57,"ntc2_C",-10.9569259175097,1321964
2,2026-07-15 02:15:57,"testSB_C",-10.938510170927,1319938
3,2026-07-15 02:15:57,"ntc1_C",-10.9218374001563,1322348
3,2026-07-15 02:15:57,"ntc2_C",-10.9453559250296,1321403
3,2026-07-15 02:15:57,"testSB_C",-10.92966765065,1322003
4,2026-07-15 02:15:57,"ntc1_C",-10.9293776576562,1320413
4,2026-07-15 02:15:57,"ntc2_C",-10.9429802239022,1324270
4,2026-07-15 02:15:57,"testSB_C",-10.9162349539124,1321950
5,2026-07-15 02:15:57,"ntc1_C",-10.9361223133844,1323291
5,2026-07-15 02:15:57,"ntc2_C",-10.957007075698,1320725
5,2026-07-15 02:15:57,"testSB_C",-10.9237916643813,1324731
6,2026-07-15 02:15:57,"ntc1_C",-10.9164317955048,1321841
6,2026-07-15 02:15:57,"ntc2_C",-10.9413072417844,1322617
6,2026-07-15 02:15:57,"testSB_C",-10.9084843347605,1321647
7,2026-07-15 02:15:57,"ntc1_C",-10.8981257270372,1323672
7,2026-07-15 02:15:57,"ntc2_C",-10.9295084799886,1322326
7,2026-07-15 02:15:57,"testSB_C",-10.9264126749542,1322644
8,2026-07-15 02:15:57,"ntc1_C",-10.9014909296445,1319269
8,2026-07-15 02:15:57,"ntc2_C",-10.9344792823501,1323175
8,2026-07-15 02:15:57,"testSB_C",-10.9330564084536,1321123
9,2026-07-15 02:15:57,"ntc1_C",-10.9241044972542,1320202
9,2026-07-15 02:15:57,"ntc2_C",-10.9114333838728,1322704
9,2026-07-15 02:15:57,"testSB_C",-10.9110038651589,1319704
10,2026-07-15 02:15:57,"ntc1_C",-10.8902858567143,1322195
10,2026-07-15 02:15:57,"ntc2_C",-10.9226728778931,1321543
10,2026-07-15 02:15:57,"testSB_C",-10.9088735953165,1320572
11,2026-07-15 02:15:57,"ntc1_C",-10.9023114506774,1321477
11,2026-07-15 02:15:57,"ntc2_C",-10.93382925587,1323230
11,2026-07-15 02:15:57,"testSB_C",-10.9052037018595,1320940
12,2026-07-15 02:15:57,"ntc1_C",-10.9403636551856,1324346
12,2026-07-15 02:15:57,"ntc2_C",-10.9323618680564,1320048
12,2026-07-15 02:15:57,"testSB_C",-10.9774473577625,1317748
13,2026-07-15 02:15:57,"ntc1_C",-10.9164186533012,1320057
13,2026-07-15 02:15:57,"ntc2_C",-10.9375597588094,1320197
13,2026-07-15 02:15:57,"testSB_C",-10.9066341689323,1317768
14,2026-07-15 02:15:57,"ntc1_C",-10.9176792608063,1323578
14,2026-07-15 02:15:57,"ntc2_C",-10.9000501179729,1319873
14,2026-07-15 02:15:57,"testSB_C",-10.8780483019151,1318259
15,2026-07-15 02:15:57,"ntc1_C",-10.8941359674977,1321760
15,2026-07-15 02:15:57,"ntc2_C",-10.9078922392981,1319263
15,2026-07-15 02:15:57,"testSB_C",-10.9459194746054,1318714
16,2026-07-15 02:15:57,"ntc1_C",-10.9020929403092,1322885
16,2026-07-15 02:15:57,"ntc2_C",-10.9157314589136,1319848
16,2026-07-15 02:15:57,"testSB_C",-10.9469179834963,1321096
17,2026-07-15 02:15:57,"ntc1_C",-10.8931862563409,1323943
17,2026-07-15 02:15:57,"ntc2_C",-10.9196212690577,1324999
17,2026-07-15 02:15:57,"testSB_C",-10.9086385505084,1324161
18,2026-07-15 02:15:57,"ntc1_C",-10.8831450646769,1322390
18,2026-07-15 02:15:57,"ntc2_C",-10.9149478170298,1320571
18,2026-07-15 02:15:57,"testSB_C",-10.9587481906287,1321460
19,2026-07-15 02:15:57,"ntc1_C",-10.8899731355305,1322073
19,2026-07-15 02:15:57,"ntc2_C",-10.9181852930981,1320551
19,2026-07-15 02:15:57,"testSB_C",-10.9377483688633,1320058
20,2026-07-15 02:15:57,"ntc1_C",-10.928874180392,1320342
20,2026-07-15 02:15:57,"ntc2_C",-10.929897001784,1323639
20,2026-07-15 02:15:57,"testSB_C",-10.9009548681101,1323056
21,2026-07-15 02:15:57,"ntc1_C",-10.8872833903193,1319466
21,2026-07-15 02:15:57,"ntc2_C",-10.9310593532532,1323356
21,2026-07-15 02:15:57,"testSB_C",-10.8945676602839,1321101
22,2026-07-15 02:15:57,"ntc1_C",-10.9156892647946,1320593
22,2026-07-15 02:15:57,"ntc2_C",-10.9144965058794,1322826
22,2026-07-15 02:15:57,"testSB_C",-10.9170904790527,1324200
23,2026-07-15 02:15:57,"ntc1_C",-10.9237764742844,1323837
23,2026-07-15 02:15:57,"ntc2_C",-10.9143649179834,1322369
23,2026-07-15 02:15:57,"testSB_C",-10.9134386955873,1322352
24,2026-07-15 02:15:57,"ntc1_C",-10.9325552181683,1321494
24,2026-07-15 02:15:57,"ntc2_C",-10.8929047870788,1321671
1,2026-07-15 06:15:57,"ntc1_C",-11.7751427525972,1368453
1,2026-07-15 06:15:57,"ntc2_C",-11.7480539295645,1368310
1,2026-07-15 06:15:57,"testSB_C",-11.7317647376523,1365540
2,2026-07-15 06:15:57,"ntc1_C",-11.7444956161064,1366247
2,2026-07-15 06:15:57,"ntc2_C",-11.7618262259668,1366130
2,2026-07-15 06:15:57,"testSB_C",-11.7615818319631,1365054
3,2026-07-15 06:15:57,"ntc1_C",-11.7595118021224,1368352
3,2026-07-15 06:15:57,"ntc2_C",-11.776086899843,1367007
3,2026-07-15 06:15:57,"testSB_C",-11.7817049942725,1368814
4,2026-07-15 06:15:57,"ntc1_C",-11.7731376729694,1366693
4,2026-07-15 06:15:57,"ntc2_C",-11.7679809505364,1369646
4,2026-07-15 06:15:57,"testSB_C",-11.7456858359633,1367497
5,2026-07-15 06:15:57,"ntc1_C",-11.7761240749422,1369433
5,2026-07-15 06:15:57,"ntc2_C",-11.7932506421902,1366610
5,2026-07-15 06:15:57,"testSB_C",-11.7640451532721,1370975
6,2026-07-15 06:15:57,"ntc1_C",-11.7642812517819,1368365
6,2026-07-15 06:15:57,"ntc2_C",-11.7744211465081,1368387
6,2026-07-15 06:15:57,"testSB_C",-11.7681711161924,1368873
7,2026-07-15 06:15:57,"ntc1_C",-11.7675878548003,1371502
7,2026-07-15 06:15:57,"ntc2_C",-11.7814982090185,1369158
7,2026-07-15 06:15:57,"testSB_C",-11.785073325183,1369843
8,2026-07-15 06:15:57,"ntc1_C",-11.7624364491267,1366480
8,2026-07-15 06:15:57,"ntc2_C",-11.7813839569998,1369725
8,2026-07-15 06:15:57,"testSB_C",-11.7750528121912,1367327
9,2026-07-15 06:15:57,"ntc1_C",-11.7855733375063,1367381
9,2026-07-15 06:15:57,"ntc2_C",-11.7711974298111,1369942
9,2026-07-15 06:15:57,"testSB_C",-11.7619641696076,1366380
10,2026-07-15 06:15:57,"ntc1_C",-11.7625730460555,1370135
10,2026-07-15 06:15:57,"ntc2_C",-11.7713343577361,1368143
10,2026-07-15 06:15:57,"testSB_C",-11.7717892028954,1367934
11,2026-07-15 06:15:57,"ntc1_C",-11.7770464585934,1369513
11,2026-07-15 06:15:57,"ntc2_C",-11.7958993776799,1370631
11,2026-07-15 06:15:57,"testSB_C",-11.7586149916409,1367784
12,2026-07-15 06:15:57,"ntc1_C",-11.8000702514009,1371653
12,2026-07-15 06:15:57,"ntc2_C",-11.7951995429469,1367405
12,2026-07-15 06:15:57,"testSB_C",-11.8471516731655,1365235
13,2026-07-15 06:15:57,"ntc1_C",-11.772528980086,1366961
13,2026-07-15 06:15:57,"ntc2_C",-11.7955767821946,1367284
13,2026-07-15 06:15:57,"testSB_C",-11.7610860817753,1364562
14,2026-07-15 06:15:57,"ntc1_C",-11.7897124160085,1371518
14,2026-07-15 06:15:57,"ntc2_C",-11.7724412780626,1367740
14,2026-07-15 06:15:57,"testSB_C",-11.7422815889124,1365626
15,2026-07-15 06:15:57,"ntc1_C",-11.7523637128099,1368900
15,2026-07-15 06:15:57,"ntc2_C",-11.7624438240867,1366130
15,2026-07-15 06:15:57,"testSB_C",-11.807985246907,1365719
16,2026-07-15 06:15:57,"ntc1_C",-11.7542115825325,1369733
16,2026-07-15 06:15:57,"ntc2_C",-11.7688642066322,1366630
16,2026-07-15 06:15:57,"testSB_C",-11.7983948410101,1367692
17,2026-07-15 06:15:57,"ntc1_C",-11.7497558956257,1371039
17,2026-07-15 06:15:57,"ntc2_C",-11.7570793757127,1371102
17,2026-07-15 06:15:57,"testSB_C",-11.7584811796844,1370905
18,2026-07-15 06:15:57,"ntc1_C",-11.7395511930982,1369457
18,2026-07-15 06:15:57,"ntc2_C",-11.770142824316,1367501
18,2026-07-15 06:15:57,"testSB_C",-11.8187546649013,1368490
19,2026-07-15 06:15:57,"ntc1_C",-11.7608115749429,1369917
19,2026-07-15 06:15:57,"ntc2_C",-11.7759047321164,1367614
19,2026-07-15 06:15:57,"testSB_C",-11.8039408628326,1367465
20,2026-07-15 06:15:57,"ntc1_C",-11.7961581988612,1367911
20,2026-07-15 06:15:57,"ntc2_C",-11.7739921291029,1370066
20,2026-07-15 06:15:57,"testSB_C",-11.7703711713885,1370873
21,2026-07-15 06:15:57,"ntc1_C",-11.7558004215296,1367119
21,2026-07-15 06:15:57,"ntc2_C",-11.7847231228006,1370302
21,2026-07-15 06:15:57,"testSB_C",-11.7596712943657,1368625
22,2026-07-15 06:15:57,"ntc1_C",-11.7687427965419,1367332
22,2026-07-15 06:15:57,"ntc2_C",-11.7600542146937,1369290
22,2026-07-15 06:15:57,"testSB_C",-11.7710138546655,1371185
23,2026-07-15 06:15:57,"ntc1_C",-11.7667091255413,1370199
23,2026-07-15 06:15:57,"ntc2_C",-11.7587195856469,1368792
23,2026-07-15 06:15:57,"testSB_C",-11.7471887473358,1368169
24,2026-07-15 06:15:57,"ntc1_C",-11.7871855273958,1368328
24,2026-07-15 06:15:57,"ntc2_C",-11.7635544543626,1369486
1,2026-07-15 10:15:57,"ntc1_C",-8.50896542759477,1197638
1,2026-07-15 10:15:57,"ntc2_C",-8.82651065240248,1214528
1,2026-07-15 10:15:57,"testSB_C",-8.93248018771902,1217945
2,2026-07-15 10:15:57,"ntc1_C",-9.1035984632822,1226597
2,2026-07-15 10:15:57,"ntc2_C",-9.17907303500033,1229434
2,2026-07-15 10:15:57,"testSB_C",-9.25324677306202,1232188
3,2026-07-15 10:15:57,"ntc1_C",-9.23403271749925,1234326
3,2026-07-15 10:15:57,"ntc2_C",-9.3320338341108,1237162
3,2026-07-15 10:15:57,"testSB_C",-9.35556777586783,1239714
4,2026-07-15 10:15:57,"ntc1_C",-9.39172892488006,1240092
4,2026-07-15 10:15:57,"ntc2_C",-9.43929414348975,1245418
4,2026-07-15 10:15:57,"testSB_C",-9.32971303455594,1239037
5,2026-07-15 10:15:57,"ntc1_C",-9.4509983194402,1245502
5,2026-07-15 10:15:57,"ntc2_C",-9.55998869780603,1247499
5,2026-07-15 10:15:57,"testSB_C",-9.45389660061744,1247572
6,2026-07-15 10:15:57,"ntc1_C",-9.39985375449191,1242549
6,2026-07-15 10:15:57,"ntc2_C",-9.53019531355102,1248575
6,2026-07-15 10:15:57,"testSB_C",-9.43827713956495,1244647
7,2026-07-15 10:15:57,"ntc1_C",-9.47598486391945,1249024
7,2026-07-15 10:15:57,"ntc2_C",-9.5305432278476,1248894
7,2026-07-15 10:15:57,"testSB_C",-9.58498263841028,1252154
8,2026-07-15 10:15:57,"ntc1_C",-9.50205304735715,1246002
8,2026-07-15 10:15:57,"ntc2_C",-9.62833057003343,1254479
8,2026-07-15 10:15:57,"testSB_C",-9.64575391674003,1253498
9,2026-07-15 10:15:57,"ntc1_C",-9.55579311223573,1248594
9,2026-07-15 10:15:57,"ntc2_C",-9.62008547182336,1254811
9,2026-07-15 10:15:57,"testSB_C",-9.55699577463582,1248718
10,2026-07-15 10:15:57,"ntc1_C",-9.51454730481765,1249989
10,2026-07-15 10:15:57,"ntc2_C",-9.58880267599466,1251503
10,2026-07-15 10:15:57,"testSB_C",-9.55428238047176,1249527
11,2026-07-15 10:15:57,"ntc1_C",-9.55178154066351,1250618
11,2026-07-15 10:15:57,"ntc2_C",-9.63837612004971,1255079
11,2026-07-15 10:15:57,"testSB_C",-9.55918491958181,1250312
12,2026-07-15 10:15:57,"ntc1_C",-9.68830395407838,1258367
12,2026-07-15 10:15:57,"ntc2_C",-9.67811021725691,1254133
12,2026-07-15 10:15:57,"testSB_C",-9.69591677777606,1250783
13,2026-07-15 10:15:57,"ntc1_C",-9.54403323095079,1248214
13,2026-07-15 10:15:57,"ntc2_C",-9.72316809638806,1256325
13,2026-07-15 10:15:57,"testSB_C",-9.58274279302867,1248432
14,2026-07-15 10:15:57,"ntc1_C",-9.64455243054175,1256589
14,2026-07-15 10:15:57,"ntc2_C",-9.6053142258113,1251920
14,2026-07-15 10:15:57,"testSB_C",-9.55812390547982,1249068
15,2026-07-15 10:15:57,"ntc1_C",-9.63694794477408,1255635
15,2026-07-15 10:15:57,"ntc2_C",-9.66209888067442,1253819
15,2026-07-15 10:15:57,"testSB_C",-9.64832213686645,1250969
16,2026-07-15 10:15:57,"ntc1_C",-9.60864857771298,1254832
16,2026-07-15 10:15:57,"ntc2_C",-9.72297994877829,1257129
16,2026-07-15 10:15:57,"testSB_C",-9.77645925926521,1259612
17,2026-07-15 10:15:57,"ntc1_C",-9.61861802592853,1256855
17,2026-07-15 10:15:57,"ntc2_C",-9.71903753609786,1261609
17,2026-07-15 10:15:57,"testSB_C",-9.70890066659723,1260884
18,2026-07-15 10:15:57,"ntc1_C",-9.65622241696872,1257779
18,2026-07-15 10:15:57,"ntc2_C",-9.77687413566184,1260619
18,2026-07-15 10:15:57,"testSB_C",-9.6695487131401,1253968
19,2026-07-15 10:15:57,"ntc1_C",-9.68691103886187,1258727
19,2026-07-15 10:15:57,"ntc2_C",-9.75752446780643,1259447
19,2026-07-15 10:15:57,"testSB_C",-9.7771160094112,1259092
20,2026-07-15 10:15:57,"ntc1_C",-9.75208246225151,1258441
20,2026-07-15 10:15:57,"ntc2_C",-9.81059465728669,1264504
20,2026-07-15 10:15:57,"testSB_C",-9.72800341141073,1261190
21,2026-07-15 10:15:57,"ntc1_C",-9.6748391681914,1255722
21,2026-07-15 10:15:57,"ntc2_C",-9.80977665657116,1264139
21,2026-07-15 10:15:57,"testSB_C",-9.65372465898781,1255796
22,2026-07-15 10:15:57,"ntc1_C",-9.7484417053239,1259225
22,2026-07-15 10:15:57,"ntc2_C",-9.78759713597873,1263355
22,2026-07-15 10:15:57,"testSB_C",-9.88227769772357,1269424
23,2026-07-15 10:15:57,"ntc1_C",-9.88769855928103,1269003
23,2026-07-15 10:15:57,"ntc2_C",-9.85252924769298,1266226
23,2026-07-15 10:15:57,"testSB_C",-9.73368216421648,1260142
24,2026-07-15 10:15:57,"ntc1_C",-9.79765728257979,1261774
24,2026-07-15 10:15:57,"ntc2_C",-9.90266305180012,1269322
1,2026-07-15 14:15:57,"ntc1_C",-1.73368959575049,909494
1,2026-07-15 14:15:57,"ntc2_C",-3.11906895520326,963003
1,2026-07-15 14:15:57,"testSB_C",-3.34509062900025,970082
2,2026-07-15 14:15:57,"ntc1_C",-3.6404666985207,982080
2,2026-07-15 14:15:57,"ntc2_C",-3.80329042684656,987871
2,2026-07-15 14:15:57,"testSB_C",-3.98422685335834,994349
3,2026-07-15 14:15:57,"ntc1_C",-4.0402994763175,999148
3,2026-07-15 14:15:57,"ntc2_C",-4.09498252755719,999576
3,2026-07-15 14:15:57,"testSB_C",-4.28236848064518,1008329
4,2026-07-15 14:15:57,"ntc1_C",-4.39629915401923,1011926
4,2026-07-15 14:15:57,"ntc2_C",-4.45462813853254,1016618
4,2026-07-15 14:15:57,"testSB_C",-4.33503793285206,1011009
5,2026-07-15 14:15:57,"ntc1_C",-4.34265102421062,1011748
5,2026-07-15 14:15:57,"ntc2_C",-4.83867749458364,1029231
5,2026-07-15 14:15:57,"testSB_C",-4.6068651057663,1024067
6,2026-07-15 14:15:57,"ntc1_C",-4.39297508217498,1013534
6,2026-07-15 14:15:57,"ntc2_C",-4.71491896394224,1026206
6,2026-07-15 14:15:57,"testSB_C",-4.63970718139984,1023673
7,2026-07-15 14:15:57,"ntc1_C",-4.66951943973902,1026983
7,2026-07-15 14:15:57,"ntc2_C",-4.64418386393373,1023437
7,2026-07-15 14:15:57,"testSB_C",-4.76074438062119,1028724
8,2026-07-15 14:15:57,"ntc1_C",-4.58142219258201,1019712
8,2026-07-15 14:15:57,"ntc2_C",-5.01505688201394,1039573
8,2026-07-15 14:15:57,"testSB_C",-5.06091881233027,1039968
9,2026-07-15 14:15:57,"ntc1_C",-4.92638050802157,1034247
9,2026-07-15 14:15:57,"ntc2_C",-5.1680662938698,1046750
9,2026-07-15 14:15:57,"testSB_C",-4.84252438771881,1030503
10,2026-07-15 14:15:57,"ntc1_C",-4.70086017960131,1027468
10,2026-07-15 14:15:57,"ntc2_C",-4.91713977074085,1034630
10,2026-07-15 14:15:57,"testSB_C",-4.86422084858668,1032239
11,2026-07-15 14:15:57,"ntc1_C",-4.7372070347904,1028026
11,2026-07-15 14:15:57,"ntc2_C",-4.72440368939169,1027454
11,2026-07-15 14:15:57,"testSB_C",-4.56461948042369,1020181
12,2026-07-15 14:15:57,"ntc1_C",-4.97162349705076,1038446
12,2026-07-15 14:15:57,"ntc2_C",-5.0422408305086,1038240
12,2026-07-15 14:15:57,"testSB_C",-4.99060010629586,1033236
13,2026-07-15 14:15:57,"ntc1_C",-4.74262101120826,1026694
13,2026-07-15 14:15:57,"ntc2_C",-4.98711686017367,1035841
13,2026-07-15 14:15:57,"testSB_C",-4.91973928849717,1032456
14,2026-07-15 14:15:57,"ntc1_C",-4.82154609296327,1032554
14,2026-07-15 14:15:57,"ntc2_C",-4.77426923194031,1028308
14,2026-07-15 14:15:57,"testSB_C",-4.79079532509462,1028371
15,2026-07-15 14:15:57,"ntc1_C",-4.81148299926463,1031572
15,2026-07-15 14:15:57,"ntc2_C",-4.95470067270423,1034958
15,2026-07-15 14:15:57,"testSB_C",-4.85767583840374,1029688
16,2026-07-15 14:15:57,"ntc1_C",-4.83868151365431,1033205
16,2026-07-15 14:15:57,"ntc2_C",-4.80388624297478,1028910
16,2026-07-15 14:15:57,"testSB_C",-5.12093104007778,1042254
17,2026-07-15 14:15:57,"ntc1_C",-4.80311075343167,1033111
17,2026-07-15 14:15:57,"ntc2_C",-4.76911359326584,1031194
17,2026-07-15 14:15:57,"testSB_C",-5.00382270793983,1040993
18,2026-07-15 14:15:57,"ntc1_C",-4.83262232487277,1033395
18,2026-07-15 14:15:57,"ntc2_C",-5.06922451695817,1040631
18,2026-07-15 14:15:57,"testSB_C",-4.86853741107927,1031866
19,2026-07-15 14:15:57,"ntc1_C",-5.08344139802216,1043538
19,2026-07-15 14:15:57,"ntc2_C",-5.06708688110382,1040420
19,2026-07-15 14:15:57,"testSB_C",-5.12586493728827,1041913
20,2026-07-15 14:15:57,"ntc1_C",-5.19764896539226,1045401
20,2026-07-15 14:15:57,"ntc2_C",-5.29477550480823,1051953
20,2026-07-15 14:15:57,"testSB_C",-5.07523719662998,1043409
21,2026-07-15 14:15:57,"ntc1_C",-5.07163221466777,1040930
21,2026-07-15 14:15:57,"ntc2_C",-5.1048130514618,1043619
21,2026-07-15 14:15:57,"testSB_C",-5.0880594067973,1042318
22,2026-07-15 14:15:57,"ntc1_C",-5.2384753767368,1048093
22,2026-07-15 14:15:57,"ntc2_C",-5.44820030361359,1058622
22,2026-07-15 14:15:57,"testSB_C",-5.6057028430701,1066394
23,2026-07-15 14:15:57,"ntc1_C",-5.87770988366185,1077619
23,2026-07-15 14:15:57,"ntc2_C",-5.6959150540132,1068752
23,2026-07-15 14:15:57,"testSB_C",-5.5685598800444,1063325
24,2026-07-15 14:15:57,"ntc1_C",-5.22800533371293,1047724
24,2026-07-15 14:15:57,"ntc2_C",-5.44965048328402,1058727
1,2026-07-15 18:15:57,"ntc1_C",-4.43051862508332,1014456
1,2026-07-15 18:15:57,"ntc2_C",-5.69380982600012,1069058
1,2026-07-15 18:15:57,"testSB_C",-5.45292889668275,1056836
2,2026-07-15 18:15:57,"ntc1_C",-5.82748508789751,1073305
2,2026-07-15 18:15:57,"ntc2_C",-6.01902215137937,1080899
2,2026-07-15 18:15:57,"testSB_C",-6.0318384597121,1080600
3,2026-07-15 18:15:57,"ntc1_C",-5.9820660126282,1081151
3,2026-07-15 18:15:57,"ntc2_C",-6.12171139398828,1085401
3,2026-07-15 18:15:57,"testSB_C",-6.02499161146051,1082337
4,2026-07-15 18:15:57,"ntc1_C",-6.21554586365318,1089552
4,2026-07-15 18:15:57,"ntc2_C",-6.27388874321207,1094652
4,2026-07-15 18:15:57,"testSB_C",-6.23109614195988,1092013
5,2026-07-15 18:15:57,"ntc1_C",-6.19297077713406,1090716
5,2026-07-15 18:15:57,"ntc2_C",-6.47247752005467,1099942
5,2026-07-15 18:15:57,"testSB_C",-6.26221463512371,1095365
6,2026-07-15 18:15:57,"ntc1_C",-6.10359942913567,1086453
6,2026-07-15 18:15:57,"ntc2_C",-6.37713703771129,1097967
6,2026-07-15 18:15:57,"testSB_C",-6.10708190621602,1086604
7,2026-07-15 18:15:57,"ntc1_C",-5.97730792397408,1083052
7,2026-07-15 18:15:57,"ntc2_C",-6.23833993575698,1091993
7,2026-07-15 18:15:57,"testSB_C",-6.20175304508899,1090817
8,2026-07-15 18:15:57,"ntc1_C",-6.00659437688643,1080534
8,2026-07-15 18:15:57,"ntc2_C",-6.31825671273174,1096148
8,2026-07-15 18:15:57,"testSB_C",-6.34650793227934,1095778
9,2026-07-15 18:15:57,"ntc1_C",-6.19596631268558,1088985
9,2026-07-15 18:15:57,"ntc2_C",-6.31235524934539,1096593
9,2026-07-15 18:15:57,"testSB_C",-6.26368161843294,1091816
10,2026-07-15 18:15:57,"ntc1_C",-6.10438878114729,1087791
10,2026-07-15 18:15:57,"ntc2_C",-6.36958744020421,1097582
10,2026-07-15 18:15:57,"testSB_C",-6.20389071221933,1090023
11,2026-07-15 18:15:57,"ntc1_C",-6.16402562840261,1089385
11,2026-07-15 18:15:57,"ntc2_C",-6.41029801514458,1100343
11,2026-07-15 18:15:57,"testSB_C",-6.25821629924025,1092897
12,2026-07-15 18:15:57,"ntc1_C",-6.46582451635174,1103485
12,2026-07-15 18:15:57,"ntc2_C",-6.46891931696911,1100283
12,2026-07-15 18:15:57,"testSB_C",-6.50535267181209,1098674
13,2026-07-15 18:15:57,"ntc1_C",-6.47577845441924,1101593
13,2026-07-15 18:15:57,"ntc2_C",-6.55748871076912,1104171
13,2026-07-15 18:15:57,"testSB_C",-6.51667478032317,1101734
14,2026-07-15 18:15:57,"ntc1_C",-6.37153725134476,1099704
14,2026-07-15 18:15:57,"ntc2_C",-6.31633923541045,1094841
14,2026-07-15 18:15:57,"testSB_C",-6.28297503378053,1092804
15,2026-07-15 18:15:57,"ntc1_C",-6.36798396507737,1098974
15,2026-07-15 18:15:57,"ntc2_C",-6.51237274757045,1102669
15,2026-07-15 18:15:57,"testSB_C",-6.38674384711163,1095657
16,2026-07-15 18:15:57,"ntc1_C",-6.42614105092866,1102118
16,2026-07-15 18:15:57,"ntc2_C",-6.34476096818668,1095421
16,2026-07-15 18:15:57,"testSB_C",-6.54321979629924,1104291
17,2026-07-15 18:15:57,"ntc1_C",-6.31064001826638,1098382
17,2026-07-15 18:15:57,"ntc2_C",-6.3976383724343,1101807
17,2026-07-15 18:15:57,"testSB_C",-6.44073745492301,1103629
18,2026-07-15 18:15:57,"ntc1_C",-6.38652981778745,1100804
18,2026-07-15 18:15:57,"ntc2_C",-6.54531415213398,1105013
18,2026-07-15 18:15:57,"testSB_C",-6.48178045449782,1101632
19,2026-07-15 18:15:57,"ntc1_C",-6.46653305122527,1103902
19,2026-07-15 18:15:57,"ntc2_C",-6.50128372002439,1102899
19,2026-07-15 18:15:57,"testSB_C",-6.60427655171378,1106479
20,2026-07-15 18:15:57,"ntc1_C",-6.65938469308253,1109418
20,2026-07-15 18:15:57,"ntc2_C",-6.78928904290115,1117911
20,2026-07-15 18:15:57,"testSB_C",-6.52727397929971,1106890
21,2026-07-15 18:15:57,"ntc1_C",-6.56297678540972,1106048
21,2026-07-15 18:15:57,"ntc2_C",-6.82906068811599,1119454
21,2026-07-15 18:15:57,"testSB_C",-6.5484330911259,1106255
22,2026-07-15 18:15:57,"ntc1_C",-6.72811967352703,1113496
22,2026-07-15 18:15:57,"ntc2_C",-6.83941229724144,1120270
22,2026-07-15 18:15:57,"testSB_C",-6.85118779439949,1121835
23,2026-07-15 18:15:57,"ntc1_C",-6.91309320626851,1124016
23,2026-07-15 18:15:57,"ntc2_C",-6.91066230171748,1122967
23,2026-07-15 18:15:57,"testSB_C",-6.98562354411825,1126486
24,2026-07-15 18:15:57,"ntc1_C",-6.85618424729938,1119377
24,2026-07-15 18:15:57,"ntc2_C",-6.70581333066121,1114232
1,2026-07-15 22:15:57,"ntc1_C",-5.96114644439649,1079562
1,2026-07-15 22:15:57,"ntc2_C",-6.09400587100919,1086598
1,2026-07-15 22:15:57,"testSB_C",-6.02913609839254,1081922
2,2026-07-15 22:15:57,"ntc1_C",-6.32769693377105,1095375
2,2026-07-15 22:15:57,"ntc2_C",-6.35675798976018,1095855
2,2026-07-15 22:15:57,"testSB_C",-6.39407665892816,1096646
3,2026-07-15 22:15:57,"ntc1_C",-6.29420299298795,1094968
3,2026-07-15 22:15:57,"ntc2_C",-6.4242995217075,1098853
3,2026-07-15 22:15:57,"testSB_C",-6.33276526538015,1095980
4,2026-07-15 22:15:57,"ntc1_C",-6.44455669642031,1099751
4,2026-07-15 22:15:57,"ntc2_C",-6.46899306676369,1103380
4,2026-07-15 22:15:57,"testSB_C",-6.39113589867685,1099150
5,2026-07-15 22:15:57,"ntc1_C",-6.38119958463938,1099098
5,2026-07-15 22:15:57,"ntc2_C",-6.55498267912435,1103643
5,2026-07-15 22:15:57,"testSB_C",-6.44867968307801,1103711
6,2026-07-15 22:15:57,"ntc1_C",-6.44955524232722,1101847
6,2026-07-15 22:15:57,"ntc2_C",-6.55235362514134,1105827
6,2026-07-15 22:15:57,"testSB_C",-6.35355792998831,1097560
7,2026-07-15 22:15:57,"ntc1_C",-6.27126606928903,1096084
7,2026-07-15 22:15:57,"ntc2_C",-6.42249200903552,1100212
7,2026-07-15 22:15:57,"testSB_C",-6.4745313093502,1102999
8,2026-07-15 22:15:57,"ntc1_C",-6.33123141052528,1094905
8,2026-07-15 22:15:57,"ntc2_C",-6.51662791207536,1105034
8,2026-07-15 22:15:57,"testSB_C",-6.5593594037885,1105312
9,2026-07-15 22:15:57,"ntc1_C",-6.46811093558898,1101101
9,2026-07-15 22:15:57,"ntc2_C",-6.52118608619986,1105950
9,2026-07-15 22:15:57,"testSB_C",-6.45808167333524,1100491
10,2026-07-15 22:15:57,"ntc1_C",-6.31910719455948,1097337
10,2026-07-15 22:15:57,"ntc2_C",-6.45139331389476,1101243
10,2026-07-15 22:15:57,"testSB_C",-6.42809727885617,1100015
11,2026-07-15 22:15:57,"ntc1_C",-6.32604773045239,1096588
11,2026-07-15 22:15:57,"ntc2_C",-6.48794961236342,1103826
11,2026-07-15 22:15:57,"testSB_C",-6.42231011624199,1100221
12,2026-07-15 22:15:57,"ntc1_C",-6.50880894149094,1105417
12,2026-07-15 22:15:57,"ntc2_C",-6.5274824140094,1102910
12,2026-07-15 22:15:57,"testSB_C",-6.58178425735872,1102087
13,2026-07-15 22:15:57,"ntc1_C",-6.52378635910128,1103746
13,2026-07-15 22:15:57,"ntc2_C",-6.552906523118,1103965
13,2026-07-15 22:15:57,"testSB_C",-6.54557500265054,1103031
14,2026-07-15 22:15:57,"ntc1_C",-6.48989786246847,1105013
14,2026-07-15 22:15:57,"ntc2_C",-6.44166930391827,1100440
14,2026-07-15 22:15:57,"testSB_C",-6.43732427478068,1099701
15,2026-07-15 22:15:57,"ntc1_C",-6.50858569930398,1105282
15,2026-07-15 22:15:57,"ntc2_C",-6.53113823186072,1103512
15,2026-07-15 22:15:57,"testSB_C",-6.49690948942191,1100572
16,2026-07-15 22:15:57,"ntc1_C",-6.55850611799758,1108074
16,2026-07-15 22:15:57,"ntc2_C",-6.54368351673793,1104325
16,2026-07-15 22:15:57,"testSB_C",-6.65586136966016,1109362
17,2026-07-15 22:15:57,"ntc1_C",-6.52587247609836,1108042
17,2026-07-15 22:15:57,"ntc2_C",-6.60490317958499,1111145
17,2026-07-15 22:15:57,"testSB_C",-6.61476114382231,1111474
18,2026-07-15 22:15:57,"ntc1_C",-6.53307767504134,1107391
18,2026-07-15 22:15:57,"ntc2_C",-6.63239240968454,1108937
18,2026-07-15 22:15:57,"testSB_C",-6.55852909888046,1105069
19,2026-07-15 22:15:57,"ntc1_C",-6.51481246216099,1106073
19,2026-07-15 22:15:57,"ntc2_C",-6.58399288099196,1106618
19,2026-07-15 22:15:57,"testSB_C",-6.55162555493195,1104111
20,2026-07-15 22:15:57,"ntc1_C",-6.56215481485339,1105037
20,2026-07-15 22:15:57,"ntc2_C",-6.64424190657058,1111327
20,2026-07-15 22:15:57,"testSB_C",-6.48591841115666,1105028
21,2026-07-15 22:15:57,"ntc1_C",-6.41350057114454,1099336
21,2026-07-15 22:15:57,"ntc2_C",-6.57263225391483,1107826
21,2026-07-15 22:15:57,"testSB_C",-6.46207651266485,1102365
22,2026-07-15 22:15:57,"ntc1_C",-6.50177465748294,1103294
22,2026-07-15 22:15:57,"ntc2_C",-6.65550230367921,1111913
22,2026-07-15 22:15:57,"testSB_C",-6.65647936166897,1112976
23,2026-07-15 22:15:57,"ntc1_C",-6.76541847716254,1117275
23,2026-07-15 22:15:57,"ntc2_C",-6.73639791334011,1115019
23,2026-07-15 22:15:57,"testSB_C",-6.75366656480804,1115889
24,2026-07-15 22:15:57,"ntc1_C",-6.66132348133294,1110543
24,2026-07-15 22:15:57,"ntc2_C",-6.56471735711528,1107851
1,2026-07-16 02:15:57,"ntc1_C",-8.35022007120051,1189909
1,2026-07-16 02:15:57,"ntc2_C",-8.32817819043737,1190099
1,2026-07-16 02:15:57,"testSB_C",-8.24852726675886,1184404
2,2026-07-16 02:15:57,"ntc1_C",-8.27707556937037,1185928
2,2026-07-16 02:15:57,"ntc2_C",-8.28985970535081,1185643
2,2026-07-16 02:15:57,"testSB_C",-8.27937685572442,1184198
3,2026-07-16 02:15:57,"ntc1_C",-8.23617487298782,1185101
3,2026-07-16 02:15:57,"ntc2_C",-8.28509914257057,1185425
3,2026-07-16 02:15:57,"testSB_C",-8.25066072806072,1185068
4,2026-07-16 02:15:57,"ntc1_C",-8.26387525864595,1184341
4,2026-07-16 02:15:57,"ntc2_C",-8.27961390664933,1187865
4,2026-07-16 02:15:57,"testSB_C",-8.23292630425163,1184815
5,2026-07-16 02:15:57,"ntc1_C",-8.25506243442152,1186235
5,2026-07-16 02:15:57,"ntc2_C",-8.27346661885827,1183703
5,2026-07-16 02:15:57,"testSB_C",-8.2344728168402,1187022
6,2026-07-16 02:15:57,"ntc1_C",-8.24073226162102,1185204
6,2026-07-16 02:15:57,"ntc2_C",-8.25868909000098,1185455
6,2026-07-16 02:15:57,"testSB_C",-8.21911967556133,1184249
7,2026-07-16 02:15:57,"ntc1_C",-8.18103020751886,1184761
7,2026-07-16 02:15:57,"ntc2_C",-8.22498693764578,1184090
7,2026-07-16 02:15:57,"testSB_C",-8.23072910095976,1184839
8,2026-07-16 02:15:57,"ntc1_C",-8.18706886414861,1180912
8,2026-07-16 02:15:57,"ntc2_C",-8.22856989724062,1184857
8,2026-07-16 02:15:57,"testSB_C",-8.22987368249369,1183154
9,2026-07-16 02:15:57,"ntc1_C",-8.21536236876801,1182243
9,2026-07-16 02:15:57,"ntc2_C",-8.21372609497348,1184874
9,2026-07-16 02:15:57,"testSB_C",-8.19531227567677,1181226
10,2026-07-16 02:15:57,"ntc1_C",-8.15720048155492,1182659
10,2026-07-16 02:15:57,"ntc2_C",-8.19238528329777,1182198
10,2026-07-16 02:15:57,"testSB_C",-8.19149502556877,1181954
11,2026-07-16 02:15:57,"ntc1_C",-8.1720145585183,1182195
11,2026-07-16 02:15:57,"ntc2_C",-8.22021446623222,1184536
11,2026-07-16 02:15:57,"testSB_C",-8.17848605844028,1181831
12,2026-07-16 02:15:57,"ntc1_C",-8.21726809364691,1185085
12,2026-07-16 02:15:57,"ntc2_C",-8.20931353075355,1181164
12,2026-07-16 02:15:57,"testSB_C",-8.23489951517593,1178628
13,2026-07-16 02:15:57,"ntc1_C",-8.19832620594917,1181604
13,2026-07-16 02:15:57,"ntc2_C",-8.21639194479081,1181403
13,2026-07-16 02:15:57,"testSB_C",-8.18685107212951,1179320
14,2026-07-16 02:15:57,"ntc1_C",-8.19428513269366,1184439
14,2026-07-16 02:15:57,"ntc2_C",-8.16301438856635,1180383
14,2026-07-16 02:15:57,"testSB_C",-8.1384993583132,1178725
15,2026-07-16 02:15:57,"ntc1_C",-8.16236564786766,1182326
15,2026-07-16 02:15:57,"ntc2_C",-8.1706190781278,1179774
15,2026-07-16 02:15:57,"testSB_C",-8.18717827156559,1178831
16,2026-07-16 02:15:57,"ntc1_C",-8.17638570061058,1183598
16,2026-07-16 02:15:57,"ntc2_C",-8.19913363567485,1181367
16,2026-07-16 02:15:57,"testSB_C",-8.22650322361403,1182580
17,2026-07-16 02:15:57,"ntc1_C",-8.16731327261505,1184639
17,2026-07-16 02:15:57,"ntc2_C",-8.21688444610027,1186597
17,2026-07-16 02:15:57,"testSB_C",-8.18937749165059,1185109
18,2026-07-16 02:15:57,"ntc1_C",-8.16021764441967,1183303
18,2026-07-16 02:15:57,"ntc2_C",-8.19753753473236,1181957
18,2026-07-16 02:15:57,"testSB_C",-8.21245709647945,1181851
19,2026-07-16 02:15:57,"ntc1_C",-8.14993217744086,1182246
19,2026-07-16 02:15:57,"ntc2_C",-8.202299081403,1182031
19,2026-07-16 02:15:57,"testSB_C",-8.19219000674593,1180370
20,2026-07-16 02:15:57,"ntc1_C",-8.18688569587408,1180630
20,2026-07-16 02:15:57,"ntc2_C",-8.20328538916294,1184229
20,2026-07-16 02:15:57,"testSB_C",-8.18096357763972,1184045
21,2026-07-16 02:15:57,"ntc1_C",-8.13899782247324,1179429
21,2026-07-16 02:15:57,"ntc2_C",-8.20014988176246,1183785
21,2026-07-16 02:15:57,"testSB_C",-8.16093280268586,1181512
22,2026-07-16 02:15:57,"ntc1_C",-8.1695668038405,1180772
22,2026-07-16 02:15:57,"ntc2_C",-8.20220083523282,1184236
22,2026-07-16 02:15:57,"testSB_C",-8.19354916765042,1184910
23,2026-07-16 02:15:57,"ntc1_C",-8.22482315100308,1185751
23,2026-07-16 02:15:57,"ntc2_C",-8.22380573057023,1184754
23,2026-07-16 02:15:57,"testSB_C",-8.22776991138528,1185013
24,2026-07-16 02:15:57,"ntc1_C",-8.22471257848679,1183476
24,2026-07-16 02:15:57,"ntc2_C",-8.20250352420766,1184283
1,2026-07-16 06:15:57,"ntc1_C",-8.86233650172113,1215027
1,2026-07-16 06:15:57,"ntc2_C",-8.87677133875462,1217020
1,2026-07-16 06:15:57,"testSB_C",-8.80342436787004,1211543
2,2026-07-16 06:15:57,"ntc1_C",-8.85639783640346,1214287
2,2026-07-16 06:15:57,"ntc2_C",-8.84733928139508,1212908
2,2026-07-16 06:15:57,"testSB_C",-8.85597534060611,1212377
3,2026-07-16 06:15:57,"ntc1_C",-8.81175607777811,1213246
3,2026-07-16 06:15:57,"ntc2_C",-8.87909688646812,1214503
3,2026-07-16 06:15:57,"testSB_C",-8.83039601957154,1213428
4,2026-07-16 06:15:57,"ntc1_C",-8.84298527472544,1212641
4,2026-07-16 06:15:57,"ntc2_C",-8.87902164611654,1217267
4,2026-07-16 06:15:57,"testSB_C",-8.80360849780533,1212720
5,2026-07-16 06:15:57,"ntc1_C",-8.86223901653551,1215958
5,2026-07-16 06:15:57,"ntc2_C",-8.86351187377153,1212540
5,2026-07-16 06:15:57,"testSB_C",-8.81444850123972,1215439
6,2026-07-16 06:15:57,"ntc1_C",-8.80339745009809,1212697
6,2026-07-16 06:15:57,"ntc2_C",-8.84157466723832,1213978
6,2026-07-16 06:15:57,"testSB_C",-8.78189089765152,1211750
7,2026-07-16 06:15:57,"ntc1_C",-8.75128709213766,1212636
7,2026-07-16 06:15:57,"ntc2_C",-8.80397805517595,1212397
7,2026-07-16 06:15:57,"testSB_C",-8.81177405551762,1213259
8,2026-07-16 06:15:57,"ntc1_C",-8.75828540925988,1208751
8,2026-07-16 06:15:57,"ntc2_C",-8.82403676480448,1213982
8,2026-07-16 06:15:57,"testSB_C",-8.81562945533591,1211756
9,2026-07-16 06:15:57,"ntc1_C",-8.80140049249087,1210801
9,2026-07-16 06:15:57,"ntc2_C",-8.80504164002559,1213784
9,2026-07-16 06:15:57,"testSB_C",-8.77530500032378,1209508
10,2026-07-16 06:15:57,"ntc1_C",-8.74959894053256,1211579
10,2026-07-16 06:15:57,"ntc2_C",-8.78672898177865,1211206
10,2026-07-16 06:15:57,"testSB_C",-8.78512469146312,1210920
11,2026-07-16 06:15:57,"ntc1_C",-8.77046231000378,1211392
11,2026-07-16 06:15:57,"ntc2_C",-8.85007993193858,1215356
11,2026-07-16 06:15:57,"testSB_C",-8.78624930125682,1211493
12,2026-07-16 06:15:57,"ntc1_C",-8.85526761732677,1216320
12,2026-07-16 06:15:57,"ntc2_C",-8.85723290723047,1212805
12,2026-07-16 06:15:57,"testSB_C",-8.86221025482109,1209076
13,2026-07-16 06:15:57,"ntc1_C",-8.82580158073989,1212202
13,2026-07-16 06:15:57,"ntc2_C",-8.87105828040575,1213381
13,2026-07-16 06:15:57,"testSB_C",-8.81944371713064,1210145
14,2026-07-16 06:15:57,"ntc1_C",-8.83728928443202,1215895
14,2026-07-16 06:15:57,"ntc2_C",-8.80469331821769,1211682
14,2026-07-16 06:15:57,"testSB_C",-8.7783039212801,1209918
15,2026-07-16 06:15:57,"ntc1_C",-8.8144565107325,1214193
15,2026-07-16 06:15:57,"ntc2_C",-8.83602296230492,1212243
15,2026-07-16 06:15:57,"testSB_C",-8.84204576828188,1210633
16,2026-07-16 06:15:57,"ntc1_C",-8.82623701970533,1215395
16,2026-07-16 06:15:57,"ntc2_C",-8.86886777142558,1214076
16,2026-07-16 06:15:57,"testSB_C",-8.89183029821305,1215049
17,2026-07-16 06:15:57,"ntc1_C",-8.81998267759843,1216579
17,2026-07-16 06:15:57,"ntc2_C",-8.88764463677398,1219516
17,2026-07-16 06:15:57,"testSB_C",-8.8431385233448,1217127
18,2026-07-16 06:15:57,"ntc1_C",-8.80782815372066,1214977
18,2026-07-16 06:15:57,"ntc2_C",-8.86037747339367,1214345
18,2026-07-16 06:15:57,"testSB_C",-8.85713233698357,1213227
19,2026-07-16 06:15:57,"ntc1_C",-8.79458093040125,1213732
19,2026-07-16 06:15:57,"ntc2_C",-8.86227882604584,1214275
19,2026-07-16 06:15:57,"testSB_C",-8.83581143845248,1211723
20,2026-07-16 06:15:57,"ntc1_C",-8.82337635650885,1211665
20,2026-07-16 06:15:57,"ntc2_C",-8.84676033770285,1215726
20,2026-07-16 06:15:57,"testSB_C",-8.80907004147264,1214771
21,2026-07-16 06:15:57,"ntc1_C",-8.7610687858039,1209746
21,2026-07-16 06:15:57,"ntc2_C",-8.83504691066304,1214841
21,2026-07-16 06:15:57,"testSB_C",-8.792326669033,1212375
22,2026-07-16 06:15:57,"ntc1_C",-8.79612495461862,1211294
22,2026-07-16 06:15:57,"ntc2_C",-8.84506431823473,1215693
22,2026-07-16 06:15:57,"testSB_C",-8.8362366703393,1216379
23,2026-07-16 06:15:57,"ntc1_C",-8.86171803915795,1216962
23,2026-07-16 06:15:57,"ntc2_C",-8.85699866415365,1215776
23,2026-07-16 06:15:57,"testSB_C",-8.84866446023102,1215422
24,2026-07-16 06:15:57,"ntc1_C",-8.83481057871757,1213244
24,2026-07-16 06:15:57,"ntc2_C",-8.85326398968851,1216128
1,2026-07-16 10:15:57,"ntc1_C",-8.68065907132586,1206055
1,2026-07-16 10:15:57,"ntc2_C",-8.48972518817175,1197963
1,2026-07-16 10:15:57,"testSB_C",-8.30752849066101,1187260
2,2026-07-16 10:15:57,"ntc1_C",-8.4669976254678,1195150
2,2026-07-16 10:15:57,"ntc2_C",-8.51276261670085,1196469
2,2026-07-16 10:15:57,"testSB_C",-8.54781604814832,1197233
3,2026-07-16 10:15:57,"ntc1_C",-8.41127386492843,1193592
3,2026-07-16 10:15:57,"ntc2_C",-8.59375232184397,1200445
3,2026-07-16 10:15:57,"testSB_C",-8.48107635553083,1196258
4,2026-07-16 10:15:57,"ntc1_C",-8.51148679937705,1196358
4,2026-07-16 10:15:57,"ntc2_C",-8.61438790829175,1204196
4,2026-07-16 10:15:57,"testSB_C",-8.41959576857676,1193870
5,2026-07-16 10:15:57,"ntc1_C",-8.59586385289123,1202826
5,2026-07-16 10:15:57,"ntc2_C",-8.65755484632268,1202394
5,2026-07-16 10:15:57,"testSB_C",-8.52172582561616,1201011
6,2026-07-16 10:15:57,"ntc1_C",-8.47670348613264,1196656
6,2026-07-16 10:15:57,"ntc2_C",-8.59047478567174,1201606
6,2026-07-16 10:15:57,"testSB_C",-8.4489180187058,1195401
7,2026-07-16 10:15:57,"ntc1_C",-8.39315513559291,1195053
7,2026-07-16 10:15:57,"ntc2_C",-8.49599641648126,1197255
7,2026-07-16 10:15:57,"testSB_C",-8.53845223031391,1199805
8,2026-07-16 10:15:57,"ntc1_C",-8.35871323068113,1189208
8,2026-07-16 10:15:57,"ntc2_C",-8.58104480115929,1202010
8,2026-07-16 10:15:57,"testSB_C",-8.5740796108621,1199877
9,2026-07-16 10:15:57,"ntc1_C",-8.44968941955358,1193579
9,2026-07-16 10:15:57,"ntc2_C",-8.50769981208589,1199158
9,2026-07-16 10:15:57,"testSB_C",-8.37194481440412,1189767
10,2026-07-16 10:15:57,"ntc1_C",-8.33027956357762,1191035
10,2026-07-16 10:15:57,"ntc2_C",-8.42993053182113,1193706
10,2026-07-16 10:15:57,"testSB_C",-8.36649591486611,1190419
11,2026-07-16 10:15:57,"ntc1_C",-8.32584767939255,1189631
11,2026-07-16 10:15:57,"ntc2_C",-8.5172112508339,1198968
11,2026-07-16 10:15:57,"testSB_C",-8.33709731996203,1189500
12,2026-07-16 10:15:57,"ntc1_C",-8.56966096905575,1202235
12,2026-07-16 10:15:57,"ntc2_C",-8.60218408607005,1200248
12,2026-07-16 10:15:57,"testSB_C",-8.52082436959745,1192408
13,2026-07-16 10:15:57,"ntc1_C",-8.44323256594123,1193452
13,2026-07-16 10:15:57,"ntc2_C",-8.60957228876072,1200504
13,2026-07-16 10:15:57,"testSB_C",-8.47203072653411,1193116
14,2026-07-16 10:15:57,"ntc1_C",-8.50590569356768,1199579
14,2026-07-16 10:15:57,"ntc2_C",-8.42664244511309,1193141
14,2026-07-16 10:15:57,"testSB_C",-8.39706843921664,1191232
15,2026-07-16 10:15:57,"ntc1_C",-8.46686013593359,1197099
15,2026-07-16 10:15:57,"ntc2_C",-8.51734926527507,1196581
15,2026-07-16 10:15:57,"testSB_C",-8.47679606186597,1192791
16,2026-07-16 10:15:57,"ntc1_C",-8.48756772952248,1198717
16,2026-07-16 10:15:57,"ntc2_C",-8.59210739121255,1200449
16,2026-07-16 10:15:57,"testSB_C",-8.65963907700603,1203617
17,2026-07-16 10:15:57,"ntc1_C",-8.47103847130347,1199395
17,2026-07-16 10:15:57,"ntc2_C",-8.61155043771026,1205855
17,2026-07-16 10:15:57,"testSB_C",-8.51673890952009,1201033
18,2026-07-16 10:15:57,"ntc1_C",-8.40772796212457,1195308
18,2026-07-16 10:15:57,"ntc2_C",-8.54778865742759,1198960
18,2026-07-16 10:15:57,"testSB_C",-8.37808975849896,1189833
19,2026-07-16 10:15:57,"ntc1_C",-8.34344117320575,1191609
19,2026-07-16 10:15:57,"ntc2_C",-8.48392287938657,1195682
19,2026-07-16 10:15:57,"testSB_C",-8.36886300762387,1188894
20,2026-07-16 10:15:57,"ntc1_C",-8.31572189903352,1186846
20,2026-07-16 10:15:57,"ntc2_C",-8.39197619217845,1193378
20,2026-07-16 10:15:57,"testSB_C",-8.20847311760673,1185374
21,2026-07-16 10:15:57,"ntc1_C",-8.09813831517664,1177465
21,2026-07-16 10:15:57,"ntc2_C",-8.31486840187836,1189336
21,2026-07-16 10:15:57,"testSB_C",-8.28347025596662,1187439
22,2026-07-16 10:15:57,"ntc1_C",-8.32435895289524,1188239
22,2026-07-16 10:15:57,"ntc2_C",-8.58585235978683,1202908
22,2026-07-16 10:15:57,"testSB_C",-8.66743057276858,1208032
23,2026-07-16 10:15:57,"ntc1_C",-8.74282695689487,1211073
23,2026-07-16 10:15:57,"ntc2_C",-8.70727872161626,1208367
23,2026-07-16 10:15:57,"testSB_C",-8.69942268920045,1208041
24,2026-07-16 10:15:57,"ntc1_C",-8.62824330356267,1203081
24,2026-07-16 10:15:57,"ntc2_C",-8.72288760996503,1209679
1,2026-07-16 14:15:57,"ntc1_C",-2.56463935915696,940568
1,2026-07-16 14:15:57,"ntc2_C",-4.18356671137104,1005460
1,2026-07-16 14:15:57,"testSB_C",-4.73087253581434,1026246
2,2026-07-16 14:15:57,"ntc1_C",-5.09909502266322,1041985
2,2026-07-16 14:15:57,"ntc2_C",-4.93737153043031,1034402
2,2026-07-16 14:15:57,"testSB_C",-5.51221665066095,1058004
3,2026-07-16 14:15:57,"ntc1_C",-5.57466611791432,1063387
3,2026-07-16 14:15:57,"ntc2_C",-5.40041596652037,1054015
3,2026-07-16 14:15:57,"testSB_C",-5.85233047337437,1074760
4,2026-07-16 14:15:57,"ntc1_C",-5.83409197247585,1072780
4,2026-07-16 14:15:57,"ntc2_C",-5.61592847162581,1065739
4,2026-07-16 14:15:57,"testSB_C",-5.93066876993191,1078744
5,2026-07-16 14:15:57,"ntc1_C",-5.4880745645807,1059907
5,2026-07-16 14:15:57,"ntc2_C",-6.04063869575572,1080778
5,2026-07-16 14:15:57,"testSB_C",-6.02254695897858,1084733
6,2026-07-16 14:15:57,"ntc1_C",-5.97515188740317,1080794
6,2026-07-16 14:15:57,"ntc2_C",-5.97039759369738,1079942
6,2026-07-16 14:15:57,"testSB_C",-5.9499672197685,1079679
7,2026-07-16 14:15:57,"ntc1_C",-6.0864305909671,1087871
7,2026-07-16 14:15:57,"ntc2_C",-6.08107380327721,1085024
7,2026-07-16 14:15:57,"testSB_C",-6.28863541438568,1094682
8,2026-07-16 14:15:57,"ntc1_C",-5.97113258594669,1078976
8,2026-07-16 14:15:57,"ntc2_C",-6.13646002610824,1088069
8,2026-07-16 14:15:57,"testSB_C",-6.25328377000614,1091629
9,2026-07-16 14:15:57,"ntc1_C",-6.19998691093758,1089163
9,2026-07-16 14:15:57,"ntc2_C",-6.32261955307615,1097051
9,2026-07-16 14:15:57,"testSB_C",-6.16092461091051,1087259
10,2026-07-16 14:15:57,"ntc1_C",-5.81393637371315,1075014
10,2026-07-16 14:15:57,"ntc2_C",-5.94035156036443,1078577
10,2026-07-16 14:15:57,"testSB_C",-5.72192467484132,1068859
11,2026-07-16 14:15:57,"ntc1_C",-5.91586415550944,1078447
11,2026-07-16 14:15:57,"ntc2_C",-5.86041561177996,1076000
11,2026-07-16 14:15:57,"testSB_C",-6.05431176080532,1083866
12,2026-07-16 14:15:57,"ntc1_C",-6.18075985604645,1090760
12,2026-07-16 14:15:57,"ntc2_C",-6.2875727606604,1092189
12,2026-07-16 14:15:57,"testSB_C",-6.55621477180011,1100944
13,2026-07-16 14:15:57,"ntc1_C",-6.30070486560714,1093778
13,2026-07-16 14:15:57,"ntc2_C",-6.22352035072561,1089260
13,2026-07-16 14:15:57,"testSB_C",-6.4830735966811,1100228
14,2026-07-16 14:15:57,"ntc1_C",-6.34080924834979,1098330
14,2026-07-16 14:15:57,"ntc2_C",-6.28927978621766,1093636
14,2026-07-16 14:15:57,"testSB_C",-6.3793220856594,1097104
15,2026-07-16 14:15:57,"ntc1_C",-6.50480732488023,1105112
15,2026-07-16 14:15:57,"ntc2_C",-6.25986859248007,1091390
15,2026-07-16 14:15:57,"testSB_C",-6.6299666582263,1106538
16,2026-07-16 14:15:57,"ntc1_C",-6.47952200177002,1104516
16,2026-07-16 14:15:57,"ntc2_C",-6.1510208104142,1086820
16,2026-07-16 14:15:57,"testSB_C",-6.70312954611865,1111497
17,2026-07-16 14:15:57,"ntc1_C",-6.5165325515257,1107621
17,2026-07-16 14:15:57,"ntc2_C",-6.21456381891682,1093626
17,2026-07-16 14:15:57,"testSB_C",-6.71007471827284,1115795
18,2026-07-16 14:15:57,"ntc1_C",-6.75550181375991,1117466
18,2026-07-16 14:15:57,"ntc2_C",-6.68805890406963,1111453
18,2026-07-16 14:15:57,"testSB_C",-6.90250205629707,1120608
19,2026-07-16 14:15:57,"ntc1_C",-6.71584019225043,1115160
19,2026-07-16 14:15:57,"ntc2_C",-6.29595666376918,1093722
19,2026-07-16 14:15:57,"testSB_C",-6.66046953117842,1109012
20,2026-07-16 14:15:57,"ntc1_C",-6.79270062055417,1115454
20,2026-07-16 14:15:57,"ntc2_C",-6.61552032227479,1110028
20,2026-07-16 14:15:57,"testSB_C",-6.67507442544655,1113571
21,2026-07-16 14:15:57,"ntc1_C",-6.71295707850095,1112825
21,2026-07-16 14:15:57,"ntc2_C",-6.64060172538069,1110896
21,2026-07-16 14:15:57,"testSB_C",-6.80837609378744,1118049
22,2026-07-16 14:15:57,"ntc1_C",-6.91175427542566,1121844
22,2026-07-16 14:15:57,"ntc2_C",-7.01075588460327,1128114
22,2026-07-16 14:15:57,"testSB_C",-6.88120117582326,1123207
23,2026-07-16 14:15:57,"ntc1_C",-7.16060560353066,1135408
23,2026-07-16 14:15:57,"ntc2_C",-6.78170861284417,1117080
23,2026-07-16 14:15:57,"testSB_C",-6.78986563835412,1117536
24,2026-07-16 14:15:57,"ntc1_C",-6.54291783475071,1105210
24,2026-07-16 14:15:57,"ntc2_C",-6.12739730453461,1088311
1,2026-07-16 18:15:57,"ntc1_C",-0.369968774714948,860812
1,2026-07-16 18:15:57,"ntc2_C",-2.38474199333308,934808
1,2026-07-16 18:15:57,"testSB_C",-3.21956306271773,965155
2,2026-07-16 18:15:57,"ntc1_C",-3.59401113309013,980232
2,2026-07-16 18:15:57,"ntc2_C",-3.07414536283767,959109
2,2026-07-16 18:15:57,"testSB_C",-3.74830830620181,984881
3,2026-07-16 18:15:57,"ntc1_C",-3.66429142026522,984029
3,2026-07-16 18:15:57,"ntc2_C",-3.19081325360582,963589
3,2026-07-16 18:15:57,"testSB_C",-3.91279055551212,993319
4,2026-07-16 18:15:57,"ntc1_C",-3.99341185079953,995525
4,2026-07-16 18:15:57,"ntc2_C",-3.0563552802472,960577
4,2026-07-16 18:15:57,"testSB_C",-3.87657318066744,992374
5,2026-07-16 18:15:57,"ntc1_C",-3.04277342542144,959836
5,2026-07-16 18:15:57,"ntc2_C",-3.87354062499276,989687
5,2026-07-16 18:15:57,"testSB_C",-4.03267754208417,1000473
6,2026-07-16 18:15:57,"ntc1_C",-4.09812635926863,1001487
6,2026-07-16 18:15:57,"ntc2_C",-4.0039003506559,997009
6,2026-07-16 18:15:57,"testSB_C",-4.17366058107996,1004485
7,2026-07-16 18:15:57,"ntc1_C",-4.30231031402275,1011786
7,2026-07-16 18:15:57,"ntc2_C",-4.12187432324856,1001957
7,2026-07-16 18:15:57,"testSB_C",-4.37314809562361,1012654
8,2026-07-16 18:15:57,"ntc1_C",-4.17506629181531,1003028
8,2026-07-16 18:15:57,"ntc2_C",-4.10657896937926,1001927
8,2026-07-16 18:15:57,"testSB_C",-4.48785363001554,1016045
9,2026-07-16 18:15:57,"ntc1_C",-4.43072427121012,1013654
9,2026-07-16 18:15:57,"ntc2_C",-4.43179241151233,1015923
9,2026-07-16 18:15:57,"testSB_C",-4.35665535403649,1010368
10,2026-07-16 18:15:57,"ntc1_C",-4.0288352672689,999822
10,2026-07-16 18:15:57,"ntc2_C",-4.06224062222685,999335
10,2026-07-16 18:15:57,"testSB_C",-3.96525230176297,995250
11,2026-07-16 18:15:57,"ntc1_C",-4.08731599381775,1001277
11,2026-07-16 18:15:57,"ntc2_C",-3.62405396466835,982594
11,2026-07-16 18:15:57,"testSB_C",-4.1972565187213,1005080
12,2026-07-16 18:15:57,"ntc1_C",-3.9709677914044,997120
12,2026-07-16 18:15:57,"ntc2_C",-4.04840077235917,997169
12,2026-07-16 18:15:57,"testSB_C",-4.73792969655085,1022719
13,2026-07-16 18:15:57,"ntc1_C",-4.35221658173333,1010561
13,2026-07-16 18:15:57,"ntc2_C",-3.89193397105299,990790
13,2026-07-16 18:15:57,"testSB_C",-4.55132216396294,1017123
14,2026-07-16 18:15:57,"ntc1_C",-4.47902628848232,1018295
14,2026-07-16 18:15:57,"ntc2_C",-4.44150030734994,1014508
14,2026-07-16 18:15:57,"testSB_C",-4.46968756728967,1015024
15,2026-07-16 18:15:57,"ntc1_C",-4.56290238250472,1021210
15,2026-07-16 18:15:57,"ntc2_C",-4.26950031557084,1006549
15,2026-07-16 18:15:57,"testSB_C",-4.76851492560445,1025968
16,2026-07-16 18:15:57,"ntc1_C",-4.75140678876073,1029548
16,2026-07-16 18:15:57,"ntc2_C",-4.05303353836428,998029
16,2026-07-16 18:15:57,"testSB_C",-4.61347595801305,1020991
17,2026-07-16 18:15:57,"ntc1_C",-4.70072086551835,1028826
17,2026-07-16 18:15:57,"ntc2_C",-3.93516702411137,996864
17,2026-07-16 18:15:57,"testSB_C",-4.78775472659623,1031897
18,2026-07-16 18:15:57,"ntc1_C",-4.80494957430733,1032234
18,2026-07-16 18:15:57,"ntc2_C",-4.39982050582688,1012725
18,2026-07-16 18:15:57,"testSB_C",-4.61206522854599,1021200
19,2026-07-16 18:15:57,"ntc1_C",-4.46674335095537,1017733
19,2026-07-16 18:15:57,"ntc2_C",-3.72846965807435,985409
19,2026-07-16 18:15:57,"testSB_C",-4.29079951575238,1007159
20,2026-07-16 18:15:57,"ntc1_C",-4.46594244196689,1014802
20,2026-07-16 18:15:57,"ntc2_C",-4.04361632086443,999834
20,2026-07-16 18:15:57,"testSB_C",-4.22190914660337,1007871
21,2026-07-16 18:15:57,"ntc1_C",-4.31993648182026,1009624
21,2026-07-16 18:15:57,"ntc2_C",-3.92060119818223,994630
21,2026-07-16 18:15:57,"testSB_C",-4.37521314462748,1012497
22,2026-07-16 18:15:57,"ntc1_C",-4.46075415077939,1015535
22,2026-07-16 18:15:57,"ntc2_C",-4.49108818894041,1018253
22,2026-07-16 18:15:57,"testSB_C",-4.69076294530743,1027474
23,2026-07-16 18:15:57,"ntc1_C",-4.84790774966609,1033427
23,2026-07-16 18:15:57,"ntc2_C",-4.42052454282208,1014729
23,2026-07-16 18:15:57,"testSB_C",-4.6848769346521,1025798
24,2026-07-16 18:15:57,"ntc1_C",-4.75279500902218,1027714
24,2026-07-16 18:15:57,"ntc2_C",-4.21432935177512,1006924
1,2026-07-16 22:15:57,"ntc1_C",-6.26229907264928,1092872
1,2026-07-16 22:15:57,"ntc2_C",-6.68208121134467,1112912
1,2026-07-16 22:15:57,"testSB_C",-6.86050416351651,1119202
2,2026-07-16 22:15:57,"ntc1_C",-7.1032966306405,1130523
2,2026-07-16 22:15:57,"ntc2_C",-7.00625528852407,1125218
2,2026-07-16 22:15:57,"testSB_C",-7.1297785257521,1129994
3,2026-07-16 22:15:57,"ntc1_C",-6.94650118528341,1124432
3,2026-07-16 22:15:57,"ntc2_C",-6.9187138503666,1121203
3,2026-07-16 22:15:57,"testSB_C",-6.95597563638302,1124150
4,2026-07-16 22:15:57,"ntc1_C",-7.09376320318984,1129201
4,2026-07-16 22:15:57,"ntc2_C",-6.97141987973907,1126187
4,2026-07-16 22:15:57,"testSB_C",-7.0633889871977,1129657
5,2026-07-16 22:15:57,"ntc1_C",-6.87818632921625,1121549
5,2026-07-16 22:15:57,"ntc2_C",-7.05898528534709,1126531
5,2026-07-16 22:15:57,"testSB_C",-7.04311070872683,1130756
6,2026-07-16 22:15:57,"ntc1_C",-7.11730429327133,1132197
6,2026-07-16 22:15:57,"ntc2_C",-7.10461409858408,1130981
6,2026-07-16 22:15:57,"testSB_C",-6.94561835737142,1124344
7,2026-07-16 22:15:57,"ntc1_C",-6.9265479699726,1125718
7,2026-07-16 22:15:57,"ntc2_C",-6.98019072785974,1125493
7,2026-07-16 22:15:57,"testSB_C",-7.05397705953112,1129342
8,2026-07-16 22:15:57,"ntc1_C",-6.97391319157128,1123938
8,2026-07-16 22:15:57,"ntc2_C",-7.0965883942311,1131440
8,2026-07-16 22:15:57,"testSB_C",-7.16765177635511,1133031
9,2026-07-16 22:15:57,"ntc1_C",-7.10480011847909,1129989
9,2026-07-16 22:15:57,"ntc2_C",-7.09533943580578,1132101
9,2026-07-16 22:15:57,"testSB_C",-7.08352569271887,1128885
10,2026-07-16 22:15:57,"ntc1_C",-6.99268319288615,1127846
10,2026-07-16 22:15:57,"ntc2_C",-7.11579064186736,1131445
10,2026-07-16 22:15:57,"testSB_C",-7.05727546975027,1128561
11,2026-07-16 22:15:57,"ntc1_C",-6.9607807149174,1125282
11,2026-07-16 22:15:57,"ntc2_C",-6.99986726417211,1127073
11,2026-07-16 22:15:57,"testSB_C",-7.05421032119904,1128899
12,2026-07-16 22:15:57,"ntc1_C",-7.06897854125117,1130915
12,2026-07-16 22:15:57,"ntc2_C",-7.12094911949339,1129898
12,2026-07-16 22:15:57,"testSB_C",-7.28316775204121,1133920
13,2026-07-16 22:15:57,"ntc1_C",-7.26315826432682,1137455
13,2026-07-16 22:15:57,"ntc2_C",-7.16403581963283,1131791
13,2026-07-16 22:15:57,"testSB_C",-7.2793997523201,1136495
14,2026-07-16 22:15:57,"ntc1_C",-7.18093115161281,1136538
14,2026-07-16 22:15:57,"ntc2_C",-7.15589198059331,1132914
14,2026-07-16 22:15:57,"testSB_C",-7.25454021489975,1136966
15,2026-07-16 22:15:57,"ntc1_C",-7.30108563983674,1141539
15,2026-07-16 22:15:57,"ntc2_C",-7.23631033548463,1135675
15,2026-07-16 22:15:57,"testSB_C",-7.30330124472562,1137233
16,2026-07-16 22:15:57,"ntc1_C",-7.33644746687958,1143753
16,2026-07-16 22:15:57,"ntc2_C",-7.20000799269798,1134234
16,2026-07-16 22:15:57,"testSB_C",-7.35113927616067,1141190
17,2026-07-16 22:15:57,"ntc1_C",-7.2837263040953,1142756
17,2026-07-16 22:15:57,"ntc2_C",-7.20408478690899,1138600
17,2026-07-16 22:15:57,"testSB_C",-7.32361122238831,1144025
18,2026-07-16 22:15:57,"ntc1_C",-7.27814732029634,1141512
18,2026-07-16 22:15:57,"ntc2_C",-7.24012788889087,1136725
18,2026-07-16 22:15:57,"testSB_C",-7.30032846887593,1138858
19,2026-07-16 22:15:57,"ntc1_C",-7.09642337045938,1132574
19,2026-07-16 22:15:57,"ntc2_C",-6.98714386101125,1124931
19,2026-07-16 22:15:57,"testSB_C",-7.09519038698852,1128808
20,2026-07-16 22:15:57,"ntc1_C",-7.09749897490514,1129381
20,2026-07-16 22:15:57,"ntc2_C",-7.05112690415888,1129898
20,2026-07-16 22:15:57,"testSB_C",-7.04385152028402,1130422
21,2026-07-16 22:15:57,"ntc1_C",-7.10237293477962,1130621
21,2026-07-16 22:15:57,"ntc2_C",-7.11887719970321,1132747
21,2026-07-16 22:15:57,"testSB_C",-7.21210130993944,1136621
22,2026-07-16 22:15:57,"ntc1_C",-7.30135133194517,1139768
22,2026-07-16 22:15:57,"ntc2_C",-7.36949992380977,1144720
22,2026-07-16 22:15:57,"testSB_C",-7.47295354231028,1150612
23,2026-07-16 22:15:57,"ntc1_C",-7.57017241195479,1154519
23,2026-07-16 22:15:57,"ntc2_C",-7.47923278550292,1149305
23,2026-07-16 22:15:57,"testSB_C",-7.52382386850746,1151473
24,2026-07-16 22:15:57,"ntc1_C",-7.51753827457298,1149899
24,2026-07-16 22:15:57,"ntc2_C",-7.40381656455185,1146358
1,2026-07-17 02:15:57,"ntc1_C",-8.72728220327434,1208351
1,2026-07-17 02:15:57,"ntc2_C",-8.49897759442791,1198415
1,2026-07-17 02:15:57,"testSB_C",-8.3413228276869,1188899
2,2026-07-17 02:15:57,"ntc1_C",-8.41537160912657,1192636
2,2026-07-17 02:15:57,"ntc2_C",-8.44476819960397,1193156
2,2026-07-17 02:15:57,"testSB_C",-8.37137661183345,1188649
3,2026-07-17 02:15:57,"ntc1_C",-8.2414106216699,1185354
3,2026-07-17 02:15:57,"ntc2_C",-8.36207770722615,1189153
3,2026-07-17 02:15:57,"testSB_C",-8.24296277630515,1184696
4,2026-07-17 02:15:57,"ntc1_C",-8.24605669378604,1183481
4,2026-07-17 02:15:57,"ntc2_C",-8.36907728309927,1192207
4,2026-07-17 02:15:57,"testSB_C",-8.18442982536715,1182474
5,2026-07-17 02:15:57,"ntc1_C",-8.29268393855313,1188055
5,2026-07-17 02:15:57,"ntc2_C",-8.25792591321505,1182953
5,2026-07-17 02:15:57,"testSB_C",-8.16084120267095,1183463
6,2026-07-17 02:15:57,"ntc1_C",-8.15988287466121,1181306
6,2026-07-17 02:15:57,"ntc2_C",-8.21854750841976,1183516
6,2026-07-17 02:15:57,"testSB_C",-8.13410086976188,1180150
7,2026-07-17 02:15:57,"ntc1_C",-8.05310599410541,1178598
7,2026-07-17 02:15:57,"ntc2_C",-8.13707069495933,1179851
7,2026-07-17 02:15:57,"testSB_C",-8.22603125315987,1184612
8,2026-07-17 02:15:57,"ntc1_C",-8.09359465233723,1176419
8,2026-07-17 02:15:57,"ntc2_C",-8.19980039816204,1183468
8,2026-07-17 02:15:57,"testSB_C",-8.2015181933412,1181787
9,2026-07-17 02:15:57,"ntc1_C",-8.10372795896649,1176881
9,2026-07-17 02:15:57,"ntc2_C",-8.08233550362257,1178546
9,2026-07-17 02:15:57,"testSB_C",-8.10207937574273,1176743
10,2026-07-17 02:15:57,"ntc1_C",-8.05590934091049,1177785
10,2026-07-17 02:15:57,"ntc2_C",-8.11806934466739,1178621
10,2026-07-17 02:15:57,"testSB_C",-8.1660850009788,1180730
11,2026-07-17 02:15:57,"ntc1_C",-8.03427095019265,1175577
11,2026-07-17 02:15:57,"ntc2_C",-8.22657053539058,1184843
11,2026-07-17 02:15:57,"testSB_C",-8.12110488544585,1179069
12,2026-07-17 02:15:57,"ntc1_C",-8.23955049312053,1186162
12,2026-07-17 02:15:57,"ntc2_C",-8.23729637495347,1182513
12,2026-07-17 02:15:57,"testSB_C",-8.21683788972479,1177763
13,2026-07-17 02:15:57,"ntc1_C",-8.16874382347117,1180181
13,2026-07-17 02:15:57,"ntc2_C",-8.30153765532413,1185513
13,2026-07-17 02:15:57,"testSB_C",-8.17618125550507,1178807
14,2026-07-17 02:15:57,"ntc1_C",-8.17092675160939,1183312
14,2026-07-17 02:15:57,"ntc2_C",-8.12244337241316,1178432
14,2026-07-17 02:15:57,"testSB_C",-8.11876637298457,1177776
15,2026-07-17 02:15:57,"ntc1_C",-8.17491159115139,1182931
15,2026-07-17 02:15:57,"ntc2_C",-8.20048152900716,1181212
15,2026-07-17 02:15:57,"testSB_C",-8.14830986257977,1176970
16,2026-07-17 02:15:57,"ntc1_C",-8.18802519290892,1184160
16,2026-07-17 02:15:57,"ntc2_C",-8.24541144250219,1183598
16,2026-07-17 02:15:57,"testSB_C",-8.22864277408854,1182683
17,2026-07-17 02:15:57,"ntc1_C",-8.09433255956657,1181121
17,2026-07-17 02:15:57,"ntc2_C",-8.23415216125545,1187433
17,2026-07-17 02:15:57,"testSB_C",-8.10868530684877,1181217
18,2026-07-17 02:15:57,"ntc1_C",-8.0132525281025,1176233
18,2026-07-17 02:15:57,"ntc2_C",-8.09408344134454,1176982
18,2026-07-17 02:15:57,"testSB_C",-7.99554905311925,1171480
19,2026-07-17 02:15:57,"ntc1_C",-7.87489028539176,1169067
19,2026-07-17 02:15:57,"ntc2_C",-8.0057278566415,1172597
19,2026-07-17 02:15:57,"testSB_C",-7.91949185048605,1167334
20,2026-07-17 02:15:57,"ntc1_C",-7.85710967903964,1164870
20,2026-07-17 02:15:57,"ntc2_C",-7.93908776368005,1171539
20,2026-07-17 02:15:57,"testSB_C",-7.83870740451539,1167637
21,2026-07-17 02:15:57,"ntc1_C",-7.75752322861337,1161222
21,2026-07-17 02:15:57,"ntc2_C",-7.98260705705223,1173331
21,2026-07-17 02:15:57,"testSB_C",-7.94522314307795,1171151
22,2026-07-17 02:15:57,"ntc1_C",-7.9820003845744,1171788
22,2026-07-17 02:15:57,"ntc2_C",-8.09167914993355,1178912
22,2026-07-17 02:15:57,"testSB_C",-8.13888599005645,1182272
23,2026-07-17 02:15:57,"ntc1_C",-8.17344510777195,1183269
23,2026-07-17 02:15:57,"ntc2_C",-8.16733993147665,1182027
23,2026-07-17 02:15:57,"testSB_C",-8.16026695443043,1181754
24,2026-07-17 02:15:57,"ntc1_C",-8.13379753990858,1179104
24,2026-07-17 02:15:57,"ntc2_C",-8.20331134517414,1184322
1,2026-07-17 06:15:57,"ntc1_C",-11.2562475176641,1339760
1,2026-07-17 06:15:57,"ntc2_C",-11.3079541776872,1343948
1,2026-07-17 06:15:57,"testSB_C",-11.2872141894724,1340952
2,2026-07-17 06:15:57,"ntc1_C",-11.2912640241435,1341191
2,2026-07-17 06:15:57,"ntc2_C",-11.2974189413927,1340470
2,2026-07-17 06:15:57,"testSB_C",-11.2972260135507,1339414
3,2026-07-17 06:15:57,"ntc1_C",-11.2799432186254,1341822
3,2026-07-17 06:15:57,"ntc2_C",-11.293842188314,1340345
3,2026-07-17 06:15:57,"testSB_C",-11.2983623173273,1342059
4,2026-07-17 06:15:57,"ntc1_C",-11.2900815943081,1340002
4,2026-07-17 06:15:57,"ntc2_C",-11.2879030861624,1343055
4,2026-07-17 06:15:57,"testSB_C",-11.2721886834391,1341307
5,2026-07-17 06:15:57,"ntc1_C",-11.2839042660098,1342203
5,2026-07-17 06:15:57,"ntc2_C",-11.2964094090028,1339159
5,2026-07-17 06:15:57,"testSB_C",-11.2805589835364,1344172
6,2026-07-17 06:15:57,"ntc1_C",-11.277625005019,1341464
6,2026-07-17 06:15:57,"ntc2_C",-11.285179719891,1341320
6,2026-07-17 06:15:57,"testSB_C",-11.2797229212379,1341837
7,2026-07-17 06:15:57,"ntc1_C",-11.2781946977955,1344371
7,2026-07-17 06:15:57,"ntc2_C",-11.289117877848,1341894
7,2026-07-17 06:15:57,"testSB_C",-11.2938893136275,1342641
8,2026-07-17 06:15:57,"ntc1_C",-11.2630465167753,1338893
8,2026-07-17 06:15:57,"ntc2_C",-11.2814045124271,1342049
8,2026-07-17 06:15:57,"testSB_C",-11.2812841916377,1340039
9,2026-07-17 06:15:57,"ntc1_C",-11.2963024773503,1340383
9,2026-07-17 06:15:57,"ntc2_C",-11.2703638370406,1342223
9,2026-07-17 06:15:57,"testSB_C",-11.2560623172819,1338435
10,2026-07-17 06:15:57,"ntc1_C",-11.2387811615096,1341143
10,2026-07-17 06:15:57,"ntc2_C",-11.2409269757485,1338829
10,2026-07-17 06:15:57,"testSB_C",-11.2368581207057,1338377
11,2026-07-17 06:15:57,"ntc1_C",-11.2381578583667,1339717
11,2026-07-17 06:15:57,"ntc2_C",-11.2552641403013,1340709
11,2026-07-17 06:15:57,"testSB_C",-11.2404141205584,1339145
12,2026-07-17 06:15:57,"ntc1_C",-11.2598253511566,1341731
12,2026-07-17 06:15:57,"ntc2_C",-11.2533069343276,1337468
12,2026-07-17 06:15:57,"testSB_C",-11.3125526622255,1335846
13,2026-07-17 06:15:57,"ntc1_C",-11.248304921778,1338046
13,2026-07-17 06:15:57,"ntc2_C",-11.2537494836555,1337357
13,2026-07-17 06:15:57,"testSB_C",-11.2374469457548,1335691
14,2026-07-17 06:15:57,"ntc1_C",-11.2494604485513,1341617
14,2026-07-17 06:15:57,"ntc2_C",-11.2318449562227,1337877
14,2026-07-17 06:15:57,"testSB_C",-11.2184488178416,1336717
15,2026-07-17 06:15:57,"ntc1_C",-11.2276565210288,1339883
15,2026-07-17 06:15:57,"ntc2_C",-11.2352481880339,1337023
15,2026-07-17 06:15:57,"testSB_C",-11.2993226906173,1337787
16,2026-07-17 06:15:57,"ntc1_C",-11.2403034647347,1341284
16,2026-07-17 06:15:57,"ntc2_C",-11.2462206000475,1337777
16,2026-07-17 06:15:57,"testSB_C",-11.2802226742179,1339145
17,2026-07-17 06:15:57,"ntc1_C",-11.2353784400536,1342560
17,2026-07-17 06:15:57,"ntc2_C",-11.2393818588613,1342416
17,2026-07-17 06:15:57,"testSB_C",-11.238375741549,1342105
18,2026-07-17 06:15:57,"ntc1_C",-11.214528447587,1340407
18,2026-07-17 06:15:57,"ntc2_C",-11.2340627931737,1337891
18,2026-07-17 06:15:57,"testSB_C",-11.2910110785943,1339436
19,2026-07-17 06:15:57,"ntc1_C",-11.2080335047186,1339350
19,2026-07-17 06:15:57,"ntc2_C",-11.2163633263567,1336725
19,2026-07-17 06:15:57,"testSB_C",-11.2372262128497,1336261
20,2026-07-17 06:15:57,"ntc1_C",-11.2321886668843,1336787
20,2026-07-17 06:15:57,"ntc2_C",-11.2155082167379,1339169
20,2026-07-17 06:15:57,"testSB_C",-11.2032072704399,1339487
21,2026-07-17 06:15:57,"ntc1_C",-11.188311481339,1335791
21,2026-07-17 06:15:57,"ntc2_C",-11.2090134607092,1338462
21,2026-07-17 06:15:57,"testSB_C",-11.1926374081817,1337287
22,2026-07-17 06:15:57,"ntc1_C",-11.2061467184029,1336325
22,2026-07-17 06:15:57,"ntc2_C",-11.1949440071006,1338059
22,2026-07-17 06:15:57,"testSB_C",-11.1965639745125,1339397
23,2026-07-17 06:15:57,"ntc1_C",-11.1988862528646,1338793
23,2026-07-17 06:15:57,"ntc2_C",-11.1906669727347,1337384
23,2026-07-17 06:15:57,"testSB_C",-11.1892695779808,1337337
24,2026-07-17 06:15:57,"ntc1_C",-11.2025115054952,1336112
24,2026-07-17 06:15:57,"ntc2_C",-11.1580749493613,1336054
1,2026-07-17 10:15:57,"ntc1_C",-7.26834323540544,1138573
1,2026-07-17 10:15:57,"ntc2_C",-7.10987831211168,1132465
1,2026-07-17 10:15:57,"testSB_C",-7.10300919840876,1130323
2,2026-07-17 10:15:57,"ntc1_C",-7.23043340271079,1136394
2,2026-07-17 10:15:57,"ntc2_C",-7.2785872954255,1137769
2,2026-07-17 10:15:57,"testSB_C",-7.3718757353376,1141194
3,2026-07-17 10:15:57,"ntc1_C",-7.31593715946553,1141479
3,2026-07-17 10:15:57,"ntc2_C",-7.38703969244847,1142804
3,2026-07-17 10:15:57,"testSB_C",-7.43684296953603,1146393
4,2026-07-17 10:15:57,"ntc1_C",-7.41444767268115,1144046
4,2026-07-17 10:15:57,"ntc2_C",-7.41078925566211,1146528
4,2026-07-17 10:15:57,"testSB_C",-7.33491399687921,1142224
5,2026-07-17 10:15:57,"ntc1_C",-7.41122182971043,1146152
5,2026-07-17 10:15:57,"ntc2_C",-7.52946313986706,1148336
5,2026-07-17 10:15:57,"testSB_C",-7.43534613331082,1148973
6,2026-07-17 10:15:57,"ntc1_C",-7.34553744818584,1142766
6,2026-07-17 10:15:57,"ntc2_C",-7.42740045406549,1145954
6,2026-07-17 10:15:57,"testSB_C",-7.38024234214947,1144432
7,2026-07-17 10:15:57,"ntc1_C",-7.39094127369924,1147216
7,2026-07-17 10:15:57,"ntc2_C",-7.44860966938211,1147187
7,2026-07-17 10:15:57,"testSB_C",-7.50553225996151,1150317
8,2026-07-17 10:15:57,"ntc1_C",-7.35963006028891,1141741
8,2026-07-17 10:15:57,"ntc2_C",-7.50082488789383,1150227
8,2026-07-17 10:15:57,"testSB_C",-7.50789059286603,1148845
9,2026-07-17 10:15:57,"ntc1_C",-7.39450709660849,1143389
9,2026-07-17 10:15:57,"ntc2_C",-7.43381756944456,1147814
9,2026-07-17 10:15:57,"testSB_C",-7.40579789813552,1143808
10,2026-07-17 10:15:57,"ntc1_C",-7.4286800500002,1148057
10,2026-07-17 10:15:57,"ntc2_C",-7.47674467977498,1148208
10,2026-07-17 10:15:57,"testSB_C",-7.4041332770999,1144622
11,2026-07-17 10:15:57,"ntc1_C",-7.3679098337451,1144092
11,2026-07-17 10:15:57,"ntc2_C",-7.48074556166216,1149368
11,2026-07-17 10:15:57,"testSB_C",-7.43177129736495,1146399
12,2026-07-17 10:15:57,"ntc1_C",-7.63006339663025,1157060
12,2026-07-17 10:15:57,"ntc2_C",-7.66362115450744,1155169
12,2026-07-17 10:15:57,"testSB_C",-7.68348711514358,1152510
13,2026-07-17 10:15:57,"ntc1_C",-7.50811654812935,1148854
13,2026-07-17 10:15:57,"ntc2_C",-7.65945798112739,1154876
13,2026-07-17 10:15:57,"testSB_C",-7.57321642588499,1150184
14,2026-07-17 10:15:57,"ntc1_C",-7.58632407824217,1155459
14,2026-07-17 10:15:57,"ntc2_C",-7.54576744875772,1151054
14,2026-07-17 10:15:57,"testSB_C",-7.54161288623919,1150360
15,2026-07-17 10:15:57,"ntc1_C",-7.57255094815821,1154237
15,2026-07-17 10:15:57,"ntc2_C",-7.62386161982187,1153759
15,2026-07-17 10:15:57,"testSB_C",-7.65510013825178,1153610
16,2026-07-17 10:15:57,"ntc1_C",-7.60140846925174,1156172
16,2026-07-17 10:15:57,"ntc2_C",-7.62338243524545,1153967
16,2026-07-17 10:15:57,"testSB_C",-7.71562127035145,1158243
17,2026-07-17 10:15:57,"ntc1_C",-7.54113928997566,1154799
17,2026-07-17 10:15:57,"ntc2_C",-7.56009372900621,1155241
17,2026-07-17 10:15:57,"testSB_C",-7.58009149748273,1156042
18,2026-07-17 10:15:57,"ntc1_C",-7.48506704040739,1151178
18,2026-07-17 10:15:57,"ntc2_C",-7.5104344822808,1149313
18,2026-07-17 10:15:57,"testSB_C",-7.41638862722516,1144239
19,2026-07-17 10:15:57,"ntc1_C",-7.28597552600922,1141351
19,2026-07-17 10:15:57,"ntc2_C",-7.24653559472097,1136878
19,2026-07-17 10:15:57,"testSB_C",-7.23423210860545,1135215
20,2026-07-17 10:15:57,"ntc1_C",-7.20884404194572,1134513
20,2026-07-17 10:15:57,"ntc2_C",-7.26620630808912,1139843
20,2026-07-17 10:15:57,"testSB_C",-7.26038425381137,1140438
21,2026-07-17 10:15:57,"ntc1_C",-7.26208682442905,1138004
21,2026-07-17 10:15:57,"ntc2_C",-7.42581739723471,1147002
21,2026-07-17 10:15:57,"testSB_C",-7.50953891376747,1150504
22,2026-07-17 10:15:57,"ntc1_C",-7.52659338965503,1150264
22,2026-07-17 10:15:57,"ntc2_C",-7.68118863950008,1159351
22,2026-07-17 10:15:57,"testSB_C",-7.78105999286782,1165151
23,2026-07-17 10:15:57,"ntc1_C",-7.83897168897522,1167240
23,2026-07-17 10:15:57,"ntc2_C",-7.71482859089554,1160403
23,2026-07-17 10:15:57,"testSB_C",-7.72924462061354,1161159
24,2026-07-17 10:15:57,"ntc1_C",-7.76367097782622,1161474
24,2026-07-17 10:15:57,"ntc2_C",-7.87965757510847,1168801
1,2026-07-17 14:15:57,"ntc1_C",-3.68834964969335,984367
1,2026-07-17 14:15:57,"ntc2_C",-4.19018557072309,1005730
1,2026-07-17 14:15:57,"testSB_C",-4.33983986264218,1010064
2,2026-07-17 14:15:57,"ntc1_C",-4.50128195020841,1016987
2,2026-07-17 14:15:57,"ntc2_C",-4.4354065351688,1013532
2,2026-07-17 14:15:57,"testSB_C",-4.80745716410075,1028135
3,2026-07-17 14:15:57,"ntc1_C",-4.90198783459442,1034713
3,2026-07-17 14:15:57,"ntc2_C",-4.93941986279026,1034448
3,2026-07-17 14:15:57,"testSB_C",-5.15433336108248,1044683
4,2026-07-17 14:15:57,"ntc1_C",-5.09728628345096,1041135
4,2026-07-17 14:15:57,"ntc2_C",-5.07363308394997,1042502
4,2026-07-17 14:15:57,"testSB_C",-4.98823600509144,1038189
5,2026-07-17 14:15:57,"ntc1_C",-5.14147620321711,1045089
5,2026-07-17 14:15:57,"ntc2_C",-5.55933671505909,1059824
5,2026-07-17 14:15:57,"testSB_C",-5.30375848029814,1053480
6,2026-07-17 14:15:57,"ntc1_C",-5.11181589038637,1043539
6,2026-07-17 14:15:57,"ntc2_C",-5.28616825433932,1050305
6,2026-07-17 14:15:57,"testSB_C",-5.14940915965923,1045094
7,2026-07-17 14:15:57,"ntc1_C",-5.22288025911337,1050332
7,2026-07-17 14:15:57,"ntc2_C",-5.40504451801689,1055585
7,2026-07-17 14:15:57,"testSB_C",-5.46468726980947,1058588
8,2026-07-17 14:15:57,"ntc1_C",-5.16119499878062,1044016
8,2026-07-17 14:15:57,"ntc2_C",-5.4374896080717,1057574
8,2026-07-17 14:15:57,"testSB_C",-5.54965391578185,1060831
9,2026-07-17 14:15:57,"ntc1_C",-5.1836366183461,1045105
9,2026-07-17 14:15:57,"ntc2_C",-5.35215773605745,1054608
9,2026-07-17 14:15:57,"testSB_C",-5.35343917092359,1052125
10,2026-07-17 14:15:57,"ntc1_C",-5.26372138655489,1051233
10,2026-07-17 14:15:57,"ntc2_C",-5.44589116994234,1057104
10,2026-07-17 14:15:57,"testSB_C",-5.25003008981332,1048548
11,2026-07-17 14:15:57,"ntc1_C",-5.30541544871829,1052021
11,2026-07-17 14:15:57,"ntc2_C",-5.44443130482233,1057954
11,2026-07-17 14:15:57,"testSB_C",-5.17168609213309,1045653
12,2026-07-17 14:15:57,"ntc1_C",-5.63928487253338,1067004
12,2026-07-17 14:15:57,"ntc2_C",-5.61885908754675,1062869
12,2026-07-17 14:15:57,"testSB_C",-5.5920650612768,1058724
13,2026-07-17 14:15:57,"ntc1_C",-5.22131435443475,1046840
13,2026-07-17 14:15:57,"ntc2_C",-5.56239465952837,1060351
13,2026-07-17 14:15:57,"testSB_C",-5.25092643438882,1046444
14,2026-07-17 14:15:57,"ntc1_C",-5.43162451570214,1058465
14,2026-07-17 14:15:57,"ntc2_C",-5.45373114911507,1057093
14,2026-07-17 14:15:57,"testSB_C",-5.24390555563775,1047513
15,2026-07-17 14:15:57,"ntc1_C",-5.30172699546603,1052328
15,2026-07-17 14:15:57,"ntc2_C",-5.37409135447854,1052755
15,2026-07-17 14:15:57,"testSB_C",-5.53424511742384,1058366
16,2026-07-17 14:15:57,"ntc1_C",-5.39494919647711,1056832
16,2026-07-17 14:15:57,"ntc2_C",-5.37158499767418,1052915
16,2026-07-17 14:15:57,"testSB_C",-5.7129463889321,1067633
17,2026-07-17 14:15:57,"ntc1_C",-5.32390247924258,1055194
17,2026-07-17 14:15:57,"ntc2_C",-5.36159824425812,1056327
17,2026-07-17 14:15:57,"testSB_C",-5.50476428514361,1062402
18,2026-07-17 14:15:57,"ntc1_C",-5.49534605927204,1061607
18,2026-07-17 14:15:57,"ntc2_C",-5.55590606558133,1061419
18,2026-07-17 14:15:57,"testSB_C",-5.41685151614246,1055055
19,2026-07-17 14:15:57,"ntc1_C",-5.60265714560131,1065789
19,2026-07-17 14:15:57,"ntc2_C",-5.47474271486658,1057798
19,2026-07-17 14:15:57,"testSB_C",-5.74895819309359,1068643
20,2026-07-17 14:15:57,"ntc1_C",-5.69397301243356,1066699
20,2026-07-17 14:15:57,"ntc2_C",-5.67651172939316,1068409
20,2026-07-17 14:15:57,"testSB_C",-5.63097206072149,1067249
21,2026-07-17 14:15:57,"ntc1_C",-5.51945522466997,1060057
21,2026-07-17 14:15:57,"ntc2_C",-5.73804237449764,1070834
21,2026-07-17 14:15:57,"testSB_C",-5.78068815211191,1072157
22,2026-07-17 14:15:57,"ntc1_C",-5.68023270543932,1067065
22,2026-07-17 14:15:57,"ntc2_C",-5.87363725067047,1077094
22,2026-07-17 14:15:57,"testSB_C",-5.74649443732852,1072517
23,2026-07-17 14:15:57,"ntc1_C",-6.02188952765096,1083960
23,2026-07-17 14:15:57,"ntc2_C",-5.75257831467087,1071220
23,2026-07-17 14:15:57,"testSB_C",-5.75660239288516,1071492
24,2026-07-17 14:15:57,"ntc1_C",-5.56079713997553,1061976
24,2026-07-17 14:15:57,"ntc2_C",-5.49902650676944,1060854
1,2026-07-17 18:15:57,"ntc1_C",-3.40163068000038,972993
1,2026-07-17 18:15:57,"ntc2_C",-3.34250197347069,971757
1,2026-07-17 18:15:57,"testSB_C",-3.48397979139406,975564
2,2026-07-17 18:15:57,"ntc1_C",-3.76415431654374,987018
2,2026-07-17 18:15:57,"ntc2_C",-3.73260996564028,985044
2,2026-07-17 18:15:57,"testSB_C",-4.06034552475347,997424
3,2026-07-17 18:15:57,"ntc1_C",-4.03106970552005,998774
3,2026-07-17 18:15:57,"ntc2_C",-4.02726699348636,996833
3,2026-07-17 18:15:57,"testSB_C",-4.3340575441253,1010447
4,2026-07-17 18:15:57,"ntc1_C",-4.41397585122752,1012652
4,2026-07-17 18:15:57,"ntc2_C",-3.89410671141673,993755
4,2026-07-17 18:15:57,"testSB_C",-4.13274365154405,1002742
5,2026-07-17 18:15:57,"ntc1_C",-3.97812337156716,996902
5,2026-07-17 18:15:57,"ntc2_C",-4.42562170601536,1012110
5,2026-07-17 18:15:57,"testSB_C",-4.38826201366919,1015017
6,2026-07-17 18:15:57,"ntc1_C",-4.38309769698066,1013128
6,2026-07-17 18:15:57,"ntc2_C",-4.5274802272387,1018424
6,2026-07-17 18:15:57,"testSB_C",-4.47435551422666,1016822
7,2026-07-17 18:15:57,"ntc1_C",-4.45050995660279,1017891
7,2026-07-17 18:15:57,"ntc2_C",-4.40867181124986,1013693
7,2026-07-17 18:15:57,"testSB_C",-4.58499899289995,1021405
8,2026-07-17 18:15:57,"ntc1_C",-4.42653566239693,1013319
8,2026-07-17 18:15:57,"ntc2_C",-4.57845183129103,1021301
8,2026-07-17 18:15:57,"testSB_C",-4.8644687477468,1031702
9,2026-07-17 18:15:57,"ntc1_C",-4.75844949539066,1027222
9,2026-07-17 18:15:57,"ntc2_C",-4.66965916991495,1025778
9,2026-07-17 18:15:57,"testSB_C",-4.87341184887674,1031797
10,2026-07-17 18:15:57,"ntc1_C",-4.83839265452957,1033223
10,2026-07-17 18:15:57,"ntc2_C",-4.85422517163386,1031989
10,2026-07-17 18:15:57,"testSB_C",-4.86398235483114,1032229
11,2026-07-17 18:15:57,"ntc1_C",-4.70545487526226,1026702
11,2026-07-17 18:15:57,"ntc2_C",-4.64034106604197,1023953
11,2026-07-17 18:15:57,"testSB_C",-4.56090166241802,1020027
12,2026-07-17 18:15:57,"ntc1_C",-4.74857859519273,1029083
12,2026-07-17 18:15:57,"ntc2_C",-4.69398679920607,1023652
12,2026-07-17 18:15:57,"testSB_C",-4.99100636936629,1033253
13,2026-07-17 18:15:57,"ntc1_C",-4.68947004387746,1024482
13,2026-07-17 18:15:57,"ntc2_C",-4.68940703338825,1023388
13,2026-07-17 18:15:57,"testSB_C",-4.57073477772815,1017925
14,2026-07-17 18:15:57,"ntc1_C",-4.87214810016167,1034678
14,2026-07-17 18:15:57,"ntc2_C",-4.78245716675843,1028650
14,2026-07-17 18:15:57,"testSB_C",-4.35095055145484,1010134
15,2026-07-17 18:15:57,"ntc1_C",-4.66200338852229,1025328
15,2026-07-17 18:15:57,"ntc2_C",-4.69560183415695,1024119
15,2026-07-17 18:15:57,"testSB_C",-4.8054893877819,1027509
16,2026-07-17 18:15:57,"ntc1_C",-4.87652728094264,1034795
16,2026-07-17 18:15:57,"ntc2_C",-4.57848780918897,1019537
16,2026-07-17 18:15:57,"testSB_C",-4.76188019113778,1027163
17,2026-07-17 18:15:57,"ntc1_C",-4.76688865483834,1031593
17,2026-07-17 18:15:57,"ntc2_C",-4.52143768774107,1020872
17,2026-07-17 18:15:57,"testSB_C",-4.66164198009221,1026626
18,2026-07-17 18:15:57,"ntc1_C",-4.73920191009972,1029481
18,2026-07-17 18:15:57,"ntc2_C",-4.62043148724774,1021835
18,2026-07-17 18:15:57,"testSB_C",-4.47751777484052,1015650
19,2026-07-17 18:15:57,"ntc1_C",-4.80619402366483,1031854
19,2026-07-17 18:15:57,"ntc2_C",-4.60602113158035,1021121
19,2026-07-17 18:15:57,"testSB_C",-4.86248870580556,1030821
20,2026-07-17 18:15:57,"ntc1_C",-4.93076592995732,1034131
20,2026-07-17 18:15:57,"ntc2_C",-4.98471835408958,1038780
20,2026-07-17 18:15:57,"testSB_C",-4.93655163502638,1037546
21,2026-07-17 18:15:57,"ntc1_C",-4.7837684720588,1028824
21,2026-07-17 18:15:57,"ntc2_C",-4.83162948359274,1032100
21,2026-07-17 18:15:57,"testSB_C",-4.84740703142535,1032151
22,2026-07-17 18:15:57,"ntc1_C",-4.83154576453524,1030925
22,2026-07-17 18:15:57,"ntc2_C",-4.93344992509509,1036709
22,2026-07-17 18:15:57,"testSB_C",-4.87461547209881,1035175
23,2026-07-17 18:15:57,"ntc1_C",-5.01331726256211,1040397
23,2026-07-17 18:15:57,"ntc2_C",-5.03830285103686,1040535
23,2026-07-17 18:15:57,"testSB_C",-5.19535607575887,1047306
24,2026-07-17 18:15:57,"ntc1_C",-5.01676581527045,1038780
24,2026-07-17 18:15:57,"ntc2_C",-4.66419157848298,1025478
1,2026-07-17 22:15:57,"ntc1_C",-5.91987506810199,1077751
1,2026-07-17 22:15:57,"ntc2_C",-5.66855583189141,1067961
1,2026-07-17 22:15:57,"testSB_C",-5.52482385141582,1059933
2,2026-07-17 22:15:57,"ntc1_C",-5.6315142277806,1064784
2,2026-07-17 22:15:57,"ntc2_C",-5.78379926492477,1070607
2,2026-07-17 22:15:57,"testSB_C",-5.73436632924393,1067604
3,2026-07-17 22:15:57,"ntc1_C",-5.68750984301403,1068277
3,2026-07-17 22:15:57,"ntc2_C",-5.88410912966003,1074957
3,2026-07-17 22:15:57,"testSB_C",-5.8204509019842,1073367
4,2026-07-17 22:15:57,"ntc1_C",-5.82975845170495,1072591
4,2026-07-17 22:15:57,"ntc2_C",-5.87862174189303,1077187
4,2026-07-17 22:15:57,"testSB_C",-5.70888055716301,1069055
5,2026-07-17 22:15:57,"ntc1_C",-5.94591153289906,1079814
5,2026-07-17 22:15:57,"ntc2_C",-5.95484924767214,1077012
5,2026-07-17 22:15:57,"testSB_C",-5.83933069741619,1076677
6,2026-07-17 22:15:57,"ntc1_C",-5.79891606610101,1073079
6,2026-07-17 22:15:57,"ntc2_C",-5.94247906523537,1078716
6,2026-07-17 22:15:57,"testSB_C",-5.8505822179892,1075322
7,2026-07-17 22:15:57,"ntc1_C",-5.82048556290704,1076165
7,2026-07-17 22:15:57,"ntc2_C",-5.88693073063831,1076484
7,2026-07-17 22:15:57,"testSB_C",-5.90925617213827,1077908
8,2026-07-17 22:15:57,"ntc1_C",-5.79754834337103,1071383
8,2026-07-17 22:15:57,"ntc2_C",-5.9417249635149,1079483
8,2026-07-17 22:15:57,"testSB_C",-5.97928748855378,1079528
9,2026-07-17 22:15:57,"ntc1_C",-5.91416060234201,1076583
9,2026-07-17 22:15:57,"ntc2_C",-5.85890514103863,1076555
9,2026-07-17 22:15:57,"testSB_C",-5.93204244877495,1077179
10,2026-07-17 22:15:57,"ntc1_C",-5.93537149417045,1080337
10,2026-07-17 22:15:57,"ntc2_C",-5.9520626575133,1079091
10,2026-07-17 22:15:57,"testSB_C",-5.97241320581787,1079805
11,2026-07-17 22:15:57,"ntc1_C",-5.83739440721979,1075012
11,2026-07-17 22:15:57,"ntc2_C",-6.02973525095604,1083436
11,2026-07-17 22:15:57,"testSB_C",-5.79158538271719,1072343
12,2026-07-17 22:15:57,"ntc1_C",-6.05458409312871,1085176
12,2026-07-17 22:15:57,"ntc2_C",-6.00217722773175,1079575
12,2026-07-17 22:15:57,"testSB_C",-5.97414674940603,1075252
13,2026-07-17 22:15:57,"ntc1_C",-5.83039010830163,1073065
13,2026-07-17 22:15:57,"ntc2_C",-6.07834439263536,1082843
13,2026-07-17 22:15:57,"testSB_C",-5.72483857483525,1066802
14,2026-07-17 22:15:57,"ntc1_C",-5.92666995614803,1079983
14,2026-07-17 22:15:57,"ntc2_C",-5.86454605906914,1074900
14,2026-07-17 22:15:57,"testSB_C",-5.62785710478664,1064020
15,2026-07-17 22:15:57,"ntc1_C",-5.80415190537872,1074048
15,2026-07-17 22:15:57,"ntc2_C",-5.96103780401296,1078195
15,2026-07-17 22:15:57,"testSB_C",-5.88146706708818,1073397
16,2026-07-17 22:15:57,"ntc1_C",-5.94365207551539,1080685
16,2026-07-17 22:15:57,"ntc2_C",-6.01531799596358,1080837
16,2026-07-17 22:15:57,"testSB_C",-5.95097785677694,1078014
17,2026-07-17 22:15:57,"ntc1_C",-5.85951366819978,1078415
17,2026-07-17 22:15:57,"ntc2_C",-6.03052663339031,1085465
17,2026-07-17 22:15:57,"testSB_C",-5.82100495498986,1076151
18,2026-07-17 22:15:57,"ntc1_C",-5.81438081096707,1075471
18,2026-07-17 22:15:57,"ntc2_C",-5.90045178300284,1076395
18,2026-07-17 22:15:57,"testSB_C",-5.7027807379003,1067359
19,2026-07-17 22:15:57,"ntc1_C",-5.8752806253716,1077668
19,2026-07-17 22:15:57,"ntc2_C",-6.01886440761376,1081462
19,2026-07-17 22:15:57,"testSB_C",-5.97887129936424,1078682
20,2026-07-17 22:15:57,"ntc1_C",-5.96217583536679,1078394
20,2026-07-17 22:15:57,"ntc2_C",-6.12873390205067,1088248
20,2026-07-17 22:15:57,"testSB_C",-5.98248232734983,1082618
21,2026-07-17 22:15:57,"ntc1_C",-5.83204393467344,1073623
21,2026-07-17 22:15:57,"ntc2_C",-6.05587324251655,1084769
21,2026-07-17 22:15:57,"testSB_C",-5.9561964526153,1079856
22,2026-07-17 22:15:57,"ntc1_C",-5.93714408575477,1078261
22,2026-07-17 22:15:57,"ntc2_C",-5.99613169132277,1082474
22,2026-07-17 22:15:57,"testSB_C",-5.93666211203839,1080845
23,2026-07-17 22:15:57,"ntc1_C",-5.94637264958521,1080634
23,2026-07-17 22:15:57,"ntc2_C",-6.04904747565308,1084229
23,2026-07-17 22:15:57,"testSB_C",-6.05993809199254,1084803
24,2026-07-17 22:15:57,"ntc1_C",-5.96442871458476,1079530
24,2026-07-17 22:15:57,"ntc2_C",-6.00945133797796,1083102
1,2026-07-18 02:15:57,"ntc1_C",-7.65243362234634,1156534
1,2026-07-18 02:15:57,"ntc2_C",-7.8513947547226,1167195
1,2026-07-18 02:15:57,"testSB_C",-7.69714008271387,1158050
2,2026-07-18 02:15:57,"ntc1_C",-7.68279718355319,1157538
2,2026-07-18 02:15:57,"ntc2_C",-7.68084895206869,1156571
2,2026-07-18 02:15:57,"testSB_C",-7.65112345112897,1154254
3,2026-07-18 02:15:57,"ntc1_C",-7.60585497453394,1155042
3,2026-07-18 02:15:57,"ntc2_C",-7.65615449469618,1155409
3,2026-07-18 02:15:57,"testSB_C",-7.60743971888763,1154392
4,2026-07-18 02:15:57,"ntc1_C",-7.61647977147538,1153501
4,2026-07-18 02:15:57,"ntc2_C",-7.63708467459776,1157151
4,2026-07-18 02:15:57,"testSB_C",-7.59963565910022,1154614
5,2026-07-18 02:15:57,"ntc1_C",-7.64060646611904,1156909
5,2026-07-18 02:15:57,"ntc2_C",-7.65013407607051,1153998
5,2026-07-18 02:15:57,"testSB_C",-7.60936315781959,1157151
6,2026-07-18 02:15:57,"ntc1_C",-7.5996645032559,1154653
6,2026-07-18 02:15:57,"ntc2_C",-7.63084023546179,1155495
6,2026-07-18 02:15:57,"testSB_C",-7.59057432771442,1154285
7,2026-07-18 02:15:57,"ntc1_C",-7.56418180427818,1155343
7,2026-07-18 02:15:57,"ntc2_C",-7.59822469014875,1154206
7,2026-07-18 02:15:57,"testSB_C",-7.60456208228192,1154970
8,2026-07-18 02:15:57,"ntc1_C",-7.57050623634427,1151596
8,2026-07-18 02:15:57,"ntc2_C",-7.61109415230061,1155407
8,2026-07-18 02:15:57,"testSB_C",-7.59766111759336,1153055
9,2026-07-18 02:15:57,"ntc1_C",-7.60515616338046,1153234
9,2026-07-18 02:15:57,"ntc2_C",-7.5931557887688,1155288
9,2026-07-18 02:15:57,"testSB_C",-7.59259263662375,1152550
10,2026-07-18 02:15:57,"ntc1_C",-7.57073708117514,1154722
10,2026-07-18 02:15:57,"ntc2_C",-7.60118781582594,1154046
10,2026-07-18 02:15:57,"testSB_C",-7.5931363122487,1153472
11,2026-07-18 02:15:57,"ntc1_C",-7.57082290999932,1153587
11,2026-07-18 02:15:57,"ntc2_C",-7.61419879915223,1155635
11,2026-07-18 02:15:57,"testSB_C",-7.57669958833372,1153190
12,2026-07-18 02:15:57,"ntc1_C",-7.61769404535482,1156477
12,2026-07-18 02:15:57,"ntc2_C",-7.60322294801313,1152328
12,2026-07-18 02:15:57,"testSB_C",-7.63555948131949,1150268
13,2026-07-18 02:15:57,"ntc1_C",-7.60317755497698,1153309
13,2026-07-18 02:15:57,"ntc2_C",-7.6005282598951,1152105
13,2026-07-18 02:15:57,"testSB_C",-7.5766294093574,1150344
14,2026-07-18 02:15:57,"ntc1_C",-7.57922691456633,1155125
14,2026-07-18 02:15:57,"ntc2_C",-7.55589167713453,1151529
14,2026-07-18 02:15:57,"testSB_C",-7.54067541779176,1150316
15,2026-07-18 02:15:57,"ntc1_C",-7.54987914581096,1153171
15,2026-07-18 02:15:57,"ntc2_C",-7.56671511307917,1151074
15,2026-07-18 02:15:57,"testSB_C",-7.58530233104733,1150342
16,2026-07-18 02:15:57,"ntc1_C",-7.55540683287927,1154006
16,2026-07-18 02:15:57,"ntc2_C",-7.55672476828533,1150837
16,2026-07-18 02:15:57,"testSB_C",-7.58124183171566,1151926
17,2026-07-18 02:15:57,"ntc1_C",-7.55858760667303,1155620
17,2026-07-18 02:15:57,"ntc2_C",-7.57711848915858,1156043
17,2026-07-18 02:15:57,"testSB_C",-7.55292363448905,1154763
18,2026-07-18 02:15:57,"ntc1_C",-7.53748677592898,1153640
18,2026-07-18 02:15:57,"ntc2_C",-7.55369865260963,1151341
18,2026-07-18 02:15:57,"testSB_C",-7.59186655411071,1152424
19,2026-07-18 02:15:57,"ntc1_C",-7.53210828578523,1152852
19,2026-07-18 02:15:57,"ntc2_C",-7.5627881168802,1151620
19,2026-07-18 02:15:57,"testSB_C",-7.57188832265717,1150928
20,2026-07-18 02:15:57,"ntc1_C",-7.56982918093297,1151316
20,2026-07-18 02:15:57,"ntc2_C",-7.57305936989201,1154187
20,2026-07-18 02:15:57,"testSB_C",-7.54857819001887,1153910
21,2026-07-18 02:15:57,"ntc1_C",-7.53333019027372,1150656
21,2026-07-18 02:15:57,"ntc2_C",-7.57120231020775,1153818
21,2026-07-18 02:15:57,"testSB_C",-7.53139699041049,1151531
22,2026-07-18 02:15:57,"ntc1_C",-7.55901672740953,1151783
22,2026-07-18 02:15:57,"ntc2_C",-7.5655158738524,1153899
22,2026-07-18 02:15:57,"testSB_C",-7.55203667067082,1154326
23,2026-07-18 02:15:57,"ntc1_C",-7.58890677014728,1155401
23,2026-07-18 02:15:57,"ntc2_C",-7.58162696561124,1154115
23,2026-07-18 02:15:57,"testSB_C",-7.59222409918669,1154689
24,2026-07-18 02:15:57,"ntc1_C",-7.59582892961515,1153568
24,2026-07-18 02:15:57,"ntc2_C",-7.55337410586299,1153364
1,2026-07-18 06:15:57,"ntc1_C",-8.35971794422028,1190370
1,2026-07-18 06:15:57,"ntc2_C",-7.59230596478568,1154938
1,2026-07-18 06:15:57,"testSB_C",-7.48953054934628,1148283
2,2026-07-18 06:15:57,"ntc1_C",-7.48964481493067,1148461
2,2026-07-18 06:15:57,"ntc2_C",-7.49677291129382,1147928
2,2026-07-18 06:15:57,"testSB_C",-7.47413783160846,1145959
3,2026-07-18 06:15:57,"ntc1_C",-7.44990627250951,1147726
3,2026-07-18 06:15:57,"ntc2_C",-7.48921266589122,1147573
3,2026-07-18 06:15:57,"testSB_C",-7.44946759512629,1146983
4,2026-07-18 06:15:57,"ntc1_C",-7.45415517558888,1145898
4,2026-07-18 06:15:57,"ntc2_C",-7.46767578284522,1149189
4,2026-07-18 06:15:57,"testSB_C",-7.43041397413231,1146678
5,2026-07-18 06:15:57,"ntc1_C",-7.4654337156781,1148685
5,2026-07-18 06:15:57,"ntc2_C",-7.47399661973009,1145743
5,2026-07-18 06:15:57,"testSB_C",-7.44322522318947,1149342
6,2026-07-18 06:15:57,"ntc1_C",-7.4383756685371,1147094
6,2026-07-18 06:15:57,"ntc2_C",-7.45791650404874,1147380
6,2026-07-18 06:15:57,"testSB_C",-7.42877827214244,1146698
7,2026-07-18 06:15:57,"ntc1_C",-7.39896261069623,1147591
7,2026-07-18 06:15:57,"ntc2_C",-7.43735990593308,1146661
7,2026-07-18 06:15:57,"testSB_C",-7.4356916345294,1147047
8,2026-07-18 06:15:57,"ntc1_C",-7.41939003272677,1144525
8,2026-07-18 06:15:57,"ntc2_C",-7.45046062920278,1147869
8,2026-07-18 06:15:57,"testSB_C",-7.44403679580171,1145860
9,2026-07-18 06:15:57,"ntc1_C",-7.45959934602166,1146422
9,2026-07-18 06:15:57,"ntc2_C",-7.44339835269341,1148262
9,2026-07-18 06:15:57,"testSB_C",-7.4507813011586,1145907
10,2026-07-18 06:15:57,"ntc1_C",-7.42228743018637,1147758
10,2026-07-18 06:15:57,"ntc2_C",-7.44481585169245,1146715
10,2026-07-18 06:15:57,"testSB_C",-7.4423315607637,1146405
11,2026-07-18 06:15:57,"ntc1_C",-7.42368707331531,1146694
11,2026-07-18 06:15:57,"ntc2_C",-7.47136934732663,1148929
11,2026-07-18 06:15:57,"testSB_C",-7.44103823790056,1146832
12,2026-07-18 06:15:57,"ntc1_C",-7.48223287424429,1150112
12,2026-07-18 06:15:57,"ntc2_C",-7.47244567256149,1146201
12,2026-07-18 06:15:57,"testSB_C",-7.50000404179133,1143951
13,2026-07-18 06:15:57,"ntc1_C",-7.46011264983451,1146611
13,2026-07-18 06:15:57,"ntc2_C",-7.47123132144333,1146049
13,2026-07-18 06:15:57,"testSB_C",-7.43204861434737,1143586
14,2026-07-18 06:15:57,"ntc1_C",-7.44710130489898,1148925
14,2026-07-18 06:15:57,"ntc2_C",-7.43088341551919,1145678
14,2026-07-18 06:15:57,"testSB_C",-7.39672542762679,1143580
15,2026-07-18 06:15:57,"ntc1_C",-7.41846766601566,1147012
15,2026-07-18 06:15:57,"ntc2_C",-7.4433172238555,1145298
15,2026-07-18 06:15:57,"testSB_C",-7.46250288635395,1144615
16,2026-07-18 06:15:57,"ntc1_C",-7.43403343325673,1148311
16,2026-07-18 06:15:57,"ntc2_C",-7.44578657848706,1145647
16,2026-07-18 06:15:57,"testSB_C",-7.46414825647065,1146450
17,2026-07-18 06:15:57,"ntc1_C",-7.43069369519048,1149616
17,2026-07-18 06:15:57,"ntc2_C",-7.4648551451919,1150765
17,2026-07-18 06:15:57,"testSB_C",-7.42427196864145,1148726
18,2026-07-18 06:15:57,"ntc1_C",-7.41597148386563,1147941
18,2026-07-18 06:15:57,"ntc2_C",-7.433912552234,1145735
18,2026-07-18 06:15:57,"testSB_C",-7.46378686835823,1146444
19,2026-07-18 06:15:57,"ntc1_C",-7.42021622697666,1147609
19,2026-07-18 06:15:57,"ntc2_C",-7.43881833800759,1145818
19,2026-07-18 06:15:57,"testSB_C",-7.45133810833369,1145293
20,2026-07-18 06:15:57,"ntc1_C",-7.44303074517279,1145385
20,2026-07-18 06:15:57,"ntc2_C",-7.44710571148551,1148277
20,2026-07-18 06:15:57,"testSB_C",-7.42819876880276,1148263
21,2026-07-18 06:15:57,"ntc1_C",-7.41086640463368,1144926
21,2026-07-18 06:15:57,"ntc2_C",-7.4445091261386,1147876
21,2026-07-18 06:15:57,"testSB_C",-7.41171219898325,1145919
22,2026-07-18 06:15:57,"ntc1_C",-7.4331132597838,1145896
22,2026-07-18 06:15:57,"ntc2_C",-7.44248569043611,1148129
22,2026-07-18 06:15:57,"testSB_C",-7.42209539986231,1148230
23,2026-07-18 06:15:57,"ntc1_C",-7.45384987773105,1149058
23,2026-07-18 06:15:57,"ntc2_C",-7.44206272426112,1147564
23,2026-07-18 06:15:57,"testSB_C",-7.43723596885991,1147415
24,2026-07-18 06:15:57,"ntc1_C",-7.44587455712559,1146551
24,2026-07-18 06:15:57,"ntc2_C",-7.39240033031314,1145825
1,2026-07-18 10:15:57,"ntc1_C",-6.60521955654735,1108234
1,2026-07-18 10:15:57,"ntc2_C",-5.68297023190723,1068587
1,2026-07-18 10:15:57,"testSB_C",-5.37682796857428,1053568
2,2026-07-18 10:15:57,"ntc1_C",-5.50532105205895,1059334
2,2026-07-18 10:15:57,"ntc2_C",-5.58577478297588,1062021
2,2026-07-18 10:15:57,"testSB_C",-5.56611624977069,1060325
3,2026-07-18 10:15:57,"ntc1_C",-5.4878355784524,1059640
3,2026-07-18 10:15:57,"ntc2_C",-5.66932097348501,1065605
3,2026-07-18 10:15:57,"testSB_C",-5.48505384714792,1058824
4,2026-07-18 10:15:57,"ntc1_C",-5.55215097418977,1060555
4,2026-07-18 10:15:57,"ntc2_C",-5.67906653883523,1068479
4,2026-07-18 10:15:57,"testSB_C",-5.47890146875557,1059103
5,2026-07-18 10:15:57,"ntc1_C",-5.68887777533968,1068591
5,2026-07-18 10:15:57,"ntc2_C",-5.73922204235811,1067606
5,2026-07-18 10:15:57,"testSB_C",-5.60335533528013,1066392
6,2026-07-18 10:15:57,"ntc1_C",-5.53894634387746,1061802
6,2026-07-18 10:15:57,"ntc2_C",-5.70020568102581,1068137
6,2026-07-18 10:15:57,"testSB_C",-5.56067739878426,1062716
7,2026-07-18 10:15:57,"ntc1_C",-5.51496133967885,1062877
7,2026-07-18 10:15:57,"ntc2_C",-5.67229082311695,1067123
7,2026-07-18 10:15:57,"testSB_C",-5.63647828583055,1066011
8,2026-07-18 10:15:57,"ntc1_C",-5.51724356680876,1059238
8,2026-07-18 10:15:57,"ntc2_C",-5.69030767185063,1068501
8,2026-07-18 10:15:57,"testSB_C",-5.66422380626739,1065784
9,2026-07-18 10:15:57,"ntc1_C",-5.60094851109108,1062969
9,2026-07-18 10:15:57,"ntc2_C",-5.6594049912174,1067859
9,2026-07-18 10:15:57,"testSB_C",-5.64278969378825,1064578
10,2026-07-18 10:15:57,"ntc1_C",-5.5361494867339,1062939
10,2026-07-18 10:15:57,"ntc2_C",-5.67557271990609,1067023
10,2026-07-18 10:15:57,"testSB_C",-5.60717719547705,1063883
11,2026-07-18 10:15:57,"ntc1_C",-5.55822974067496,1062883
11,2026-07-18 10:15:57,"ntc2_C",-5.78142506479338,1072549
11,2026-07-18 10:15:57,"testSB_C",-5.56831838081689,1062650
12,2026-07-18 10:15:57,"ntc1_C",-5.83092191586405,1075350
12,2026-07-18 10:15:57,"ntc2_C",-5.77622749451621,1069695
12,2026-07-18 10:15:57,"testSB_C",-5.73895782837445,1065047
13,2026-07-18 10:15:57,"ntc1_C",-5.6607864924805,1065695
13,2026-07-18 10:15:57,"ntc2_C",-5.79640616500529,1070492
13,2026-07-18 10:15:57,"testSB_C",-5.6264713099718,1062543
14,2026-07-18 10:15:57,"ntc1_C",-5.65004423683973,1067904
14,2026-07-18 10:15:57,"ntc2_C",-5.61745739272948,1064153
14,2026-07-18 10:15:57,"testSB_C",-5.51512848735013,1059146
15,2026-07-18 10:15:57,"ntc1_C",-5.59868055263513,1065110
15,2026-07-18 10:15:57,"ntc2_C",-5.75885718716387,1069361
15,2026-07-18 10:15:57,"testSB_C",-5.67533973225568,1064448
16,2026-07-18 10:15:57,"ntc1_C",-5.68459746097096,1069355
16,2026-07-18 10:15:57,"ntc2_C",-5.75321252684046,1069377
16,2026-07-18 10:15:57,"testSB_C",-5.79745810299625,1071307
17,2026-07-18 10:15:57,"ntc1_C",-5.65054092633255,1069293
17,2026-07-18 10:15:57,"ntc2_C",-5.80407030077316,1075509
17,2026-07-18 10:15:57,"testSB_C",-5.67763067073162,1069895
18,2026-07-18 10:15:57,"ntc1_C",-5.66593458012608,1068997
18,2026-07-18 10:15:57,"ntc2_C",-5.76043743039503,1070283
18,2026-07-18 10:15:57,"testSB_C",-5.65204350035572,1065165
19,2026-07-18 10:15:57,"ntc1_C",-5.68765424921645,1069478
19,2026-07-18 10:15:57,"ntc2_C",-5.81232847512842,1072416
19,2026-07-18 10:15:57,"testSB_C",-5.78535802407811,1070226
20,2026-07-18 10:15:57,"ntc1_C",-5.78586163763629,1070691
20,2026-07-18 10:15:57,"ntc2_C",-5.89269504300279,1077846
20,2026-07-18 10:15:57,"testSB_C",-5.76849740399132,1073235
21,2026-07-18 10:15:57,"ntc1_C",-5.72011676078529,1068745
21,2026-07-18 10:15:57,"ntc2_C",-5.89599368690648,1077736
21,2026-07-18 10:15:57,"testSB_C",-5.7480163290665,1070730
22,2026-07-18 10:15:57,"ntc1_C",-5.73376555207909,1069388
22,2026-07-18 10:15:57,"ntc2_C",-5.87235890049442,1077038
22,2026-07-18 10:15:57,"testSB_C",-5.78884710044821,1074366
23,2026-07-18 10:15:57,"ntc1_C",-5.91654058196679,1079323
23,2026-07-18 10:15:57,"ntc2_C",-5.88017308977578,1076799
23,2026-07-18 10:15:57,"testSB_C",-5.82587696079429,1074517
24,2026-07-18 10:15:57,"ntc1_C",-5.81154021172335,1072846
24,2026-07-18 10:15:57,"ntc2_C",-5.80284046725598,1074039
