"node","time","sensor","temp_C","counts"
1,2026-07-14 21:25:29,"ntc1_C",-4.51837829298785,1017137
1,2026-07-14 21:25:29,"testSB_C",-4.52323735473789,1019681
2,2026-07-14 21:25:29,"ntc1_C",-4.48248778873676,1017254
2,2026-07-14 21:25:29,"ntc2_C",-4.41188733033488,1014092
2,2026-07-14 21:25:29,"testSB_C",-4.37901053474741,1015105
3,2026-07-14 21:25:29,"ntc1_C",-4.03327184280067,1000647
3,2026-07-14 21:25:29,"ntc2_C",-4.05041622656603,1000279
3,2026-07-14 21:25:29,"testSB_C",-4.01383297744616,998509
4,2026-07-14 21:25:29,"ntc1_C",-4.02564196429245,999802
4,2026-07-14 21:25:29,"ntc2_C",-3.98708101308603,995940
4,2026-07-14 21:25:29,"testSB_C",-4.08333029464853,1000015
5,2026-07-14 21:25:29,"ntc1_C",-4.11432098272201,1001325
5,2026-07-14 21:25:29,"ntc2_C",-4.18389196155204,1005557
5,2026-07-14 21:25:29,"testSB_C",-4.18241795781734,1006269
6,2026-07-14 21:25:29,"ntc1_C",-4.20569838913417,1005761
6,2026-07-14 21:25:29,"ntc2_C",-4.09124353019939,1002152
6,2026-07-14 21:25:29,"testSB_C",-4.094947386466,1002595
7,2026-07-14 21:25:29,"ntc1_C",-4.08197514238839,1000532
7,2026-07-14 21:25:29,"ntc2_C",-4.11475526617863,1003572
7,2026-07-14 21:25:29,"testSB_C",-4.21496878109974,1007745
8,2026-07-14 21:25:29,"ntc1_C",-4.29716459295622,1013037
8,2026-07-14 21:25:29,"ntc2_C",-4.26352565622057,1007705
8,2026-07-14 21:25:29,"testSB_C",-4.15645945008748,1001578
9,2026-07-14 21:25:29,"ntc1_C",-4.11716720935527,1001502
9,2026-07-14 21:25:29,"ntc2_C",-4.01440431782191,1000683
9,2026-07-14 21:25:29,"testSB_C",-4.00387459396694,998665
10,2026-07-14 21:25:29,"ntc1_C",-4.00130271499961,999088
10,2026-07-14 21:25:29,"ntc2_C",-3.99879975428433,996437
10,2026-07-14 21:25:29,"testSB_C",-4.09563051218845,1001066
11,2026-07-14 21:25:29,"ntc1_C",-4.06292382911028,1001811
11,2026-07-14 21:25:29,"ntc2_C",-3.9684517821625,997550
11,2026-07-14 21:25:29,"testSB_C",-3.95718555363197,995753
12,2026-07-14 21:25:29,"ntc1_C",-3.96145928374392,996875
12,2026-07-14 21:25:29,"ntc2_C",-3.89811183939116,993753
12,2026-07-14 21:25:29,"testSB_C",-3.97960352464065,996846
13,2026-07-14 21:25:29,"ntc1_C",-4.01877562098508,1002040
13,2026-07-14 21:25:29,"ntc2_C",-3.95980096186025,994543
13,2026-07-14 21:25:29,"testSB_C",-4.00208035247562,997888
14,2026-07-14 21:25:29,"ntc1_C",-4.07263232479312,999792
14,2026-07-14 21:25:29,"ntc2_C",-3.96637052737657,997892
14,2026-07-14 21:25:29,"testSB_C",-4.01361162621214,999650
15,2026-07-14 21:25:29,"ntc1_C",-4.03024815916842,997315
15,2026-07-14 21:25:29,"ntc2_C",-3.9996581024896,999437
15,2026-07-14 21:25:29,"testSB_C",-4.05079026161309,1001707
16,2026-07-14 21:25:29,"ntc1_C",-4.12118476858501,1001972
16,2026-07-14 21:25:29,"ntc2_C",-4.07071388902426,999305
16,2026-07-14 21:25:29,"testSB_C",-4.10423743343841,1000610
17,2026-07-14 21:25:29,"ntc1_C",-4.10564630459794,1001261
17,2026-07-14 21:25:29,"ntc2_C",-4.12071866619186,1001480
17,2026-07-14 21:25:29,"testSB_C",-4.14967045947884,1005690
18,2026-07-14 21:25:29,"ntc1_C",-4.104184660572,1004281
18,2026-07-14 21:25:29,"ntc2_C",-4.11156765161559,1002109
18,2026-07-14 21:25:29,"testSB_C",-4.10628291582964,1001054
19,2026-07-14 21:25:29,"ntc1_C",-4.06787155575336,1002454
19,2026-07-14 21:25:29,"ntc2_C",-4.10898098912713,1003065
19,2026-07-14 21:25:29,"testSB_C",-4.07582982603179,1003097
20,2026-07-14 21:25:29,"ntc1_C",-4.10442293332261,1002148
20,2026-07-14 21:25:29,"ntc2_C",-4.07557264714569,1002656
20,2026-07-14 21:25:29,"testSB_C",-4.04774659265792,998468
21,2026-07-14 21:25:29,"ntc1_C",-4.09662971925917,1000121
21,2026-07-14 21:25:29,"ntc2_C",-4.1075554815323,1002874
21,2026-07-14 21:25:29,"testSB_C",-4.14809224275996,1004639
22,2026-07-14 21:25:29,"ntc1_C",-4.10620604401436,1003138
22,2026-07-14 21:25:29,"ntc2_C",-4.07413309556455,1002966
22,2026-07-14 21:25:29,"testSB_C",-4.15766265633073,1003525
23,2026-07-14 21:25:29,"ntc1_C",-4.18764873990733,1008503
23,2026-07-14 21:25:29,"ntc2_C",-4.15033160537075,1004471
23,2026-07-14 21:25:29,"testSB_C",-4.23326795418626,1006165
24,2026-07-14 21:25:29,"ntc1_C",-4.20816210687207,1007283
24,2026-07-14 21:25:29,"ntc2_C",-4.2421824760599,1010229
24,2026-07-14 21:25:29,"testSB_C",-4.27317160581714,1007766
1,2026-07-15 00:24:57,"ntc1_C",-13.1974718855341,1448915
1,2026-07-15 00:24:57,"testSB_C",-13.1920461823559,1451670
2,2026-07-15 00:24:57,"ntc1_C",-13.1483079657938,1448221
2,2026-07-15 00:24:57,"ntc2_C",-13.1292382036031,1446684
2,2026-07-15 00:24:57,"testSB_C",-13.1479269059394,1450636
3,2026-07-15 00:24:57,"ntc1_C",-13.110516689936,1448226
3,2026-07-15 00:24:57,"ntc2_C",-13.086168344627,1445478
3,2026-07-15 00:24:57,"testSB_C",-13.0702695899162,1443861
4,2026-07-15 00:24:57,"ntc1_C",-13.0841817091317,1446063
4,2026-07-15 00:24:57,"ntc2_C",-13.0794155013176,1442331
4,2026-07-15 00:24:57,"testSB_C",-13.0481592643638,1440742
5,2026-07-15 00:24:57,"ntc1_C",-13.0072915958198,1438704
5,2026-07-15 00:24:57,"ntc2_C",-13.0335522360515,1441976
5,2026-07-15 00:24:57,"testSB_C",-13.00307297553,1441358
6,2026-07-15 00:24:57,"ntc1_C",-12.9869246196654,1438076
6,2026-07-15 00:24:57,"ntc2_C",-13.0243252895685,1442121
6,2026-07-15 00:24:57,"testSB_C",-13.0028457909273,1441100
7,2026-07-15 00:24:57,"ntc1_C",-12.9635326127741,1436833
7,2026-07-15 00:24:57,"ntc2_C",-13.0072577681121,1441837
7,2026-07-15 00:24:57,"testSB_C",-12.9766894548583,1439928
8,2026-07-15 00:24:57,"ntc1_C",-12.9472941026224,1441130
8,2026-07-15 00:24:57,"ntc2_C",-12.9227521950525,1433993
8,2026-07-15 00:24:57,"testSB_C",-12.953717382505,1433284
9,2026-07-15 00:24:57,"ntc1_C",-12.8913414772319,1431691
9,2026-07-15 00:24:57,"ntc2_C",-12.9331083197632,1439286
9,2026-07-15 00:24:57,"testSB_C",-12.9100324505164,1435557
10,2026-07-15 00:24:57,"ntc1_C",-12.8889339352968,1434793
10,2026-07-15 00:24:57,"ntc2_C",-12.9301001025661,1433677
10,2026-07-15 00:24:57,"testSB_C",-12.9038827507524,1433244
11,2026-07-15 00:24:57,"ntc1_C",-12.8957769831039,1435458
11,2026-07-15 00:24:57,"ntc2_C",-12.92736825156,1436820
11,2026-07-15 00:24:57,"testSB_C",-12.8805901904745,1432095
12,2026-07-15 00:24:57,"ntc1_C",-12.9128093868235,1435315
12,2026-07-15 00:24:57,"ntc2_C",-12.883191124271,1432786
12,2026-07-15 00:24:57,"testSB_C",-12.8769719096918,1432282
13,2026-07-15 00:24:57,"ntc1_C",-12.8786701128791,1437488
13,2026-07-15 00:24:57,"ntc2_C",-12.8680075064206,1429731
13,2026-07-15 00:24:57,"testSB_C",-12.8326944012882,1429929
14,2026-07-15 00:24:57,"ntc1_C",-12.8469114858566,1429187
14,2026-07-15 00:24:57,"ntc2_C",-12.8433432863618,1432409
14,2026-07-15 00:24:57,"testSB_C",-12.8387889327759,1432044
15,2026-07-15 00:24:57,"ntc1_C",-12.8247647692682,1426738
15,2026-07-15 00:24:57,"ntc2_C",-12.8233549458782,1431764
15,2026-07-15 00:24:57,"testSB_C",-12.8480221176658,1433470
16,2026-07-15 00:24:57,"ntc1_C",-12.7831689816855,1426008
16,2026-07-15 00:24:57,"ntc2_C",-12.8289396323959,1427903
16,2026-07-15 00:24:57,"testSB_C",-12.7598288993416,1423829
17,2026-07-15 00:24:57,"ntc1_C",-12.8009482233505,1426920
17,2026-07-15 00:24:57,"ntc2_C",-12.7479877319895,1423099
17,2026-07-15 00:24:57,"testSB_C",-12.71612500331,1425638
18,2026-07-15 00:24:57,"ntc1_C",-12.7393949773417,1427456
18,2026-07-15 00:24:57,"ntc2_C",-12.7319218861343,1423309
18,2026-07-15 00:24:57,"testSB_C",-12.6906360589708,1420312
19,2026-07-15 00:24:57,"ntc1_C",-12.6926635003356,1424472
19,2026-07-15 00:24:57,"ntc2_C",-12.7148769273282,1424317
19,2026-07-15 00:24:57,"testSB_C",-12.6737687389041,1423912
20,2026-07-15 00:24:57,"ntc1_C",-12.6991215036505,1422454
20,2026-07-15 00:24:57,"ntc2_C",-12.701121023073,1424911
20,2026-07-15 00:24:57,"testSB_C",-12.6575558289468,1417970
21,2026-07-15 00:24:57,"ntc1_C",-12.6594038655522,1417191
21,2026-07-15 00:24:57,"ntc2_C",-12.6813944182982,1422107
21,2026-07-15 00:24:57,"testSB_C",-12.6209340236674,1418832
22,2026-07-15 00:24:57,"ntc1_C",-12.6174790609996,1418865
22,2026-07-15 00:24:57,"ntc2_C",-12.6391259046235,1421470
22,2026-07-15 00:24:57,"testSB_C",-12.616030262072,1416361
23,2026-07-15 00:24:57,"ntc1_C",-12.6410208703969,1422995
23,2026-07-15 00:24:57,"ntc2_C",-12.6151133877339,1418051
23,2026-07-15 00:24:57,"testSB_C",-12.6310446682366,1416185
24,2026-07-15 00:24:57,"ntc1_C",-12.6115879423722,1418592
24,2026-07-15 00:24:57,"ntc2_C",-12.6126473544546,1420722
24,2026-07-15 00:24:57,"testSB_C",-12.5771898197317,1413355
1,2026-07-15 03:24:57,"ntc1_C",-15.0752352382814,1564309
1,2026-07-15 03:24:57,"testSB_C",-15.052975791723,1566150
2,2026-07-15 03:24:57,"ntc1_C",-14.9912874976222,1561324
2,2026-07-15 03:24:57,"ntc2_C",-15.0049759273243,1561744
2,2026-07-15 03:24:57,"testSB_C",-14.9916457313558,1563841
3,2026-07-15 03:24:57,"ntc1_C",-14.9301818000279,1559770
3,2026-07-15 03:24:57,"ntc2_C",-14.9122539621203,1557270
3,2026-07-15 03:24:57,"testSB_C",-14.917742982832,1556836
4,2026-07-15 03:24:57,"ntc1_C",-14.90715857149,1557695
4,2026-07-15 03:24:57,"ntc2_C",-14.8960095665211,1553256
4,2026-07-15 03:24:57,"testSB_C",-14.9166539544739,1554830
5,2026-07-15 03:24:57,"ntc1_C",-14.9105366578464,1554896
5,2026-07-15 03:24:57,"ntc2_C",-14.8603311864441,1553517
5,2026-07-15 03:24:57,"testSB_C",-14.8808783853862,1556096
6,2026-07-15 03:24:57,"ntc1_C",-14.8809544911038,1553515
6,2026-07-15 03:24:57,"ntc2_C",-14.851526265066,1553722
6,2026-07-15 03:24:57,"testSB_C",-14.8764959846924,1555527
7,2026-07-15 03:24:57,"ntc1_C",-14.8323387641321,1550686
7,2026-07-15 03:24:57,"ntc2_C",-14.8254325234225,1552865
7,2026-07-15 03:24:57,"testSB_C",-14.826164415624,1552742
8,2026-07-15 03:24:57,"ntc1_C",-14.8227792076825,1555717
8,2026-07-15 03:24:57,"ntc2_C",-14.7791065577405,1546811
8,2026-07-15 03:24:57,"testSB_C",-14.7967698944485,1545212
9,2026-07-15 03:24:57,"ntc1_C",-14.7758039315511,1546072
9,2026-07-15 03:24:57,"ntc2_C",-14.7774314667311,1551793
9,2026-07-15 03:24:57,"testSB_C",-14.7762441074726,1549145
10,2026-07-15 03:24:57,"ntc1_C",-14.7503774967878,1547948
10,2026-07-15 03:24:57,"ntc2_C",-14.7189682216119,1542217
10,2026-07-15 03:24:57,"testSB_C",-14.7777933678063,1547126
11,2026-07-15 03:24:57,"ntc1_C",-14.7349484290193,1547255
11,2026-07-15 03:24:57,"ntc2_C",-14.7174343772624,1545656
11,2026-07-15 03:24:57,"testSB_C",-14.7242950520958,1543944
12,2026-07-15 03:24:57,"ntc1_C",-14.7118174706104,1544576
12,2026-07-15 03:24:57,"ntc2_C",-14.6884569030867,1542255
12,2026-07-15 03:24:57,"testSB_C",-14.6970868175636,1542683
13,2026-07-15 03:24:57,"ntc1_C",-14.6637841932657,1546043
13,2026-07-15 03:24:57,"ntc2_C",-14.6481598213412,1537454
13,2026-07-15 03:24:57,"testSB_C",-14.6345856090926,1539003
14,2026-07-15 03:24:57,"ntc1_C",-14.61971575152,1536346
14,2026-07-15 03:24:57,"ntc2_C",-14.5927502549101,1538328
14,2026-07-15 03:24:57,"testSB_C",-14.5878791672365,1537939
15,2026-07-15 03:24:57,"ntc1_C",-14.5650032733885,1531670
15,2026-07-15 03:24:57,"ntc2_C",-14.563160190913,1537092
15,2026-07-15 03:24:57,"testSB_C",-14.5539904749901,1536787
16,2026-07-15 03:24:57,"ntc1_C",-14.5487933412032,1532532
16,2026-07-15 03:24:57,"ntc2_C",-14.5099370146863,1529305
16,2026-07-15 03:24:57,"testSB_C",-14.5281459538039,1530392
17,2026-07-15 03:24:57,"ntc1_C",-14.5186411221022,1530509
17,2026-07-15 03:24:57,"ntc2_C",-14.5064857073505,1528915
17,2026-07-15 03:24:57,"testSB_C",-14.4907346426864,1532660
18,2026-07-15 03:24:57,"ntc1_C",-14.4573118755249,1531035
18,2026-07-15 03:24:57,"ntc2_C",-14.4429510482906,1526127
18,2026-07-15 03:24:57,"testSB_C",-14.4777116056414,1527774
19,2026-07-15 03:24:57,"ntc1_C",-14.5018740354442,1533591
19,2026-07-15 03:24:57,"ntc2_C",-14.4455495920631,1528533
19,2026-07-15 03:24:57,"testSB_C",-14.4404263107164,1530350
20,2026-07-15 03:24:57,"ntc1_C",-14.4446594273037,1527484
20,2026-07-15 03:24:57,"ntc2_C",-14.4242025412163,1528706
20,2026-07-15 03:24:57,"testSB_C",-14.4157750788978,1523442
21,2026-07-15 03:24:57,"ntc1_C",-14.4235993392729,1522890
21,2026-07-15 03:24:57,"ntc2_C",-14.3798753548706,1524147
21,2026-07-15 03:24:57,"testSB_C",-14.3860867211462,1524796
22,2026-07-15 03:24:57,"ntc1_C",-14.3845029681344,1524945
22,2026-07-15 03:24:57,"ntc2_C",-14.3618018078544,1524934
22,2026-07-15 03:24:57,"testSB_C",-14.3817639431437,1522185
23,2026-07-15 03:24:57,"ntc1_C",-14.3869699250139,1528024
23,2026-07-15 03:24:57,"ntc2_C",-14.3418101629484,1521561
23,2026-07-15 03:24:57,"testSB_C",-14.373253326479,1520407
24,2026-07-15 03:24:57,"ntc1_C",-14.3671935708395,1523950
24,2026-07-15 03:24:57,"ntc2_C",-14.3212955528367,1523292
24,2026-07-15 03:24:57,"testSB_C",-14.3242045108157,1517765
1,2026-07-15 06:24:57,"ntc1_C",-12.4717484996306,1406607
1,2026-07-15 06:24:57,"testSB_C",-12.5537255191412,1414339
2,2026-07-15 06:24:57,"ntc1_C",-12.7253768297019,1423430
2,2026-07-15 06:24:57,"ntc2_C",-12.8211438924981,1428603
2,2026-07-15 06:24:57,"testSB_C",-12.5827482888511,1417584
3,2026-07-15 06:24:57,"ntc1_C",-11.6153524073599,1362514
3,2026-07-15 06:24:57,"ntc2_C",-12.0532066515169,1385796
3,2026-07-15 06:24:57,"testSB_C",-12.1854919233599,1392667
4,2026-07-15 06:24:57,"ntc1_C",-11.6002056161327,1361071
4,2026-07-15 06:24:57,"ntc2_C",-11.5470491224214,1354893
4,2026-07-15 06:24:57,"testSB_C",-12.3008798270416,1397469
5,2026-07-15 06:24:57,"ntc1_C",-12.260879113699,1395519
5,2026-07-15 06:24:57,"ntc2_C",-11.9851071842913,1381580
5,2026-07-15 06:24:57,"testSB_C",-12.2632690772917,1398489
6,2026-07-15 06:24:57,"ntc1_C",-12.1974241827747,1392501
6,2026-07-15 06:24:57,"ntc2_C",-11.8350341737997,1373784
6,2026-07-15 06:24:57,"testSB_C",-12.3764750815499,1404735
7,2026-07-15 06:24:57,"ntc1_C",-12.1868791513144,1391988
7,2026-07-15 06:24:57,"ntc2_C",-11.4803397037581,1354700
7,2026-07-15 06:24:57,"testSB_C",-12.3750406533899,1405007
8,2026-07-15 06:24:57,"ntc1_C",-12.3338493252201,1405493
8,2026-07-15 06:24:57,"ntc2_C",-12.329345047415,1399677
8,2026-07-15 06:24:57,"testSB_C",-11.6263717789663,1357691
9,2026-07-15 06:24:57,"ntc1_C",-12.3152872414905,1398428
9,2026-07-15 06:24:57,"ntc2_C",-12.0474539423308,1388167
9,2026-07-15 06:24:57,"testSB_C",-12.2605703816945,1397993
10,2026-07-15 06:24:57,"ntc1_C",-12.3287184100143,1402369
10,2026-07-15 06:24:57,"ntc2_C",-11.7803177450753,1367947
10,2026-07-15 06:24:57,"testSB_C",-12.252995345172,1395663
11,2026-07-15 06:24:57,"ntc1_C",-12.4346011590087,1408702
11,2026-07-15 06:24:57,"ntc2_C",-11.9138455293499,1378601
11,2026-07-15 06:24:57,"testSB_C",-12.1498358542948,1390019
12,2026-07-15 06:24:57,"ntc1_C",-11.3082785753411,1344354
12,2026-07-15 06:24:57,"ntc2_C",-11.8634737348448,1374392
12,2026-07-15 06:24:57,"testSB_C",-12.0568279236217,1385129
13,2026-07-15 06:24:57,"ntc1_C",-11.9662548724696,1384953
13,2026-07-15 06:24:57,"ntc2_C",-11.874156855447,1372880
13,2026-07-15 06:24:57,"testSB_C",-12.1225696424088,1389078
14,2026-07-15 06:24:57,"ntc1_C",-12.109609210134,1386832
14,2026-07-15 06:24:57,"ntc2_C",-11.8529151626298,1375681
14,2026-07-15 06:24:57,"testSB_C",-12.0597459772875,1387234
15,2026-07-15 06:24:57,"ntc1_C",-12.1370405793088,1387263
15,2026-07-15 06:24:57,"ntc2_C",-11.6781970688052,1366375
15,2026-07-15 06:24:57,"testSB_C",-11.5025596987675,1356870
16,2026-07-15 06:24:57,"ntc1_C",-12.1315384330044,1388576
16,2026-07-15 06:24:57,"ntc2_C",-12.1427521760884,1388452
16,2026-07-15 06:24:57,"testSB_C",-11.9161167611032,1375611
17,2026-07-15 06:24:57,"ntc1_C",-12.0828913705969,1385704
17,2026-07-15 06:24:57,"ntc2_C",-12.068043802745,1384159
17,2026-07-15 06:24:57,"testSB_C",-12.3166255737223,1402585
18,2026-07-15 06:24:57,"ntc1_C",-12.1563372294736,1393904
18,2026-07-15 06:24:57,"ntc2_C",-11.7908315000107,1369718
18,2026-07-15 06:24:57,"testSB_C",-12.1289542408152,1388110
19,2026-07-15 06:24:57,"ntc1_C",-12.1283381195431,1392037
19,2026-07-15 06:24:57,"ntc2_C",-12.0308153552542,1385095
19,2026-07-15 06:24:57,"testSB_C",-12.0240561899182,1386642
20,2026-07-15 06:24:57,"ntc1_C",-11.9917100386851,1381957
20,2026-07-15 06:24:57,"ntc2_C",-11.5215603184538,1357920
20,2026-07-15 06:24:57,"testSB_C",-11.8369356994978,1371255
21,2026-07-15 06:24:57,"ntc1_C",-12.062856103454,1383123
21,2026-07-15 06:24:57,"ntc2_C",-11.4791962770163,1354010
21,2026-07-15 06:24:57,"testSB_C",-12.2416516523684,1397034
22,2026-07-15 06:24:57,"ntc1_C",-12.024262921707,1384920
22,2026-07-15 06:24:57,"ntc2_C",-11.67694577241,1366747
22,2026-07-15 06:24:57,"testSB_C",-12.0967596587955,1386653
23,2026-07-15 06:24:57,"ntc1_C",-11.8462821231806,1377589
23,2026-07-15 06:24:57,"ntc2_C",-11.6811937445328,1365011
23,2026-07-15 06:24:57,"testSB_C",-12.1178202932512,1386855
24,2026-07-15 06:24:57,"ntc1_C",-12.0630940598711,1387181
24,2026-07-15 06:24:57,"ntc2_C",-11.7512599474528,1371642
24,2026-07-15 06:24:57,"testSB_C",-11.9772289307159,1379169
1,2026-07-15 09:24:57,"ntc1_C",-8.41944625894956,1192139
1,2026-07-15 09:24:57,"testSB_C",-8.55801641119814,1201556
2,2026-07-15 09:24:57,"ntc1_C",-9.03069277118806,1224142
2,2026-07-15 09:24:57,"ntc2_C",-8.9697869944464,1220777
2,2026-07-15 09:24:57,"testSB_C",-8.9870776799296,1224258
3,2026-07-15 09:24:57,"ntc1_C",-7.28335924263774,1141907
3,2026-07-15 09:24:57,"ntc2_C",-7.81441385813099,1165707
3,2026-07-15 09:24:57,"testSB_C",-8.03580062014089,1175832
4,2026-07-15 09:24:57,"ntc1_C",-7.3191696281213,1143004
4,2026-07-15 09:24:57,"ntc2_C",-7.16808153674464,1133336
4,2026-07-15 09:24:57,"testSB_C",-8.19358185145154,1181886
5,2026-07-15 09:24:57,"ntc1_C",-8.06410233357445,1175836
5,2026-07-15 09:24:57,"ntc2_C",-7.88506150349247,1168818
5,2026-07-15 09:24:57,"testSB_C",-8.15853715565129,1182851
6,2026-07-15 09:24:57,"ntc1_C",-8.2192519804957,1183978
6,2026-07-15 09:24:57,"ntc2_C",-7.68996147434302,1160050
6,2026-07-15 09:24:57,"testSB_C",-8.36108437696356,1192497
7,2026-07-15 09:24:57,"ntc1_C",-8.08724311475856,1177539
7,2026-07-15 09:24:57,"ntc2_C",-7.38267549781733,1146160
7,2026-07-15 09:24:57,"testSB_C",-8.37960474424762,1193694
8,2026-07-15 09:24:57,"ntc1_C",-8.3055335611424,1192444
8,2026-07-15 09:24:57,"ntc2_C",-8.23284501540593,1184231
8,2026-07-15 09:24:57,"testSB_C",-7.50611619218608,1147658
9,2026-07-15 09:24:57,"ntc1_C",-8.32153634787585,1188187
9,2026-07-15 09:24:57,"ntc2_C",-7.93517216093761,1173683
9,2026-07-15 09:24:57,"testSB_C",-8.23632298438554,1186253
10,2026-07-15 09:24:57,"ntc1_C",-8.29502734955986,1189617
10,2026-07-15 09:24:57,"ntc2_C",-7.75983713457077,1161028
10,2026-07-15 09:24:57,"testSB_C",-8.38517966537779,1191877
11,2026-07-15 09:24:57,"ntc1_C",-8.43190149450504,1196511
11,2026-07-15 09:24:57,"ntc2_C",-7.92702820766431,1171690
11,2026-07-15 09:24:57,"testSB_C",-8.2132493464282,1183812
12,2026-07-15 09:24:57,"ntc1_C",-7.28522927344011,1140991
12,2026-07-15 09:24:57,"ntc2_C",-7.80383641888835,1164685
12,2026-07-15 09:24:57,"testSB_C",-8.07992796704048,1177676
13,2026-07-15 09:24:57,"ntc1_C",-8.19144575728393,1187310
13,2026-07-15 09:24:57,"ntc2_C",-7.68467395708143,1157163
13,2026-07-15 09:24:57,"testSB_C",-8.14089199458317,1180792
14,2026-07-15 09:24:57,"ntc1_C",-8.20504194124686,1182666
14,2026-07-15 09:24:57,"ntc2_C",-7.82829394199882,1167462
14,2026-07-15 09:24:57,"testSB_C",-8.22554941944088,1186374
15,2026-07-15 09:24:57,"ntc1_C",-8.44661431345105,1193421
15,2026-07-15 09:24:57,"ntc2_C",-7.67326989555295,1160419
15,2026-07-15 09:24:57,"testSB_C",-7.69515051781389,1161683
16,2026-07-15 09:24:57,"ntc1_C",-8.49216062687253,1196935
16,2026-07-15 09:24:57,"ntc2_C",-8.27032678529889,1185467
16,2026-07-15 09:24:57,"testSB_C",-8.25754500675293,1184796
17,2026-07-15 09:24:57,"ntc1_C",-8.32732840709434,1188826
17,2026-07-15 09:24:57,"ntc2_C",-8.21760229123083,1182986
17,2026-07-15 09:24:57,"testSB_C",-8.53430206229189,1202023
18,2026-07-15 09:24:57,"ntc1_C",-8.42386108120081,1197083
18,2026-07-15 09:24:57,"ntc2_C",-7.93430636353304,1170476
18,2026-07-15 09:24:57,"testSB_C",-8.23949329638674,1184353
19,2026-07-15 09:24:57,"ntc1_C",-8.31223221538903,1191325
19,2026-07-15 09:24:57,"ntc2_C",-8.22861262258897,1186040
19,2026-07-15 09:24:57,"testSB_C",-8.11025559996312,1181966
20,2026-07-15 09:24:57,"ntc1_C",-8.20971643901208,1184296
20,2026-07-15 09:24:57,"ntc2_C",-7.33996447623656,1144959
20,2026-07-15 09:24:57,"testSB_C",-7.80305189788515,1163171
21,2026-07-15 09:24:57,"ntc1_C",-8.20429529016957,1181788
21,2026-07-15 09:24:57,"ntc2_C",-7.4504396729838,1148841
21,2026-07-15 09:24:57,"testSB_C",-8.30952544354602,1189929
22,2026-07-15 09:24:57,"ntc1_C",-8.24407825974089,1186969
22,2026-07-15 09:24:57,"ntc2_C",-7.45887864801125,1150807
22,2026-07-15 09:24:57,"testSB_C",-8.12877031988205,1179382
23,2026-07-15 09:24:57,"ntc1_C",-7.78217888116126,1167177
23,2026-07-15 09:24:57,"ntc2_C",-7.52042095254092,1151943
23,2026-07-15 09:24:57,"testSB_C",-8.09201100246435,1176960
24,2026-07-15 09:24:57,"ntc1_C",-8.08638563838144,1179395
24,2026-07-15 09:24:57,"ntc2_C",-7.74799291563164,1164993
24,2026-07-15 09:24:57,"testSB_C",-8.0524579210587,1175142
1,2026-07-15 12:24:57,"ntc1_C",-3.76847608491119,986663
1,2026-07-15 12:24:57,"testSB_C",-3.75928595069161,988583
2,2026-07-15 12:24:57,"ntc1_C",-4.10762236757245,1001899
2,2026-07-15 12:24:57,"ntc2_C",-3.99787557156435,997204
2,2026-07-15 12:24:57,"testSB_C",-3.8997219220139,995582
3,2026-07-15 12:24:57,"ntc1_C",-2.56053576910944,942729
3,2026-07-15 12:24:57,"ntc2_C",-2.98424522523101,957988
3,2026-07-15 12:24:57,"testSB_C",-3.16613222132469,964810
4,2026-07-15 12:24:57,"ntc1_C",-2.75381979388516,949605
4,2026-07-15 12:24:57,"ntc2_C",-2.66357690274378,943980
4,2026-07-15 12:24:57,"testSB_C",-3.29377688017962,968536
5,2026-07-15 12:24:57,"ntc1_C",-3.29860611628834,968758
5,2026-07-15 12:24:57,"ntc2_C",-3.10543392823428,962575
5,2026-07-15 12:24:57,"testSB_C",-3.21380895423175,967542
6,2026-07-15 12:24:57,"ntc1_C",-3.41533734319893,974070
6,2026-07-15 12:24:57,"ntc2_C",-3.02258085370232,959686
6,2026-07-15 12:24:57,"testSB_C",-3.34752755530644,972689
7,2026-07-15 12:24:57,"ntc1_C",-3.23655439249984,966832
7,2026-07-15 12:24:57,"ntc2_C",-2.81066928516248,951928
7,2026-07-15 12:24:57,"testSB_C",-3.38274475513623,974331
8,2026-07-15 12:24:57,"ntc1_C",-3.3741107400117,975832
8,2026-07-15 12:24:57,"ntc2_C",-3.35489768093987,971276
8,2026-07-15 12:24:57,"testSB_C",-2.86168011958466,950410
9,2026-07-15 12:24:57,"ntc1_C",-3.37498635760625,971840
9,2026-07-15 12:24:57,"ntc2_C",-3.02367934213419,961304
9,2026-07-15 12:24:57,"testSB_C",-3.34996919993176,972548
10,2026-07-15 12:24:57,"ntc1_C",-3.33297482449603,972404
10,2026-07-15 12:24:57,"ntc2_C",-2.93553421238261,954440
10,2026-07-15 12:24:57,"testSB_C",-3.28299567586248,968637
11,2026-07-15 12:24:57,"ntc1_C",-3.46867975984401,977984
11,2026-07-15 12:24:57,"ntc2_C",-2.95643928131767,957495
11,2026-07-15 12:24:57,"testSB_C",-3.19555224716993,965509
12,2026-07-15 12:24:57,"ntc1_C",-2.62335792812507,944315
12,2026-07-15 12:24:57,"ntc2_C",-2.91551199757663,954993
12,2026-07-15 12:24:57,"testSB_C",-3.10243290484294,962048
13,2026-07-15 12:24:57,"ntc1_C",-3.04404838042785,963244
13,2026-07-15 12:24:57,"ntc2_C",-2.69743757049559,944968
13,2026-07-15 12:24:57,"testSB_C",-3.09089098825757,961719
14,2026-07-15 12:24:57,"ntc1_C",-3.09679654444847,961049
14,2026-07-15 12:24:57,"ntc2_C",-2.78252858480596,951190
14,2026-07-15 12:24:57,"testSB_C",-3.11774354918134,964021
15,2026-07-15 12:24:57,"ntc1_C",-3.21323448926296,964858
15,2026-07-15 12:24:57,"ntc2_C",-2.87657492048766,954987
15,2026-07-15 12:24:57,"testSB_C",-2.76816476705523,950990
16,2026-07-15 12:24:57,"ntc1_C",-3.33655647700692,970610
16,2026-07-15 12:24:57,"ntc2_C",-3.06250285541864,959298
16,2026-07-15 12:24:57,"testSB_C",-3.14661478021128,962516
17,2026-07-15 12:24:57,"ntc1_C",-3.06973997159309,960101
17,2026-07-15 12:24:57,"ntc2_C",-3.04959576584974,958956
17,2026-07-15 12:24:57,"testSB_C",-3.31092956133983,972079
18,2026-07-15 12:24:57,"ntc1_C",-3.17353836122436,967126
18,2026-07-15 12:24:57,"ntc2_C",-3.05125686493028,960003
18,2026-07-15 12:24:57,"testSB_C",-3.17464652639291,963955
19,2026-07-15 12:24:57,"ntc1_C",-3.18313002209408,967150
19,2026-07-15 12:24:57,"ntc2_C",-3.13879049712364,964390
19,2026-07-15 12:24:57,"testSB_C",-3.06330471818927,962770
20,2026-07-15 12:24:57,"ntc1_C",-3.10673290738703,962430
20,2026-07-15 12:24:57,"ntc2_C",-2.68502707085287,947730
20,2026-07-15 12:24:57,"testSB_C",-2.81705553627535,949912
21,2026-07-15 12:24:57,"ntc1_C",-3.19570513865398,964298
21,2026-07-15 12:24:57,"ntc2_C",-2.82662655665376,952162
21,2026-07-15 12:24:57,"testSB_C",-3.43015530899095,975823
22,2026-07-15 12:24:57,"ntc1_C",-3.2526581448268,969037
22,2026-07-15 12:24:57,"ntc2_C",-2.71100426759057,949128
22,2026-07-15 12:24:57,"testSB_C",-3.40280501609294,973294
23,2026-07-15 12:24:57,"ntc1_C",-3.19955333314527,968924
23,2026-07-15 12:24:57,"ntc2_C",-2.86958032392567,953688
23,2026-07-15 12:24:57,"testSB_C",-3.24194392422407,966578
24,2026-07-15 12:24:57,"ntc1_C",-3.18749098773287,966460
24,2026-07-15 12:24:57,"ntc2_C",-2.99903671738713,960604
24,2026-07-15 12:24:57,"testSB_C",-3.28549681268839,968233
1,2026-07-15 15:24:57,"ntc1_C",-1.26605964243709,891696
1,2026-07-15 15:24:57,"testSB_C",-1.31399745200855,895539
2,2026-07-15 15:24:57,"ntc1_C",-1.32282434629394,895140
2,2026-07-15 15:24:57,"ntc2_C",-1.05866496877877,885447
2,2026-07-15 15:24:57,"testSB_C",-1.09762115155644,889027
3,2026-07-15 15:24:57,"ntc1_C",-0.243446415742483,858609
3,2026-07-15 15:24:57,"ntc2_C",-0.347785657798795,861250
3,2026-07-15 15:24:57,"testSB_C",-0.187227722649709,855533
4,2026-07-15 15:24:57,"ntc1_C",-0.402614510496278,863633
4,2026-07-15 15:24:57,"ntc2_C",-0.323339333193189,858938
4,2026-07-15 15:24:57,"testSB_C",-0.314436830906743,858791
5,2026-07-15 15:24:57,"ntc1_C",-0.385937921695074,861235
5,2026-07-15 15:24:57,"ntc2_C",-0.486524757285963,866014
5,2026-07-15 15:24:57,"testSB_C",-0.219499401589985,857390
6,2026-07-15 15:24:57,"ntc1_C",-0.52862683544663,866919
6,2026-07-15 15:24:57,"ntc2_C",-0.469087124404325,865669
6,2026-07-15 15:24:57,"testSB_C",-0.341031736296827,861505
7,2026-07-15 15:24:57,"ntc1_C",-0.314048359388039,859206
7,2026-07-15 15:24:57,"ntc2_C",-0.512223288540326,867569
7,2026-07-15 15:24:57,"testSB_C",-0.32579859755009,861217
8,2026-07-15 15:24:57,"ntc1_C",-0.434266263373672,866577
8,2026-07-15 15:24:57,"ntc2_C",-0.298897031725744,858550
8,2026-07-15 15:24:57,"testSB_C",-0.323521040470894,857896
9,2026-07-15 15:24:57,"ntc1_C",-0.40598922612935,862081
9,2026-07-15 15:24:57,"ntc2_C",-0.202182585773301,857806
9,2026-07-15 15:24:57,"testSB_C",-0.384458806373289,862779
10,2026-07-15 15:24:57,"ntc1_C",-0.352396939000869,862175
10,2026-07-15 15:24:57,"ntc2_C",-0.421018523502312,862334
10,2026-07-15 15:24:57,"testSB_C",-0.397773007026274,862108
11,2026-07-15 15:24:57,"ntc1_C",-0.431395896719039,865132
11,2026-07-15 15:24:57,"ntc2_C",-0.275055957840948,859306
11,2026-07-15 15:24:57,"testSB_C",-0.322379284499732,859808
12,2026-07-15 15:24:57,"ntc1_C",-0.386118048990284,862823
12,2026-07-15 15:24:57,"ntc2_C",-0.289428454433278,858979
12,2026-07-15 15:24:57,"testSB_C",-0.350229106392476,860890
13,2026-07-15 15:24:57,"ntc1_C",-0.346140485221213,863840
13,2026-07-15 15:24:57,"ntc2_C",-0.0685057087015934,849855
13,2026-07-15 15:24:57,"testSB_C",-0.208444385859025,856069
14,2026-07-15 15:24:57,"ntc1_C",-0.0630932356505696,850331
14,2026-07-15 15:24:57,"ntc2_C",-0.158242282153708,855638
14,2026-07-15 15:24:57,"testSB_C",-0.282269863146098,859758
15,2026-07-15 15:24:57,"ntc1_C",-0.265692872358329,856661
15,2026-07-15 15:24:57,"ntc2_C",-0.290445112770612,860323
15,2026-07-15 15:24:57,"testSB_C",-0.339368887939202,862178
16,2026-07-15 15:24:57,"ntc1_C",-0.370697068373886,861040
16,2026-07-15 15:24:57,"ntc2_C",-0.120545552900069,851864
16,2026-07-15 15:24:57,"testSB_C",-0.215491688223494,855071
17,2026-07-15 15:24:57,"ntc1_C",-0.10672040895605,851859
17,2026-07-15 15:24:57,"ntc2_C",-0.215469078706747,855305
17,2026-07-15 15:24:57,"testSB_C",-0.276175308976917,859958
18,2026-07-15 15:24:57,"ntc1_C",-0.157346819358509,856279
18,2026-07-15 15:24:57,"ntc2_C",-0.511250060478005,866490
18,2026-07-15 15:24:57,"testSB_C",-0.317379599077185,858885
19,2026-07-15 15:24:57,"ntc1_C",-0.234409561425991,858587
19,2026-07-15 15:24:57,"ntc2_C",-0.358588145788019,861963
19,2026-07-15 15:24:57,"testSB_C",-0.283554008650299,860544
20,2026-07-15 15:24:57,"ntc1_C",-0.124864990931371,853245
20,2026-07-15 15:24:57,"ntc2_C",-0.306053103375007,860942
20,2026-07-15 15:24:57,"testSB_C",0.0988072606348851,844484
21,2026-07-15 15:24:57,"ntc1_C",-0.179158129426241,853821
21,2026-07-15 15:24:57,"ntc2_C",-0.438955443873965,864667
21,2026-07-15 15:24:57,"testSB_C",-0.43582659971031,864647
22,2026-07-15 15:24:57,"ntc1_C",-0.223416113116741,857493
22,2026-07-15 15:24:57,"ntc2_C",-0.172607257618381,856791
22,2026-07-15 15:24:57,"testSB_C",-0.524850710819976,866508
23,2026-07-15 15:24:57,"ntc1_C",-0.53272430404968,870000
23,2026-07-15 15:24:57,"ntc2_C",-0.246348316599097,857887
23,2026-07-15 15:24:57,"testSB_C",-0.421910749581002,862634
24,2026-07-15 15:24:57,"ntc1_C",-0.172505357914247,855674
24,2026-07-15 15:24:57,"ntc2_C",-0.407093449087881,865162
24,2026-07-15 15:24:57,"testSB_C",-0.368733905801321,860681
1,2026-07-15 18:24:57,"ntc1_C",-1.89428099765291,914598
1,2026-07-15 18:24:57,"testSB_C",-2.09620448663799,924260
2,2026-07-15 18:24:57,"ntc1_C",-1.89042645379914,915890
2,2026-07-15 18:24:57,"ntc2_C",-1.40443040052861,897883
2,2026-07-15 18:24:57,"testSB_C",-1.96820975922645,920790
3,2026-07-15 18:24:57,"ntc1_C",-0.938886726414296,882994
3,2026-07-15 18:24:57,"ntc2_C",-0.873131137770542,879673
3,2026-07-15 18:24:57,"testSB_C",-0.383647349806097,862321
4,2026-07-15 18:24:57,"ntc1_C",-0.898177490593582,881047
4,2026-07-15 18:24:57,"ntc2_C",-0.794913694266484,875402
4,2026-07-15 18:24:57,"testSB_C",-0.434973891230698,862967
5,2026-07-15 18:24:57,"ntc1_C",-0.452939964429447,863562
5,2026-07-15 18:24:57,"ntc2_C",-0.812823143848334,877468
5,2026-07-15 18:24:57,"testSB_C",-0.505241516530248,867308
6,2026-07-15 18:24:57,"ntc1_C",-0.632712617814832,870559
6,2026-07-15 18:24:57,"ntc2_C",-0.842076898003199,878775
6,2026-07-15 18:24:57,"testSB_C",-0.469251363078115,865963
7,2026-07-15 18:24:57,"ntc1_C",-0.390680475221984,861861
7,2026-07-15 18:24:57,"ntc2_C",-0.958492907778577,883311
7,2026-07-15 18:24:57,"testSB_C",-0.601626739216158,870832
8,2026-07-15 18:24:57,"ntc1_C",-0.537240922822377,870178
8,2026-07-15 18:24:57,"ntc2_C",-0.338695414396227,859926
8,2026-07-15 18:24:57,"testSB_C",-0.778565598686953,873757
9,2026-07-15 18:24:57,"ntc1_C",-0.353115606566291,860249
9,2026-07-15 18:24:57,"ntc2_C",-0.469201381468451,867078
9,2026-07-15 18:24:57,"testSB_C",-0.43171455118744,864422
10,2026-07-15 18:24:57,"ntc1_C",-0.396168663112746,863695
10,2026-07-15 18:24:57,"ntc2_C",-0.79425305026507,875392
10,2026-07-15 18:24:57,"testSB_C",-0.640780337569993,870586
11,2026-07-15 18:24:57,"ntc1_C",-0.465524262102633,866321
11,2026-07-15 18:24:57,"ntc2_C",-0.588510473459166,870216
11,2026-07-15 18:24:57,"testSB_C",-0.33261081416731,860162
12,2026-07-15 18:24:57,"ntc1_C",-0.809912495060303,877672
12,2026-07-15 18:24:57,"ntc2_C",-0.529385909568816,867315
12,2026-07-15 18:24:57,"testSB_C",-0.53498213824264,867317
13,2026-07-15 18:24:57,"ntc1_C",-0.492130299393523,868933
13,2026-07-15 18:24:57,"ntc2_C",-0.437950825275209,862589
13,2026-07-15 18:24:57,"testSB_C",-0.385097813291679,862179
14,2026-07-15 18:24:57,"ntc1_C",-0.146108234643236,853175
14,2026-07-15 18:24:57,"ntc2_C",-0.599723262562748,870978
14,2026-07-15 18:24:57,"testSB_C",-0.44168177381755,865293
15,2026-07-15 18:24:57,"ntc1_C",-0.479596199545995,864066
15,2026-07-15 18:24:57,"ntc2_C",-0.602178377857911,871191
15,2026-07-15 18:24:57,"testSB_C",-0.756056669029988,876772
16,2026-07-15 18:24:57,"ntc1_C",-0.478271388248288,864778
16,2026-07-15 18:24:57,"ntc2_C",-0.452910213349469,863340
16,2026-07-15 18:24:57,"testSB_C",-0.38179413844631,860816
17,2026-07-15 18:24:57,"ntc1_C",-0.309325544519481,858835
17,2026-07-15 18:24:57,"ntc2_C",-0.437116128202888,862970
17,2026-07-15 18:24:57,"testSB_C",-0.398846126031287,864216
18,2026-07-15 18:24:57,"ntc1_C",-0.363110697927311,863399
18,2026-07-15 18:24:57,"ntc2_C",-0.844550590039262,878195
18,2026-07-15 18:24:57,"testSB_C",-0.500738743978502,865252
19,2026-07-15 18:24:57,"ntc1_C",-0.400531103591618,864349
19,2026-07-15 18:24:57,"ntc2_C",-0.688623509138552,873500
19,2026-07-15 18:24:57,"testSB_C",-0.604164159876575,871729
20,2026-07-15 18:24:57,"ntc1_C",-0.200378741017744,855843
20,2026-07-15 18:24:57,"ntc2_C",-0.783083477613332,877650
20,2026-07-15 18:24:57,"testSB_C",-0.128647522756694,852247
21,2026-07-15 18:24:57,"ntc1_C",-0.288162931065926,857572
21,2026-07-15 18:24:57,"ntc2_C",-0.903183593316612,880992
21,2026-07-15 18:24:57,"testSB_C",-0.603573901484936,870509
22,2026-07-15 18:24:57,"ntc1_C",-0.240450502574902,858081
22,2026-07-15 18:24:57,"ntc2_C",-0.673660995165392,874238
22,2026-07-15 18:24:57,"testSB_C",-0.60797820917395,869413
23,2026-07-15 18:24:57,"ntc1_C",-0.725384475844805,876778
23,2026-07-15 18:24:57,"ntc2_C",-0.664136322622653,872440
23,2026-07-15 18:24:57,"testSB_C",-0.69192466834744,872057
24,2026-07-15 18:24:57,"ntc1_C",-0.330830923955261,861146
24,2026-07-15 18:24:57,"ntc2_C",-0.672841311723062,874472
24,2026-07-15 18:24:57,"testSB_C",-0.393374581396642,861535
1,2026-07-15 21:24:57,"ntc1_C",-7.94830531410662,1169456
1,2026-07-15 21:24:57,"testSB_C",-8.03400416813923,1176166
2,2026-07-15 21:24:57,"ntc1_C",-7.84766658177148,1166490
2,2026-07-15 21:24:57,"ntc2_C",-7.60198040175828,1154566
2,2026-07-15 21:24:57,"testSB_C",-7.92686805119246,1172514
3,2026-07-15 21:24:57,"ntc1_C",-6.93818017763874,1125975
3,2026-07-15 21:24:57,"ntc2_C",-6.98082762220361,1126790
3,2026-07-15 21:24:57,"testSB_C",-6.64540412021694,1111125
4,2026-07-15 21:24:57,"ntc1_C",-6.92408608822802,1124764
4,2026-07-15 21:24:57,"ntc2_C",-6.90417461983418,1121227
4,2026-07-15 21:24:57,"testSB_C",-6.64606112691223,1109711
5,2026-07-15 21:24:57,"ntc1_C",-6.66766204310659,1110811
5,2026-07-15 21:24:57,"ntc2_C",-6.89185761597662,1122493
5,2026-07-15 21:24:57,"testSB_C",-6.76272055859636,1117486
6,2026-07-15 21:24:57,"ntc1_C",-6.72660101053543,1114179
6,2026-07-15 21:24:57,"ntc2_C",-6.9403886739151,1125170
6,2026-07-15 21:24:57,"testSB_C",-6.73505773001301,1116091
7,2026-07-15 21:24:57,"ntc1_C",-6.55401366149965,1106248
7,2026-07-15 21:24:57,"ntc2_C",-6.96357629112936,1126763
7,2026-07-15 21:24:57,"testSB_C",-6.6441065848324,1112247
8,2026-07-15 21:24:57,"ntc1_C",-6.65747447497802,1115018
8,2026-07-15 21:24:57,"ntc2_C",-6.5691977435394,1106655
8,2026-07-15 21:24:57,"testSB_C",-6.75914050453525,1113281
9,2026-07-15 21:24:57,"ntc1_C",-6.54999657469881,1105500
9,2026-07-15 21:24:57,"ntc2_C",-6.69901882782483,1116039
9,2026-07-15 21:24:57,"testSB_C",-6.5901971772405,1109315
10,2026-07-15 21:24:57,"ntc1_C",-6.57143278588052,1108996
10,2026-07-15 21:24:57,"ntc2_C",-6.85043509276983,1118820
10,2026-07-15 21:24:57,"testSB_C",-6.70880134505126,1113201
11,2026-07-15 21:24:57,"ntc1_C",-6.60392362715055,1110696
11,2026-07-15 21:24:57,"ntc2_C",-6.71352999019769,1115205
11,2026-07-15 21:24:57,"testSB_C",-6.47081554048151,1102745
12,2026-07-15 21:24:57,"ntc1_C",-6.80396117112673,1118860
12,2026-07-15 21:24:57,"ntc2_C",-6.61332146922473,1109588
12,2026-07-15 21:24:57,"testSB_C",-6.64518714667457,1110839
13,2026-07-15 21:24:57,"ntc1_C",-6.55538756611031,1110789
13,2026-07-15 21:24:57,"ntc2_C",-6.6660903400076,1110142
13,2026-07-15 21:24:57,"testSB_C",-6.54182483111862,1106344
14,2026-07-15 21:24:57,"ntc1_C",-6.40945794970031,1099304
14,2026-07-15 21:24:57,"ntc2_C",-6.73743937032566,1116754
14,2026-07-15 21:24:57,"testSB_C",-6.526362438521,1107062
15,2026-07-15 21:24:57,"ntc1_C",-6.61844761846112,1107824
15,2026-07-15 21:24:57,"ntc2_C",-6.6170681451112,1111569
15,2026-07-15 21:24:57,"testSB_C",-6.69243249493547,1115204
16,2026-07-15 21:24:57,"ntc1_C",-6.49411141035148,1103377
16,2026-07-15 21:24:57,"ntc2_C",-6.61787321808686,1108285
16,2026-07-15 21:24:57,"testSB_C",-6.48209882653799,1102123
17,2026-07-15 21:24:57,"ntc1_C",-6.48001202417328,1102659
17,2026-07-15 21:24:57,"ntc2_C",-6.55968417474094,1105767
17,2026-07-15 21:24:57,"testSB_C",-6.53852192003461,1108182
18,2026-07-15 21:24:57,"ntc1_C",-6.48499939479603,1106225
18,2026-07-15 21:24:57,"ntc2_C",-6.71042666044758,1113614
18,2026-07-15 21:24:57,"testSB_C",-6.54018991909567,1105133
19,2026-07-15 21:24:57,"ntc1_C",-6.49252008438822,1106224
19,2026-07-15 21:24:57,"ntc2_C",-6.71447325413385,1115095
19,2026-07-15 21:24:57,"testSB_C",-6.65817919855721,1114080
20,2026-07-15 21:24:57,"ntc1_C",-6.31298752721602,1096240
20,2026-07-15 21:24:57,"ntc2_C",-6.69768755917602,1115401
20,2026-07-15 21:24:57,"testSB_C",-6.30807955771144,1094481
21,2026-07-15 21:24:57,"ntc1_C",-6.39161986110639,1097757
21,2026-07-15 21:24:57,"ntc2_C",-6.74481832494621,1116305
21,2026-07-15 21:24:57,"testSB_C",-6.60749371811363,1110224
22,2026-07-15 21:24:57,"ntc1_C",-6.30880990806685,1097018
22,2026-07-15 21:24:57,"ntc2_C",-6.64354969371669,1113253
22,2026-07-15 21:24:57,"testSB_C",-6.47588405614414,1102613
23,2026-07-15 21:24:57,"ntc1_C",-6.50280545490511,1107945
23,2026-07-15 21:24:57,"ntc2_C",-6.60515052665028,1109809
23,2026-07-15 21:24:57,"testSB_C",-6.62165097875936,1108607
24,2026-07-15 21:24:57,"ntc1_C",-6.41034053738468,1101572
24,2026-07-15 21:24:57,"ntc2_C",-6.51536951516812,1107970
24,2026-07-15 21:24:57,"testSB_C",-6.33760999551816,1095904
1,2026-07-16 00:24:57,"ntc1_C",-14.1620519370688,1507104
1,2026-07-16 00:24:57,"testSB_C",-14.1640204030039,1510396
2,2026-07-16 00:24:57,"ntc1_C",-14.0289742104367,1501223
2,2026-07-16 00:24:57,"ntc2_C",-13.9782604907865,1497691
2,2026-07-16 00:24:57,"testSB_C",-13.9519514526348,1498975
3,2026-07-16 00:24:57,"ntc1_C",-13.9635293520045,1499501
3,2026-07-16 00:24:57,"ntc2_C",-13.9052750857845,1494610
3,2026-07-16 00:24:57,"testSB_C",-13.8449920327837,1490217
4,2026-07-16 00:24:57,"ntc1_C",-13.8720981676893,1493310
4,2026-07-16 00:24:57,"ntc2_C",-13.8472690409876,1488231
4,2026-07-16 00:24:57,"testSB_C",-13.7510861566933,1482659
5,2026-07-16 00:24:57,"ntc1_C",-13.7552654849933,1483309
5,2026-07-16 00:24:57,"ntc2_C",-13.7364352887225,1483926
5,2026-07-16 00:24:57,"testSB_C",-13.6775615475373,1481577
6,2026-07-16 00:24:57,"ntc1_C",-13.6801768934005,1479313
6,2026-07-16 00:24:57,"ntc2_C",-13.7074001754724,1482885
6,2026-07-16 00:24:57,"testSB_C",-13.6361085111123,1478814
7,2026-07-16 00:24:57,"ntc1_C",-13.6135313050063,1475465
7,2026-07-16 00:24:57,"ntc2_C",-13.6531509230933,1480352
7,2026-07-16 00:24:57,"testSB_C",-13.5634830323567,1474816
8,2026-07-16 00:24:57,"ntc1_C",-13.5367478694467,1476217
8,2026-07-16 00:24:57,"ntc2_C",-13.4931468709629,1467765
8,2026-07-16 00:24:57,"testSB_C",-13.5493666790213,1468553
9,2026-07-16 00:24:57,"ntc1_C",-13.439245552865,1464057
9,2026-07-16 00:24:57,"ntc2_C",-13.4466587708805,1469779
9,2026-07-16 00:24:57,"testSB_C",-13.4138038352193,1465383
10,2026-07-16 00:24:57,"ntc1_C",-13.3764823807148,1463616
10,2026-07-16 00:24:57,"ntc2_C",-13.3940269691577,1461079
10,2026-07-16 00:24:57,"testSB_C",-13.3633618000988,1460377
11,2026-07-16 00:24:57,"ntc1_C",-13.3152272205056,1460231
11,2026-07-16 00:24:57,"ntc2_C",-13.3406116153869,1461253
11,2026-07-16 00:24:57,"testSB_C",-13.3124745597141,1457555
12,2026-07-16 00:24:57,"ntc1_C",-13.3491131999306,1461091
12,2026-07-16 00:24:57,"ntc2_C",-13.3025635248987,1457511
12,2026-07-16 00:24:57,"testSB_C",-13.3134233543307,1458022
13,2026-07-16 00:24:57,"ntc1_C",-13.2967027518955,1462214
13,2026-07-16 00:24:57,"ntc2_C",-13.2627256466077,1452954
13,2026-07-16 00:24:57,"testSB_C",-13.2362885057238,1453676
14,2026-07-16 00:24:57,"ntc1_C",-13.2196983293371,1451089
14,2026-07-16 00:24:57,"ntc2_C",-13.2135850746393,1454207
14,2026-07-16 00:24:57,"testSB_C",-13.2054362439785,1453628
15,2026-07-16 00:24:57,"ntc1_C",-13.1598092854856,1446372
15,2026-07-16 00:24:57,"ntc2_C",-13.1624131198211,1451715
15,2026-07-16 00:24:57,"testSB_C",-13.1527726362445,1451409
16,2026-07-16 00:24:57,"ntc1_C",-13.0819353882134,1443504
16,2026-07-16 00:24:57,"ntc2_C",-13.0487033963312,1440772
16,2026-07-16 00:24:57,"testSB_C",-13.0428786329666,1440379
17,2026-07-16 00:24:57,"ntc1_C",-13.0008910342635,1438612
17,2026-07-16 00:24:57,"ntc2_C",-12.9689423270173,1435986
17,2026-07-16 00:24:57,"testSB_C",-12.8888796282297,1435723
18,2026-07-16 00:24:57,"ntc1_C",-12.8821939875176,1435795
18,2026-07-16 00:24:57,"ntc2_C",-12.8932973115341,1432706
18,2026-07-16 00:24:57,"testSB_C",-12.8467420816621,1429393
19,2026-07-16 00:24:57,"ntc1_C",-12.7918330345108,1430249
19,2026-07-16 00:24:57,"ntc2_C",-12.7893809740661,1428655
19,2026-07-16 00:24:57,"testSB_C",-12.7471401100091,1428183
20,2026-07-16 00:24:57,"ntc1_C",-12.7144937640994,1423347
20,2026-07-16 00:24:57,"ntc2_C",-12.7792386308353,1429462
20,2026-07-16 00:24:57,"testSB_C",-12.6281333841666,1416268
21,2026-07-16 00:24:57,"ntc1_C",-12.5752340972753,1412334
21,2026-07-16 00:24:57,"ntc2_C",-12.6155757568295,1418292
21,2026-07-16 00:24:57,"testSB_C",-12.489670051514,1411250
22,2026-07-16 00:24:57,"ntc1_C",-12.4868553124774,1411320
22,2026-07-16 00:24:57,"ntc2_C",-12.5039309854786,1413651
22,2026-07-16 00:24:57,"testSB_C",-12.4333492542919,1405838
23,2026-07-16 00:24:57,"ntc1_C",-12.4348575252384,1411075
23,2026-07-16 00:24:57,"ntc2_C",-12.4316176168653,1407470
23,2026-07-16 00:24:57,"testSB_C",-12.3872613758608,1402177
24,2026-07-16 00:24:57,"ntc1_C",-12.3331857939074,1402561
24,2026-07-16 00:24:57,"ntc2_C",-12.3250723625758,1404145
24,2026-07-16 00:24:57,"testSB_C",-12.2610985792971,1395240
1,2026-07-16 03:24:57,"ntc1_C",-15.5625204289022,1595698
1,2026-07-16 03:24:57,"testSB_C",-15.5775009318521,1599987
2,2026-07-16 03:24:57,"ntc1_C",-15.4980306043589,1593913
2,2026-07-16 03:24:57,"ntc2_C",-15.5040524688832,1593841
2,2026-07-16 03:24:57,"testSB_C",-15.4656860052901,1594321
3,2026-07-16 03:24:57,"ntc1_C",-15.4067508675559,1590350
3,2026-07-16 03:24:57,"ntc2_C",-15.3809381628374,1587305
3,2026-07-16 03:24:57,"testSB_C",-15.3668340885845,1585584
4,2026-07-16 03:24:57,"ntc1_C",-15.3440522424106,1585681
4,2026-07-16 03:24:57,"ntc2_C",-15.3385916863709,1581526
4,2026-07-16 03:24:57,"testSB_C",-15.3438613113164,1582136
5,2026-07-16 03:24:57,"ntc1_C",-15.3349353248597,1582036
5,2026-07-16 03:24:57,"ntc2_C",-15.305128533433,1581934
5,2026-07-16 03:24:57,"testSB_C",-15.3138149635897,1583796
6,2026-07-16 03:24:57,"ntc1_C",-15.3158430251287,1581279
6,2026-07-16 03:24:57,"ntc2_C",-15.2948445540708,1582052
6,2026-07-16 03:24:57,"testSB_C",-15.3419658800331,1585310
7,2026-07-16 03:24:57,"ntc1_C",-15.3090227758473,1581118
7,2026-07-16 03:24:57,"ntc2_C",-15.2750288952809,1581590
7,2026-07-16 03:24:57,"testSB_C",-15.3227012486597,1584480
8,2026-07-16 03:24:57,"ntc1_C",-15.3097425071843,1586903
8,2026-07-16 03:24:57,"ntc2_C",-15.3128530644105,1580833
8,2026-07-16 03:24:57,"testSB_C",-15.2650365104429,1574992
9,2026-07-16 03:24:57,"ntc1_C",-15.2799488935055,1578165
9,2026-07-16 03:24:57,"ntc2_C",-15.2686685382461,1583188
9,2026-07-16 03:24:57,"testSB_C",-15.2791983002691,1581239
10,2026-07-16 03:24:57,"ntc1_C",-15.2612453835014,1580507
10,2026-07-16 03:24:57,"ntc2_C",-15.2318432004284,1574799
10,2026-07-16 03:24:57,"testSB_C",-15.2356429635992,1576276
11,2026-07-16 03:24:57,"ntc1_C",-15.2361141207177,1579175
11,2026-07-16 03:24:57,"ntc2_C",-15.2041825456144,1576626
11,2026-07-16 03:24:57,"testSB_C",-15.2070720577415,1574624
12,2026-07-16 03:24:57,"ntc1_C",-15.1844229962969,1574610
12,2026-07-16 03:24:57,"ntc2_C",-15.1782599305196,1573348
12,2026-07-16 03:24:57,"testSB_C",-15.1913515713576,1574081
13,2026-07-16 03:24:57,"ntc1_C",-15.1568034303452,1577418
13,2026-07-16 03:24:57,"ntc2_C",-15.132178814624,1568099
13,2026-07-16 03:24:57,"testSB_C",-15.1316149304565,1570503
14,2026-07-16 03:24:57,"ntc1_C",-15.0952576175258,1566411
14,2026-07-16 03:24:57,"ntc2_C",-15.061737956986,1568009
14,2026-07-16 03:24:57,"testSB_C",-15.0562356065343,1567578
15,2026-07-16 03:24:57,"ntc1_C",-15.0049953938375,1559382
15,2026-07-16 03:24:57,"ntc2_C",-14.9859952128147,1563821
15,2026-07-16 03:24:57,"testSB_C",-14.9570129588799,1562245
16,2026-07-16 03:24:57,"ntc1_C",-14.8532894708889,1551679
16,2026-07-16 03:24:57,"ntc2_C",-14.8111849166438,1548212
16,2026-07-16 03:24:57,"testSB_C",-14.7921755585731,1546963
17,2026-07-16 03:24:57,"ntc1_C",-14.7570334182006,1545459
17,2026-07-16 03:24:57,"ntc2_C",-14.7200887572349,1542285
17,2026-07-16 03:24:57,"testSB_C",-14.6637182430354,1543506
18,2026-07-16 03:24:57,"ntc1_C",-14.6355594944993,1542197
18,2026-07-16 03:24:57,"ntc2_C",-14.6186085302828,1537088
18,2026-07-16 03:24:57,"testSB_C",-14.5890480983463,1534728
19,2026-07-16 03:24:57,"ntc1_C",-14.5628234828368,1537407
19,2026-07-16 03:24:57,"ntc2_C",-14.5527357521593,1535229
19,2026-07-16 03:24:57,"testSB_C",-14.5449756461779,1536889
20,2026-07-16 03:24:57,"ntc1_C",-14.5523580619404,1534209
20,2026-07-16 03:24:57,"ntc2_C",-14.5399094288572,1535937
20,2026-07-16 03:24:57,"testSB_C",-14.5349388400535,1530864
21,2026-07-16 03:24:57,"ntc1_C",-14.5695993375134,1531978
21,2026-07-16 03:24:57,"ntc2_C",-14.5178774460118,1532748
21,2026-07-16 03:24:57,"testSB_C",-14.5961898107362,1537917
22,2026-07-16 03:24:57,"ntc1_C",-14.5823085438274,1537296
22,2026-07-16 03:24:57,"ntc2_C",-14.5126507081305,1534340
22,2026-07-16 03:24:57,"testSB_C",-14.5594724880989,1533258
23,2026-07-16 03:24:57,"ntc1_C",-14.5198597936107,1536324
23,2026-07-16 03:24:57,"ntc2_C",-14.471326546879,1529619
23,2026-07-16 03:24:57,"testSB_C",-14.4840058756516,1527282
24,2026-07-16 03:24:57,"ntc1_C",-14.4287675001926,1527782
24,2026-07-16 03:24:57,"ntc2_C",-14.3646274005147,1525986
24,2026-07-16 03:24:57,"testSB_C",-14.2512126693865,1513254
1,2026-07-16 06:24:57,"ntc1_C",-13.7504025425176,1481994
1,2026-07-16 06:24:57,"testSB_C",-13.8359725422532,1490318
2,2026-07-16 06:24:57,"ntc1_C",-14.1537065082962,1508883
2,2026-07-16 06:24:57,"ntc2_C",-14.2081364208077,1511804
2,2026-07-16 06:24:57,"testSB_C",-14.1005595740318,1508082
3,2026-07-16 06:24:57,"ntc1_C",-12.7761685030964,1428605
3,2026-07-16 06:24:57,"ntc2_C",-13.16447318482,1450105
3,2026-07-16 06:24:57,"testSB_C",-13.3843544606697,1462480
4,2026-07-16 06:24:57,"ntc1_C",-12.6753295856162,1422133
4,2026-07-16 06:24:57,"ntc2_C",-12.5939978372043,1414041
4,2026-07-16 06:24:57,"testSB_C",-13.454051938018,1464801
5,2026-07-16 06:24:57,"ntc1_C",-13.3714491044686,1460252
5,2026-07-16 06:24:57,"ntc2_C",-13.1407646640671,1448298
5,2026-07-16 06:24:57,"testSB_C",-13.4832013881734,1469875
6,2026-07-16 06:24:57,"ntc1_C",-13.3921158442275,1462038
6,2026-07-16 06:24:57,"ntc2_C",-13.0396286604205,1443022
6,2026-07-16 06:24:57,"testSB_C",-13.6242851941756,1478101
7,2026-07-16 06:24:57,"ntc1_C",-13.3944230338616,1462329
7,2026-07-16 06:24:57,"ntc2_C",-12.6485544652227,1420878
7,2026-07-16 06:24:57,"testSB_C",-13.6064129641754,1477401
8,2026-07-16 06:24:57,"ntc1_C",-13.5066642550633,1474406
8,2026-07-16 06:24:57,"ntc2_C",-13.5180621565742,1469258
8,2026-07-16 06:24:57,"testSB_C",-12.8930620979382,1429740
9,2026-07-16 06:24:57,"ntc1_C",-13.5329761772874,1469666
9,2026-07-16 06:24:57,"ntc2_C",-13.2978836061411,1460880
9,2026-07-16 06:24:57,"testSB_C",-13.4428621106272,1467122
10,2026-07-16 06:24:57,"ntc1_C",-13.5143345885471,1471869
10,2026-07-16 06:24:57,"ntc2_C",-12.9735396463132,1436221
10,2026-07-16 06:24:57,"testSB_C",-13.3847947568576,1461655
11,2026-07-16 06:24:57,"ntc1_C",-13.5310812536521,1473144
11,2026-07-16 06:24:57,"ntc2_C",-13.0485059909344,1443940
11,2026-07-16 06:24:57,"testSB_C",-13.2281166008495,1452547
12,2026-07-16 06:24:57,"ntc1_C",-12.5976823090085,1416979
12,2026-07-16 06:24:57,"ntc2_C",-13.0133847552265,1440417
12,2026-07-16 06:24:57,"testSB_C",-13.1044002008917,1445638
13,2026-07-16 06:24:57,"ntc1_C",-13.050856734086,1447622
13,2026-07-16 06:24:57,"ntc2_C",-12.9999244633328,1437451
13,2026-07-16 06:24:57,"testSB_C",-13.251236705322,1454563
14,2026-07-16 06:24:57,"ntc1_C",-13.1277819974541,1445658
14,2026-07-16 06:24:57,"ntc2_C",-12.9140896284763,1436549
14,2026-07-16 06:24:57,"testSB_C",-13.0256967223631,1443007
15,2026-07-16 06:24:57,"ntc1_C",-13.1838487025573,1447791
15,2026-07-16 06:24:57,"ntc2_C",-12.6904325541661,1424017
15,2026-07-16 06:24:57,"testSB_C",-12.5469562962434,1415964
16,2026-07-16 06:24:57,"ntc1_C",-13.1168419501876,1445562
16,2026-07-16 06:24:57,"ntc2_C",-13.1496539603966,1446722
16,2026-07-16 06:24:57,"testSB_C",-13.0387460715247,1440136
17,2026-07-16 06:24:57,"ntc1_C",-13.0706567563702,1442714
17,2026-07-16 06:24:57,"ntc2_C",-13.0416348477627,1440251
17,2026-07-16 06:24:57,"testSB_C",-13.2963296881613,1459790
18,2026-07-16 06:24:57,"ntc1_C",-13.1459880407159,1451327
18,2026-07-16 06:24:57,"ntc2_C",-12.7971863646014,1427102
18,2026-07-16 06:24:57,"testSB_C",-13.0487192901789,1441228
19,2026-07-16 06:24:57,"ntc1_C",-13.0924915197317,1447906
19,2026-07-16 06:24:57,"ntc2_C",-12.974475699394,1439489
19,2026-07-16 06:24:57,"testSB_C",-12.9779376852075,1441701
20,2026-07-16 06:24:57,"ntc1_C",-12.9753714450284,1438587
20,2026-07-16 06:24:57,"ntc2_C",-12.2138346268049,1396846
20,2026-07-16 06:24:57,"testSB_C",-12.8219809860872,1427519
21,2026-07-16 06:24:57,"ntc1_C",-13.0057124683371,1437350
21,2026-07-16 06:24:57,"ntc2_C",-12.3543522185266,1403251
21,2026-07-16 06:24:57,"testSB_C",-13.1936490296431,1452389
22,2026-07-16 06:24:57,"ntc1_C",-12.9935506183602,1440812
22,2026-07-16 06:24:57,"ntc2_C",-12.6020768955736,1419323
22,2026-07-16 06:24:57,"testSB_C",-12.9843468541273,1437816
23,2026-07-16 06:24:57,"ntc1_C",-12.6902652346481,1425857
23,2026-07-16 06:24:57,"ntc2_C",-12.5603691595034,1414886
23,2026-07-16 06:24:57,"testSB_C",-12.9668933689531,1435711
24,2026-07-16 06:24:57,"ntc1_C",-12.8959115266426,1435152
24,2026-07-16 06:24:57,"ntc2_C",-12.5670560152616,1418081
24,2026-07-16 06:24:57,"testSB_C",-12.7578246981202,1423812
1,2026-07-16 09:24:57,"ntc1_C",-7.22847216470643,1135649
1,2026-07-16 09:24:57,"testSB_C",-7.2928459834792,1141188
2,2026-07-16 09:24:57,"ntc1_C",-7.69043197254621,1159039
2,2026-07-16 09:24:57,"ntc2_C",-7.67859871283434,1158176
2,2026-07-16 09:24:57,"testSB_C",-7.5588221366238,1155078
3,2026-07-16 09:24:57,"ntc1_C",-5.92929433480248,1080706
3,2026-07-16 09:24:57,"ntc2_C",-6.41229094588476,1101014
3,2026-07-16 09:24:57,"testSB_C",-6.67337424327957,1112390
4,2026-07-16 09:24:57,"ntc1_C",-5.84367909596995,1076397
4,2026-07-16 09:24:57,"ntc2_C",-5.7053297474676,1067873
4,2026-07-16 09:24:57,"testSB_C",-6.7674854721609,1115207
5,2026-07-16 09:24:57,"ntc1_C",-6.70694932320094,1112589
5,2026-07-16 09:24:57,"ntc2_C",-6.39798992086935,1100164
5,2026-07-16 09:24:57,"testSB_C",-6.72834931259814,1115924
6,2026-07-16 09:24:57,"ntc1_C",-6.7571856403577,1115566
6,2026-07-16 09:24:57,"ntc2_C",-6.15912184067088,1089960
6,2026-07-16 09:24:57,"testSB_C",-6.91125002843478,1124122
7,2026-07-16 09:24:57,"ntc1_C",-6.6639038957984,1111207
7,2026-07-16 09:24:57,"ntc2_C",-5.75286299340729,1072602
7,2026-07-16 09:24:57,"testSB_C",-6.91183847776966,1124430
8,2026-07-16 09:24:57,"ntc1_C",-6.84461216419493,1123544
8,2026-07-16 09:24:57,"ntc2_C",-6.84338264994574,1119072
8,2026-07-16 09:24:57,"testSB_C",-5.99775772139384,1079330
9,2026-07-16 09:24:57,"ntc1_C",-6.83860231919539,1118557
9,2026-07-16 09:24:57,"ntc2_C",-6.50002868633607,1107035
9,2026-07-16 09:24:57,"testSB_C",-6.81338506143919,1119439
10,2026-07-16 09:24:57,"ntc1_C",-6.88631798465576,1123295
10,2026-07-16 09:24:57,"ntc2_C",-6.19137504420996,1089219
10,2026-07-16 09:24:57,"testSB_C",-6.79806625174393,1117253
11,2026-07-16 09:24:57,"ntc1_C",-7.00586754471624,1129008
11,2026-07-16 09:24:57,"ntc2_C",-6.33444533666142,1098139
11,2026-07-16 09:24:57,"testSB_C",-6.63280135724153,1110035
12,2026-07-16 09:24:57,"ntc1_C",-5.81511847316676,1074763
12,2026-07-16 09:24:57,"ntc2_C",-6.33202135707393,1096965
12,2026-07-16 09:24:57,"testSB_C",-6.51232508323488,1104850
13,2026-07-16 09:24:57,"ntc1_C",-6.5039524030667,1108467
13,2026-07-16 09:24:57,"ntc2_C",-6.26078748494086,1091982
13,2026-07-16 09:24:57,"testSB_C",-6.64867200888295,1111165
14,2026-07-16 09:24:57,"ntc1_C",-6.5696783240225,1106491
14,2026-07-16 09:24:57,"ntc2_C",-6.16318375508939,1090974
14,2026-07-16 09:24:57,"testSB_C",-6.45961761742313,1104060
15,2026-07-16 09:24:57,"ntc1_C",-6.67741055601181,1110484
15,2026-07-16 09:24:57,"ntc2_C",-6.07211462729487,1087196
15,2026-07-16 09:24:57,"testSB_C",-5.87912151099522,1078910
16,2026-07-16 09:24:57,"ntc1_C",-6.72719030545426,1113893
16,2026-07-16 09:24:57,"ntc2_C",-6.62013406870562,1108387
16,2026-07-16 09:24:57,"testSB_C",-6.59824943417681,1107346
17,2026-07-16 09:24:57,"ntc1_C",-6.59633638932206,1107891
17,2026-07-16 09:24:57,"ntc2_C",-6.53648630393121,1104724
17,2026-07-16 09:24:57,"testSB_C",-6.89310499194266,1124289
18,2026-07-16 09:24:57,"ntc1_C",-6.73775001699414,1117657
18,2026-07-16 09:24:57,"ntc2_C",-6.31853378512221,1096012
18,2026-07-16 09:24:57,"testSB_C",-6.63782518824337,1109534
19,2026-07-16 09:24:57,"ntc1_C",-6.72494624837583,1116737
19,2026-07-16 09:24:57,"ntc2_C",-6.5653638402224,1108348
19,2026-07-16 09:24:57,"testSB_C",-6.55481993633111,1109403
20,2026-07-16 09:24:57,"ntc1_C",-6.60304117219835,1109258
20,2026-07-16 09:24:57,"ntc2_C",-5.70416805235647,1071215
20,2026-07-16 09:24:57,"testSB_C",-6.3497045192783,1096336
21,2026-07-16 09:24:57,"ntc1_C",-6.68657875149893,1111001
21,2026-07-16 09:24:57,"ntc2_C",-5.8960367770394,1078419
21,2026-07-16 09:24:57,"testSB_C",-6.92202618454576,1124530
22,2026-07-16 09:24:57,"ntc1_C",-6.69575408585047,1114426
22,2026-07-16 09:24:57,"ntc2_C",-6.09280302555294,1088601
22,2026-07-16 09:24:57,"testSB_C",-6.77169011324071,1115965
23,2026-07-16 09:24:57,"ntc1_C",-6.47225680296287,1106569
23,2026-07-16 09:24:57,"ntc2_C",-6.18546739545735,1091022
23,2026-07-16 09:24:57,"testSB_C",-6.71603910843453,1112870
24,2026-07-16 09:24:57,"ntc1_C",-6.73047997067107,1116019
24,2026-07-16 09:24:57,"ntc2_C",-6.31262750808872,1098869
24,2026-07-16 09:24:57,"testSB_C",-6.65237268896522,1110026
1,2026-07-16 12:24:57,"ntc1_C",0.383807152710858,834383
1,2026-07-16 12:24:57,"testSB_C",0.46318607623607,833726
2,2026-07-16 12:24:57,"ntc1_C",0.0601094974265379,846629
2,2026-07-16 12:24:57,"ntc2_C",0.0759948134414117,845897
2,2026-07-16 12:24:57,"testSB_C",0.473147957473032,834604
3,2026-07-16 12:24:57,"ntc1_C",1.8340066247643,789913
3,2026-07-16 12:24:57,"ntc2_C",1.51849293654823,799031
3,2026-07-16 12:24:57,"testSB_C",1.24863393619944,807596
4,2026-07-16 12:24:57,"ntc1_C",1.7337478147802,792623
4,2026-07-16 12:24:57,"ntc2_C",1.85405366948345,787057
4,2026-07-16 12:24:57,"testSB_C",1.06612335423966,812457
5,2026-07-16 12:24:57,"ntc1_C",1.00485336764433,814400
5,2026-07-16 12:24:57,"ntc2_C",1.28694588722215,806464
5,2026-07-16 12:24:57,"testSB_C",1.19680005383896,809971
6,2026-07-16 12:24:57,"ntc1_C",0.922429545846626,817815
6,2026-07-16 12:24:57,"ntc2_C",1.47379260277,800663
6,2026-07-16 12:24:57,"testSB_C",1.00507961668546,816140
7,2026-07-16 12:24:57,"ntc1_C",1.10750521354259,811492
7,2026-07-16 12:24:57,"ntc2_C",1.76958595190888,791587
7,2026-07-16 12:24:57,"testSB_C",0.969537168517547,817541
8,2026-07-16 12:24:57,"ntc1_C",0.855498955890994,822785
8,2026-07-16 12:24:57,"ntc2_C",1.00698285686525,814669
8,2026-07-16 12:24:57,"testSB_C",1.68983294265712,791290
9,2026-07-16 12:24:57,"ntc1_C",0.876874714455198,818774
9,2026-07-16 12:24:57,"ntc2_C",1.33802093398424,806333
9,2026-07-16 12:24:57,"testSB_C",0.986274316733443,816531
10,2026-07-16 12:24:57,"ntc1_C",0.977703648945237,817310
10,2026-07-16 12:24:57,"ntc2_C",1.55671522646389,796497
10,2026-07-16 12:24:57,"testSB_C",1.00516078466921,814839
11,2026-07-16 12:24:57,"ntc1_C",0.733895205872557,825552
11,2026-07-16 12:24:57,"ntc2_C",1.40384892282174,803283
11,2026-07-16 12:24:57,"testSB_C",1.13336231680529,810979
12,2026-07-16 12:24:57,"ntc1_C",1.80347762313488,790223
12,2026-07-16 12:24:57,"ntc2_C",1.47460994635571,800239
12,2026-07-16 12:24:57,"testSB_C",1.16943553825536,809898
13,2026-07-16 12:24:57,"ntc1_C",1.21041276793369,811457
13,2026-07-16 12:24:57,"ntc2_C",1.64552674838387,793324
13,2026-07-16 12:24:57,"testSB_C",1.19525398344956,809115
14,2026-07-16 12:24:57,"ntc1_C",1.31883381149441,804432
14,2026-07-16 12:24:57,"ntc2_C",1.68336573177038,794663
14,2026-07-16 12:24:57,"testSB_C",1.36484135347541,804711
15,2026-07-16 12:24:57,"ntc1_C",1.2316639388564,806667
15,2026-07-16 12:24:57,"ntc2_C",1.75646958307664,792430
15,2026-07-16 12:24:57,"testSB_C",1.83498165039839,790079
16,2026-07-16 12:24:57,"ntc1_C",1.0692759239729,812615
16,2026-07-16 12:24:57,"ntc2_C",1.35266211261643,802905
16,2026-07-16 12:24:57,"testSB_C",1.23629590477236,806607
17,2026-07-16 12:24:57,"ntc1_C",1.35337782578665,803323
17,2026-07-16 12:24:57,"ntc2_C",1.29871198022465,804828
17,2026-07-16 12:24:57,"testSB_C",1.07214324161259,814590
18,2026-07-16 12:24:57,"ntc1_C",1.23440123885956,809720
18,2026-07-16 12:24:57,"ntc2_C",1.47910415929158,799936
18,2026-07-16 12:24:57,"testSB_C",1.29164749864162,805091
19,2026-07-16 12:24:57,"ntc1_C",1.31175925157925,806864
19,2026-07-16 12:24:57,"ntc2_C",1.37344681004112,803999
19,2026-07-16 12:24:57,"testSB_C",1.42009585102011,803600
20,2026-07-16 12:24:57,"ntc1_C",1.50758605798757,799073
20,2026-07-16 12:24:57,"ntc2_C",1.7987580088647,791134
20,2026-07-16 12:24:57,"testSB_C",1.79201266269763,788996
21,2026-07-16 12:24:57,"ntc1_C",1.34627362109728,803111
21,2026-07-16 12:24:57,"ntc2_C",1.79881334638549,790337
21,2026-07-16 12:24:57,"testSB_C",1.12172037806027,812168
22,2026-07-16 12:24:57,"ntc1_C",1.3216572054946,805893
22,2026-07-16 12:24:57,"ntc2_C",1.85836660957744,789759
22,2026-07-16 12:24:57,"testSB_C",1.13333211078958,810656
23,2026-07-16 12:24:57,"ntc1_C",1.33095134036762,807219
23,2026-07-16 12:24:57,"ntc2_C",1.7363491597722,792240
23,2026-07-16 12:24:57,"testSB_C",1.24462791382081,806809
24,2026-07-16 12:24:57,"ntc1_C",1.30517118418391,806340
24,2026-07-16 12:24:57,"ntc2_C",1.56659901726812,799211
24,2026-07-16 12:24:57,"testSB_C",1.21688557345681,807565
1,2026-07-16 15:24:57,"ntc1_C",4.45447220537045,709073
1,2026-07-16 15:24:57,"testSB_C",4.51851221587333,709026
2,2026-07-16 15:24:57,"ntc1_C",4.02152722384704,722479
2,2026-07-16 15:24:57,"ntc2_C",5.18645152798052,689647
2,2026-07-16 15:24:57,"testSB_C",4.43838838797888,712354
3,2026-07-16 15:24:57,"ntc1_C",7.07939785768946,641236
3,2026-07-16 15:24:57,"ntc2_C",7.53311855799046,629067
3,2026-07-16 15:24:57,"testSB_C",7.9150142023293,619692
4,2026-07-16 15:24:57,"ntc1_C",7.47228191045315,630983
4,2026-07-16 15:24:57,"ntc2_C",7.68412076934845,624405
4,2026-07-16 15:24:57,"testSB_C",7.8070653728667,621519
5,2026-07-16 15:24:57,"ntc1_C",7.60342455476723,626376
5,2026-07-16 15:24:57,"ntc2_C",7.48479782241901,630375
5,2026-07-16 15:24:57,"testSB_C",7.96237833813899,619047
6,2026-07-16 15:24:57,"ntc1_C",7.48430008558927,629995
6,2026-07-16 15:24:57,"ntc2_C",7.6210183285018,627101
6,2026-07-16 15:24:57,"testSB_C",7.99026446282141,618287
7,2026-07-16 15:24:57,"ntc1_C",8.08123953684725,615062
7,2026-07-16 15:24:57,"ntc2_C",7.4598142135805,631377
7,2026-07-16 15:24:57,"testSB_C",7.62326319989035,627514
8,2026-07-16 15:24:57,"ntc1_C",7.84855155290666,623050
8,2026-07-16 15:24:57,"ntc2_C",8.3427951221272,608828
8,2026-07-16 15:24:57,"testSB_C",7.74936048949877,622100
9,2026-07-16 15:24:57,"ntc1_C",8.11662539353961,614181
9,2026-07-16 15:24:57,"ntc2_C",8.11443905443832,616043
9,2026-07-16 15:24:57,"testSB_C",8.03303578291229,617113
10,2026-07-16 15:24:57,"ntc1_C",8.08554254259172,616257
10,2026-07-16 15:24:57,"ntc2_C",7.87366766988879,619799
10,2026-07-16 15:24:57,"testSB_C",8.08659659229198,614963
11,2026-07-16 15:24:57,"ntc1_C",7.9161865731063,620545
11,2026-07-16 15:24:57,"ntc2_C",8.02819239980175,617495
11,2026-07-16 15:24:57,"testSB_C",8.02884302545328,616714
12,2026-07-16 15:24:57,"ntc1_C",7.71594476406631,624867
12,2026-07-16 15:24:57,"ntc2_C",8.13345932402785,614331
12,2026-07-16 15:24:57,"testSB_C",7.96131610933838,618337
13,2026-07-16 15:24:57,"ntc1_C",7.67464585854606,627497
13,2026-07-16 15:24:57,"ntc2_C",8.02678842815726,615682
13,2026-07-16 15:24:57,"testSB_C",8.34122078264619,609111
14,2026-07-16 15:24:57,"ntc1_C",8.50676405305518,604740
14,2026-07-16 15:24:57,"ntc2_C",8.29162216116663,611316
14,2026-07-16 15:24:57,"testSB_C",8.16917752501604,614129
15,2026-07-16 15:24:57,"ntc1_C",8.20044230971331,611666
15,2026-07-16 15:24:57,"ntc2_C",8.31397438937017,610808
15,2026-07-16 15:24:57,"testSB_C",7.99232017185255,618663
16,2026-07-16 15:24:57,"ntc1_C",8.00468957259034,616792
16,2026-07-16 15:24:57,"ntc2_C",8.5726510635468,602766
16,2026-07-16 15:24:57,"testSB_C",8.04828196122418,615269
17,2026-07-16 15:24:57,"ntc1_C",8.37602796751821,607739
17,2026-07-16 15:24:57,"ntc2_C",8.26432278271091,610265
17,2026-07-16 15:24:57,"testSB_C",8.25400807005724,612280
18,2026-07-16 15:24:57,"ntc1_C",8.28863075625816,611817
18,2026-07-16 15:24:57,"ntc2_C",7.7450328926555,623679
18,2026-07-16 15:24:57,"testSB_C",7.992434111259,616793
19,2026-07-16 15:24:57,"ntc1_C",8.10791168864284,615865
19,2026-07-16 15:24:57,"ntc2_C",8.0444607949658,616721
19,2026-07-16 15:24:57,"testSB_C",8.30581544023732,611263
20,2026-07-16 15:24:57,"ntc1_C",8.4370478797461,606776
20,2026-07-16 15:24:57,"ntc2_C",8.20789304935823,613308
20,2026-07-16 15:24:57,"testSB_C",8.76055606580627,598437
21,2026-07-16 15:24:57,"ntc1_C",8.55280803037454,603408
21,2026-07-16 15:24:57,"ntc2_C",8.0176592772325,617356
21,2026-07-16 15:24:57,"testSB_C",7.89768748823099,620353
22,2026-07-16 15:24:57,"ntc1_C",8.56777531204057,604465
22,2026-07-16 15:24:57,"ntc2_C",8.62388576830836,604036
22,2026-07-16 15:24:57,"testSB_C",7.77500571063462,622622
23,2026-07-16 15:24:57,"ntc1_C",7.96224088209084,620197
23,2026-07-16 15:24:57,"ntc2_C",8.43033333068365,607420
23,2026-07-16 15:24:57,"testSB_C",7.5479468827935,628135
24,2026-07-16 15:24:57,"ntc1_C",8.65674623194008,602152
24,2026-07-16 15:24:57,"ntc2_C",8.26012549773321,612648
24,2026-07-16 15:24:57,"testSB_C",8.1902557562924,612194
1,2026-07-16 18:24:57,"ntc1_C",2.91893066049636,753806
1,2026-07-16 18:24:57,"testSB_C",2.93650379503839,755125
2,2026-07-16 18:24:57,"ntc1_C",3.12634486475986,748730
2,2026-07-16 18:24:57,"ntc2_C",3.73243683206653,730696
2,2026-07-16 18:24:57,"testSB_C",2.98307808818447,754844
3,2026-07-16 18:24:57,"ntc1_C",4.74356441978858,703362
3,2026-07-16 18:24:57,"ntc2_C",4.91535744508604,697725
3,2026-07-16 18:24:57,"testSB_C",5.61456382705313,678603
4,2026-07-16 18:24:57,"ntc1_C",4.84325349429889,700153
4,2026-07-16 18:24:57,"ntc2_C",4.92286892580876,696422
4,2026-07-16 18:24:57,"testSB_C",5.61493888712903,677704
5,2026-07-16 18:24:57,"ntc1_C",5.42866215251684,682604
5,2026-07-16 18:24:57,"ntc2_C",4.96738892548831,696343
5,2026-07-16 18:24:57,"testSB_C",5.24210832222178,689269
6,2026-07-16 18:24:57,"ntc1_C",5.27693020941291,687415
6,2026-07-16 18:24:57,"ntc2_C",4.65761763661959,705109
6,2026-07-16 18:24:57,"testSB_C",5.32664977268394,686883
7,2026-07-16 18:24:57,"ntc1_C",5.53408741372976,680141
7,2026-07-16 18:24:57,"ntc2_C",4.50606194894709,709688
7,2026-07-16 18:24:57,"testSB_C",5.29788017406599,687898
8,2026-07-16 18:24:57,"ntc1_C",5.36764608574964,687202
8,2026-07-16 18:24:57,"ntc2_C",5.57386493776482,679067
8,2026-07-16 18:24:57,"testSB_C",4.86206931219579,697282
9,2026-07-16 18:24:57,"ntc1_C",5.56667764124307,679158
9,2026-07-16 18:24:57,"ntc2_C",5.23721230068185,690178
9,2026-07-16 18:24:57,"testSB_C",5.34051560075352,686328
10,2026-07-16 18:24:57,"ntc1_C",5.4271383663098,684426
10,2026-07-16 18:24:57,"ntc2_C",4.67051590848945,703455
10,2026-07-16 18:24:57,"testSB_C",5.09382261674136,692146
11,2026-07-16 18:24:57,"ntc1_C",5.28804213059152,688396
11,2026-07-16 18:24:57,"ntc2_C",4.92912112024266,697913
11,2026-07-16 18:24:57,"testSB_C",5.49001308529017,681696
12,2026-07-16 18:24:57,"ntc1_C",4.49175565180946,709863
12,2026-07-16 18:24:57,"ntc2_C",5.08612238143894,692902
12,2026-07-16 18:24:57,"testSB_C",4.99687692038356,695182
13,2026-07-16 18:24:57,"ntc1_C",5.19694787295117,692097
13,2026-07-16 18:24:57,"ntc2_C",4.91770429933024,696216
13,2026-07-16 18:24:57,"testSB_C",5.33646951796652,685867
14,2026-07-16 18:24:57,"ntc1_C",5.45095304405135,682240
14,2026-07-16 18:24:57,"ntc2_C",4.75570181396319,702994
14,2026-07-16 18:24:57,"testSB_C",5.27735481603656,688436
15,2026-07-16 18:24:57,"ntc1_C",5.08984100106596,691610
15,2026-07-16 18:24:57,"ntc2_C",5.00843432346392,696027
15,2026-07-16 18:24:57,"testSB_C",4.82711337393522,701166
16,2026-07-16 18:24:57,"ntc1_C",5.34132998609391,685240
16,2026-07-16 18:24:57,"ntc2_C",5.18180431364846,689131
16,2026-07-16 18:24:57,"testSB_C",5.22014833331048,688030
17,2026-07-16 18:24:57,"ntc1_C",5.31711672772514,685802
17,2026-07-16 18:24:57,"ntc2_C",5.212567092776,688464
17,2026-07-16 18:24:57,"testSB_C",5.26795642758464,688963
18,2026-07-16 18:24:57,"ntc1_C",5.37634071371076,686396
18,2026-07-16 18:24:57,"ntc2_C",4.66892774340801,704350
18,2026-07-16 18:24:57,"testSB_C",5.23767542596602,687763
19,2026-07-16 18:24:57,"ntc1_C",5.33195137497052,687274
19,2026-07-16 18:24:57,"ntc2_C",4.7394597196411,702868
19,2026-07-16 18:24:57,"testSB_C",4.94518038461831,698108
20,2026-07-16 18:24:57,"ntc1_C",5.45065204754303,682752
20,2026-07-16 18:24:57,"ntc2_C",4.5582441015793,708592
20,2026-07-16 18:24:57,"testSB_C",5.40642451887322,683123
21,2026-07-16 18:24:57,"ntc1_C",5.35842561203413,684430
21,2026-07-16 18:24:57,"ntc2_C",4.53251349200201,708633
21,2026-07-16 18:24:57,"testSB_C",5.19859936964724,690199
22,2026-07-16 18:24:57,"ntc1_C",5.39024645087881,685199
22,2026-07-16 18:24:57,"ntc2_C",4.64984876067803,706596
22,2026-07-16 18:24:57,"testSB_C",5.045027229764,693530
23,2026-07-16 18:24:57,"ntc1_C",4.66795604527675,706519
23,2026-07-16 18:24:57,"ntc2_C",4.47310143240236,710265
23,2026-07-16 18:24:57,"testSB_C",4.59184366647997,705975
24,2026-07-16 18:24:57,"ntc1_C",4.94074502201374,697385
24,2026-07-16 18:24:57,"ntc2_C",4.62201235059297,707437
24,2026-07-16 18:24:57,"testSB_C",5.33986403098214,685117
1,2026-07-16 21:24:57,"ntc1_C",-1.18683495411699,888851
1,2026-07-16 21:24:57,"testSB_C",-1.20822650879427,891728
2,2026-07-16 21:24:57,"ntc1_C",-1.13564216858782,888406
2,2026-07-16 21:24:57,"ntc2_C",-1.03958333150717,884766
2,2026-07-16 21:24:57,"testSB_C",-1.11961265530852,889815
3,2026-07-16 21:24:57,"ntc1_C",-0.71613773128621,875105
3,2026-07-16 21:24:57,"ntc2_C",-0.700309234598933,873567
3,2026-07-16 21:24:57,"testSB_C",-0.543636136636451,867892
4,2026-07-16 21:24:57,"ntc1_C",-0.668767564483744,872940
4,2026-07-16 21:24:57,"ntc2_C",-0.65714616853495,870558
4,2026-07-16 21:24:57,"testSB_C",-0.523424515737645,866045
5,2026-07-16 21:24:57,"ntc1_C",-0.559856697261523,867289
5,2026-07-16 21:24:57,"ntc2_C",-0.64362930867577,871509
5,2026-07-16 21:24:57,"testSB_C",-0.569756419407327,869564
6,2026-07-16 21:24:57,"ntc1_C",-0.573491586364014,868486
6,2026-07-16 21:24:57,"ntc2_C",-0.671200118435252,872745
6,2026-07-16 21:24:57,"testSB_C",-0.556631175342545,869015
7,2026-07-16 21:24:57,"ntc1_C",-0.482482959758272,865053
7,2026-07-16 21:24:57,"ntc2_C",-0.690617388157591,873826
7,2026-07-16 21:24:57,"testSB_C",-0.536540089265827,868553
8,2026-07-16 21:24:57,"ntc1_C",-0.525910340881808,869781
8,2026-07-16 21:24:57,"ntc2_C",-0.498252045482104,865466
8,2026-07-16 21:24:57,"testSB_C",-0.606231286451361,867714
9,2026-07-16 21:24:57,"ntc1_C",-0.485853198387474,864856
9,2026-07-16 21:24:57,"ntc2_C",-0.551356025641496,869952
9,2026-07-16 21:24:57,"testSB_C",-0.498595912854569,866753
10,2026-07-16 21:24:57,"ntc1_C",-0.481777395211225,866676
10,2026-07-16 21:24:57,"ntc2_C",-0.617120377705533,869169
10,2026-07-16 21:24:57,"testSB_C",-0.559627176483104,867745
11,2026-07-16 21:24:57,"ntc1_C",-0.495335306639845,867361
11,2026-07-16 21:24:57,"ntc2_C",-0.558781109156541,869175
11,2026-07-16 21:24:57,"testSB_C",-0.480757318130827,865305
12,2026-07-16 21:24:57,"ntc1_C",-0.626849384464037,871225
12,2026-07-16 21:24:57,"ntc2_C",-0.520190837520204,866994
12,2026-07-16 21:24:57,"testSB_C",-0.528395431313299,867087
13,2026-07-16 21:24:57,"ntc1_C",-0.531703616056973,870319
13,2026-07-16 21:24:57,"ntc2_C",-0.535562848870143,865987
13,2026-07-16 21:24:57,"testSB_C",-0.443439977708294,864207
14,2026-07-16 21:24:57,"ntc1_C",-0.402550178426168,862024
14,2026-07-16 21:24:57,"ntc2_C",-0.536056154599407,868748
14,2026-07-16 21:24:57,"testSB_C",-0.440906768642265,865266
15,2026-07-16 21:24:57,"ntc1_C",-0.468235010191961,863671
15,2026-07-16 21:24:57,"ntc2_C",-0.474290189975932,866715
15,2026-07-16 21:24:57,"testSB_C",-0.515320030926489,868309
16,2026-07-16 21:24:57,"ntc1_C",-0.397881663488647,861983
16,2026-07-16 21:24:57,"ntc2_C",-0.44701405817392,863135
16,2026-07-16 21:24:57,"testSB_C",-0.421135029984157,862181
17,2026-07-16 21:24:57,"ntc1_C",-0.403210297869407,862088
17,2026-07-16 21:24:57,"ntc2_C",-0.433690917717911,862851
17,2026-07-16 21:24:57,"testSB_C",-0.404333798946936,864407
18,2026-07-16 21:24:57,"ntc1_C",-0.422711757413595,865473
18,2026-07-16 21:24:57,"ntc2_C",-0.524495237080885,866952
18,2026-07-16 21:24:57,"testSB_C",-0.432221848963707,862867
19,2026-07-16 21:24:57,"ntc1_C",-0.404696454250427,864494
19,2026-07-16 21:24:57,"ntc2_C",-0.513640132843136,867363
19,2026-07-16 21:24:57,"testSB_C",-0.457027828269872,866577
20,2026-07-16 21:24:57,"ntc1_C",-0.361868685821264,861427
20,2026-07-16 21:24:57,"ntc2_C",-0.541378776268346,869142
20,2026-07-16 21:24:57,"testSB_C",-0.339479889149459,859510
21,2026-07-16 21:24:57,"ntc1_C",-0.349895183634146,859704
21,2026-07-16 21:24:57,"ntc2_C",-0.52978958991423,867836
21,2026-07-16 21:24:57,"testSB_C",-0.40269114856045,863494
22,2026-07-16 21:24:57,"ntc1_C",-0.327977035305196,861109
22,2026-07-16 21:24:57,"ntc2_C",-0.493188764599779,867911
22,2026-07-16 21:24:57,"testSB_C",-0.391174970468967,861858
23,2026-07-16 21:24:57,"ntc1_C",-0.434195331587318,866555
23,2026-07-16 21:24:57,"ntc2_C",-0.511523374805506,867094
23,2026-07-16 21:24:57,"testSB_C",-0.477237233395442,864556
24,2026-07-16 21:24:57,"ntc1_C",-0.383715663594216,862982
24,2026-07-16 21:24:57,"ntc2_C",-0.461314009314151,867053
24,2026-07-16 21:24:57,"testSB_C",-0.324610606714089,859154
1,2026-07-17 00:24:57,"ntc1_C",-5.20785086256245,1046019
1,2026-07-17 00:24:57,"testSB_C",-5.21485994950297,1048712
2,2026-07-17 00:24:57,"ntc1_C",-5.1690880684269,1046015
2,2026-07-17 00:24:57,"ntc2_C",-5.14678698135583,1044805
2,2026-07-17 00:24:57,"testSB_C",-5.10300233546553,1045353
3,2026-07-17 00:24:57,"ntc1_C",-5.09305285420425,1044608
3,2026-07-17 00:24:57,"ntc2_C",-5.06601882985802,1042372
3,2026-07-17 00:24:57,"testSB_C",-5.07034873741242,1042231
4,2026-07-17 00:24:57,"ntc1_C",-5.0422240479142,1041908
4,2026-07-17 00:24:57,"ntc2_C",-5.02704037442328,1038854
4,2026-07-17 00:24:57,"testSB_C",-5.04958070930155,1039993
5,2026-07-17 00:24:57,"ntc1_C",-5.03277902471928,1039361
5,2026-07-17 00:24:57,"ntc2_C",-5.00950210051883,1039809
5,2026-07-17 00:24:57,"testSB_C",-5.00066479117066,1040240
6,2026-07-17 00:24:57,"ntc1_C",-4.99873135741944,1038638
6,2026-07-17 00:24:57,"ntc2_C",-4.97160615453544,1038603
6,2026-07-17 00:24:57,"testSB_C",-4.98880465873123,1039620
7,2026-07-17 00:24:57,"ntc1_C",-4.95301558264384,1036534
7,2026-07-17 00:24:57,"ntc2_C",-4.92882529715234,1037282
7,2026-07-17 00:24:57,"testSB_C",-4.94535074911715,1038052
8,2026-07-17 00:24:57,"ntc1_C",-4.91686080329509,1038840
8,2026-07-17 00:24:57,"ntc2_C",-4.90665185199532,1034347
8,2026-07-17 00:24:57,"testSB_C",-4.88296670661094,1031538
9,2026-07-17 00:24:57,"ntc1_C",-4.87417316862764,1032729
9,2026-07-17 00:24:57,"ntc2_C",-4.86138563879365,1035680
9,2026-07-17 00:24:57,"testSB_C",-4.87787806746798,1034718
10,2026-07-17 00:24:57,"ntc1_C",-4.86000549594507,1034496
10,2026-07-17 00:24:57,"ntc2_C",-4.82712022335403,1030486
10,2026-07-17 00:24:57,"testSB_C",-4.85280016957961,1032299
11,2026-07-17 00:24:57,"ntc1_C",-4.83552721778159,1033696
11,2026-07-17 00:24:57,"ntc2_C",-4.8169178200452,1032476
11,2026-07-17 00:24:57,"testSB_C",-4.82752095311486,1031525
12,2026-07-17 00:24:57,"ntc1_C",-4.78932400243281,1030911
12,2026-07-17 00:24:57,"ntc2_C",-4.78608887250726,1030190
12,2026-07-17 00:24:57,"testSB_C",-4.79549287297715,1030390
13,2026-07-17 00:24:57,"ntc1_C",-4.78520662756091,1033685
13,2026-07-17 00:24:57,"ntc2_C",-4.74894216682264,1026903
13,2026-07-17 00:24:57,"testSB_C",-4.75996684483181,1029049
14,2026-07-17 00:24:57,"ntc1_C",-4.74277900679454,1027337
14,2026-07-17 00:24:57,"ntc2_C",-4.72389722315614,1029023
14,2026-07-17 00:24:57,"testSB_C",-4.74479537196748,1029744
15,2026-07-17 00:24:57,"ntc1_C",-4.71522898592644,1025402
15,2026-07-17 00:24:57,"ntc2_C",-4.706127658441,1028497
15,2026-07-17 00:24:57,"testSB_C",-4.7032547673013,1028579
16,2026-07-17 00:24:57,"ntc1_C",-4.70235286042231,1025880
16,2026-07-17 00:24:57,"ntc2_C",-4.68073027297407,1024351
16,2026-07-17 00:24:57,"testSB_C",-4.67983156546137,1024259
17,2026-07-17 00:24:57,"ntc1_C",-4.67127491326761,1024506
17,2026-07-17 00:24:57,"ntc2_C",-4.66114349896941,1023675
17,2026-07-17 00:24:57,"testSB_C",-4.65492224695896,1026518
18,2026-07-17 00:24:57,"ntc1_C",-4.65562439610164,1026994
18,2026-07-17 00:24:57,"ntc2_C",-4.6350473574812,1023601
18,2026-07-17 00:24:57,"testSB_C",-4.64956455426977,1023371
19,2026-07-17 00:24:57,"ntc1_C",-4.63214360758883,1025668
19,2026-07-17 00:24:57,"ntc2_C",-4.6051480661215,1023464
19,2026-07-17 00:24:57,"testSB_C",-4.60152983204671,1024724
20,2026-07-17 00:24:57,"ntc1_C",-4.59920262056079,1022474
20,2026-07-17 00:24:57,"ntc2_C",-4.57877690314615,1023340
20,2026-07-17 00:24:57,"testSB_C",-4.57280842555912,1019964
21,2026-07-17 00:24:57,"ntc1_C",-4.57909718740376,1019872
21,2026-07-17 00:24:57,"ntc2_C",-4.56179999544031,1021526
21,2026-07-17 00:24:57,"testSB_C",-4.57550016063334,1022213
22,2026-07-17 00:24:57,"ntc1_C",-4.55871055494418,1021721
22,2026-07-17 00:24:57,"ntc2_C",-4.5180628743143,1021179
22,2026-07-17 00:24:57,"testSB_C",-4.53091419987965,1018833
23,2026-07-17 00:24:57,"ntc1_C",-4.50715726726662,1021658
23,2026-07-17 00:24:57,"ntc2_C",-4.48554307360109,1018222
23,2026-07-17 00:24:57,"testSB_C",-4.50213031792316,1017190
24,2026-07-17 00:24:57,"ntc1_C",-4.48510045620122,1018666
24,2026-07-17 00:24:57,"ntc2_C",-4.46652513856759,1019465
24,2026-07-17 00:24:57,"testSB_C",-4.4990293549107,1017040
1,2026-07-17 03:24:57,"ntc1_C",-5.08348287296718,1040747
1,2026-07-17 03:24:57,"testSB_C",-5.0644888930749,1042328
2,2026-07-17 03:24:57,"ntc1_C",-5.05208754270916,1041055
2,2026-07-17 03:24:57,"ntc2_C",-5.04191920789242,1040364
2,2026-07-17 03:24:57,"testSB_C",-5.01937864143673,1041812
3,2026-07-17 03:24:57,"ntc1_C",-5.02985179097351,1041931
3,2026-07-17 03:24:57,"ntc2_C",-5.01698247883633,1040298
3,2026-07-17 03:24:57,"testSB_C",-5.00609325135514,1039516
4,2026-07-17 03:24:57,"ntc1_C",-4.99500392777583,1039912
4,2026-07-17 03:24:57,"ntc2_C",-4.98275535228834,1036988
4,2026-07-17 03:24:57,"testSB_C",-4.98236417564425,1037159
5,2026-07-17 03:24:57,"ntc1_C",-4.97562746568514,1036951
5,2026-07-17 03:24:57,"ntc2_C",-4.96314345055754,1037854
5,2026-07-17 03:24:57,"testSB_C",-4.95428496555627,1038283
6,2026-07-17 03:24:57,"ntc1_C",-4.95687062842268,1036875
6,2026-07-17 03:24:57,"ntc2_C",-4.94961717555651,1037676
6,2026-07-17 03:24:57,"testSB_C",-4.94362579003013,1037715
7,2026-07-17 03:24:57,"ntc1_C",-4.9333853518466,1035708
7,2026-07-17 03:24:57,"ntc2_C",-4.92426683167184,1037090
7,2026-07-17 03:24:57,"testSB_C",-4.92210518272668,1037073
8,2026-07-17 03:24:57,"ntc1_C",-4.91524876234433,1038772
8,2026-07-17 03:24:57,"ntc2_C",-4.91527143207719,1034709
8,2026-07-17 03:24:57,"testSB_C",-4.89478518622974,1032033
9,2026-07-17 03:24:57,"ntc1_C",-4.88414429623839,1033147
9,2026-07-17 03:24:57,"ntc2_C",-4.88210794287693,1036552
9,2026-07-17 03:24:57,"testSB_C",-4.87966307000801,1034793
10,2026-07-17 03:24:57,"ntc1_C",-4.87307812750822,1035045
10,2026-07-17 03:24:57,"ntc2_C",-4.85667537766506,1031723
10,2026-07-17 03:24:57,"testSB_C",-4.85823960921715,1032527
11,2026-07-17 03:24:57,"ntc1_C",-4.84680128622887,1034169
11,2026-07-17 03:24:57,"ntc2_C",-4.8353098831372,1033247
11,2026-07-17 03:24:57,"testSB_C",-4.8313190379024,1031684
12,2026-07-17 03:24:57,"ntc1_C",-4.82030727898916,1032208
12,2026-07-17 03:24:57,"ntc2_C",-4.81525337443213,1031410
12,2026-07-17 03:24:57,"testSB_C",-4.80749243112177,1030892
13,2026-07-17 03:24:57,"ntc1_C",-4.80957541935538,1034708
13,2026-07-17 03:24:57,"ntc2_C",-4.78692840668475,1028488
13,2026-07-17 03:24:57,"testSB_C",-4.78195526569164,1029968
14,2026-07-17 03:24:57,"ntc1_C",-4.77710655221921,1028769
14,2026-07-17 03:24:57,"ntc2_C",-4.76419404859951,1030707
14,2026-07-17 03:24:57,"testSB_C",-4.76615199548075,1030637
15,2026-07-17 03:24:57,"ntc1_C",-4.75548489197695,1027078
15,2026-07-17 03:24:57,"ntc2_C",-4.7499202027953,1030327
15,2026-07-17 03:24:57,"testSB_C",-4.74625371328221,1030376
16,2026-07-17 03:24:57,"ntc1_C",-4.74745504484582,1027760
16,2026-07-17 03:24:57,"ntc2_C",-4.744604911723,1027011
16,2026-07-17 03:24:57,"testSB_C",-4.73668065473481,1026626
17,2026-07-17 03:24:57,"ntc1_C",-4.73625384774186,1027212
17,2026-07-17 03:24:57,"ntc2_C",-4.72931961486648,1026511
17,2026-07-17 03:24:57,"testSB_C",-4.72679583615115,1029517
18,2026-07-17 03:24:57,"ntc1_C",-4.72732129337925,1029986
18,2026-07-17 03:24:57,"ntc2_C",-4.71498999221325,1026925
18,2026-07-17 03:24:57,"testSB_C",-4.71692954316552,1026174
19,2026-07-17 03:24:57,"ntc1_C",-4.71171133521943,1028986
19,2026-07-17 03:24:57,"ntc2_C",-4.69857496552464,1027353
19,2026-07-17 03:24:57,"testSB_C",-4.69962792848304,1028813
20,2026-07-17 03:24:57,"ntc1_C",-4.70124606487252,1026719
20,2026-07-17 03:24:57,"ntc2_C",-4.69100042948531,1028013
20,2026-07-17 03:24:57,"testSB_C",-4.68393916495313,1024575
21,2026-07-17 03:24:57,"ntc1_C",-4.69572555352539,1024707
21,2026-07-17 03:24:57,"ntc2_C",-4.68724091216569,1026740
21,2026-07-17 03:24:57,"testSB_C",-4.68980903176072,1026967
22,2026-07-17 03:24:57,"ntc1_C",-4.68591373165265,1027009
22,2026-07-17 03:24:57,"ntc2_C",-4.67277861747209,1027607
22,2026-07-17 03:24:57,"testSB_C",-4.66831213623152,1024529
23,2026-07-17 03:24:57,"ntc1_C",-4.66158710290887,1028080
23,2026-07-17 03:24:57,"ntc2_C",-4.65286773229741,1025159
23,2026-07-17 03:24:57,"testSB_C",-4.66286541741334,1023841
24,2026-07-17 03:24:57,"ntc1_C",-4.65314119755845,1025638
24,2026-07-17 03:24:57,"ntc2_C",-4.64067452890686,1026695
24,2026-07-17 03:24:57,"testSB_C",-4.64066685401014,1022901
1,2026-07-17 06:24:57,"ntc1_C",-3.14164145857018,961921
1,2026-07-17 06:24:57,"testSB_C",-3.05706819619513,960870
2,2026-07-17 06:24:57,"ntc1_C",-3.08967320007622,961408
2,2026-07-17 06:24:57,"ntc2_C",-3.01112097886352,958124
2,2026-07-17 06:24:57,"testSB_C",-3.04586894567518,961765
3,2026-07-17 06:24:57,"ntc1_C",-2.73212486905442,949293
3,2026-07-17 06:24:57,"ntc2_C",-2.74674568492856,948824
3,2026-07-17 06:24:57,"testSB_C",-2.68007274483409,946025
4,2026-07-17 06:24:57,"ntc1_C",-2.68599212309272,947003
4,2026-07-17 06:24:57,"ntc2_C",-2.65768165762273,943755
4,2026-07-17 06:24:57,"testSB_C",-2.65015287978059,943641
5,2026-07-17 06:24:57,"ntc1_C",-2.66750301982773,944321
5,2026-07-17 06:24:57,"ntc2_C",-2.67547904554402,945978
5,2026-07-17 06:24:57,"testSB_C",-2.65987962133636,946097
6,2026-07-17 06:24:57,"ntc1_C",-2.6546079850105,944550
6,2026-07-17 06:24:57,"ntc2_C",-2.67997879268779,946473
6,2026-07-17 06:24:57,"testSB_C",-2.62531839014196,944675
7,2026-07-17 06:24:57,"ntc1_C",-2.58304312576877,941595
7,2026-07-17 06:24:57,"ntc2_C",-2.62905269109473,944959
7,2026-07-17 06:24:57,"testSB_C",-2.59908296392427,943923
8,2026-07-17 06:24:57,"ntc1_C",-2.58689250784784,945229
8,2026-07-17 06:24:57,"ntc2_C",-2.56179458318559,940603
8,2026-07-17 06:24:57,"testSB_C",-2.56181007456917,938954
9,2026-07-17 06:24:57,"ntc1_C",-2.54026167823997,939573
9,2026-07-17 06:24:57,"ntc2_C",-2.54793431704911,942973
9,2026-07-17 06:24:57,"testSB_C",-2.55500573431556,941755
10,2026-07-17 06:24:57,"ntc1_C",-2.53711932371374,941596
10,2026-07-17 06:24:57,"ntc2_C",-2.55698045765297,939938
10,2026-07-17 06:24:57,"testSB_C",-2.54722181433885,940221
11,2026-07-17 06:24:57,"ntc1_C",-2.53645384849102,941790
11,2026-07-17 06:24:57,"ntc2_C",-2.51768570791262,940655
11,2026-07-17 06:24:57,"testSB_C",-2.46808003742433,937517
12,2026-07-17 06:24:57,"ntc1_C",-2.50295973044422,939730
12,2026-07-17 06:24:57,"ntc2_C",-2.47559938841908,938155
12,2026-07-17 06:24:57,"testSB_C",-2.50219247279307,938969
13,2026-07-17 06:24:57,"ntc1_C",-2.48147998320087,941569
13,2026-07-17 06:24:57,"ntc2_C",-2.47033910162043,936327
13,2026-07-17 06:24:57,"testSB_C",-2.44026561727117,936732
14,2026-07-17 06:24:57,"ntc1_C",-2.4375794024142,935766
14,2026-07-17 06:24:57,"ntc2_C",-2.46218370782418,938949
14,2026-07-17 06:24:57,"testSB_C",-2.40888694379987,936770
15,2026-07-17 06:24:57,"ntc1_C",-2.45034317040563,935546
15,2026-07-17 06:24:57,"ntc2_C",-2.38268764217401,936098
15,2026-07-17 06:24:57,"testSB_C",-2.37049990689377,935816
16,2026-07-17 06:24:57,"ntc1_C",-2.39566818604555,934348
16,2026-07-17 06:24:57,"ntc2_C",-2.41538740450017,934504
16,2026-07-17 06:24:57,"testSB_C",-2.39942411973311,933846
17,2026-07-17 06:24:57,"ntc1_C",-2.38721363793422,933950
17,2026-07-17 06:24:57,"ntc2_C",-2.38753989211904,933618
17,2026-07-17 06:24:57,"testSB_C",-2.40539379124579,937103
18,2026-07-17 06:24:57,"ntc1_C",-2.382623145683,936677
18,2026-07-17 06:24:57,"ntc2_C",-2.41908117355149,935781
18,2026-07-17 06:24:57,"testSB_C",-2.37519547169751,933264
19,2026-07-17 06:24:57,"ntc1_C",-2.36987179244767,935842
19,2026-07-17 06:24:57,"ntc2_C",-2.43443888095203,937289
19,2026-07-17 06:24:57,"testSB_C",-2.40648666931014,937518
20,2026-07-17 06:24:57,"ntc1_C",-2.35506456201199,933593
20,2026-07-17 06:24:57,"ntc2_C",-2.39974314125567,936855
20,2026-07-17 06:24:57,"testSB_C",-2.32233094148006,931094
21,2026-07-17 06:24:57,"ntc1_C",-2.3713846542459,932694
21,2026-07-17 06:24:57,"ntc2_C",-2.3922776446696,935580
21,2026-07-17 06:24:57,"testSB_C",-2.38622656838498,935452
22,2026-07-17 06:24:57,"ntc1_C",-2.36563992778775,934879
22,2026-07-17 06:24:57,"ntc2_C",-2.40986325674601,937647
22,2026-07-17 06:24:57,"testSB_C",-2.40904653017799,934939
23,2026-07-17 06:24:57,"ntc1_C",-2.43537885703881,939427
23,2026-07-17 06:24:57,"ntc2_C",-2.44927913853792,937613
23,2026-07-17 06:24:57,"testSB_C",-2.47408063443521,937034
24,2026-07-17 06:24:57,"ntc1_C",-2.43442660060242,937449
24,2026-07-17 06:24:57,"ntc2_C",-2.42808109562714,938671
24,2026-07-17 06:24:57,"testSB_C",-2.2843585225927,929810
1,2026-07-17 09:24:57,"ntc1_C",-0.291051767777333,857341
1,2026-07-17 09:24:57,"testSB_C",-0.209057856739832,856560
2,2026-07-17 09:24:57,"ntc1_C",-0.270956772872466,857984
2,2026-07-17 09:24:57,"ntc2_C",-0.182031200332233,854724
2,2026-07-17 09:24:57,"testSB_C",-0.241643171425494,858920
3,2026-07-17 09:24:57,"ntc1_C",0.00536775766136088,850058
3,2026-07-17 09:24:57,"ntc2_C",-0.0268515758294825,850196
3,2026-07-17 09:24:57,"testSB_C",0.0253834559837287,848249
4,2026-07-17 09:24:57,"ntc1_C",0.0759427959766867,847161
4,2026-07-17 09:24:57,"ntc2_C",-0.0119810770768254,848247
4,2026-07-17 09:24:57,"testSB_C",0.0895460721548034,844950
5,2026-07-17 09:24:57,"ntc1_C",0.00640693338664278,847741
5,2026-07-17 09:24:57,"ntc2_C",0.000961289989731995,849195
5,2026-07-17 09:24:57,"testSB_C",0.0474642713220987,848232
6,2026-07-17 09:24:57,"ntc1_C",0.0349515148952833,847487
6,2026-07-17 09:24:57,"ntc2_C",-0.0814008462306219,852265
6,2026-07-17 09:24:57,"testSB_C",0.0347099770493173,848580
7,2026-07-17 09:24:57,"ntc1_C",0.0860730809221764,845483
7,2026-07-17 09:24:57,"ntc2_C",0.0159092684678512,849321
7,2026-07-17 09:24:57,"testSB_C",0.0314243087041746,848931
8,2026-07-17 09:24:57,"ntc1_C",-0.0478260399986539,853203
8,2026-07-17 09:24:57,"ntc2_C",0.0570333765158466,846347
8,2026-07-17 09:24:57,"testSB_C",-0.0343203637658007,847974
9,2026-07-17 09:24:57,"ntc1_C",-0.0594348583889541,850148
9,2026-07-17 09:24:57,"ntc2_C",0.0311652274666017,849789
9,2026-07-17 09:24:57,"testSB_C",0.0340628342337368,848371
10,2026-07-17 09:24:57,"ntc1_C",0.0443480375240028,848526
10,2026-07-17 09:24:57,"ntc2_C",-0.0423811979749189,849297
10,2026-07-17 09:24:57,"testSB_C",-0.0444940933722364,849938
11,2026-07-17 09:24:57,"ntc1_C",0.0303655977904214,849213
11,2026-07-17 09:24:57,"ntc2_C",-0.0133842831784818,850309
11,2026-07-17 09:24:57,"testSB_C",0.0510073579057462,846994
12,2026-07-17 09:24:57,"ntc1_C",-0.0464179027383693,851112
12,2026-07-17 09:24:57,"ntc2_C",0.0140290442864739,848558
12,2026-07-17 09:24:57,"testSB_C",-0.0353519084322897,850052
13,2026-07-17 09:24:57,"ntc1_C",0.0105930326906218,851527
13,2026-07-17 09:24:57,"ntc2_C",0.0511617230030765,845773
13,2026-07-17 09:24:57,"testSB_C",0.115235622686725,844992
14,2026-07-17 09:24:57,"ntc1_C",0.130191780626717,843748
14,2026-07-17 09:24:57,"ntc2_C",0.0557299021127733,848306
14,2026-07-17 09:24:57,"testSB_C",0.126119930245693,845748
15,2026-07-17 09:24:57,"ntc1_C",0.0811760580030523,844795
15,2026-07-17 09:24:57,"ntc2_C",0.156032384614548,845006
15,2026-07-17 09:24:57,"testSB_C",0.100317792790122,847056
16,2026-07-17 09:24:57,"ntc1_C",0.0397111119420401,846935
16,2026-07-17 09:24:57,"ntc2_C",0.0691041245320321,845388
16,2026-07-17 09:24:57,"testSB_C",0.0417522223086735,846264
17,2026-07-17 09:24:57,"ntc1_C",0.118866802756884,844162
17,2026-07-17 09:24:57,"ntc2_C",0.0953796632480248,844676
17,2026-07-17 09:24:57,"testSB_C",0.104405104188743,846888
18,2026-07-17 09:24:57,"ntc1_C",0.125666021566985,846587
18,2026-07-17 09:24:57,"ntc2_C",0.0446830091141237,847331
18,2026-07-17 09:24:57,"testSB_C",0.127633842121213,843637
19,2026-07-17 09:24:57,"ntc1_C",0.0476869629172825,848895
19,2026-07-17 09:24:57,"ntc2_C",-0.0391096661571737,850948
19,2026-07-17 09:24:57,"testSB_C",0.0556792933796828,848874
20,2026-07-17 09:24:57,"ntc1_C",0.130642375342063,844516
20,2026-07-17 09:24:57,"ntc2_C",0.0483303745090211,848747
20,2026-07-17 09:24:57,"testSB_C",0.180207696891443,841724
21,2026-07-17 09:24:57,"ntc1_C",0.112311525176096,843876
21,2026-07-17 09:24:57,"ntc2_C",0.0326736027455468,848408
21,2026-07-17 09:24:57,"testSB_C",0.090211151452877,846533
22,2026-07-17 09:24:57,"ntc1_C",0.101545749708976,846357
22,2026-07-17 09:24:57,"ntc2_C",0.0126422389236609,850434
22,2026-07-17 09:24:57,"testSB_C",0.0672986912884426,846109
23,2026-07-17 09:24:57,"ntc1_C",0.011713916272015,851143
23,2026-07-17 09:24:57,"ntc2_C",-0.0662852075763567,851694
23,2026-07-17 09:24:57,"testSB_C",-0.0179551072615709,848737
24,2026-07-17 09:24:57,"ntc1_C",0.0441328485212011,848246
24,2026-07-17 09:24:57,"ntc2_C",0.0331264311968198,849969
24,2026-07-17 09:24:57,"testSB_C",0.289519413727589,838195
1,2026-07-17 12:24:57,"ntc1_C",0.841045785132224,819199
1,2026-07-17 12:24:57,"testSB_C",0.992563338175955,816199
2,2026-07-17 12:24:57,"ntc1_C",0.934886111177605,817384
2,2026-07-17 12:24:57,"ntc2_C",1.06603584150793,812913
2,2026-07-17 12:24:57,"testSB_C",0.871617266306941,821366
3,2026-07-17 12:24:57,"ntc1_C",1.37878699121387,804451
3,2026-07-17 12:24:57,"ntc2_C",1.3061418529083,805864
3,2026-07-17 12:24:57,"testSB_C",1.4672429421704,800551
4,2026-07-17 12:24:57,"ntc1_C",1.43599756070637,802137
4,2026-07-17 12:24:57,"ntc2_C",1.43264483967096,800454
4,2026-07-17 12:24:57,"testSB_C",1.51336583990667,798021
5,2026-07-17 12:24:57,"ntc1_C",1.44793871446461,800052
5,2026-07-17 12:24:57,"ntc2_C",1.35798379720183,804171
5,2026-07-17 12:24:57,"testSB_C",1.41752284389656,802835
6,2026-07-17 12:24:57,"ntc1_C",1.41485146092197,801828
6,2026-07-17 12:24:57,"ntc2_C",1.22306613914122,808753
6,2026-07-17 12:24:57,"testSB_C",1.38932323994459,803660
7,2026-07-17 12:24:57,"ntc1_C",1.48400598883478,799331
7,2026-07-17 12:24:57,"ntc2_C",1.28848650729657,806999
7,2026-07-17 12:24:57,"testSB_C",1.45208481084711,801876
8,2026-07-17 12:24:57,"ntc1_C",1.36083354245113,806272
8,2026-07-17 12:24:57,"ntc2_C",1.40433408047636,801794
8,2026-07-17 12:24:57,"testSB_C",1.37987003925252,801176
9,2026-07-17 12:24:57,"ntc1_C",1.40177592054152,801725
9,2026-07-17 12:24:57,"ntc2_C",1.34507311683598,806105
9,2026-07-17 12:24:57,"testSB_C",1.36176875720741,804326
10,2026-07-17 12:24:57,"ntc1_C",1.39933569483958,803610
10,2026-07-17 12:24:57,"ntc2_C",1.23570237476179,806810
10,2026-07-17 12:24:57,"testSB_C",1.21365326312309,808052
11,2026-07-17 12:24:57,"ntc1_C",1.32782251218646,806121
11,2026-07-17 12:24:57,"ntc2_C",1.24351328412115,808462
11,2026-07-17 12:24:57,"testSB_C",1.34409008786156,804158
12,2026-07-17 12:24:57,"ntc1_C",1.17648205874752,810326
12,2026-07-17 12:24:57,"ntc2_C",1.266767848021,806933
12,2026-07-17 12:24:57,"testSB_C",1.15050943305073,810513
13,2026-07-17 12:24:57,"ntc1_C",1.30481963511306,808390
13,2026-07-17 12:24:57,"ntc2_C",1.30240411148088,804313
13,2026-07-17 12:24:57,"testSB_C",1.38479139804593,802987
14,2026-07-17 12:24:57,"ntc1_C",1.44055243727746,800517
14,2026-07-17 12:24:57,"ntc2_C",1.33336389341554,805887
14,2026-07-17 12:24:57,"testSB_C",1.49192263418223,800622
15,2026-07-17 12:24:57,"ntc1_C",1.36999318399592,802207
15,2026-07-17 12:24:57,"ntc2_C",1.47279051357941,801490
15,2026-07-17 12:24:57,"testSB_C",1.4427479406242,802597
16,2026-07-17 12:24:57,"ntc1_C",1.44478444288393,800467
16,2026-07-17 12:24:57,"ntc2_C",1.38034744522429,802014
16,2026-07-17 12:24:57,"testSB_C",1.48681016267182,798543
17,2026-07-17 12:24:57,"ntc1_C",1.52122961192953,797934
17,2026-07-17 12:24:57,"ntc2_C",1.48066774261417,798978
17,2026-07-17 12:24:57,"testSB_C",1.47069126668015,801670
18,2026-07-17 12:24:57,"ntc1_C",1.44616415792729,802874
18,2026-07-17 12:24:57,"ntc2_C",1.31651935556016,805164
18,2026-07-17 12:24:57,"testSB_C",1.48565674918166,798850
19,2026-07-17 12:24:57,"ntc1_C",1.42757019203634,803125
19,2026-07-17 12:24:57,"ntc2_C",1.25717187138491,807758
19,2026-07-17 12:24:57,"testSB_C",1.35527350384007,805692
20,2026-07-17 12:24:57,"ntc1_C",1.53668746752788,798141
20,2026-07-17 12:24:57,"ntc2_C",1.31527180594662,806621
20,2026-07-17 12:24:57,"testSB_C",1.61077776014997,794746
21,2026-07-17 12:24:57,"ntc1_C",1.53968849243103,796913
21,2026-07-17 12:24:57,"ntc2_C",1.33328093829709,805223
21,2026-07-17 12:24:57,"testSB_C",1.49593738092295,800069
22,2026-07-17 12:24:57,"ntc1_C",1.5290043283519,799223
22,2026-07-17 12:24:57,"ntc2_C",1.33166922805725,806590
22,2026-07-17 12:24:57,"testSB_C",1.39804694941148,802099
23,2026-07-17 12:24:57,"ntc1_C",1.33552390372023,807071
23,2026-07-17 12:24:57,"ntc2_C",1.21262395424912,809046
23,2026-07-17 12:24:57,"testSB_C",1.27735088619812,805752
24,2026-07-17 12:24:57,"ntc1_C",1.38469168559141,803772
24,2026-07-17 12:24:57,"ntc2_C",1.31538938232188,807301
24,2026-07-17 12:24:57,"testSB_C",1.56379242742389,796414
1,2026-07-17 15:24:57,"ntc1_C",0.74145694720022,822481
1,2026-07-17 15:24:57,"testSB_C",0.849279884898522,820904
2,2026-07-17 15:24:57,"ntc1_C",0.7894799116184,822170
2,2026-07-17 15:24:57,"ntc2_C",0.897415031084222,818433
2,2026-07-17 15:24:57,"testSB_C",0.947236166159257,818879
3,2026-07-17 15:24:57,"ntc1_C",1.15683750634668,811642
3,2026-07-17 15:24:57,"ntc2_C",0.973945180957742,816678
3,2026-07-17 15:24:57,"testSB_C",1.00478781061241,815532
4,2026-07-17 15:24:57,"ntc1_C",1.27397458815545,807365
4,2026-07-17 15:24:57,"ntc2_C",1.1826159443616,808517
4,2026-07-17 15:24:57,"testSB_C",1.10565211469969,811170
5,2026-07-17 15:24:57,"ntc1_C",1.19273318690102,808283
5,2026-07-17 15:24:57,"ntc2_C",1.14797124629803,810970
5,2026-07-17 15:24:57,"testSB_C",1.08132883922383,813731
6,2026-07-17 15:24:57,"ntc1_C",1.25225121446027,807070
6,2026-07-17 15:24:57,"ntc2_C",1.00963496428784,815708
6,2026-07-17 15:24:57,"testSB_C",1.22158358435843,809083
7,2026-07-17 15:24:57,"ntc1_C",1.08297846054501,812291
7,2026-07-17 15:24:57,"ntc2_C",1.08405988137599,813644
7,2026-07-17 15:24:57,"testSB_C",1.14729395671134,811733
8,2026-07-17 15:24:57,"ntc1_C",0.98318340868002,818579
8,2026-07-17 15:24:57,"ntc2_C",1.14734679545796,810096
8,2026-07-17 15:24:57,"testSB_C",1.05136109641893,811797
9,2026-07-17 15:24:57,"ntc1_C",1.03916451169994,813462
9,2026-07-17 15:24:57,"ntc2_C",1.13083738573545,813062
9,2026-07-17 15:24:57,"testSB_C",1.32120771408182,805635
10,2026-07-17 15:24:57,"ntc1_C",1.23609479042199,808885
10,2026-07-17 15:24:57,"ntc2_C",1.42461008068273,800724
10,2026-07-17 15:24:57,"testSB_C",1.02712998320419,814121
11,2026-07-17 15:24:57,"ntc1_C",1.20352500094941,810147
11,2026-07-17 15:24:57,"ntc2_C",1.2896844266142,806967
11,2026-07-17 15:24:57,"testSB_C",1.28300359816478,806129
12,2026-07-17 15:24:57,"ntc1_C",1.08344367963201,813355
12,2026-07-17 15:24:57,"ntc2_C",1.17698533118181,809843
12,2026-07-17 15:24:57,"testSB_C",1.04039468756991,814101
13,2026-07-17 15:24:57,"ntc1_C",1.3525519041271,806844
13,2026-07-17 15:24:57,"ntc2_C",1.2128379329198,807208
13,2026-07-17 15:24:57,"testSB_C",1.16286905076021,810167
14,2026-07-17 15:24:57,"ntc1_C",1.07404809668895,812367
14,2026-07-17 15:24:57,"ntc2_C",1.01220748649052,816334
14,2026-07-17 15:24:57,"testSB_C",1.46168281818746,801593
15,2026-07-17 15:24:57,"ntc1_C",1.28541019891486,804931
15,2026-07-17 15:24:57,"ntc2_C",1.4346026853151,802718
15,2026-07-17 15:24:57,"testSB_C",1.31074618935276,806857
16,2026-07-17 15:24:57,"ntc1_C",1.04941307747305,813263
16,2026-07-17 15:24:57,"ntc2_C",1.02874659449981,813408
16,2026-07-17 15:24:57,"testSB_C",1.11584542210198,810515
17,2026-07-17 15:24:57,"ntc1_C",1.17694901963398,809029
17,2026-07-17 15:24:57,"ntc2_C",1.24820109575757,806460
17,2026-07-17 15:24:57,"testSB_C",1.15733051473757,811810
18,2026-07-17 15:24:57,"ntc1_C",1.40161804384877,804309
18,2026-07-17 15:24:57,"ntc2_C",1.34762453067481,804161
18,2026-07-17 15:24:57,"testSB_C",1.4891530832931,798738
19,2026-07-17 15:24:57,"ntc1_C",1.40410796068767,803881
19,2026-07-17 15:24:57,"ntc2_C",1.1673981486,810673
19,2026-07-17 15:24:57,"testSB_C",1.36759209715558,805294
20,2026-07-17 15:24:57,"ntc1_C",1.49563744189999,799456
20,2026-07-17 15:24:57,"ntc2_C",1.48092161496612,801279
20,2026-07-17 15:24:57,"testSB_C",1.75195766504208,790263
21,2026-07-17 15:24:57,"ntc1_C",1.64196772834003,793656
21,2026-07-17 15:24:57,"ntc2_C",1.60642935690856,796453
21,2026-07-17 15:24:57,"testSB_C",1.66989404593204,794510
22,2026-07-17 15:24:57,"ntc1_C",1.65891210614365,795074
22,2026-07-17 15:24:57,"ntc2_C",1.59192980080576,798226
22,2026-07-17 15:24:57,"testSB_C",1.29325201693388,805475
23,2026-07-17 15:24:57,"ntc1_C",1.42632489235189,804138
23,2026-07-17 15:24:57,"ntc2_C",1.26365269395126,807392
23,2026-07-17 15:24:57,"testSB_C",1.35163416456976,803358
24,2026-07-17 15:24:57,"ntc1_C",1.53258635145738,799019
24,2026-07-17 15:24:57,"ntc2_C",1.44528573292655,803107
24,2026-07-17 15:24:57,"testSB_C",1.47848141334197,799141
1,2026-07-17 18:24:57,"ntc1_C",1.27680604957521,805001
1,2026-07-17 18:24:57,"testSB_C",1.28307956724302,806747
2,2026-07-17 18:24:57,"ntc1_C",1.23086510167076,807733
2,2026-07-17 18:24:57,"ntc2_C",1.35602664606682,803512
2,2026-07-17 18:24:57,"testSB_C",1.29901669258112,807414
3,2026-07-17 18:24:57,"ntc1_C",1.94076873541246,786544
3,2026-07-17 18:24:57,"ntc2_C",1.90507765021619,786749
3,2026-07-17 18:24:57,"testSB_C",1.99850508837113,783701
4,2026-07-17 18:24:57,"ntc1_C",1.98242312066736,784769
4,2026-07-17 18:24:57,"ntc2_C",2.0034168156256,782366
4,2026-07-17 18:24:57,"testSB_C",1.97040514049525,783550
5,2026-07-17 18:24:57,"ntc1_C",1.9409283502423,784403
5,2026-07-17 18:24:57,"ntc2_C",1.91368835682869,786471
5,2026-07-17 18:24:57,"testSB_C",1.90720202326304,787241
6,2026-07-17 18:24:57,"ntc1_C",1.91711193745147,785863
6,2026-07-17 18:24:57,"ntc2_C",1.87924515707545,787762
6,2026-07-17 18:24:57,"testSB_C",1.96296776305138,785404
7,2026-07-17 18:24:57,"ntc1_C",2.01327451683466,782562
7,2026-07-17 18:24:57,"ntc2_C",1.97017033976368,785254
7,2026-07-17 18:24:57,"testSB_C",1.92804137559551,786737
8,2026-07-17 18:24:57,"ntc1_C",1.85042172291867,790609
8,2026-07-17 18:24:57,"ntc2_C",1.92108581335435,785373
8,2026-07-17 18:24:57,"testSB_C",1.87939873288497,785308
9,2026-07-17 18:24:57,"ntc1_C",1.99564639536953,782890
9,2026-07-17 18:24:57,"ntc2_C",2.04514893857333,783809
9,2026-07-17 18:24:57,"testSB_C",1.99671713080772,784127
10,2026-07-17 18:24:57,"ntc1_C",1.89924601203944,787682
10,2026-07-17 18:24:57,"ntc2_C",1.84604290271596,787322
10,2026-07-17 18:24:57,"testSB_C",1.87537247581736,786906
11,2026-07-17 18:24:57,"ntc1_C",1.95142212871491,786241
11,2026-07-17 18:24:57,"ntc2_C",1.97292970104354,785184
11,2026-07-17 18:24:57,"testSB_C",2.00289033308064,783224
12,2026-07-17 18:24:57,"ntc1_C",1.89050022850091,787475
12,2026-07-17 18:24:57,"ntc2_C",1.86647781648361,787778
12,2026-07-17 18:24:57,"testSB_C",1.8241628187165,788925
13,2026-07-17 18:24:57,"ntc1_C",1.81500525988753,792027
13,2026-07-17 18:24:57,"ntc2_C",1.78724184555205,788832
13,2026-07-17 18:24:57,"testSB_C",1.85282045257361,788065
14,2026-07-17 18:24:57,"ntc1_C",1.93207803087387,784912
14,2026-07-17 18:24:57,"ntc2_C",1.83284911472475,789920
14,2026-07-17 18:24:57,"testSB_C",1.87569625955302,788407
15,2026-07-17 18:24:57,"ntc1_C",1.82666398938562,787668
15,2026-07-17 18:24:57,"ntc2_C",1.93455652038853,786798
15,2026-07-17 18:24:57,"testSB_C",1.91321851567602,787607
16,2026-07-17 18:24:57,"ntc1_C",1.87743535756658,786709
16,2026-07-17 18:24:57,"ntc2_C",1.83833267704932,787426
16,2026-07-17 18:24:57,"testSB_C",1.87188680016664,786314
17,2026-07-17 18:24:57,"ntc1_C",1.92449785754008,785143
17,2026-07-17 18:24:57,"ntc2_C",1.88313711965316,786198
17,2026-07-17 18:24:57,"testSB_C",1.90185750629848,787937
18,2026-07-17 18:24:57,"ntc1_C",1.95477275653775,786681
18,2026-07-17 18:24:57,"ntc2_C",1.90414728590616,786438
18,2026-07-17 18:24:57,"testSB_C",1.94160858983741,784384
19,2026-07-17 18:24:57,"ntc1_C",1.94765911586563,786559
19,2026-07-17 18:24:57,"ntc2_C",1.80926345224839,790074
19,2026-07-17 18:24:57,"testSB_C",1.83319047021956,790403
20,2026-07-17 18:24:57,"ntc1_C",1.95518792062114,784865
20,2026-07-17 18:24:57,"ntc2_C",1.90019549531945,787925
20,2026-07-17 18:24:57,"testSB_C",2.18950952297882,776539
21,2026-07-17 18:24:57,"ntc1_C",2.24739967756517,774664
21,2026-07-17 18:24:57,"ntc2_C",2.35802589679702,772841
21,2026-07-17 18:24:57,"testSB_C",2.47134009870183,769424
22,2026-07-17 18:24:57,"ntc1_C",2.58880669287191,766036
22,2026-07-17 18:24:57,"ntc2_C",2.22229556833258,778348
22,2026-07-17 18:24:57,"testSB_C",1.90418926330057,786004
23,2026-07-17 18:24:57,"ntc1_C",1.82264799080957,791468
23,2026-07-17 18:24:57,"ntc2_C",1.91869572967124,786476
23,2026-07-17 18:24:57,"testSB_C",1.88612242929906,786354
24,2026-07-17 18:24:57,"ntc1_C",1.94410691526349,785950
24,2026-07-17 18:24:57,"ntc2_C",1.89935946422264,788627
24,2026-07-17 18:24:57,"testSB_C",1.92124298491677,785095
1,2026-07-17 21:24:57,"ntc1_C",-0.672951229613204,870628
1,2026-07-17 21:24:57,"testSB_C",-0.628884375581606,871155
2,2026-07-17 21:24:57,"ntc1_C",-0.505537169598256,866127
2,2026-07-17 21:24:57,"ntc2_C",-0.305898670676015,858996
2,2026-07-17 21:24:57,"testSB_C",-0.546030701645236,869501
3,2026-07-17 21:24:57,"ntc1_C",0.206601865419145,843208
3,2026-07-17 21:24:57,"ntc2_C",0.25641112148412,840564
3,2026-07-17 21:24:57,"testSB_C",0.570752163287693,829863
4,2026-07-17 21:24:57,"ntc1_C",0.325239586206806,838712
4,2026-07-17 21:24:57,"ntc2_C",0.305989736546962,837474
4,2026-07-17 21:24:57,"testSB_C",0.633138451779132,826697
5,2026-07-17 21:24:57,"ntc1_C",0.567929430733557,828816
5,2026-07-17 21:24:57,"ntc2_C",0.34806728716859,837430
5,2026-07-17 21:24:57,"testSB_C",0.480479635761242,833597
6,2026-07-17 21:24:57,"ntc1_C",0.550019744666486,830130
6,2026-07-17 21:24:57,"ntc2_C",0.255972057704867,840779
6,2026-07-17 21:24:57,"testSB_C",0.517074333507139,832287
7,2026-07-17 21:24:57,"ntc1_C",0.705161806785384,824705
7,2026-07-17 21:24:57,"ntc2_C",0.29829139687206,839731
7,2026-07-17 21:24:57,"testSB_C",0.597320116325818,829846
8,2026-07-17 21:24:57,"ntc1_C",0.586205458074915,831731
8,2026-07-17 21:24:57,"ntc2_C",0.684545480980773,825278
8,2026-07-17 21:24:57,"testSB_C",0.475874153422581,830765
9,2026-07-17 21:24:57,"ntc1_C",0.677388265675972,825354
9,2026-07-17 21:24:57,"ntc2_C",0.543854894280969,832452
9,2026-07-17 21:24:57,"testSB_C",0.751828216731838,824251
10,2026-07-17 21:24:57,"ntc1_C",0.72185168276161,825744
10,2026-07-17 21:24:57,"ntc2_C",0.394654125303305,834508
10,2026-07-17 21:24:57,"testSB_C",0.831478591114717,820539
11,2026-07-17 21:24:57,"ntc1_C",0.672944251458375,827574
11,2026-07-17 21:24:57,"ntc2_C",0.568243416626956,830666
11,2026-07-17 21:24:57,"testSB_C",0.801221351522827,821855
12,2026-07-17 21:24:57,"ntc1_C",0.406902837433051,835745
12,2026-07-17 21:24:57,"ntc2_C",0.62782984673504,827886
12,2026-07-17 21:24:57,"testSB_C",0.634347289776485,827478
13,2026-07-17 21:24:57,"ntc1_C",0.688781175561473,828627
13,2026-07-17 21:24:57,"ntc2_C",0.550330124207562,828968
13,2026-07-17 21:24:57,"testSB_C",0.749531866226448,823722
14,2026-07-17 21:24:57,"ntc1_C",0.858042157220495,819438
14,2026-07-17 21:24:57,"ntc2_C",0.534583667076447,832137
14,2026-07-17 21:24:57,"testSB_C",0.781501497014631,823767
15,2026-07-17 21:24:57,"ntc1_C",0.669277275003708,825072
15,2026-07-17 21:24:57,"ntc2_C",0.678359851670905,827452
15,2026-07-17 21:24:57,"testSB_C",0.646127793830544,828673
16,2026-07-17 21:24:57,"ntc1_C",0.883565280466371,818695
16,2026-07-17 21:24:57,"ntc2_C",0.686857469645361,824652
16,2026-07-17 21:24:57,"testSB_C",0.814510155339804,820380
17,2026-07-17 21:24:57,"ntc1_C",0.831018609797013,820342
17,2026-07-17 21:24:57,"ntc2_C",0.72969594516104,823417
17,2026-07-17 21:24:57,"testSB_C",0.751306646159435,825151
18,2026-07-17 21:24:57,"ntc1_C",0.805318347742116,823782
18,2026-07-17 21:24:57,"ntc2_C",0.628826867063594,827681
18,2026-07-17 21:24:57,"testSB_C",0.775221563979585,821957
19,2026-07-17 21:24:57,"ntc1_C",0.780466393547158,824255
19,2026-07-17 21:24:57,"ntc2_C",0.571284913184286,830314
19,2026-07-17 21:24:57,"testSB_C",0.65375295378243,828705
20,2026-07-17 21:24:57,"ntc1_C",0.955330617544178,816980
20,2026-07-17 21:24:57,"ntc2_C",0.554294609989768,831651
20,2026-07-17 21:24:57,"testSB_C",0.969821915911552,815441
21,2026-07-17 21:24:57,"ntc1_C",0.910061155963149,817278
21,2026-07-17 21:24:57,"ntc2_C",0.544768850931462,831119
21,2026-07-17 21:24:57,"testSB_C",0.736247977383528,824834
22,2026-07-17 21:24:57,"ntc1_C",0.965692221435233,817482
22,2026-07-17 21:24:57,"ntc2_C",0.597517733025256,830689
22,2026-07-17 21:24:57,"testSB_C",0.837643434814368,820329
23,2026-07-17 21:24:57,"ntc1_C",0.747578517568684,826339
23,2026-07-17 21:24:57,"ntc2_C",0.58025012985155,829844
23,2026-07-17 21:24:57,"testSB_C",0.638270700742112,826664
24,2026-07-17 21:24:57,"ntc1_C",0.807753961754486,822602
24,2026-07-17 21:24:57,"ntc2_C",0.724331565391424,826680
24,2026-07-17 21:24:57,"testSB_C",0.96467588080975,815776
1,2026-07-18 00:24:57,"ntc1_C",-0.337340593303452,858940
1,2026-07-18 00:24:57,"testSB_C",-0.324605929619793,860551
2,2026-07-18 00:24:57,"ntc1_C",-0.220120539371464,856230
2,2026-07-18 00:24:57,"ntc2_C",-0.177640967526429,854573
2,2026-07-18 00:24:57,"testSB_C",-0.152527782299899,855848
3,2026-07-18 00:24:57,"ntc1_C",-0.180059676257429,856422
3,2026-07-18 00:24:57,"ntc2_C",-0.155210114891474,854599
3,2026-07-18 00:24:57,"testSB_C",-0.122107358308085,853295
4,2026-07-18 00:24:57,"ntc1_C",-0.134435563422926,854361
4,2026-07-18 00:24:57,"ntc2_C",-0.113608330095587,851721
4,2026-07-18 00:24:57,"testSB_C",-0.0712021636175564,850429
5,2026-07-18 00:24:57,"ntc1_C",-0.0713951547781448,850399
5,2026-07-18 00:24:57,"ntc2_C",-0.0510819930561297,850974
5,2026-07-18 00:24:57,"testSB_C",-0.0290163557345977,850845
6,2026-07-18 00:24:57,"ntc1_C",-0.0414171683789846,850093
6,2026-07-18 00:24:57,"ntc2_C",-0.0399531166369798,850845
6,2026-07-18 00:24:57,"testSB_C",-0.0155808816116405,850298
7,2026-07-18 00:24:57,"ntc1_C",-0.0114420950047247,848806
7,2026-07-18 00:24:57,"ntc2_C",-0.0222270216163452,850625
7,2026-07-18 00:24:57,"testSB_C",0.00501283282778786,849833
8,2026-07-18 00:24:57,"ntc1_C",0.00753467860670298,851305
8,2026-07-18 00:24:57,"ntc2_C",0.0200611862513824,847606
8,2026-07-18 00:24:57,"testSB_C",0.00697962066237778,846567
9,2026-07-18 00:24:57,"ntc1_C",0.0491533709051168,846445
9,2026-07-18 00:24:57,"ntc2_C",0.0471420459464866,849243
9,2026-07-18 00:24:57,"testSB_C",0.0506570527732606,847805
10,2026-07-18 00:24:57,"ntc1_C",0.069542427187514,847667
10,2026-07-18 00:24:57,"ntc2_C",0.064552002075061,845653
10,2026-07-18 00:24:57,"testSB_C",0.056187160430909,846503
11,2026-07-18 00:24:57,"ntc1_C",0.0732609605153698,847750
11,2026-07-18 00:24:57,"ntc2_C",0.068355915542611,847519
11,2026-07-18 00:24:57,"testSB_C",0.0696656562053022,846359
12,2026-07-18 00:24:57,"ntc1_C",0.0659859901477944,847274
12,2026-07-18 00:24:57,"ntc2_C",0.0698396866999929,846656
12,2026-07-18 00:24:57,"testSB_C",0.0517646573256911,847079
13,2026-07-18 00:24:57,"ntc1_C",0.0570259185450368,849938
13,2026-07-18 00:24:57,"ntc2_C",0.0650969808264108,845299
13,2026-07-18 00:24:57,"testSB_C",0.053558131200873,847091
14,2026-07-18 00:24:57,"ntc1_C",0.0517821936476821,846412
14,2026-07-18 00:24:57,"ntc2_C",0.0605089505381216,848143
14,2026-07-18 00:24:57,"testSB_C",0.051580636164374,848287
15,2026-07-18 00:24:57,"ntc1_C",0.0660149258113165,845310
15,2026-07-18 00:24:57,"ntc2_C",0.0655112662299189,848088
15,2026-07-18 00:24:57,"testSB_C",0.0646268296050607,848273
16,2026-07-18 00:24:57,"ntc1_C",0.0722260697517072,845828
16,2026-07-18 00:24:57,"ntc2_C",0.0740150033749387,845221
16,2026-07-18 00:24:57,"testSB_C",0.0828758747194911,844865
17,2026-07-18 00:24:57,"ntc1_C",0.0823485076197699,845403
17,2026-07-18 00:24:57,"ntc2_C",0.0827830603595885,845104
17,2026-07-18 00:24:57,"testSB_C",0.0722830934273588,847983
18,2026-07-18 00:24:57,"ntc1_C",0.0647000321261544,848665
18,2026-07-18 00:24:57,"ntc2_C",0.067919660247469,846540
18,2026-07-18 00:24:57,"testSB_C",0.0490407024064439,846309
19,2026-07-18 00:24:57,"ntc1_C",0.0379383435041518,849228
19,2026-07-18 00:24:57,"ntc2_C",0.04288517558075,848145
19,2026-07-18 00:24:57,"testSB_C",0.037737889823859,849487
20,2026-07-18 00:24:57,"ntc1_C",0.0302630830408361,847934
20,2026-07-18 00:24:57,"ntc2_C",0.0289552709750751,849409
20,2026-07-18 00:24:57,"testSB_C",0.0277241356337754,846902
21,2026-07-18 00:24:57,"ntc1_C",0.00456496446287247,847538
21,2026-07-18 00:24:57,"ntc2_C",0.0115872182238945,849128
21,2026-07-18 00:24:57,"testSB_C",7.91113233731267e-05,849608
22,2026-07-18 00:24:57,"ntc1_C",-0.00180450708870694,849882
22,2026-07-18 00:24:57,"ntc2_C",0.0103603750570187,850512
22,2026-07-18 00:24:57,"testSB_C",0.00268478454989918,848310
23,2026-07-18 00:24:57,"ntc1_C",0.000325453050834312,851533
23,2026-07-18 00:24:57,"ntc2_C",0.00869826546613695,849129
23,2026-07-18 00:24:57,"testSB_C",0.00574643074492087,847929
24,2026-07-18 00:24:57,"ntc1_C",0.0100526669763212,849410
24,2026-07-18 00:24:57,"ntc2_C",0.0164026358310139,850541
24,2026-07-18 00:24:57,"testSB_C",0.00866910214398331,847712
1,2026-07-18 03:24:57,"ntc1_C",-1.92292877639824,915657
1,2026-07-18 03:24:57,"testSB_C",-1.93066614080726,918102
2,2026-07-18 03:24:57,"ntc1_C",-1.84383892318863,914168
2,2026-07-18 03:24:57,"ntc2_C",-1.80277064763163,912438
2,2026-07-18 03:24:57,"testSB_C",-1.78489228732934,914004
3,2026-07-18 03:24:57,"ntc1_C",-1.79136909380207,913884
3,2026-07-18 03:24:57,"ntc2_C",-1.76150892417797,911777
3,2026-07-18 03:24:57,"testSB_C",-1.72217942049531,910117
4,2026-07-18 03:24:57,"ntc1_C",-1.74996314359794,911848
4,2026-07-18 03:24:57,"ntc2_C",-1.7280481102456,908968
4,2026-07-18 03:24:57,"testSB_C",-1.66932421186516,906984
5,2026-07-18 03:24:57,"ntc1_C",-1.66717811382125,906901
5,2026-07-18 03:24:57,"ntc2_C",-1.65432716816684,907750
5,2026-07-18 03:24:57,"testSB_C",-1.61966425985622,907160
6,2026-07-18 03:24:57,"ntc1_C",-1.61904464627258,905862
6,2026-07-18 03:24:57,"ntc2_C",-1.62165005499963,906847
6,2026-07-18 03:24:57,"testSB_C",-1.56271155508279,904983
7,2026-07-18 03:24:57,"ntc1_C",-1.5532234796504,903217
7,2026-07-18 03:24:57,"ntc2_C",-1.58663118627317,905980
7,2026-07-18 03:24:57,"testSB_C",-1.52136621419868,903719
8,2026-07-18 03:24:57,"ntc1_C",-1.51484852970003,905161
8,2026-07-18 03:24:57,"ntc2_C",-1.50410737767544,901269
8,2026-07-18 03:24:57,"testSB_C",-1.52659307793823,900506
9,2026-07-18 03:24:57,"ntc1_C",-1.46594459508162,899689
9,2026-07-18 03:24:57,"ntc2_C",-1.4719006308938,902851
9,2026-07-18 03:24:57,"testSB_C",-1.4620801793543,901079
10,2026-07-18 03:24:57,"ntc1_C",-1.43403622964786,900576
10,2026-07-18 03:24:57,"ntc2_C",-1.44344993413495,898604
10,2026-07-18 03:24:57,"testSB_C",-1.43083739798362,898762
11,2026-07-18 03:24:57,"ntc1_C",-1.38158246886059,898888
11,2026-07-18 03:24:57,"ntc2_C",-1.39868701865862,899097
11,2026-07-18 03:24:57,"testSB_C",-1.36327352503241,896622
12,2026-07-18 03:24:57,"ntc1_C",-1.38657335121962,898311
12,2026-07-18 03:24:57,"ntc2_C",-1.3475887611558,896386
12,2026-07-18 03:24:57,"testSB_C",-1.35562005481881,896482
13,2026-07-18 03:24:57,"ntc1_C",-1.34538529101036,899339
13,2026-07-18 03:24:57,"ntc2_C",-1.32180865958969,893877
13,2026-07-18 03:24:57,"testSB_C",-1.31232937787149,895012
14,2026-07-18 03:24:57,"ntc1_C",-1.30727977128868,894024
14,2026-07-18 03:24:57,"ntc2_C",-1.31149739102301,896323
14,2026-07-18 03:24:57,"testSB_C",-1.30488484701146,895924
15,2026-07-18 03:24:57,"ntc1_C",-1.2795315248643,892362
15,2026-07-18 03:24:57,"ntc2_C",-1.28408690239229,895472
15,2026-07-18 03:24:57,"testSB_C",-1.28853303836871,895801
16,2026-07-18 03:24:57,"ntc1_C",-1.26023505975269,892469
16,2026-07-18 03:24:57,"ntc2_C",-1.24456167925632,891336
16,2026-07-18 03:24:57,"testSB_C",-1.24088821153725,891149
17,2026-07-18 03:24:57,"ntc1_C",-1.22527060071292,891132
17,2026-07-18 03:24:57,"ntc2_C",-1.20833264140242,890209
17,2026-07-18 03:24:57,"testSB_C",-1.18893167667613,892178
18,2026-07-18 03:24:57,"ntc1_C",-1.19312093120658,892759
18,2026-07-18 03:24:57,"ntc2_C",-1.20221561659667,890941
18,2026-07-18 03:24:57,"testSB_C",-1.18302160370911,889384
19,2026-07-18 03:24:57,"ntc1_C",-1.15651707124675,891090
19,2026-07-18 03:24:57,"ntc2_C",-1.15432940355413,890057
19,2026-07-18 03:24:57,"testSB_C",-1.14459875407454,890931
20,2026-07-18 03:24:57,"ntc1_C",-1.14082152983127,888906
20,2026-07-18 03:24:57,"ntc2_C",-1.17343545277379,891576
20,2026-07-18 03:24:57,"testSB_C",-1.13270219210756,887426
21,2026-07-18 03:24:57,"ntc1_C",-1.13403726770247,887277
21,2026-07-18 03:24:57,"ntc2_C",-1.14369158711173,889577
21,2026-07-18 03:24:57,"testSB_C",-1.11782053957177,888742
22,2026-07-18 03:24:57,"ntc1_C",-1.11728436042046,888930
22,2026-07-18 03:24:57,"ntc2_C",-1.11630104805892,889963
22,2026-07-18 03:24:57,"testSB_C",-1.10419319086657,886969
23,2026-07-18 03:24:57,"ntc1_C",-1.10902428630959,890441
23,2026-07-18 03:24:57,"ntc2_C",-1.10105136333488,887938
23,2026-07-18 03:24:57,"testSB_C",-1.09815934307721,886439
24,2026-07-18 03:24:57,"ntc1_C",-1.08937544617072,887879
24,2026-07-18 03:24:57,"ntc2_C",-1.08258483840029,889034
24,2026-07-18 03:24:57,"testSB_C",-1.08459047607897,885859
1,2026-07-18 06:24:57,"ntc1_C",-1.52217391798348,900959
1,2026-07-18 06:24:57,"testSB_C",-1.48506422194555,901739
2,2026-07-18 06:24:57,"ntc1_C",-1.484180735915,900988
2,2026-07-18 06:24:57,"ntc2_C",-1.42801704927444,898738
2,2026-07-18 06:24:57,"testSB_C",-1.46712142883507,902365
3,2026-07-18 06:24:57,"ntc1_C",-1.21591522403332,892910
3,2026-07-18 06:24:57,"ntc2_C",-1.22668793976891,892305
3,2026-07-18 06:24:57,"testSB_C",-1.15376128010928,889488
4,2026-07-18 06:24:57,"ntc1_C",-1.18328681720948,891233
4,2026-07-18 06:24:57,"ntc2_C",-1.17204349010206,888808
4,2026-07-18 06:24:57,"testSB_C",-1.14666291058018,888064
5,2026-07-18 06:24:57,"ntc1_C",-1.16988902384901,888881
5,2026-07-18 06:24:57,"ntc2_C",-1.1896305712375,890894
5,2026-07-18 06:24:57,"testSB_C",-1.15956650993837,890478
6,2026-07-18 06:24:57,"ntc1_C",-1.16284704115765,889350
6,2026-07-18 06:24:57,"ntc2_C",-1.18978274513972,891181
6,2026-07-18 06:24:57,"testSB_C",-1.14330132788086,889802
7,2026-07-18 06:24:57,"ntc1_C",-1.11512535744072,887392
7,2026-07-18 06:24:57,"ntc2_C",-1.18230604774214,891319
7,2026-07-18 06:24:57,"testSB_C",-1.13861821721679,889877
8,2026-07-18 06:24:57,"ntc1_C",-1.13784859313097,891498
8,2026-07-18 06:24:57,"ntc2_C",-1.1354268155003,887968
8,2026-07-18 06:24:57,"testSB_C",-1.14303383151406,886684
9,2026-07-18 06:24:57,"ntc1_C",-1.12422278716366,887379
9,2026-07-18 06:24:57,"ntc2_C",-1.14056477729997,890861
9,2026-07-18 06:24:57,"testSB_C",-1.1169441718348,888621
10,2026-07-18 06:24:57,"ntc1_C",-1.11869852646959,889198
10,2026-07-18 06:24:57,"ntc2_C",-1.15822672611398,888327
10,2026-07-18 06:24:57,"testSB_C",-1.15505098771899,888819
11,2026-07-18 06:24:57,"ntc1_C",-1.12159305150846,889516
11,2026-07-18 06:24:57,"ntc2_C",-1.13447376050948,889569
11,2026-07-18 06:24:57,"testSB_C",-1.11581643235013,887722
12,2026-07-18 06:24:57,"ntc1_C",-1.14794294794672,889709
12,2026-07-18 06:24:57,"ntc2_C",-1.11505302475121,888021
12,2026-07-18 06:24:57,"testSB_C",-1.13446541491174,888522
13,2026-07-18 06:24:57,"ntc1_C",-1.14669456643315,892160
13,2026-07-18 06:24:57,"ntc2_C",-1.12586260948621,886839
13,2026-07-18 06:24:57,"testSB_C",-1.09910492050545,887347
14,2026-07-18 06:24:57,"ntc1_C",-1.07777891556378,885790
14,2026-07-18 06:24:57,"ntc2_C",-1.1085985779622,889020
14,2026-07-18 06:24:57,"testSB_C",-1.08062873714852,887858
15,2026-07-18 06:24:57,"ntc1_C",-1.10295120105485,886033
15,2026-07-18 06:24:57,"ntc2_C",-1.07119843457298,887816
15,2026-07-18 06:24:57,"testSB_C",-1.08665835498016,888536
16,2026-07-18 06:24:57,"ntc1_C",-1.07370893885746,885780
16,2026-07-18 06:24:57,"ntc2_C",-1.0853283746477,885629
16,2026-07-18 06:24:57,"testSB_C",-1.06992265301858,885024
17,2026-07-18 06:24:57,"ntc1_C",-1.05842498824927,885155
17,2026-07-18 06:24:57,"ntc2_C",-1.07318381560015,885371
17,2026-07-18 06:24:57,"testSB_C",-1.08028270581838,888277
18,2026-07-18 06:24:57,"ntc1_C",-1.09996275564873,889412
18,2026-07-18 06:24:57,"ntc2_C",-1.12740522100518,888259
18,2026-07-18 06:24:57,"testSB_C",-1.08791338557114,885978
19,2026-07-18 06:24:57,"ntc1_C",-1.08588234213596,888555
19,2026-07-18 06:24:57,"ntc2_C",-1.13699948185558,889435
19,2026-07-18 06:24:57,"testSB_C",-1.09203555305839,889044
20,2026-07-18 06:24:57,"ntc1_C",-1.06810017242759,886302
20,2026-07-18 06:24:57,"ntc2_C",-1.11208533103451,889372
20,2026-07-18 06:24:57,"testSB_C",-1.03313213232127,883870
21,2026-07-18 06:24:57,"ntc1_C",-1.05668258626019,884516
21,2026-07-18 06:24:57,"ntc2_C",-1.09829939513276,887950
21,2026-07-18 06:24:57,"testSB_C",-1.07316847488704,887143
22,2026-07-18 06:24:57,"ntc1_C",-1.05067515982955,886546
22,2026-07-18 06:24:57,"ntc2_C",-1.0926419041129,889115
22,2026-07-18 06:24:57,"testSB_C",-1.08782573644794,886384
23,2026-07-18 06:24:57,"ntc1_C",-1.08873964925368,889713
23,2026-07-18 06:24:57,"ntc2_C",-1.11945128857599,888597
23,2026-07-18 06:24:57,"testSB_C",-1.12734930073054,887482
24,2026-07-18 06:24:57,"ntc1_C",-1.08831435029197,887841
24,2026-07-18 06:24:57,"ntc2_C",-1.09853519309047,889606
24,2026-07-18 06:24:57,"testSB_C",-1.02166511520034,883615
1,2026-07-18 09:24:57,"ntc1_C",-0.994193972185371,881973
1,2026-07-18 09:24:57,"testSB_C",-0.932851531070071,881886
2,2026-07-18 09:24:57,"ntc1_C",-0.97220913928345,882570
2,2026-07-18 09:24:57,"ntc2_C",-0.870142114928058,878743
2,2026-07-18 09:24:57,"testSB_C",-0.973044016561062,884577
3,2026-07-18 09:24:57,"ntc1_C",-0.652447783197886,872863
3,2026-07-18 09:24:57,"ntc2_C",-0.659708036764471,872139
3,2026-07-18 09:24:57,"testSB_C",-0.573011379550223,868919
4,2026-07-18 09:24:57,"ntc1_C",-0.619407758674981,871206
4,2026-07-18 09:24:57,"ntc2_C",-0.612006132013846,868977
4,2026-07-18 09:24:57,"testSB_C",-0.544382072571125,866776
5,2026-07-18 09:24:57,"ntc1_C",-0.591348436881105,868390
5,2026-07-18 09:24:57,"ntc2_C",-0.650495664842083,871750
5,2026-07-18 09:24:57,"testSB_C",-0.634892409519068,871848
6,2026-07-18 09:24:57,"ntc1_C",-0.616386708777327,869987
6,2026-07-18 09:24:57,"ntc2_C",-0.728240231035272,874753
6,2026-07-18 09:24:57,"testSB_C",-0.611036613485226,870921
7,2026-07-18 09:24:57,"ntc1_C",-0.536499510717874,866937
7,2026-07-18 09:24:57,"ntc2_C",-0.694621917122447,873967
7,2026-07-18 09:24:57,"testSB_C",-0.607044889234714,871022
8,2026-07-18 09:24:57,"ntc1_C",-0.610685889113483,872756
8,2026-07-18 09:24:57,"ntc2_C",-0.583432637770329,868439
8,2026-07-18 09:24:57,"testSB_C",-0.654639708924719,869407
9,2026-07-18 09:24:57,"ntc1_C",-0.574350394772068,867942
9,2026-07-18 09:24:57,"ntc2_C",-0.623099090377821,872470
9,2026-07-18 09:24:57,"testSB_C",-0.596608242014497,870181
10,2026-07-18 09:24:57,"ntc1_C",-0.590000198035284,870460
10,2026-07-18 09:24:57,"ntc2_C",-0.693966633317586,871863
10,2026-07-18 09:24:57,"testSB_C",-0.608935161799764,869470
11,2026-07-18 09:24:57,"ntc1_C",-0.624889282612969,871896
11,2026-07-18 09:24:57,"ntc2_C",-0.645465303296419,872214
11,2026-07-18 09:24:57,"testSB_C",-0.513125536265647,866433
12,2026-07-18 09:24:57,"ntc1_C",-0.6876590286858,873361
12,2026-07-18 09:24:57,"ntc2_C",-0.614777057885817,870302
12,2026-07-18 09:24:57,"testSB_C",-0.65194666080265,871412
13,2026-07-18 09:24:57,"ntc1_C",-0.604765093928279,872884
13,2026-07-18 09:24:57,"ntc2_C",-0.629088725810277,869256
13,2026-07-18 09:24:57,"testSB_C",-0.601655600855963,869732
14,2026-07-18 09:24:57,"ntc1_C",-0.569445491844817,867835
14,2026-07-18 09:24:57,"ntc2_C",-0.67513006257883,873627
14,2026-07-18 09:24:57,"testSB_C",-0.579456201124174,870107
15,2026-07-18 09:24:57,"ntc1_C",-0.651929082875654,870081
15,2026-07-18 09:24:57,"ntc2_C",-0.567817416807088,869986
15,2026-07-18 09:24:57,"testSB_C",-0.570123597247346,870228
16,2026-07-18 09:24:57,"ntc1_C",-0.575321776856811,868165
16,2026-07-18 09:24:57,"ntc2_C",-0.638072467003553,869804
16,2026-07-18 09:24:57,"testSB_C",-0.592114222352905,868140
17,2026-07-18 09:24:57,"ntc1_C",-0.574657080148597,868062
17,2026-07-18 09:24:57,"ntc2_C",-0.606944935667116,868892
17,2026-07-18 09:24:57,"testSB_C",-0.60486086189411,871417
18,2026-07-18 09:24:57,"ntc1_C",-0.577275098889913,870876
18,2026-07-18 09:24:57,"ntc2_C",-0.669304376538832,872020
18,2026-07-18 09:24:57,"testSB_C",-0.586955715082922,868263
19,2026-07-18 09:24:57,"ntc1_C",-0.568541568813203,870218
19,2026-07-18 09:24:57,"ntc2_C",-0.702396982267089,873985
19,2026-07-18 09:24:57,"testSB_C",-0.67934727173764,874374
20,2026-07-18 09:24:57,"ntc1_C",-0.540228525012822,867639
20,2026-07-18 09:24:57,"ntc2_C",-0.679892529068638,874007
20,2026-07-18 09:24:57,"testSB_C",-0.499179922474127,865055
21,2026-07-18 09:24:57,"ntc1_C",-0.557929606541506,866930
21,2026-07-18 09:24:57,"ntc2_C",-0.659626785773412,872387
21,2026-07-18 09:24:57,"testSB_C",-0.610444857046048,870750
22,2026-07-18 09:24:57,"ntc1_C",-0.54480761967551,868659
22,2026-07-18 09:24:57,"ntc2_C",-0.68959645369182,874799
22,2026-07-18 09:24:57,"testSB_C",-0.647906488901185,870812
23,2026-07-18 09:24:57,"ntc1_C",-0.667677844555897,874742
23,2026-07-18 09:24:57,"ntc2_C",-0.745546936303583,875306
23,2026-07-18 09:24:57,"testSB_C",-0.770684578036139,874826
24,2026-07-18 09:24:57,"ntc1_C",-0.667730857627362,872913
24,2026-07-18 09:24:57,"ntc2_C",-0.688078555672234,875009
24,2026-07-18 09:24:57,"testSB_C",-0.445283674324855,863337
1,2026-07-18 12:24:57,"ntc1_C",1.20152536741779,807435
1,2026-07-18 12:24:57,"testSB_C",1.43336978967028,801903
2,2026-07-18 12:24:57,"ntc1_C",1.31387688566753,805048
2,2026-07-18 12:24:57,"ntc2_C",1.42419190547412,801319
2,2026-07-18 12:24:57,"testSB_C",1.27757237358821,808108
3,2026-07-18 12:24:57,"ntc1_C",1.87451213113792,788633
3,2026-07-18 12:24:57,"ntc2_C",1.65553367484659,794654
3,2026-07-18 12:24:57,"testSB_C",1.9856258310038,784105
4,2026-07-18 12:24:57,"ntc1_C",1.97593060063616,784973
4,2026-07-18 12:24:57,"ntc2_C",1.84935671847376,787205
4,2026-07-18 12:24:57,"testSB_C",2.04998386784609,781059
5,2026-07-18 12:24:57,"ntc1_C",1.87489781054478,786480
5,2026-07-18 12:24:57,"ntc2_C",1.94675259004822,785431
5,2026-07-18 12:24:57,"testSB_C",1.9633067675033,785475
6,2026-07-18 12:24:57,"ntc1_C",1.94310588820144,785046
6,2026-07-18 12:24:57,"ntc2_C",1.62179206973678,795928
6,2026-07-18 12:24:57,"testSB_C",1.7697613948601,791503
7,2026-07-18 12:24:57,"ntc1_C",2.02834598104261,782090
7,2026-07-18 12:24:57,"ntc2_C",1.82797216007407,789738
7,2026-07-18 12:24:57,"testSB_C",1.85273265253983,789112
8,2026-07-18 12:24:57,"ntc1_C",1.73912459506562,794141
8,2026-07-18 12:24:57,"ntc2_C",1.79010710277481,789501
8,2026-07-18 12:24:57,"testSB_C",1.7429798689551,789608
9,2026-07-18 12:24:57,"ntc1_C",1.77751058712801,789753
9,2026-07-18 12:24:57,"ntc2_C",1.87635569095124,789124
9,2026-07-18 12:24:57,"testSB_C",1.92411607171829,786409
10,2026-07-18 12:24:57,"ntc1_C",1.92511378093116,786867
10,2026-07-18 12:24:57,"ntc2_C",1.70706741679226,791715
10,2026-07-18 12:24:57,"testSB_C",1.76189818498335,790490
11,2026-07-18 12:24:57,"ntc1_C",1.82198780015324,790324
11,2026-07-18 12:24:57,"ntc2_C",1.77772215037999,791343
11,2026-07-18 12:24:57,"testSB_C",1.93745797269384,785277
12,2026-07-18 12:24:57,"ntc1_C",1.70673220091925,793290
12,2026-07-18 12:24:57,"ntc2_C",1.74830216821374,791514
12,2026-07-18 12:24:57,"testSB_C",1.70200075988811,792794
13,2026-07-18 12:24:57,"ntc1_C",2.0219917997515,785489
13,2026-07-18 12:24:57,"ntc2_C",2.03325827709187,781098
13,2026-07-18 12:24:57,"testSB_C",2.12900345405166,779398
14,2026-07-18 12:24:57,"ntc1_C",2.05923048605314,780928
14,2026-07-18 12:24:57,"ntc2_C",2.00404513499569,784525
14,2026-07-18 12:24:57,"testSB_C",2.17564526592304,778998
15,2026-07-18 12:24:57,"ntc1_C",2.01189065164675,781851
15,2026-07-18 12:24:57,"ntc2_C",2.19965387822009,778493
15,2026-07-18 12:24:57,"testSB_C",2.11126902986746,781386
16,2026-07-18 12:24:57,"ntc1_C",1.82233834607666,788447
16,2026-07-18 12:24:57,"ntc2_C",1.84794059161158,787123
16,2026-07-18 12:24:57,"testSB_C",1.94441689790096,784033
17,2026-07-18 12:24:57,"ntc1_C",2.0580531335367,780955
17,2026-07-18 12:24:57,"ntc2_C",2.06309546704477,780554
17,2026-07-18 12:24:57,"testSB_C",1.96604590867503,785914
18,2026-07-18 12:24:57,"ntc1_C",2.0537271183444,783571
18,2026-07-18 12:24:57,"ntc2_C",1.88775679896969,786954
18,2026-07-18 12:24:57,"testSB_C",2.15065141400794,777845
19,2026-07-18 12:24:57,"ntc1_C",1.74357103043837,793016
19,2026-07-18 12:24:57,"ntc2_C",1.71770635148323,792978
19,2026-07-18 12:24:57,"testSB_C",1.8877591085058,788677
20,2026-07-18 12:24:57,"ntc1_C",2.05929500089667,781599
20,2026-07-18 12:24:57,"ntc2_C",1.79475249329192,791261
20,2026-07-18 12:24:57,"testSB_C",2.167829481029,777213
21,2026-07-18 12:24:57,"ntc1_C",1.84266458842473,787306
21,2026-07-18 12:24:57,"ntc2_C",1.81780357821367,789736
21,2026-07-18 12:24:57,"testSB_C",2.02975673095557,783140
22,2026-07-18 12:24:57,"ntc1_C",1.95757189423341,785622
22,2026-07-18 12:24:57,"ntc2_C",1.73076558764745,793802
22,2026-07-18 12:24:57,"testSB_C",1.98054272111432,783606
23,2026-07-18 12:24:57,"ntc1_C",1.75174587780174,793719
23,2026-07-18 12:24:57,"ntc2_C",1.60113884043551,796543
23,2026-07-18 12:24:57,"testSB_C",1.87550576640143,786688
24,2026-07-18 12:24:57,"ntc1_C",1.98941664810752,784525
24,2026-07-18 12:24:57,"ntc2_C",1.97067906569441,786378
24,2026-07-18 12:24:57,"testSB_C",2.55127541298151,765559
1,2026-07-18 15:24:57,"ntc1_C",2.05073226951095,780426
1,2026-07-18 15:24:57,"testSB_C",2.28317647997693,775089
2,2026-07-18 15:24:57,"ntc1_C",2.14841500808001,778576
2,2026-07-18 15:24:57,"ntc2_C",2.45076041815321,769051
2,2026-07-18 15:24:57,"testSB_C",2.18216141889701,779376
3,2026-07-18 15:24:57,"ntc1_C",3.46626618132024,740041
3,2026-07-18 15:24:57,"ntc2_C",3.39365582638663,741300
3,2026-07-18 15:24:57,"testSB_C",3.64455187230658,733849
4,2026-07-18 15:24:57,"ntc1_C",3.48891372212591,738927
4,2026-07-18 15:24:57,"ntc2_C",3.55646859375054,735318
4,2026-07-18 15:24:57,"testSB_C",3.6770580099622,731936
5,2026-07-18 15:24:57,"ntc1_C",3.56055454035743,735245
5,2026-07-18 15:24:57,"ntc2_C",3.4287899805658,740288
5,2026-07-18 15:24:57,"testSB_C",3.45175963539475,740132
6,2026-07-18 15:24:57,"ntc1_C",3.49707512992592,737811
6,2026-07-18 15:24:57,"ntc2_C",3.24554466922802,745893
6,2026-07-18 15:24:57,"testSB_C",3.49251657397394,738851
7,2026-07-18 15:24:57,"ntc1_C",3.66300368847874,732655
7,2026-07-18 15:24:57,"ntc2_C",3.30455757752236,744474
7,2026-07-18 15:24:57,"testSB_C",3.51734320271464,738352
8,2026-07-18 15:24:57,"ntc1_C",3.53709165485009,739084
8,2026-07-18 15:24:57,"ntc2_C",3.61396730267933,734043
8,2026-07-18 15:24:57,"testSB_C",3.48792858366312,736448
9,2026-07-18 15:24:57,"ntc1_C",3.60963718944066,734046
9,2026-07-18 15:24:57,"ntc2_C",3.51721488637185,739043
9,2026-07-18 15:24:57,"testSB_C",3.46480963360818,739466
10,2026-07-18 15:24:57,"ntc1_C",3.53648828508722,737829
10,2026-07-18 15:24:57,"ntc2_C",3.31619084427615,742410
10,2026-07-18 15:24:57,"testSB_C",3.39993514591669,740397
11,2026-07-18 15:24:57,"ntc1_C",3.41331855127402,741655
11,2026-07-18 15:24:57,"ntc2_C",3.40055431802836,741665
11,2026-07-18 15:24:57,"testSB_C",3.60693019446126,734645
12,2026-07-18 15:24:57,"ntc1_C",3.32983863250075,743470
12,2026-07-18 15:24:57,"ntc2_C",3.50821223213808,737775
12,2026-07-18 15:24:57,"testSB_C",3.3605034164068,741948
13,2026-07-18 15:24:57,"ntc1_C",3.48743074624974,740812
13,2026-07-18 15:24:57,"ntc2_C",3.428957051179,738723
13,2026-07-18 15:24:57,"testSB_C",3.59326222296181,735112
14,2026-07-18 15:24:57,"ntc1_C",3.57814311030307,734967
14,2026-07-18 15:24:57,"ntc2_C",3.35438864986929,743321
14,2026-07-18 15:24:57,"testSB_C",3.60901411384634,735658
15,2026-07-18 15:24:57,"ntc1_C",3.39935855891696,739706
15,2026-07-18 15:24:57,"ntc2_C",3.60379769129207,736034
15,2026-07-18 15:24:57,"testSB_C",3.59510851531456,736409
16,2026-07-18 15:24:57,"ntc1_C",3.5997046646782,734387
16,2026-07-18 15:24:57,"ntc2_C",3.50804198879877,736588
16,2026-07-18 15:24:57,"testSB_C",3.53471841538794,735751
17,2026-07-18 15:24:57,"ntc1_C",3.60329483630676,734192
17,2026-07-18 15:24:57,"ntc2_C",3.5812088120025,734623
17,2026-07-18 15:24:57,"testSB_C",3.52901385390186,738322
18,2026-07-18 15:24:57,"ntc1_C",3.60590973250379,736463
18,2026-07-18 15:24:57,"ntc2_C",3.34715384975817,742391
18,2026-07-18 15:24:57,"testSB_C",3.61834280397346,733538
19,2026-07-18 15:24:57,"ntc1_C",3.63441147658432,735287
19,2026-07-18 15:24:57,"ntc2_C",3.31542565441327,743891
19,2026-07-18 15:24:57,"testSB_C",3.47842504277452,740087
20,2026-07-18 15:24:57,"ntc1_C",3.73436387651441,730992
20,2026-07-18 15:24:57,"ntc2_C",3.4239659098161,741351
20,2026-07-18 15:24:57,"testSB_C",3.82328417579845,727497
21,2026-07-18 15:24:57,"ntc1_C",3.71825639448684,730512
21,2026-07-18 15:24:57,"ntc2_C",3.47397918429698,739147
21,2026-07-18 15:24:57,"testSB_C",3.64393112443031,734230
22,2026-07-18 15:24:57,"ntc1_C",3.75031122225653,731345
22,2026-07-18 15:24:57,"ntc2_C",3.44698045107145,741222
22,2026-07-18 15:24:57,"testSB_C",3.54962332105526,736016
23,2026-07-18 15:24:57,"ntc1_C",3.41164222777718,742762
23,2026-07-18 15:24:57,"ntc2_C",3.28288248280825,744745
23,2026-07-18 15:24:57,"testSB_C",3.26054507465943,744366
24,2026-07-18 15:24:57,"ntc1_C",3.40288160869903,741424
24,2026-07-18 15:24:57,"ntc2_C",3.31751446467058,745164
24,2026-07-18 15:24:57,"testSB_C",3.81913067624794,727799
1,2026-07-18 18:24:57,"ntc1_C",2.14707973489567,777423
1,2026-07-18 18:24:57,"testSB_C",2.21022248086484,777353
2,2026-07-18 18:24:57,"ntc1_C",2.11076869008116,779750
2,2026-07-18 18:24:57,"ntc2_C",2.26460929338248,774798
2,2026-07-18 18:24:57,"testSB_C",2.20023928202306,778813
3,2026-07-18 18:24:57,"ntc1_C",2.98174547007511,754485
3,2026-07-18 18:24:57,"ntc2_C",2.93247025729642,755074
3,2026-07-18 18:24:57,"testSB_C",3.01666561687705,752454
4,2026-07-18 18:24:57,"ntc1_C",3.08929532289153,750802
4,2026-07-18 18:24:57,"ntc2_C",3.10922991162175,748549
4,2026-07-18 18:24:57,"testSB_C",3.0448026504036,750621
5,2026-07-18 18:24:57,"ntc1_C",2.9997350366271,751884
5,2026-07-18 18:24:57,"ntc2_C",2.9919233454583,753300
5,2026-07-18 18:24:57,"testSB_C",2.98834636042039,753942
6,2026-07-18 18:24:57,"ntc1_C",2.97333037472356,753383
6,2026-07-18 18:24:57,"ntc2_C",2.9829449829378,753752
6,2026-07-18 18:24:57,"testSB_C",3.00420292494596,753385
7,2026-07-18 18:24:57,"ntc1_C",3.11330484490503,748896
7,2026-07-18 18:24:57,"ntc2_C",3.12313942264512,749883
7,2026-07-18 18:24:57,"testSB_C",2.9970048019668,753834
8,2026-07-18 18:24:57,"ntc1_C",3.01918065789033,754513
8,2026-07-18 18:24:57,"ntc2_C",3.09465186500921,749397
8,2026-07-18 18:24:57,"testSB_C",3.15324319740716,746340
9,2026-07-18 18:24:57,"ntc1_C",3.06376119161087,750191
9,2026-07-18 18:24:57,"ntc2_C",3.12553412265254,750681
9,2026-07-18 18:24:57,"testSB_C",3.11487239194412,749859
10,2026-07-18 18:24:57,"ntc1_C",3.1101726574899,750477
10,2026-07-18 18:24:57,"ntc2_C",3.16839044753732,746799
10,2026-07-18 18:24:57,"testSB_C",3.17169301594782,747169
11,2026-07-18 18:24:57,"ntc1_C",3.04889546587111,752511
11,2026-07-18 18:24:57,"ntc2_C",3.16116209934967,748779
11,2026-07-18 18:24:57,"testSB_C",3.20774131119481,746426
12,2026-07-18 18:24:57,"ntc1_C",3.18386327748414,747811
12,2026-07-18 18:24:57,"ntc2_C",3.21288250202304,746514
12,2026-07-18 18:24:57,"testSB_C",3.17718949983328,747393
13,2026-07-18 18:24:57,"ntc1_C",3.14351885843979,751048
13,2026-07-18 18:24:57,"ntc2_C",3.21105213655096,745174
13,2026-07-18 18:24:57,"testSB_C",3.21769293018809,746209
14,2026-07-18 18:24:57,"ntc1_C",3.28403503557968,743636
14,2026-07-18 18:24:57,"ntc2_C",3.2269902686304,747108
14,2026-07-18 18:24:57,"testSB_C",3.26378075451481,745856
15,2026-07-18 18:24:57,"ntc1_C",3.18462292316315,746067
15,2026-07-18 18:24:57,"ntc2_C",3.37528452476346,742772
15,2026-07-18 18:24:57,"testSB_C",3.37215094099133,742987
16,2026-07-18 18:24:57,"ntc1_C",3.26069079758037,744385
16,2026-07-18 18:24:57,"ntc2_C",3.23839780545006,744555
16,2026-07-18 18:24:57,"testSB_C",3.25614263296183,743974
17,2026-07-18 18:24:57,"ntc1_C",3.2962056696889,743242
17,2026-07-18 18:24:57,"ntc2_C",3.2541518854639,744269
17,2026-07-18 18:24:57,"testSB_C",3.19410794027493,748255
18,2026-07-18 18:24:57,"ntc1_C",3.26548666434576,746530
18,2026-07-18 18:24:57,"ntc2_C",3.27361335077734,744571
18,2026-07-18 18:24:57,"testSB_C",3.26553846165933,743937
19,2026-07-18 18:24:57,"ntc1_C",3.27676178823708,745853
19,2026-07-18 18:24:57,"ntc2_C",3.19582512086288,747451
19,2026-07-18 18:24:57,"testSB_C",3.27573840768201,746097
20,2026-07-18 18:24:57,"ntc1_C",3.37307365684319,741604
20,2026-07-18 18:24:57,"ntc2_C",3.39123469991625,742320
20,2026-07-18 18:24:57,"testSB_C",3.49949812027756,736947
21,2026-07-18 18:24:57,"ntc1_C",3.35027999084832,741300
21,2026-07-18 18:24:57,"ntc2_C",3.38652744125676,741730
21,2026-07-18 18:24:57,"testSB_C",3.23014736845363,746449
22,2026-07-18 18:24:57,"ntc1_C",3.37048299290984,742501
22,2026-07-18 18:24:57,"ntc2_C",3.36902136611849,743528
22,2026-07-18 18:24:57,"testSB_C",3.29115266435576,743638
23,2026-07-18 18:24:57,"ntc1_C",3.31876954762606,745519
23,2026-07-18 18:24:57,"ntc2_C",3.31218363040108,743875
23,2026-07-18 18:24:57,"testSB_C",3.18165812346859,746710
24,2026-07-18 18:24:57,"ntc1_C",3.26026840881713,745656
24,2026-07-18 18:24:57,"ntc2_C",3.2915295386718,745937
24,2026-07-18 18:24:57,"testSB_C",3.29193428464254,743253
1,2026-07-18 21:24:57,"ntc1_C",0.984280002279263,814503
1,2026-07-18 21:24:57,"testSB_C",1.0014540690928,815908
2,2026-07-18 21:24:57,"ntc1_C",0.982873522331204,815811
2,2026-07-18 21:24:57,"ntc2_C",1.03365356336639,813970
2,2026-07-18 21:24:57,"testSB_C",1.02361842596213,816375
3,2026-07-18 21:24:57,"ntc1_C",1.36452622124773,804911
3,2026-07-18 21:24:57,"ntc2_C",1.33412580769647,804960
3,2026-07-18 21:24:57,"testSB_C",1.37862342115011,803399
4,2026-07-18 21:24:57,"ntc1_C",1.37335547458406,804154
4,2026-07-18 21:24:57,"ntc2_C",1.38197779146691,802081
4,2026-07-18 21:24:57,"testSB_C",1.37857055133793,802343
5,2026-07-18 21:24:57,"ntc1_C",1.34463575302067,803373
5,2026-07-18 21:24:57,"ntc2_C",1.34700272572854,804525
5,2026-07-18 21:24:57,"testSB_C",1.36887612379513,804402
6,2026-07-18 21:24:57,"ntc1_C",1.33803296108005,804300
6,2026-07-18 21:24:57,"ntc2_C",1.32733939580163,805378
6,2026-07-18 21:24:57,"testSB_C",1.35923196814173,804630
7,2026-07-18 21:24:57,"ntc1_C",1.40029623113173,802018
7,2026-07-18 21:24:57,"ntc2_C",1.37754950186866,804122
7,2026-07-18 21:24:57,"testSB_C",1.37772597494575,804269
8,2026-07-18 21:24:57,"ntc1_C",1.34274417663642,806857
8,2026-07-18 21:24:57,"ntc2_C",1.36573975305663,803035
8,2026-07-18 21:24:57,"testSB_C",1.33363030976972,802662
9,2026-07-18 21:24:57,"ntc1_C",1.38213822308751,802356
9,2026-07-18 21:24:57,"ntc2_C",1.39359883860936,804538
9,2026-07-18 21:24:57,"testSB_C",1.40286604240077,803002
10,2026-07-18 21:24:57,"ntc1_C",1.36681370321867,804658
10,2026-07-18 21:24:57,"ntc2_C",1.34288223736854,803351
10,2026-07-18 21:24:57,"testSB_C",1.35996491577282,803325
11,2026-07-18 21:24:57,"ntc1_C",1.37541834540724,804585
11,2026-07-18 21:24:57,"ntc2_C",1.40829159769106,803140
11,2026-07-18 21:24:57,"testSB_C",1.4344455182711,801252
12,2026-07-18 21:24:57,"ntc1_C",1.38812980616819,803480
12,2026-07-18 21:24:57,"ntc2_C",1.38657896467885,803067
12,2026-07-18 21:24:57,"testSB_C",1.36450638873293,803588
13,2026-07-18 21:24:57,"ntc1_C",1.35483906282377,806770
13,2026-07-18 21:24:57,"ntc2_C",1.37682231551224,801916
13,2026-07-18 21:24:57,"testSB_C",1.38330081609735,803035
14,2026-07-18 21:24:57,"ntc1_C",1.40146541362088,801772
14,2026-07-18 21:24:57,"ntc2_C",1.37354344071218,804590
14,2026-07-18 21:24:57,"testSB_C",1.38918497719476,803926
15,2026-07-18 21:24:57,"ntc1_C",1.36818905058351,802265
15,2026-07-18 21:24:57,"ntc2_C",1.42295345349748,803093
15,2026-07-18 21:24:57,"testSB_C",1.41591575020652,803461
16,2026-07-18 21:24:57,"ntc1_C",1.39252590293074,802146
16,2026-07-18 21:24:57,"ntc2_C",1.38149782271785,801977
16,2026-07-18 21:24:57,"testSB_C",1.38477846241949,801817
17,2026-07-18 21:24:57,"ntc1_C",1.40199969322015,801758
17,2026-07-18 21:24:57,"ntc2_C",1.39775775177213,801638
17,2026-07-18 21:24:57,"testSB_C",1.38805229659323,804331
18,2026-07-18 21:24:57,"ntc1_C",1.40413024837585,804228
18,2026-07-18 21:24:57,"ntc2_C",1.39359773469022,802681
18,2026-07-18 21:24:57,"testSB_C",1.40196265446434,801536
19,2026-07-18 21:24:57,"ntc1_C",1.40956797676608,803705
19,2026-07-18 21:24:57,"ntc2_C",1.35466283812093,804605
19,2026-07-18 21:24:57,"testSB_C",1.35787287040085,805608
20,2026-07-18 21:24:57,"ntc1_C",1.37704279182299,803268
20,2026-07-18 21:24:57,"ntc2_C",1.35984085105986,805180
20,2026-07-18 21:24:57,"testSB_C",1.44236824780398,800129
21,2026-07-18 21:24:57,"ntc1_C",1.4393810193651,800121
21,2026-07-18 21:24:57,"ntc2_C",1.45796851959409,801207
21,2026-07-18 21:24:57,"testSB_C",1.50101981714027,799906
22,2026-07-18 21:24:57,"ntc1_C",1.56656580790491,798021
22,2026-07-18 21:24:57,"ntc2_C",1.47949346464742,801828
22,2026-07-18 21:24:57,"testSB_C",1.36114775311017,803286
23,2026-07-18 21:24:57,"ntc1_C",1.29295315133231,808450
23,2026-07-18 21:24:57,"ntc2_C",1.30915980383156,805920
23,2026-07-18 21:24:57,"testSB_C",1.29389999335041,805218
24,2026-07-18 21:24:57,"ntc1_C",1.3179419714387,805927
24,2026-07-18 21:24:57,"ntc2_C",1.31393776030359,807348
24,2026-07-18 21:24:57,"testSB_C",1.33384624239108,803787
1,2026-07-19 00:24:57,"ntc1_C",-0.00399634734645815,847495
1,2026-07-19 00:24:57,"testSB_C",0.0057653530085986,849192
2,2026-07-19 00:24:57,"ntc1_C",0.00318642070590158,848570
2,2026-07-19 00:24:57,"ntc2_C",0.0084892554125986,848197
2,2026-07-19 00:24:57,"testSB_C",0.018317806339553,849991
3,2026-07-19 00:24:57,"ntc1_C",0.0147302600507828,849738
3,2026-07-19 00:24:57,"ntc2_C",0.0236280360908836,848471
3,2026-07-19 00:24:57,"testSB_C",0.0262337813907152,848220
4,2026-07-19 00:24:57,"ntc1_C",0.0309625351030718,848695
4,2026-07-19 00:24:57,"ntc2_C",0.0368235875004075,846584
4,2026-07-19 00:24:57,"testSB_C",0.0310050435849689,846941
5,2026-07-19 00:24:57,"ntc1_C",0.0360968929873593,846729
5,2026-07-19 00:24:57,"ntc2_C",0.046663504030164,847636
5,2026-07-19 00:24:57,"testSB_C",0.0516862862709218,848088
6,2026-07-19 00:24:57,"ntc1_C",0.0451684153450174,847139
6,2026-07-19 00:24:57,"ntc2_C",0.0545108273638562,847618
6,2026-07-19 00:24:57,"testSB_C",0.05385341015824,847927
7,2026-07-19 00:24:57,"ntc1_C",0.064821816847541,846206
7,2026-07-19 00:24:57,"ntc2_C",0.0708534472899487,847446
7,2026-07-19 00:24:57,"testSB_C",0.0680453253190194,847682
8,2026-07-19 00:24:57,"ntc1_C",0.0725118805304419,849083
8,2026-07-19 00:24:57,"ntc2_C",0.0742324842931339,845762
8,2026-07-19 00:24:57,"testSB_C",0.0862897654506014,843872
9,2026-07-19 00:24:57,"ntc1_C",0.0898085739805765,845063
9,2026-07-19 00:24:57,"ntc2_C",0.0919702154485549,847713
9,2026-07-19 00:24:57,"testSB_C",0.0898142323126763,846471
10,2026-07-19 00:24:57,"ntc1_C",0.0931187742414181,846864
10,2026-07-19 00:24:57,"ntc2_C",0.10700218726339,844211
10,2026-07-19 00:24:57,"testSB_C",0.101436085409148,844964
11,2026-07-19 00:24:57,"ntc1_C",0.107151666774314,846596
11,2026-07-19 00:24:57,"ntc2_C",0.117654398977038,845841
11,2026-07-19 00:24:57,"testSB_C",0.115713587051459,844794
12,2026-07-19 00:24:57,"ntc1_C",0.124185087164278,845294
12,2026-07-19 00:24:57,"ntc2_C",0.124457909243915,844799
12,2026-07-19 00:24:57,"testSB_C",0.126037374435384,844553
13,2026-07-19 00:24:57,"ntc1_C",0.12310720838542,847682
13,2026-07-19 00:24:57,"ntc2_C",0.140118633511577,842752
13,2026-07-19 00:24:57,"testSB_C",0.13899178183965,844185
14,2026-07-19 00:24:57,"ntc1_C",0.140955208124183,843383
14,2026-07-19 00:24:57,"ntc2_C",0.153173589486187,844989
14,2026-07-19 00:24:57,"testSB_C",0.147712583080761,845014
15,2026-07-19 00:24:57,"ntc1_C",0.156389956076453,842245
15,2026-07-19 00:24:57,"ntc2_C",0.161035588814627,844836
15,2026-07-19 00:24:57,"testSB_C",0.160766788344688,844999
16,2026-07-19 00:24:57,"ntc1_C",0.15921195921851,842874
16,2026-07-19 00:24:57,"ntc2_C",0.163058969477959,842199
16,2026-07-19 00:24:57,"testSB_C",0.166786283675719,842018
17,2026-07-19 00:24:57,"ntc1_C",0.167360899948505,842517
17,2026-07-19 00:24:57,"ntc2_C",0.173109507469917,842040
17,2026-07-19 00:24:57,"testSB_C",0.171400803429663,844609
18,2026-07-19 00:24:57,"ntc1_C",0.170596577010087,845059
18,2026-07-19 00:24:57,"ntc2_C",0.179338710328068,842758
18,2026-07-19 00:24:57,"testSB_C",0.17172199996287,842142
19,2026-07-19 00:24:57,"ntc1_C",0.174463949338985,844577
19,2026-07-19 00:24:57,"ntc2_C",0.174768285317839,843657
19,2026-07-19 00:24:57,"testSB_C",0.182772253262328,844545
20,2026-07-19 00:24:57,"ntc1_C",0.178663170554273,842886
20,2026-07-19 00:24:57,"ntc2_C",0.189882765690754,843927
20,2026-07-19 00:24:57,"testSB_C",0.19055036972793,841374
21,2026-07-19 00:24:57,"ntc1_C",0.183401879327619,841469
21,2026-07-19 00:24:57,"ntc2_C",0.192517997203538,842971
21,2026-07-19 00:24:57,"testSB_C",0.187117513883038,843240
22,2026-07-19 00:24:57,"ntc1_C",0.190305057466446,843342
22,2026-07-19 00:24:57,"ntc2_C",0.206883435005693,843822
22,2026-07-19 00:24:57,"testSB_C",0.202590149211005,841520
23,2026-07-19 00:24:57,"ntc1_C",0.207196200351746,844478
23,2026-07-19 00:24:57,"ntc2_C",0.219164264211486,841973
23,2026-07-19 00:24:57,"testSB_C",0.210607212165598,840979
24,2026-07-19 00:24:57,"ntc1_C",0.216989877239996,842368
24,2026-07-19 00:24:57,"ntc2_C",0.23017246361735,843260
24,2026-07-19 00:24:57,"testSB_C",0.228146986963736,840265
1,2026-07-19 03:24:57,"ntc1_C",-1.24094269432334,890793
1,2026-07-19 03:24:57,"testSB_C",-1.21937830498251,892129
2,2026-07-19 03:24:57,"ntc1_C",-1.21796428784506,891361
2,2026-07-19 03:24:57,"ntc2_C",-1.20207996069513,890583
2,2026-07-19 03:24:57,"testSB_C",-1.19230638839389,892425
3,2026-07-19 03:24:57,"ntc1_C",-1.21238766144955,892783
3,2026-07-19 03:24:57,"ntc2_C",-1.20003179453931,891346
3,2026-07-19 03:24:57,"testSB_C",-1.18620191372224,890652
4,2026-07-19 03:24:57,"ntc1_C",-1.18022623851658,891123
4,2026-07-19 03:24:57,"ntc2_C",-1.16838733000719,888677
4,2026-07-19 03:24:57,"testSB_C",-1.16860833367576,888850
5,2026-07-19 03:24:57,"ntc1_C",-1.16330610270768,888645
5,2026-07-19 03:24:57,"ntc2_C",-1.15265494398164,889567
5,2026-07-19 03:24:57,"testSB_C",-1.14429894329459,889930
6,2026-07-19 03:24:57,"ntc1_C",-1.15162968899,888948
6,2026-07-19 03:24:57,"ntc2_C",-1.13842420858521,889337
6,2026-07-19 03:24:57,"testSB_C",-1.13253931110387,889416
7,2026-07-19 03:24:57,"ntc1_C",-1.12635575153507,887794
7,2026-07-19 03:24:57,"ntc2_C",-1.122954783701,889188
7,2026-07-19 03:24:57,"testSB_C",-1.12096548462051,889244
8,2026-07-19 03:24:57,"ntc1_C",-1.1106578713472,890521
8,2026-07-19 03:24:57,"ntc2_C",-1.1029982358508,886808
8,2026-07-19 03:24:57,"testSB_C",-1.09147144226705,884843
9,2026-07-19 03:24:57,"ntc1_C",-1.09095236748595,886190
9,2026-07-19 03:24:57,"ntc2_C",-1.09038994924441,889060
9,2026-07-19 03:24:57,"testSB_C",-1.09131062039296,887703
10,2026-07-19 03:24:57,"ntc1_C",-1.07882221229397,887770
10,2026-07-19 03:24:57,"ntc2_C",-1.06029537619565,884827
10,2026-07-19 03:24:57,"testSB_C",-1.07044673937867,885792
11,2026-07-19 03:24:57,"ntc1_C",-1.06716353260083,887567
11,2026-07-19 03:24:57,"ntc2_C",-1.05416397263957,886694
11,2026-07-19 03:24:57,"testSB_C",-1.05082526754182,885400
12,2026-07-19 03:24:57,"ntc1_C",-1.0422840065882,885928
12,2026-07-19 03:24:57,"ntc2_C",-1.03706584134454,885234
12,2026-07-19 03:24:57,"testSB_C",-1.03600244567838,885002
13,2026-07-19 03:24:57,"ntc1_C",-1.03419625871038,888122
13,2026-07-19 03:24:57,"ntc2_C",-1.01882317722959,883019
13,2026-07-19 03:24:57,"testSB_C",-1.01843206814061,884465
14,2026-07-19 03:24:57,"ntc1_C",-1.01885965637177,883689
14,2026-07-19 03:24:57,"ntc2_C",-1.00597228472196,885350
14,2026-07-19 03:24:57,"testSB_C",-1.00981815491997,885327
15,2026-07-19 03:24:57,"ntc1_C",-1.00146728060486,882417
15,2026-07-19 03:24:57,"ntc2_C",-0.997060168079088,885166
15,2026-07-19 03:24:57,"testSB_C",-0.993153374919359,885192
16,2026-07-19 03:24:57,"ntc1_C",-0.99400923585813,882938
16,2026-07-19 03:24:57,"ntc2_C",-0.989865063903949,882226
16,2026-07-19 03:24:57,"testSB_C",-0.984295585430175,881973
17,2026-07-19 03:24:57,"ntc1_C",-0.983509716504045,882485
17,2026-07-19 03:24:57,"ntc2_C",-0.977430407998952,881960
17,2026-07-19 03:24:57,"testSB_C",-0.97959904235762,884678
18,2026-07-19 03:24:57,"ntc1_C",-0.978671785524909,885074
18,2026-07-19 03:24:57,"ntc2_C",-0.970263909843652,882653
18,2026-07-19 03:24:57,"testSB_C",-0.97482642870699,881946
19,2026-07-19 03:24:57,"ntc1_C",-0.969087718857679,884380
19,2026-07-19 03:24:57,"ntc2_C",-0.957379571233957,883015
19,2026-07-19 03:24:57,"testSB_C",-0.955358549174946,884157
20,2026-07-19 03:24:57,"ntc1_C",-0.955785481130647,882296
20,2026-07-19 03:24:57,"ntc2_C",-0.945969205209451,883433
20,2026-07-19 03:24:57,"testSB_C",-0.945112596387503,880739
21,2026-07-19 03:24:57,"ntc1_C",-0.959215384658478,881050
21,2026-07-19 03:24:57,"ntc2_C",-0.959376892289868,882990
21,2026-07-19 03:24:57,"testSB_C",-0.972439968107722,883547
22,2026-07-19 03:24:57,"ntc1_C",-0.9639747080397,883453
22,2026-07-19 03:24:57,"ntc2_C",-0.935409337110741,883501
22,2026-07-19 03:24:57,"testSB_C",-0.91960426679185,880395
23,2026-07-19 03:24:57,"ntc1_C",-0.910556914763561,883345
23,2026-07-19 03:24:57,"ntc2_C",-0.902853355312914,880872
23,2026-07-19 03:24:57,"testSB_C",-0.907072088003872,879643
24,2026-07-19 03:24:57,"ntc1_C",-0.894648334534395,880934
24,2026-07-19 03:24:57,"ntc2_C",-0.876465101058614,881677
24,2026-07-19 03:24:57,"testSB_C",-0.865562997654195,878074
1,2026-07-19 06:24:57,"ntc1_C",-4.59407353297837,1020267
1,2026-07-19 06:24:57,"testSB_C",-4.72471699660008,1028051
2,2026-07-19 06:24:57,"ntc1_C",-4.79830491872093,1030380
2,2026-07-19 06:24:57,"ntc2_C",-4.82218722770341,1031122
2,2026-07-19 06:24:57,"testSB_C",-4.75331102385587,1030628
3,2026-07-19 06:24:57,"ntc1_C",-2.91119057717873,956194
3,2026-07-19 06:24:57,"ntc2_C",-3.32650136430198,971357
3,2026-07-19 06:24:57,"testSB_C",-3.4398340515952,975559
4,2026-07-19 06:24:57,"ntc1_C",-2.91031432809655,955637
4,2026-07-19 06:24:57,"ntc2_C",-2.88194536208454,952354
4,2026-07-19 06:24:57,"testSB_C",-3.45852458356131,975018
5,2026-07-19 06:24:57,"ntc1_C",-3.56337547067471,979206
5,2026-07-19 06:24:57,"ntc2_C",-3.29100137301378,969832
5,2026-07-19 06:24:57,"testSB_C",-3.44469513655116,976630
6,2026-07-19 06:24:57,"ntc1_C",-3.46987499814321,976223
6,2026-07-19 06:24:57,"ntc2_C",-3.29790546192527,970444
6,2026-07-19 06:24:57,"testSB_C",-3.51784430578408,979421
7,2026-07-19 06:24:57,"ntc1_C",-3.30574371816795,969545
7,2026-07-19 06:24:57,"ntc2_C",-2.81874168591577,952239
7,2026-07-19 06:24:57,"testSB_C",-3.38753528310474,974520
8,2026-07-19 06:24:57,"ntc1_C",-3.46509140619082,979435
8,2026-07-19 06:24:57,"ntc2_C",-3.3736303781057,972013
8,2026-07-19 06:24:57,"testSB_C",-3.13628099996612,961029
9,2026-07-19 06:24:57,"ntc1_C",-3.36263008413448,971354
9,2026-07-19 06:24:57,"ntc2_C",-3.20733899482013,968480
9,2026-07-19 06:24:57,"testSB_C",-3.24022131777434,968235
10,2026-07-19 06:24:57,"ntc1_C",-3.31655886549032,971758
10,2026-07-19 06:24:57,"ntc2_C",-2.94040206388905,954628
10,2026-07-19 06:24:57,"testSB_C",-3.25011092603734,967348
11,2026-07-19 06:24:57,"ntc1_C",-3.30877890953479,971674
11,2026-07-19 06:24:57,"ntc2_C",-2.94141084869568,956913
11,2026-07-19 06:24:57,"testSB_C",-3.0164950328317,958539
12,2026-07-19 06:24:57,"ntc1_C",-2.64469507176187,945130
12,2026-07-19 06:24:57,"ntc2_C",-2.90916942621169,954748
12,2026-07-19 06:24:57,"testSB_C",-3.06177126418771,960466
13,2026-07-19 06:24:57,"ntc1_C",-3.04343280702642,963220
13,2026-07-19 06:24:57,"ntc2_C",-2.92633756418297,953762
13,2026-07-19 06:24:57,"testSB_C",-3.06038487375167,960532
14,2026-07-19 06:24:57,"ntc1_C",-2.99686869550453,957171
14,2026-07-19 06:24:57,"ntc2_C",-2.87584242487463,954787
14,2026-07-19 06:24:57,"testSB_C",-2.92783690482258,956640
15,2026-07-19 06:24:57,"ntc1_C",-3.02725842835616,957625
15,2026-07-19 06:24:57,"ntc2_C",-2.54793302943995,942374
15,2026-07-19 06:24:57,"testSB_C",-2.45547392381877,939037
16,2026-07-19 06:24:57,"ntc1_C",-2.89324929003487,953345
16,2026-07-19 06:24:57,"ntc2_C",-2.96640565435916,955573
16,2026-07-19 06:24:57,"testSB_C",-2.93660423012966,954366
17,2026-07-19 06:24:57,"ntc1_C",-2.91793117094829,954219
17,2026-07-19 06:24:57,"ntc2_C",-2.86856344760582,951957
17,2026-07-19 06:24:57,"testSB_C",-3.01627900456691,960551
18,2026-07-19 06:24:57,"ntc1_C",-2.90504146726232,956675
18,2026-07-19 06:24:57,"ntc2_C",-2.62164634199826,943472
18,2026-07-19 06:24:57,"testSB_C",-2.85673808380636,951626
19,2026-07-19 06:24:57,"ntc1_C",-2.87789540949086,955273
19,2026-07-19 06:24:57,"ntc2_C",-2.90417486120418,955273
19,2026-07-19 06:24:57,"testSB_C",-2.82031088208976,953346
20,2026-07-19 06:24:57,"ntc1_C",-2.820065635655,951324
20,2026-07-19 06:24:57,"ntc2_C",-2.42496042369226,937811
20,2026-07-19 06:24:57,"testSB_C",-2.67795222222446,944581
21,2026-07-19 06:24:57,"ntc1_C",-2.82140612830437,949811
21,2026-07-19 06:24:57,"ntc2_C",-2.32834784586265,933165
21,2026-07-19 06:24:57,"testSB_C",-2.87512653641187,954137
22,2026-07-19 06:24:57,"ntc1_C",-2.74476838314592,949322
22,2026-07-19 06:24:57,"ntc2_C",-2.57235998248501,943824
22,2026-07-19 06:24:57,"testSB_C",-2.84644144022064,951622
23,2026-07-19 06:24:57,"ntc1_C",-2.70545013922856,949743
23,2026-07-19 06:24:57,"ntc2_C",-2.7072359416851,947445
23,2026-07-19 06:24:57,"testSB_C",-2.97928764839247,956364
24,2026-07-19 06:24:57,"ntc1_C",-2.94814240252106,957139
24,2026-07-19 06:24:57,"ntc2_C",-2.62949963553609,946348
24,2026-07-19 06:24:57,"testSB_C",-2.60921900655478,942100
1,2026-07-19 09:24:57,"ntc1_C",-0.605170614640713,868254
1,2026-07-19 09:24:57,"testSB_C",-0.508894426905329,866957
2,2026-07-19 09:24:57,"ntc1_C",-0.581147073980219,868769
2,2026-07-19 09:24:57,"ntc2_C",-0.458643423431681,864295
2,2026-07-19 09:24:57,"testSB_C",-0.560860234284576,870020
3,2026-07-19 09:24:57,"ntc1_C",0.0166910056057077,849671
3,2026-07-19 09:24:57,"ntc2_C",-0.0463413624990494,850863
3,2026-07-19 09:24:57,"testSB_C",0.0793373241947961,846411
4,2026-07-19 09:24:57,"ntc1_C",0.0255730218480039,848879
4,2026-07-19 09:24:57,"ntc2_C",0.0445218371575606,846322
4,2026-07-19 09:24:57,"testSB_C",0.0745661658442032,845459
5,2026-07-19 09:24:57,"ntc1_C",0.0148231044725549,847454
5,2026-07-19 09:24:57,"ntc2_C",-0.038220843529416,850534
5,2026-07-19 09:24:57,"testSB_C",-0.0228789883693139,850635
6,2026-07-19 09:24:57,"ntc1_C",-0.0314968012821737,849754
6,2026-07-19 09:24:57,"ntc2_C",-0.118204698492093,853528
6,2026-07-19 09:24:57,"testSB_C",-0.0124810620768585,850192
7,2026-07-19 09:24:57,"ntc1_C",0.0520450351102681,846641
7,2026-07-19 09:24:57,"ntc2_C",-0.0774791491295446,852518
7,2026-07-19 09:24:57,"testSB_C",-0.0154634622904268,850533
8,2026-07-19 09:24:57,"ntc1_C",-0.0216494915168823,852305
8,2026-07-19 09:24:57,"ntc2_C",-0.00293265047690738,848390
8,2026-07-19 09:24:57,"testSB_C",-0.0537857276121372,848638
9,2026-07-19 09:24:57,"ntc1_C",-0.00427971135798089,848265
9,2026-07-19 09:24:57,"ntc2_C",-0.00668512476465821,851084
9,2026-07-19 09:24:57,"testSB_C",-0.0143627580307566,850025
10,2026-07-19 09:24:57,"ntc1_C",-0.0228612562492003,850822
10,2026-07-19 09:24:57,"ntc2_C",-0.11709787224936,851853
10,2026-07-19 09:24:57,"testSB_C",-0.0873322691123235,851404
11,2026-07-19 09:24:57,"ntc1_C",-0.109736987826352,854010
11,2026-07-19 09:24:57,"ntc2_C",-0.0860960713235386,852799
11,2026-07-19 09:24:57,"testSB_C",0.00136322996672789,848686
12,2026-07-19 09:24:57,"ntc1_C",-0.123105013832401,853741
12,2026-07-19 09:24:57,"ntc2_C",-0.0638023413519022,851218
12,2026-07-19 09:24:57,"testSB_C",-0.131033235060727,853330
13,2026-07-19 09:24:57,"ntc1_C",-0.0860695243073906,854845
13,2026-07-19 09:24:57,"ntc2_C",-0.118659781764904,851572
13,2026-07-19 09:24:57,"testSB_C",-0.0756772547701985,851507
14,2026-07-19 09:24:57,"ntc1_C",-0.0733253756447425,850681
14,2026-07-19 09:24:57,"ntc2_C",-0.156411989376863,855575
14,2026-07-19 09:24:57,"testSB_C",-0.0775033028226062,852703
15,2026-07-19 09:24:57,"ntc1_C",-0.169796812759728,853363
15,2026-07-19 09:24:57,"ntc2_C",-0.0654232115810487,852567
15,2026-07-19 09:24:57,"testSB_C",-0.072325384948158,852960
16,2026-07-19 09:24:57,"ntc1_C",-0.125574324265301,852586
16,2026-07-19 09:24:57,"ntc2_C",-0.165915194869683,853421
16,2026-07-19 09:24:57,"testSB_C",-0.141297587938368,852521
17,2026-07-19 09:24:57,"ntc1_C",-0.121824836575968,852377
17,2026-07-19 09:24:57,"ntc2_C",-0.142578114496871,852800
17,2026-07-19 09:24:57,"testSB_C",-0.181967704613555,856703
18,2026-07-19 09:24:57,"ntc1_C",-0.139663369761365,855670
18,2026-07-19 09:24:57,"ntc2_C",-0.227682346381641,856661
18,2026-07-19 09:24:57,"testSB_C",-0.148514297236886,853065
19,2026-07-19 09:24:57,"ntc1_C",-0.141788438905735,855392
19,2026-07-19 09:24:57,"ntc2_C",-0.281024472413833,859275
19,2026-07-19 09:24:57,"testSB_C",-0.229609961677966,858677
20,2026-07-19 09:24:57,"ntc1_C",-0.115343185892527,852918
20,2026-07-19 09:24:57,"ntc2_C",-0.220438438433575,857979
20,2026-07-19 09:24:57,"testSB_C",-0.0650540337947518,850069
21,2026-07-19 09:24:57,"ntc1_C",-0.139248729159021,852452
21,2026-07-19 09:24:57,"ntc2_C",-0.208048838497973,856666
21,2026-07-19 09:24:57,"testSB_C",-0.197584504881831,856393
22,2026-07-19 09:24:57,"ntc1_C",-0.133462618513306,854395
22,2026-07-19 09:24:57,"ntc2_C",-0.250067633375352,859464
22,2026-07-19 09:24:57,"testSB_C",-0.268822737998505,857625
23,2026-07-19 09:24:57,"ntc1_C",-0.334561802823657,863086
23,2026-07-19 09:24:57,"ntc2_C",-0.360278405349334,861830
23,2026-07-19 09:24:57,"testSB_C",-0.394631461519054,861688
24,2026-07-19 09:24:57,"ntc1_C",-0.315686788920686,860621
24,2026-07-19 09:24:57,"ntc2_C",-0.335506839450318,862672
24,2026-07-19 09:24:57,"testSB_C",-0.0426697120970516,849464
1,2026-07-19 12:24:57,"ntc1_C",2.28819094084184,773047
1,2026-07-19 12:24:57,"testSB_C",2.49604842634966,768523
2,2026-07-19 12:24:57,"ntc1_C",2.38892454247275,771120
2,2026-07-19 12:24:57,"ntc2_C",2.62077054309236,763842
2,2026-07-19 12:24:57,"testSB_C",2.35360855512977,774054
3,2026-07-19 12:24:57,"ntc1_C",3.45332251356587,740423
3,2026-07-19 12:24:57,"ntc2_C",3.38266903810984,741625
3,2026-07-19 12:24:57,"testSB_C",3.60180210894453,735100
4,2026-07-19 12:24:57,"ntc1_C",3.45770947428889,739847
4,2026-07-19 12:24:57,"ntc2_C",3.5203564773488,736377
4,2026-07-19 12:24:57,"testSB_C",3.62755036259131,733381
5,2026-07-19 12:24:57,"ntc1_C",3.52728555983634,736221
5,2026-07-19 12:24:57,"ntc2_C",3.39397831759698,741316
5,2026-07-19 12:24:57,"testSB_C",3.43546424854736,740613
6,2026-07-19 12:24:57,"ntc1_C",3.48378031853508,738202
6,2026-07-19 12:24:57,"ntc2_C",3.26194798433494,745405
6,2026-07-19 12:24:57,"testSB_C",3.47870303854847,739258
7,2026-07-19 12:24:57,"ntc1_C",3.62693608073903,733709
7,2026-07-19 12:24:57,"ntc2_C",3.31486288936117,744168
7,2026-07-19 12:24:57,"testSB_C",3.54403630231917,737567
8,2026-07-19 12:24:57,"ntc1_C",3.57282459925597,738032
8,2026-07-19 12:24:57,"ntc2_C",3.62043204047137,733854
8,2026-07-19 12:24:57,"testSB_C",3.50510947605204,735944
9,2026-07-19 12:24:57,"ntc1_C",3.6062166890593,734146
9,2026-07-19 12:24:57,"ntc2_C",3.52468246887707,738823
9,2026-07-19 12:24:57,"testSB_C",3.50827145326582,738186
10,2026-07-19 12:24:57,"ntc1_C",3.57914693655749,736576
10,2026-07-19 12:24:57,"ntc2_C",3.36119720570042,741079
10,2026-07-19 12:24:57,"testSB_C",3.44580373240655,739044
11,2026-07-19 12:24:57,"ntc1_C",3.48973124256577,739400
11,2026-07-19 12:24:57,"ntc2_C",3.43931380235131,740520
11,2026-07-19 12:24:57,"testSB_C",3.62846973416208,734015
12,2026-07-19 12:24:57,"ntc1_C",3.39005978165039,741687
12,2026-07-19 12:24:57,"ntc2_C",3.5514080334496,736506
12,2026-07-19 12:24:57,"testSB_C",3.42338487640194,740090
13,2026-07-19 12:24:57,"ntc1_C",3.52082608775913,739826
13,2026-07-19 12:24:57,"ntc2_C",3.48644672536943,737031
13,2026-07-19 12:24:57,"testSB_C",3.63840742539782,733790
14,2026-07-19 12:24:57,"ntc1_C",3.63673159422541,733253
14,2026-07-19 12:24:57,"ntc2_C",3.43467384232565,740945
14,2026-07-19 12:24:57,"testSB_C",3.68641954298613,733392
15,2026-07-19 12:24:57,"ntc1_C",3.48266064141757,737254
15,2026-07-19 12:24:57,"ntc2_C",3.66860449114029,734135
15,2026-07-19 12:24:57,"testSB_C",3.66058707926135,734489
16,2026-07-19 12:24:57,"ntc1_C",3.66520128252444,732472
16,2026-07-19 12:24:57,"ntc2_C",3.56379820730189,734952
16,2026-07-19 12:24:57,"testSB_C",3.59665449249877,733936
17,2026-07-19 12:24:57,"ntc1_C",3.64749925610494,732899
17,2026-07-19 12:24:57,"ntc2_C",3.62095076198074,733460
17,2026-07-19 12:24:57,"testSB_C",3.56806401543355,737173
18,2026-07-19 12:24:57,"ntc1_C",3.61929986168622,736070
18,2026-07-19 12:24:57,"ntc2_C",3.4044927072627,740696
18,2026-07-19 12:24:57,"testSB_C",3.6450549467429,732757
19,2026-07-19 12:24:57,"ntc1_C",3.65147175586571,734787
19,2026-07-19 12:24:57,"ntc2_C",3.36225572537035,742502
19,2026-07-19 12:24:57,"testSB_C",3.49936660610268,739469
20,2026-07-19 12:24:57,"ntc1_C",3.70309513489798,731904
20,2026-07-19 12:24:57,"ntc2_C",3.43755820347178,740949
20,2026-07-19 12:24:57,"testSB_C",3.77210676724644,728982
21,2026-07-19 12:24:57,"ntc1_C",3.66715706494512,732000
21,2026-07-19 12:24:57,"ntc2_C",3.45577132343539,739684
21,2026-07-19 12:24:57,"testSB_C",3.57975596906203,736111
22,2026-07-19 12:24:57,"ntc1_C",3.66841967441405,733735
22,2026-07-19 12:24:57,"ntc2_C",3.42308513920256,741928
22,2026-07-19 12:24:57,"testSB_C",3.46803083369804,738413
23,2026-07-19 12:24:57,"ntc1_C",3.35601599101403,744412
23,2026-07-19 12:24:57,"ntc2_C",3.26535296861499,745266
23,2026-07-19 12:24:57,"testSB_C",3.24605360761512,744796
24,2026-07-19 12:24:57,"ntc1_C",3.38217053560965,742037
24,2026-07-19 12:24:57,"ntc2_C",3.31640455920933,745197
24,2026-07-19 12:24:57,"testSB_C",3.74149654807172,730053
1,2026-07-19 15:24:57,"ntc1_C",3.1952001438284,745540
1,2026-07-19 15:24:57,"testSB_C",3.21988701069426,746637
2,2026-07-19 15:24:57,"ntc1_C",3.20006897852431,746530
2,2026-07-19 15:24:57,"ntc2_C",3.57794385658434,735209
2,2026-07-19 15:24:57,"testSB_C",3.35002074377883,743881
3,2026-07-19 15:24:57,"ntc1_C",4.27882890869137,716477
3,2026-07-19 15:24:57,"ntc2_C",4.3125735970533,714649
3,2026-07-19 15:24:57,"testSB_C",4.7052464751859,703528
4,2026-07-19 15:24:57,"ntc1_C",4.30058951026166,715421
4,2026-07-19 15:24:57,"ntc2_C",4.29334290043073,714061
4,2026-07-19 15:24:57,"testSB_C",4.64926066688162,704169
5,2026-07-19 15:24:57,"ntc1_C",4.44193601783235,709886
5,2026-07-19 15:24:57,"ntc2_C",4.21407361595226,717499
5,2026-07-19 15:24:57,"testSB_C",4.43527397321276,711711
6,2026-07-19 15:24:57,"ntc1_C",4.2347279449562,716460
6,2026-07-19 15:24:57,"ntc2_C",3.979996895162,724374
6,2026-07-19 15:24:57,"testSB_C",4.34617655105853,714158
7,2026-07-19 15:24:57,"ntc1_C",4.37834622234163,712082
7,2026-07-19 15:24:57,"ntc2_C",3.90055190572053,726996
7,2026-07-19 15:24:57,"testSB_C",4.22300323671374,717897
8,2026-07-19 15:24:57,"ntc1_C",4.16145900408941,720931
8,2026-07-19 15:24:57,"ntc2_C",4.27467287513809,714994
8,2026-07-19 15:24:57,"testSB_C",3.80717496775145,727143
9,2026-07-19 15:24:57,"ntc1_C",4.13261016826715,718927
9,2026-07-19 15:24:57,"ntc2_C",4.09964495578168,722093
9,2026-07-19 15:24:57,"testSB_C",4.24344991802252,716890
10,2026-07-19 15:24:57,"ntc1_C",4.17004759462691,719452
10,2026-07-19 15:24:57,"ntc2_C",3.81524791955638,727793
10,2026-07-19 15:24:57,"testSB_C",4.04838349699031,721513
11,2026-07-19 15:24:57,"ntc1_C",4.10531488249666,721499
11,2026-07-19 15:24:57,"ntc2_C",4.11546787185142,720847
11,2026-07-19 15:24:57,"testSB_C",4.31088186826759,714352
12,2026-07-19 15:24:57,"ntc1_C",3.82429101251097,728965
12,2026-07-19 15:24:57,"ntc2_C",4.02579888262358,722722
12,2026-07-19 15:24:57,"testSB_C",3.98557550663133,723698
13,2026-07-19 15:24:57,"ntc1_C",3.96334885526767,726892
13,2026-07-19 15:24:57,"ntc2_C",3.99697173135883,722186
13,2026-07-19 15:24:57,"testSB_C",4.08870543351765,720742
14,2026-07-19 15:24:57,"ntc1_C",4.19043074499189,717264
14,2026-07-19 15:24:57,"ntc2_C",3.90744910863924,727117
14,2026-07-19 15:24:57,"testSB_C",4.05409434667865,722730
15,2026-07-19 15:24:57,"ntc1_C",3.96149237629083,723327
15,2026-07-19 15:24:57,"ntc2_C",3.98086978004352,725058
15,2026-07-19 15:24:57,"testSB_C",3.8866936489847,727900
16,2026-07-19 15:24:57,"ntc1_C",3.98316126710927,723251
16,2026-07-19 15:24:57,"ntc2_C",4.00091300986952,722260
16,2026-07-19 15:24:57,"testSB_C",3.97740459955133,722883
17,2026-07-19 15:24:57,"ntc1_C",4.05779799422817,721013
17,2026-07-19 15:24:57,"ntc2_C",3.96245364470258,723547
17,2026-07-19 15:24:57,"testSB_C",3.98353000114679,725066
18,2026-07-19 15:24:57,"ntc1_C",3.98797141611408,725337
18,2026-07-19 15:24:57,"ntc2_C",3.69426436696017,732193
18,2026-07-19 15:24:57,"testSB_C",3.8780269990001,725983
19,2026-07-19 15:24:57,"ntc1_C",3.9074251303075,727329
19,2026-07-19 15:24:57,"ntc2_C",3.63114582790342,734580
19,2026-07-19 15:24:57,"testSB_C",3.70629324994366,733392
20,2026-07-19 15:24:57,"ntc1_C",3.8777654733596,726825
20,2026-07-19 15:24:57,"ntc2_C",3.52932581533435,738241
20,2026-07-19 15:24:57,"testSB_C",3.97300992123576,723171
21,2026-07-19 15:24:57,"ntc1_C",3.90456741401334,725114
21,2026-07-19 15:24:57,"ntc2_C",3.59443146288538,735605
21,2026-07-19 15:24:57,"testSB_C",3.8823750897518,727286
22,2026-07-19 15:24:57,"ntc1_C",4.04459099757952,722825
22,2026-07-19 15:24:57,"ntc2_C",3.65381218792174,735141
22,2026-07-19 15:24:57,"testSB_C",3.52539166481114,736727
23,2026-07-19 15:24:57,"ntc1_C",3.27916541409513,746698
23,2026-07-19 15:24:57,"ntc2_C",3.32313885241382,743550
23,2026-07-19 15:24:57,"testSB_C",3.35685400661328,741515
24,2026-07-19 15:24:57,"ntc1_C",3.52087380147589,737942
24,2026-07-19 15:24:57,"ntc2_C",3.30816599219054,745442
24,2026-07-19 15:24:57,"testSB_C",3.54215040613337,735875
1,2026-07-19 18:24:57,"ntc1_C",0.710198886711339,823514
1,2026-07-19 18:24:57,"testSB_C",0.820909762444046,821839
2,2026-07-19 18:24:57,"ntc1_C",0.71874348745979,824509
2,2026-07-19 18:24:57,"ntc2_C",0.834735823013943,820495
2,2026-07-19 18:24:57,"testSB_C",0.819855152890852,823073
3,2026-07-19 18:24:57,"ntc1_C",0.972476437112448,817667
3,2026-07-19 18:24:57,"ntc2_C",1.00944702590914,815515
3,2026-07-19 18:24:57,"testSB_C",1.26052825127528,807211
4,2026-07-19 18:24:57,"ntc1_C",1.19956758249117,809778
4,2026-07-19 18:24:57,"ntc2_C",1.16926384979888,808950
4,2026-07-19 18:24:57,"testSB_C",1.18142461652855,808709
5,2026-07-19 18:24:57,"ntc1_C",0.980575981107563,815194
5,2026-07-19 18:24:57,"ntc2_C",0.984270564965755,816312
5,2026-07-19 18:24:57,"testSB_C",0.958284105280882,817758
6,2026-07-19 18:24:57,"ntc1_C",1.05058525925233,813622
6,2026-07-19 18:24:57,"ntc2_C",0.919811184431751,818654
6,2026-07-19 18:24:57,"testSB_C",1.09386974004553,813238
7,2026-07-19 18:24:57,"ntc1_C",1.13138122563652,810715
7,2026-07-19 18:24:57,"ntc2_C",0.928878943221264,818727
7,2026-07-19 18:24:57,"testSB_C",0.940010870970752,818510
8,2026-07-19 18:24:57,"ntc1_C",0.840456938270677,823282
8,2026-07-19 18:24:57,"ntc2_C",1.0388310263661,813629
8,2026-07-19 18:24:57,"testSB_C",0.999725041430111,813480
9,2026-07-19 18:24:57,"ntc1_C",1.1441551170962,810045
9,2026-07-19 18:24:57,"ntc2_C",1.00863156400084,817059
9,2026-07-19 18:24:57,"testSB_C",1.0431118062109,814671
10,2026-07-19 18:24:57,"ntc1_C",0.959897502112199,817894
10,2026-07-19 18:24:57,"ntc2_C",1.03248227580775,813412
10,2026-07-19 18:24:57,"testSB_C",0.908623890154217,818002
11,2026-07-19 18:24:57,"ntc1_C",0.998575597983233,816832
11,2026-07-19 18:24:57,"ntc2_C",0.973804740041714,817254
11,2026-07-19 18:24:57,"testSB_C",1.06435549750643,813226
12,2026-07-19 18:24:57,"ntc1_C",1.00127834260695,816040
12,2026-07-19 18:24:57,"ntc2_C",1.06457843738644,813502
12,2026-07-19 18:24:57,"testSB_C",1.00939918672975,815114
13,2026-07-19 18:24:57,"ntc1_C",0.938188782497718,820370
13,2026-07-19 18:24:57,"ntc2_C",0.978371371929654,814839
13,2026-07-19 18:24:57,"testSB_C",1.06190678058425,813456
14,2026-07-19 18:24:57,"ntc1_C",1.05858599610838,812871
14,2026-07-19 18:24:57,"ntc2_C",0.897380552781613,820104
14,2026-07-19 18:24:57,"testSB_C",1.00954917239414,816261
15,2026-07-19 18:24:57,"ntc1_C",0.982684025820618,814761
15,2026-07-19 18:24:57,"ntc2_C",1.11705503886259,813007
15,2026-07-19 18:24:57,"testSB_C",1.04466850612931,815517
16,2026-07-19 18:24:57,"ntc1_C",0.945651663287777,816657
16,2026-07-19 18:24:57,"ntc2_C",0.865786674357139,818747
16,2026-07-19 18:24:57,"testSB_C",1.08107051535347,811647
17,2026-07-19 18:24:57,"ntc1_C",1.04544484517407,813310
17,2026-07-19 18:24:57,"ntc2_C",0.991602524041241,814805
17,2026-07-19 18:24:57,"testSB_C",0.990036962702277,817279
18,2026-07-19 18:24:57,"ntc1_C",1.03167014101444,816332
18,2026-07-19 18:24:57,"ntc2_C",1.03286483114641,814372
18,2026-07-19 18:24:57,"testSB_C",0.950773770004787,816182
19,2026-07-19 18:24:57,"ntc1_C",1.02105604598052,816331
19,2026-07-19 18:24:57,"ntc2_C",0.828168679678697,821789
19,2026-07-19 18:24:57,"testSB_C",0.897319153280876,820637
20,2026-07-19 18:24:57,"ntc1_C",0.99691264755819,815617
20,2026-07-19 18:24:57,"ntc2_C",0.91092070963947,819820
20,2026-07-19 18:24:57,"testSB_C",0.959863755215849,815767
21,2026-07-19 18:24:57,"ntc1_C",1.01646583160289,813798
21,2026-07-19 18:24:57,"ntc2_C",0.809130735918586,822340
21,2026-07-19 18:24:57,"testSB_C",0.789827777944254,823061
22,2026-07-19 18:24:57,"ntc1_C",1.03594131165011,815181
22,2026-07-19 18:24:57,"ntc2_C",0.878819338015205,821366
22,2026-07-19 18:24:57,"testSB_C",0.991152069193447,815292
23,2026-07-19 18:24:57,"ntc1_C",0.995908507013496,818142
23,2026-07-19 18:24:57,"ntc2_C",0.92692585108864,818373
23,2026-07-19 18:24:57,"testSB_C",0.91072927817612,817679
24,2026-07-19 18:24:57,"ntc1_C",0.982280595235068,816857
24,2026-07-19 18:24:57,"ntc2_C",0.938643572796138,819597
24,2026-07-19 18:24:57,"testSB_C",1.09466627175016,811533
1,2026-07-19 21:24:57,"ntc1_C",0.552877868450878,828734
1,2026-07-19 21:24:57,"testSB_C",0.602563776113016,829073
2,2026-07-19 21:24:57,"ntc1_C",0.604996593168607,828285
2,2026-07-19 21:24:57,"ntc2_C",0.629090928551193,827299
2,2026-07-19 21:24:57,"testSB_C",0.697529225566825,827122
3,2026-07-19 21:24:57,"ntc1_C",0.912903224543129,819624
3,2026-07-19 21:24:57,"ntc2_C",0.825771817384577,821551
3,2026-07-19 21:24:57,"testSB_C",0.865324212572261,820108
4,2026-07-19 21:24:57,"ntc1_C",0.906158560377094,819368
4,2026-07-19 21:24:57,"ntc2_C",0.903071283674819,817634
4,2026-07-19 21:24:57,"testSB_C",0.813754392932481,820725
5,2026-07-19 21:24:57,"ntc1_C",0.845035728785604,819642
5,2026-07-19 21:24:57,"ntc2_C",0.78367281201082,822909
5,2026-07-19 21:24:57,"testSB_C",0.852651480980853,821232
6,2026-07-19 21:24:57,"ntc1_C",0.781845257321265,822441
6,2026-07-19 21:24:57,"ntc2_C",0.861302759769899,820579
6,2026-07-19 21:24:57,"testSB_C",0.878138573676438,820308
7,2026-07-19 21:24:57,"ntc1_C",0.834494386121321,820433
7,2026-07-19 21:24:57,"ntc2_C",0.875901373151805,820470
7,2026-07-19 21:24:57,"testSB_C",0.867131114754727,820907
8,2026-07-19 21:24:57,"ntc1_C",0.845479961340857,823116
8,2026-07-19 21:24:57,"ntc2_C",1.00630961203757,814691
8,2026-07-19 21:24:57,"testSB_C",0.85258988075816,818296
9,2026-07-19 21:24:57,"ntc1_C",0.886101729587267,818471
9,2026-07-19 21:24:57,"ntc2_C",0.84974310286151,822287
9,2026-07-19 21:24:57,"testSB_C",0.86508430365393,820512
10,2026-07-19 21:24:57,"ntc1_C",0.872769025909065,820758
10,2026-07-19 21:24:57,"ntc2_C",0.852955303856618,819292
10,2026-07-19 21:24:57,"testSB_C",0.8712511367807,819230
11,2026-07-19 21:24:57,"ntc1_C",0.730484773658134,825665
11,2026-07-19 21:24:57,"ntc2_C",0.812217499631231,822570
11,2026-07-19 21:24:57,"testSB_C",0.914298434719058,818135
12,2026-07-19 21:24:57,"ntc1_C",0.886301637763779,819813
12,2026-07-19 21:24:57,"ntc2_C",0.822914332025618,821428
12,2026-07-19 21:24:57,"testSB_C",0.761595095983637,823261
13,2026-07-19 21:24:57,"ntc1_C",0.918458973783515,821020
13,2026-07-19 21:24:57,"ntc2_C",0.898437394685118,817458
13,2026-07-19 21:24:57,"testSB_C",0.871723588888187,819690
14,2026-07-19 21:24:57,"ntc1_C",0.890205711705164,818381
14,2026-07-19 21:24:57,"ntc2_C",0.86716803572125,821099
14,2026-07-19 21:24:57,"testSB_C",0.835684840368231,821977
15,2026-07-19 21:24:57,"ntc1_C",0.86188479073968,818719
15,2026-07-19 21:24:57,"ntc2_C",0.928486825855373,819183
15,2026-07-19 21:24:57,"testSB_C",0.858128808685592,821647
16,2026-07-19 21:24:57,"ntc1_C",0.87687291509161,818915
16,2026-07-19 21:24:57,"ntc2_C",0.868646042303681,818653
16,2026-07-19 21:24:57,"testSB_C",0.888774526602333,817937
17,2026-07-19 21:24:57,"ntc1_C",0.909250285112648,817769
17,2026-07-19 21:24:57,"ntc2_C",0.857426340085567,819205
17,2026-07-19 21:24:57,"testSB_C",0.845211668361571,822045
18,2026-07-19 21:24:57,"ntc1_C",0.855656521976812,822119
18,2026-07-19 21:24:57,"ntc2_C",0.869461619875437,819727
18,2026-07-19 21:24:57,"testSB_C",0.891197495244342,818137
19,2026-07-19 21:24:57,"ntc1_C",0.922141964939726,819579
19,2026-07-19 21:24:57,"ntc2_C",0.772486046341157,823629
19,2026-07-19 21:24:57,"testSB_C",0.7745263286576,824694
20,2026-07-19 21:24:57,"ntc1_C",0.962372728421371,816749
20,2026-07-19 21:24:57,"ntc2_C",0.848344407670311,821883
20,2026-07-19 21:24:57,"testSB_C",0.862520725965965,818961
21,2026-07-19 21:24:57,"ntc1_C",0.75544216664747,822363
21,2026-07-19 21:24:57,"ntc2_C",0.855691255216357,820804
21,2026-07-19 21:24:57,"testSB_C",0.862641570411768,820658
22,2026-07-19 21:24:57,"ntc1_C",0.846133047302885,821414
22,2026-07-19 21:24:57,"ntc2_C",1.03325180418295,816295
22,2026-07-19 21:24:57,"testSB_C",0.698475084631127,824924
23,2026-07-19 21:24:57,"ntc1_C",0.896801535676047,821403
23,2026-07-19 21:24:57,"ntc2_C",0.936000473144531,818075
23,2026-07-19 21:24:57,"testSB_C",0.891125834058755,818322
24,2026-07-19 21:24:57,"ntc1_C",0.897604787761111,819639
24,2026-07-19 21:24:57,"ntc2_C",0.866625375393028,821970
24,2026-07-19 21:24:57,"testSB_C",0.933381035281229,816801
1,2026-07-20 00:24:57,"ntc1_C",-1.34022468703404,894368
1,2026-07-20 00:24:57,"testSB_C",-1.31324975956846,895512
2,2026-07-20 00:24:57,"ntc1_C",-1.35494637729187,896301
2,2026-07-20 00:24:57,"ntc2_C",-1.33134133198075,895239
2,2026-07-20 00:24:57,"testSB_C",-1.30585524924811,896518
3,2026-07-20 00:24:57,"ntc1_C",-1.39137572242754,899251
3,2026-07-20 00:24:57,"ntc2_C",-1.38996789427495,898203
3,2026-07-20 00:24:57,"testSB_C",-1.42914160145233,899420
4,2026-07-20 00:24:57,"ntc1_C",-1.35031882313541,897258
4,2026-07-20 00:24:57,"ntc2_C",-1.36708861966036,895826
4,2026-07-20 00:24:57,"testSB_C",-1.38141513908437,896510
5,2026-07-20 00:24:57,"ntc1_C",-1.39063141782032,896833
5,2026-07-20 00:24:57,"ntc2_C",-1.40177704086273,898548
5,2026-07-20 00:24:57,"testSB_C",-1.38811790814157,898724
6,2026-07-20 00:24:57,"ntc1_C",-1.38533447111286,897363
6,2026-07-20 00:24:57,"ntc2_C",-1.3718636356798,897751
6,2026-07-20 00:24:57,"testSB_C",-1.38666751517974,898578
7,2026-07-20 00:24:57,"ntc1_C",-1.37912640323128,896893
7,2026-07-20 00:24:57,"ntc2_C",-1.39362155737433,898950
7,2026-07-20 00:24:57,"testSB_C",-1.38959144488268,898928
8,2026-07-20 00:24:57,"ntc1_C",-1.34945558835096,899140
8,2026-07-20 00:24:57,"ntc2_C",-1.37161384379317,896465
8,2026-07-20 00:24:57,"testSB_C",-1.36102674154426,894512
9,2026-07-20 00:24:57,"ntc1_C",-1.26250786900926,892339
9,2026-07-20 00:24:57,"ntc2_C",-1.36226673447993,898865
9,2026-07-20 00:24:57,"testSB_C",-1.36731070392881,897640
10,2026-07-20 00:24:57,"ntc1_C",-1.3906639869013,899002
10,2026-07-20 00:24:57,"ntc2_C",-1.34115925158312,894904
10,2026-07-20 00:24:57,"testSB_C",-1.4010099076641,897681
11,2026-07-20 00:24:57,"ntc1_C",-1.40452505349998,899720
11,2026-07-20 00:24:57,"ntc2_C",-1.36471735968297,897866
11,2026-07-20 00:24:57,"testSB_C",-1.38259899744929,897321
12,2026-07-20 00:24:57,"ntc1_C",-1.33434901665487,896421
12,2026-07-20 00:24:57,"ntc2_C",-1.38139512765696,897609
12,2026-07-20 00:24:57,"testSB_C",-1.33788763916283,895841
13,2026-07-20 00:24:57,"ntc1_C",-1.33755683261069,899055
13,2026-07-20 00:24:57,"ntc2_C",-1.32241861770365,893899
13,2026-07-20 00:24:57,"testSB_C",-1.38753298008896,897732
14,2026-07-20 00:24:57,"ntc1_C",-1.31812250597085,894415
14,2026-07-20 00:24:57,"ntc2_C",-1.32134364052342,896679
14,2026-07-20 00:24:57,"testSB_C",-1.30314152127482,895861
15,2026-07-20 00:24:57,"ntc1_C",-1.31932958307863,893795
15,2026-07-20 00:24:57,"ntc2_C",-1.34866242622741,897808
15,2026-07-20 00:24:57,"testSB_C",-1.25865963948235,894722
16,2026-07-20 00:24:57,"ntc1_C",-1.36020877875143,896076
16,2026-07-20 00:24:57,"ntc2_C",-1.32753149730542,894325
16,2026-07-20 00:24:57,"testSB_C",-1.34531187370897,894912
17,2026-07-20 00:24:57,"ntc1_C",-1.40041616371553,897452
17,2026-07-20 00:24:57,"ntc2_C",-1.30212864977045,893583
17,2026-07-20 00:24:57,"testSB_C",-1.29030470605346,895834
18,2026-07-20 00:24:57,"ntc1_C",-1.29744809214014,896523
18,2026-07-20 00:24:57,"ntc2_C",-1.32147101871556,895234
18,2026-07-20 00:24:57,"testSB_C",-1.3019103190872,893661
19,2026-07-20 00:24:57,"ntc1_C",-1.36663664168765,898676
19,2026-07-20 00:24:57,"ntc2_C",-1.38960973574905,898547
19,2026-07-20 00:24:57,"testSB_C",-1.38819044759458,899731
20,2026-07-20 00:24:57,"ntc1_C",-1.31354050951859,895123
20,2026-07-20 00:24:57,"ntc2_C",-1.32882256717136,897184
20,2026-07-20 00:24:57,"testSB_C",-1.29098890846967,893110
21,2026-07-20 00:24:57,"ntc1_C",-1.27909546570851,892479
21,2026-07-20 00:24:57,"ntc2_C",-1.25988388368927,893756
21,2026-07-20 00:24:57,"testSB_C",-1.32641274423708,896252
22,2026-07-20 00:24:57,"ntc1_C",-1.36338917559959,897797
22,2026-07-20 00:24:57,"ntc2_C",-1.27707129902615,895748
22,2026-07-20 00:24:57,"testSB_C",-1.32056965940103,894741
23,2026-07-20 00:24:57,"ntc1_C",-1.33283227711962,898515
23,2026-07-20 00:24:57,"ntc2_C",-1.34353316935164,896664
23,2026-07-20 00:24:57,"testSB_C",-1.23035816293526,891173
24,2026-07-20 00:24:57,"ntc1_C",-1.24298062680697,893398
24,2026-07-20 00:24:57,"ntc2_C",-1.26636201310964,895648
24,2026-07-20 00:24:57,"testSB_C",-1.28247522705624,892955
1,2026-07-20 03:24:57,"ntc1_C",-2.40556099519102,933693
1,2026-07-20 03:24:57,"testSB_C",-2.40213606076679,935755
2,2026-07-20 03:24:57,"ntc1_C",-2.38089666714228,934227
2,2026-07-20 03:24:57,"ntc2_C",-2.35110163162011,932880
2,2026-07-20 03:24:57,"testSB_C",-2.30817365066855,933515
3,2026-07-20 03:24:57,"ntc1_C",-2.36963408742793,935482
3,2026-07-20 03:24:57,"ntc2_C",-2.36389240844767,934244
3,2026-07-20 03:24:57,"testSB_C",-2.43600365794475,936737
4,2026-07-20 03:24:57,"ntc1_C",-2.28229470791149,931670
4,2026-07-20 03:24:57,"ntc2_C",-2.30611482964713,930438
4,2026-07-20 03:24:57,"testSB_C",-2.32123343588046,931178
5,2026-07-20 03:24:57,"ntc1_C",-2.32338781436044,931269
5,2026-07-20 03:24:57,"ntc2_C",-2.3049430734012,931915
5,2026-07-20 03:24:57,"testSB_C",-2.27330171921295,931426
6,2026-07-20 03:24:57,"ntc1_C",-2.28767063233749,930647
6,2026-07-20 03:24:57,"ntc2_C",-2.30562849324104,932253
6,2026-07-20 03:24:57,"testSB_C",-2.27782811553357,931498
7,2026-07-20 03:24:57,"ntc1_C",-2.2436127140831,928760
7,2026-07-20 03:24:57,"ntc2_C",-2.29102361373702,932130
7,2026-07-20 03:24:57,"testSB_C",-2.27849157715951,931771
8,2026-07-20 03:24:57,"ntc1_C",-2.22438738042115,931476
8,2026-07-20 03:24:57,"ntc2_C",-2.24283621701937,928555
8,2026-07-20 03:24:57,"testSB_C",-2.26141617805081,927623
9,2026-07-20 03:24:57,"ntc1_C",-2.15915440806918,925216
9,2026-07-20 03:24:57,"ntc2_C",-2.21928871285434,930524
9,2026-07-20 03:24:57,"testSB_C",-2.16772045168739,927125
10,2026-07-20 03:24:57,"ntc1_C",-2.20440806346318,929021
10,2026-07-20 03:24:57,"ntc2_C",-2.1767505376136,925604
10,2026-07-20 03:24:57,"testSB_C",-2.29398998499784,930644
11,2026-07-20 03:24:57,"ntc1_C",-2.20634860354568,929312
11,2026-07-20 03:24:57,"ntc2_C",-2.2101112646659,929035
11,2026-07-20 03:24:57,"testSB_C",-2.16058803880622,925942
12,2026-07-20 03:24:57,"ntc1_C",-2.15161699040868,926483
12,2026-07-20 03:24:57,"ntc2_C",-2.20536655469175,927966
12,2026-07-20 03:24:57,"testSB_C",-2.20085608758376,927602
13,2026-07-20 03:24:57,"ntc1_C",-2.1190565685236,927876
13,2026-07-20 03:24:57,"ntc2_C",-2.10107847682872,922453
13,2026-07-20 03:24:57,"testSB_C",-2.10662397235916,924183
14,2026-07-20 03:24:57,"ntc1_C",-2.07758756745858,922254
14,2026-07-20 03:24:57,"ntc2_C",-2.09465878180993,925108
14,2026-07-20 03:24:57,"testSB_C",-2.10009061035618,925152
15,2026-07-20 03:24:57,"ntc1_C",-2.09718786975043,922294
15,2026-07-20 03:24:57,"ntc2_C",-2.13882539504908,926916
15,2026-07-20 03:24:57,"testSB_C",-2.0984941637015,925583
16,2026-07-20 03:24:57,"ntc1_C",-2.12614971305226,924224
16,2026-07-20 03:24:57,"ntc2_C",-2.13108390290944,923824
16,2026-07-20 03:24:57,"testSB_C",-2.1968984107807,926230
17,2026-07-20 03:24:57,"ntc1_C",-2.2290506687475,927997
17,2026-07-20 03:24:57,"ntc2_C",-2.13860841597858,924273
17,2026-07-20 03:24:57,"testSB_C",-2.12289935327794,926463
18,2026-07-20 03:24:57,"ntc1_C",-2.13173571054591,927229
18,2026-07-20 03:24:57,"ntc2_C",-2.13086671969921,924951
18,2026-07-20 03:24:57,"testSB_C",-2.12549784309095,923889
19,2026-07-20 03:24:57,"ntc1_C",-2.14237130935749,927275
19,2026-07-20 03:24:57,"ntc2_C",-2.17562753828912,927532
19,2026-07-20 03:24:57,"testSB_C",-2.16508305738165,928412
20,2026-07-20 03:24:57,"ntc1_C",-2.11770833848226,924676
20,2026-07-20 03:24:57,"ntc2_C",-2.15608034730224,927670
20,2026-07-20 03:24:57,"testSB_C",-2.10834817875576,923076
21,2026-07-20 03:24:57,"ntc1_C",-2.097609001781,922439
21,2026-07-20 03:24:57,"ntc2_C",-2.11310746788712,925082
21,2026-07-20 03:24:57,"testSB_C",-2.09180925144915,924385
22,2026-07-20 03:24:57,"ntc1_C",-2.09010461139138,924527
22,2026-07-20 03:24:57,"ntc2_C",-2.09028009839722,925622
22,2026-07-20 03:24:57,"testSB_C",-2.07611311945226,922446
23,2026-07-20 03:24:57,"ntc1_C",-2.07273278906513,925759
23,2026-07-20 03:24:57,"ntc2_C",-2.09252221394019,924191
23,2026-07-20 03:24:57,"testSB_C",-2.05739198224626,921399
24,2026-07-20 03:24:57,"ntc1_C",-2.06053350178871,923385
24,2026-07-20 03:24:57,"ntc2_C",-2.07437544945532,925347
24,2026-07-20 03:24:57,"testSB_C",-2.05789569473274,921342
1,2026-07-20 06:24:57,"ntc1_C",-3.09569190340818,960133
1,2026-07-20 06:24:57,"testSB_C",-3.1736218572309,965413
2,2026-07-20 06:24:57,"ntc1_C",-3.32412535222647,970580
2,2026-07-20 06:24:57,"ntc2_C",-3.39500090115075,973134
2,2026-07-20 06:24:57,"testSB_C",-3.28906598785346,971273
3,2026-07-20 06:24:57,"ntc1_C",-2.29230340443286,932563
3,2026-07-20 06:24:57,"ntc2_C",-2.61408024100615,943745
3,2026-07-20 06:24:57,"testSB_C",-2.85917562807697,952902
4,2026-07-20 06:24:57,"ntc1_C",-2.16596324022532,927300
4,2026-07-20 06:24:57,"ntc2_C",-2.10433864397368,922884
4,2026-07-20 06:24:57,"testSB_C",-2.8297066135168,950518
5,2026-07-20 06:24:57,"ntc1_C",-2.77907942790006,948594
5,2026-07-20 06:24:57,"ntc2_C",-2.54016987539796,940817
5,2026-07-20 06:24:57,"testSB_C",-2.84069577989669,953042
6,2026-07-20 06:24:57,"ntc1_C",-2.75201289095736,948277
6,2026-07-20 06:24:57,"ntc2_C",-2.4483811827767,937649
6,2026-07-20 06:24:57,"testSB_C",-2.88172385234787,954523
7,2026-07-20 06:24:57,"ntc1_C",-2.70910470520329,946409
7,2026-07-20 06:24:57,"ntc2_C",-2.12884874576883,926040
7,2026-07-20 06:24:57,"testSB_C",-2.87654144747847,954574
8,2026-07-20 06:24:57,"ntc1_C",-2.8131091728601,953919
8,2026-07-20 06:24:57,"ntc2_C",-2.79949141430689,949688
8,2026-07-20 06:24:57,"testSB_C",-2.35012126323193,930954
9,2026-07-20 06:24:57,"ntc1_C",-2.78065474549658,948749
9,2026-07-20 06:24:57,"ntc2_C",-2.57518356125325,944013
9,2026-07-20 06:24:57,"testSB_C",-2.74199266353907,948905
10,2026-07-20 06:24:57,"ntc1_C",-2.77952384032881,950870
10,2026-07-20 06:24:57,"ntc2_C",-2.26331360951423,928847
10,2026-07-20 06:24:57,"testSB_C",-2.74467252212833,947760
11,2026-07-20 06:24:57,"ntc1_C",-2.88529287300906,955167
11,2026-07-20 06:24:57,"ntc2_C",-2.48623899183377,939460
11,2026-07-20 06:24:57,"testSB_C",-2.63117784478754,943718
12,2026-07-20 06:24:57,"ntc1_C",-2.06110095919468,923102
12,2026-07-20 06:24:57,"ntc2_C",-2.41034691589545,935684
12,2026-07-20 06:24:57,"testSB_C",-2.56388217187128,941314
13,2026-07-20 06:24:57,"ntc1_C",-2.458380990021,940690
13,2026-07-20 06:24:57,"ntc2_C",-2.4560743378334,935787
13,2026-07-20 06:24:57,"testSB_C",-2.70366564560089,946765
14,2026-07-20 06:24:57,"ntc1_C",-2.63723159112891,943349
14,2026-07-20 06:24:57,"ntc2_C",-2.36830426820194,935393
14,2026-07-20 06:24:57,"testSB_C",-2.5378451872399,941667
15,2026-07-20 06:24:57,"ntc1_C",-2.55878128169638,939655
15,2026-07-20 06:24:57,"ntc2_C",-2.23471063261047,930515
15,2026-07-20 06:24:57,"testSB_C",-2.09795945945154,925563
16,2026-07-20 06:24:57,"ntc1_C",-2.60580555178393,942322
16,2026-07-20 06:24:57,"ntc2_C",-2.63339152973612,942781
16,2026-07-20 06:24:57,"testSB_C",-2.57952977369229,940674
17,2026-07-20 06:24:57,"ntc1_C",-2.5937780417737,941785
17,2026-07-20 06:24:57,"ntc2_C",-2.55475985886693,939951
17,2026-07-20 06:24:57,"testSB_C",-2.75411579964475,950414
18,2026-07-20 06:24:57,"ntc1_C",-2.67464381800272,947801
18,2026-07-20 06:24:57,"ntc2_C",-2.37974219945852,934295
18,2026-07-20 06:24:57,"testSB_C",-2.58494224511355,941216
19,2026-07-20 06:24:57,"ntc1_C",-2.61809674112067,945284
19,2026-07-20 06:24:57,"ntc2_C",-2.59122713164072,943252
19,2026-07-20 06:24:57,"testSB_C",-2.56198408684463,943433
20,2026-07-20 06:24:57,"ntc1_C",-2.5813779608502,942179
20,2026-07-20 06:24:57,"ntc2_C",-2.04309478169068,923443
20,2026-07-20 06:24:57,"testSB_C",-2.44993329852764,935910
21,2026-07-20 06:24:57,"ntc1_C",-2.64514759028066,943068
21,2026-07-20 06:24:57,"ntc2_C",-2.04755813345901,922635
21,2026-07-20 06:24:57,"testSB_C",-2.74591267816572,949161
22,2026-07-20 06:24:57,"ntc1_C",-2.60158175496912,943840
22,2026-07-20 06:24:57,"ntc2_C",-2.19786646627642,929652
22,2026-07-20 06:24:57,"testSB_C",-2.58552453719983,941633
23,2026-07-20 06:24:57,"ntc1_C",-2.38004758316822,937328
23,2026-07-20 06:24:57,"ntc2_C",-2.30236006327146,932061
23,2026-07-20 06:24:57,"testSB_C",-2.67078150963442,944511
24,2026-07-20 06:24:57,"ntc1_C",-2.62885818261674,944851
24,2026-07-20 06:24:57,"ntc2_C",-2.29005918889209,933448
24,2026-07-20 06:24:57,"testSB_C",-2.53033145222446,939100
1,2026-07-20 09:24:57,"ntc1_C",0.129172648553322,842968
1,2026-07-20 09:24:57,"testSB_C",0.0261013310964131,848498
2,2026-07-20 09:24:57,"ntc1_C",-0.0461175308194584,850255
2,2026-07-20 09:24:57,"ntc2_C",-0.0929615685054159,851666
2,2026-07-20 09:24:57,"testSB_C",0.0801998213369188,847880
3,2026-07-20 09:24:57,"ntc1_C",1.80976838201065,790680
3,2026-07-20 09:24:57,"ntc2_C",1.15196236787892,810864
3,2026-07-20 09:24:57,"testSB_C",0.829676946023937,821282
4,2026-07-20 09:24:57,"ntc1_C",1.60409408671768,796751
4,2026-07-20 09:24:57,"ntc2_C",1.70995570556909,791611
4,2026-07-20 09:24:57,"testSB_C",0.709123184231885,824179
5,2026-07-20 09:24:57,"ntc1_C",0.745827596861034,822914
5,2026-07-20 09:24:57,"ntc2_C",1.02329944765404,815035
5,2026-07-20 09:24:57,"testSB_C",0.748367454961681,824677
6,2026-07-20 09:24:57,"ntc1_C",0.62565671384192,827613
6,2026-07-20 09:24:57,"ntc2_C",1.03534026809496,814867
6,2026-07-20 09:24:57,"testSB_C",0.555781390055927,830994
7,2026-07-20 09:24:57,"ntc1_C",0.747679423886723,823298
7,2026-07-20 09:24:57,"ntc2_C",1.44606997263236,801916
7,2026-07-20 09:24:57,"testSB_C",0.672076250845635,827359
8,2026-07-20 09:24:57,"ntc1_C",0.587073450989919,831702
8,2026-07-20 09:24:57,"ntc2_C",0.6241925585893,827280
8,2026-07-20 09:24:57,"testSB_C",1.38831255219992,800905
9,2026-07-20 09:24:57,"ntc1_C",0.595538519878801,828070
9,2026-07-20 09:24:57,"ntc2_C",0.999911635758792,817345
9,2026-07-20 09:24:57,"testSB_C",0.659514074478182,827312
10,2026-07-20 09:24:57,"ntc1_C",0.648198534081132,828189
10,2026-07-20 09:24:57,"ntc2_C",1.28655103470561,805167
10,2026-07-20 09:24:57,"testSB_C",0.668625960452744,825922
11,2026-07-20 09:24:57,"ntc1_C",0.473445267166483,834229
11,2026-07-20 09:24:57,"ntc2_C",1.11443867276631,812657
11,2026-07-20 09:24:57,"testSB_C",0.784579349843114,822404
12,2026-07-20 09:24:57,"ntc1_C",1.54757884652065,798363
12,2026-07-20 09:24:57,"ntc2_C",1.14473510464461,810891
12,2026-07-20 09:24:57,"testSB_C",0.85211599991004,820275
13,2026-07-20 09:24:57,"ntc1_C",0.997447253716189,818421
13,2026-07-20 09:24:57,"ntc2_C",1.29041122731564,804700
13,2026-07-20 09:24:57,"testSB_C",0.787709170389405,822460
14,2026-07-20 09:24:57,"ntc1_C",0.874011935322471,818913
14,2026-07-20 09:24:57,"ntc2_C",1.30756376856647,806721
14,2026-07-20 09:24:57,"testSB_C",0.925528588218583,819018
15,2026-07-20 09:24:57,"ntc1_C",0.815172246227917,820255
15,2026-07-20 09:24:57,"ntc2_C",1.39070745374249,804132
15,2026-07-20 09:24:57,"testSB_C",1.54255017448338,799392
16,2026-07-20 09:24:57,"ntc1_C",0.744906111154705,823266
16,2026-07-20 09:24:57,"ntc2_C",0.880665275894501,818258
16,2026-07-20 09:24:57,"testSB_C",0.80898694899372,820562
17,2026-07-20 09:24:57,"ntc1_C",0.848205442817289,819776
17,2026-07-20 09:24:57,"ntc2_C",0.89747707902859,817889
17,2026-07-20 09:24:57,"testSB_C",0.60296114424284,830083
18,2026-07-20 09:24:57,"ntc1_C",0.750863806437565,825585
18,2026-07-20 09:24:57,"ntc2_C",1.04202208548446,814073
18,2026-07-20 09:24:57,"testSB_C",0.788975167801993,821503
19,2026-07-20 09:24:57,"ntc1_C",0.708260841334152,826649
19,2026-07-20 09:24:57,"ntc2_C",0.792262492346367,822975
19,2026-07-20 09:24:57,"testSB_C",0.871933194089991,821474
20,2026-07-20 09:24:57,"ntc1_C",0.738970791486508,824111
20,2026-07-20 09:24:57,"ntc2_C",1.47320550046419,801527
20,2026-07-20 09:24:57,"testSB_C",1.04730964475146,812909
21,2026-07-20 09:24:57,"ntc1_C",0.721976531197754,823468
21,2026-07-20 09:24:57,"ntc2_C",1.46550323483086,800965
21,2026-07-20 09:24:57,"testSB_C",0.576537214601103,830143
22,2026-07-20 09:24:57,"ntc1_C",0.755048439824066,824423
22,2026-07-20 09:24:57,"ntc2_C",1.44924451566641,802800
22,2026-07-20 09:24:57,"testSB_C",0.686761429599414,825312
23,2026-07-20 09:24:57,"ntc1_C",0.98488612492838,818504
23,2026-07-20 09:24:57,"ntc2_C",1.34905095045946,804632
23,2026-07-20 09:24:57,"testSB_C",0.837034498686364,820099
24,2026-07-20 09:24:57,"ntc1_C",0.833070305796298,821766
24,2026-07-20 09:24:57,"ntc2_C",1.24177861176241,809688
24,2026-07-20 09:24:57,"testSB_C",0.931977559927475,816847
1,2026-07-20 12:24:57,"ntc1_C",1.35954039379919,802335
1,2026-07-20 12:24:57,"testSB_C",1.40935311348306,802675
2,2026-07-20 12:24:57,"ntc1_C",1.26542541685365,806614
2,2026-07-20 12:24:57,"ntc2_C",1.26971348538899,806298
2,2026-07-20 12:24:57,"testSB_C",1.54398130659729,799531
3,2026-07-20 12:24:57,"ntc1_C",3.23342531336874,746945
3,2026-07-20 12:24:57,"ntc2_C",2.70930328816019,761837
3,2026-07-20 12:24:57,"testSB_C",2.34651404989859,772868
4,2026-07-20 12:24:57,"ntc1_C",2.73160231746675,761604
4,2026-07-20 12:24:57,"ntc2_C",2.7993298959978,757866
4,2026-07-20 12:24:57,"testSB_C",2.25465365742531,774691
5,2026-07-20 12:24:57,"ntc1_C",2.12078906674708,778775
5,2026-07-20 12:24:57,"ntc2_C",2.40046254492864,771307
5,2026-07-20 12:24:57,"testSB_C",2.46101913454538,769992
6,2026-07-20 12:24:57,"ntc1_C",2.11929733428684,779532
6,2026-07-20 12:24:57,"ntc2_C",2.55746003994926,766674
6,2026-07-20 12:24:57,"testSB_C",2.22265511871285,777285
7,2026-07-20 12:24:57,"ntc1_C",2.36776951722345,771540
7,2026-07-20 12:24:57,"ntc2_C",2.79089533888447,759898
7,2026-07-20 12:24:57,"testSB_C",2.49820046528441,769001
8,2026-07-20 12:24:57,"ntc1_C",2.27895204523378,777165
8,2026-07-20 12:24:57,"ntc2_C",2.28519152020277,774018
8,2026-07-20 12:24:57,"testSB_C",2.92235264026073,753247
9,2026-07-20 12:24:57,"ntc1_C",2.19214956221828,776762
9,2026-07-20 12:24:57,"ntc2_C",2.63915886190972,765406
9,2026-07-20 12:24:57,"testSB_C",2.24590601237855,776348
10,2026-07-20 12:24:57,"ntc1_C",2.25309492154304,776611
10,2026-07-20 12:24:57,"ntc2_C",2.72466552860624,760143
10,2026-07-20 12:24:57,"testSB_C",2.30368844993188,773533
11,2026-07-20 12:24:57,"ntc1_C",2.12105172775239,780924
11,2026-07-20 12:24:57,"ntc2_C",2.66252735233383,763832
11,2026-07-20 12:24:57,"testSB_C",2.31812596048104,773413
12,2026-07-20 12:24:57,"ntc1_C",2.8276178603835,758519
12,2026-07-20 12:24:57,"ntc2_C",2.6078281903998,764765
12,2026-07-20 12:24:57,"testSB_C",2.34126391833712,772769
13,2026-07-20 12:24:57,"ntc1_C",2.411073562578,773354
13,2026-07-20 12:24:57,"ntc2_C",2.88086255043766,755064
13,2026-07-20 12:24:57,"testSB_C",2.53183179825788,766938
14,2026-07-20 12:24:57,"ntc1_C",2.50343380666897,767178
14,2026-07-20 12:24:57,"ntc2_C",2.87597652785337,757649
14,2026-07-20 12:24:57,"testSB_C",2.50679165951925,768749
15,2026-07-20 12:24:57,"ntc1_C",2.40273636447677,769726
15,2026-07-20 12:24:57,"ntc2_C",2.71578835126928,762590
15,2026-07-20 12:24:57,"testSB_C",2.76447207165819,761236
16,2026-07-20 12:24:57,"ntc1_C",2.21848686467644,776041
16,2026-07-20 12:24:57,"ntc2_C",2.53355994414937,765818
16,2026-07-20 12:24:57,"testSB_C",2.33862618569003,771758
17,2026-07-20 12:24:57,"ntc1_C",2.46723978823297,768271
17,2026-07-20 12:24:57,"ntc2_C",2.45904413978872,768287
17,2026-07-20 12:24:57,"testSB_C",2.20709786236074,778366
18,2026-07-20 12:24:57,"ntc1_C",2.40840110554251,772531
18,2026-07-20 12:24:57,"ntc2_C",2.41167064674471,770637
18,2026-07-20 12:24:57,"testSB_C",2.29947636374646,773225
19,2026-07-20 12:24:57,"ntc1_C",2.31252778188377,775154
19,2026-07-20 12:24:57,"ntc2_C",2.34246393819546,773385
19,2026-07-20 12:24:57,"testSB_C",2.47620749816099,770317
20,2026-07-20 12:24:57,"ntc1_C",2.36185406152271,772189
20,2026-07-20 12:24:57,"ntc2_C",2.74266295703603,761802
20,2026-07-20 12:24:57,"testSB_C",2.67722370647664,761540
21,2026-07-20 12:24:57,"ntc1_C",2.33044060383378,772097
21,2026-07-20 12:24:57,"ntc2_C",2.65826116674111,763618
21,2026-07-20 12:24:57,"testSB_C",2.15466602625679,779234
22,2026-07-20 12:24:57,"ntc1_C",2.24526764841539,776630
22,2026-07-20 12:24:57,"ntc2_C",2.83671042255207,759480
22,2026-07-20 12:24:57,"testSB_C",2.09669457313839,779973
23,2026-07-20 12:24:57,"ntc1_C",2.26154513292545,777684
23,2026-07-20 12:24:57,"ntc2_C",2.70618512713207,762091
23,2026-07-20 12:24:57,"testSB_C",2.28895054516732,773792
24,2026-07-20 12:24:57,"ntc1_C",2.33433107276767,773767
24,2026-07-20 12:24:57,"ntc2_C",2.45570192510979,771263
24,2026-07-20 12:24:57,"testSB_C",2.23714602755814,775234
1,2026-07-20 15:24:57,"ntc1_C",2.46447943219141,767617
1,2026-07-20 15:24:57,"testSB_C",2.41545121669128,771002
2,2026-07-20 15:24:57,"ntc1_C",2.31043007268312,773545
2,2026-07-20 15:24:57,"ntc2_C",2.47028042626471,768451
2,2026-07-20 15:24:57,"testSB_C",2.40170405131749,772568
3,2026-07-20 15:24:57,"ntc1_C",4.03678802873861,723411
3,2026-07-20 15:24:57,"ntc2_C",3.61249891481106,734858
3,2026-07-20 15:24:57,"testSB_C",3.60217766709502,735089
4,2026-07-20 15:24:57,"ntc1_C",3.76874961536748,730731
4,2026-07-20 15:24:57,"ntc2_C",3.83063174003149,727331
4,2026-07-20 15:24:57,"testSB_C",3.4703340501523,737990
5,2026-07-20 15:24:57,"ntc1_C",3.45239870092456,738423
5,2026-07-20 15:24:57,"ntc2_C",3.45975070565788,739375
5,2026-07-20 15:24:57,"testSB_C",3.5180061724696,738180
6,2026-07-20 15:24:57,"ntc1_C",3.30275638419926,743548
6,2026-07-20 15:24:57,"ntc2_C",3.43897800188284,740160
6,2026-07-20 15:24:57,"testSB_C",3.33882045338521,743393
7,2026-07-20 15:24:57,"ntc1_C",3.48899578540414,737755
7,2026-07-20 15:24:57,"ntc2_C",3.61270133235672,735382
7,2026-07-20 15:24:57,"testSB_C",3.36119477524295,742962
8,2026-07-20 15:24:57,"ntc1_C",3.27766302527021,746770
8,2026-07-20 15:24:57,"ntc2_C",3.38285649413757,740834
8,2026-07-20 15:24:57,"testSB_C",3.67308024140999,731036
9,2026-07-20 15:24:57,"ntc1_C",3.31856683266511,742608
9,2026-07-20 15:24:57,"ntc2_C",3.55134757166275,738038
9,2026-07-20 15:24:57,"testSB_C",3.35822854632363,742615
10,2026-07-20 15:24:57,"ntc1_C",3.35831948300233,743087
10,2026-07-20 15:24:57,"ntc2_C",3.52736112394763,736187
10,2026-07-20 15:24:57,"testSB_C",3.33067525112881,742445
11,2026-07-20 15:24:57,"ntc1_C",3.23617414451104,746911
11,2026-07-20 15:24:57,"ntc2_C",3.54804613020679,737318
11,2026-07-20 15:24:57,"testSB_C",3.45836854372158,739006
12,2026-07-20 15:24:57,"ntc1_C",3.67032339420058,733449
12,2026-07-20 15:24:57,"ntc2_C",3.5555990895167,736383
12,2026-07-20 15:24:57,"testSB_C",3.41813266657823,740245
13,2026-07-20 15:24:57,"ntc1_C",3.50913570391361,740171
13,2026-07-20 15:24:57,"ntc2_C",3.72332177279407,730103
13,2026-07-20 15:24:57,"testSB_C",3.53901170729819,736704
14,2026-07-20 15:24:57,"ntc1_C",3.61948853420199,733757
14,2026-07-20 15:24:57,"ntc2_C",3.63683476506452,734998
14,2026-07-20 15:24:57,"testSB_C",3.51066211741966,738548
15,2026-07-20 15:24:57,"ntc1_C",3.43163192984531,738755
15,2026-07-20 15:24:57,"ntc2_C",3.68754450751624,733581
15,2026-07-20 15:24:57,"testSB_C",3.68785542957039,733691
16,2026-07-20 15:24:57,"ntc1_C",3.40288173191993,740174
16,2026-07-20 15:24:57,"ntc2_C",3.51699631090247,736325
16,2026-07-20 15:24:57,"testSB_C",3.48651132371759,737167
17,2026-07-20 15:24:57,"ntc1_C",3.57039215808373,735156
17,2026-07-20 15:24:57,"ntc2_C",3.53328674284558,736028
17,2026-07-20 15:24:57,"testSB_C",3.39894202697252,742163
18,2026-07-20 15:24:57,"ntc1_C",3.55211952939533,738044
18,2026-07-20 15:24:57,"ntc2_C",3.47627012856577,738580
18,2026-07-20 15:24:57,"testSB_C",3.51574482562302,736546
19,2026-07-20 15:24:57,"ntc1_C",3.55211639575373,737704
19,2026-07-20 15:24:57,"ntc2_C",3.45270720803325,739827
19,2026-07-20 15:24:57,"testSB_C",3.56407128382818,737563
20,2026-07-20 15:24:57,"ntc1_C",3.68302555111728,732490
20,2026-07-20 15:24:57,"ntc2_C",3.81631935879597,729840
20,2026-07-20 15:24:57,"testSB_C",3.92164392443448,724652
21,2026-07-20 15:24:57,"ntc1_C",3.63805132310728,732849
21,2026-07-20 15:24:57,"ntc2_C",3.76566180851688,730601
21,2026-07-20 15:24:57,"testSB_C",3.3760127344155,742117
22,2026-07-20 15:24:57,"ntc1_C",3.62358623195598,735047
22,2026-07-20 15:24:57,"ntc2_C",3.8069863098321,730672
22,2026-07-20 15:24:57,"testSB_C",3.41036930533875,740112
23,2026-07-20 15:24:57,"ntc1_C",3.52047682407783,739545
23,2026-07-20 15:24:57,"ntc2_C",3.70732700437577,732248
23,2026-07-20 15:24:57,"testSB_C",3.38974560376778,740544
24,2026-07-20 15:24:57,"ntc1_C",3.50599894533929,738380
24,2026-07-20 15:24:57,"ntc2_C",3.52989724237159,738878
24,2026-07-20 15:24:57,"testSB_C",3.38583411931728,740475
