"node","time","sensor","temp_C","counts"
1,2026-06-29 18:16:32,"ntc1_C",-5.55599736932533,1061919
1,2026-06-29 18:16:32,"ntc2_C",-6.08171687122393,1086055
1,2026-06-29 18:16:32,"testSB_C",-6.04032147309164,1082415
2,2026-06-29 18:16:32,"ntc1_C",-6.0530062890129,1083198
2,2026-06-29 18:16:32,"ntc2_C",-5.64843214075876,1064730
2,2026-06-29 18:16:32,"testSB_C",-5.98691579736982,1078627
3,2026-06-29 18:16:32,"ntc1_C",-5.67208019655698,1067607
3,2026-06-29 18:16:32,"ntc2_C",-5.56946853922085,1061286
3,2026-06-29 18:16:32,"testSB_C",-5.67681980692379,1067114
4,2026-06-29 18:16:32,"ntc1_C",-5.67530122626692,1065877
4,2026-06-29 18:16:32,"ntc2_C",-5.71296293160725,1069953
4,2026-06-29 18:16:32,"testSB_C",-5.47938910072452,1059124
5,2026-06-29 18:16:32,"ntc1_C",-5.35765733369107,1054306
5,2026-06-29 18:16:32,"ntc2_C",-5.7875558164132,1069707
5,2026-06-29 18:16:32,"testSB_C",-5.52263228450778,1062897
6,2026-06-29 18:16:32,"ntc1_C",-5.31296939432008,1052099
6,2026-06-29 18:16:32,"ntc2_C",-5.34121618706382,1052658
6,2026-06-29 18:16:32,"testSB_C",-5.12024726767942,1043856
7,2026-06-29 18:16:32,"ntc1_C",-5.18865362422196,1048872
7,2026-06-29 18:16:32,"ntc2_C",-5.24882048791608,1048900
7,2026-06-29 18:16:32,"testSB_C",-5.43203144238197,1057183
8,2026-06-29 18:16:32,"ntc1_C",-4.7281536120484,1025807
8,2026-06-29 18:16:32,"ntc2_C",-5.18762463160732,1046888
8,2026-06-29 18:16:32,"testSB_C",-5.16183839960337,1044241
9,2026-06-29 18:16:32,"ntc1_C",-4.86080695446611,1031498
9,2026-06-29 18:16:32,"ntc2_C",-5.10252525460538,1043967
9,2026-06-29 18:16:32,"testSB_C",-4.91585829530118,1033578
10,2026-06-29 18:16:32,"ntc1_C",-4.88671604607663,1035253
10,2026-06-29 18:16:32,"ntc2_C",-5.1512736526085,1044520
10,2026-06-29 18:16:32,"testSB_C",-4.82063214617176,1030413
11,2026-06-29 18:16:32,"ntc1_C",-4.78987363542007,1030226
11,2026-06-29 18:16:32,"ntc2_C",-5.06560428974865,1041792
11,2026-06-29 18:16:32,"testSB_C",-4.88695766653666,1033625
12,2026-06-29 18:16:32,"ntc1_C",-5.29339181707547,1052109
12,2026-06-29 18:16:32,"ntc2_C",-5.2493839583779,1047019
12,2026-06-29 18:16:32,"testSB_C",-5.16126496219658,1040403
13,2026-06-29 18:16:32,"ntc1_C",-4.88505188929543,1032646
13,2026-06-29 18:16:32,"ntc2_C",-5.22388809720502,1045857
13,2026-06-29 18:16:32,"testSB_C",-5.29504165424811,1048322
14,2026-06-29 18:16:32,"ntc1_C",-5.01600372658339,1040741
14,2026-06-29 18:16:32,"ntc2_C",-5.01404193985979,1038372
14,2026-06-29 18:16:32,"testSB_C",-5.26748239409756,1048519
15,2026-06-29 18:16:32,"ntc1_C",-5.28109895941685,1051446
15,2026-06-29 18:16:32,"ntc2_C",-5.20126509725748,1045383
15,2026-06-29 18:16:32,"testSB_C",-5.12171745096168,1040785
16,2026-06-29 18:16:32,"ntc1_C",-4.85047014960577,1033700
16,2026-06-29 18:16:32,"ntc2_C",-4.83055753896178,1030025
16,2026-06-29 18:16:32,"testSB_C",-5.38436094123568,1053470
17,2026-06-29 18:16:32,"ntc1_C",-4.95500845482542,1039502
17,2026-06-29 18:16:32,"ntc2_C",-5.01180010424912,1041413
17,2026-06-29 18:16:32,"testSB_C",-5.29842546022894,1053529
18,2026-06-29 18:16:32,"ntc1_C",-5.10238692152126,1044784
18,2026-06-29 18:16:32,"ntc2_C",-5.3735497308266,1053580
18,2026-06-29 18:16:32,"testSB_C",-5.52135517927121,1059535
19,2026-06-29 18:16:32,"ntc1_C",-5.21757813497896,1049240
19,2026-06-29 18:16:32,"ntc2_C",-5.20505161072242,1046268
19,2026-06-29 18:16:32,"testSB_C",-5.48818807395605,1057372
20,2026-06-29 18:16:32,"ntc1_C",-5.52076725777619,1059216
20,2026-06-29 18:16:32,"ntc2_C",-5.58449185724993,1064418
20,2026-06-29 18:16:32,"testSB_C",-5.514144742844,1062191
21,2026-06-29 18:16:32,"ntc1_C",-5.30754090198127,1050961
21,2026-06-29 18:16:32,"ntc2_C",-5.59327106878504,1064548
21,2026-06-29 18:16:32,"testSB_C",-5.55277705888585,1062243
22,2026-06-29 18:16:32,"ntc1_C",-5.47604125514613,1058252
22,2026-06-29 18:16:32,"ntc2_C",-5.77133538702805,1072622
22,2026-06-29 18:16:32,"testSB_C",-5.76260602408627,1073220
23,2026-06-29 18:16:32,"ntc1_C",-6.16642015190718,1090355
23,2026-06-29 18:16:32,"ntc2_C",-6.06131975637095,1084771
23,2026-06-29 18:16:32,"testSB_C",-6.23514595306455,1092569
24,2026-06-29 18:16:32,"ntc1_C",-5.93255461187073,1078133
24,2026-06-29 18:16:32,"ntc2_C",-5.4892847624393,1060434
1,2026-06-29 22:15:57,"ntc1_C",-7.41561977003215,1145426
1,2026-06-29 22:15:57,"ntc2_C",-7.21432140459484,1137292
1,2026-06-29 22:15:57,"testSB_C",-7.45423680094456,1146631
2,2026-06-29 22:15:57,"ntc1_C",-7.57674211588113,1152545
2,2026-06-29 22:15:57,"ntc2_C",-7.38669340919085,1142791
2,2026-06-29 22:15:57,"testSB_C",-7.43665305441067,1144210
3,2026-06-29 22:15:57,"ntc1_C",-7.33532716967642,1142381
3,2026-06-29 22:15:57,"ntc2_C",-7.00750522473743,1125266
3,2026-06-29 22:15:57,"testSB_C",-7.45949836210264,1147452
4,2026-06-29 22:15:57,"ntc1_C",-7.62777568161607,1154032
4,2026-06-29 22:15:57,"ntc2_C",-7.1152350548802,1132804
4,2026-06-29 22:15:57,"testSB_C",-7.53169389967184,1151421
5,2026-06-29 22:15:57,"ntc1_C",-6.95753779831119,1125177
5,2026-06-29 22:15:57,"ntc2_C",-7.36396788099302,1140617
5,2026-06-29 22:15:57,"testSB_C",-7.40998308652343,1147786
6,2026-06-29 22:15:57,"ntc1_C",-7.63296494817297,1156220
6,2026-06-29 22:15:57,"ntc2_C",-7.59165545940772,1153651
6,2026-06-29 22:15:57,"testSB_C",-7.64282265684875,1156746
7,2026-06-29 22:15:57,"ntc1_C",-7.64126498357155,1158978
7,2026-06-29 22:15:57,"ntc2_C",-7.45132507592575,1147314
7,2026-06-29 22:15:57,"testSB_C",-7.58497156696438,1154048
8,2026-06-29 22:15:57,"ntc1_C",-7.5231858743424,1149377
8,2026-06-29 22:15:57,"ntc2_C",-7.3110563039836,1141368
8,2026-06-29 22:15:57,"testSB_C",-7.68548549784185,1157189
9,2026-06-29 22:15:57,"ntc1_C",-7.67605575559122,1156567
9,2026-06-29 22:15:57,"ntc2_C",-7.52504315555558,1152087
9,2026-06-29 22:15:57,"testSB_C",-7.85945690420567,1165158
10,2026-06-29 22:15:57,"ntc1_C",-7.57891727458048,1155107
10,2026-06-29 22:15:57,"ntc2_C",-7.61124209539724,1154519
10,2026-06-29 22:15:57,"testSB_C",-7.80395216551256,1163426
11,2026-06-29 22:15:57,"ntc1_C",-7.53591909565068,1151948
11,2026-06-29 22:15:57,"ntc2_C",-7.15903468478712,1134403
11,2026-06-29 22:15:57,"testSB_C",-7.51632498417109,1150356
12,2026-06-29 22:15:57,"ntc1_C",-7.33750057414147,1143351
12,2026-06-29 22:15:57,"ntc2_C",-6.97920233118663,1123391
12,2026-06-29 22:15:57,"testSB_C",-7.91381559772839,1163347
13,2026-06-29 22:15:57,"ntc1_C",-7.54364570396734,1150517
13,2026-06-29 22:15:57,"ntc2_C",-7.30327690341642,1138231
13,2026-06-29 22:15:57,"testSB_C",-7.7715768630087,1159521
14,2026-06-29 22:15:57,"ntc1_C",-7.65870590665492,1158871
14,2026-06-29 22:15:57,"ntc2_C",-7.73020888901004,1159739
14,2026-06-29 22:15:57,"testSB_C",-7.89269658952719,1166959
15,2026-06-29 22:15:57,"ntc1_C",-7.63244513160879,1157058
15,2026-06-29 22:15:57,"ntc2_C",-7.61180514943442,1153192
15,2026-06-29 22:15:57,"testSB_C",-8.06799710474274,1173134
16,2026-06-29 22:15:57,"ntc1_C",-8.10530825094565,1180172
16,2026-06-29 22:15:57,"ntc2_C",-7.5130733900408,1148792
16,2026-06-29 22:15:57,"testSB_C",-7.61945930881308,1153719
17,2026-06-29 22:15:57,"ntc1_C",-7.88618966379926,1171146
17,2026-06-29 22:15:57,"ntc2_C",-7.40016858922166,1147735
17,2026-06-29 22:15:57,"testSB_C",-7.95434457917753,1173809
18,2026-06-29 22:15:57,"ntc1_C",-7.94643701780075,1173033
18,2026-06-29 22:15:57,"ntc2_C",-7.55391179343462,1151351
18,2026-06-29 22:15:57,"testSB_C",-8.11021581861002,1176951
19,2026-06-29 22:15:57,"ntc1_C",-7.97831401588536,1174005
19,2026-06-29 22:15:57,"ntc2_C",-7.60852177715628,1153768
19,2026-06-29 22:15:57,"testSB_C",-7.94598358426481,1168594
20,2026-06-29 22:15:57,"ntc1_C",-8.08892757081998,1175926
20,2026-06-29 22:15:57,"ntc2_C",-7.86415188233468,1167965
20,2026-06-29 22:15:57,"testSB_C",-7.88611857984336,1169896
21,2026-06-29 22:15:57,"ntc1_C",-7.7348513243773,1160149
21,2026-06-29 22:15:57,"ntc2_C",-7.52571501885188,1151681
21,2026-06-29 22:15:57,"testSB_C",-7.58390737242092,1154002
22,2026-06-29 22:15:57,"ntc1_C",-7.79744037722145,1163016
22,2026-06-29 22:15:57,"ntc2_C",-7.49606112961459,1150638
22,2026-06-29 22:15:57,"testSB_C",-7.81014213765525,1166533
23,2026-06-29 22:15:57,"ntc1_C",-8.0010196064876,1174978
23,2026-06-29 22:15:57,"ntc2_C",-7.83205892023165,1165966
23,2026-06-29 22:15:57,"testSB_C",-7.85488089310843,1167124
24,2026-06-29 22:15:57,"ntc1_C",-8.03515563854864,1174379
24,2026-06-29 22:15:57,"ntc2_C",-7.49981473916512,1150850
1,2026-06-30 02:15:57,"ntc1_C",-13.4886740470167,1467628
1,2026-06-30 02:15:57,"ntc2_C",-13.5528217301948,1472902
1,2026-06-30 02:15:57,"testSB_C",-13.4821206796369,1466796
2,2026-06-30 02:15:57,"ntc1_C",-13.5551196484772,1471085
2,2026-06-30 02:15:57,"ntc2_C",-13.5407384283845,1469031
2,2026-06-30 02:15:57,"testSB_C",-13.5043935242109,1465727
3,2026-06-30 02:15:57,"ntc1_C",-13.4031077304673,1463306
3,2026-06-30 02:15:57,"ntc2_C",-13.4371817590097,1462956
3,2026-06-30 02:15:57,"testSB_C",-13.4819830290865,1467225
4,2026-06-30 02:15:57,"ntc1_C",-13.4788303968083,1465254
4,2026-06-30 02:15:57,"ntc2_C",-13.4637993653775,1467846
4,2026-06-30 02:15:57,"testSB_C",-13.4177625261507,1464128
5,2026-06-30 02:15:57,"ntc1_C",-13.4289690860986,1464961
5,2026-06-30 02:15:57,"ntc2_C",-13.4729265371238,1463635
5,2026-06-30 02:15:57,"testSB_C",-13.4725683019847,1470027
6,2026-06-30 02:15:57,"ntc1_C",-13.4360658369064,1464933
6,2026-06-30 02:15:57,"ntc2_C",-13.432772065859,1464248
6,2026-06-30 02:15:57,"testSB_C",-13.4279394950664,1464864
7,2026-06-30 02:15:57,"ntc1_C",-13.3972767613539,1465842
7,2026-06-30 02:15:57,"ntc2_C",-13.4205388931559,1463954
7,2026-06-30 02:15:57,"testSB_C",-13.4532142441374,1466386
8,2026-06-30 02:15:57,"ntc1_C",-13.3350061770717,1457106
8,2026-06-30 02:15:57,"ntc2_C",-13.3555272765404,1460629
8,2026-06-30 02:15:57,"testSB_C",-13.4270611219231,1462715
9,2026-06-30 02:15:57,"ntc1_C",-13.3789137439999,1459100
9,2026-06-30 02:15:57,"ntc2_C",-13.3196180207869,1459301
9,2026-06-30 02:15:57,"testSB_C",-13.4130990397134,1461697
10,2026-06-30 02:15:57,"ntc1_C",-13.3211893078168,1460152
10,2026-06-30 02:15:57,"ntc2_C",-13.3180067432722,1457327
10,2026-06-30 02:15:57,"testSB_C",-13.4207536127886,1463203
11,2026-06-30 02:15:57,"ntc1_C",-13.2776737758166,1456012
11,2026-06-30 02:15:57,"ntc2_C",-13.3516653380177,1460502
11,2026-06-30 02:15:57,"testSB_C",-13.3011045449068,1456696
12,2026-06-30 02:15:57,"ntc1_C",-13.3702618181381,1462450
12,2026-06-30 02:15:57,"ntc2_C",-13.2588535867959,1451648
12,2026-06-30 02:15:57,"testSB_C",-13.4068622130015,1454713
13,2026-06-30 02:15:57,"ntc1_C",-13.2400013835859,1451253
13,2026-06-30 02:15:57,"ntc2_C",-13.3463754429365,1456682
13,2026-06-30 02:15:57,"testSB_C",-13.322045362733,1454372
14,2026-06-30 02:15:57,"ntc1_C",-13.2893479673692,1458036
14,2026-06-30 02:15:57,"ntc2_C",-13.263773794665,1453615
14,2026-06-30 02:15:57,"testSB_C",-13.2892863336234,1454671
15,2026-06-30 02:15:57,"ntc1_C",-13.2448531405731,1454907
15,2026-06-30 02:15:57,"ntc2_C",-13.299811324668,1454668
15,2026-06-30 02:15:57,"testSB_C",-13.3826078074755,1455876
16,2026-06-30 02:15:57,"ntc1_C",-13.3389146290227,1461301
16,2026-06-30 02:15:57,"ntc2_C",-13.2882295393435,1454081
16,2026-06-30 02:15:57,"testSB_C",-13.2976222096609,1453717
17,2026-06-30 02:15:57,"ntc1_C",-13.2502792260037,1457601
17,2026-06-30 02:15:57,"ntc2_C",-13.280358650556,1459101
17,2026-06-30 02:15:57,"testSB_C",-13.2690712707798,1458091
18,2026-06-30 02:15:57,"ntc1_C",-13.2095356352715,1454176
18,2026-06-30 02:15:57,"ntc2_C",-13.2059599868286,1450068
18,2026-06-30 02:15:57,"testSB_C",-13.316945872253,1454420
19,2026-06-30 02:15:57,"ntc1_C",-13.2059260424612,1453155
19,2026-06-30 02:15:57,"ntc2_C",-13.2559893836866,1452797
19,2026-06-30 02:15:57,"testSB_C",-13.2755462065426,1451897
20,2026-06-30 02:15:57,"ntc1_C",-13.2775168915597,1453143
20,2026-06-30 02:15:57,"ntc2_C",-13.2514720345955,1455276
20,2026-06-30 02:15:57,"testSB_C",-13.2390830080417,1455600
21,2026-06-30 02:15:57,"ntc1_C",-13.1049394784831,1444572
21,2026-06-30 02:15:57,"ntc2_C",-13.2123195702789,1452553
21,2026-06-30 02:15:57,"testSB_C",-13.1607282398299,1449209
22,2026-06-30 02:15:57,"ntc1_C",-13.1710837013793,1447774
22,2026-06-30 02:15:57,"ntc2_C",-13.1549381953933,1449526
22,2026-06-30 02:15:57,"testSB_C",-13.2356977084615,1455681
23,2026-06-30 02:15:57,"ntc1_C",-13.2248082680949,1454249
23,2026-06-30 02:15:57,"ntc2_C",-13.1867689976754,1451035
23,2026-06-30 02:15:57,"testSB_C",-13.201045672238,1451883
24,2026-06-30 02:15:57,"ntc1_C",-13.2164621300946,1450371
24,2026-06-30 02:15:57,"ntc2_C",-13.2061121125854,1452536
1,2026-06-30 06:15:57,"ntc1_C",-18.9167656456943,1830546
1,2026-06-30 06:15:57,"ntc2_C",-19.4744945017334,1873961
1,2026-06-30 06:15:57,"testSB_C",-18.8653720216595,1826494
2,2026-06-30 06:15:57,"ntc1_C",-18.997137242284,1835868
2,2026-06-30 06:15:57,"ntc2_C",-19.3303765575856,1859209
2,2026-06-30 06:15:57,"testSB_C",-18.9731223593237,1831172
3,2026-06-30 06:15:57,"ntc1_C",-18.7565386119327,1819542
3,2026-06-30 06:15:57,"ntc2_C",-19.2427688605421,1852923
3,2026-06-30 06:15:57,"testSB_C",-18.9219234140774,1830927
4,2026-06-30 06:15:57,"ntc1_C",-18.8193395805579,1821076
4,2026-06-30 06:15:57,"ntc2_C",-19.3482149563159,1864978
4,2026-06-30 06:15:57,"testSB_C",-18.6672192266018,1813041
5,2026-06-30 06:15:57,"ntc1_C",-19.3480532782875,1863549
5,2026-06-30 06:15:57,"ntc2_C",-19.1920709847742,1847280
5,2026-06-30 06:15:57,"testSB_C",-18.7976628251336,1825851
6,2026-06-30 06:15:57,"ntc1_C",-18.6182141992212,1808579
6,2026-06-30 06:15:57,"ntc2_C",-18.9690427581936,1834328
6,2026-06-30 06:15:57,"testSB_C",-18.7704840109907,1820800
7,2026-06-30 06:15:57,"ntc1_C",-18.6283102840106,1813644
7,2026-06-30 06:15:57,"ntc2_C",-18.9484868821908,1833499
7,2026-06-30 06:15:57,"testSB_C",-18.905104744823,1830649
8,2026-06-30 06:15:57,"ntc1_C",-18.5784164137933,1803912
8,2026-06-30 06:15:57,"ntc2_C",-18.8382544448656,1825771
8,2026-06-30 06:15:57,"testSB_C",-18.7682159010204,1817916
9,2026-06-30 06:15:57,"ntc1_C",-18.5062026539187,1796906
9,2026-06-30 06:15:57,"ntc2_C",-18.5849246136176,1808015
9,2026-06-30 06:15:57,"testSB_C",-18.5761608857478,1803780
10,2026-06-30 06:15:57,"ntc1_C",-18.5575683052106,1807091
10,2026-06-30 06:15:57,"ntc2_C",-18.6032464945675,1807235
10,2026-06-30 06:15:57,"testSB_C",-18.77624167069,1819668
11,2026-06-30 06:15:57,"ntc1_C",-18.5129311806128,1801775
11,2026-06-30 06:15:57,"ntc2_C",-19.1534755800912,1849397
11,2026-06-30 06:15:57,"testSB_C",-18.6425253884939,1810578
12,2026-06-30 06:15:57,"ntc1_C",-19.1520731497841,1850357
12,2026-06-30 06:15:57,"ntc2_C",-18.9951206713157,1833642
12,2026-06-30 06:15:57,"testSB_C",-18.6821412741548,1802036
13,2026-06-30 06:15:57,"ntc1_C",-18.4109241029171,1790815
13,2026-06-30 06:15:57,"ntc2_C",-19.1709351893212,1846481
13,2026-06-30 06:15:57,"testSB_C",-18.5705057034378,1800953
14,2026-06-30 06:15:57,"ntc1_C",-18.6358825043255,1812120
14,2026-06-30 06:15:57,"ntc2_C",-18.5369662631087,1801824
14,2026-06-30 06:15:57,"testSB_C",-18.3786535173454,1789448
15,2026-06-30 06:15:57,"ntc1_C",-18.4800464617938,1800570
15,2026-06-30 06:15:57,"ntc2_C",-18.861234871049,1824449
15,2026-06-30 06:15:57,"testSB_C",-18.6778974983286,1803446
16,2026-06-30 06:15:57,"ntc1_C",-18.6052751890819,1810800
16,2026-06-30 06:15:57,"ntc2_C",-18.9829488202072,1833373
16,2026-06-30 06:15:57,"testSB_C",-18.8132394367236,1817837
17,2026-06-30 06:15:57,"ntc1_C",-18.3964433071771,1797093
17,2026-06-30 06:15:57,"ntc2_C",-19.0388447323174,1844559
17,2026-06-30 06:15:57,"testSB_C",-18.5494188690079,1807699
18,2026-06-30 06:15:57,"ntc1_C",-18.2601807581878,1786327
18,2026-06-30 06:15:57,"ntc2_C",-18.7083441540129,1814229
18,2026-06-30 06:15:57,"testSB_C",-18.3229452374187,1781504
19,2026-06-30 06:15:57,"ntc1_C",-18.2967700036184,1787854
19,2026-06-30 06:15:57,"ntc2_C",-18.8874179732004,1827084
19,2026-06-30 06:15:57,"testSB_C",-18.592770552644,1801344
20,2026-06-30 06:15:57,"ntc1_C",-18.4350137110281,1792417
20,2026-06-30 06:15:57,"ntc2_C",-18.7792980885473,1822647
20,2026-06-30 06:15:57,"testSB_C",-18.470691389116,1801228
21,2026-06-30 06:15:57,"ntc1_C",-18.0769674526129,1769026
21,2026-06-30 06:15:57,"ntc2_C",-18.7406927869738,1819231
21,2026-06-30 06:15:57,"testSB_C",-18.4898337849767,1800121
22,2026-06-30 06:15:57,"ntc1_C",-18.2245076426773,1777966
22,2026-06-30 06:15:57,"ntc2_C",-18.324474983835,1789151
22,2026-06-30 06:15:57,"testSB_C",-18.3008617958475,1789152
23,2026-06-30 06:15:57,"ntc1_C",-18.3167317857981,1789325
23,2026-06-30 06:15:57,"ntc2_C",-18.3727617894095,1792493
23,2026-06-30 06:15:57,"testSB_C",-18.1478605701009,1776123
24,2026-06-30 06:15:57,"ntc1_C",-18.0942490878535,1768268
24,2026-06-30 06:15:57,"ntc2_C",-18.6663988253201,1813973
1,2026-06-30 10:15:57,"ntc1_C",-13.8285691320522,1488131
1,2026-06-30 10:15:57,"ntc2_C",-14.9354951850607,1558343
1,2026-06-30 10:15:57,"testSB_C",-13.9423282323914,1494631
2,2026-06-30 10:15:57,"ntc1_C",-14.0242974600815,1499527
2,2026-06-30 10:15:57,"ntc2_C",-14.5789197214926,1532590
2,2026-06-30 10:15:57,"testSB_C",-14.1193346094408,1502977
3,2026-06-30 10:15:57,"ntc1_C",-13.8965794218775,1493069
3,2026-06-30 10:15:57,"ntc2_C",-14.7306188196767,1542255
3,2026-06-30 10:15:57,"testSB_C",-14.2708972746527,1515235
4,2026-06-30 10:15:57,"ntc1_C",-14.0114333485993,1497450
4,2026-06-30 10:15:57,"ntc2_C",-14.9895946710918,1562130
4,2026-06-30 10:15:57,"testSB_C",-13.8784383110072,1491920
5,2026-06-30 10:15:57,"ntc1_C",-15.1813129912392,1573432
5,2026-06-30 10:15:57,"ntc2_C",-14.8346575125729,1547270
5,2026-06-30 10:15:57,"testSB_C",-14.2542061965365,1517673
6,2026-06-30 10:15:57,"ntc1_C",-13.904098818117,1493156
6,2026-06-30 10:15:57,"ntc2_C",-14.2149898428947,1511743
6,2026-06-30 10:15:57,"testSB_C",-14.1626531467946,1509456
7,2026-06-30 10:15:57,"ntc1_C",-14.1098833556534,1509086
7,2026-06-30 10:15:57,"ntc2_C",-14.5616971189132,1533760
7,2026-06-30 10:15:57,"testSB_C",-14.7455234618317,1545771
8,2026-06-30 10:15:57,"ntc1_C",-14.0167470480364,1498221
8,2026-06-30 10:15:57,"ntc2_C",-14.6154371440358,1537665
8,2026-06-30 10:15:57,"testSB_C",-14.4296872390083,1523789
9,2026-06-30 10:15:57,"ntc1_C",-14.0546364685082,1499807
9,2026-06-30 10:15:57,"ntc2_C",-14.349414805294,1521901
9,2026-06-30 10:15:57,"testSB_C",-14.1114561048816,1503968
10,2026-06-30 10:15:57,"ntc1_C",-14.244133012458,1516191
10,2026-06-30 10:15:57,"ntc2_C",-14.4461041979738,1525982
10,2026-06-30 10:15:57,"testSB_C",-14.3508284307379,1519806
11,2026-06-30 10:15:57,"ntc1_C",-14.3272154708268,1519702
11,2026-06-30 10:15:57,"ntc2_C",-15.3999717307341,1587753
11,2026-06-30 10:15:57,"testSB_C",-14.4572523246928,1527068
12,2026-06-30 10:15:57,"ntc1_C",-15.4099859870603,1589313
12,2026-06-30 10:15:57,"ntc2_C",-15.208050385904,1571852
12,2026-06-30 10:15:57,"testSB_C",-14.4882044733835,1520131
13,2026-06-30 10:15:57,"ntc1_C",-14.0772959874765,1501630
13,2026-06-30 10:15:57,"ntc2_C",-15.4891263955599,1589773
13,2026-06-30 10:15:57,"testSB_C",-14.352075722128,1516817
14,2026-06-30 10:15:57,"ntc1_C",-14.5102710339546,1532436
14,2026-06-30 10:15:57,"ntc2_C",-14.3664131717788,1520523
14,2026-06-30 10:15:57,"testSB_C",-14.4005848504143,1522143
15,2026-06-30 10:15:57,"ntc1_C",-14.5116208603285,1532087
15,2026-06-30 10:15:57,"ntc2_C",-14.9934623683524,1558786
15,2026-06-30 10:15:57,"testSB_C",-14.5690542243616,1527630
16,2026-06-30 10:15:57,"ntc1_C",-14.4168225661863,1527021
16,2026-06-30 10:15:57,"ntc2_C",-15.1711591167484,1570168
16,2026-06-30 10:15:57,"testSB_C",-14.9638855077631,1555558
17,2026-06-30 10:15:57,"ntc1_C",-14.3055896474436,1521696
17,2026-06-30 10:15:57,"ntc2_C",-15.3544269819221,1587948
17,2026-06-30 10:15:57,"testSB_C",-14.5307877484166,1535101
18,2026-06-30 10:15:57,"ntc1_C",-14.1298535943054,1509839
18,2026-06-30 10:15:57,"ntc2_C",-14.8989846476086,1553783
18,2026-06-30 10:15:57,"testSB_C",-14.1562486002831,1504861
19,2026-06-30 10:15:57,"ntc1_C",-14.2135975947409,1514143
19,2026-06-30 10:15:57,"ntc2_C",-15.1202416149378,1567591
19,2026-06-30 10:15:57,"testSB_C",-14.5561690349103,1529521
20,2026-06-30 10:15:57,"ntc1_C",-14.3592843073872,1518681
20,2026-06-30 10:15:57,"ntc2_C",-15.0237908318874,1564427
20,2026-06-30 10:15:57,"testSB_C",-14.5150848104899,1533405
21,2026-06-30 10:15:57,"ntc1_C",-14.1474835282878,1507389
21,2026-06-30 10:15:57,"ntc2_C",-14.904886953683,1556416
21,2026-06-30 10:15:57,"testSB_C",-14.6145190637776,1537755
22,2026-06-30 10:15:57,"ntc1_C",-14.1770209815627,1508343
22,2026-06-30 10:15:57,"ntc2_C",-14.422002803148,1526436
22,2026-06-30 10:15:57,"testSB_C",-14.4009296173036,1526567
23,2026-06-30 10:15:57,"ntc1_C",-14.4952500084669,1531626
23,2026-06-30 10:15:57,"ntc2_C",-14.4309534463056,1526663
23,2026-06-30 10:15:57,"testSB_C",-14.107647647606,1506634
24,2026-06-30 10:15:57,"ntc1_C",-13.8984553961311,1491214
24,2026-06-30 10:15:57,"ntc2_C",-14.7910278865775,1549530
1,2026-06-30 14:15:57,"ntc1_C",-9.27343527433283,1235580
1,2026-06-30 14:15:57,"ntc2_C",-9.12701552742277,1229505
1,2026-06-30 14:15:57,"testSB_C",-9.63903888532366,1253608
2,2026-06-30 14:15:57,"ntc1_C",-9.72623892462866,1258167
2,2026-06-30 14:15:57,"ntc2_C",-8.99809380130586,1220390
2,2026-06-30 14:15:57,"testSB_C",-9.61399290996718,1250462
3,2026-06-30 14:15:57,"ntc1_C",-9.42153812934413,1243805
3,2026-06-30 14:15:57,"ntc2_C",-8.96393730423597,1218715
3,2026-06-30 14:15:57,"testSB_C",-9.67736245290519,1256105
4,2026-06-30 14:15:57,"ntc1_C",-9.683092023911,1254923
4,2026-06-30 14:15:57,"ntc2_C",-8.75228064336437,1210989
4,2026-06-30 14:15:57,"testSB_C",-9.5233230301971,1248867
5,2026-06-30 14:15:57,"ntc1_C",-8.7473840894715,1210278
5,2026-06-30 14:15:57,"ntc2_C",-9.43549569807067,1241176
5,2026-06-30 14:15:57,"testSB_C",-9.58219236781702,1254122
6,2026-06-30 14:15:57,"ntc1_C",-9.76942457599296,1261418
6,2026-06-30 14:15:57,"ntc2_C",-9.43548483918619,1243758
6,2026-06-30 14:15:57,"testSB_C",-9.6234449113486,1254090
7,2026-06-30 14:15:57,"ntc1_C",-9.69075643026184,1260019
7,2026-06-30 14:15:57,"ntc2_C",-9.5313668870395,1248936
7,2026-06-30 14:15:57,"testSB_C",-9.77961698505408,1262142
8,2026-06-30 14:15:57,"ntc1_C",-9.49723531445653,1245757
8,2026-06-30 14:15:57,"ntc2_C",-9.3954225227223,1242613
8,2026-06-30 14:15:57,"testSB_C",-9.89933036801517,1266537
9,2026-06-30 14:15:57,"ntc1_C",-9.8090557375611,1261547
9,2026-06-30 14:15:57,"ntc2_C",-9.71075411450062,1259461
9,2026-06-30 14:15:57,"testSB_C",-9.90244462515528,1266454
10,2026-06-30 14:15:57,"ntc1_C",-9.66985679711934,1257937
10,2026-06-30 14:15:57,"ntc2_C",-9.68337301508825,1256343
10,2026-06-30 14:15:57,"testSB_C",-9.61493564053558,1252624
11,2026-06-30 14:15:57,"ntc1_C",-9.60155321228012,1253160
11,2026-06-30 14:15:57,"ntc2_C",-9.1141564062138,1228519
11,2026-06-30 14:15:57,"testSB_C",-9.53191102641296,1248921
12,2026-06-30 14:15:57,"ntc1_C",-9.32056895269017,1239627
12,2026-06-30 14:15:57,"ntc2_C",-9.12536104541238,1226150
12,2026-06-30 14:15:57,"testSB_C",-9.94184512495173,1263362
13,2026-06-30 14:15:57,"ntc1_C",-9.46033026891763,1243962
13,2026-06-30 14:15:57,"ntc2_C",-9.12390343533099,1225966
13,2026-06-30 14:15:57,"testSB_C",-9.77148102161829,1258087
14,2026-06-30 14:15:57,"ntc1_C",-9.65044398906116,1256891
14,2026-06-30 14:15:57,"ntc2_C",-9.69373154836438,1256446
14,2026-06-30 14:15:57,"testSB_C",-9.74527171575625,1258652
15,2026-06-30 14:15:57,"ntc1_C",-9.60146650841227,1253818
15,2026-06-30 14:15:57,"ntc2_C",-9.45565162025298,1243295
15,2026-06-30 14:15:57,"testSB_C",-10.0406633880895,1271079
16,2026-06-30 14:15:57,"ntc1_C",-9.84834097458258,1267171
16,2026-06-30 14:15:57,"ntc2_C",-9.16503936723126,1228833
16,2026-06-30 14:15:57,"testSB_C",-9.71064621078176,1256241
17,2026-06-30 14:15:57,"ntc1_C",-9.82854232875513,1267664
17,2026-06-30 14:15:57,"ntc2_C",-9.0758234464268,1228917
17,2026-06-30 14:15:57,"testSB_C",-9.90640033205062,1271087
18,2026-06-30 14:15:57,"ntc1_C",-9.99745217217003,1275422
18,2026-06-30 14:15:57,"ntc2_C",-9.51487376183508,1247211
18,2026-06-30 14:15:57,"testSB_C",-10.03747166837,1272869
19,2026-06-30 14:15:57,"ntc1_C",-9.91642813016563,1270571
19,2026-06-30 14:15:57,"ntc2_C",-9.1686345174495,1229545
19,2026-06-30 14:15:57,"testSB_C",-9.77499102986877,1258983
20,2026-06-30 14:15:57,"ntc1_C",-9.98395333705315,1270402
20,2026-06-30 14:15:57,"ntc2_C",-9.46036277930011,1246554
20,2026-06-30 14:15:57,"testSB_C",-9.82799153263602,1266348
21,2026-06-30 14:15:57,"ntc1_C",-9.71365979044992,1257714
21,2026-06-30 14:15:57,"ntc2_C",-9.35079918106402,1240678
21,2026-06-30 14:15:57,"testSB_C",-9.62191340510503,1254165
22,2026-06-30 14:15:57,"ntc1_C",-9.64394094115715,1253873
22,2026-06-30 14:15:57,"ntc2_C",-9.60326401613224,1253887
22,2026-06-30 14:15:57,"testSB_C",-9.83728663144763,1267095
23,2026-06-30 14:15:57,"ntc1_C",-10.0682438365452,1278391
23,2026-06-30 14:15:57,"ntc2_C",-9.64345628337668,1255458
23,2026-06-30 14:15:57,"testSB_C",-9.71044918684248,1258947
24,2026-06-30 14:15:57,"ntc1_C",-9.79610103365212,1261694
24,2026-06-30 14:15:57,"ntc2_C",-9.06851948437048,1226852
1,2026-06-30 18:15:57,"ntc1_C",-6.22152362621273,1091060
1,2026-06-30 18:15:57,"ntc2_C",-5.70586337098621,1069582
1,2026-06-30 18:15:57,"testSB_C",-6.47050422996739,1101552
2,2026-06-30 18:15:57,"ntc1_C",-6.57490133087879,1106454
2,2026-06-30 18:15:57,"ntc2_C",-5.83860690188283,1072996
2,2026-06-30 18:15:57,"testSB_C",-6.44353933561212,1098856
3,2026-06-30 18:15:57,"ntc1_C",-6.24088452999183,1092595
3,2026-06-30 18:15:57,"ntc2_C",-5.53104836822536,1059629
3,2026-06-30 18:15:57,"testSB_C",-6.42694329079842,1100190
4,2026-06-30 18:15:57,"ntc1_C",-6.62729998295038,1107960
4,2026-06-30 18:15:57,"ntc2_C",-5.22920375990628,1049114
4,2026-06-30 18:15:57,"testSB_C",-6.38416200828567,1098838
5,2026-06-30 18:15:57,"ntc1_C",-5.11087383698703,1043791
5,2026-06-30 18:15:57,"ntc2_C",-6.08219219824485,1082607
5,2026-06-30 18:15:57,"testSB_C",-6.36362614441163,1099896
6,2026-06-30 18:15:57,"ntc1_C",-6.65774976412882,1111219
6,2026-06-30 18:15:57,"ntc2_C",-6.42345132801671,1100039
6,2026-06-30 18:15:57,"testSB_C",-6.54668521764387,1106224
7,2026-06-30 18:15:57,"ntc1_C",-6.57267749458595,1109614
7,2026-06-30 18:15:57,"ntc2_C",-6.22531333077654,1091414
7,2026-06-30 18:15:57,"testSB_C",-6.49215841398063,1103791
8,2026-06-30 18:15:57,"ntc1_C",-6.43211786012387,1099411
8,2026-06-30 18:15:57,"ntc2_C",-6.08311476477854,1085710
8,2026-06-30 18:15:57,"testSB_C",-6.73296015507867,1113151
9,2026-06-30 18:15:57,"ntc1_C",-6.62290361545985,1108054
9,2026-06-30 18:15:57,"ntc2_C",-6.47935196187348,1104069
9,2026-06-30 18:15:57,"testSB_C",-6.79605381224775,1115742
10,2026-06-30 18:15:57,"ntc1_C",-6.5639150919742,1108326
10,2026-06-30 18:15:57,"ntc2_C",-6.53781029614578,1105124
10,2026-06-30 18:15:57,"testSB_C",-6.66313687694856,1110591
11,2026-06-30 18:15:57,"ntc1_C",-6.48497262758536,1103701
11,2026-06-30 18:15:57,"ntc2_C",-5.57843722020311,1063733
11,2026-06-30 18:15:57,"testSB_C",-6.43684131733625,1100872
12,2026-06-30 18:15:57,"ntc1_C",-5.789790067208,1073553
12,2026-06-30 18:15:57,"ntc2_C",-5.52257988024792,1058715
12,2026-06-30 18:15:57,"testSB_C",-6.88584699453673,1115773
13,2026-06-30 18:15:57,"ntc1_C",-6.43004469821665,1099546
13,2026-06-30 18:15:57,"ntc2_C",-5.60275665687232,1062093
13,2026-06-30 18:15:57,"testSB_C",-6.70833913979226,1110365
14,2026-06-30 18:15:57,"ntc1_C",-6.59018695333151,1109532
14,2026-06-30 18:15:57,"ntc2_C",-6.60666530749893,1107856
14,2026-06-30 18:15:57,"testSB_C",-6.64110374808075,1108875
15,2026-06-30 18:15:57,"ntc1_C",-6.49924980637553,1104862
15,2026-06-30 18:15:57,"ntc2_C",-6.21587388930777,1089437
15,2026-06-30 18:15:57,"testSB_C",-6.93432912936839,1120308
16,2026-06-30 18:15:57,"ntc1_C",-6.95505244599684,1126116
16,2026-06-30 18:15:57,"ntc2_C",-5.82228898692807,1072385
16,2026-06-30 18:15:57,"testSB_C",-6.35585145968355,1095908
17,2026-06-30 18:15:57,"ntc1_C",-6.76489152947391,1118872
17,2026-06-30 18:15:57,"ntc2_C",-5.55177813681678,1064528
17,2026-06-30 18:15:57,"testSB_C",-6.77760736886336,1118867
18,2026-06-30 18:15:57,"ntc1_C",-6.86232220494816,1122338
18,2026-06-30 18:15:57,"ntc2_C",-6.15040944637548,1087396
18,2026-06-30 18:15:57,"testSB_C",-6.86860841983565,1119067
19,2026-06-30 18:15:57,"ntc1_C",-6.82797289636289,1120262
19,2026-06-30 18:15:57,"ntc2_C",-5.85375161994978,1074224
19,2026-06-30 18:15:57,"testSB_C",-6.6563920067847,1108828
20,2026-06-30 18:15:57,"ntc1_C",-6.92337211419402,1121403
20,2026-06-30 18:15:57,"ntc2_C",-6.31023723483202,1096317
20,2026-06-30 18:15:57,"testSB_C",-6.63147758906501,1111596
21,2026-06-30 18:15:57,"ntc1_C",-6.5680823360176,1106278
21,2026-06-30 18:15:57,"ntc2_C",-5.91111137594277,1078399
21,2026-06-30 18:15:57,"testSB_C",-6.25697783146029,1093182
22,2026-06-30 18:15:57,"ntc1_C",-6.51334113967948,1103813
22,2026-06-30 18:15:57,"ntc2_C",-6.20865719368823,1091874
22,2026-06-30 18:15:57,"testSB_C",-6.45819148750837,1104028
23,2026-06-30 18:15:57,"ntc1_C",-6.79172966190657,1118473
23,2026-06-30 18:15:57,"ntc2_C",-6.33581229282862,1096967
23,2026-06-30 18:15:57,"testSB_C",-6.59574657683379,1108733
24,2026-06-30 18:15:57,"ntc1_C",-6.74900130084836,1114509
24,2026-06-30 18:15:57,"ntc2_C",-5.59751882834678,1065110
1,2026-06-30 22:15:57,"ntc1_C",-8.7797470805142,1210940
1,2026-06-30 22:15:57,"ntc2_C",-8.39527862448267,1193359
1,2026-06-30 22:15:57,"testSB_C",-8.64115723095881,1203542
2,2026-06-30 22:15:57,"ntc1_C",-8.80556002037076,1211771
2,2026-06-30 22:15:57,"ntc2_C",-8.54217485524583,1197905
2,2026-06-30 22:15:57,"testSB_C",-8.640674305461,1201776
3,2026-06-30 22:15:57,"ntc1_C",-8.44833250012209,1195397
3,2026-06-30 22:15:57,"ntc2_C",-8.07050109817834,1175095
3,2026-06-30 22:15:57,"testSB_C",-8.624936879448,1203299
4,2026-06-30 22:15:57,"ntc1_C",-8.8563463874213,1213302
4,2026-06-30 22:15:57,"ntc2_C",-8.15315603355089,1181755
4,2026-06-30 22:15:57,"testSB_C",-8.66145349663873,1205707
5,2026-06-30 22:15:57,"ntc1_C",-7.90088844695043,1169240
5,2026-06-30 22:15:57,"ntc2_C",-8.38708478198009,1189201
5,2026-06-30 22:15:57,"testSB_C",-8.50876057892253,1200376
6,2026-06-30 22:15:57,"ntc1_C",-8.71838741991195,1208502
6,2026-06-30 22:15:57,"ntc2_C",-8.72868818267187,1208400
6,2026-06-30 22:15:57,"testSB_C",-8.76442908973945,1210887
7,2026-06-30 22:15:57,"ntc1_C",-8.72928032339468,1211548
7,2026-06-30 22:15:57,"ntc2_C",-8.44224327901753,1194632
7,2026-06-30 22:15:57,"testSB_C",-8.65564413806476,1205555
8,2026-06-30 22:15:57,"ntc1_C",-8.58972109663921,1200467
8,2026-06-30 22:15:57,"ntc2_C",-8.34503573638216,1190497
8,2026-06-30 22:15:57,"testSB_C",-8.7072222389591,1206410
9,2026-06-30 22:15:57,"ntc1_C",-8.67296544120154,1204483
9,2026-06-30 22:15:57,"ntc2_C",-8.48266967411104,1197935
9,2026-06-30 22:15:57,"testSB_C",-8.91310033276648,1216328
10,2026-06-30 22:15:57,"ntc1_C",-8.57935543439231,1203195
10,2026-06-30 22:15:57,"ntc2_C",-8.55281669504973,1199704
10,2026-06-30 22:15:57,"testSB_C",-8.82622453819374,1212952
11,2026-06-30 22:15:57,"ntc1_C",-8.47294455108505,1196786
11,2026-06-30 22:15:57,"ntc2_C",-8.03701099030161,1175722
11,2026-06-30 22:15:57,"testSB_C",-8.52620864083343,1198710
12,2026-06-30 22:15:57,"ntc1_C",-8.06962571104674,1177974
12,2026-06-30 22:15:57,"ntc2_C",-7.83777512681547,1163401
12,2026-06-30 22:15:57,"testSB_C",-8.88676560023629,1210284
13,2026-06-30 22:15:57,"ntc1_C",-8.48149637290027,1195314
13,2026-06-30 22:15:57,"ntc2_C",-8.14809918930746,1178117
13,2026-06-30 22:15:57,"testSB_C",-8.72678210946191,1205579
14,2026-06-30 22:15:57,"ntc1_C",-8.55365077860392,1201916
14,2026-06-30 22:15:57,"ntc2_C",-8.56866102448072,1200072
14,2026-06-30 22:15:57,"testSB_C",-8.80521137858483,1211248
15,2026-06-30 22:15:57,"ntc1_C",-8.65309602151024,1206227
15,2026-06-30 22:15:57,"ntc2_C",-8.3735453830148,1189581
15,2026-06-30 22:15:57,"testSB_C",-8.82440171327312,1209765
16,2026-06-30 22:15:57,"ntc1_C",-9.02586312294221,1225336
16,2026-06-30 22:15:57,"ntc2_C",-8.14804381983782,1178909
16,2026-06-30 22:15:57,"testSB_C",-8.30026113197925,1186136
17,2026-06-30 22:15:57,"ntc1_C",-8.61873319254533,1206638
17,2026-06-30 22:15:57,"ntc2_C",-7.95474008438049,1173979
17,2026-06-30 22:15:57,"testSB_C",-8.57357875193213,1203820
18,2026-06-30 22:15:57,"ntc1_C",-8.54684497519781,1202110
18,2026-06-30 22:15:57,"ntc2_C",-8.08639239110829,1176613
18,2026-06-30 22:15:57,"testSB_C",-8.79854272865902,1210341
19,2026-06-30 22:15:57,"ntc1_C",-8.5829612992182,1203303
19,2026-06-30 22:15:57,"ntc2_C",-8.07214674449,1175776
19,2026-06-30 22:15:57,"testSB_C",-8.54830176402959,1197615
20,2026-06-30 22:15:57,"ntc1_C",-8.75350619915571,1208218
20,2026-06-30 22:15:57,"ntc2_C",-8.51332840427449,1199300
20,2026-06-30 22:15:57,"testSB_C",-8.5210914467051,1200584
21,2026-06-30 22:15:57,"ntc1_C",-8.36943109093954,1190568
21,2026-06-30 22:15:57,"ntc2_C",-8.04177609518445,1176165
21,2026-06-30 22:15:57,"testSB_C",-8.25534584222305,1186076
22,2026-06-30 22:15:57,"ntc1_C",-8.5084516237207,1197182
22,2026-06-30 22:15:57,"ntc2_C",-7.96695154366188,1172933
22,2026-06-30 22:15:57,"testSB_C",-8.47825521710473,1198747
23,2026-06-30 22:15:57,"ntc1_C",-8.60481124155007,1204273
23,2026-06-30 22:15:57,"ntc2_C",-8.38306577130066,1192480
23,2026-06-30 22:15:57,"testSB_C",-8.64634597063258,1205427
24,2026-06-30 22:15:57,"ntc1_C",-8.75124141879292,1209122
24,2026-06-30 22:15:57,"ntc2_C",-7.99380123048877,1174251
1,2026-07-01 02:15:57,"ntc1_C",-15.7785398522353,1611308
1,2026-07-01 02:15:57,"ntc2_C",-16.3270027318817,1649216
1,2026-07-01 02:15:57,"testSB_C",-15.6826701470165,1604659
2,2026-07-01 02:15:57,"ntc1_C",-15.9047626786015,1619037
2,2026-07-01 02:15:57,"ntc2_C",-16.1910165951701,1636657
2,2026-07-01 02:15:57,"testSB_C",-15.8094276372508,1610207
3,2026-07-01 02:15:57,"ntc1_C",-15.5698426308904,1598484
3,2026-07-01 02:15:57,"ntc2_C",-16.0281652906972,1626031
3,2026-07-01 02:15:57,"testSB_C",-15.7989918351417,1612651
4,2026-07-01 02:15:57,"ntc1_C",-15.6974435286093,1604021
4,2026-07-01 02:15:57,"ntc2_C",-16.2542717723182,1644746
4,2026-07-01 02:15:57,"testSB_C",-15.5954894417713,1600148
5,2026-07-01 02:15:57,"ntc1_C",-16.1263847305481,1635152
5,2026-07-01 02:15:57,"ntc2_C",-15.8819955561402,1614764
5,2026-07-01 02:15:57,"testSB_C",-16.0027606120829,1629805
6,2026-07-01 02:15:57,"ntc1_C",-15.4722930030736,1591662
6,2026-07-01 02:15:57,"ntc2_C",-15.6129760522068,1600420
6,2026-07-01 02:15:57,"testSB_C",-15.5688350449898,1598548
7,2026-07-01 02:15:57,"ntc1_C",-15.3720203079694,1588772
7,2026-07-01 02:15:57,"ntc2_C",-15.556305374555,1597256
7,2026-07-01 02:15:57,"testSB_C",-15.7010827101309,1607160
8,2026-07-01 02:15:57,"ntc1_C",-15.2750384192624,1577122
8,2026-07-01 02:15:57,"ntc2_C",-15.4286228343248,1589488
8,2026-07-01 02:15:57,"testSB_C",-15.3496203929313,1582024
9,2026-07-01 02:15:57,"ntc1_C",-15.1038507063118,1565228
9,2026-07-01 02:15:57,"ntc2_C",-15.126637850182,1570887
9,2026-07-01 02:15:57,"testSB_C",-15.3888329132168,1584417
10,2026-07-01 02:15:57,"ntc1_C",-15.1466535072167,1573031
10,2026-07-01 02:15:57,"ntc2_C",-15.1612797154121,1571142
10,2026-07-01 02:15:57,"testSB_C",-15.4662386441762,1590528
11,2026-07-01 02:15:57,"ntc1_C",-15.0572405784411,1565608
11,2026-07-01 02:15:57,"ntc2_C",-15.5677271406127,1598643
11,2026-07-01 02:15:57,"testSB_C",-15.2087476040479,1574589
12,2026-07-01 02:15:57,"ntc1_C",-15.4603960590341,1592581
12,2026-07-01 02:15:57,"ntc2_C",-15.2901402355594,1577123
12,2026-07-01 02:15:57,"testSB_C",-15.1703480248129,1562876
13,2026-07-01 02:15:57,"ntc1_C",-14.9096421807544,1553410
13,2026-07-01 02:15:57,"ntc2_C",-15.540610572343,1593113
13,2026-07-01 02:15:57,"testSB_C",-15.10940959518,1564404
14,2026-07-01 02:15:57,"ntc1_C",-15.0421348174424,1565998
14,2026-07-01 02:15:57,"ntc2_C",-14.9715906147202,1558523
14,2026-07-01 02:15:57,"testSB_C",-14.9963219197164,1559563
15,2026-07-01 02:15:57,"ntc1_C",-15.0212492677709,1564259
15,2026-07-01 02:15:57,"ntc2_C",-15.1623675594242,1569562
15,2026-07-01 02:15:57,"testSB_C",-14.9883107543451,1553799
16,2026-07-01 02:15:57,"ntc1_C",-15.0578371080068,1567471
16,2026-07-01 02:15:57,"ntc2_C",-15.1538103273297,1569058
16,2026-07-01 02:15:57,"testSB_C",-14.9203687129734,1552812
17,2026-07-01 02:15:57,"ntc1_C",-14.6435081827437,1542799
17,2026-07-01 02:15:57,"ntc2_C",-15.1327587681371,1573662
17,2026-07-01 02:15:57,"testSB_C",-14.6938520411883,1545341
18,2026-07-01 02:15:57,"ntc1_C",-14.4816929853219,1531669
18,2026-07-01 02:15:57,"ntc2_C",-14.730639175214,1543152
18,2026-07-01 02:15:57,"testSB_C",-14.5903437755665,1531618
19,2026-07-01 02:15:57,"ntc1_C",-14.4687906858127,1529984
19,2026-07-01 02:15:57,"ntc2_C",-14.8790947520365,1552255
19,2026-07-01 02:15:57,"testSB_C",-14.6560401583775,1535742
20,2026-07-01 02:15:57,"ntc1_C",-14.5460297744385,1530285
20,2026-07-01 02:15:57,"ntc2_C",-14.7531404627211,1547253
20,2026-07-01 02:15:57,"testSB_C",-14.609581469237,1539327
21,2026-07-01 02:15:57,"ntc1_C",-14.2247449703627,1512150
21,2026-07-01 02:15:57,"ntc2_C",-14.6946898345053,1543131
21,2026-07-01 02:15:57,"testSB_C",-14.5518129662888,1533829
22,2026-07-01 02:15:57,"ntc1_C",-14.4285649414914,1523874
22,2026-07-01 02:15:57,"ntc2_C",-14.4335009423765,1527152
22,2026-07-01 02:15:57,"testSB_C",-14.4938214599567,1532362
23,2026-07-01 02:15:57,"ntc1_C",-14.4608901120583,1529481
23,2026-07-01 02:15:57,"ntc2_C",-14.4453435781643,1527560
23,2026-07-01 02:15:57,"testSB_C",-14.4749978512357,1529393
24,2026-07-01 02:15:57,"ntc1_C",-14.3924352932395,1521501
24,2026-07-01 02:15:57,"ntc2_C",-14.6297765952332,1539378
1,2026-07-01 06:15:57,"ntc1_C",-20.0069191347561,1913138
1,2026-07-01 06:15:57,"ntc2_C",-20.3311030530515,1939974
1,2026-07-01 06:15:57,"testSB_C",-20.0117006827349,1913317
2,2026-07-01 06:15:57,"ntc1_C",-20.1103843812321,1920478
2,2026-07-01 06:15:57,"ntc2_C",-20.2475216602314,1929461
2,2026-07-01 06:15:57,"testSB_C",-20.0803018729742,1915102
3,2026-07-01 06:15:57,"ntc1_C",-19.914707978733,1906873
3,2026-07-01 06:15:57,"ntc2_C",-20.1967091962615,1925838
3,2026-07-01 06:15:57,"testSB_C",-20.0271828727148,1914703
4,2026-07-01 06:15:57,"ntc1_C",-19.929499426135,1904797
4,2026-07-01 06:15:57,"ntc2_C",-20.2395225866686,1933436
4,2026-07-01 06:15:57,"testSB_C",-19.7475221961565,1894136
5,2026-07-01 06:15:57,"ntc1_C",-20.1938643406897,1928347
5,2026-07-01 06:15:57,"ntc2_C",-20.0800321220258,1914872
5,2026-07-01 06:15:57,"testSB_C",-19.7378876479342,1896703
6,2026-07-01 06:15:57,"ntc1_C",-19.5180350054679,1875624
6,2026-07-01 06:15:57,"ntc2_C",-19.8213491817214,1898720
6,2026-07-01 06:15:57,"testSB_C",-19.5815275711986,1881612
7,2026-07-01 06:15:57,"ntc1_C",-19.4050088807313,1871603
7,2026-07-01 06:15:57,"ntc2_C",-19.6969657458392,1889933
7,2026-07-01 06:15:57,"testSB_C",-19.6099032340463,1883633
8,2026-07-01 06:15:57,"ntc1_C",-19.2466540353272,1853431
8,2026-07-01 06:15:57,"ntc2_C",-19.5126800935552,1876317
8,2026-07-01 06:15:57,"testSB_C",-19.3365838092233,1860257
9,2026-07-01 06:15:57,"ntc1_C",-19.0427804738597,1836304
9,2026-07-01 06:15:57,"ntc2_C",-19.1143758188215,1847212
9,2026-07-01 06:15:57,"testSB_C",-19.0416761876251,1838154
10,2026-07-01 06:15:57,"ntc1_C",-19.0261843083556,1841739
10,2026-07-01 06:15:57,"ntc2_C",-19.0380863243215,1839372
10,2026-07-01 06:15:57,"testSB_C",-19.1780752010847,1849542
11,2026-07-01 06:15:57,"ntc1_C",-18.900765436411,1830312
11,2026-07-01 06:15:57,"ntc2_C",-19.5921819662598,1882531
11,2026-07-01 06:15:57,"testSB_C",-19.0162878735653,1838217
12,2026-07-01 06:15:57,"ntc1_C",-19.5393559574232,1879594
12,2026-07-01 06:15:57,"ntc2_C",-19.3804322238072,1862497
12,2026-07-01 06:15:57,"testSB_C",-18.9682959097606,1822996
13,2026-07-01 06:15:57,"ntc1_C",-18.7208988248719,1813429
13,2026-07-01 06:15:57,"ntc2_C",-19.5145907046854,1872361
13,2026-07-01 06:15:57,"testSB_C",-18.8304207613431,1820037
14,2026-07-01 06:15:57,"ntc1_C",-18.9126599221766,1832534
14,2026-07-01 06:15:57,"ntc2_C",-18.8082793719126,1821759
14,2026-07-01 06:15:57,"testSB_C",-18.6503132382326,1809252
15,2026-07-01 06:15:57,"ntc1_C",-18.7775925522657,1822424
15,2026-07-01 06:15:57,"ntc2_C",-19.1264124814866,1844168
15,2026-07-01 06:15:57,"testSB_C",-18.9363294167254,1822292
16,2026-07-01 06:15:57,"ntc1_C",-18.9017812326713,1832699
16,2026-07-01 06:15:57,"ntc2_C",-19.2506521396178,1853362
16,2026-07-01 06:15:57,"testSB_C",-19.1047930531035,1839328
17,2026-07-01 06:15:57,"ntc1_C",-18.745867747279,1822712
17,2026-07-01 06:15:57,"ntc2_C",-19.3090253578986,1864857
17,2026-07-01 06:15:57,"testSB_C",-18.9148392570149,1834668
18,2026-07-01 06:15:57,"ntc1_C",-18.7208532105681,1820023
18,2026-07-01 06:15:57,"ntc2_C",-19.060670776472,1840325
18,2026-07-01 06:15:57,"testSB_C",-18.8553294632196,1820175
19,2026-07-01 06:15:57,"ntc1_C",-18.817048031878,1825970
19,2026-07-01 06:15:57,"ntc2_C",-19.2478156184702,1853956
19,2026-07-01 06:15:57,"testSB_C",-19.0924257395519,1838026
20,2026-07-01 06:15:57,"ntc1_C",-18.9712031950335,1831764
20,2026-07-01 06:15:57,"ntc2_C",-19.2167741157792,1855250
20,2026-07-01 06:15:57,"testSB_C",-19.0256895552743,1842217
21,2026-07-01 06:15:57,"ntc1_C",-18.7683436434168,1819365
21,2026-07-01 06:15:57,"ntc2_C",-19.2097235873923,1854138
21,2026-07-01 06:15:57,"testSB_C",-19.1313620937862,1847471
22,2026-07-01 06:15:57,"ntc1_C",-19.0090909406726,1835321
22,2026-07-01 06:15:57,"ntc2_C",-19.0428051462897,1842017
22,2026-07-01 06:15:57,"testSB_C",-19.0762325723138,1846286
23,2026-07-01 06:15:57,"ntc1_C",-19.1717090747685,1852418
23,2026-07-01 06:15:57,"ntc2_C",-19.1486806213203,1849803
23,2026-07-01 06:15:57,"testSB_C",-19.1030669016933,1846294
24,2026-07-01 06:15:57,"ntc1_C",-19.1648297975514,1846494
24,2026-07-01 06:15:57,"ntc2_C",-19.3539224331039,1865183
1,2026-07-01 10:15:57,"ntc1_C",-16.5073408334018,1659851
1,2026-07-01 10:15:57,"ntc2_C",-17.1939216690671,1708403
1,2026-07-01 10:15:57,"testSB_C",-16.5804705074908,1664465
2,2026-07-01 10:15:57,"ntc1_C",-16.6773979762069,1670784
2,2026-07-01 10:15:57,"ntc2_C",-16.8717892222034,1682635
2,2026-07-01 10:15:57,"testSB_C",-16.6868258436136,1668776
3,2026-07-01 10:15:57,"ntc1_C",-16.4649944641908,1657822
3,2026-07-01 10:15:57,"ntc2_C",-16.90182647114,1684910
3,2026-07-01 10:15:57,"testSB_C",-16.6855472853643,1671934
4,2026-07-01 10:15:57,"ntc1_C",-16.6011448580501,1664150
4,2026-07-01 10:15:57,"ntc2_C",-17.0332798872829,1697726
4,2026-07-01 10:15:57,"testSB_C",-16.405580854036,1653831
5,2026-07-01 10:15:57,"ntc1_C",-17.1075069810918,1701705
5,2026-07-01 10:15:57,"ntc2_C",-17.0917530956467,1696285
5,2026-07-01 10:15:57,"testSB_C",-16.6941853600939,1676332
6,2026-07-01 10:15:57,"ntc1_C",-16.4305049854897,1654935
6,2026-07-01 10:15:57,"ntc2_C",-16.8250187524925,1681382
6,2026-07-01 10:15:57,"testSB_C",-16.5996363063583,1667089
7,2026-07-01 10:15:57,"ntc1_C",-16.5574709124069,1667340
7,2026-07-01 10:15:57,"ntc2_C",-16.8197402045472,1681608
7,2026-07-01 10:15:57,"testSB_C",-16.8858892512841,1686568
8,2026-07-01 10:15:57,"ntc1_C",-16.4748069380466,1656118
8,2026-07-01 10:15:57,"ntc2_C",-16.8089482511339,1681367
8,2026-07-01 10:15:57,"testSB_C",-16.767916639321,1676076
9,2026-07-01 10:15:57,"ntc1_C",-16.4380511436145,1652435
9,2026-07-01 10:15:57,"ntc2_C",-16.6528894338992,1671592
9,2026-07-01 10:15:57,"testSB_C",-16.5204196507833,1659178
10,2026-07-01 10:15:57,"ntc1_C",-16.5210835159353,1663601
10,2026-07-01 10:15:57,"ntc2_C",-16.6482576623667,1669244
10,2026-07-01 10:15:57,"testSB_C",-16.5973863124658,1665518
11,2026-07-01 10:15:57,"ntc1_C",-16.5423079880098,1663199
11,2026-07-01 10:15:57,"ntc2_C",-17.2029117193337,1708656
11,2026-07-01 10:15:57,"testSB_C",-16.6355756918286,1668810
12,2026-07-01 10:15:57,"ntc1_C",-17.251191303749,1712997
12,2026-07-01 10:15:57,"ntc2_C",-17.0861635699256,1696838
12,2026-07-01 10:15:57,"testSB_C",-16.8184426045921,1671038
13,2026-07-01 10:15:57,"ntc1_C",-16.4483601849433,1653751
13,2026-07-01 10:15:57,"ntc2_C",-17.3237013993571,1713080
13,2026-07-01 10:15:57,"testSB_C",-16.7018002181587,1669257
14,2026-07-01 10:15:57,"ntc1_C",-16.7440789062114,1678263
14,2026-07-01 10:15:57,"ntc2_C",-16.6458402753353,1668542
14,2026-07-01 10:15:57,"testSB_C",-16.5203045077502,1659396
15,2026-07-01 10:15:57,"ntc1_C",-16.7371081516896,1677488
15,2026-07-01 10:15:57,"ntc2_C",-17.0071792571777,1692077
15,2026-07-01 10:15:57,"testSB_C",-16.9195102387947,1680031
16,2026-07-01 10:15:57,"ntc1_C",-16.6548760146008,1672842
16,2026-07-01 10:15:57,"ntc2_C",-17.1124299243002,1699313
16,2026-07-01 10:15:57,"testSB_C",-16.9860506027658,1688464
17,2026-07-01 10:15:57,"ntc1_C",-16.5701502026516,1668676
17,2026-07-01 10:15:57,"ntc2_C",-17.2231209975505,1713488
17,2026-07-01 10:15:57,"testSB_C",-16.8711092170396,1688610
18,2026-07-01 10:15:57,"ntc1_C",-16.4451462505265,1659273
18,2026-07-01 10:15:57,"ntc2_C",-17.0328797391824,1694877
18,2026-07-01 10:15:57,"testSB_C",-16.7873905160575,1674291
19,2026-07-01 10:15:57,"ntc1_C",-16.6502941042959,1672171
19,2026-07-01 10:15:57,"ntc2_C",-17.1851680462462,1705086
19,2026-07-01 10:15:57,"testSB_C",-16.9039993330608,1682423
20,2026-07-01 10:15:57,"ntc1_C",-16.8513363962291,1680837
20,2026-07-01 10:15:57,"ntc2_C",-17.3191086476696,1717720
20,2026-07-01 10:15:57,"testSB_C",-16.9766086904554,1695154
21,2026-07-01 10:15:57,"ntc1_C",-16.672036191837,1670799
21,2026-07-01 10:15:57,"ntc2_C",-17.22400633984,1710577
21,2026-07-01 10:15:57,"testSB_C",-17.0048159551723,1694880
22,2026-07-01 10:15:57,"ntc1_C",-16.7512804388163,1674845
22,2026-07-01 10:15:57,"ntc2_C",-16.8824659359194,1687356
22,2026-07-01 10:15:57,"testSB_C",-16.9975867350001,1696893
23,2026-07-01 10:15:57,"ntc1_C",-17.0552765269956,1699956
23,2026-07-01 10:15:57,"ntc2_C",-16.9943803200787,1694826
23,2026-07-01 10:15:57,"testSB_C",-16.9450478664544,1691371
24,2026-07-01 10:15:57,"ntc1_C",-16.6515376073999,1667824
24,2026-07-01 10:15:57,"ntc2_C",-17.3208179483232,1717583
1,2026-07-01 14:15:57,"ntc1_C",-9.40476593581207,1242220
1,2026-07-01 14:15:57,"ntc2_C",-9.66495406353545,1256785
1,2026-07-01 14:15:57,"testSB_C",-9.60140381490243,1251682
2,2026-07-01 14:15:57,"ntc1_C",-9.86221132407604,1265170
2,2026-07-01 14:15:57,"ntc2_C",-9.44561992607527,1242878
2,2026-07-01 14:15:57,"testSB_C",-9.68997841498236,1254346
3,2026-07-01 14:15:57,"ntc1_C",-9.52203970068075,1248916
3,2026-07-01 14:15:57,"ntc2_C",-9.39026371898296,1240106
3,2026-07-01 14:15:57,"testSB_C",-9.76628633839653,1260673
4,2026-07-01 14:15:57,"ntc1_C",-9.75704737536216,1258716
4,2026-07-01 14:15:57,"ntc2_C",-9.3590706985953,1241347
4,2026-07-01 14:15:57,"testSB_C",-9.6263683378433,1254131
5,2026-07-01 14:15:57,"ntc1_C",-9.31168191027064,1238446
5,2026-07-01 14:15:57,"ntc2_C",-9.7473964860875,1257079
5,2026-07-01 14:15:57,"testSB_C",-9.71224092304146,1260797
6,2026-07-01 14:15:57,"ntc1_C",-9.71115828693905,1258424
6,2026-07-01 14:15:57,"ntc2_C",-9.70156598332011,1257339
6,2026-07-01 14:15:57,"testSB_C",-9.7223396373164,1259163
7,2026-07-01 14:15:57,"ntc1_C",-9.75155005532315,1263149
7,2026-07-01 14:15:57,"ntc2_C",-9.69764142252103,1257444
7,2026-07-01 14:15:57,"testSB_C",-9.96453683493206,1271706
8,2026-07-01 14:15:57,"ntc1_C",-9.60635253696711,1251318
8,2026-07-01 14:15:57,"ntc2_C",-9.64151250316468,1255154
8,2026-07-01 14:15:57,"testSB_C",-9.92980080170724,1268113
9,2026-07-01 14:15:57,"ntc1_C",-9.70164364719545,1256037
9,2026-07-01 14:15:57,"ntc2_C",-9.77440918900533,1262736
9,2026-07-01 14:15:57,"testSB_C",-9.92281938000895,1267508
10,2026-07-01 14:15:57,"ntc1_C",-9.82017007754388,1265678
10,2026-07-01 14:15:57,"ntc2_C",-9.77730359581108,1261169
10,2026-07-01 14:15:57,"testSB_C",-9.80278313575946,1262265
11,2026-07-01 14:15:57,"ntc1_C",-9.75898418651241,1261235
11,2026-07-01 14:15:57,"ntc2_C",-9.68271567856186,1257352
11,2026-07-01 14:15:57,"testSB_C",-9.8154963276524,1263461
12,2026-07-01 14:15:57,"ntc1_C",-9.74840602180916,1261457
12,2026-07-01 14:15:57,"ntc2_C",-9.61855182164817,1251087
12,2026-07-01 14:15:57,"testSB_C",-10.0480550847383,1268834
13,2026-07-01 14:15:57,"ntc1_C",-9.62911308782753,1252551
13,2026-07-01 14:15:57,"ntc2_C",-9.75031183879867,1257718
13,2026-07-01 14:15:57,"testSB_C",-9.96161923183928,1267890
14,2026-07-01 14:15:57,"ntc1_C",-9.88198639133105,1268818
14,2026-07-01 14:15:57,"ntc2_C",-9.90251023070459,1267199
14,2026-07-01 14:15:57,"testSB_C",-9.86544229306025,1264845
15,2026-07-01 14:15:57,"ntc1_C",-9.93993957512282,1271260
15,2026-07-01 14:15:57,"ntc2_C",-9.87253257460378,1264639
15,2026-07-01 14:15:57,"testSB_C",-10.1426507453853,1276359
16,2026-07-01 14:15:57,"ntc1_C",-10.0365195793398,1276944
16,2026-07-01 14:15:57,"ntc2_C",-9.69145970570679,1255513
16,2026-07-01 14:15:57,"testSB_C",-9.96623040574116,1269383
17,2026-07-01 14:15:57,"ntc1_C",-9.93688008340348,1273279
17,2026-07-01 14:15:57,"ntc2_C",-9.64432700027777,1257767
17,2026-07-01 14:15:57,"testSB_C",-10.0232927549736,1277165
18,2026-07-01 14:15:57,"ntc1_C",-10.0426960838145,1277780
18,2026-07-01 14:15:57,"ntc2_C",-9.90210153497299,1267079
18,2026-07-01 14:15:57,"testSB_C",-10.0644664937656,1274267
19,2026-07-01 14:15:57,"ntc1_C",-10.0362313286834,1276798
19,2026-07-01 14:15:57,"ntc2_C",-9.73681410970869,1258383
19,2026-07-01 14:15:57,"testSB_C",-10.008182339399,1271001
20,2026-07-01 14:15:57,"ntc1_C",-10.133440065475,1278174
20,2026-07-01 14:15:57,"ntc2_C",-10.0588378911833,1277385
20,2026-07-01 14:15:57,"testSB_C",-10.1962209557595,1285528
21,2026-07-01 14:15:57,"ntc1_C",-9.87041244828373,1265790
21,2026-07-01 14:15:57,"ntc2_C",-9.91527943161901,1269595
21,2026-07-01 14:15:57,"testSB_C",-10.5195925570181,1301016
22,2026-07-01 14:15:57,"ntc1_C",-9.96819504463031,1270555
22,2026-07-01 14:15:57,"ntc2_C",-10.0773304785798,1278383
22,2026-07-01 14:15:57,"testSB_C",-10.1860582074659,1285263
23,2026-07-01 14:15:57,"ntc1_C",-10.4507781401178,1298514
23,2026-07-01 14:15:57,"ntc2_C",-10.0896789454405,1278553
23,2026-07-01 14:15:57,"testSB_C",-10.215224534977,1285170
24,2026-07-01 14:15:57,"ntc1_C",-10.1808193567696,1281627
24,2026-07-01 14:15:57,"ntc2_C",-9.84010625441886,1266086
1,2026-07-01 18:15:57,"ntc1_C",-6.52151814576649,1104464
1,2026-07-01 18:15:57,"ntc2_C",-6.00880336044605,1082839
1,2026-07-01 18:15:57,"testSB_C",-6.74247524168169,1113830
2,2026-07-01 18:15:57,"ntc1_C",-6.8771361727915,1120156
2,2026-07-01 18:15:57,"ntc2_C",-6.13647072490534,1086076
2,2026-07-01 18:15:57,"testSB_C",-6.78306020008432,1114150
3,2026-07-01 18:15:57,"ntc1_C",-6.47539795179091,1103072
3,2026-07-01 18:15:57,"ntc2_C",-5.77109982095232,1070026
3,2026-07-01 18:15:57,"testSB_C",-6.71832217805724,1113321
4,2026-07-01 18:15:57,"ntc1_C",-6.94266285835874,1122275
4,2026-07-01 18:15:57,"ntc2_C",-5.42392164083446,1057451
4,2026-07-01 18:15:57,"testSB_C",-6.6092016163874,1108952
5,2026-07-01 18:15:57,"ntc1_C",-5.27057193910679,1050583
5,2026-07-01 18:15:57,"ntc2_C",-6.30480793156136,1092460
5,2026-07-01 18:15:57,"testSB_C",-6.63113879630248,1111941
6,2026-07-01 18:15:57,"ntc1_C",-6.88843228590684,1121699
6,2026-07-01 18:15:57,"ntc2_C",-6.74181279666794,1114391
6,2026-07-01 18:15:57,"testSB_C",-6.82931248627176,1119030
7,2026-07-01 18:15:57,"ntc1_C",-6.87888404887707,1123535
7,2026-07-01 18:15:57,"ntc2_C",-6.4710989225261,1102392
7,2026-07-01 18:15:57,"testSB_C",-6.89627001294673,1122109
8,2026-07-01 18:15:57,"ntc1_C",-6.71207078620648,1112015
8,2026-07-01 18:15:57,"ntc2_C",-6.35964734873772,1097996
8,2026-07-01 18:15:57,"testSB_C",-7.10016783101457,1129921
9,2026-07-01 18:15:57,"ntc1_C",-6.92352362676957,1121686
9,2026-07-01 18:15:57,"ntc2_C",-6.81934631878852,1119452
9,2026-07-01 18:15:57,"testSB_C",-7.19607828699992,1134074
10,2026-07-01 18:15:57,"ntc1_C",-6.9218481769916,1124597
10,2026-07-01 18:15:57,"ntc2_C",-6.85620799688616,1119545
10,2026-07-01 18:15:57,"testSB_C",-7.06058176599447,1128713
11,2026-07-01 18:15:57,"ntc1_C",-6.8198057269679,1118843
11,2026-07-01 18:15:57,"ntc2_C",-5.88355274281133,1077013
11,2026-07-01 18:15:57,"testSB_C",-6.84488542753218,1119315
12,2026-07-01 18:15:57,"ntc1_C",-5.98824624537701,1082252
12,2026-07-01 18:15:57,"ntc2_C",-5.83429157398416,1072225
12,2026-07-01 18:15:57,"testSB_C",-7.28399288624814,1133958
13,2026-07-01 18:15:57,"ntc1_C",-6.73098802807209,1113088
13,2026-07-01 18:15:57,"ntc2_C",-5.92876252391329,1076272
13,2026-07-01 18:15:57,"testSB_C",-7.17254282036623,1131558
14,2026-07-01 18:15:57,"ntc1_C",-7.00126471834875,1128254
14,2026-07-01 18:15:57,"ntc2_C",-6.94530375457094,1123238
14,2026-07-01 18:15:57,"testSB_C",-7.05115813637838,1127573
15,2026-07-01 18:15:57,"ntc1_C",-7.01165196850809,1128158
15,2026-07-01 18:15:57,"ntc2_C",-6.58887806915652,1106110
15,2026-07-01 18:15:57,"testSB_C",-7.27418269513623,1135888
16,2026-07-01 18:15:57,"ntc1_C",-7.42738759211903,1148000
16,2026-07-01 18:15:57,"ntc2_C",-6.10504139761389,1084789
16,2026-07-01 18:15:57,"testSB_C",-6.72095014623551,1112303
17,2026-07-01 18:15:57,"ntc1_C",-7.09306647612874,1133919
17,2026-07-01 18:15:57,"ntc2_C",-5.82328285832034,1076350
17,2026-07-01 18:15:57,"testSB_C",-7.09615777132916,1133475
18,2026-07-01 18:15:57,"ntc1_C",-7.13052806212625,1134667
18,2026-07-01 18:15:57,"ntc2_C",-6.4054681728984,1098741
18,2026-07-01 18:15:57,"testSB_C",-7.15390561802741,1132106
19,2026-07-01 18:15:57,"ntc1_C",-7.10910407158724,1133159
19,2026-07-01 18:15:57,"ntc2_C",-6.07052625152164,1083737
19,2026-07-01 18:15:57,"testSB_C",-6.98560060051426,1123784
20,2026-07-01 18:15:57,"ntc1_C",-7.25259374956084,1136536
20,2026-07-01 18:15:57,"ntc2_C",-6.65904247710239,1111997
20,2026-07-01 18:15:57,"testSB_C",-6.90476487851635,1124036
21,2026-07-01 18:15:57,"ntc1_C",-6.73353154311974,1113758
21,2026-07-01 18:15:57,"ntc2_C",-6.13876585819287,1088434
21,2026-07-01 18:15:57,"testSB_C",-6.5602635188207,1106789
22,2026-07-01 18:15:57,"ntc1_C",-6.80316883291363,1116900
22,2026-07-01 18:15:57,"ntc2_C",-6.43911092205951,1102162
22,2026-07-01 18:15:57,"testSB_C",-6.74780005125893,1117122
23,2026-07-01 18:15:57,"ntc1_C",-7.06539710425392,1131012
23,2026-07-01 18:15:57,"ntc2_C",-6.47989254714008,1103425
23,2026-07-01 18:15:57,"testSB_C",-6.99058958279414,1126714
24,2026-07-01 18:15:57,"ntc1_C",-7.05682042939696,1128548
24,2026-07-01 18:15:57,"ntc2_C",-5.81710053321251,1074662
1,2026-07-01 22:15:57,"ntc1_C",-7.4234599952751,1145792
1,2026-07-01 22:15:57,"ntc2_C",-7.0395172505871,1129225
1,2026-07-01 22:15:57,"testSB_C",-7.6969072723773,1158039
2,2026-07-01 22:15:57,"ntc1_C",-7.95123655151963,1170275
2,2026-07-01 22:15:57,"ntc2_C",-7.42377873741935,1144519
2,2026-07-01 22:15:57,"testSB_C",-7.85486307018334,1163879
3,2026-07-01 22:15:57,"ntc1_C",-7.63995340625172,1156648
3,2026-07-01 22:15:57,"ntc2_C",-7.10096632195979,1129559
3,2026-07-01 22:15:57,"testSB_C",-7.95572177887243,1170900
4,2026-07-01 22:15:57,"ntc1_C",-8.08114805422719,1175552
4,2026-07-01 22:15:57,"ntc2_C",-6.98292732289269,1126715
4,2026-07-01 22:15:57,"testSB_C",-7.90308833426019,1168986
5,2026-07-01 22:15:57,"ntc1_C",-6.83803871241196,1119718
5,2026-07-01 22:15:57,"ntc2_C",-7.63722645536234,1153391
5,2026-07-01 22:15:57,"testSB_C",-7.84664196626051,1168398
6,2026-07-01 22:15:57,"ntc1_C",-8.01212771683572,1174216
6,2026-07-01 22:15:57,"ntc2_C",-7.8874602968902,1167646
6,2026-07-01 22:15:57,"testSB_C",-7.97196431334794,1172373
7,2026-07-01 22:15:57,"ntc1_C",-8.07465766419085,1179634
7,2026-07-01 22:15:57,"ntc2_C",-7.68256370736339,1158182
7,2026-07-01 22:15:57,"testSB_C",-8.0714023643954,1177165
8,2026-07-01 22:15:57,"ntc1_C",-7.90046374598245,1167191
8,2026-07-01 22:15:57,"ntc2_C",-7.7652582012584,1162689
8,2026-07-01 22:15:57,"testSB_C",-8.17063556300917,1180300
9,2026-07-01 22:15:57,"ntc1_C",-8.08364487334734,1175919
9,2026-07-01 22:15:57,"ntc2_C",-8.05381578858623,1177177
9,2026-07-01 22:15:57,"testSB_C",-8.35776454523875,1189079
10,2026-07-01 22:15:57,"ntc1_C",-8.03188521634439,1176632
10,2026-07-01 22:15:57,"ntc2_C",-8.08279440628166,1176927
10,2026-07-01 22:15:57,"testSB_C",-8.09654775386389,1177387
11,2026-07-01 22:15:57,"ntc1_C",-7.98604709790476,1173269
11,2026-07-01 22:15:57,"ntc2_C",-7.29611498272777,1140755
11,2026-07-01 22:15:57,"testSB_C",-7.87705052767944,1167395
12,2026-07-01 22:15:57,"ntc1_C",-7.43061402329414,1147696
12,2026-07-01 22:15:57,"ntc2_C",-7.31810635571651,1139013
12,2026-07-01 22:15:57,"testSB_C",-8.42384861772643,1187716
13,2026-07-01 22:15:57,"ntc1_C",-7.85931932661407,1165401
13,2026-07-01 22:15:57,"ntc2_C",-7.31618698688357,1138830
13,2026-07-01 22:15:57,"testSB_C",-8.25950025211438,1182819
14,2026-07-01 22:15:57,"ntc1_C",-8.04814655649233,1177406
14,2026-07-01 22:15:57,"ntc2_C",-8.0686451927694,1175850
14,2026-07-01 22:15:57,"testSB_C",-8.2287451531505,1183075
15,2026-07-01 22:15:57,"ntc1_C",-8.13721258469769,1181114
15,2026-07-01 22:15:57,"ntc2_C",-7.6658524357897,1155736
15,2026-07-01 22:15:57,"testSB_C",-8.28203300827249,1183385
16,2026-07-01 22:15:57,"ntc1_C",-8.34977251391234,1191998
16,2026-07-01 22:15:57,"ntc2_C",-7.3035323496332,1139027
16,2026-07-01 22:15:57,"testSB_C",-7.86672456020852,1165388
17,2026-07-01 22:15:57,"ntc1_C",-8.2902443187707,1190589
17,2026-07-01 22:15:57,"ntc2_C",-7.32233502246282,1144100
17,2026-07-01 22:15:57,"testSB_C",-8.28683364092564,1189827
18,2026-07-01 22:15:57,"ntc1_C",-8.35292019219179,1192639
18,2026-07-01 22:15:57,"ntc2_C",-7.68862072434564,1157689
18,2026-07-01 22:15:57,"testSB_C",-8.34769155044523,1188364
19,2026-07-01 22:15:57,"ntc1_C",-8.25728496969293,1187431
19,2026-07-01 22:15:57,"ntc2_C",-7.54082712664814,1150590
19,2026-07-01 22:15:57,"testSB_C",-8.20105003434873,1180796
20,2026-07-01 22:15:57,"ntc1_C",-8.50672932791434,1196123
20,2026-07-01 22:15:57,"ntc2_C",-8.01752582605218,1175292
20,2026-07-01 22:15:57,"testSB_C",-8.26255169794388,1187991
21,2026-07-01 22:15:57,"ntc1_C",-8.26432516255278,1185474
21,2026-07-01 22:15:57,"ntc2_C",-7.56773579826142,1153655
21,2026-07-01 22:15:57,"testSB_C",-7.97584055556172,1172616
22,2026-07-01 22:15:57,"ntc1_C",-8.19623437974849,1182055
22,2026-07-01 22:15:57,"ntc2_C",-7.72508809740913,1161427
22,2026-07-01 22:15:57,"testSB_C",-8.07761017901828,1179322
23,2026-07-01 22:15:57,"ntc1_C",-8.32111473623047,1190417
23,2026-07-01 22:15:57,"ntc2_C",-7.91746577090566,1170036
23,2026-07-01 22:15:57,"testSB_C",-8.38675630720485,1192725
24,2026-07-01 22:15:57,"ntc1_C",-8.31749930796695,1187955
24,2026-07-01 22:15:57,"ntc2_C",-7.41167411668499,1146725
1,2026-07-02 02:15:57,"ntc1_C",-15.242032186332,1576457
1,2026-07-02 02:15:57,"ntc2_C",-15.4023627321414,1588275
1,2026-07-02 02:15:57,"testSB_C",-15.285757808857,1578889
2,2026-07-02 02:15:57,"ntc1_C",-15.4496024033483,1589284
2,2026-07-02 02:15:57,"ntc2_C",-15.4525712843001,1588160
2,2026-07-02 02:15:57,"testSB_C",-15.3696935972463,1581609
3,2026-07-02 02:15:57,"ntc1_C",-15.1878437801252,1573795
3,2026-07-02 02:15:57,"ntc2_C",-15.2926686902702,1578014
3,2026-07-02 02:15:57,"testSB_C",-15.3676007543381,1584547
4,2026-07-02 02:15:57,"ntc1_C",-15.3490443214505,1581408
4,2026-07-02 02:15:57,"ntc2_C",-15.4263622482348,1590195
4,2026-07-02 02:15:57,"testSB_C",-15.2553203510686,1578114
5,2026-07-02 02:15:57,"ntc1_C",-15.3377572215651,1583490
5,2026-07-02 02:15:57,"ntc2_C",-15.3740920568185,1581682
5,2026-07-02 02:15:57,"testSB_C",-15.6128575997848,1604122
6,2026-07-02 02:15:57,"ntc1_C",-15.2731383611986,1578809
6,2026-07-02 02:15:57,"ntc2_C",-15.2515391712319,1577018
6,2026-07-02 02:15:57,"testSB_C",-15.303348031139,1581343
7,2026-07-02 02:15:57,"ntc1_C",-15.250899889543,1580950
7,2026-07-02 02:15:57,"ntc2_C",-15.2929674110076,1580199
7,2026-07-02 02:15:57,"testSB_C",-15.3750645953987,1585953
8,2026-07-02 02:15:57,"ntc1_C",-15.1781827104918,1570907
8,2026-07-02 02:15:57,"ntc2_C",-15.2471462137837,1577777
8,2026-07-02 02:15:57,"testSB_C",-15.3421274647434,1581541
9,2026-07-02 02:15:57,"ntc1_C",-15.2360379265705,1573665
9,2026-07-02 02:15:57,"ntc2_C",-15.1806976897709,1574351
9,2026-07-02 02:15:57,"testSB_C",-15.3936158991876,1584726
10,2026-07-02 02:15:57,"ntc1_C",-15.1935225073244,1576039
10,2026-07-02 02:15:57,"ntc2_C",-15.1932032774362,1573188
10,2026-07-02 02:15:57,"testSB_C",-15.3831529388165,1585151
11,2026-07-02 02:15:57,"ntc1_C",-15.1446719583519,1571196
11,2026-07-02 02:15:57,"ntc2_C",-15.3485282673439,1584428
11,2026-07-02 02:15:57,"testSB_C",-15.2073298317291,1574498
12,2026-07-02 02:15:57,"ntc1_C",-15.3512579425512,1585514
12,2026-07-02 02:15:57,"ntc2_C",-15.1431826331371,1567699
12,2026-07-02 02:15:57,"testSB_C",-15.3586030553956,1574878
13,2026-07-02 02:15:57,"ntc1_C",-15.0657194993631,1563312
13,2026-07-02 02:15:57,"ntc2_C",-15.3445167724312,1580428
13,2026-07-02 02:15:57,"testSB_C",-15.3076237136162,1577098
14,2026-07-02 02:15:57,"ntc1_C",-15.2129628865649,1576929
14,2026-07-02 02:15:57,"ntc2_C",-15.2035003090265,1573330
14,2026-07-02 02:15:57,"testSB_C",-15.2942656030147,1578612
15,2026-07-02 02:15:57,"ntc1_C",-15.2136519244553,1576576
15,2026-07-02 02:15:57,"ntc2_C",-15.2970233374744,1578205
15,2026-07-02 02:15:57,"testSB_C",-15.3193039062084,1574765
16,2026-07-02 02:15:57,"ntc1_C",-15.3575304786859,1586740
16,2026-07-02 02:15:57,"ntc2_C",-15.2766814955574,1576936
16,2026-07-02 02:15:57,"testSB_C",-15.2905800605006,1576324
17,2026-07-02 02:15:57,"ntc1_C",-15.1889822032077,1577469
17,2026-07-02 02:15:57,"ntc2_C",-15.3436262950285,1587249
17,2026-07-02 02:15:57,"testSB_C",-15.2654948674878,1581769
18,2026-07-02 02:15:57,"ntc1_C",-15.1830207908154,1576110
18,2026-07-02 02:15:57,"ntc2_C",-15.1561120272328,1570159
18,2026-07-02 02:15:57,"testSB_C",-15.269834776628,1574435
19,2026-07-02 02:15:57,"ntc1_C",-15.1689814516001,1574287
19,2026-07-02 02:15:57,"ntc2_C",-15.3148006757409,1580072
19,2026-07-02 02:15:57,"testSB_C",-15.2537127399918,1573488
20,2026-07-02 02:15:57,"ntc1_C",-15.281869681737,1576858
20,2026-07-02 02:15:57,"ntc2_C",-15.3001125104282,1582153
20,2026-07-02 02:15:57,"testSB_C",-15.2871338540367,1582449
21,2026-07-02 02:15:57,"ntc1_C",-15.0574426258783,1564408
21,2026-07-02 02:15:57,"ntc2_C",-15.240955186354,1577889
21,2026-07-02 02:15:57,"testSB_C",-15.1381191638098,1570921
22,2026-07-02 02:15:57,"ntc1_C",-15.1407400527197,1568699
22,2026-07-02 02:15:57,"ntc2_C",-15.1384193946009,1571682
22,2026-07-02 02:15:57,"testSB_C",-15.2565041806905,1580763
23,2026-07-02 02:15:57,"ntc1_C",-15.2218321520749,1577680
23,2026-07-02 02:15:57,"ntc2_C",-15.1504488096023,1572150
23,2026-07-02 02:15:57,"testSB_C",-15.202943952074,1575492
24,2026-07-02 02:15:57,"ntc1_C",-15.1690905480576,1570340
24,2026-07-02 02:15:57,"ntc2_C",-15.1852710113152,1574627
1,2026-07-02 06:15:57,"ntc1_C",-17.0135120020719,1694394
1,2026-07-02 06:15:57,"ntc2_C",-17.054337938146,1698737
1,2026-07-02 06:15:57,"testSB_C",-16.9963947090507,1692896
2,2026-07-02 06:15:57,"ntc1_C",-16.9975790824957,1692693
2,2026-07-02 06:15:57,"ntc2_C",-17.0304024789079,1693525
2,2026-07-02 06:15:57,"testSB_C",-16.9906199943537,1689531
3,2026-07-02 06:15:57,"ntc1_C",-16.9649132980024,1691882
3,2026-07-02 06:15:57,"ntc2_C",-16.9867970843454,1690745
3,2026-07-02 06:15:57,"testSB_C",-16.9778296747375,1691936
4,2026-07-02 06:15:57,"ntc1_C",-16.9836654636301,1690253
4,2026-07-02 06:15:57,"ntc2_C",-16.9864327387353,1694494
4,2026-07-02 06:15:57,"testSB_C",-16.9485332683287,1690782
5,2026-07-02 06:15:57,"ntc1_C",-16.969555929977,1692192
5,2026-07-02 06:15:57,"ntc2_C",-16.9749496957205,1688244
5,2026-07-02 06:15:57,"testSB_C",-16.9424961688165,1693352
6,2026-07-02 06:15:57,"ntc1_C",-16.9483617438556,1690134
6,2026-07-02 06:15:57,"ntc2_C",-16.9590175287959,1690572
6,2026-07-02 06:15:57,"testSB_C",-16.9409827346611,1690406
7,2026-07-02 06:15:57,"ntc1_C",-16.9286697883849,1692705
7,2026-07-02 06:15:57,"ntc2_C",-16.9337059422465,1689425
7,2026-07-02 06:15:57,"testSB_C",-16.9584902712421,1691555
8,2026-07-02 06:15:57,"ntc1_C",-16.9090419733524,1685642
8,2026-07-02 06:15:57,"ntc2_C",-16.9188197708779,1688897
8,2026-07-02 06:15:57,"testSB_C",-16.9259555070371,1686885
9,2026-07-02 06:15:57,"ntc1_C",-16.9168042510772,1684856
9,2026-07-02 06:15:57,"ntc2_C",-16.8928647844484,1687984
9,2026-07-02 06:15:57,"testSB_C",-16.9081324011325,1685570
10,2026-07-02 06:15:57,"ntc1_C",-16.8904265207209,1688787
10,2026-07-02 06:15:57,"ntc2_C",-16.8892554410295,1685692
10,2026-07-02 06:15:57,"testSB_C",-16.8979747938803,1686014
11,2026-07-02 06:15:57,"ntc1_C",-16.8779161520364,1686055
11,2026-07-02 06:15:57,"ntc2_C",-16.9079869215613,1688288
11,2026-07-02 06:15:57,"testSB_C",-16.877698278966,1685331
12,2026-07-02 06:15:57,"ntc1_C",-16.8984460860767,1688603
12,2026-07-02 06:15:57,"ntc2_C",-16.8703022047823,1681998
12,2026-07-02 06:15:57,"testSB_C",-16.9523131692943,1680135
13,2026-07-02 06:15:57,"ntc1_C",-16.8569746099071,1681433
13,2026-07-02 06:15:57,"ntc2_C",-16.8911378847334,1683200
13,2026-07-02 06:15:57,"testSB_C",-16.8587128823866,1679950
14,2026-07-02 06:15:57,"ntc1_C",-16.8765821832539,1687322
14,2026-07-02 06:15:57,"ntc2_C",-16.8417760525945,1681899
14,2026-07-02 06:15:57,"testSB_C",-16.8234631778814,1679977
15,2026-07-02 06:15:57,"ntc1_C",-16.8389176343826,1684450
15,2026-07-02 06:15:57,"ntc2_C",-16.8496476165154,1681264
15,2026-07-02 06:15:57,"testSB_C",-16.9296048666437,1680716
16,2026-07-02 06:15:57,"ntc1_C",-16.8427586629169,1685680
16,2026-07-02 06:15:57,"ntc2_C",-16.8405480134332,1680626
16,2026-07-02 06:15:57,"testSB_C",-16.8750669494308,1680895
17,2026-07-02 06:15:57,"ntc1_C",-16.8126931529197,1685210
17,2026-07-02 06:15:57,"ntc2_C",-16.8246434758702,1685939
17,2026-07-02 06:15:57,"testSB_C",-16.8085853288376,1684322
18,2026-07-02 06:15:57,"ntc1_C",-16.7805594997377,1682079
18,2026-07-02 06:15:57,"ntc2_C",-16.8062563548025,1679323
18,2026-07-02 06:15:57,"testSB_C",-16.8887272724359,1681172
19,2026-07-02 06:15:57,"ntc1_C",-16.7913309558217,1681792
19,2026-07-02 06:15:57,"ntc2_C",-16.816000808013,1679677
19,2026-07-02 06:15:57,"testSB_C",-16.8413143672296,1678156
20,2026-07-02 06:15:57,"ntc1_C",-16.8221889491468,1678847
20,2026-07-02 06:15:57,"ntc2_C",-16.8151543085519,1682867
20,2026-07-02 06:15:57,"testSB_C",-16.801583546109,1683127
21,2026-07-02 06:15:57,"ntc1_C",-16.7580049782006,1676656
21,2026-07-02 06:15:57,"ntc2_C",-16.7923241165769,1680805
21,2026-07-02 06:15:57,"testSB_C",-16.7868471956206,1679935
22,2026-07-02 06:15:57,"ntc1_C",-16.7900675288881,1677485
22,2026-07-02 06:15:57,"ntc2_C",-16.7670339197078,1679452
22,2026-07-02 06:15:57,"testSB_C",-16.7887203006871,1682538
23,2026-07-02 06:15:57,"ntc1_C",-16.7916644302157,1681828
23,2026-07-02 06:15:57,"ntc2_C",-16.7724460529953,1679585
23,2026-07-02 06:15:57,"testSB_C",-16.7900074917846,1680733
24,2026-07-02 06:15:57,"ntc1_C",-16.8075716853827,1678418
24,2026-07-02 06:15:57,"ntc2_C",-16.7716941833547,1679671
1,2026-07-02 10:15:57,"ntc1_C",-11.3174193178244,1343111
1,2026-07-02 10:15:57,"ntc2_C",-11.9279511473849,1378395
1,2026-07-02 10:15:57,"testSB_C",-11.4365151323519,1349160
2,2026-07-02 10:15:57,"ntc1_C",-11.5688561174774,1356482
2,2026-07-02 10:15:57,"ntc2_C",-11.7972799391229,1368109
2,2026-07-02 10:15:57,"testSB_C",-11.5257786202138,1351973
3,2026-07-02 10:15:57,"ntc1_C",-11.421409323826,1349594
3,2026-07-02 10:15:57,"ntc2_C",-11.8094848257878,1368873
3,2026-07-02 10:15:57,"testSB_C",-11.6791693104826,1363094
4,2026-07-02 10:15:57,"ntc1_C",-11.5198322977142,1352631
4,2026-07-02 10:15:57,"ntc2_C",-11.9902697311485,1382136
4,2026-07-02 10:15:57,"testSB_C",-11.5189035375362,1354890
5,2026-07-02 10:15:57,"ntc1_C",-12.0440642482009,1384487
5,2026-07-02 10:15:57,"ntc2_C",-11.937449477422,1374682
5,2026-07-02 10:15:57,"testSB_C",-11.6051880965094,1362110
6,2026-07-02 10:15:57,"ntc1_C",-11.4923207959419,1353266
6,2026-07-02 10:15:57,"ntc2_C",-11.6657136591159,1362326
6,2026-07-02 10:15:57,"testSB_C",-11.6258925079511,1360942
7,2026-07-02 10:15:57,"ntc1_C",-11.6599645079458,1365489
7,2026-07-02 10:15:57,"ntc2_C",-11.8036942773243,1370400
7,2026-07-02 10:15:57,"testSB_C",-11.9247967147795,1377681
8,2026-07-02 10:15:57,"ntc1_C",-11.6177441175283,1358429
8,2026-07-02 10:15:57,"ntc2_C",-11.8464787248064,1373370
8,2026-07-02 10:15:57,"testSB_C",-11.7630657374076,1366658
9,2026-07-02 10:15:57,"ntc1_C",-11.5655379042154,1355173
9,2026-07-02 10:15:57,"ntc2_C",-11.6730101539717,1364463
9,2026-07-02 10:15:57,"testSB_C",-11.54209835932,1354164
10,2026-07-02 10:15:57,"ntc1_C",-11.6013662326669,1361146
10,2026-07-02 10:15:57,"ntc2_C",-11.7451693484866,1366682
10,2026-07-02 10:15:57,"testSB_C",-11.6374252151832,1360449
11,2026-07-02 10:15:57,"ntc1_C",-11.6930417523429,1364825
11,2026-07-02 10:15:57,"ntc2_C",-12.2356348270955,1395460
11,2026-07-02 10:15:57,"testSB_C",-11.7529029171118,1367465
12,2026-07-02 10:15:57,"ntc1_C",-12.214975647764,1395085
12,2026-07-02 10:15:57,"ntc2_C",-12.1047685954064,1384807
12,2026-07-02 10:15:57,"testSB_C",-11.7944990994291,1362312
13,2026-07-02 10:15:57,"ntc1_C",-11.5409055114255,1354109
13,2026-07-02 10:15:57,"ntc2_C",-12.3002750972948,1395762
13,2026-07-02 10:15:57,"testSB_C",-11.7430811345474,1363559
14,2026-07-02 10:15:57,"ntc1_C",-11.7907310290781,1371575
14,2026-07-02 10:15:57,"ntc2_C",-11.7172167117735,1364659
14,2026-07-02 10:15:57,"testSB_C",-11.7102404111399,1363840
15,2026-07-02 10:15:57,"ntc1_C",-11.7830980581819,1370619
15,2026-07-02 10:15:57,"ntc2_C",-12.0695356252905,1383376
15,2026-07-02 10:15:57,"testSB_C",-11.8890437112578,1370223
16,2026-07-02 10:15:57,"ntc1_C",-11.7757426370432,1370938
16,2026-07-02 10:15:57,"ntc2_C",-12.1489679365701,1388004
16,2026-07-02 10:15:57,"testSB_C",-12.0014444586322,1379042
17,2026-07-02 10:15:57,"ntc1_C",-11.6905768598287,1367732
17,2026-07-02 10:15:57,"ntc2_C",-12.2025040544801,1396273
17,2026-07-02 10:15:57,"testSB_C",-11.7311623093887,1369377
18,2026-07-02 10:15:57,"ntc1_C",-11.5825940466985,1360707
18,2026-07-02 10:15:57,"ntc2_C",-11.9861945621662,1379619
18,2026-07-02 10:15:57,"testSB_C",-11.6336378869789,1358228
19,2026-07-02 10:15:57,"ntc1_C",-11.6264396541306,1362423
19,2026-07-02 10:15:57,"ntc2_C",-12.1406551251202,1388133
19,2026-07-02 10:15:57,"testSB_C",-11.8343027699358,1369157
20,2026-07-02 10:15:57,"ntc1_C",-11.7531284612093,1365511
20,2026-07-02 10:15:57,"ntc2_C",-12.0504993973704,1385626
20,2026-07-02 10:15:57,"testSB_C",-11.8156830687892,1373412
21,2026-07-02 10:15:57,"ntc1_C",-11.5461757580464,1355462
21,2026-07-02 10:15:57,"ntc2_C",-12.0434390887006,1384856
21,2026-07-02 10:15:57,"testSB_C",-11.9100942835086,1377060
22,2026-07-02 10:15:57,"ntc1_C",-11.6484801064128,1360644
22,2026-07-02 10:15:57,"ntc2_C",-11.8001248253781,1371532
22,2026-07-02 10:15:57,"testSB_C",-11.7777822177649,1371564
23,2026-07-02 10:15:57,"ntc1_C",-11.8964750130898,1377479
23,2026-07-02 10:15:57,"ntc2_C",-11.6898282936198,1364944
23,2026-07-02 10:15:57,"testSB_C",-11.5502446126853,1357205
24,2026-07-02 10:15:57,"ntc1_C",-11.430658134452,1348592
24,2026-07-02 10:15:57,"ntc2_C",-11.9312606622305,1378893
1,2026-07-02 14:15:57,"ntc1_C",-9.56951927810826,1250601
1,2026-07-02 14:15:57,"ntc2_C",-9.98894423418415,1273510
1,2026-07-02 14:15:57,"testSB_C",-9.8977103002025,1266927
2,2026-07-02 14:15:57,"ntc1_C",-9.97627471878673,1271075
2,2026-07-02 14:15:57,"ntc2_C",-9.86083988711749,1264118
2,2026-07-02 14:15:57,"testSB_C",-9.94084646694796,1267256
3,2026-07-02 14:15:57,"ntc1_C",-9.859470468143,1266232
3,2026-07-02 14:15:57,"ntc2_C",-9.91088631658602,1266745
3,2026-07-02 14:15:57,"testSB_C",-10.1383958907831,1279971
4,2026-07-02 14:15:57,"ntc1_C",-9.9810398346882,1270275
4,2026-07-02 14:15:57,"ntc2_C",-9.98035923458474,1273230
4,2026-07-02 14:15:57,"testSB_C",-9.99121474053754,1272950
5,2026-07-02 14:15:57,"ntc1_C",-9.97574201863614,1272446
5,2026-07-02 14:15:57,"ntc2_C",-10.2236042210143,1281758
5,2026-07-02 14:15:57,"testSB_C",-10.1208270557911,1282003
6,2026-07-02 14:15:57,"ntc1_C",-10.1402298994669,1280641
6,2026-07-02 14:15:57,"ntc2_C",-9.85353847924762,1265163
6,2026-07-02 14:15:57,"testSB_C",-10.0426540857628,1275737
7,2026-07-02 14:15:57,"ntc1_C",-10.1534774403816,1284041
7,2026-07-02 14:15:57,"ntc2_C",-10.1710544488099,1281990
7,2026-07-02 14:15:57,"testSB_C",-10.3455516605134,1291643
8,2026-07-02 14:15:57,"ntc1_C",-10.0331052532914,1273309
8,2026-07-02 14:15:57,"ntc2_C",-10.1779371359727,1282936
8,2026-07-02 14:15:57,"testSB_C",-10.2974227728031,1287284
9,2026-07-02 14:15:57,"ntc1_C",-10.1789191749083,1280707
9,2026-07-02 14:15:57,"ntc2_C",-10.1415362700257,1281793
9,2026-07-02 14:15:57,"testSB_C",-10.2030739650596,1282096
10,2026-07-02 14:15:57,"ntc1_C",-10.1810870013161,1284462
10,2026-07-02 14:15:57,"ntc2_C",-10.2305001465879,1284718
10,2026-07-02 14:15:57,"testSB_C",-10.0941765669028,1277369
11,2026-07-02 14:15:57,"ntc1_C",-10.2139270889386,1284867
11,2026-07-02 14:15:57,"ntc2_C",-10.3468143821985,1291898
11,2026-07-02 14:15:57,"testSB_C",-10.1279054516842,1279677
12,2026-07-02 14:15:57,"ntc1_C",-10.3935435092787,1295112
12,2026-07-02 14:15:57,"ntc2_C",-10.2601518114272,1284298
12,2026-07-02 14:15:57,"testSB_C",-10.2588642008047,1279766
13,2026-07-02 14:15:57,"ntc1_C",-9.97758574841919,1270474
13,2026-07-02 14:15:57,"ntc2_C",-10.3358994732708,1288153
13,2026-07-02 14:15:57,"testSB_C",-10.1827688148466,1279389
14,2026-07-02 14:15:57,"ntc1_C",-10.2381596604022,1287388
14,2026-07-02 14:15:57,"ntc2_C",-10.2402435662353,1284791
14,2026-07-02 14:15:57,"testSB_C",-10.2210084196601,1283349
15,2026-07-02 14:15:57,"ntc1_C",-10.2024289268867,1284955
15,2026-07-02 14:15:57,"ntc2_C",-10.3211722382576,1288023
15,2026-07-02 14:15:57,"testSB_C",-10.4311056910307,1291411
16,2026-07-02 14:15:57,"ntc1_C",-10.2409830220652,1287649
16,2026-07-02 14:15:57,"ntc2_C",-10.211532474446,1282447
16,2026-07-02 14:15:57,"testSB_C",-10.3114031767531,1287350
17,2026-07-02 14:15:57,"ntc1_C",-10.2048199991793,1287274
17,2026-07-02 14:15:57,"ntc2_C",-10.2500841264492,1289262
17,2026-07-02 14:15:57,"testSB_C",-10.2479337651673,1288928
18,2026-07-02 14:15:57,"ntc1_C",-10.1695537523833,1284415
18,2026-07-02 14:15:57,"ntc2_C",-10.2074433297926,1282971
18,2026-07-02 14:15:57,"testSB_C",-10.093282201373,1275761
19,2026-07-02 14:15:57,"ntc1_C",-10.1767498792893,1284141
19,2026-07-02 14:15:57,"ntc2_C",-10.1893023022312,1281838
19,2026-07-02 14:15:57,"testSB_C",-10.1645701806873,1279125
20,2026-07-02 14:15:57,"ntc1_C",-10.1958702704115,1281434
20,2026-07-02 14:15:57,"ntc2_C",-10.3002954239382,1290041
20,2026-07-02 14:15:57,"testSB_C",-10.2362388074343,1287630
21,2026-07-02 14:15:57,"ntc1_C",-9.9350226777085,1269134
21,2026-07-02 14:15:57,"ntc2_C",-10.1771411444725,1283240
21,2026-07-02 14:15:57,"testSB_C",-10.2724267630652,1287944
22,2026-07-02 14:15:57,"ntc1_C",-9.89676525508565,1266861
22,2026-07-02 14:15:57,"ntc2_C",-10.1627895617303,1282850
22,2026-07-02 14:15:57,"testSB_C",-10.1493595085463,1283339
23,2026-07-02 14:15:57,"ntc1_C",-10.3886836817815,1295226
23,2026-07-02 14:15:57,"ntc2_C",-10.1475984975376,1281582
23,2026-07-02 14:15:57,"testSB_C",-9.89989988054788,1268725
24,2026-07-02 14:15:57,"ntc1_C",-9.98911299747493,1271655
24,2026-07-02 14:15:57,"ntc2_C",-9.88046959493937,1268173
1,2026-07-02 18:15:57,"ntc1_C",-7.42864256080111,1146034
1,2026-07-02 18:15:57,"ntc2_C",-7.48367262091591,1149838
1,2026-07-02 18:15:57,"testSB_C",-7.68998542378131,1157712
2,2026-07-02 18:15:57,"ntc1_C",-7.85023660296156,1165466
2,2026-07-02 18:15:57,"ntc2_C",-7.57389340207322,1151541
2,2026-07-02 18:15:57,"testSB_C",-7.78484480077435,1160562
3,2026-07-02 18:15:57,"ntc1_C",-7.61443722399309,1155446
3,2026-07-02 18:15:57,"ntc2_C",-7.38635263828451,1142772
3,2026-07-02 18:15:57,"testSB_C",-7.8513122199297,1165926
4,2026-07-02 18:15:57,"ntc1_C",-7.89643084387126,1166735
4,2026-07-02 18:15:57,"ntc2_C",-7.22935340697097,1138083
4,2026-07-02 18:15:57,"testSB_C",-7.71503303827268,1160058
5,2026-07-02 18:15:57,"ntc1_C",-7.21516372241808,1137039
5,2026-07-02 18:15:57,"ntc2_C",-7.7341083665687,1157955
5,2026-07-02 18:15:57,"testSB_C",-7.81281914139902,1166788
6,2026-07-02 18:15:57,"ntc1_C",-7.88152070706781,1167985
6,2026-07-02 18:15:57,"ntc2_C",-7.6476717341933,1156288
6,2026-07-02 18:15:57,"testSB_C",-7.86020811595307,1167043
7,2026-07-02 18:15:57,"ntc1_C",-7.87521384894382,1170082
7,2026-07-02 18:15:57,"ntc2_C",-7.72166283615184,1160030
7,2026-07-02 18:15:57,"testSB_C",-8.09016355632951,1178066
8,2026-07-02 18:15:57,"ntc1_C",-7.74611037248127,1159869
8,2026-07-02 18:15:57,"ntc2_C",-7.68002080900726,1158657
8,2026-07-02 18:15:57,"testSB_C",-8.05921629450438,1174951
9,2026-07-02 18:15:57,"ntc1_C",-7.84336113303516,1164471
9,2026-07-02 18:15:57,"ntc2_C",-7.84609826169799,1167255
9,2026-07-02 18:15:57,"testSB_C",-8.03758451869913,1173652
10,2026-07-02 18:15:57,"ntc1_C",-7.95655270865365,1173024
10,2026-07-02 18:15:57,"ntc2_C",-7.94417204587171,1170294
10,2026-07-02 18:15:57,"testSB_C",-8.0015794608592,1172837
11,2026-07-02 18:15:57,"ntc1_C",-7.90914436361231,1169598
11,2026-07-02 18:15:57,"ntc2_C",-7.68091279692169,1158781
11,2026-07-02 18:15:57,"testSB_C",-7.91916432847557,1169401
12,2026-07-02 18:15:57,"ntc1_C",-7.71522372975227,1161082
12,2026-07-02 18:15:57,"ntc2_C",-7.53357954811793,1149061
12,2026-07-02 18:15:57,"testSB_C",-8.12104207355816,1173186
13,2026-07-02 18:15:57,"ntc1_C",-7.67751309926672,1156805
13,2026-07-02 18:15:57,"ntc2_C",-7.65482710936914,1154658
13,2026-07-02 18:15:57,"testSB_C",-7.9597687348429,1168451
14,2026-07-02 18:15:57,"ntc1_C",-7.98616583383733,1174436
14,2026-07-02 18:15:57,"ntc2_C",-7.9164131232036,1168575
14,2026-07-02 18:15:57,"testSB_C",-8.01739401935617,1172913
15,2026-07-02 18:15:57,"ntc1_C",-8.06963404999129,1177864
15,2026-07-02 18:15:57,"ntc2_C",-7.91945733877753,1167750
15,2026-07-02 18:15:57,"testSB_C",-8.17701285494775,1178344
16,2026-07-02 18:15:57,"ntc1_C",-8.16233624947898,1182920
16,2026-07-02 18:15:57,"ntc2_C",-7.64610589428776,1155036
16,2026-07-02 18:15:57,"testSB_C",-7.87764287100026,1165906
17,2026-07-02 18:15:57,"ntc1_C",-8.04273093036772,1178640
17,2026-07-02 18:15:57,"ntc2_C",-7.5510032484259,1154813
17,2026-07-02 18:15:57,"testSB_C",-8.03634682463866,1177739
18,2026-07-02 18:15:57,"ntc1_C",-8.00415984233939,1175797
18,2026-07-02 18:15:57,"ntc2_C",-7.7695110952057,1161512
18,2026-07-02 18:15:57,"testSB_C",-7.91596402866259,1167698
19,2026-07-02 18:15:57,"ntc1_C",-8.00095833983556,1175089
19,2026-07-02 18:15:57,"ntc2_C",-7.70127517531819,1158137
19,2026-07-02 18:15:57,"testSB_C",-7.96430064802286,1169466
20,2026-07-02 18:15:57,"ntc1_C",-8.1773240282584,1180170
20,2026-07-02 18:15:57,"ntc2_C",-8.01608602850007,1175223
20,2026-07-02 18:15:57,"testSB_C",-8.10198617850762,1180238
21,2026-07-02 18:15:57,"ntc1_C",-7.90784439388176,1168362
21,2026-07-02 18:15:57,"ntc2_C",-7.80487315702629,1164860
21,2026-07-02 18:15:57,"testSB_C",-7.94022454047507,1170912
22,2026-07-02 18:15:57,"ntc1_C",-7.94741372196916,1170139
22,2026-07-02 18:15:57,"ntc2_C",-7.97061141969255,1173108
22,2026-07-02 18:15:57,"testSB_C",-8.06781234617665,1178851
23,2026-07-02 18:15:57,"ntc1_C",-8.26608210629894,1187748
23,2026-07-02 18:15:57,"ntc2_C",-8.08269345449827,1177951
23,2026-07-02 18:15:57,"testSB_C",-8.26208042696101,1186673
24,2026-07-02 18:15:57,"ntc1_C",-8.18260397323922,1181449
24,2026-07-02 18:15:57,"ntc2_C",-7.78346165267141,1164228
1,2026-07-02 22:15:57,"ntc1_C",-5.35121626362474,1053115
1,2026-07-02 22:15:57,"ntc2_C",-5.25729250417771,1050259
1,2026-07-02 22:15:57,"testSB_C",-5.29760454322604,1050177
2,2026-07-02 22:15:57,"ntc1_C",-5.60993516542658,1063850
2,2026-07-02 22:15:57,"ntc2_C",-5.35475040534715,1052094
2,2026-07-02 22:15:57,"testSB_C",-5.76636069282227,1068994
3,2026-07-02 22:15:57,"ntc1_C",-5.39073578793847,1055466
3,2026-07-02 22:15:57,"ntc2_C",-5.41126334870268,1054480
3,2026-07-02 22:15:57,"testSB_C",-5.82633569708821,1073624
4,2026-07-02 22:15:57,"ntc1_C",-6.08779414216042,1083905
4,2026-07-02 22:15:57,"ntc2_C",-5.60143379716976,1065111
4,2026-07-02 22:15:57,"testSB_C",-5.77116854151569,1071767
5,2026-07-02 22:15:57,"ntc1_C",-5.47283669992328,1059251
5,2026-07-02 22:15:57,"ntc2_C",-6.14150018534184,1085223
5,2026-07-02 22:15:57,"testSB_C",-6.03957796277768,1085485
6,2026-07-02 22:15:57,"ntc1_C",-5.98118228925904,1081059
6,2026-07-02 22:15:57,"ntc2_C",-6.05320921180419,1083587
6,2026-07-02 22:15:57,"testSB_C",-5.96004907144373,1080122
7,2026-07-02 22:15:57,"ntc1_C",-6.16318957298353,1091274
7,2026-07-02 22:15:57,"ntc2_C",-5.76874079201383,1071319
7,2026-07-02 22:15:57,"testSB_C",-6.52015256502119,1105050
8,2026-07-02 22:15:57,"ntc1_C",-6.2521231210788,1091385
8,2026-07-02 22:15:57,"ntc2_C",-6.49202708558533,1103928
8,2026-07-02 22:15:57,"testSB_C",-6.9900064393911,1124863
9,2026-07-02 22:15:57,"ntc1_C",-6.41205250763693,1098594
9,2026-07-02 22:15:57,"ntc2_C",-6.20269157301328,1091712
9,2026-07-02 22:15:57,"testSB_C",-6.38821279592275,1097365
10,2026-07-02 22:15:57,"ntc1_C",-6.45695749699706,1103511
10,2026-07-02 22:15:57,"ntc2_C",-6.47816901133808,1102444
10,2026-07-02 22:15:57,"testSB_C",-6.84675761402082,1118926
11,2026-07-02 22:15:57,"ntc1_C",-6.21804281409817,1091781
11,2026-07-02 22:15:57,"ntc2_C",-5.72525620434322,1070102
11,2026-07-02 22:15:57,"testSB_C",-6.09497877463264,1085661
12,2026-07-02 22:15:57,"ntc1_C",-6.15541561518785,1089636
12,2026-07-02 22:15:57,"ntc2_C",-6.22762795891293,1089527
12,2026-07-02 22:15:57,"testSB_C",-7.05043771900114,1123254
13,2026-07-02 22:15:57,"ntc1_C",-6.56367136248252,1105538
13,2026-07-02 22:15:57,"ntc2_C",-6.51158264844548,1102109
13,2026-07-02 22:15:57,"testSB_C",-6.99469944151349,1123390
14,2026-07-02 22:15:57,"ntc1_C",-6.78718596535379,1118464
14,2026-07-02 22:15:57,"ntc2_C",-6.67841680418525,1111097
14,2026-07-02 22:15:57,"testSB_C",-7.1445640833972,1131877
15,2026-07-02 22:15:57,"ntc1_C",-6.94534019137825,1125115
15,2026-07-02 22:15:57,"ntc2_C",-6.55471330359569,1104572
15,2026-07-02 22:15:57,"testSB_C",-6.88472347432258,1118052
16,2026-07-02 22:15:57,"ntc1_C",-6.95507424385761,1126117
16,2026-07-02 22:15:57,"ntc2_C",-6.42404597926185,1098961
16,2026-07-02 22:15:57,"testSB_C",-6.76718712902453,1114397
17,2026-07-02 22:15:57,"ntc1_C",-6.84935487857098,1122725
17,2026-07-02 22:15:57,"ntc2_C",-6.03389946175838,1085614
17,2026-07-02 22:15:57,"testSB_C",-6.28776491990476,1096780
18,2026-07-02 22:15:57,"ntc1_C",-5.96699600669234,1082169
18,2026-07-02 22:15:57,"ntc2_C",-5.5817539811315,1062535
18,2026-07-02 22:15:57,"testSB_C",-5.66877503030713,1065888
19,2026-07-02 22:15:57,"ntc1_C",-4.92309665830976,1036764
19,2026-07-02 22:15:57,"ntc2_C",-3.83878555741478,989826
19,2026-07-02 22:15:57,"testSB_C",-3.40476177632769,971583
20,2026-07-02 22:15:57,"ntc1_C",-2.74512138612533,946454
20,2026-07-02 22:15:57,"ntc2_C",-2.07893838399474,923351
20,2026-07-02 22:15:57,"testSB_C",-1.95599022116181,919488
21,2026-07-02 22:15:57,"ntc1_C",-2.38519012448518,933472
21,2026-07-02 22:15:57,"ntc2_C",-2.98930794509869,957787
21,2026-07-02 22:15:57,"testSB_C",-4.12556536458641,1002262
22,2026-07-02 22:15:57,"ntc1_C",-4.8894244200834,1033349
22,2026-07-02 22:15:57,"ntc2_C",-5.18287842665023,1047268
22,2026-07-02 22:15:57,"testSB_C",-7.24853400781558,1140139
23,2026-07-02 22:15:57,"ntc1_C",-7.93424278345123,1171783
23,2026-07-02 22:15:57,"ntc2_C",-7.56923945515621,1153532
23,2026-07-02 22:15:57,"testSB_C",-7.92850325657133,1170634
24,2026-07-02 22:15:57,"ntc1_C",-7.78646634860388,1162552
24,2026-07-02 22:15:57,"ntc2_C",-7.7146073464653,1160966
1,2026-07-03 02:15:57,"ntc1_C",-21.4288165177326,2026102
1,2026-07-03 02:15:57,"ntc2_C",-21.4464703599224,2029176
1,2026-07-03 02:15:57,"testSB_C",-21.1815360739945,2005889
2,2026-07-03 02:15:57,"ntc1_C",-21.1620248884321,2003742
2,2026-07-03 02:15:57,"ntc2_C",-21.1597488211149,2001788
2,2026-07-03 02:15:57,"testSB_C",-21.0259067751333,1989621
3,2026-07-03 02:15:57,"ntc1_C",-20.8238015028123,1978158
3,2026-07-03 02:15:57,"ntc2_C",-20.8491245031861,1977241
3,2026-07-03 02:15:57,"testSB_C",-20.7103118096979,1968264
4,2026-07-03 02:15:57,"ntc1_C",-20.5518432993152,1953296
4,2026-07-03 02:15:57,"ntc2_C",-20.5602182523,1958637
4,2026-07-03 02:15:57,"testSB_C",-20.272799108602,1934787
5,2026-07-03 02:15:57,"ntc1_C",-20.2779652419509,1934904
5,2026-07-03 02:15:57,"ntc2_C",-20.1238915853681,1918270
5,2026-07-03 02:15:57,"testSB_C",-19.8741479137363,1907183
6,2026-07-03 02:15:57,"ntc1_C",-18.655668033001,1811324
6,2026-07-03 02:15:57,"ntc2_C",-18.7143877689389,1815492
6,2026-07-03 02:15:57,"testSB_C",-18.6853980523591,1814529
7,2026-07-03 02:15:57,"ntc1_C",-19.387851136294,1870304
7,2026-07-03 02:15:57,"ntc2_C",-19.2955544795274,1859467
7,2026-07-03 02:15:57,"testSB_C",-19.5399841967643,1878313
8,2026-07-03 02:15:57,"ntc1_C",-18.828271011073,1822279
8,2026-07-03 02:15:57,"ntc2_C",-18.9631434499343,1835033
8,2026-07-03 02:15:57,"testSB_C",-18.6738502146762,1810975
9,2026-07-03 02:15:57,"ntc1_C",-19.4659247595564,1867945
9,2026-07-03 02:15:57,"ntc2_C",-19.4283887784046,1870837
9,2026-07-03 02:15:57,"testSB_C",-19.407378815868,1865591
10,2026-07-03 02:15:57,"ntc1_C",-19.3729833446266,1867783
10,2026-07-03 02:15:57,"ntc2_C",-19.3347621086714,1861607
10,2026-07-03 02:15:57,"testSB_C",-19.3906849392864,1865535
11,2026-07-03 02:15:57,"ntc1_C",-19.2916817311837,1859507
11,2026-07-03 02:15:57,"ntc2_C",-19.3294202585693,1862619
11,2026-07-03 02:15:57,"testSB_C",-19.209026241278,1852625
12,2026-07-03 02:15:57,"ntc1_C",-19.2366615602537,1856706
12,2026-07-03 02:15:57,"ntc2_C",-19.1373270240488,1844242
12,2026-07-03 02:15:57,"testSB_C",-19.0959569304974,1832421
13,2026-07-03 02:15:57,"ntc1_C",-18.9121232549043,1827514
13,2026-07-03 02:15:57,"ntc2_C",-19.0244452483934,1835552
13,2026-07-03 02:15:57,"testSB_C",-18.879594268613,1823669
14,2026-07-03 02:15:57,"ntc1_C",-18.8241449202458,1825982
14,2026-07-03 02:15:57,"ntc2_C",-18.6766578029464,1812062
14,2026-07-03 02:15:57,"testSB_C",-18.6910296966433,1812238
15,2026-07-03 02:15:57,"ntc1_C",-18.6336420322211,1811820
15,2026-07-03 02:15:57,"ntc2_C",-18.5643357832884,1802608
15,2026-07-03 02:15:57,"testSB_C",-18.604760967622,1798146
16,2026-07-03 02:15:57,"ntc1_C",-18.4396965179998,1798679
16,2026-07-03 02:15:57,"ntc2_C",-18.4021658921903,1790706
16,2026-07-03 02:15:57,"testSB_C",-18.4154862961081,1788899
17,2026-07-03 02:15:57,"ntc1_C",-18.2272217374877,1784809
17,2026-07-03 02:15:57,"ntc2_C",-18.2679939141188,1787789
17,2026-07-03 02:15:57,"testSB_C",-18.1483634670119,1778533
18,2026-07-03 02:15:57,"ntc1_C",-18.0546021795277,1771482
18,2026-07-03 02:15:57,"ntc2_C",-18.0534421827727,1766652
18,2026-07-03 02:15:57,"testSB_C",-18.0691780708366,1763346
19,2026-07-03 02:15:57,"ntc1_C",-17.9096877171357,1759988
19,2026-07-03 02:15:57,"ntc2_C",-17.928026464853,1757338
19,2026-07-03 02:15:57,"testSB_C",-17.9213307233916,1753137
20,2026-07-03 02:15:57,"ntc1_C",-17.8317178583704,1749103
20,2026-07-03 02:15:57,"ntc2_C",-17.7820361984135,1750345
20,2026-07-03 02:15:57,"testSB_C",-17.6652096727074,1743278
21,2026-07-03 02:15:57,"ntc1_C",-17.5421682960538,1731000
21,2026-07-03 02:15:57,"ntc2_C",-17.5969643611901,1736706
21,2026-07-03 02:15:57,"testSB_C",-17.4704559312445,1727233
22,2026-07-03 02:15:57,"ntc1_C",-17.4458600587159,1722730
22,2026-07-03 02:15:57,"ntc2_C",-17.3381508762709,1718909
22,2026-07-03 02:15:57,"testSB_C",-17.333429515076,1720222
23,2026-07-03 02:15:57,"ntc1_C",-17.25005639676,1713471
23,2026-07-03 02:15:57,"ntc2_C",-17.1652109743815,1706648
23,2026-07-03 02:15:57,"testSB_C",-17.1233045475753,1703682
24,2026-07-03 02:15:57,"ntc1_C",-17.0859456452846,1697479
24,2026-07-03 02:15:57,"ntc2_C",-17.0352399399893,1697765
1,2026-07-03 06:15:57,"ntc1_C",-19.123381130821,1845937
1,2026-07-03 06:15:57,"ntc2_C",-19.2372971464058,1856058
1,2026-07-03 06:15:57,"testSB_C",-19.1836116008854,1850218
2,2026-07-03 06:15:57,"ntc1_C",-19.2333742227074,1853524
2,2026-07-03 06:15:57,"ntc2_C",-19.2092548056926,1850113
2,2026-07-03 06:15:57,"testSB_C",-19.2327183017316,1850534
3,2026-07-03 06:15:57,"ntc1_C",-19.1393926908501,1847985
3,2026-07-03 06:15:57,"ntc2_C",-19.18635094665,1848693
3,2026-07-03 06:15:57,"testSB_C",-19.2070464118003,1852202
4,2026-07-03 06:15:57,"ntc1_C",-19.1940018551289,1848935
4,2026-07-03 06:15:57,"ntc2_C",-19.1565831668765,1850560
4,2026-07-03 06:15:57,"testSB_C",-19.0580673799485,1841995
5,2026-07-03 06:15:57,"ntc1_C",-19.1005347720826,1844977
5,2026-07-03 06:15:57,"ntc2_C",-19.0485997826397,1836572
5,2026-07-03 06:15:57,"testSB_C",-18.7045371901757,1818971
6,2026-07-03 06:15:57,"ntc1_C",-17.5450613186094,1731583
6,2026-07-03 06:15:57,"ntc2_C",-17.5429478729989,1731186
6,2026-07-03 06:15:57,"testSB_C",-17.3301438980617,1717372
7,2026-07-03 06:15:57,"ntc1_C",-18.3563341521249,1793753
7,2026-07-03 06:15:57,"ntc2_C",-18.1186461996141,1772794
7,2026-07-03 06:15:57,"testSB_C",-18.5130227986912,1801786
8,2026-07-03 06:15:57,"ntc1_C",-17.0037606261846,1692149
8,2026-07-03 06:15:57,"ntc2_C",-17.2539374542835,1712065
8,2026-07-03 06:15:57,"testSB_C",-17.1597152576558,1702996
9,2026-07-03 06:15:57,"ntc1_C",-18.538339593465,1799243
9,2026-07-03 06:15:57,"ntc2_C",-18.5373127533681,1804529
9,2026-07-03 06:15:57,"testSB_C",-18.4940165864173,1797778
10,2026-07-03 06:15:57,"ntc1_C",-18.4572991554493,1799758
10,2026-07-03 06:15:57,"ntc2_C",-18.4353017795342,1794966
10,2026-07-03 06:15:57,"testSB_C",-18.3571067743524,1788995
11,2026-07-03 06:15:57,"ntc1_C",-18.3491247515089,1789849
11,2026-07-03 06:15:57,"ntc2_C",-18.4057137358225,1794187
11,2026-07-03 06:15:57,"testSB_C",-18.28602603653,1784583
12,2026-07-03 06:15:57,"ntc1_C",-18.2887988201646,1786725
12,2026-07-03 06:15:57,"ntc2_C",-18.2330954891596,1777817
12,2026-07-03 06:15:57,"testSB_C",-18.1879054671866,1766372
13,2026-07-03 06:15:57,"ntc1_C",-18.0438354908366,1764380
13,2026-07-03 06:15:57,"ntc2_C",-18.1944624880667,1774778
13,2026-07-03 06:15:57,"testSB_C",-17.9610485042413,1756947
14,2026-07-03 06:15:57,"ntc1_C",-18.0650359256147,1770694
14,2026-07-03 06:15:57,"ntc2_C",-17.9901191987998,1762272
14,2026-07-03 06:15:57,"testSB_C",-17.9136013213372,1756021
15,2026-07-03 06:15:57,"ntc1_C",-17.9262617941489,1760557
15,2026-07-03 06:15:57,"ntc2_C",-17.909433652923,1755306
15,2026-07-03 06:15:57,"testSB_C",-18.0001677609698,1754893
16,2026-07-03 06:15:57,"ntc1_C",-17.8371219577902,1755216
16,2026-07-03 06:15:57,"ntc2_C",-17.8767640785764,1752922
16,2026-07-03 06:15:57,"testSB_C",-17.8722730832731,1750081
17,2026-07-03 06:15:57,"ntc1_C",-17.705305234734,1747423
17,2026-07-03 06:15:57,"ntc2_C",-17.8116008228476,1754964
17,2026-07-03 06:15:57,"testSB_C",-17.8134817234542,1754523
18,2026-07-03 06:15:57,"ntc1_C",-17.7376808682147,1748827
18,2026-07-03 06:15:57,"ntc2_C",-17.7969177114111,1748342
18,2026-07-03 06:15:57,"testSB_C",-17.7274829798918,1739174
19,2026-07-03 06:15:57,"ntc1_C",-17.7446452173475,1748233
19,2026-07-03 06:15:57,"ntc2_C",-17.7173143776487,1742363
19,2026-07-03 06:15:57,"testSB_C",-17.8073096026553,1745073
20,2026-07-03 06:15:57,"ntc1_C",-17.7589166633613,1743944
20,2026-07-03 06:15:57,"ntc2_C",-17.6602351605342,1741704
20,2026-07-03 06:15:57,"testSB_C",-17.501164578002,1731696
21,2026-07-03 06:15:57,"ntc1_C",-17.5421398738092,1730998
21,2026-07-03 06:15:57,"ntc2_C",-17.6626038270747,1741344
21,2026-07-03 06:15:57,"testSB_C",-17.6170265505129,1737538
22,2026-07-03 06:15:57,"ntc1_C",-17.5791238082763,1732066
22,2026-07-03 06:15:57,"ntc2_C",-17.5979522286862,1737151
22,2026-07-03 06:15:57,"testSB_C",-17.605608470786,1739354
23,2026-07-03 06:15:57,"ntc1_C",-17.5666757677206,1735660
23,2026-07-03 06:15:57,"ntc2_C",-17.5281700521898,1732029
23,2026-07-03 06:15:57,"testSB_C",-17.4458353746925,1726176
24,2026-07-03 06:15:57,"ntc1_C",-17.4327375014851,1721515
24,2026-07-03 06:15:57,"ntc2_C",-17.5113739742307,1730930
1,2026-07-03 10:15:57,"ntc1_C",-14.698690058658,1541912
1,2026-07-03 10:15:57,"ntc2_C",-14.9900497492116,1561812
1,2026-07-03 10:15:57,"testSB_C",-14.9012287704289,1554308
2,2026-07-03 10:15:57,"ntc1_C",-15.0541987978535,1563870
2,2026-07-03 10:15:57,"ntc2_C",-14.9123915682446,1553573
2,2026-07-03 10:15:57,"testSB_C",-15.1461297420939,1567260
3,2026-07-03 10:15:57,"ntc1_C",-14.9114698921451,1556165
3,2026-07-03 10:15:57,"ntc2_C",-15.0691313069442,1563696
3,2026-07-03 10:15:57,"testSB_C",-14.8659837298219,1552468
4,2026-07-03 10:15:57,"ntc1_C",-15.0801317102626,1564167
4,2026-07-03 10:15:57,"ntc2_C",-15.0896787027164,1568518
4,2026-07-03 10:15:57,"testSB_C",-14.9012821425773,1555496
5,2026-07-03 10:15:57,"ntc1_C",-15.0296670977294,1563742
5,2026-07-03 10:15:57,"ntc2_C",-14.789361673689,1544414
5,2026-07-03 10:15:57,"testSB_C",-13.448190906416,1468565
6,2026-07-03 10:15:57,"ntc1_C",-7.27881906451734,1139666
6,2026-07-03 10:15:57,"ntc2_C",-6.69213769188462,1112139
6,2026-07-03 10:15:57,"testSB_C",-7.16097370304749,1134252
7,2026-07-03 10:15:57,"ntc1_C",-11.4467096597733,1353652
7,2026-07-03 10:15:57,"ntc2_C",-9.83500748505566,1264517
7,2026-07-03 10:15:57,"testSB_C",-12.3027232101897,1399106
8,2026-07-03 10:15:57,"ntc1_C",-7.57272175600588,1151700
8,2026-07-03 10:15:57,"ntc2_C",-7.70201445590544,1159696
8,2026-07-03 10:15:57,"testSB_C",-7.13571282158273,1131558
9,2026-07-03 10:15:57,"ntc1_C",-14.6002532345363,1533487
9,2026-07-03 10:15:57,"ntc2_C",-14.7993697484574,1550075
9,2026-07-03 10:15:57,"testSB_C",-14.6140489975114,1535132
10,2026-07-03 10:15:57,"ntc1_C",-14.332883638367,1521690
10,2026-07-03 10:15:57,"ntc2_C",-14.5806382644341,1534379
10,2026-07-03 10:15:57,"testSB_C",-13.6738516432061,1478397
11,2026-07-03 10:15:57,"ntc1_C",-14.3926125341343,1523760
11,2026-07-03 10:15:57,"ntc2_C",-14.8861345428997,1554845
11,2026-07-03 10:15:57,"testSB_C",-14.5329590655013,1531791
12,2026-07-03 10:15:57,"ntc1_C",-15.0328887770135,1565073
12,2026-07-03 10:15:57,"ntc2_C",-14.917206710662,1553315
12,2026-07-03 10:15:57,"testSB_C",-15.0201125047651,1553362
13,2026-07-03 10:15:57,"ntc1_C",-14.4929996838426,1527276
13,2026-07-03 10:15:57,"ntc2_C",-15.2598574600457,1574982
13,2026-07-03 10:15:57,"testSB_C",-14.6593330230831,1535950
14,2026-07-03 10:15:57,"ntc1_C",-14.5840927047109,1537052
14,2026-07-03 10:15:57,"ntc2_C",-14.5467566937696,1531751
14,2026-07-03 10:15:57,"testSB_C",-14.5246977755023,1529866
15,2026-07-03 10:15:57,"ntc1_C",-14.5714805312425,1535832
15,2026-07-03 10:15:57,"ntc2_C",-14.7300696555091,1542126
15,2026-07-03 10:15:57,"testSB_C",-14.644606452123,1532314
16,2026-07-03 10:15:57,"ntc1_C",-14.4480558311292,1528968
16,2026-07-03 10:15:57,"ntc2_C",-14.7435281495617,1543030
16,2026-07-03 10:15:57,"testSB_C",-14.9271404281745,1553239
17,2026-07-03 10:15:57,"ntc1_C",-14.4704986701815,1531959
17,2026-07-03 10:15:57,"ntc2_C",-14.7592720633606,1549875
17,2026-07-03 10:15:57,"testSB_C",-14.7170469153078,1546803
18,2026-07-03 10:15:57,"ntc1_C",-14.3630767420471,1524275
18,2026-07-03 10:15:57,"ntc2_C",-14.7669026675817,1545436
18,2026-07-03 10:15:57,"testSB_C",-14.3018446416675,1513784
19,2026-07-03 10:15:57,"ntc1_C",-14.3433163358348,1522175
19,2026-07-03 10:15:57,"ntc2_C",-14.4218286779368,1523577
19,2026-07-03 10:15:57,"testSB_C",-14.193518039016,1507137
20,2026-07-03 10:15:57,"ntc1_C",-13.9146416504228,1491398
20,2026-07-03 10:15:57,"ntc2_C",-13.9197940123527,1495526
20,2026-07-03 10:15:57,"testSB_C",-13.5252445801081,1472703
21,2026-07-03 10:15:57,"ntc1_C",-13.1346867606035,1446328
21,2026-07-03 10:15:57,"ntc2_C",-13.6497454606363,1478722
21,2026-07-03 10:15:57,"testSB_C",-13.7815558162415,1486394
22,2026-07-03 10:15:57,"ntc1_C",-13.8638346881397,1489223
22,2026-07-03 10:15:57,"ntc2_C",-14.3727547044577,1523373
22,2026-07-03 10:15:57,"testSB_C",-14.9143932684127,1558870
23,2026-07-03 10:15:57,"ntc1_C",-15.1527075042069,1573241
23,2026-07-03 10:15:57,"ntc2_C",-14.3800482494855,1523494
23,2026-07-03 10:15:57,"testSB_C",-14.8048043115213,1550113
24,2026-07-03 10:15:57,"ntc1_C",-14.8781978359526,1551871
24,2026-07-03 10:15:57,"ntc2_C",-14.9956528304671,1562507
1,2026-07-03 14:15:57,"ntc1_C",-7.30319712117131,1140191
1,2026-07-03 14:15:57,"ntc2_C",-7.63927052769736,1157150
1,2026-07-03 14:15:57,"testSB_C",-7.86638662209293,1166075
2,2026-07-03 14:15:57,"ntc1_C",-8.20708909674926,1182548
2,2026-07-03 14:15:57,"ntc2_C",-7.48432673382086,1147346
2,2026-07-03 14:15:57,"testSB_C",-8.08963951358726,1175072
3,2026-07-03 14:15:57,"ntc1_C",-7.88972956420093,1168482
3,2026-07-03 14:15:57,"ntc2_C",-7.70247714833909,1157593
3,2026-07-03 14:15:57,"testSB_C",-8.20429091007941,1182829
4,2026-07-03 14:15:57,"ntc1_C",-8.1163920162308,1177242
4,2026-07-03 14:15:57,"ntc2_C",-7.52657903414507,1151951
4,2026-07-03 14:15:57,"testSB_C",-7.92921676912835,1170232
5,2026-07-03 14:15:57,"ntc1_C",-7.53594188877844,1151988
5,2026-07-03 14:15:57,"ntc2_C",-8.17347849006944,1178886
5,2026-07-03 14:15:57,"testSB_C",-7.96776070048014,1174182
6,2026-07-03 14:15:57,"ntc1_C",-1.53559503403136,902870
6,2026-07-03 14:15:57,"ntc2_C",-1.96425616727612,917957
6,2026-07-03 14:15:57,"testSB_C",0.301498375270455,838267
7,2026-07-03 14:15:57,"ntc1_C",-5.13978371694532,1046791
7,2026-07-03 14:15:57,"ntc2_C",-4.85112359435243,1032079
7,2026-07-03 14:15:57,"testSB_C",-5.96149695294321,1080202
8,2026-07-03 14:15:57,"ntc1_C",-0.259055432735579,856125
8,2026-07-03 14:15:57,"ntc2_C",-1.79319806491691,912333
8,2026-07-03 14:15:57,"testSB_C",2.70480685932415,760286
9,2026-07-03 14:15:57,"ntc1_C",-7.33038050721751,1140409
9,2026-07-03 14:15:57,"ntc2_C",-7.75429279248533,1162897
9,2026-07-03 14:15:57,"testSB_C",-7.74412645750704,1159692
10,2026-07-03 14:15:57,"ntc1_C",-7.4204270500112,1147671
10,2026-07-03 14:15:57,"ntc2_C",-7.61823296893743,1154848
10,2026-07-03 14:15:57,"testSB_C",-7.00703756671476,1126254
11,2026-07-03 14:15:57,"ntc1_C",-7.55562395691288,1152873
11,2026-07-03 14:15:57,"ntc2_C",-7.51650809616382,1151044
11,2026-07-03 14:15:57,"testSB_C",-7.5721671836788,1152977
12,2026-07-03 14:15:57,"ntc1_C",-7.75555974811675,1162992
12,2026-07-03 14:15:57,"ntc2_C",-7.69489779281372,1156643
12,2026-07-03 14:15:57,"testSB_C",-7.90784983372254,1163065
13,2026-07-03 14:15:57,"ntc1_C",-7.35837380679834,1141872
13,2026-07-03 14:15:57,"ntc2_C",-7.5999746421324,1152079
13,2026-07-03 14:15:57,"testSB_C",-7.70634598801564,1156442
14,2026-07-03 14:15:57,"ntc1_C",-7.61675013539298,1156892
14,2026-07-03 14:15:57,"ntc2_C",-7.58998419915224,1153130
14,2026-07-03 14:15:57,"testSB_C",-7.62978473390223,1154506
15,2026-07-03 14:15:57,"ntc1_C",-7.67625720625699,1159126
15,2026-07-03 14:15:57,"ntc2_C",-7.48684390859137,1147332
15,2026-07-03 14:15:57,"testSB_C",-7.79291371282415,1160090
16,2026-07-03 14:15:57,"ntc1_C",-7.57884343493635,1155109
16,2026-07-03 14:15:57,"ntc2_C",-7.25533568799528,1136793
16,2026-07-03 14:15:57,"testSB_C",-7.89043087490819,1166513
17,2026-07-03 14:15:57,"ntc1_C",-7.6752562679751,1161125
17,2026-07-03 14:15:57,"ntc2_C",-7.42241227290066,1148776
17,2026-07-03 14:15:57,"testSB_C",-7.93487756293183,1172878
18,2026-07-03 14:15:57,"ntc1_C",-7.85757722255727,1168791
18,2026-07-03 14:15:57,"ntc2_C",-7.78361727396054,1162180
18,2026-07-03 14:15:57,"testSB_C",-7.64936737178908,1155119
19,2026-07-03 14:15:57,"ntc1_C",-7.82063388072714,1166485
19,2026-07-03 14:15:57,"ntc2_C",-7.44689309959131,1146195
19,2026-07-03 14:15:57,"testSB_C",-7.8449921195791,1163798
20,2026-07-03 14:15:57,"ntc1_C",-7.82928246044827,1163550
20,2026-07-03 14:15:57,"ntc2_C",-7.61547020061175,1156184
20,2026-07-03 14:15:57,"testSB_C",-7.75589661374147,1163702
21,2026-07-03 14:15:57,"ntc1_C",-7.40139375189881,1144484
21,2026-07-03 14:15:57,"ntc2_C",-7.59645231694441,1155006
21,2026-07-03 14:15:57,"testSB_C",-7.72719205808983,1160772
22,2026-07-03 14:15:57,"ntc1_C",-7.70719248698123,1158751
22,2026-07-03 14:15:57,"ntc2_C",-7.9206006815553,1170719
22,2026-07-03 14:15:57,"testSB_C",-7.96048234740584,1173704
23,2026-07-03 14:15:57,"ntc1_C",-8.15628086726417,1182441
23,2026-07-03 14:15:57,"ntc2_C",-7.42639603768902,1146831
23,2026-07-03 14:15:57,"testSB_C",-7.34080672873858,1142913
24,2026-07-03 14:15:57,"ntc1_C",-6.83136864267016,1118248
24,2026-07-03 14:15:57,"ntc2_C",-6.29703071160992,1095848
1,2026-07-03 18:15:57,"ntc1_C",-1.477656983288,900138
1,2026-07-03 18:15:57,"ntc2_C",-1.7379363952885,910689
1,2026-07-03 18:15:57,"testSB_C",-1.92400233860025,915804
2,2026-07-03 18:15:57,"ntc1_C",-2.17773595387922,925600
2,2026-07-03 18:15:57,"ntc2_C",-1.82255608234988,911760
2,2026-07-03 18:15:57,"testSB_C",-2.28300027375707,928142
3,2026-07-03 18:15:57,"ntc1_C",-1.89164747577979,915900
3,2026-07-03 18:15:57,"ntc2_C",-1.54851966530572,901642
3,2026-07-03 18:15:57,"testSB_C",-2.32946648180246,931601
4,2026-07-03 18:15:57,"ntc1_C",-2.41382206943979,933850
4,2026-07-03 18:15:57,"ntc2_C",-1.45761741655275,900434
4,2026-07-03 18:15:57,"testSB_C",-2.06002195837993,921986
5,2026-07-03 18:15:57,"ntc1_C",-1.55167658128562,903694
5,2026-07-03 18:15:57,"ntc2_C",-2.49058060126561,935760
5,2026-07-03 18:15:57,"testSB_C",-1.59368653827596,906391
6,2026-07-03 18:15:57,"ntc1_C",7.67169077049982,625321
6,2026-07-03 18:15:57,"ntc2_C",9.3724653729451,584153
6,2026-07-03 18:15:57,"testSB_C",11.9335253833915,528849
7,2026-07-03 18:15:57,"ntc1_C",4.29550636911688,715853
7,2026-07-03 18:15:57,"ntc2_C",3.92798840251004,724554
7,2026-07-03 18:15:57,"testSB_C",0.955783155776714,816433
8,2026-07-03 18:15:57,"ntc1_C",14.6956054855333,474704
8,2026-07-03 18:15:57,"ntc2_C",12.8376338537818,510737
8,2026-07-03 18:15:57,"testSB_C",14.4976640621987,478357
9,2026-07-03 18:15:57,"ntc1_C",-1.24343891044481,891010
9,2026-07-03 18:15:57,"ntc2_C",-1.63701710287631,907248
9,2026-07-03 18:15:57,"testSB_C",-1.80803512921869,911260
10,2026-07-03 18:15:57,"ntc1_C",-1.51674980652376,903160
10,2026-07-03 18:15:57,"ntc2_C",-1.42916875353745,898299
10,2026-07-03 18:15:57,"testSB_C",-1.45955211138255,899265
11,2026-07-03 18:15:57,"ntc1_C",-1.30894203634097,894862
11,2026-07-03 18:15:57,"ntc2_C",-1.0545133280196,885614
11,2026-07-03 18:15:57,"testSB_C",-1.35996793987437,896017
12,2026-07-03 18:15:57,"ntc1_C",-1.18959383782163,891021
12,2026-07-03 18:15:57,"ntc2_C",-0.961523027399096,880070
12,2026-07-03 18:15:57,"testSB_C",-1.68186169934643,903989
13,2026-07-03 18:15:57,"ntc1_C",-0.967390555910356,881281
13,2026-07-03 18:15:57,"ntc2_C",-1.19782409317986,888449
13,2026-07-03 18:15:57,"testSB_C",-1.62836088253056,903570
14,2026-07-03 18:15:57,"ntc1_C",-1.52013364689014,903322
14,2026-07-03 18:15:57,"ntc2_C",-1.28137795227076,892689
14,2026-07-03 18:15:57,"testSB_C",-1.4657088181778,898519
15,2026-07-03 18:15:57,"ntc1_C",-1.58790340768184,905278
15,2026-07-03 18:15:57,"ntc2_C",-1.31276800351685,892968
15,2026-07-03 18:15:57,"testSB_C",-1.64182218410923,903823
16,2026-07-03 18:15:57,"ntc1_C",-1.59958145813158,906115
16,2026-07-03 18:15:57,"ntc2_C",-0.953261158106841,880424
16,2026-07-03 18:15:57,"testSB_C",-1.49396761423577,899711
17,2026-07-03 18:15:57,"ntc1_C",-1.55495272249311,905808
17,2026-07-03 18:15:57,"ntc2_C",-0.945436204020041,883273
17,2026-07-03 18:15:57,"testSB_C",-1.74938023516307,912388
18,2026-07-03 18:15:57,"ntc1_C",-1.56896004306111,905409
18,2026-07-03 18:15:57,"ntc2_C",-1.36320838929282,895589
18,2026-07-03 18:15:57,"testSB_C",-1.38663667808623,896390
19,2026-07-03 18:15:57,"ntc1_C",-1.59987972048992,906210
19,2026-07-03 18:15:57,"ntc2_C",-1.1747362666473,888713
19,2026-07-03 18:15:57,"testSB_C",-1.73553725104807,908038
20,2026-07-03 18:15:57,"ntc1_C",-1.95411700392384,916667
20,2026-07-03 18:15:57,"ntc2_C",-1.72684461949171,910304
20,2026-07-03 18:15:57,"testSB_C",-1.74895009454053,911827
21,2026-07-03 18:15:57,"ntc1_C",-1.17338189493557,888857
21,2026-07-03 18:15:57,"ntc2_C",-1.09668309080638,887242
21,2026-07-03 18:15:57,"testSB_C",-1.19704932018385,889884
22,2026-07-03 18:15:57,"ntc1_C",-1.25603816554627,892080
22,2026-07-03 18:15:57,"ntc2_C",-1.0928431575831,887405
22,2026-07-03 18:15:57,"testSB_C",-1.4410873900564,900772
23,2026-07-03 18:15:57,"ntc1_C",-1.71399829473273,910155
23,2026-07-03 18:15:57,"ntc2_C",-0.845654110784835,877929
23,2026-07-03 18:15:57,"testSB_C",-1.53027420590274,902691
24,2026-07-03 18:15:57,"ntc1_C",-0.863154166324421,878126
24,2026-07-03 18:15:57,"ntc2_C",-0.308795717267969,859838
1,2026-07-03 22:15:57,"ntc1_C",-8.33560539048665,1189200
1,2026-07-03 22:15:57,"ntc2_C",-8.7609257606739,1211284
1,2026-07-03 22:15:57,"testSB_C",-8.4508123045407,1194225
2,2026-07-03 22:15:57,"ntc1_C",-8.58747857804235,1201038
2,2026-07-03 22:15:57,"ntc2_C",-8.73104220530138,1207168
2,2026-07-03 22:15:57,"testSB_C",-8.69888815366949,1204633
3,2026-07-03 22:15:57,"ntc1_C",-8.60415414685019,1203017
3,2026-07-03 22:15:57,"ntc2_C",-8.78549124752902,1209873
3,2026-07-03 22:15:57,"testSB_C",-8.78090039601318,1210980
4,2026-07-03 22:15:57,"ntc1_C",-8.76775402522969,1208926
4,2026-07-03 22:15:57,"ntc2_C",-8.91783112400924,1219196
4,2026-07-03 22:15:57,"testSB_C",-8.67507082227911,1206377
5,2026-07-03 22:15:57,"ntc1_C",-9.06335054452978,1225969
5,2026-07-03 22:15:57,"ntc2_C",-9.37194920094231,1237961
5,2026-07-03 22:15:57,"testSB_C",-9.18811850524696,1234113
6,2026-07-03 22:15:57,"ntc1_C",-2.76457777902181,948834
6,2026-07-03 22:15:57,"ntc2_C",-4.94472143172754,1035831
6,2026-07-03 22:15:57,"testSB_C",-3.96345412068865,995953
7,2026-07-03 22:15:57,"ntc1_C",-7.45689321986072,1150303
7,2026-07-03 22:15:57,"ntc2_C",-7.73497753672007,1160660
7,2026-07-03 22:15:57,"testSB_C",-8.52345136286812,1199071
8,2026-07-03 22:15:57,"ntc1_C",-4.8981583645994,1032916
8,2026-07-03 22:15:57,"ntc2_C",-4.62923318319901,1023409
8,2026-07-03 22:15:57,"testSB_C",-2.77948551441705,948063
9,2026-07-03 22:15:57,"ntc1_C",-8.51228898941645,1196626
9,2026-07-03 22:15:57,"ntc2_C",-8.75366658356228,1211244
9,2026-07-03 22:15:57,"testSB_C",-8.75272204471185,1208394
10,2026-07-03 22:15:57,"ntc1_C",-8.62225294313504,1205302
10,2026-07-03 22:15:57,"ntc2_C",-8.74313674459722,1209054
10,2026-07-03 22:15:57,"testSB_C",-8.75074688674073,1209223
11,2026-07-03 22:15:57,"ntc1_C",-8.68660639943761,1207257
11,2026-07-03 22:15:57,"ntc2_C",-8.91078229117068,1218369
11,2026-07-03 22:15:57,"testSB_C",-8.73094883337546,1208763
12,2026-07-03 22:15:57,"ntc1_C",-9.04608978001289,1225824
12,2026-07-03 22:15:57,"ntc2_C",-8.94349156425062,1217082
12,2026-07-03 22:15:57,"testSB_C",-8.94228904575476,1213020
13,2026-07-03 22:15:57,"ntc1_C",-8.58355804586472,1200295
13,2026-07-03 22:15:57,"ntc2_C",-9.00408967405514,1219986
13,2026-07-03 22:15:57,"testSB_C",-8.76233842508543,1207329
14,2026-07-03 22:15:57,"ntc1_C",-8.79921540454825,1214009
14,2026-07-03 22:15:57,"ntc2_C",-8.71433507870597,1207224
14,2026-07-03 22:15:57,"testSB_C",-8.81133724617553,1211551
15,2026-07-03 22:15:57,"ntc1_C",-8.83504004133221,1215213
15,2026-07-03 22:15:57,"ntc2_C",-8.86585904521502,1213720
15,2026-07-03 22:15:57,"testSB_C",-8.77481678146859,1207329
16,2026-07-03 22:15:57,"ntc1_C",-8.81254151379039,1214716
16,2026-07-03 22:15:57,"ntc2_C",-8.84894868035946,1213090
16,2026-07-03 22:15:57,"testSB_C",-8.92336463081881,1216610
17,2026-07-03 22:15:57,"ntc1_C",-8.74727633742805,1212978
17,2026-07-03 22:15:57,"ntc2_C",-8.88075101919958,1219173
17,2026-07-03 22:15:57,"testSB_C",-8.91809969153388,1220854
18,2026-07-03 22:15:57,"ntc1_C",-8.75020371601835,1212124
18,2026-07-03 22:15:57,"ntc2_C",-8.93374481255688,1217985
18,2026-07-03 22:15:57,"testSB_C",-8.75895662097264,1208395
19,2026-07-03 22:15:57,"ntc1_C",-8.77853467555417,1212938
19,2026-07-03 22:15:57,"ntc2_C",-8.97429764025014,1219836
19,2026-07-03 22:15:57,"testSB_C",-9.01881652166833,1220790
20,2026-07-03 22:15:57,"ntc1_C",-8.94407215246258,1217643
20,2026-07-03 22:15:57,"ntc2_C",-9.12310680800664,1229513
20,2026-07-03 22:15:57,"testSB_C",-8.90122816400032,1219347
21,2026-07-03 22:15:57,"ntc1_C",-8.76676005983546,1210027
21,2026-07-03 22:15:57,"ntc2_C",-8.99926879322379,1223008
21,2026-07-03 22:15:57,"testSB_C",-8.88894391894678,1217169
22,2026-07-03 22:15:57,"ntc1_C",-8.84810753965235,1213862
22,2026-07-03 22:15:57,"ntc2_C",-8.87265595345247,1217062
22,2026-07-03 22:15:57,"testSB_C",-8.96904119148365,1222987
23,2026-07-03 22:15:57,"ntc1_C",-9.13619824046293,1230669
23,2026-07-03 22:15:57,"ntc2_C",-8.90461527792803,1218142
23,2026-07-03 22:15:57,"testSB_C",-9.02994135497204,1224449
24,2026-07-03 22:15:57,"ntc1_C",-8.86092506961296,1214535
24,2026-07-03 22:15:57,"ntc2_C",-9.07631166114248,1227242
1,2026-07-04 02:15:57,"ntc1_C",-15.8383601067302,1615240
1,2026-07-04 02:15:57,"ntc2_C",-15.9175810374423,1621957
1,2026-07-04 02:15:57,"testSB_C",-15.8014175019968,1612448
2,2026-07-04 02:15:57,"ntc1_C",-15.8544390328405,1615721
2,2026-07-04 02:15:57,"ntc2_C",-15.7525778052618,1607692
2,2026-07-04 02:15:57,"testSB_C",-15.6910467408128,1602459
3,2026-07-04 02:15:57,"ntc1_C",-15.5057123545437,1594313
3,2026-07-04 02:15:57,"ntc2_C",-15.4945389537966,1591054
3,2026-07-04 02:15:57,"testSB_C",-15.5199764483621,1594419
4,2026-07-04 02:15:57,"ntc1_C",-15.4490973882193,1587870
4,2026-07-04 02:15:57,"ntc2_C",-15.3899867329549,1587839
4,2026-07-04 02:15:57,"testSB_C",-15.27168197422,1579167
5,2026-07-04 02:15:57,"ntc1_C",-15.2308338328281,1576609
5,2026-07-04 02:15:57,"ntc2_C",-15.2625082678458,1574503
5,2026-07-04 02:15:57,"testSB_C",-15.3126689745019,1584617
6,2026-07-04 02:15:57,"ntc1_C",-13.7458834081537,1483556
6,2026-07-04 02:15:57,"ntc2_C",-13.8177080936936,1487434
6,2026-07-04 02:15:57,"testSB_C",-13.4807264169989,1468024
7,2026-07-04 02:15:57,"ntc1_C",-14.7540087470496,1549252
7,2026-07-04 02:15:57,"ntc2_C",-14.7201054996567,1543705
7,2026-07-04 02:15:57,"testSB_C",-14.8448332926611,1552043
8,2026-07-04 02:15:57,"ntc1_C",-13.7275006947609,1480639
8,2026-07-04 02:15:57,"ntc2_C",-13.8022428177798,1487498
8,2026-07-04 02:15:57,"testSB_C",-13.8002280550436,1485159
9,2026-07-04 02:15:57,"ntc1_C",-14.903274627667,1552510
9,2026-07-04 02:15:57,"ntc2_C",-14.8466191226411,1553063
9,2026-07-04 02:15:57,"testSB_C",-14.902578652252,1553308
10,2026-07-04 02:15:57,"ntc1_C",-14.7812302622519,1549770
10,2026-07-04 02:15:57,"ntc2_C",-14.7600251784248,1545646
10,2026-07-04 02:15:57,"testSB_C",-14.809589602351,1548513
11,2026-07-04 02:15:57,"ntc1_C",-14.6891763611048,1542296
11,2026-07-04 02:15:57,"ntc2_C",-14.7491318972109,1546184
11,2026-07-04 02:15:57,"testSB_C",-14.6607530520175,1539796
12,2026-07-04 02:15:57,"ntc1_C",-14.7043960504062,1544252
12,2026-07-04 02:15:57,"ntc2_C",-14.6015092140907,1533436
12,2026-07-04 02:15:57,"testSB_C",-14.711600449503,1534002
13,2026-07-04 02:15:57,"ntc1_C",-14.4931925897237,1527288
13,2026-07-04 02:15:57,"ntc2_C",-14.5884031670186,1532433
13,2026-07-04 02:15:57,"testSB_C",-14.5570714766405,1529556
14,2026-07-04 02:15:57,"ntc1_C",-14.492390686691,1531320
14,2026-07-04 02:15:57,"ntc2_C",-14.4301511939633,1524482
14,2026-07-04 02:15:57,"testSB_C",-14.4673538740582,1526293
15,2026-07-04 02:15:57,"ntc1_C",-14.4207667815774,1526420
15,2026-07-04 02:15:57,"ntc2_C",-14.3928050706997,1521048
15,2026-07-04 02:15:57,"testSB_C",-14.4321699932536,1519179
16,2026-07-04 02:15:57,"ntc1_C",-14.3917853160719,1525462
16,2026-07-04 02:15:57,"ntc2_C",-14.3044870097926,1515646
16,2026-07-04 02:15:57,"testSB_C",-14.3602807339386,1517887
17,2026-07-04 02:15:57,"ntc1_C",-14.256225716371,1518637
17,2026-07-04 02:15:57,"ntc2_C",-14.2956560808957,1520837
17,2026-07-04 02:15:57,"testSB_C",-14.2764187359924,1519260
18,2026-07-04 02:15:57,"ntc1_C",-14.2020114766518,1514291
18,2026-07-04 02:15:57,"ntc2_C",-14.193396720219,1509700
18,2026-07-04 02:15:57,"testSB_C",-14.2765485956393,1512230
19,2026-07-04 02:15:57,"ntc1_C",-14.1494259810264,1510185
19,2026-07-04 02:15:57,"ntc2_C",-14.2050213310092,1510162
19,2026-07-04 02:15:57,"testSB_C",-14.2050524490439,1507844
20,2026-07-04 02:15:57,"ntc1_C",-14.2008849525108,1508906
20,2026-07-04 02:15:57,"ntc2_C",-14.199428147331,1512691
20,2026-07-04 02:15:57,"testSB_C",-14.1678729346958,1511837
21,2026-07-04 02:15:57,"ntc1_C",-14.032715931041,1500344
21,2026-07-04 02:15:57,"ntc2_C",-14.1185860927853,1507287
21,2026-07-04 02:15:57,"testSB_C",-14.0883466314957,1505113
22,2026-07-04 02:15:57,"ntc1_C",-14.0568625969942,1500979
22,2026-07-04 02:15:57,"ntc2_C",-14.037261978889,1502667
22,2026-07-04 02:15:57,"testSB_C",-14.0933498905997,1507532
23,2026-07-04 02:15:57,"ntc1_C",-14.0788519928932,1505829
23,2026-07-04 02:15:57,"ntc2_C",-14.0230576124658,1501451
23,2026-07-04 02:15:57,"testSB_C",-14.0770106164373,1504751
24,2026-07-04 02:15:57,"ntc1_C",-14.0495561644082,1500415
24,2026-07-04 02:15:57,"ntc2_C",-14.0529779672314,1503595
1,2026-07-04 06:15:57,"ntc1_C",-15.7703438553864,1610770
1,2026-07-04 06:15:57,"ntc2_C",-15.7865089089732,1613323
1,2026-07-04 06:15:57,"testSB_C",-15.775837007585,1610767
2,2026-07-04 06:15:57,"ntc1_C",-15.7869764211458,1611286
2,2026-07-04 06:15:57,"ntc2_C",-15.7619205871753,1608304
2,2026-07-04 06:15:57,"testSB_C",-15.7753362349663,1607972
3,2026-07-04 06:15:57,"ntc1_C",-15.7354320638946,1609303
3,2026-07-04 06:15:57,"ntc2_C",-15.7291992870801,1606344
3,2026-07-04 06:15:57,"testSB_C",-15.7596191412442,1610066
4,2026-07-04 06:15:57,"ntc1_C",-15.761183554053,1608192
4,2026-07-04 06:15:57,"ntc2_C",-15.7174287296511,1609170
4,2026-07-04 06:15:57,"testSB_C",-15.7236980037491,1608530
5,2026-07-04 06:15:57,"ntc1_C",-15.6852603744197,1606056
5,2026-07-04 06:15:57,"ntc2_C",-15.7100843969666,1603492
5,2026-07-04 06:15:57,"testSB_C",-15.6921810625123,1609315
6,2026-07-04 06:15:57,"ntc1_C",-15.0125389470177,1562143
6,2026-07-04 06:15:57,"ntc2_C",-14.939279170593,1557069
6,2026-07-04 06:15:57,"testSB_C",-14.9607427646488,1559407
7,2026-07-04 06:15:57,"ntc1_C",-15.5237047363466,1598621
7,2026-07-04 06:15:57,"ntc2_C",-15.6699766300159,1604674
7,2026-07-04 06:15:57,"testSB_C",-15.6767389653069,1605567
8,2026-07-04 06:15:57,"ntc1_C",-14.8549429570475,1550338
8,2026-07-04 06:15:57,"ntc2_C",-14.9036403850372,1555840
8,2026-07-04 06:15:57,"testSB_C",-15.1828842534576,1571310
9,2026-07-04 06:15:57,"ntc1_C",-15.729842937753,1605575
9,2026-07-04 06:15:57,"ntc2_C",-15.6644396095175,1605681
9,2026-07-04 06:15:57,"testSB_C",-15.677797525089,1603191
10,2026-07-04 06:15:57,"ntc1_C",-15.6449877263615,1605302
10,2026-07-04 06:15:57,"ntc2_C",-15.6395637300889,1602069
10,2026-07-04 06:15:57,"testSB_C",-15.6570358197119,1602943
11,2026-07-04 06:15:57,"ntc1_C",-15.6302018203276,1602583
11,2026-07-04 06:15:57,"ntc2_C",-15.6137913212324,1601646
11,2026-07-04 06:15:57,"testSB_C",-15.6260554914925,1601598
12,2026-07-04 06:15:57,"ntc1_C",-15.6095229170541,1602287
12,2026-07-04 06:15:57,"ntc2_C",-15.5897711749772,1596509
12,2026-07-04 06:15:57,"testSB_C",-15.7112990804951,1597606
13,2026-07-04 06:15:57,"ntc1_C",-15.6207630903363,1599026
13,2026-07-04 06:15:57,"ntc2_C",-15.5992421054843,1596925
13,2026-07-04 06:15:57,"testSB_C",-15.6207327121502,1597355
14,2026-07-04 06:15:57,"ntc1_C",-15.6121440589711,1602762
14,2026-07-04 06:15:57,"ntc2_C",-15.5890193883795,1598249
14,2026-07-04 06:15:57,"testSB_C",-15.5857749559423,1597468
15,2026-07-04 06:15:57,"ntc1_C",-15.5833526937989,1600509
15,2026-07-04 06:15:57,"ntc2_C",-15.5716464366529,1595976
15,2026-07-04 06:15:57,"testSB_C",-15.6774528948769,1597759
16,2026-07-04 06:15:57,"ntc1_C",-15.5954137147018,1602199
16,2026-07-04 06:15:57,"ntc2_C",-15.552344413202,1594751
16,2026-07-04 06:15:57,"testSB_C",-15.6171782335053,1597352
17,2026-07-04 06:15:57,"ntc1_C",-15.5701924079744,1602148
17,2026-07-04 06:15:57,"ntc2_C",-15.5291118639453,1599295
17,2026-07-04 06:15:57,"testSB_C",-15.5634657975376,1601088
18,2026-07-04 06:15:57,"ntc1_C",-15.5457401133675,1599586
18,2026-07-04 06:15:57,"ntc2_C",-15.5391816918779,1594869
18,2026-07-04 06:15:57,"testSB_C",-15.6551887108525,1599232
19,2026-07-04 06:15:57,"ntc1_C",-15.5453622329535,1598617
19,2026-07-04 06:15:57,"ntc2_C",-15.5330024110119,1594185
19,2026-07-04 06:15:57,"testSB_C",-15.5976319116022,1595614
20,2026-07-04 06:15:57,"ntc1_C",-15.584063494055,1596382
20,2026-07-04 06:15:57,"ntc2_C",-15.5456126314448,1598066
20,2026-07-04 06:15:57,"testSB_C",-15.517879880708,1597402
21,2026-07-04 06:15:57,"ntc1_C",-15.4958543750504,1592627
21,2026-07-04 06:15:57,"ntc2_C",-15.4971440179316,1594452
21,2026-07-04 06:15:57,"testSB_C",-15.4766570703534,1592733
22,2026-07-04 06:15:57,"ntc1_C",-15.4941546163086,1591418
22,2026-07-04 06:15:57,"ntc2_C",-15.4619050174314,1592539
22,2026-07-04 06:15:57,"testSB_C",-15.4733684437534,1594796
23,2026-07-04 06:15:57,"ntc1_C",-15.5020475534307,1595800
23,2026-07-04 06:15:57,"ntc2_C",-15.4593416462581,1592082
23,2026-07-04 06:15:57,"testSB_C",-15.4802867343947,1593410
24,2026-07-04 06:15:57,"ntc1_C",-15.487264059231,1590786
24,2026-07-04 06:15:57,"ntc2_C",-15.3997415180974,1588446
1,2026-07-04 10:15:57,"ntc1_C",-11.6149877269486,1359532
1,2026-07-04 10:15:57,"ntc2_C",-12.033490250495,1384346
1,2026-07-04 10:15:57,"testSB_C",-11.7027583129446,1363922
2,2026-07-04 10:15:57,"ntc1_C",-11.7964151979041,1369147
2,2026-07-04 10:15:57,"ntc2_C",-11.9815672453143,1378442
2,2026-07-04 10:15:57,"testSB_C",-11.7949451884536,1366915
3,2026-07-04 10:15:57,"ntc1_C",-11.7182877980458,1366051
3,2026-07-04 10:15:57,"ntc2_C",-11.9622902011267,1377443
3,2026-07-04 10:15:57,"testSB_C",-11.8543492362131,1372881
4,2026-07-04 10:15:57,"ntc1_C",-11.7577569955009,1365835
4,2026-07-04 10:15:57,"ntc2_C",-12.0582793176933,1385980
4,2026-07-04 10:15:57,"testSB_C",-11.7182212106023,1365964
5,2026-07-04 10:15:57,"ntc1_C",-12.0706381047289,1385989
5,2026-07-04 10:15:57,"ntc2_C",-11.9797690278942,1377060
5,2026-07-04 10:15:57,"testSB_C",-11.8048785347314,1373263
6,2026-07-04 10:15:57,"ntc1_C",-8.81296386198619,1213170
6,2026-07-04 10:15:57,"ntc2_C",-8.89953256692604,1216852
6,2026-07-04 10:15:57,"testSB_C",-9.36456565123001,1240908
7,2026-07-04 10:15:57,"ntc1_C",-11.5281626483605,1358161
7,2026-07-04 10:15:57,"ntc2_C",-11.3053849895275,1342786
7,2026-07-04 10:15:57,"testSB_C",-11.8092850309842,1371198
8,2026-07-04 10:15:57,"ntc1_C",-9.87921098078482,1265334
8,2026-07-04 10:15:57,"ntc2_C",-9.84467896316283,1265604
8,2026-07-04 10:15:57,"testSB_C",-9.38087874646794,1240023
9,2026-07-04 10:15:57,"ntc1_C",-11.770549942909,1366544
9,2026-07-04 10:15:57,"ntc2_C",-11.9198519651665,1378279
9,2026-07-04 10:15:57,"testSB_C",-11.8732481160013,1372605
10,2026-07-04 10:15:57,"ntc1_C",-11.8917006473401,1377378
10,2026-07-04 10:15:57,"ntc2_C",-11.9327024198064,1377188
10,2026-07-04 10:15:57,"testSB_C",-11.9145525461066,1375932
11,2026-07-04 10:15:57,"ntc1_C",-11.8929574944187,1376008
11,2026-07-04 10:15:57,"ntc2_C",-12.2243105492188,1394815
11,2026-07-04 10:15:57,"testSB_C",-11.8902144145818,1375154
12,2026-07-04 10:15:57,"ntc1_C",-12.2073367187226,1394650
12,2026-07-04 10:15:57,"ntc2_C",-12.085457195372,1383715
12,2026-07-04 10:15:57,"testSB_C",-11.9015590533932,1368262
13,2026-07-04 10:15:57,"ntc1_C",-11.741638808811,1365240
13,2026-07-04 10:15:57,"ntc2_C",-12.2200498896491,1391196
13,2026-07-04 10:15:57,"testSB_C",-11.8459062722784,1369297
14,2026-07-04 10:15:57,"ntc1_C",-11.9218507958328,1378932
14,2026-07-04 10:15:57,"ntc2_C",-11.8658117712221,1372965
14,2026-07-04 10:15:57,"testSB_C",-11.844477066148,1371338
15,2026-07-04 10:15:57,"ntc1_C",-11.8772957072093,1375901
15,2026-07-04 10:15:57,"ntc2_C",-12.0733929473264,1383594
15,2026-07-04 10:15:57,"testSB_C",-11.975874754268,1375064
16,2026-07-04 10:15:57,"ntc1_C",-11.9008910048375,1377963
16,2026-07-04 10:15:57,"ntc2_C",-12.1197456620046,1386349
16,2026-07-04 10:15:57,"testSB_C",-12.0180086691755,1379972
17,2026-07-04 10:15:57,"ntc1_C",-11.8406530629931,1376134
17,2026-07-04 10:15:57,"ntc2_C",-12.181679509734,1395086
17,2026-07-04 10:15:57,"testSB_C",-11.9007509678994,1378890
18,2026-07-04 10:15:57,"ntc1_C",-11.7790533642398,1371668
18,2026-07-04 10:15:57,"ntc2_C",-11.9921225698782,1379953
18,2026-07-04 10:15:57,"testSB_C",-11.7672840413424,1365629
19,2026-07-04 10:15:57,"ntc1_C",-11.8022259593274,1372235
19,2026-07-04 10:15:57,"ntc2_C",-12.1477825806757,1388537
19,2026-07-04 10:15:57,"testSB_C",-11.9143715969414,1373629
20,2026-07-04 10:15:57,"ntc1_C",-11.8902735805968,1373175
20,2026-07-04 10:15:57,"ntc2_C",-12.1491327221975,1391219
20,2026-07-04 10:15:57,"testSB_C",-11.9396079320613,1380380
21,2026-07-04 10:15:57,"ntc1_C",-11.7139183881496,1364782
21,2026-07-04 10:15:57,"ntc2_C",-12.0820458358172,1387041
21,2026-07-04 10:15:57,"testSB_C",-11.9672054886931,1380276
22,2026-07-04 10:15:57,"ntc1_C",-11.7599516277546,1366842
22,2026-07-04 10:15:57,"ntc2_C",-11.9321332662915,1378944
22,2026-07-04 10:15:57,"testSB_C",-11.9323556647244,1380248
23,2026-07-04 10:15:57,"ntc1_C",-12.0228350587811,1384605
23,2026-07-04 10:15:57,"ntc2_C",-12.0023090821683,1382485
23,2026-07-04 10:15:57,"testSB_C",-11.8326291347996,1372953
24,2026-07-04 10:15:57,"ntc1_C",-11.8085185172519,1369518
24,2026-07-04 10:15:57,"ntc2_C",-12.0434518373202,1385222
