"N21_Pressure","N23_Pressure","N00_Pressure","N01_Pressure","N02_Pressure","N03_Pressure","N04_Pressure","N06_Pressure","N07_Pressure","N11_Pressure","N12_Pressure","N60_Pressure","N22_Pressure","N79_Pressure","N80_Pressure","N81_Pressure","N82_Pressure","N83_Pressure","N84_Pressure","N85_Pressure","N86_Pressure","N88_Pressure","N89_Pressure","N90_Pressure","N91_Pressure"
686348,686312.375,686689.375,684404.75,689145.375,688333.375,687781.625,691372.875,680170.125,693818.4375,691072.375,692076,686326.8125,686284.6875,686146.9375,685971.1875,685973.25,686044.75,685994.25,686212.375,686266.3125,686411.75,686587.5,686505.875,686446.125
686325.6875,686306.125,686680.5625,684406.125,689137,688335.875,687779.25,691375.5,680171.125,693817.875,691076.375,692083.5,686327.125,686282.75,686143.625,685969.0625,685971.1875,686040.75,685991.375,686203.1875,686261.375,686404,686580.875,686490.875,686434.125
686326.625,686297.375,686670.25,684390.625,689120.6875,688315.0625,687763.5,691355,680157.25,693799.9375,691055.9375,692059.0625,686303.8125,686262,686130,685951.125,685952.1875,686019.375,685966.1875,686187.625,686242,686391.5,686562.125,686471.375,686416
686324.9375,686279.375,686655,684378.1875,689099.0625,688301.5625,687753.75,691345.0625,680146.375,693789.875,691046.5,692048.75,686293.125,686249.75,686116.5,685943.1875,685947.125,686016.8125,685964.125,686185,686238.5,686382.125,686556.5625,686466.3125,686408.125
686324.625,686274.25,686648.25,684368.5,689092.5625,688292.875,687740.375,691335.5,680132.4375,693776.8125,691036.75,692033.375,686283.625,686235.6875,686102.8125,685933.0625,685935.5,686001.5,685956.5,686166.625,686220.625,686371.9375,686547,686456.8125,686400.5
686291.25,686263.4375,686638.625,684360.5625,689082.375,688281.8125,687732.375,691330.25,680130.375,693773,691029,692033.125,686290.3125,686246.8125,686113.1875,685938,685939.9375,686012.75,685958.1875,686176.125,686233.25,686377.8125,686554.375,686462.4375,686407.4375
686338.6875,686277.25,686651,684370.625,689102.4375,688298.6875,687745.6875,691343.0625,680139.9375,693782.1875,691041.1875,692043.75,686307.5625,686258.125,686119.75,685945.875,685951.5625,686017.75,685965.125,686183.1875,686239.0625,686384.4375,686561.8125,686472.75,686414.6875
686348.625,686277.625,686650,684379.375,689116.875,688307.375,687750.25,691351.125,680153.75,693790.75,691046,692053.0625,686302.125,686270.5625,686133.875,685954,685956.1875,686025.6875,685978.8125,686193.6875,686248.625,686396.875,686574.6875,686483.75,686426.9375
686321.3125,686290.5,686662.4375,684388.5,689136.1875,688318.8125,687760.0625,691362.625,680157.875,693797.875,691059.0625,692058,686310.375,686274.75,686133.125,685959.0625,685963.0625,686032.8125,685985,686198.75,686253.625,686396.5,686569.5,686479.625,686424.9375
686110.75,686286.5625,686659.75,684386.875,689136.625,688316.3125,687755.5625,691355.5,680154.375,693791,691051.9375,692052.5625,686299.9375,686255.0625,686124.75,685948.0625,685951.3125,686023.8125,685972.8125,686185.75,686241.75,686386.75,686560.375,686467.5,686416
686143.625,686277.5,686651,684375.5625,689124.875,688306.375,687747.5625,691348.4375,680149.25,693784.4375,691040.75,692041.375,686296.25,686252.75,686114.5,685942.625,685941.5,686014.125,685965.3125,686184.0625,686233.375,686383.125,686559.9375,686468.375,686415.0625
686182.5,686273.5,686647.5625,684376.875,689125.375,688309.25,687747.625,691348.4375,680146.75,693784.625,691040.75,692043.875,686295.0625,686250.375,686117.125,685938.5,685944.75,686013.625,685963.75,686180.6875,686236.625,686379.0625,686555.25,686464.9375,686410.5
686182.25,686271.625,686647.4375,684373.375,689119.5,688304.9375,687743.1875,691342.25,680143,693780.125,691034.6875,692035.5625,686287.8125,686243.75,686108.1875,685934.75,685937.5625,686010.75,685958.5,686174.875,686226.9375,686370.5,686546.25,686458.125,686400.5
686169.6875,686266.125,686640.125,684366.8125,689112.375,688297.625,687739.6875,691339.375,680140.0625,693772.125,691026.9375,692033.1875,686294.75,686243.375,686113.875,685938.4375,685941.375,686012,685964.375,686182,686234.3125,686378.75,686550.125,686460.75,686408.6875
686215.5,686271.1875,686645,684372.375,689125.625,688309.875,687745.5625,691347.25,680146.75,693782.125,691037.1875,692042.125,686299.75,686251.75,686121.625,685945,685948.75,686021.375,685968.0625,686185.5,686238.125,686383.6875,686560.375,686469.6875,686411.1875
686217.8125,686273.0625,686649.0625,684375.5,689129.0625,688307.125,687744.875,691344.4375,680148.75,693783.8125,691041.875,692040.0625,686293,686246.625,686114.6875,685930.6875,685934.4375,686010.875,685959.0625,686174.875,686227.625,686375.75,686549.0625,686460.125,686405.5625
686206.875,686265.6875,686642.625,684367.125,689120.625,688298.25,687739.75,691340.9375,680146.375,693776.25,691031.75,692033.375,686289.0625,686244.375,686113.6875,685930.5625,685929.3125,686003.8125,685952.75,686169.125,686222.375,686368.1875,686544.6875,686452.5,686399.3125
686185.3125,686263.875,686635.875,684366,689119.875,688295.0625,687736.5625,691337.4375,680142.5625,693776.625,691035.625,692030.75,686294.75,686249.5,686118,685938.4375,685941.125,686010.5,685959.3125,686174.9375,686230.5,686378.0625,686551.375,686461.5625,686408.1875
686213.1875,686273.4375,686648.1875,684378.8125,689133.25,688310.125,687747.5,691349.625,680155,693785.5625,691043.625,692044.0625,686297.25,686251.3125,686114.5,685942.625,685943.4375,686022,685965.9375,686185.375,686235,686381.125,686554.875,686467.5,686415
686224.9375,686275.3125,686650.25,684379.25,689140.875,688314.4375,687749.75,691350.5625,680154.9375,693783,691048.8125,692046.75,686306.9375,686261.5,686130.75,685950.9375,685955.9375,686021,685973.5,686193.8125,686247.8125,686390.6875,686563.6875,686474.375,686420.6875
686239.6875,686280.0625,686651.5625,684383.625,689143.1875,688315.25,687750.3125,691353.5,680156.1875,693788.0625,691043.375,692042.875,686296.875,686249.9375,686116.1875,685933.375,685942.5,686012.625,685960.5,686183.125,686234.375,686381,686553.4375,686466.9375,686408.25
686214.0625,686273,686645.5625,684378.4375,689135.3125,688310,687746,691350.25,680154.875,693783,691043.875,692044,686299.625,686253.0625,686117.875,685944.75,685944.4375,686018.625,685965.9375,686185.5,686234.875,686386.1875,686560.6875,686469.875,686411.875
686247.875,686277.1875,686648.375,684379.125,689137.125,688311.25,687748.1875,691353.25,680159.4375,693786.625,691042,692045.375,686304.0625,686257.125,686123.25,685949.375,685948.0625,686026.625,685973.5,686188.75,686241.125,686393.25,686562.25,686473.1875,686416.3125
686241.3125,686279.625,686654.4375,684384.875,689146,688319,687756.8125,691358.75,680162.8125,693794.125,691052,692053.6875,686306.25,686269.25,686139.75,685959.875,685958.4375,686032.5,685983.75,686201.3125,686256.375,686404.0625,686573.75,686484,686430
686240.75,686292.1875,686665.5625,684397.25,689158.75,688327.625,687763.75,691368.0625,680171.8125,693800.875,691058.6875,692061.8125,686318,686271.9375,686138.8125,685966.25,685965.6875,686037.5625,685987.125,686206.75,686258.8125,686411.625,686582.1875,686493.0625,686436.3125
686260.9375,686298.0625,686674.25,684408.375,689170.5,688341.5625,687775.875,691382.5625,680184.25,693813.125,691070.375,692070.9375,686331.5,686289.0625,686155.6875,685972.25,685971.875,686050.125,685998,686219.625,686269.625,686415.5,686586.875,686497.5625,686442.625
686266.625,686306.9375,686680.9375,684414.0625,689182.375,688351.125,687781.8125,691385.0625,680191,693817.75,691076.9375,692080.0625,686342.75,686295.375,686160.875,685980.5625,685984.9375,686056.75,686006.375,686223.75,686278.0625,686427.125,686602.125,686505.3125,686451.875
686275.75,686316.3125,686692.5625,684425.25,689191.875,688360.9375,687793,691401.1875,680203.625,693829.9375,691087.5625,692091.375,686352.875,686302.625,686173.4375,685996.375,685995.5,686067.625,686017.25,686238.75,686286.625,686438,686610,686518.4375,686465.75
686310.25,686323.0625,686700.75,684436.125,689205.5625,688371.8125,687802.625,691406.125,680206.875,693833.5,691092.4375,692094.0625,686350.9375,686306.1875,686174.375,685991.375,685994.75,686067.4375,686018.75,686235.5625,686290.3125,686437.1875,686612.8125,686524.25,686469.0625
686300.5625,686332.75,686707,684443,689216.125,688377.5,687811,691418.25,680223.375,693851.3125,691110.5,692114.125,686379.25,686333.8125,686203.75,686024.6875,686026.625,686102.4375,686049.0625,686266.1875,686320,686469.0625,686644.6875,686551,686498.1875
686337.8125,686356.5625,686734.625,684473.0625,689244.4375,688409.0625,687833.875,691439.3125,680247.4375,693871.5625,691133.25,692133.8125,686387.8125,686348.4375,686214.75,686036.1875,686038.625,686109.0625,686055.875,686273.8125,686330.6875,686478.1875,686650.5625,686564.3125,686507.4375
686350.375,686368.0625,686743.625,684484.875,689256.3125,688420,687845.75,691450.6875,680254.4375,693883.4375,691140.5625,692143.875,686404.9375,686359.3125,686226,686047.8125,686050.3125,686124.125,686074.75,686292,686348.5,686494.25,686669.25,686577.5,686523.375
686371,686386.875,686759.0625,684499.875,689275.625,688435,687861.125,691468.5,680269,693895.875,691153.6875,692160.6875,686412.125,686363.0625,686234.625,686053,686058.875,686127.875,686079.875,686292.375,686348.375,686497.75,686670.5625,686577.875,686524.125
686391.375,686386.5,686761.8125,684500.625,689277.875,688440.875,687864.5,691467.4375,680273.5,693899.5,691158.125,692159.25,686419.875,686371.375,686235.9375,686062.875,686061.5625,686132.375,686086.625,686296.375,686349.25,686499,686674,686580.25,686526.875
686382.125,686392.8125,686762.8125,684500.75,689270.875,688437.8125,687860.9375,691461.8125,680269.375,693897.4375,691155.5,692154.4375,686413,686366.875,686235.375,686060,686062.25,686136.75,686086.125,686304.3125,686360.9375,686505.3125,686679.125,686585,686533.8125
686365.125,686393.625,686769.375,684506.9375,689275.375,688438.0625,687868.1875,691471.5,680281,693903.375,691160.3125,692160.375,686420.5,686366.5625,686229.75,686053.1875,686055.6875,686125.625,686078.375,686293.875,686347.625,686491.875,686664.0625,686569,686517.875
686345.125,686382.5625,686756.5625,684494.5,689256.625,688427.8125,687857.1875,691455.5625,680269,693891.5,691150.5625,692150.5625,686410.375,686365.875,686234.0625,686060.25,686051.9375,686130.125,686077.5625,686291.75,686348.375,686498.6875,686670.6875,686573.875,686523.375
686392.375,686386.1875,686758.75,684500,689258.4375,688427.5,687859.6875,691455.5625,680275.875,693896.125,691156.625,692156.625,686416.75,686366.75,686238.625,686054.625,686053.875,686127.5,686077.5,686293.6875,686351.5625,686497.75,686671.375,686578.625,686526.8125
686375.0625,686387.875,686763.375,684503.1875,689257.4375,688428.5,687861.1875,691460.875,680278.5,693897.1875,691155,692157.75,686406.9375,686361.25,686229.9375,686056.3125,686052.75,686126.625,686073.5,686290.75,686343.75,686491.75,686662.125,686568.25,686515.875
686355.3125,686378.8125,686755.875,684497.625,689248.75,688418.625,687853.1875,691451.5625,680271.3125,693889.625,691151.9375,692151.625,686408.8125,686359.0625,686222.5,686047.4375,686046.9375,686121.3125,686061.75,686283.6875,686337.875,686480.9375,686659,686566.75,686511.8125
686339.125,686372.875,686746.875,684490.75,689234.125,688408,687848.875,691443.6875,680268.0625,693880.375,691143,692145.5,686406.5,686358.75,686223.5,686042.125,686042.375,686121.3125,686071.625,686286.125,686346,686486.5,686660.6875,686566.625,686513.625
686360.5,686377.75,686752.125,684493.4375,689240.5,688416.875,687853.875,691448.125,680274.625,693889.6875,691147.8125,692150.125,686409.3125,686361.5,686227.25,686049.9375,686051.875,686125.5,686075.625,686293,686348.8125,686489.75,686669.9375,686578.375,686526.5
686373.0625,686386.625,686759.125,684503.0625,689253.75,688428.625,687862.4375,691457.125,680282.625,693896,691159.0625,692160.0625,686416.5625,686371.375,686236.5625,686061.9375,686062.25,686135.0625,686077.5625,686297.125,686354.5,686501.75,686674,686581.9375,686529.3125
686382.5625,686390.625,686764.125,684506,689258.625,688427.8125,687863.75,691460.125,680286.25,693898.125,691159.3125,692160.5625,686420.25,686372.5625,686235.3125,686063.75,686064.875,686139.625,686084.5,686298.75,686357.375,686504.875,686676.75,686588.375,686533.625
686385.6875,686395.25,686768.375,684515.9375,689270,688438.125,687869.0625,691465.625,680294.75,693907.1875,691168.4375,692169.3125,686433.125,686378.625,686246.25,686070.9375,686073.8125,686146.875,686095.875,686313.6875,686370.25,686516.1875,686693.5,686602.625,686551.8125
686414.3125,686410.625,686782.5,684527.125,689289.875,688455.25,687888.4375,691484.125,680310.625,693921.5,691185.25,692185.5,686450.125,686403.5,686275.75,686095.875,686101.125,686176.875,686119.6875,686334.6875,686393.625,686538.1875,686715.5625,686625.5625,686571.25
686447,686433.875,686804.6875,684547.4375,689317.1875,688482.5625,687906.875,691509.125,680334.4375,693945.375,691203.875,692211.1875,686480.0625,686428.625,686299,686122.4375,686122.25,686193.125,686144.375,686362.375,686413.0625,686557.4375,686731.875,686638.5,686586.3125
686449.4375,686446.8125,686822.625,684567.125,689336.75,688505.0625,687923.6875,691526,680349.625,693961.3125,691220.6875,692222.375,686485.875,686434.375,686304.3125,686126.3125,686127.5,686199.375,686149.125,686368.0625,686418.625,686563.125,686742.5,686647.625,686593.25
686435.0625,686455.5625,686828.125,684573.0625,689342.125,688508.875,687930.3125,691530.75,680353.0625,693965,691223.375,692226.375,686494.375,686447,686314.9375,686135.5625,686140.75,686210.9375,686159.5,686373.8125,686435.5625,686574.9375,686750.875,686655.3125,686602.625
686417.5625,686463.5,686835.5,684581.25,689348.6875,688508.125,687934.9375,691530.5625,680359.125,693969.9375,691223.6875,692228.0625,686488.4375,686432.5625,686303.125,686125.5,686126.3125,686196.75,686148.1875,686364.3125,686412.5625,686559.3125,686733.5,686640.5625,686587.125
686437.5625,686450.25,686824.375,684572.4375,689327.25,688498.4375,687921.9375,691521.1875,680348.25,693958.4375,691215.3125,692217.8125,686466,686419.375,686286.375,686107.5,686109.25,686184.25,686134.5,686347.125,686399.875,686546.375,686718.25,686626.75,686578.75
686437.25,686437.625,686809.625,684559.875,689307,688478,687908.4375,691500.25,680334.625,693944.125,691202.5625,692202.4375,686454.375,686413.1875,686291.3125,686103.625,686109.0625,686177.875,686125.5625,686336.8125,686393.8125,686540.25,686710.0625,686617.1875,686564.125
686422.5,686425,686798.0625,684546.375,689287,688463.75,687897.8125,691490.6875,680326.8125,693934.4375,691191.75,692194.875,686448.625,686408.5,686269.125,686095.375,686091.75,686165,686118.125,686329.3125,686380.5,686525.875,686703.375,686606.8125,686557.25
686422.25,686425.625,686795.6875,684543.4375,689281.125,688462.125,687897.4375,691485.875,680327.625,693927.625,691188.875,692193.8125,686454.4375,686402.375,686278.625,686099.3125,686095.125,686164.3125,686108.75,686324.0625,686384.625,686529.0625,686706.125,686611.5625,686560.625
686402.25,686421.375,686794.125,684543.5,689279.875,688458.5,687895.5625,691488.0625,680328.875,693932.4375,691193.125,692198.25,686452.25,686406.3125,686278.375,686094.25,686099.5,686175.375,686122.5,686341.3125,686398.625,686545.3125,686716.5625,686624.125,686571.5
686407.8125,686433.8125,686806,684549.125,689296.375,688469.625,687906.25,691498.6875,680335.75,693940.75,691200.0625,692199.4375,686459.625,686412.25,686278.4375,686099.625,686096,686172.5,686121.8125,686338,686393.25,686539.0625,686714.25,686622.125,686570.5625
686380.0625,686428.75,686801.5625,684551.5625,689296,688476.875,687907.125,691498.125,680340.625,693943.25,691205.125,692209.9375,686468.8125,686423.6875,686287.75,686113.875,686116.5,686188.125,686132.8125,686349.875,686406.125,686554.5,686728.4375,686638.375,686587.625
686448.125,686446.3125,686820.5,684568,689320.5625,688491,687923.125,691515.375,680353.625,693958.4375,691220.6875,692222.625,686495.5,686437.4375,686300.375,686128.8125,686130.75,686199.0625,686147.375,686364.875,686419.875,686566.1875,686737.5,686642.5625,686588.625
686452,686456.5,686822.625,684575,689333.0625,688499.125,687929.375,691523.375,680362.1875,693961.3125,691219.375,692223.4375,686478.875,686433.5,686297.125,686120.875,686117.5,686189.4375,686136.625,686351.875,686410.3125,686557.375,686729.25,686634.75,686584.625
686435,686445.875,686821.125,684569.375,689322.75,688492.125,687921.625,691516,680356.5,693957.875,691219.375,692223.4375,686483.375,686434.0625,686301.5,686121.375,686127.8125,686196,686148.125,686361.5,686416.25,686563.8125,686736.5,686641,686592.625
686465.5625,686454.25,686822.375,684573.8125,689328.25,688499.5,687925.5,691522.4375,680363.6875,693963.4375,691223.375,692227.625,686494.0625,686451.75,686312.125,686134.3125,686134,686205.0625,686152.875,686365.875,686422.625,686566.9375,686739.3125,686645.375,686593.0625
686444.875,686458.6875,686832.125,684577.25,689333.125,688501.9375,687930,691527.625,680370.375,693968.25,691231.25,692232.875,686497.75,686449.9375,686314.4375,686132.25,686137.125,686205.75,686153.4375,686366.1875,686421.3125,686572.5,686747.1875,686650.6875,686598
686460.875,686459.6875,686833.375,684579.375,689337.5,688503.875,687932.8125,691527.1875,680370.75,693969.25,691226.75,692230.5,686488.4375,686443.125,686307.4375,686127.75,686130.3125,686204.3125,686151.1875,686370,686422.5625,686570,686741.9375,686644.6875,686593.4375
686464.625,686460.0625,686830.125,684577,689338.375,688502.625,687933.4375,691526.1875,680372.4375,693968.375,691228.375,692228.4375,686494.75,686444.0625,686310.0625,686131.625,686132.5625,686203.875,686155.3125,686372.4375,686423.5,686568.8125,686744.5,686648.1875,686599.875
686446.875,686461.875,686835,684584.0625,689341.9375,688508.5,687938.5,691534.25,680377.75,693977.25,691236,692237.1875,686502.5,686451.375,686321.3125,686139.0625,686139.375,686209.5,686159,686372.5,686425.3125,686573.6875,686749.375,686655.5625,686603.75
686116.875,686465.375,686835.3125,684585.5625,689346.25,688510.875,687937.75,691528.25,680381.875,693972,691233.875,692238.8125,686490.125,686440.6875,686305.75,686129.625,686134.6875,686206.375,686151.125,686367.8125,686422.125,686575.875,686745.875,686647.625,686598.375
686187.75,686463.25,686832.25,684585.5625,689343.4375,688508.8125,687936.9375,691528.8125,680378.125,693974.25,691232.5,692241.125,686498.6875,686449.625,686315.6875,686140.5625,686140.75,686215.125,686165.125,686381.25,686433.0625,686585.6875,686755.125,686658.8125,686611.8125
686253.125,686476.375,686844.125,684596,689354.875,688518.375,687945.875,691539.0625,680389.125,693979.0625,691241,692247.5,686508.75,686465.875,686330.125,686149,686148.75,686222.5,686173,686386.5625,686440.5625,686586.125,686760.625,686664,686616
686249,686481.25,686852.8125,684601.9375,689363.6875,688530.5625,687956.75,691548.1875,680397.375,693987.125,691246.1875,692249.125,686516,686469.9375,686338.8125,686153.6875,686155.625,686230.9375,686183.6875,686401.5,686448.1875,686597.25,686769.3125,686672.8125,686623.875
686256.5,686482.125,686857.25,684606.5,689370.25,688532.4375,687959.0625,691554.75,680402.4375,693995.25,691258.625,692265.9375,686518,686472.75,686342.25,686165.75,686166.9375,686240.375,686192.4375,686408.4375,686464.875,686613.625,686784.625,686686.1875,686639.4375
686316.25,686502.5,686871.625,684627,689392.8125,688556.25,687979.4375,691573.875,680425.5625,694018.875,691278.1875,692283.4375,686554.75,686500.625,686365.5625,686190.5,686188.125,686257.8125,686212.375,686432.375,686482.5625,686629.625,686802.1875,686708.875,686658.75
686337.1875,686520.375,686889.3125,684641,689416.1875,688574,687997.4375,691592.1875,680439.3125,694032.1875,691294,692299.6875,686561,686517.4375,686381.375,686199.25,686203.625,686272.1875,686226.3125,686437.5,686490.375,686640.6875,686813.4375,686715,686670.125
686361.5,686530.5,686906.5625,684658.8125,689431.3125,688588.75,688005.875,691604.0625,680449.875,694045.5625,691302.625,692309.375,686567.125,686520.3125,686389.0625,686211.875,686208.8125,686284.375,686238.75,686457.5,686505.5625,686654.75,686824.5,686729.25,686681.8125
686370.75,686540.875,686912.125,684662.875,689438.625,688594.6875,688012.4375,691611.25,680454.6875,694049.75,691312.25,692310.9375,686571,686523.0625,686387.875,686213.875,686213,686291.625,686238,686452.5,686502.5,686650.6875,686823.5,686725.75,686677.125
686364.5,686535.5625,686911.75,684662.8125,689430.3125,688589,688010.5,691601.875,680452.625,694043.6875,691302.1875,692303.125,686557.25,686509.375,686379.9375,686197.4375,686197.5625,686267.1875,686217.1875,686436.3125,686485.125,686635.875,686810,686708.125,686661.1875
686384.0625,686523.75,686894.9375,684651.9375,689405.375,688569.5,687994.75,691584.4375,680437.875,694028.625,691289,692293.625,686540.5,686495,686365.875,686187,686189.6875,686260.125,686206.5,686425.3125,686472,686623,686797,686698.5,686651.5
686348.6875,686514.4375,686883,684640.3125,689380.5625,688551.3125,687980.6875,691569.75,680428,694012.375,691276.8125,692279.625,686523.75,686479.0625,686343.75,686165.25,686170.125,686239.3125,686189.75,686406.1875,686458.1875,686604.6875,686779.6875,686681.75,686629.4375
686366.625,686493.125,686865.625,684622.125,689348.4375,688535.3125,687966.9375,691554.25,680415.9375,693998.875,691263.375,692262.75,686520,686473.625,686341.5,686163.25,686164.6875,686238.5,686188.25,686402.5625,686455.875,686601.8125,686779.9375,686680.75,686633.5
686359.25,686498,686872.5625,684627.625,689355.25,688540.6875,687974.4375,691565.5,680429,694011,691278.6875,692277.8125,686541.25,686499.25,686368.5,686195.25,686196.9375,686270.0625,686221.125,686432.5625,686488.125,686637.625,686807.125,686709.0625,686666.1875
686398.5,686527.5,686895.6875,684653.4375,689392.625,688568.125,687999.25,691586.625,680450.625,694035.25,691297.8125,692300.375,686558.875,686512,686384.5,686209.9375,686212,686286,686235.625,686450.0625,686504.4375,686655,686830.25,686726.875,686684.25
686383.625,686543.6875,686913.625,684666.8125,689419.6875,688591.125,688019.4375,691609.4375,680469.3125,694055.125,691321.125,692321.375,686583.0625,686541.625,686406.625,686230.5,686229.5,686306.3125,686256,686470.25,686527.4375,686673.25,686852.375,686750.625,686702.375
686432.1875,686565.125,686935.5,684694.875,689453,688622.375,688041.625,691633.25,680488.1875,694073.8125,691337.5625,692340,686598.4375,686558.625,686425.5,686246.375,686248.0625,686317.5,686269.125,686486.3125,686540.625,686685.5,686858.875,686759.875,686717
686456.625,686575.3125,686949,684705.125,689465.5625,688631.25,688052.375,691643.0625,680499.4375,694088.4375,691346.9375,692351.875,686610.625,686566.875,686431.3125,686252.875,686253.5,686324,686276.1875,686491.9375,686543.1875,686691.5,686866.5,686765.3125,686723.8125
686489.6875,686584.0625,686956.8125,684712.875,689479.9375,688645.625,688065.125,691656.3125,680510.6875,694098.75,691360.6875,692360.875,686626.25,686575.0625,686444.125,686262.5,686263.375,686334.625,686287.1875,686501.5,686555.625,686700.625,686878.4375,686774.9375,686732.8125
686472,686592.625,686962.625,684724.6875,689491.25,688649.625,688063.6875,691658,680515.25,694101.1875,691361.625,692364.875,686622.1875,686575.625,686444.4375,686265,686262.1875,686336.625,686286.625,686502.75,686552.625,686702.4375,686871.125,686773.75,686728.75
686447.125,686591.9375,686965.3125,684723.75,689487.25,688644.6875,688063.5,691654,680517.1875,694099.5,691359.5,692360.0625,686624.375,686577.875,686445.9375,686263.1875,686266.5,686338.0625,686289.375,686507.5625,686559,686706.75,686879.625,686780.125,686733.625
686497.4375,686597.5625,686969.9375,684727.5625,689494.875,688652.75,688070.5,691661.5,680522.625,694104.25,691364.875,692368.25,686637.875,686578.5,686446.75,686272.875,686272.1875,686343.375,686293.8125,686508.4375,686563.75,686711.25,686883.125,686782.375,686737.75
686504.75,686601.125,686973.0625,684736.125,689500.875,688655.5,688074.625,691666.25,680532.5,694113.8125,691376.5625,692380.6875,686646.875,686591.9375,686463.125,686285.875,686281.9375,686360.375,686306.5625,686521.5625,686578.1875,686723.6875,686897.625,686798.6875,686752.875
686498.0625,686615.5,686986.625,684746.625,689513.0625,688670.0625,688086.75,691673,680538.125,694119.375,691381.5625,692384.875,686649.875,686598.8125,686466.375,686283.25,686282.5625,686352.4375,686301.375,686519.375,686576,686721.875,686894.625,686796.875,686752.5
686509.375,686612.5,686985.3125,684745.875,689514.125,688670.9375,688089,691676.125,680541.8125,694123.875,691387,692388.25,686653.875,686600.0625,686465.5,686286.8125,686285.9375,686358.1875,686313.125,686521,686580.0625,686724.125,686897.1875,686800.125,686757.75
686520,686616.8125,686986.8125,684747.625,689511.625,688665.5625,688087.4375,691675.5625,680545,694124.4375,691387.5625,692388.75,686653.0625,686604.25,686471.5625,686288.6875,686291.5625,686365.5,686317.8125,686534.25,686587.4375,686734.9375,686910.625,686807.5625,686763.375
686532,686620.5625,686992.625,684754.5,689520.375,688674.9375,688097.1875,691687.875,680556.3125,694131.875,691395.375,692393.6875,686659.6875,686604.6875,686472.375,686294,686297.4375,686368.875,686317.625,686529.0625,686585,686735.125,686911.9375,686806.625,686761.5
686527.5625,686623.625,686990.9375,684757.1875,689520.25,688673.5,688095.5625,691683.0625,680554,694130.25,691392.375,692392.8125,686656.75,686606.125,686475.6875,686293.375,686298.0625,686369.75,686319.125,686533.4375,686591.25,686735.5625,686911.5625,686808.1875,686765.3125
686542.875,686625.875,686995.75,684763.5,689519.75,688679.75,688098.75,691683.125,680557.8125,694134.9375,691392.1875,692400.6875,686665.75,686612.1875,686478.0625,686297.875,686297,686366.25,686319.9375,686536.75,686591,686733.1875,686906.5625,686807.375,686763.375
686521.8125,686623.5,686998.375,684759.75,689515.25,688675.5625,688097.25,691681.9375,680553,694128.75,691391.1875,692393.1875,686655.3125,686598.25,686467,686286.125,686288.625,686360.5625,686314.25,686525.0625,686580.25,686726.9375,686903,686800.875,686757.1875
686517.625,686619.125,686987.625,684751.25,689506.125,688665.3125,688094.125,691674.3125,680554.25,694127.75,691387.1875,692390,686661.3125,686601,686478.6875,686305.75,686301.625,686375,686324.9375,686538.625,686599.3125,686746.625,686921.1875,686818.125,686774.75
686555,686637.8125,687007.4375,684767.625,689527.75,688686.375,688112.4375,691696.5625,680575.625,694149.375,691411.75,692414.75,686687,686632.5625,686500.5,686321.25,686324.375,686392.125,686340.125,686555.5625,686616.25,686757.5625,686936.875,686834.0625,686789.75
686580.0625,686652.375,687021.25,684784.375,689546.625,688699.625,688126.9375,691713.0625,680587.25,694161.9375,691421.125,692426.5,686690.0625,686640.875,686512.625,686334.125,686337.75,686407.75,686356,686574.25,686623.125,686772.625,686945.5,686844.9375,686802.375
686559.4375,686665.3125,687035,684793.8125,689562.75,688716.875,688135.3125,691723.25,680598.6875,694173.375,691435.875,692437.625,686701.125,686648.375,686515.625,686332,686338.75,686410.6875,686356.9375,686573.5,686626.75,686775.0625,686949.4375,686846.8125,686802.5
686570.3125,686664.6875,687039.5,684798.4375,689569.75,688722.375,688142.125,691727.875,680605.6875,694177.125,691444.0625,692445.5,686709.5,686656.1875,686524.625,686341.75,686340.625,686417.1875,686364.6875,686580.5,686637,686781.25,686953.6875,686851.3125,686807
686592.8125,686668.0625,687033.25,684797.5,689566.375,688715.6875,688137.4375,691721.125,680598.625,694170.0625,691434.3125,692430.0625,686688.875,686639.5,686501.9375,686321.625,686321.125,686402.625,686348.8125,686562.8125,686620.6875,686766.625,686937.75,686837.25,686792.1875
686585.875,686657.375,687022.875,684787.875,689543.5,688701.875,688124.25,691705.6875,680589.625,694159.9375,691419.9375,692420.125,686685.5625,686632.75,686497.875,686317.375,686321.8125,686397.1875,686348.5,686559.9375,686615.0625,686762.1875,686934.875,686833.8125,686790.3125
686597,686650.9375,687021.25,684783.125,689535.6875,688697.8125,688126.3125,691706.625,680587.75,694154.0625,691414.375,692417.75,686671.5,686616.25,686483.375,686304.5,686307.8125,686376.8125,686324.3125,686541.625,686595.875,686744.625,686915.5,686813.75,686768.8125
686570.125,686634.375,687004.0625,684772.875,689510.9375,688677.1875,688103.5,691687.1875,680574.9375,694137.625,691404.9375,692401.8125,686672.5625,686611.875,686482.625,686300.5625,686304.0625,686373.6875,686320,686534.75,686588.5,686741.125,686911.625,686809.0625,686767.75
686578.75,686626.625,686999.25,684760.875,689496.375,688665.375,688096.125,691676.25,680565.6875,694128.8125,691391,692394.625,686650.625,686601.5625,686474.125,686288.375,686291.75,686364.6875,686313,686524.4375,686584.125,686731.25,686901.8125,686794.875,686755.5625
686539.375,686617.5,686991.8125,684759.6875,689489.25,688663.375,688093,691672.25,680566.9375,694127.875,691390.5625,692396.125,686665.5625,686604.9375,686485.3125,686303.25,686299.625,686375.9375,686325.5625,686543.4375,686599.6875,686744.25,686912.125,686810.75,686767
686560.75,686630.625,687000.875,684769.625,689505.9375,688677.5,688103.5,691684.125,680576.25,694136,691399.4375,692401.8125,686664.125,686611.625,686477.5,686298.25,686297.25,686373.25,686320,686539.5,686591.875,686740.625,686912.75,686810.125,686767.25
686599.125,686630.625,687004.125,684766.375,689512.875,688677.375,688103.625,691691.25,680583.8125,694140.625,691410.375,692411.9375,686670,686618.5,686485,686308.0625,686309.9375,686386.8125,686330.6875,686544.6875,686597.875,686747.875,686920.6875,686820.875,686775.0625
686581.125,686637.875,687011.1875,684781.625,689530.5,688690,688112.8125,691697.5625,680591.3125,694148.0625,691410.25,692413.5,686682.4375,686627.125,686489.9375,686310.6875,686315.6875,686383.75,686336.8125,686549.625,686607.375,686753.875,686925.375,686822.25,686780.25
686593.0625,686643.75,687015,684784.125,689531.8125,688693.1875,688116.5,691701.8125,680590.3125,694150.5,691409.5,692415.25,686683.375,686629.625,686496.375,686314.625,686320.25,686388.875,686341.75,686559.625,686614.25,686763.6875,686940.75,686839,686791.5
686629.25,686658.25,687029.875,684796.25,689554,688706.8125,688131.75,691714,680606.5625,694166.75,691427.5625,692430.375,686701.375,686645.375,686508.875,686331.625,686333.625,686404.125,686353.25,686567.5625,686626.1875,686772.25,686946.8125,686846,686803.1875
686623.875,686664.125,687037.75,684808.5,689569.625,688722.125,688142,691732.25,680618.8125,694179.125,691441,692443.875,686714.875,686662.125,686531.1875,686349,686354.625,686424.75,686371,686583.125,686640.0625,686786.625,686962.4375,686861.875,686821.1875
686631.3125,686679,687053.4375,684822.125,689591.625,688740.875,688159.0625,691745.6875,680634.25,694191.5,691457.125,692458.75,686729,686676.375,686542.375,686363,686366,686438.875,686386.1875,686603.875,686653.1875,686804.875,686976.5625,686874.0625,686831.25
686647.5625,686695,687067.375,684843.375,689612.4375,688761.25,688174.3125,691764.25,680650,694208.6875,691468.625,692471.8125,686743,686692.125,686558.25,686375.3125,686371.5,686449.625,686398.6875,686616.75,686674.3125,686821.125,686996.75,686892.8125,686850.5
686665.875,686711,687081.125,684851.8125,689630.3125,688772.875,688185.3125,691773.125,680661,694223.5,691481.375,692489.9375,686757.625,686707.8125,686571.5,686391.5,686395.375,686461.8125,686413.6875,686625.0625,686684.0625,686830.3125,687004.375,686902.8125,686860.625
686676.875,686720.9375,687093.4375,684867.8125,689639.875,688781.9375,688194.75,691782.375,680675.875,694228.8125,691489.75,692491.75,686751.375,686701,686567.5625,686392.625,686392.375,686461.5,686413.375,686622.8125,686681.75,686829.9375,687003.1875,686900.5625,686858.1875
686671.3125,686718.5,687090.75,684864,689635,688780.3125,688193.375,691782.25,680673.5,694226.875,691489.3125,692493.6875,686750.75,686696.3125,686566.5,686386.125,686388.5,686462,686414.5,686625.875,686678.875,686826.8125,686999.3125,686900.0625,686856.625
686669.0625,686718.0625,687089.4375,684861.5625,689629.6875,688774.75,688190,691777.1875,680668.375,694224.6875,691483.1875,692486,686748.75,686695.9375,686561.25,686387.125,686384.3125,686453.0625,686405.5625,686619.4375,686677.125,686824.5,686998.5,686894.75,686853.0625
686650.6875,686712.75,687084.6875,684853.25,689618.625,688765.625,688185.5,691769.25,680663.1875,694216.3125,691479.25,692488.5,686745.25,686691.25,686556.3125,686378.25,686380.125,686452.125,686402.125,686617.125,686673.625,686821.3125,686991.75,686892.5625,686848.875
686649.875,686709.4375,687081.25,684850.3125,689612.25,688764.0625,688178.875,691764,680663.8125,694212.1875,691473.125,692478.4375,686738.75,686686.8125,686550.25,686372.25,686372.625,686443.625,686393.75,686611.1875,686663.8125,686811.125,686983.5,686880.625,686838.625
686657.8125,686700.5625,687072.875,684843.4375,689595.5625,688750,688172.625,691756,680656.125,694202.625,691464.3125,692468.875,686724.9375,686675.75,686544.0625,686365.0625,686363.4375,686434.6875,686387.8125,686600.6875,686655.3125,686805.625,686975.75,686874.0625,686830.375
686643.6875,686690.125,687061.625,684835.9375,689580.0625,688743.0625,688163.6875,691743.8125,680645.5,694198,691453.8125,692461.1875,686725.25,686675.9375,686541.3125,686360.875,686364.125,686433.4375,686381.375,686594.3125,686653.375,686799.3125,686973.25,686866.625,686829.0625
686661.75,686693,687063.1875,684834,689577.1875,688739.0625,688164.25,691745.625,680650.25,694195.875,691456.375,692462.375,686724,686671.375,686540.5625,686363.8125,686361.9375,686437,686384.6875,686598.8125,686654.6875,686804.5,686975.6875,686868.375,686827.1875
686654.3125,686690.125,687064.375,684840,689583.625,688741.1875,688164.125,691744.125,680649.25,694197.75,691458.25,692460.75,686729.9375,686677.375,686544.25,686363.8125,686366.125,686438.875,686386.625,686600.875,686656.75,686804.4375,686979,686871.375,686832.5625
686649.4375,686694.75,687062.75,684838.1875,689586,688742.75,688164.9375,691749.375,680658.125,694201.5,691464.25,692467.875,686733.4375,686684.375,686553.75,686369.9375,686373.5,686447.4375,686397.375,686612.125,686667.5,686813,686988.8125,686881.25,686843.1875
686658.1875,686705.5625,687074,684849.75,689601.3125,688755.0625,688175.3125,691759.875,680667.375,694210.3125,691472.5625,692477.1875,686743.625,686695.3125,686561.5625,686375.9375,686378.125,686452.1875,686404.25,686620.625,686681.8125,686828.4375,687001.625,686899.6875,686859.25
686693.125,686716.9375,687089.125,684869.625,689626.1875,688776.3125,688195.6875,691779.0625,680688.125,694230.0625,691491.375,692501.125,686767,686714.4375,686580.25,686402.625,686402.4375,686476,686421.5,686635.25,686690.625,686835.875,687011,686904.25,686864.6875
686694.9375,686732.375,687099.4375,684879,689639.0625,688789.0625,688207.4375,691790,680697.5,694240.625,691497.625,692505.3125,686777.4375,686723.8125,686591.25,686412.1875,686410.3125,686486.75,686436,686649.875,686707.75,686854.5,687031.75,686924.6875,686889
686736.625,686747.875,687120.5,684897.5,689666.25,688809.6875,688222.5,691808.5,680716.5625,694258.4375,691521.125,692524.9375,686790.5,686743.625,686608.375,686425.875,686426.9375,686502,686453.125,686665.5,686721.75,686870.3125,687046.75,686941.625,686900.3125
686736.5,686761.3125,687130,684904.25,689681.5,688823.8125,688231.125,691821,680723.875,694266,691526.8125,692529.875,686789.6875,686743.6875,686609.75,686429.625,686428.625,686500.25,686451,686666.5625,686722,686868.1875,687036.8125,686931.625,686895.6875
686741.75,686755.5,687124.625,684906.9375,689674.75,688820.5625,688227.625,691815.75,680724.6875,694265.25,691522.1875,692526.125,686787.375,686737,686603.5,686426.9375,686425.6875,686498.6875,686450.375,686660.75,686718.0625,686866,687039.9375,686935.375,686893.1875
686727.4375,686755.3125,687128.0625,684901.3125,689673.4375,688819.4375,688229.75,691815.6875,680723.0625,694263.4375,691522.125,692528.4375,686788.125,686739.5,686603,686425.125,686426,686506.8125,686451.875,686664.625,686720.75,686865.6875,687037.5,686933.125,686896.5
686723.4375,686758,687129.125,684906.125,689673.75,688821.875,688232.8125,691814.0625,680726.125,694263.375,691527.5625,692530,686798.375,686747.5625,686614.125,686433.8125,686440,686511.8125,686460.5625,686674.25,686733.125,686876.25,687051.875,686944.375,686909.3125
686740.5,686768.6875,687139.4375,684919.625,689686.25,688830.125,688243.8125,691827.625,680738.4375,694278.0625,691539.25,692542.4375,686810.25,686757,686623.25,686447.4375,686446.8125,686519.9375,686471.8125,686683.5,686740.9375,686887.5,687058.25,686958.4375,686918.4375
686761.9375,686778.25,687147.4375,684929,689704.0625,688841.125,688252.875,691839.9375,680751.5625,694290.25,691551.3125,692554.5,686821.5,686769.3125,686636.25,686462.1875,686458.375,686533.4375,686478.0625,686690.0625,686752.625,686894.625,687068.5,686960.25,686922.625
686763.0625,686787.25,687156,684937,689706.8125,688846.8125,688257.5625,691843.1875,680756.375,694293.875,691555.375,692554.9375,686825.375,686775.9375,686642.8125,686463.875,686460.0625,686534.3125,686480.3125,686691.25,686756.75,686900.75,687071.9375,686965.625,686928.625
686749.375,686791.9375,687159.3125,684937.5625,689710.875,688851.125,688261.3125,691846.25,680759.4375,694299.375,691557.75,692563.625,686828.25,686777.4375,686641.75,686460.625,686460.375,686531.9375,686485.375,686698.6875,686756.8125,686898.75,687074.9375,686967.5,686929.625
686776.1875,686786.9375,687160.75,684938.875,689707.375,688849.3125,688258.875,691842.625,680755.75,694296,691557.1875,692558.4375,686823.6875,686775.5625,686638.1875,686463.625,686460.75,686535,686484.125,686697.1875,686753.875,686897.8125,687074.75,686963.6875,686925.625
686755.875,686786.9375,687162.5,684938.625,689701.9375,688849,688259.5,691840.75,680763.4375,694298.8125,691558.4375,692560.0625,686823.1875,686774.9375,686636,686457.4375,686452.1875,686532.375,686478.625,686692.8125,686750.5625,686898.25,687072.25,686965.0625,686927.8125
686764.875,686790.75,687162,684940.6875,689708.0625,688849,688267.4375,691845.3125,680766.625,694302.75,691557.375,692559.625,686827.375,686778.4375,686646.5625,686471.25,686467.625,686541.375,686491.5,686705.5625,686760.3125,686907.25,687082.4375,686975.625,686941.75
686770.0625,686803.875,687172.625,684954.375,689717,688859.6875,688277.375,691854.25,680778.8125,694310.75,691572.75,692576.25,686841.1875,686789.6875,686655,686475.3125,686476.125,686547.875,686497.75,686710.125,686764,686911.5625,687084.125,686979,686942.8125
686803.75,686803.5,687172.125,684959.625,689723.875,688867.75,688277.75,691861.1875,680784.5,694314,691571.3125,692578.125,686842.625,686791.8125,686657,686481.625,686477.8125,686551.25,686500.25,686715.125,686771.5625,686918.4375,687091.375,686988.8125,686950.9375
686806.5625,686815.125,687186.75,684969.625,689738.25,688877.125,688294.375,691874.375,680800.3125,694329.25,691588.6875,692596.875,686862.1875,686812.875,686677.625,686497.5,686495.0625,686570.5,686519.4375,686736.75,686788.4375,686938.125,687107.8125,687003.75,686968.1875
686815.875,686827.5625,687195.5,684982.875,689755.625,688891.5,688299.6875,691883.375,680805.3125,694338.375,691598.25,692602.625,686866.8125,686821.75,686686.5,686506.625,686508.5,686580,686529.75,686743.4375,686797.1875,686945.25,687118.625,687011.75,686973.8125
686839.0625,686838.5,687209.875,684992,689765.6875,688906.5625,688313.6875,691895,680818.4375,694347.625,691609.625,692616.1875,686879.9375,686831,686700.875,686517.625,686517.5625,686593.125,686538.8125,686752,686810.6875,686958.75,687127,687020.9375,686982.625
686819.9375,686842,687214.3125,684994.4375,689768.125,688904.9375,688315.6875,691895.5,680819.3125,694348.8125,691609.875,692613.875,686871.875,686821.3125,686683.25,686508,686510.9375,686584,686531.75,686747,686801.3125,686946.125,687117.875,687013.75,686975.625
686812.25,686837.125,687210.9375,684993.0625,689761.5625,688898.75,688307.625,691890.5,680813.0625,694344.5,691603.1875,692605.75,686866.8125,686815.0625,686679.9375,686500.6875,686499.6875,686576.9375,686528.5,686742.1875,686799.875,686943.6875,687116.375,687007.375,686967.5625
686801.9375,686834.625,687200.875,684985.125,689748.5,688893.25,688305.3125,691882.875,680807.875,694341.875,691597.875,692603.375,686864.125,686815.25,686676.625,686503.625,686499.5,686575.125,686523.375,686737,686796,686939.75,687111.5625,687003.0625,686964.6875
686802.5625,686830.0625,687199.3125,684982,689742.5,688886.5,688301.5625,691874.5,680809.3125,694333.1875,691593.0625,692597.125,686858.8125,686808.75,686676.9375,686498.0625,686496.25,686570.125,686518.5,686733.125,686790.0625,686937.1875,687111.3125,687004.6875,686964.625
686832.125,686826,687195.3125,684979.6875,689737.5625,688884.375,688303.4375,691876.75,680809.4375,694334.25,691596.25,692598.1875,686855,686806.9375,686670.625,686494.3125,686493.125,686567.25,686516.9375,686727.375,686789.375,686935.875,687107.5625,687003.25,686968.125
686836.8125,686832.1875,687199.375,684983.4375,689737.375,688886.125,688303.6875,691883.625,680810.75,694335.0625,691595.0625,692601.3125,686859.3125,686806.5625,686674.5,686495.5625,686495,686568.6875,686516.1875,686730.0625,686785.625,686935.25,687105.875,686996.125,686962.375
686808.8125,686823.875,687195.6875,684977.4375,689734.3125,688881,688301.5,691876.125,680811.8125,694335.6875,691595.6875,692597.625,686866.1875,686811.625,686673.0625,686503.125,686503.1875,686574.3125,686524.5,686734.625,686795.75,686943.4375,687114.625,687003.125,686970.375
686844.375,686830,687200.0625,684984.75,689745.5625,688886.25,688306.8125,691883.25,680819,694338.1875,691597.8125,692600.5,686863.1875,686812.25,686672.1875,686496.25,686492.5,686565.75,686517.25,686732,686787.8125,686931.25,687108.0625,686997.1875,686963.625
686804.0625,686827.375,687198.375,684980.75,689736.3125,688880,688299.875,691877.625,680814.3125,694335.5625,691594.5,692597.875,686861.9375,686812,686676.5,686501.25,686499,686568.4375,686520,686730.9375,686786.75,686935.75,687106.8125,686996.8125,686962.5625
686823.875,686825.25,687196.8125,684981.125,689734.6875,688884,688300.125,691875.375,680813.875,694330.375,691596.3125,692596.9375,686864.625,686812.25,686677.875,686501.125,686494.9375,686569.375,686521.8125,686736.875,686794.125,686942,687112.8125,687003.375,686969.875
686844.875,686830.6875,687200,684986,689745.5,688887.25,688306,691885.6875,680822.75,694339.6875,691604,692610.3125,686875,686822.875,686689.25,686506.75,686512.5,686582.375,686533.0625,686746.3125,686802.1875,686952.75,687129,687019,686984.6875
686843,686847.4375,687218.0625,685006.875,689769.9375,688911.625,688325.5,691904.625,680840.25,694360.75,691621.5625,692626.9375,686893.25,686846.75,686714.0625,686532.4375,686533.125,686611.125,686560.625,686770.625,686828.75,686977.25,687149.6875,687037.75,687001
686856.1875,686868,687235.9375,685017.75,689789.25,688929.3125,688341.375,691920.875,680856.875,694375.5625,691636.3125,692638.4375,686909.6875,686859.75,686722,686544.0625,686541.875,686615.375,686566.25,686780.375,686837.125,686980.5625,687156.5625,687043.5,687010.625
686890.3125,686871.875,687239.4375,685030.9375,689804.5,688936.625,688345.375,691929.25,680861.25,694378.8125,691641.125,692643.25,686911.5625,686855,686717.25,686540.6875,686539,686613.1875,686564,686775.25,686835.875,686976.8125,687152.75,687042.5625,687006.8125
686854.4375,686870.5,687242.375,685026.75,689798.4375,688930.875,688344.125,691922.5625,680861.875,694379.0625,691638.25,692639.375,686898.6875,686853,686726.625,686545.0625,686546.125,686617.25,686563.6875,686774.9375,686835.625,686980.0625,687152.875,687043.5,687008.25
686871.375,686869.75,687240.6875,685029.3125,689797.25,688933.0625,688345.0625,691922.4375,680863.25,694380.75,691639.625,692644.25,686905.625,686852.5625,686719.9375,686539.875,686539.375,686614.375,686563.6875,686776.25,686830.0625,686980.375,687153.625,687042.375,687010.5
686899.3125,686871.875,687242.375,685032.5625,689799.875,688937.25,688347.1875,691923,680867.4375,694381,691644.125,692642.625,686902.125,686854.375,686715.5,686538.1875,686540.75,686612.4375,686560.3125,686773.125,686830.5625,686974.25,687151,687038.1875,687007
686890,686866,687233.5,685025.5625,689790,688926.625,688340.75,691915.75,680864.0625,694369.125,691628.6875,692636.5,686897.75,686845.9375,686708.5,686533,686531.25,686604.25,686550.9375,686764.75,686823.8125,686964.3125,687140.5625,687025.375,686994.6875
686857.4375,686859.125,687227.8125,685019.625,689773.75,688922.5,688331,691909.625,680859.5,694367.25,691628.8125,692635,686895.875,686847,686712.125,686532.875,686532.25,686605.5625,686556.375,686772.25,686826.375,686972.5,687148.8125,687036.5,687005.6875
686873.25,686866.875,687235.75,685024,689784.75,688927,688344.4375,691921.375,680867.875,694376.125,691638.6875,692640.5,686909.875,686854.0625,686716.875,686540.125,686539.9375,686613.1875,686563,686776.5,686834.6875,686979.9375,687154.875,687045.125,687015.3125
686906.375,686879.125,687244,685041.9375,689800,688943.125,688355.25,691933.625,680878.75,694389.375,691649.75,692651.625,686924.625,686865.9375,686735.6875,686560.9375,686562.1875,686633.4375,686579.125,686797.625,686853.25,686999.75,687170.6875,687060.6875,687024.5
686903.6875,686887.1875,687259.625,685052.4375,689817.125,688951.3125,688362.625,691945.25,680889.75,694396.25,691658.75,692665.5,686929.875,686879.5,686743.875,686566.3125,686563.125,686641.5625,686588.1875,686801.875,686857.5625,687004.875,687179.4375,687065.5625,687034.625
686886.125,686899.4375,687267.1875,685063.0625,689829.625,688965.0625,688373.5,691955,680902.125,694408.375,691673.6875,692678.25,686944.4375,686898.625,686761.875,686586.875,686585.0625,686656.1875,686602.875,686819.0625,686874.5,687029.25,687198.125,687088.6875,687055.5625
686924.9375,686918.5,687287,685080.5625,689853.25,688990.9375,688391.5625,691973.0625,680919.0625,694429.75,691688.25,692697.25,686965.875,686915.375,686779.5,686598.875,686601.5,686670.875,686622.5,686841.25,686896.1875,687042.5625,687216.375,687105.625,687075.625
686970.3125,686934.375,687303.5,685098.625,689873.75,689004.3125,688408.4375,691992.1875,680935.375,694445.9375,691704.0625,692711.375,686978.75,686928.875,686795.125,686614.6875,686619,686691.25,686636,686855.3125,686911.75,687059.5,687232.1875,687118.6875,687090.6875
686969.5,686953,687322.4375,685117.5625,689891.9375,689024,688424.875,692008.75,680949.6875,694461.9375,691720.25,692725.3125,686990.9375,686938.375,686805,686624.5,686630.3125,686701.75,686652,686868.5,686922.4375,687067.375,687241.3125,687127.75,687095.375
686974.6875,686959.25,687327.625,685124.625,689897.5,689030.625,688431.125,692014.0625,680953.5,694467.75,691722.8125,692726.125,686990.375,686935.625,686803.875,686623.0625,686624,686703.5,686648,686859.875,686918.8125,687063.8125,687240.3125,687125.6875,687091.625
686977.25,686958.25,687324.125,685121.375,689893.0625,689025.25,688428.375,692011.125,680955,694466.75,691726.5,692726.875,686985.625,686939.875,686808.6875,686626.25,686629.625,686701.75,686647.4375,686863.5,686920.75,687064.5,687242.4375,687127.125,687095.3125
686973.4375,686955,687323.875,685121.5625,689890.3125,689022.8125,688427.1875,692006.8125,680947.625,694461.875,691716.1875,692720.75,686977.625,686931.5,686792.375,686614.6875,686614.4375,686691.3125,686635.5,686846.75,686904.6875,687049.625,687225.25,687115.3125,687079.5
686951.75,686943.5,687309.9375,685107.75,689866.5625,689002.8125,688412.8125,691990.6875,680943.0625,694452,691707.25,692715.25,686969.625,686918,686781.5625,686603.8125,686605.3125,686679.75,686626.625,686843.6875,686897.625,687042.75,687213.25,687102.125,687071.5
686971.375,686934.75,687300.25,685096,689847.375,688990.625,688406,691980.3125,680937.4375,694439,691699.9375,692705.9375,686964.625,686907.75,686777.5,686594.6875,686596.25,686669.25,686618.0625,686832,686888.1875,687032.5,687208.25,687089.9375,687062.75
686947.8125,686928.0625,687296,685093.1875,689838.8125,688985.5625,688400.9375,691975.5,680928.4375,694436.8125,691699.75,692699.75,686966.8125,686914.375,686782.875,686597.375,686598.5,686673.6875,686618.6875,686834.625,686891.8125,687035.9375,687208.6875,687096.625,687066.5625
686977.125,686929.6875,687298.6875,685095.0625,689841,688987.75,688400.125,691976.875,680938.1875,694438.0625,691696.375,692701.875,686963.125,686904.375,686775.5,686591.75,686595.5625,686672.375,686615.6875,686835.25,686892.4375,687037,687211.375,687096.875,687065.25
686960.25,686930.9375,687297,685096.1875,689841.625,688987.1875,688405.625,691978.25,680938.25,694441.3125,691698.5,692706.3125,686966.5625,686910.5,686779.3125,686603.625,686602.4375,686677.625,686623,686837.4375,686899,687041.875,687215.75,687102.25,687074.125
686943.0625,686933.1875,687300.6875,685095.375,689847.125,688987.25,688404.125,691978.75,680942.4375,694440.75,691702.4375,692702,686967.4375,686912.875,686780.6875,686601.5625,686603.375,686680.875,686627.8125,686841.3125,686901.25,687044.4375,687215.6875,687107.375,687075.5
686983.875,686940.375,687303.625,685103.125,689856.5625,688996.25,688408.1875,691985.25,680945.25,694441.75,691702.5,692707.25,686973.1875,686925.5,686788.75,686608.1875,686607.4375,686683.5,686629.625,686845.5,686901.3125,687049.375,687225,687109.9375,687078.625
686965.875,686942.25,687310.0625,685109.0625,689865.25,689006.1875,688414,691990.5,680947.25,694446.1875,691707.875,692712.625,686974.875,686920.9375,686785,686609.125,686611.8125,686681.1875,686630.5,686844.3125,686899.9375,687048,687224.3125,687106.5,687076.5
686988.1875,686940.625,687305.375,685108.625,689865.3125,689008.125,688410.875,691990.5625,680952.5,694449.625,691710.5625,692715.625,686977.8125,686928.25,686794.5,686616.8125,686618.0625,686693,686638.875,686850.5,686906.75,687056.8125,687231.9375,687113.625,687087
686989.4375,686948.5,687316.5,685113.75,689877.375,689012.75,688420,691995.9375,680960.625,694456.3125,691713.25,692723.0625,686984.5,686932,686800.5,686621.3125,686622.875,686694.4375,686644.3125,686856.3125,686913.375,687064.5,687237.625,687120.6875,687093.8125
686974.125,686953.75,687325.625,685123.75,689888.375,689022.125,688429.5,692005.25,680971,694465.3125,691727.375,692729.375,686998.375,686951,686814.4375,686632,686631.3125,686706.375,686653.25,686866,686925.5625,687069.0625,687245.6875,687128.6875,687096
686992.875,686960.75,687331,685127.75,689895.625,689029.6875,688432.875,692012.375,680972.4375,694465.6875,691727.5,692731.5,686995.3125,686942.8125,686807.25,686624.875,686628.5,686704.0625,686653.5,686866.5,686922.875,687068.5,687242.4375,687125,687094.625
687004.9375,686958.125,687328.1875,685129.75,689897.5625,689027.4375,688433.0625,692006.8125,680973.5,694464.375,691730.25,692734.9375,686998.375,686937.8125,686808.875,686628.75,686636.3125,686705.5,686652.5625,686864.3125,686921.5625,687070.5625,687241.75,687125.6875,687093.375
687013.375,686958.4375,687325.25,685125.75,689888.25,689023.4375,688431.5,692004.125,680971.9375,694462.5625,691722.75,692727.375,686987.875,686936.75,686799.625,686618.625,686626.8125,686697.5625,686641.9375,686851.625,686911.625,687058.375,687233.8125,687116,687086.375
686956.75,686949.375,687319.875,685123.0625,689877.25,689013,688421.8125,691994.9375,680964.0625,694454.625,691712.1875,692718.1875,686976.3125,686921.5625,686791.1875,686611.1875,686612.25,686686.25,686634.875,686849.3125,686903.875,687048.6875,687220.75,687103.625,687076.375
686973.375,686940,687308.1875,685110.9375,689859.625,688999.4375,688411.375,691986.5625,680955.75,694445.0625,691703.0625,692709.75,686968,686914.875,686783,686603.625,686605.5625,686675.875,686623.625,686837.125,686893.625,687041.75,687219.375,687101.1875,687072.875
686980.0625,686934.3125,687306.9375,685105.6875,689852.8125,689000.0625,688410.25,691986,680956.3125,694447.125,691705.125,692712.25,686978.375,686922.1875,686788.4375,686613.1875,686613.125,686683.75,686630.5625,686846.9375,686900.25,687048.5,687221.375,687105.3125,687076.3125
686959.875,686936.1875,687305.9375,685111,689853.8125,688997.375,688408.6875,691982.1875,680956.5625,694439.5,691703.6875,692706.875,686969,686916.125,686783.625,686602.25,686601,686679.375,686624.25,686838.375,686895.875,687040.6875,687215.5,687099.125,687072.75
686954.5,686934.0625,687301.375,685105.3125,689851.125,688993,688408.0625,691981.1875,680956.5625,694442.125,691702.375,692706.5,686965.9375,686917.125,686776.875,686600.75,686604.6875,686674.4375,686622.375,686834.6875,686890.375,687038.8125,687210.3125,687090.875,687067
686962.5625,686930.375,687299.5,685104.0625,689850.3125,688992.5,688405.9375,691980.125,680957.375,694444.375,691702.25,692710.0625,686977,686921.5,686789.0625,686605.625,686608.1875,686680.625,686629.9375,686843,686901.1875,687044,687220.3125,687100.5,687073.125
686983.4375,686936.375,687307.25,685115.625,689864.25,688999,688415.625,691988.4375,680968.875,694451.875,691712.75,692716.9375,686984.4375,686937.25,686796.8125,686617.1875,686616.3125,686690.3125,686635.5625,686849.125,686906.25,687051.1875,687227.125,687105.375,687082.5
686995.125,686944.125,687315.5,685117.8125,689873.5,689013.1875,688418.625,691999.125,680974.9375,694457.125,691720.9375,692724.125,686989.0625,686938.875,686807.5625,686627,686629.5,686704.9375,686650.125,686865.25,686920.125,687065.5,687244.0625,687126.5625,687102.125
686985.125,686961.3125,687333,685135.9375,689901.8125,689035.0625,688439.875,692018.125,680992.625,694474,691732.8125,692741.8125,687009.0625,686957.5,686818.875,686644.125,686639.375,686714.625,686667,686882.125,686938.1875,687083.6875,687257.125,687133.875,687112.1875
687002.4375,686973.1875,687343.0625,685148.625,689914.25,689043.4375,688448.6875,692026.1875,681001.875,694483.375,691741.5,692748.8125,687014.875,686962.625,686824.25,686646,686643.0625,686718.8125,686667,686881,686935.625,687082.125,687257.5,687135.9375,687111.9375
687001.375,686974.3125,687340.875,685148.125,689917.875,689040.5,688445.125,692026.5,680998.25,694480.5625,691736.5,692741.3125,687003.875,686951.5625,686818.8125,686637.8125,686637,686706.8125,686658.875,686871.25,686930,687077.625,687251.8125,687128.125,687104.25
686995.5,686968.625,687334.3125,685142.4375,689907.1875,689032.375,688442.8125,692020.5,680993.8125,694475.25,691736.625,692739.6875,687000.5625,686944.0625,686816.125,686631.25,686632.1875,686706.375,686652.375,686865.9375,686920.6875,687074,687246.375,687124.625,687100.6875
686995.3125,686963.625,687332.8125,685141.5,689903.1875,689031.375,688441.1875,692018.8125,680996.9375,694476.9375,691733.75,692739,687007.4375,686954.375,686823.4375,686646.625,686646.75,686717.5,686667.4375,686879.4375,686934.0625,687082.4375,687258.0625,687137.4375,687113.6875
687003.75,686974.3125,687343.25,685148.6875,689913.5,689038.1875,688447.375,692024.3125,681007.25,694484.875,691740.5,692747.8125,687017.4375,686959.625,686829.625,686649.875,686651.25,686725.6875,686671.375,686885.9375,686942.4375,687091.75,687263.875,687142.1875,687115.6875
687010.125,686979.0625,687345.75,685155.125,689923.25,689045.5,688451.75,692027.375,681008.125,694490.0625,691746.5,692752.25,687023.25,686966.875,686834.375,686654.4375,686652.8125,686723.75,686672.4375,686888.25,686944.25,687093.1875,687268.6875,687149.3125,687125.6875
687035.875,686989.375,687356.875,685166.25,689932.125,689054.625,688464.9375,692040.375,681023.6875,694500.0625,691760.125,692764.6875,687031.9375,686978,686841.125,686664,686666.3125,686738,686687.5,686903,686958.6875,687106.875,687280.3125,687157.625,687134.5
687033.625,686999.4375,687368.375,685176.3125,689943.5,689069,688472.5625,692050.6875,681028,694507.5625,691769.75,692772.25,687038.0625,686979.25,686845.5625,686667.75,686669.875,686744.875,686690.6875,686905.25,686963.4375,687110.0625,687281.75,687163.625,687137.4375
687030.75,686999.25,687368.75,685176.875,689948.5,689073.6875,688470.6875,692049.875,681028.625,694504.6875,691765.75,692771.125,687032.5,686981.875,686845.125,686666.8125,686666.5625,686740,686686.3125,686899.75,686959.125,687107.8125,687281.75,687160,687131.9375
687022.5625,686999.875,687365.0625,685172.4375,689944.125,689070.375,688470.75,692047.375,681031.125,694505.5625,691765.375,692765.6875,687030.9375,686975.125,686844.0625,686664.4375,686661.9375,686736,686683.8125,686899.375,686954.5,687101.75,687272.4375,687153.25,687130.6875
687022.875,686997.875,687363.1875,685177.625,689940.9375,689069.125,688471.25,692049.75,681035.375,694506.3125,691769.375,692771.8125,687036.1875,686980.3125,686847.5,686676.125,686678.25,686748.0625,686696.25,686904.9375,686966.5625,687114.125,687287.5625,687168.25,687140.375
687038.4375,687004,687372.5,685183.625,689951.8125,689073.375,688477.75,692053.625,681043.1875,694515.3125,691775.6875,692781.625,687047.5,686995.0625,686862.625,686678.25,686679.875,686750.9375,686701.875,686912.5625,686967.875,687113.1875,687287.5625,687167.75,687140.25
687043.375,687006.375,687370.25,685182.75,689947.5,689072.375,688476,692055.375,681040,694511.375,691770,692772.25,687026.75,686972.875,686840.5625,686658.25,686659.625,686731.8125,686679.375,686895.25,686954.6875,687097.75,687276.375,687153.0625,687124.6875
687034.875,686990.875,687359.5,685172.125,689927.125,689058,688464,692039.3125,681032.8125,694500.5,691762.8125,692767.625,687023.625,686976.375,686840.9375,686660.75,686665.75,686742.375,686689.3125,686901.5625,686958.625,687107,687282.1875,687161.875,687137.375
687049.875,686996.375,687371.625,685183.1875,689940.5625,689069.375,688471.3125,692050.9375,681034.375,694508.8125,691769.0625,692774.4375,687032.8125,686984.9375,686850.9375,686668.4375,686673.0625,686742.5625,686690.5625,686908.0625,686962.125,687111.375,687290,687163.875,687141.125
687058.6875,687007,687377.4375,685188.6875,689950.5625,689078.1875,688480.3125,692058.125,681047.5,694520.6875,691781.25,692783.875,687047.4375,686996.125,686862,686688.375,686684.3125,686758.125,686704.25,686919.625,686978.875,687125,687298.1875,687178.25,687157.125
687075.25,687017.4375,687385.5,685198.25,689964.125,689084.3125,688489.125,692066.25,681055.6875,694528.6875,691786.5625,692789.3125,687050.875,686999.5,686865.25,686691.3125,686685.3125,686755.625,686706.75,686919.875,686976.75,687124.375,687298.375,687178,687153.5
687065.6875,687019.5,687386.3125,685199.75,689964.375,689090.5625,688491.875,692069.4375,681061.3125,694529.0625,691786.1875,692790.625,687052.375,687001.875,686863.875,686685.125,686680.625,686754.0625,686701.625,686919.875,686975,687126.8125,687299.625,687172.4375,687149.875
687048.25,687013,687386.125,685197.5,689962.8125,689082.625,688487.125,692065,681055.3125,694523.625,691782.8125,692784.625,687041.3125,686991.75,686853.75,686672,686678,686751.125,686697.5,686912.8125,686970.375,687117,687290.0625,687169.6875,687145.3125
687043.375,687007.5,687376.5625,685186.375,689952.5,689078.25,688482,692061.875,681052.5,694516.625,691782,692783.125,687041.5625,686992.25,686856.75,686679.5,686678.375,686752.875,686703.375,686916.125,686973.6875,687124.125,687297.5,687176.375,687153.125
687058.25,687013.8125,687384.875,685201.25,689965.5,689085.75,688488,692067.375,681060.375,694527.4375,691786.125,692790,687050.125,686998.8125,686864.375,686683.6875,686685.125,686757.25,686706,686922.5,686981.8125,687129.0625,687302.8125,687178.1875,687156.75
687063.875,687020.75,687388,685205.6875,689967.125,689089.3125,688492.375,692069.9375,681062.375,694530.6875,691788,692790.5,687053.625,687000.3125,686866.1875,686685.25,686685.625,686759.375,686706.75,686918.625,686980.875,687127.875,687302.4375,687179.5,687157.75
687059.625,687016.5,687388.625,685201.9375,689966.9375,689089.375,688491.3125,692070.9375,681067.375,694533.375,691791.125,692794.3125,687060.75,687006.5625,686874.125,686688.8125,686690.9375,686766.3125,686717.625,686929.125,686987.875,687133.625,687306.1875,687186.625,687163.4375
687075.375,687022.75,687396,685209.5,689975.375,689093.0625,688499.375,692076.9375,681070.875,694534,691794.6875,692798.125,687057.25,687002.5625,686870.375,686693.875,686695,686759.0625,686710.5,686926.125,686988,687127.75,687300.75,687177.625,687159.375
687067.5625,687021.8125,687388,685205.75,689967,689092.8125,688490.75,692068.75,681068.6875,694529.375,691786.5,692789.625,687053,686996.3125,686863.8125,686684.875,686687.25,686755.875,686706.75,686922,686978.0625,687126.3125,687296.625,687177.4375,687156.875
687071.25,687018.6875,687384.5,685204.625,689963.8125,689087.8125,688489.6875,692066.5,681066.25,694526.25,691783.75,692790.5,687055.25,687000.5,686866.8125,686688.4375,686687.5625,686760.375,686709.4375,686922.1875,686979.3125,687127.5,687299.625,687175.9375,687152.4375
687069.9375,687015.375,687382.5,685198.875,689962.875,689084.3125,688486.625,692066.1875,681068.375,694524.5,691783.8125,692787.5625,687047.75,686992.875,686861.375,686681.5,686684,686751.25,686700.0625,686916.8125,686976.5625,687117.625,687289.25,687165.5,687147.125
687065.0625,687009.375,687378.8125,685194.0625,689952.75,689077.1875,688479.9375,692057.1875,681061.8125,694518.375,691775.3125,692779,687043.375,686989.3125,686856.75,686672.75,686674.125,686742.375,686695.75,686909.0625,686966.375,687114.125,687289.9375,687160.5625,687141.5
687052.5,687008.875,687371.5625,685190,689941.875,689070.625,688474.9375,692051.375,681055.6875,694513.5,691771.3125,692774.375,687033.1875,686978.375,686849.125,686666.125,686663.0625,686736.125,686687.625,686905.625,686959.875,687102.5625,687276.375,687152.75,687133
687040,686998.1875,687363.8125,685181.125,689929.0625,689061.5,688467.75,692041.8125,681050.625,694500.375,691759.9375,692763.8125,687024.75,686973.5,686840.5,686657.4375,686661.5,686730,686682.375,686894.6875,686952.4375,687097.8125,687272.375,687151.25,687124.75
687049.875,686993.25,687359.0625,685180.75,689920.0625,689056.625,688462.8125,692040.9375,681047.625,694497.5625,691757.375,692765.0625,687027.8125,686976.8125,686841.75,686661,686660.125,686737,686685.625,686901.125,686954.9375,687100.9375,687275.0625,687151.375,687131
687050.5,686996.625,687363.25,685188.1875,689931.3125,689060.625,688469,692047.375,681056.5625,694507,691763.8125,692769.125,687037.75,686981.375,686845.125,686664.875,686671.75,686742.625,686690.75,686906.125,686961.875,687112.4375,687285.75,687163.375,687141.5
687046.75,687002.5625,687372.25,685195.75,689947.5625,689074.625,688477.875,692056.375,681065.6875,694516,691777.375,692778.0625,687043.1875,686995.5625,686863.25,686681.625,686683.375,686757.5,686708.1875,686917.125,686976.5,687125.25,687296.5,687174.3125,687152.4375
687061,687017.5625,687382.875,685208.8125,689968.5,689090.5,688491.375,692073.4375,681077.875,694528.0625,691785.0625,692793,687055.9375,687006.125,686871.3125,686690.125,686694.25,686763,686713.5,686926.875,686979.75,687129.6875,687306.5,687178.75,687160.5
687068.0625,687024.375,687385.9375,685213.0625,689975.25,689092.625,688491.5,692068.4375,681081.3125,694528.0625,691785.125,692791.8125,687055.9375,686998.875,686871.9375,686690.125,686690.9375,686762,686710.0625,686927.25,686981.1875,687129.0625,687302.5,687177.875,687157.5
687070.375,687018.0625,687386.5,685209.0625,689974.125,689089.375,688486.625,692069.25,681078.5,694523.4375,691785.25,692788.375,687044.6875,686996.875,686864.75,686679.875,686679.6875,686754.875,686703.875,686919.3125,686975.375,687118.8125,687296.1875,687169.5,687151.625
687061.375,687011.25,687382.125,685205.875,689966.3125,689086.75,688484.9375,692062.75,681074.3125,694523.5,691778.875,692785.625,687046.5625,686993.375,686861.1875,686679.0625,686677.875,686747.625,686700.6875,686913.5,686971.125,687115.5,687290.5,687166.1875,687146.75
687064.9375,687007.25,687379.4375,685201.5625,689961.375,689080.9375,688479.6875,692060.5,681071.5,694518.5,691774.625,692779.5,687037.625,686984.125,686848.375,686665.875,686669.75,686739.4375,686690.9375,686901.1875,686957.25,687106.125,687278.4375,687153.5,687132.375
687042.625,686994.25,687366.75,685191.1875,689942.375,689065.125,688468.5,692042.5625,681059.6875,694508.125,691766.1875,692771.8125,687032.625,686981.8125,686846.5625,686664.3125,686664.9375,686736.5,686688.4375,686904.375,686960.9375,687104.9375,687281.75,687154.9375,687135
687060.5,686999.6875,687366.9375,685192.25,689944.3125,689070.6875,688473.0625,692048.375,681060.25,694508.4375,691766.375,692771.125,687036.8125,686985.3125,686848.1875,686668.125,686671.1875,686739,686689.75,686902.5625,686958.8125,687106.3125,687277.5,687152.8125,687133.625
687044.6875,686995.625,687366.625,685191.5,689942.5,689065.75,688466.125,692047.25,681058.6875,694505.625,691762.25,692767.5,687030.625,686973.6875,686839,686661.3125,686664.6875,686733.125,686682.75,686899.625,686958.5,687103.25,687275.875,687152.5,687131.8125
687055.25,686996.1875,687364.25,685188.125,689942.25,689067.1875,688469.5,692049.5,681061.5,694508,691766.625,692771.25,687038,686981.625,686851.8125,686669.5,686669.4375,686736.8125,686691.3125,686904.625,686961.3125,687107.625,687282.25,687158.0625,687139.375
687069.625,687005.125,687369.375,685199.6875,689954.9375,689076.1875,688476.125,692056.125,681072.625,694513.125,691770.9375,692777.8125,687042.375,686991.3125,686854.875,686674.875,686676.5,686749.75,686699.125,686910.0625,686971.9375,687117.5,687287.75,687163.4375,687145.5
687073.75,687006.75,687375.5625,685205.3125,689964.0625,689083.0625,688478.25,692060.0625,681074.375,694519.625,691776.25,692783.25,687041.8125,686993,686855.9375,686679.25,686680,686749.25,686700.25,686908.4375,686965.0625,687113.0625,687286.75,687159.9375,687140.0625
687070.5,687003.25,687372.25,685202.8125,689960.75,689077.25,688476.8125,692055.875,681070.9375,694515.25,691771.1875,692777.8125,687035.0625,686983.375,686847.5,686665.625,686666.5625,686739,686689.25,686902,686960.9375,687106.3125,687279.3125,687151.8125,687132.75
687059,686997,687361.8125,685191,689949.875,689065.3125,688469.5,692046.125,681070.25,694504.875,691766.5,692770.3125,687029.4375,686978.0625,686838.4375,686662.375,686663.8125,686736.5,686686.8125,686901.625,686956.25,687103.75,687275.875,687151.25,687133.25
687058.25,686995.125,687362.5,685193.0625,689946.1875,689065.875,688470.25,692047.75,681067.5,694505.375,691767.625,692768.375,687036.5625,686980.625,686847.8125,686669.375,686669.75,686738.4375,686687.5625,686901.1875,686960.3125,687106.375,687281.1875,687152,687137.625
687057.625,686997.25,687367.625,685198.1875,689954.6875,689072.4375,688471.3125,692048.4375,681068.625,694508.375,691769.9375,692774.125,687038.375,686980.125,686846.625,686668.0625,686668.25,686745.625,686693.1875,686908,686964.6875,687115,687285.6875,687160.5625,687143.5
687073.0625,687007.375,687375.375,685203.375,689965.25,689080.25,688480.5,692059.125,681076.375,694517.5,691775.5,692780,687045.125,686990.25,686859.4375,686680.3125,686681.5625,686752.625,686702.1875,686922.4375,686973,687121.5,687296.125,687168.0625,687152.375
687082.375,687012.1875,687380.125,685207.5625,689978,689085.0625,688485.5625,692067.75,681089.0625,694524.3125,691784.125,692790.5,687054.375,687001,686866,686688,686685.6875,686764.0625,686708.25,686923.625,686980.6875,687129,687300.125,687172.25,687159.9375
687096.875,687023,687392.75,685221.125,689987.375,689099.75,688496.9375,692074.375,681098.4375,694537.75,691791.5625,692796.125,687065.25,687008.125,686874.9375,686698.4375,686696.875,686770.125,686718.8125,686929.875,686990.375,687136.3125,687312.75,687184.25,687165.3125
687084,687031.1875,687399.625,685230.125,690002.125,689108.625,688504.3125,692085.9375,681110.125,694544.625,691804.25,692807.8125,687070.875,687020.3125,686888.6875,686706.5625,686708.5,686779.5,686729.75,686943.25,686998.375,687148.375,687325.9375,687196.1875,687180.3125
687094.875,687043.75,687410.9375,685243.25,690015.5625,689125.125,688518,692100.9375,681121.3125,694558.75,691814.4375,692820.9375,687084.5,687029.75,686897.1875,686714.875,686720.875,686787.25,686735.5,686951.9375,687009.9375,687157.5,687331.625,687204.3125,687186.3125
687114.6875,687052.1875,687421.75,685247.5625,690026.1875,689132.125,688524.875,692109,681127.25,694564.125,691821,692824.625,687084.625,687036.75,686897.125,686718.75,686722.5,686794.875,686743.375,686957.25,687015.625,687162.75,687335.375,687207.5,687192.75
687128.25,687057.25,687424,685253.875,690031.625,689136.875,688528.0625,692114,681134.4375,694568.125,691827.5,692831.25,687094.125,687040.0625,686905,686726.625,686726.8125,686800.9375,686747.4375,686964.3125,687021.875,687166.5625,687343.6875,687213.625,687197.8125
687139.75,687063.4375,687430.625,685261.75,690038.25,689141.625,688534.0625,692114.125,681140.25,694573.75,691827.375,692840.25,687101.125,687045.75,686909.4375,686737.125,686734.375,686812.5625,686756.9375,686972.4375,687026.375,687174.3125,687350.3125,687220.5625,687203.375
687137.75,687066.5625,687435.0625,685269.625,690046.5,689152.375,688544.6875,692125.5,681147.625,694581.5,691838.25,692845.5625,687108.875,687056.375,686921.3125,686739.0625,686744.375,686820.25,686766.25,686976.75,687039,687184.25,687359.125,687229.25,687215.5625
687153.1875,687079.125,687447.5625,685279.75,690058.375,689164.875,688556.125,692134.3125,681162.625,694596.5,691854.75,692860,687130.9375,687073.5,686938.125,686765.25,686762.8125,686836.9375,686782.8125,686999.5,687058.125,687207.375,687378.625,687250.5625,687235.75
687171.25,687097.8125,687467.5625,685300.5,690083.6875,689188.8125,688578.5,692161.125,681184.25,694617.8125,691875.3125,692881.125,687154.6875,687101.125,686970.875,686788.125,686792.375,686866.3125,686811.875,687023.625,687082.5625,687229.125,687399.3125,687270.25,687254.875
687175.625,687114.5,687481.5625,685314.625,690094.3125,689204.625,688588.1875,692171.9375,681196.75,694627.125,691887.125,692895.0625,687166.25,687112.75,686983.125,686796.5,686797.625,686872.4375,686823.0625,687034.875,687097.875,687239.9375,687414,687284.4375,687272.5
687194.125,687132.875,687499.6875,685334.9375,690114.625,689224.625,688609.25,692189.4375,681211.625,694647.5,691902.375,692909.3125,687174.625,687119.9375,686988.75,686808.875,686806,686880.125,686828.5,687043.5,687100.875,687248.8125,687424.625,687291.3125,687278.6875
687189.6875,687139.5,687510,685344.4375,690123.8125,689230.0625,688615.125,692197.375,681220.25,694654.6875,691911.625,692916.25,687183.6875,687130.25,686994.375,686813.375,686816.8125,686887.5,686836.5625,687051.125,687110.6875,687255.0625,687430.6875,687301.375,687287.4375
687215.375,687150.3125,687518.0625,685351.125,690132.375,689238.8125,688623.0625,692201,681230.875,694665.625,691923.5,692927.4375,687191,687141.75,687009.4375,686826.75,686825.6875,686900.375,686847.5,687060.0625,687120.3125,687266.875,687439.625,687311.75,687295.875
687220,687162.125,687529.75,685364.0625,690146.75,689247.5625,688635.625,692211.875,681239.5,694676.1875,691929.0625,692938.375,687207.125,687155.625,687018.5,686839.0625,686839.125,686917,686865.875,687078.4375,687134.375,687285.375,687454.4375,687326.8125,687314.9375
687256.8125,687177.875,687544.875,685387,690167.5625,689273.5,688658.75,692236.5,681267.125,694701.9375,691957.875,692964.5,687236.875,687186,687051.1875,686870,686873.6875,686947.8125,686894.5,687110,687169.875,687315.0625,687488.8125,687359.0625,687346.125
687271.125,687208.4375,687575.5625,685414.9375,690192.8125,689300.5,688683.0625,692263.1875,681294.3125,694726.25,691983.8125,692988.6875,687255.625,687203.0625,687071.75,686893.5,686894.75,686965.5,686912.25,687126.5,687187.1875,687332.75,687507.4375,687378,687364.75
687279.4375,687227.125,687595.9375,685427.75,690201.375,689319.3125,688702.1875,692281.125,681311.75,694742.625,691999.25,693007.5,687269.75,687216.5,687085.6875,686904.6875,686903.25,686977.625,686925.5625,687147.125,687205.9375,687350.375,687526.8125,687396.125,687381.875
687289,687242.75,687610.6875,685450.25,690220.875,689338.5,688717.625,692300,681327.625,694761.25,692017.25,693025.375,687290,687240.75,687106.8125,686924.875,686927.25,687000,686946.625,687162.25,687220.5625,687365.125,687541.625,687407.4375,687396.375
687308.8125,687258.875,687621.375,685459.0625,690235.75,689349.6875,688731.5625,692309.6875,681341.9375,694772.1875,692030.9375,693036.875,687298.8125,687244.375,687110.0625,686929.3125,686932.625,687003.6875,686952.5,687167.625,687225.3125,687372.875,687546.75,687414.375,687400.9375
687313.75,687266.625,687630.25,685472.25,690243.5,689355.125,688739.25,692311.375,681347.8125,694777.5,692033.375,693041.9375,687294.4375,687249.4375,687114.375,686935.75,686938.625,687007.1875,686954.875,687170.5,687225.9375,687372.75,687546.9375,687419.25,687401.875
687301.8125,687267.125,687633.25,685471.875,690246.5,689358.25,688739,692311.75,681351.5625,694779.125,692036,693041.125,687305.5625,687246.5625,687120.125,686937.5625,686946,687017.1875,686964.625,687183.1875,687240.625,687385.9375,687559.5,687429.625,687416.625
687342.5625,687281.1875,687643.75,685488.0625,690259.9375,689369.625,688755.625,692327.25,681365.875,694792.75,692052.25,693058.75,687319.875,687266.8125,687135.9375,686954.3125,686955.0625,687032.125,686978.375,687194.9375,687254,687399.375,687571.875,687439.0625,687429.375
687343.75,687291.1875,687657.75,685497.875,690271.125,689383.125,688766.125,692337.375,681377.4375,694805.9375,692064.6875,693072,687332.1875,687281.25,687148.25,686963.8125,686966.1875,687044,686985.375,687203.125,687258.25,687409.375,687580.5625,687447.5,687440.125
687344.5,687299.75,687666.875,685506.5625,690283.0625,689388.875,688773.8125,692340.9375,681384,694809.6875,692068.625,693077,687335.5625,687286.5625,687152,686971.5625,686970.9375,687045.625,686991.125,687207.8125,687263.625,687409.9375,687588.1875,687454.3125,687446.625
687356.5,687307.75,687674.125,685515.6875,690290.5,689398.1875,688782.5625,692349.375,681395.375,694818.125,692076.5,693083,687339.5,687292.75,687160.25,686974.3125,686976.25,687050.75,686998.0625,687213.1875,687271.875,687419.9375,687593.8125,687457.375,687447.8125
687371.875,687309.3125,687674.625,685516.5625,690290.9375,689394.125,688781.75,692346.5625,681395.6875,694818.0625,692077.8125,693082.5625,687337.5,687290.3125,687153.1875,686971.875,686970.3125,687044.6875,686992.625,687205.0625,687265.875,687408.625,687587.1875,687449.0625,687438.1875
687357.375,687302.5625,687671.875,685506.125,690279.875,689386.625,688773.375,692339.0625,681388.0625,694811.625,692072,693078.625,687329.4375,687285,687147.875,686969,686969.3125,687043.25,686991.875,687206.125,687265.25,687409.6875,687587.25,687450.25,687443.5
687370.9375,687305.375,687668,685509.4375,690278.625,689387.1875,688779.75,692340.875,681394.9375,694815.6875,692075.0625,693077.25,687333.875,687285.25,687153.0625,686970.375,686968.625,687044.25,686992.75,687204,687262.5,687408.375,687578.6875,687448.375,687435.5625
687351.375,687298.75,687665.25,685507.1875,690271.125,689379.75,688771.625,692332.625,681388.5,694806.75,692066.125,693070.3125,687327.625,687278.125,687143.5,686963,686963.5,687039.875,686985,687199.75,687256.625,687402,687580.5,687448.875,687436.9375
687352.4375,687300.0625,687665.6875,685505.5,690270,689378.875,688772.875,692335.5625,681392.125,694814.125,692073,693079.75,687341,687290.5,687157.75,686974,686976.5,687053.125,687000.3125,687215.0625,687273.1875,687420.75,687598.5,687462.5,687453.8125
687374.625,687311.75,687683.0625,685523.25,690293.8125,689399.3125,688793.375,692357.5625,681412.75,694834.6875,692093.75,693099.0625,687366.8125,687315.3125,687180.25,687002.1875,687002.875,687079.9375,687027.625,687241.5,687300.3125,687446.1875,687621.875,687488.4375,687482
687410.5625,687344.375,687709.6875,685548.875,690324.25,689428.875,688821.75,692383.375,681444.125,694856.5625,692119.75,693129.3125,687394.3125,687346.3125,687212.75,687029.6875,687031.375,687105.875,687049.75,687269.875,687324.4375,687468.4375,687648.1875,687511.9375,687505.125
687434.75,687365.0625,687729.0625,685568.375,690347.125,689454.5,688840.625,692404.3125,681461.8125,694879.625,692137.875,693141.5625,687403.4375,687355,687221.125,687038.375,687038.375,687117.5,687063,687279.75,687339,687480.6875,687659.0625,687520.3125,687514.0625
687440.0625,687380.6875,687742.1875,685582.875,690357.5,689469,688854.25,692416.875,681474.625,694891.375,692150.875,693154.75,687416.625,687366.3125,687229.75,687049.375,687051.1875,687127,687073.1875,687287,687344.3125,687491.25,687669.5,687536.9375,687526.9375
687455.0625,687387.25,687755,685594.875,690371.375,689480.75,688862.5,692427.625,681485.0625,694902.875,692161.25,693166.1875,687424.5,687376.5625,687242.375,687057.75,687064.875,687137.875,687084.5,687299.5,687358.75,687503.8125,687676.375,687542,687534.4375
687481.25,687398.625,687766.125,685606.3125,690383.1875,689491.125,688874.3125,692435.5625,681491.5,694911.9375,692171.5625,693179.4375,687435.9375,687387,687250.875,687069.375,687069.0625,687150.25,687094.75,687309.125,687364.125,687511.125,687689.4375,687554.125,687543
687489.9375,687407,687770.625,685612.75,690389.9375,689493.6875,688877.4375,692440,681499.4375,694919.6875,692176,693184.375,687444.4375,687392.375,687257.75,687079.0625,687077.4375,687155.375,687102.375,687315.5,687373,687516.8125,687696.375,687558.625,687553.0625
687499,687415.75,687784.4375,685625.3125,690405.125,689509.0625,688892.5,692452.5625,681513.5,694931.8125,692191.875,693198.375,687458.0625,687409.3125,687275.5,687094.25,687099.375,687172.8125,687122.1875,687336.9375,687395.5,687540.25,687717.8125,687581.625,687575.9375
687522.875,687436.5625,687802.875,685647.5625,690428.125,689534.625,688913.375,692474.9375,681538.625,694952.5625,692217.4375,693221.3125,687485.75,687436.5,687295.875,687121.5625,687118.0625,687191.125,687142.375,687354.75,687412.5,687559.25,687736.125,687599.875,687592.25
687540.25,687453.6875,687816.375,685660.3125,690444.9375,689549.25,688930.125,692491.5625,681552.5625,694968,692230.0625,693236.875,687495.25,687445,687308.0625,687129.375,687128.8125,687210.5,687152.875,687367,687426.875,687570.6875,687744.9375,687605,687600.0625
687526.3125,687465.0625,687829.9375,685674.3125,690452.75,689557.75,688939.0625,692499.3125,681565,694977.625,692237.875,693242.5625,687498,687451.9375,687315.0625,687137.1875,687135.3125,687209,687159,687374.875,687432.4375,687580.5625,687751.5625,687615.125,687609.4375
687545.5625,687477.5625,687840.75,685684.5,690463.5,689564.875,688944.0625,692504,681571.625,694981.8125,692242.4375,693250.75,687504.875,687456.5,687323,687144.3125,687145.25,687217.25,687167.8125,687382.75,687440.3125,687585.875,687766.5,687625.375,687622.125
687554.625,687482.5625,687846.875,685692.75,690476.9375,689579.375,688962,692519.9375,681587,694996.3125,692257.625,693262.8125,687513.625,687466.125,687333.1875,687150.75,687150.25,687225.375,687174.4375,687391.375,687451.125,687592.8125,687770.3125,687633.1875,687627.875
687571.8125,687493.25,687856.1875,685696.5625,690483.0625,689583,688961.9375,692523.1875,681592,695000.5625,692265.3125,693271.9375,687531.5,687478.125,687348,687167.25,687168.4375,687244.625,687189.9375,687403.875,687463.6875,687607.5625,687780.125,687642.875,687640.0625
687570.25,687501.5,687866.3125,685712,690492.875,689593.125,688971.9375,692532.125,681601.625,695011,692272.1875,693279.6875,687541.375,687491.8125,687360.75,687179.875,687180.75,687256.625,687204.125,687418.8125,687473.875,687622.25,687798.4375,687659.125,687656
687581.125,687519.125,687884.5,685723.25,690509.25,689609.125,688988.625,692545.3125,681616.875,695025.75,692289.0625,693294,687554.4375,687511.125,687372.75,687194.125,687193.625,687266.375,687214.0625,687427.625,687487.4375,687631.75,687808.375,687669.75,687665.5
687589.0625,687528.875,687887.875,685736.3125,690516.875,689615.875,688997.25,692553.4375,681623.375,695032.125,692298.4375,693302.125,687557.1875,687509.375,687370.9375,687199.4375,687193.875,687268.1875,687215.125,687428.4375,687487.25,687631.9375,687810.375,687674.6875,687665.75
687597.875,687529.375,687892.125,685739.125,690520.6875,689618.8125,689002.25,692559.25,681634.0625,695038.875,692301.5625,693310.6875,687571.1875,687524.375,687389.3125,687207.875,687210.9375,687284.6875,687233.0625,687446.625,687507.5,687650.3125,687824.75,687689.9375,687687.8125
687602.75,687547.5,687913.125,685758.375,690542.1875,689640,689019.6875,692576.25,681655.0625,695060.625,692322.875,693333.125,687592.125,687545,687409,687228,687229.5,687301,687251.5625,687465.0625,687518.8125,687666.75,687839.875,687703.25,687700.125
687626.25,687562,687927.25,685768.75,690553.0625,689655.625,689034.5,692593.1875,681665.625,695072.1875,692334.0625,693343.25,687599.4375,687550.6875,687410.375,687235.5625,687230.375,687304.9375,687256.125,687468.75,687525.875,687675.5,687850,687708.75,687704.875
687621.375,687570.5625,687934.0625,685774.25,690558.625,689662.625,689039.125,692592.8125,681670,695076,692340.125,693345.6875,687603.25,687544.0625,687412.1875,687238.375,687232,687306.625,687256.625,687469.75,687526.25,687672.8125,687845.5,687705.75,687702.125
687618.5,687565.25,687933.75,685773,690553.6875,689650.5625,689034.4375,692585.625,681669.25,695072.625,692333.375,693338.875,687593,687545,687414.9375,687232.75,687232.8125,687305.75,687252.625,687470.6875,687527.5625,687676.8125,687846.9375,687704.3125,687703.625
687625.375,687566.8125,687934.9375,685781.125,690555.6875,689656.5625,689044.375,692594.125,681673.625,695077.4375,692342.4375,693345.25,687597.8125,687553.125,687419.625,687240.375,687238.125,687314.4375,687257.5625,687476.1875,687529.625,687679.75,687852.125,687711.1875,687707.4375
687629.5,687569.75,687938.1875,685784,690558.875,689656.625,689043.625,692591,681677.375,695083.75,692347.375,693350.125,687606.8125,687554.5,687419.75,687240.75,687239.375,687314,687262.5625,687475.3125,687532.5625,687681.3125,687852.5625,687712.5,687708.5
687635.3125,687571.9375,687938.8125,685784.6875,690556.25,689657.875,689043.25,692591.5,681676.625,695079,692340.25,693345.375,687599.5,687551.9375,687413.125,687237.4375,687233.625,687306.625,687257,687470.5625,687527.8125,687673.25,687850.0625,687708.0625,687704.625
687646.5,687568.375,687930.375,685775.75,690545.5,689650.5,689037.375,692585.5625,681673.125,695075.625,692335.75,693342.1875,687598.5,687549.75,687417.625,687240.625,687238.25,687310.0625,687259.25,687472.8125,687529.375,687676.25,687854,687712.1875,687711.125
687642.25,687570.9375,687936.1875,685783.875,690555.125,689656.25,689048.5,692592,681684.625,695083.4375,692340.9375,693350.625,687607.5,687560.125,687425.0625,687243,687245.125,687320.125,687266.3125,687479.5,687538.375,687684.75,687857.8125,687714.6875,687715.25
687640.875,687576.75,687940.25,685791.5625,690562.75,689658.375,689050.6875,692597.75,681687,695084.875,692351.75,693356.25,687613.5,687560.875,687424.875,687246.125,687246.8125,687324.6875,687272.125,687486.5,687542.5625,687689.125,687864.375,687723.125,687720.875
687640.75,687585.25,687949.25,685797,690570.5625,689669.3125,689060.3125,692603.875,681699,695096.9375,692359.375,693366.1875,687629.75,687582.4375,687445.125,687265.25,687270.0625,687344.75,687289.125,687503.6875,687558.375,687709.6875,687884.5,687741.5,687740.3125
687687.375,687607.875,687970.5,685819.75,690592.75,689693.5,689078,692622.5,681715.375,695111.875,692375.9375,693381.875,687638.6875,687592.125,687456.3125,687279.0625,687279.3125,687354.75,687299.4375,687514.5,687573.125,687719.0625,687894.25,687750.3125,687748.125
687679.9375,687609.9375,687973.875,685823.4375,690602.375,689697.25,689085.875,692631.125,681725,695119.375,692381.9375,693386.125,687644.5,687600,687459.5,687283.6875,687280.625,687358.75,687304,687520.125,687577.125,687726.9375,687902.5,687760.5,687760.0625
687692.125,687620.3125,687984.375,685829.875,690614.9375,689709.4375,689094.625,692644,681735.75,695130,692392.25,693399.0625,687660.9375,687613.625,687476,687299.6875,687299.5,687379.5,687321.5,687534.625,687592.875,687739.125,687917.75,687773.875,687773.1875
687712.125,687637.8125,688002.25,685851.25,690639.4375,689733.1875,689114.9375,692659.9375,681755.0625,695149.9375,692411.9375,693422.25,687679.5,687637,687500.3125,687323.5,687316.9375,687394.0625,687342.75,687558,687616.1875,687762.5,687937.375,687794.875,687796.1875
687725.75,687659.875,688024.625,685874.25,690656.5,689754.625,689135.125,692683,681776.75,695173,692434.25,693442.625,687706,687662,687526,687348.1875,687347.375,687424.4375,687374.75,687587.1875,687646,687792.125,687968.0625,687826.75,687825.625
687769.3125,687685.375,688051,685899.4375,690685.625,689787.25,689165.375,692715.9375,681802,695200.5625,692462.375,693473.0625,687717,687678.625,687549.5,687368.8125,687368.0625,687446,687392.875,687605.875,687661.3125,687809.25,687988.0625,687844.6875,687844.5
687782.5625,687706,688068,685921,690698.375,689806.5,689182,692734.125,681820.6875,695214.4375,692478.0625,693487.25,687741.5625,687695.3125,687560.0625,687376.75,687377.5625,687454.0625,687403.625,687616.75,687674.625,687820.375,687996.1875,687855.625,687856.1875
687799.6875,687719.375,688087.75,685933.4375,690716.3125,689823.75,689198.125,692751.8125,681841.75,695240.6875,692502.4375,693509.9375,687770.375,687718.375,687580.5,687398.375,687396.625,687475.5,687421.5,687636.375,687692.375,687839,688011.3125,687869.25,687871
687814,687735.5625,688101.3125,685950.0625,690729.5,689837.875,689211.75,692761.75,681852.375,695245.625,692512.875,693520.0625,687775.75,687729.9375,687596.5,687422.75,687417.1875,687492,687443.5,687649.9375,687706.9375,687856,688032,687890.0625,687890.875
687833.875,687750.5625,688116.875,685963.5,690745.25,689853.75,689228.6875,692774,681866.5,695266.25,692526.25,693535,687787.625,687745.9375,687611.875,687430.3125,687429.375,687505.75,687456.375,687671.25,687729.3125,687876.8125,688046.875,687905.9375,687907.5625
687849.625,687768.375,688135.875,685986,690765.0625,689870.625,689245.0625,692788.125,681884.375,695279.875,692543.25,693552.25,687807.8125,687764.875,687629.5,687453.625,687451.5,687523.75,687471.875,687688.25,687746.125,687892.75,688067,687920.6875,687922.625
687855.25,687785.75,688150.0625,686001.25,690777.5625,689885.125,689261.625,692801.5,681899,695295,692554.4375,693566.375,687827.875,687778.75,687646,687465.9375,687464.6875,687540.625,687486.8125,687702.5625,687758.8125,687903.25,688078,687934.9375,687938.8125
687863.75,687799.875,688163.25,686012.625,690791.3125,689900.75,689270.75,692810.75,681910.375,695304.375,692565.75,693574.6875,687834.3125,687785.125,687652.4375,687470.625,687467.875,687546.375,687490.5,687705.5,687763.5,687908.25,688084.75,687941.375,687942.25
687873.75,687804.3125,688170.9375,686022.25,690808.875,689911.125,689285.875,692823.5,681926.625,695318.375,692580.75,693589.875,687841.25,687797.875,687662.4375,687474.4375,687470.25,687545.0625,687494.75,687707.8125,687766.75,687913,688086.5625,687939.5,687945.3125
687878.125,687803.8125,688174.6875,686021.5,690805.25,689904.75,689283.875,692820.5625,681928.4375,695317.5625,692583.875,693593.875,687851.75,687808,687673.0625,687492.875,687491.5,687566,687516.3125,687732.5,687793.8125,687939,688115.6875,687970.3125,687972.125
687912,687833.5,688197.75,686051.375,690835.25,689930.125,689309.6875,692848.6875,681952.375,695345.0625,692610.0625,693622.125,687875.625,687829.9375,687697.8125,687519.9375,687517.5625,687590.9375,687540,687754.6875,687809.9375,687960.5,688133.4375,687987.4375,687990.375
687938,687855.375,688218.75,686071.25,690849.875,689952.8125,689328.4375,692865.25,681974.375,695361,692626.9375,693638.875,687893.125,687850.9375,687714.625,687536.5,687537.375,687614.4375,687557.625,687773.375,687830.625,687980.9375,688154.0625,688010.375,688013.1875
687960,687877.8125,688240.5,686093.375,690871.875,689978.6875,689353.1875,692887.5,681999,695389,692653.4375,693661.25,687922,687879,687739.75,687560.375,687556.375,687635.375,687584.5,687801.25,687855.9375,688006.625,688181.8125,688035.0625,688037
687984.375,687901.75,688261.5,686112.8125,690891.875,690006.9375,689378.125,692914.625,682022.8125,695412.375,692679.5,693689.875,687945.0625,687903.1875,687770.625,687588.6875,687589.875,687668.4375,687613.6875,687826.875,687887.25,688035.5,688208.75,688061.5,688065.75
688004.5,687929.0625,688292.125,686144.3125,690910.6875,690037.5625,689408.0625,692947.5625,682051.9375,695441.875,692705.75,693719.625,687971.375,687927.25,687795.0625,687612.5,687610.25,687689.6875,687637.8125,687849.125,687909.875,688059.375,688231.3125,688088.6875,688090.5
688036.875,687954.625,688316.875,686169,690929.25,690062.4375,689428.4375,692966.625,682069.375,695466.8125,692727.125,693738.6875,687998.4375,687951.125,687821.375,687639.875,687637.8125,687716.125,687660.3125,687875.625,687933.25,688078.375,688251.3125,688106.625,688112.8125
688059,687974.375,688340.25,686190.6875,690953,690084.375,689455.125,692990.5,682098.0625,695491.1875,692755.375,693766.25,688018.1875,687977.1875,687844.6875,687662.8125,687660.0625,687736.8125,687683.1875,687896.5625,687958.125,688100.25,688276.875,688130.75,688134.75
688083,687998.75,688361.8125,686212.75,690974,690104.625,689473.625,693010,682116.5,695508.125,692770.9375,693785,688037.1875,687993.625,687860.6875,687682.375,687677.4375,687756.9375,687704,687918.875,687975.125,688119.125,688294.0625,688147.875,688155.25
688091.1875,688018.25,688379.4375,686234,690996.8125,690122.875,689493.75,693028.625,682135.3125,695524.875,692793.0625,693801.875,688048.25,688006.5,687870,687689.25,687688.8125,687764.9375,687713.25,687928.1875,687988.625,688133.5,688307.1875,688161.5625,688165.875
688109.75,688029.375,688393.4375,686248.125,691013.4375,690138,689509.375,693039.5,682152.5,695542.5,692806.875,693815.5625,688055.375,688018,687887.125,687709.25,687702.8125,687786.9375,687728.1875,687943.8125,688000.5625,688146.625,688324,688177.8125,688182.875
688121.5,688044.75,688407.75,686264.375,691032.4375,690150.3125,689522.5,693047.25,682164.6875,695556.8125,692820.5,693828.125,688089.6875,688043.0625,687901.75,687728.1875,687730.625,687808.5,687755.5,687968,688025.75,688176.625,688347.25,688197.875,688205.0625
688168.0625,688067.875,688433.6875,686288.875,691062.375,690170.125,689544.75,693070.625,682189.6875,695578.0625,692842.25,693853.4375,688112.75,688065.125,687928,687750.375,687750.875,687825,687772.4375,687984.5,688044.0625,688193.25,688364.875,688216.25,688221.3125
688153.8125,688083.625,688448.875,686302.5625,691076.75,690190.9375,689558.4375,693083.8125,682201.9375,695590,692855.875,693868.0625,688117.8125,688075.375,687940.0625,687760.375,687760.125,687834.4375,687783.8125,687998.1875,688054.3125,688199.75,688377,688225.125,688231.125
688177.375,688093.875,688456.875,686310.5,691090.625,690192.375,689565.3125,693088.25,682209.6875,695598.5,692864.9375,693874.4375,688122.5625,688078.25,687945.875,687766.8125,687762.1875,687834.6875,687784.4375,687997.875,688058,688207.625,688377.1875,688231.625,688235.3125
688179.0625,688096.3125,688463.25,686322.5625,691100.0625,690201.9375,689573.125,693091.8125,682217.875,695604.6875,692872.5625,693882.1875,688130.9375,688085.3125,687950.25,687771,687771.75,687847.5,687793.4375,688007.25,688066.375,688213,688384.75,688239.125,688245.875
688163.875,688108.75,688474.25,686328.0625,691112.25,690204.4375,689583.75,693102.1875,682230,695617.375,692885.6875,693896.5625,688150,688104.5,687970.0625,687788.0625,687787.4375,687863,687812,688024.75,688082.8125,688231.9375,688403.8125,688254.4375,688260.75
688205.375,688122,688488.5,686346.375,691130.75,690221,689597.75,693115.5625,682242.25,695631.9375,692898.4375,693908.375,688158.0625,688114.6875,687977.8125,687796.9375,687791.8125,687871.5,687816.8125,688033.875,688093.8125,688238,688410.75,688259.875,688267.5625
688216.5,688132.5,688490.125,686347.125,691136.5,690228.0625,689605.25,693118.25,682251.5625,695634.0625,692905.0625,693913.875,688163.875,688121.625,687985.125,687803.8125,687802.25,687877.5625,687823.625,688037.375,688099.75,688245.875,688419.875,688268.25,688272.625
688214.75,688132.375,688497.4375,686353,691143.25,690227.75,689607.25,693119,682254.3125,695637.375,692908.75,693913.5,688159.4375,688117.25,687979.25,687804,687799.4375,687878.0625,687822.5,688041.125,688097.875,688246.75,688421.875,688270.0625,688279.25
688227.75,688139,688503.625,686361.9375,691148.5,690234.9375,689615.625,693129.125,682264.0625,695647.625,692921.1875,693928.6875,688173.625,688126.75,687993.5,687815.3125,687813.375,687888.6875,687836.625,688051.3125,688109.375,688257.875,688430.9375,688285.75,688290.625
688240.0625,688156,688517.8125,686372,691163.8125,690253.4375,689627.8125,693143.875,682279.3125,695661.375,692933,693938,688192.1875,688147.875,688008.1875,687829.9375,687828.625,687903.25,687847.125,688061.1875,688119.0625,688268.8125,688440.5625,688291.5,688299.75
688237.4375,688158.1875,688524.625,686377.5625,691165.6875,690253.75,689633.625,693141.5625,682286.5625,695660.5,692930.9375,693937.25,688184.4375,688139.4375,688008.5,687829.875,687828.125,687902.125,687848.1875,688062.5625,688120.75,688270.9375,688442.1875,688287.875,688293.625
688232.75,688160.375,688521.1875,686378.4375,691163.375,690253.875,689632.5,693140.75,682282,695660.875,692931.5625,693939,688187.1875,688144.0625,688007.375,687828.125,687826.875,687899.5,687846.625,688064.25,688119.0625,688268.0625,688443.25,688289.625,688299.6875
688226.5,688162.375,688525,686378.1875,691163.625,690255.75,689632.8125,693143.6875,682289.375,695663.4375,692932.1875,693941.125,688190.5625,688148.25,688010.875,687831.25,687829.5,687906.5,687851.8125,688062.5,688124.6875,688270.6875,688444.625,688290.875,688303.75
688224.4375,688164.625,688528.875,686387.875,691174.6875,690261.125,689647.375,693152.375,682303,695678.6875,692949.0625,693953.75,688198.625,688156.8125,688021.8125,687840.375,687840.625,687913.625,687860.6875,688073.8125,688131.125,688283.625,688457.8125,688303.25,688310.375
688244.5,688172.5625,688537.4375,686396.125,691178.1875,690266.375,689648.5,693152.8125,682303,695679.3125,692946,693957.5,688209.9375,688166,688029.6875,687850.3125,687855.6875,687926.625,687875.3125,688088.5,688145.375,688295.125,688467.125,688317.75,688328.75
688259.4375,688188.625,688555.5,686407.5625,691198.375,690282.375,689668.375,693171.5,682319.75,695696.25,692965,693973.125,688223,688179.6875,688044.625,687863.1875,687861.8125,687938.6875,687889.25,688103.5,688162.5625,688309.4375,688482.875,688328.8125,688341.375
688284.0625,688205.875,688570.75,686426.3125,691216.625,690306.125,689682.25,693187.5625,682334.375,695707.8125,692983.4375,693990.5625,688239.875,688194.875,688060.6875,687883.0625,687877.8125,687954.6875,687903.125,688119,688177.5625,688325,688498.0625,688346.125,688354.6875
688287.5625,688212.75,688582.125,686437.5625,691228.375,690313.4375,689693.0625,693198.625,682349.4375,695720.6875,692989.875,693999.125,688246.5,688204.125,688068.875,687886,687889.25,687958.75,687908.8125,688122,688181.125,688331.875,688503.625,688349.4375,688360
688288.875,688221.375,688588,686441.5,691233.4375,690316.25,689696.125,693203.4375,682354.5,695726.375,692994.75,694006.1875,688249.5,688206.875,688070.375,687894.3125,687893.1875,687967.5,687913.75,688130.6875,688186.75,688339.4375,688510.5625,688354.125,688366.375
688289.9375,688221.625,688588.25,686441.25,691236.1875,690319.75,689696.5625,693202.625,682357.125,695728.5,692994.375,694007.375,688255.5625,688210.75,688068.75,687890.125,687892.375,687967.375,687913.625,688126.375,688181.625,688336.375,688508.125,688355.625,688365.3125
688296.625,688224.4375,688593.875,686449.5,691241.8125,690326.5,689705.875,693209.6875,682365.0625,695732.125,693009,694016.8125,688263.6875,688221.1875,688088.1875,687908,687905.9375,687983.375,687929.3125,688142.1875,688199.875,688349.4375,688516,688362.875,688373.375
688309.6875,688237.8125,688606,686462.1875,691252.4375,690333,689713.6875,693216.875,682371.1875,695739.125,693013,694018.625,688261.9375,688217.875,688083.5,687897.1875,687901,687976.8125,687925.125,688135.75,688193.8125,688342.5,688516.5625,688358.75,688372.125
688304.4375,688233.8125,688602.625,686455.625,691243,690329.3125,689707.5625,693212.625,682367.625,695736.5625,693007.125,694016.75,688257.625,688211.375,688079.75,687896.5625,687897.25,687971.625,687919.875,688133.625,688188.1875,688338.75,688511.3125,688354.75,688368.1875
688297.5,688230.875,688601.9375,686454.375,691237.75,690324.0625,689704.4375,693203,682367,695730.625,693005.75,694011.25,688250.125,688212.1875,688076.375,687892.375,687893.625,687969.375,687915.875,688133.0625,688186.9375,688338.0625,688510.625,688352,688366.5
688300.625,688226.1875,688591.9375,686449.125,691233.125,690321.9375,689699.6875,693199.3125,682362.25,695726.875,693001.5625,694009.125,688246.3125,688206.875,688068.625,687887.75,687885.125,687961.5625,687906.625,688123.125,688182.125,688329.25,688499.4375,688344.375,688357.375
688294.0625,688220.6875,688587,686445,691219.75,690310.375,689692.5,693190.125,682359.625,695720.875,692993.75,693999.9375,688239.3125,688194.9375,688059.6875,687878.4375,687877.375,687955.9375,687897.1875,688114.9375,688173.0625,688323.5,688496.125,688339.3125,688356
688292.875,688214.6875,688581.75,686439.9375,691212.25,690301.625,689686.125,693185.875,682357.625,695715.75,692989.0625,693994.125,688236.25,688194.75,688060.5625,687880.5,687877.5,687957.375,687899.625,688113.0625,688169.9375,688320.5625,688493.8125,688337.1875,688350.875
688283.25,688211.9375,688579.75,686441.1875,691210.9375,690300.625,689689.875,693186.75,682358.0625,695714.3125,692988.6875,693996.9375,688235.0625,688196.5625,688057.75,687879.3125,687877.25,687953.6875,687901,688113.75,688169.875,688319.0625,688493.375,688338.4375,688350.9375
688286.3125,688210.3125,688578,686431.75,691207.5,690297.75,689684.125,693181.375,682353.8125,695715.5625,692983.1875,693994.875,688229.9375,688192.25,688057.5625,687880.625,687875.9375,687953.75,687898.5,688111.1875,688168.5,688318.0625,688494,688336.5625,688347.75
688282,688209.375,688574.6875,686433.25,691206.3125,690300.375,689683.8125,693181.375,682355.9375,695712.5625,692986.625,693995.3125,688234.4375,688200.625,688059.875,687882,687879.4375,687960.5,687902.25,688118.875,688168.75,688321.375,688495.25,688334.6875,688350.0625
688282.375,688207.125,688573.1875,686434.9375,691203.375,690296,689680.9375,693181,682355.9375,695708.6875,692982.8125,693993.375,688226,688186.5625,688048.4375,687869.875,687869.3125,687943.4375,687887.8125,688105.125,688165.125,688308.5,688483.8125,688325.625,688338.875
688258.5,688200.5,688566.8125,686425.5625,691189.9375,690287.375,689673.8125,693170,682344.375,695699.625,692970.375,693980.5625,688222.5,688182.75,688046.1875,687868.375,687867.375,687939.6875,687887.75,688104.25,688161.5625,688311.5,688481.1875,688325.125,688336.1875
688259.25,688197.1875,688564.75,686420.875,691190.0625,690286.75,689673.4375,693173.1875,682348.375,695698.375,692972.8125,693984.4375,688223.1875,688183.875,688045,687868.375,687867.875,687941.25,687886.9375,688102.25,688158.1875,688308.6875,688479.25,688321.75,688335.125
688255.25,688196.375,688563.8125,686420.125,691190.5,690281,689666.375,693167.875,682346.875,695693.0625,692966.5625,693971.375,688212.25,688170,688036.75,687859.125,687858,687931.875,687878.75,688091.8125,688149.0625,688301.1875,688473.8125,688316.375,688326.875
688260.625,688190.75,688560.375,686419.875,691185.9375,690279.6875,689665.5625,693168.8125,682346.3125,695696.1875,692965.875,693976.125,688217.5625,688177.8125,688040.9375,687860.125,687860,687939.25,687884.0625,688098.4375,688159,688308.375,688479.9375,688320.125,688335.5
688270.25,688195.25,688566.3125,686426.5,691195.75,690286.75,689674.3125,693176.875,682355.125,695704.625,692977.375,693987.875,688228.6875,688193.125,688057.75,687881.3125,687878.5,687954.125,687900.875,688115.5625,688171.8125,688323.75,688496.125,688337.125,688349.9375
688284.9375,688212.5625,688578.25,686439.6875,691222.875,690310.9375,689689.9375,693194.3125,682372.1875,695719.125,692991.75,693999.9375,688246.75,688208.375,688072.5,687890.5625,687893.6875,687966.5,687913.25,688129.875,688184.375,688334.9375,688507.5625,688349.6875,688361.8125
688298.4375,688224.25,688591,686449.0625,691237.5625,690320.9375,689699.375,693208.8125,682383.875,695729.3125,692997.625,694011.9375,688256.3125,688215.0625,688076.875,687898.375,687897.125,687971.875,687919.125,688134,688192.5625,688341.5,688516.5625,688355.9375,688372.625
688302.4375,688232.5,688599.625,686458.75,691251.5,690333.4375,689706.75,693215.375,682390.125,695739.4375,693010.0625,694020.3125,688265.25,688227.75,688092.125,687912.4375,687911.125,687986.875,687935.625,688151.125,688210.5625,688360,688532.25,688372.4375,688387.4375
688325.625,688253.0625,688617.625,686480.6875,691271.5,690352.875,689726.3125,693236.1875,682408,695762,693029.625,694038.25,688286.875,688250.375,688113,687933.75,687930.9375,688006.875,687954.875,688168.25,688228.1875,688379,688548.75,688392.875,688407.8125
688346.5625,688270.125,688635.5625,686495.5625,691293.0625,690375.9375,689746.8125,693259.0625,682431.5,695777.375,693047.875,694055.0625,688305.6875,688266.5,688129.375,687951.625,687946.875,688028.375,687970.0625,688185.75,688243.875,688394.75,688566.625,688408.125,688424.25
688360.9375,688288.4375,688649.625,686513.875,691307.875,690393.625,689763,693271.875,682448.75,695795.125,693065.375,694073.375,688321,688284.25,688146.5625,687963.0625,687963.875,688043.375,687985.5,688202.5625,688260.6875,688409.3125,688583.4375,688421.5625,688439.25
688372.625,688299.375,688667.375,686528.125,691323.75,690407.1875,689776.5625,693285.125,682460.3125,695806.625,693075.75,694083.1875,688324.9375,688285.25,688150.3125,687975.9375,687972.5625,688050.375,687991.5625,688206.125,688265.875,688415.9375,688589,688426.5,688443.125
688374.125,688305.625,688675.5,686540.3125,691330.25,690416.5,689780.125,693292.125,682468.375,695810.375,693084.6875,694090.625,688337.875,688300.6875,688160.5,687986.75,687980.5625,688057,688003.1875,688217.4375,688278.1875,688431.8125,688601.375,688439.125,688456.875
688391.75,688321,688684.4375,686550.5,691344.375,690426.5,689795.3125,693302,682486,695825.6875,693094.9375,694104.5,688349.0625,688311.5625,688174,687995.5625,687992.75,688069.4375,688015.125,688234.5,688290.25,688444.3125,688614.3125,688450.0625,688470.0625
688408.25,688332.125,688697.1875,686564.375,691355.625,690439.9375,689809,693316,682493,695837.1875,693111.5,694118.375,688361.5625,688322.875,688183.25,688005.25,688004.25,688076.5625,688022.75,688243.4375,688299.4375,688450.5625,688623.0625,688458.0625,688477.125
688410,688337.4375,688705.9375,686570.875,691365.5,690447.625,689814.9375,693317,682498.0625,695841.75,693113.0625,694120.125,688362.625,688325.625,688188.0625,688007.4375,688009.125,688084.3125,688030.9375,688245.75,688304.125,688450.125,688627.875,688461.375,688482.625
688414.6875,688342.1875,688706.5,686576.1875,691368,690447.375,689817.5625,693321.625,682501.125,695848.25,693117.625,694126.1875,688366.375,688330.125,688194.3125,688013.8125,688011.5625,688089.0625,688033.125,688248.625,688306.375,688452.125,688627.75,688464.5,688483.6875
688420.6875,688347.625,688712.625,686583.25,691373.25,690451.5,689821.9375,693322,682509.25,695849.125,693122.5,694130,688370.9375,688335.3125,688197.75,688014.4375,688018.875,688089.3125,688038.1875,688253.0625,688307.5625,688457.4375,688629.875,688466,688485.6875
688422.25,688347.875,688714.0625,686584.25,691373,690450.3125,689820.5625,693321.375,682510.3125,695849.375,693124.5,694130.3125,688370.75,688333.8125,688198.0625,688016.1875,688014.375,688091.5,688038.5,688255.0625,688309.625,688459.25,688632.25,688469.375,688490.5
688428.1875,688350.0625,688723,686586.5625,691375.75,690455.875,689829.4375,693328.875,682524.3125,695856.5,693132.5,694141.25,688383.8125,688341.5625,688207.5625,688029.9375,688023.375,688099.625,688047.5,688266.3125,688322.5625,688471.3125,688645.375,688483.375,688498.6875
688429.625,688364.3125,688729.375,686600.9375,691390,690470.3125,689840.25,693341.25,682530.125,695871.625,693140.6875,694148.8125,688393.0625,688355.375,688215,688035.6875,688034.625,688112.125,688060.75,688272.125,688332.8125,688483.4375,688657.8125,688490.5,688512.4375
688444.625,688372.375,688738,686609.4375,691398.625,690477.5625,689846.875,693345.25,682536.1875,695876,693150.6875,694156,688396.1875,688359.4375,688222.375,688039.25,688040.875,688117.4375,688063.125,688281.25,688334.625,688482.875,688657,688496.125,688512.4375
688426.375,688375.25,688742.5625,686610.875,691401.125,690475.6875,689848.125,693348.4375,682539.875,695876,693149.4375,694154.75,688394.625,688358.6875,688218.125,688037.8125,688036.25,688114.6875,688061.9375,688278.125,688330.5,688484.4375,688655,688492.25,688509.0625
688439.125,688372.25,688739.5,686611.375,691396.1875,690473,689845.3125,693343.375,682541,695871.875,693144.0625,694152.4375,688391.3125,688353.8125,688215.5,688035.3125,688036.125,688113.75,688054.75,688274.5,688327.125,688477.375,688653.875,688491.375,688508.75
688437.625,688370.5625,688736.5625,686609.25,691389.9375,690473.375,689847.4375,693347,682540.25,695873.625,693145.3125,694157.4375,688391.875,688354,688218.1875,688037.875,688040.75,688114.4375,688062.375,688278.5,688331.8125,688484.375,688656.125,688495.125,688513
688443.375,688372.375,688742.5,686615.5,691396.5,690472.4375,689848.1875,693344.875,682546.375,695875.875,693150.6875,694158.5,688396.9375,688361.8125,688222,688045.5625,688044.6875,688117.875,688063.75,688278.5,688336.5,688488.0625,688661.5,688495.6875,688513.375
688448.4375,688379,688746.1875,686617.125,691400.5625,690475.875,689851.3125,693347.8125,682548.375,695879.625,693154.5,694162.5,688397.125,688361.8125,688222.625,688045.0625,688043.375,688124.125,688064.4375,688282.375,688337,688485.5625,688662.875,688497.875,688516.875
688449.75,688379.6875,688745,686619,691401,690477.75,689850.5625,693346.5,682548.1875,695878.6875,693153.8125,694162,688398.375,688362,688224.4375,688045.6875,688043.6875,688117.75,688063.8125,688279.5,688336.5625,688488.5,688658.0625,688496.5,688515.875
688448.6875,688377.25,688744.125,686613.8125,691397.25,690474.3125,689849.9375,693345.375,682550.6875,695878.4375,693151.25,694159.3125,688398.75,688362.125,688221.5,688042.125,688039.3125,688118.4375,688062.5625,688278,688334.625,688486.3125,688659.375,688490.5625,688514.875
688449.375,688373,688742.4375,686615.625,691394.875,690469.625,689849.125,693343.5,682548.375,695875.25,693150.375,694157,688391.5,688357.75,688219.4375,688037.25,688035,688114.5,688058.75,688273.8125,688330.25,688479.25,688651.5,688486.375,688507.375
688442.8125,688372.5,688736.5625,686612.5625,691386.75,690464.6875,689844.6875,693342.125,682545.6875,695875,693145.375,694151.75,688391,688356.25,688214.4375,688039,688034.75,688113.875,688054.375,688273.125,688326.375,688475.375,688653.1875,688483.0625,688509.75
688442.8125,688372,688738.4375,686612.125,691386.5,690466.5,689843.8125,693338.1875,682548.5,695870.75,693144.0625,694154.6875,688390.875,688356.5625,688217,688036.8125,688038.6875,688114.5,688057.4375,688274.3125,688331.9375,688480.25,688655,688491.125,688510
688449.0625,688370.375,688740.0625,686612.8125,691390.375,690469.375,689849.125,693341,682550.6875,695878.1875,693148.6875,694158.375,688394.125,688356.3125,688222.75,688038.125,688036.1875,688116.8125,688060.75,688280.9375,688333.1875,688482.8125,688655.0625,688491,688513.375
688448.625,688373.8125,688741.8125,686617.4375,691394.375,690471.5,689846.8125,693343,682552.25,695876.8125,693149,694158.375,688394.9375,688360.0625,688219.3125,688039,688036.5,688115.25,688061.5625,688276.5,688333.8125,688479.9375,688657.125,688487.4375,688511.8125
688442.8125,688375.625,688738.6875,686612.875,691393.4375,690466.8125,689846.625,693341.9375,682549,695875.625,693146.75,694154.4375,688389.75,688356,688217.1875,688043.125,688036.125,688112,688057.4375,688270.75,688329.25,688480.3125,688655.75,688488.4375,688510.5
688441.25,688370.125,688733.125,686615.3125,691389.625,690469.5,689846.625,693339.75,682555.5,695872.25,693143.1875,694153.125,688392,688355.75,688218.625,688038.0625,688036.75,688115.3125,688059.375,688274.5,688335.5625,688479.75,688656.25,688490.3125,688511.8125
688445.0625,688375.125,688738.6875,686620.625,691397.5625,690474.4375,689851.1875,693347.1875,682560.125,695880.875,693153.4375,694165.5,688403.875,688367.8125,688232.125,688051.8125,688052.1875,688130.75,688076.875,688293.875,688351.3125,688497.375,688672.625,688506.125,688533.125
688459.875,688389.625,688756,686632.375,691416,690487.75,689865.875,693361.625,682580.5,695898.0625,693173.25,694180.25,688422.75,688389.3125,688251.25,688068.8125,688069.6875,688146.25,688092.75,688310.3125,688365.0625,688513.25,688687.5625,688520.875,688544.375
688468.4375,688403.6875,688772.8125,686651.25,691433.1875,690512.5,689881.375,693375.25,682593,695911.1875,693184.25,694193.5,688438.4375,688401.75,688264.5,688080.875,688079.75,688158.875,688105.875,688316.9375,688377,688524,688700.9375,688530.625,688556.3125
688481.5625,688416.5,688781.875,686663.4375,691446.5625,690521.8125,689894.625,693391.375,682605.5625,695922.125,693195.0625,694203.0625,688445.5625,688409.3125,688274.4375,688093,688090.25,688170.3125,688115.3125,688332.1875,688384.375,688537.125,688713.0625,688542.125,688567.8125
688497.1875,688431.25,688795.875,686674.625,691463.5,690537.25,689905.625,693405.625,682614.9375,695935.9375,693209.75,694218.8125,688461.9375,688422.75,688290.5,688108.0625,688109,688185,688131.5,688349.375,688405.125,688554.25,688728.1875,688564.0625,688586.8125
688516.9375,688445.25,688811.75,686689.375,691481.1875,690559.875,689921.125,693422.125,682635.5625,695952.625,693224.4375,694236.5625,688474.875,688438.25,688305.625,688115.25,688121.5625,688196.25,688141.75,688360.0625,688412.75,688560.25,688737.5625,688571.8125,688592.25
688518.25,688457.4375,688818.0625,686695.6875,691491.3125,690565.75,689926.25,693430.375,682640.0625,695957.625,693228.0625,694238.875,688477.25,688441.8125,688305,688120.5625,688121.5,688195.3125,688140.6875,688358.4375,688413.6875,688561.5,688740.625,688565.3125,688591.75
688516.5625,688453.1875,688819.9375,686695.5625,691488,690557.5625,689923.125,693422.375,682636.9375,695954.875,693228.25,694231,688467.625,688430.375,688294.6875,688115.3125,688112.1875,688189.4375,688133.4375,688349.9375,688407.25,688554.25,688732.625,688560.25,688587.5
688513.75,688448.4375,688814.375,686695.125,691477.125,690553.625,689921.3125,693420.5,682636.9375,695950.625,693223.1875,694232.625,688468.4375,688432.8125,688297.8125,688118.125,688114.6875,688190.125,688137,688359.75,688411.625,688562.75,688736.5,688565.875,688589.375
688514.875,688454.5,688819.4375,686701.8125,691482.625,690556.875,689928.6875,693422,682644.0625,695958.875,693229.25,694238.1875,688478.625,688443.5,688306.75,688124.25,688127.4375,688199.375,688144.4375,688363.375,688421,688570.6875,688740.375,688571,688596.875
688526.375,688458.1875,688827.125,686708.125,691490.3125,690560.375,689935.6875,693430.375,682649.875,695964.6875,693238.25,694247.625,688479.75,688443.75,688312.375,688127.75,688124.75,688203,688148.8125,688366.1875,688424.25,688571.875,688746.8125,688574.5,688600.6875
688526.5,688465.5,688828.6875,686713.375,691493.125,690569.25,689936.875,693430.25,682652.1875,695963.75,693237.375,694247.4375,688476.75,688444.9375,688309.375,688128.1875,688125.0625,688201.375,688145.5625,688365.875,688419.875,688568.0625,688744.0625,688571.375,688596.75
688519.875,688459.0625,688822.125,686706.875,691486.625,690562.375,689929.3125,693426.25,682650.875,695962.25,693232.375,694242.4375,688473,688438.4375,688304.125,688116,688116.625,688196.3125,688140.75,688354.9375,688414.3125,688563.75,688736.8125,688566.9375,688595.3125
688522.875,688456.9375,688819.625,686706.3125,691481.9375,690556.75,689928.875,693420,682649.3125,695957.5625,693229.9375,694243.4375,688475.125,688442.1875,688304,688123.75,688123.0625,688203.1875,688143.8125,688361.8125,688422.1875,688570.625,688744.4375,688574.625,688599.75
688534.5,688465.5,688828.4375,686716.75,691488.25,690564.25,689938.625,693432.375,682658.75,695967.375,693242.4375,694248.4375,688483.875,688455,688317.25,688136.25,688130.9375,688210.9375,688156.875,688375.125,688434.125,688577.875,688753.625,688582.8125,688609.6875
688538.875,688473,688838.625,686722.5625,691500.0625,690573.8125,689947.125,693436.75,682666.9375,695974.9375,693247.8125,694254.625,688495.0625,688459.9375,688323.4375,688140.25,688141.8125,688215.875,688163.75,688378.6875,688438.5,688585.5625,688761.9375,688587.75,688616.25
688544.125,688477.375,688839.3125,686727.625,691507.5625,690580.375,689951.625,693443.6875,682676.875,695981.9375,693254.4375,694263.75,688498.5,688465.6875,688330.0625,688148,688145.875,688225.125,688172.5,688388.8125,688446.3125,688590.0625,688766,688593.125,688620.3125
688551.8125,688481.625,688849.4375,686736.1875,691518.6875,690589.625,689961.875,693448.375,682677.5,695990.3125,693260.125,694266.5,688503.875,688469.375,688334.0625,688153.25,688152.375,688229.875,688176.375,688393.8125,688449.6875,688597.125,688771.625,688600.0625,688629.0625
688555.5625,688488.375,688857.5625,686741.5625,691527.625,690596.3125,689964.4375,693455.25,682686.5625,695989.9375,693265.0625,694272.875,688506.25,688474.4375,688338.6875,688155.75,688154.25,688232.25,688176.3125,688391.5625,688450.9375,688594.875,688771.625,688599,688628.0625
688550.5625,688486.125,688853.1875,686742.1875,691525.25,690593.0625,689963.625,693450.625,682685.875,695988.875,693262.1875,694269.625,688503.4375,688468.25,688331.3125,688148.4375,688148.875,688222.625,688169.9375,688386.8125,688441.5,688589.75,688762.75,688592.875,688621.3125
688543.375,688483.0625,688845.375,686737.4375,691513.375,690584.9375,689957.1875,693446.8125,682678,695984.25,693252.875,694262.875,688492.4375,688462.5625,688322,688137.8125,688137.8125,688215.0625,688159.375,688374.125,688434.4375,688581.875,688755.375,688582.75,688613.25
688527.4375,688474.0625,688838.875,686726.5,691501.75,690573,689946.625,693437,682676.25,695977.875,693251.875,694258.875,688489.5,688459,688317.4375,688140.3125,688134.9375,688214.25,688162.75,688382.375,688433.5,688582.5,688755.625,688586.375,688613.375
688533.375,688474.5,688840.5,686734.5,691506,690577.8125,689954.4375,693442.5625,682681.8125,695984.9375,693256.5,694264.25,688499.25,688468.6875,688331.9375,688149.375,688147.1875,688225.25,688172,688391.3125,688448.375,688592.5,688769.0625,688597.5,688626
688538.75,688486.8125,688853.0625,686743.375,691521.5,690590.75,689965.0625,693454.25,682693.625,695990.6875,693267.1875,694274,688511.8125,688480.75,688341.75,688158.25,688156.375,688233,688179.6875,688396.875,688455.875,688602.75,688778.8125,688603.8125,688634.25
688547.75,688493.5,688858.875,686748.4375,691530.3125,690598.8125,689969.6875,693460.9375,682703,695999.25,693274.125,694279.875,688517.4375,688486.8125,688347.5625,688165.6875,688166.5625,688244.3125,688188.125,688406.25,688465.9375,688609.25,688786.8125,688611,688641.625
688560.3125,688501.25,688867.8125,686756.875,691540.3125,690609.125,689977.625,693472.1875,682712.25,696012.5625,693282.875,694289.25,688530.875,688498,688360.5625,688178,688177.4375,688252.625,688200.5,688415.75,688478.75,688625.75,688800.25,688624.9375,688656.9375
688574.6875,688518.25,688887.125,686773.5,691560.625,690628.5,689992,693490,682727.875,696026.1875,693299.75,694309.125,688552.8125,688522.125,688381.9375,688201.125,688199.125,688276.8125,688225.3125,688442.375,688499.9375,688648.875,688824.25,688650.75,688681.8125
688600.625,688540.6875,688907.75,686798.375,691585.375,690662,690018.375,693516.375,682756.75,696050.9375,693321.5625,694332.75,688573.625,688544.25,688405.25,688223.375,688220,688300.375,688250,688463.625,688520.9375,688669.375,688843.75,688669.75,688699.6875
688619.25,688564.0625,688925.25,686816.1875,691595.5,690677.5,690034.5,693533.5,682771.8125,696067.5,693342.125,694349.0625,688586.375,688555.0625,688416.9375,688235.5625,688231.9375,688311.25,688257.75,688471.1875,688529.125,688678.375,688854.625,688677.75,688707.625
688627.375,688570.75,688938.1875,686827.875,691600.75,690690.9375,690046.3125,693541.8125,682777.4375,696077.5,693346.375,694357.5,688592.1875,688560.5,688424,688238.25,688242.125,688320.375,688265.125,688480.375,688540,688689.375,688862.125,688684.125,688716.5625
688631.25,688582.1875,688942.75,686829.4375,691614.5,690699.375,690055.6875,693551.875,682787.25,696086.8125,693357.125,694365.0625,688602.5625,688570.75,688432.1875,688250.125,688251.375,688323.875,688274.625,688491.3125,688549.375,688696.3125,688871.125,688696.5,688728.375
688641.1875,688590.375,688955.3125,686845.875,691624.9375,690706.125,690063.8125,693556.75,682795.0625,696091.125,693363.375,694373.25,688607.5625,688575.25,688438.25,688258.375,688257.125,688332.5625,688278.625,688493.25,688555.25,688702.5,688875.75,688701.125,688731.625
688641.3125,688591.375,688960.875,686849.3125,691632.1875,690708.8125,690063.8125,693562.375,682803,696095.625,693369.4375,694376.375,688608,688574.25,688438.25,688258.5,688258.625,688332.875,688276.1875,688491.5,688550.6875,688699.625,688870.875,688696.75,688730.25
688635.5,688591.125,688956.3125,686848.625,691630.375,690705.5625,690062.875,693553.4375,682800,696093.125,693365.25,694372.4375,688600.75,688572.125,688431.3125,688250.375,688248.8125,688324.375,688270.9375,688484.9375,688544.625,688691.875,688867,688690.875,688723
688625.375,688586.5,688950.625,686843.875,691622.75,690698.5,690056.25,693550.75,682794.0625,696087,693362.1875,694369.625,688598.0625,688569.875,688430.625,688248,688248.25,688326.9375,688269.9375,688484.6875,688544.6875,688692.75,688865.75,688690.9375,688725.625
688621.8125,688584.25,688952.375,686849.6875,691622.25,690694.625,690060.6875,693548.875,682800.5625,696090.0625,693360.625,694371.9375,688602.5625,688574.3125,688436,688254.625,688251.125,688332.625,688274.0625,688487.125,688549.0625,688698.25,688874.0625,688696,688728.75
688631.9375,688593.25,688957.875,686854.3125,691627.25,690695.9375,690065.875,693550.25,682804.0625,696092.375,693366.5,694371.9375,688605.375,688574.625,688438.375,688255.0625,688255.75,688333.4375,688278.4375,688489.5,688550.3125,688700.0625,688874.625,688696.5625,688727.625
688635.25,688591.9375,688957.4375,686853.8125,691633.0625,690700.25,690068.375,693555.875,682807.5625,696094.875,693371.875,694377.25,688607.5625,688583.125,688446.625,688262.5,688260.5,688338.25,688281.125,688498.5,688555.6875,688704.6875,688881.25,688700.0625,688737.125
688641.8125,688598,688965.75,686865.125,691640.6875,690703.25,690076.9375,693561.375,682812.875,696104.4375,693378.5,694387.5625,688619.6875,688590.3125,688455.6875,688272.4375,688272.5,688352.125,688295.25,688511.9375,688569.25,688720.875,688896.75,688715.25,688749.3125
688651.8125,688613.5,688977.1875,686875.75,691657.375,690721.5625,690087.75,693576.9375,682825.375,696120.6875,693392.625,694401.3125,688633.5,688607.5,688470.0625,688285.875,688284.6875,688365.875,688311.1875,688524.0625,688584.9375,688733.6875,688908.6875,688729.125,688763.625
688665.3125,688626.5625,688992.125,686887.625,691674.6875,690738.75,690101.125,693590.5625,682844.875,696132.8125,693406.375,694413.125,688648.625,688621.5,688483.8125,688305.6875,688299.125,688380,688324.875,688536.625,688598.6875,688748.8125,688921.8125,688744.9375,688776.3125
688683.375,688639.25,689001.3125,686897.625,691684.375,690751.9375,690113.0625,693603.1875,682858.6875,696140.9375,693416.625,694424.375,688657.8125,688629.625,688492.125,688311.5,688306.9375,688387.5,688333.125,688549.625,688606.875,688755.75,688931.5625,688751.25,688784
688691.5625,688648.375,689012,686908.25,691693,690759.0625,690123.6875,693605.375,682864.9375,696150.25,693423.5,694431.25,688660.375,688633.8125,688497.5,688312.75,688307.5,688387.4375,688330.9375,688547.8125,688604.3125,688751.625,688927.75,688748,688782.5625
688684.3125,688645.25,689008.25,686905.875,691692.4375,690754.25,690114.6875,693602.5,682856.9375,696144.125,693417.8125,694425.125,688651.3125,688620.875,688484.9375,688300.9375,688300.5,688376,688322.5,688537.375,688591.3125,688743.125,688917.8125,688734.3125,688772.625
688670.5,688634.875,688998.6875,686893.625,691676.1875,690741.1875,690106.875,693590.625,682847.8125,696134.25,693405.0625,694414.25,688636,688604.5,688467.75,688286.1875,688283,688360.5625,688305.625,688520.5625,688578.4375,688726.125,688900.5625,688719.625,688750.9375
688654.6875,688620.25,688982.375,686882.875,691651.8125,690721.375,690091,693569.3125,682834.4375,696113.75,693387.8125,694397.1875,688615.875,688586.3125,688449.4375,688265.0625,688267.625,688342.5625,688286.1875,688498.6875,688557.75,688703.875,688880.625,688701.125,688735.375
688639.375,688600.125,688965.9375,686866.125,691622.1875,690695.125,690071,693552.8125,682817.625,696096.375,693374.125,694376.9375,688600.9375,688571.3125,688438,688252.125,688250.875,688326.75,688271.9375,688489.125,688544,688686.875,688864.0625,688684.125,688718.1875
688623.75,688586.5625,688951.25,686851.8125,691596.8125,690680,690056.625,693534.625,682807.125,696080.75,693357.625,694368.4375,688587.8125,688560.3125,688425.875,688242.125,688239.75,688321.1875,688266,688478.125,688537,688683.625,688858.75,688677.1875,688715.25
688626.3125,688579.6875,688941.5625,686847.375,691583.375,690670.5625,690052.1875,693531.375,682800.9375,696074.5,693350.75,694362.75,688589.125,688559.375,688423.375,688236.9375,688236.625,688315.5625,688260.6875,688472.625,688531,688682.8125,688852.25,688671.3125,688709.6875
688616.9375,688572.625,688938.625,686844.75,691583.125,690667.125,690046,693527.375,682803.875,696076.1875,693350.375,694355.25,688583.625,688556.8125,688419.4375,688238.0625,688231.5625,688306.75,688255.6875,688472.1875,688530,688678.0625,688853.4375,688670.5625,688708.6875
688620.25,688570.125,688937.5625,686844.75,691589,690666.3125,690047.8125,693527.75,682804.625,696075,693345.9375,694358,688586.375,688556.25,688417.125,688234.25,688236.375,688311.375,688259.25,688474.4375,688532,688681.3125,688855.5,688672.25,688710
688614.875,688570.625,688934.625,686844.125,691593.0625,690666.875,690047.1875,693529.0625,682802.75,696070.375,693346.5625,694355.9375,688585.3125,688559.6875,688420.875,688237.625,688238.375,688313.5,688260.3125,688473.1875,688532.1875,688681,688856.1875,688672.75,688711.25
688624.75,688569.9375,688936.3125,686844.625,691601.1875,690670.875,690044.6875,693530.5,682807.1875,696073,693349.75,694355.75,688589.375,688561.1875,688423.8125,688241.375,688240.0625,688316.875,688261.625,688478.375,688532.625,688681.5625,688858.875,688673.1875,688713.5
688622.875,688572.8125,688938.75,686848,691609.4375,690676.25,690048.6875,693532.8125,682808,696076.875,693350.3125,694359.625,688585.3125,688560.625,688427.1875,688240.25,688240.3125,688315.625,688264.6875,688480.875,688537.625,688682.875,688860,688674.9375,688714.4375
688626.375,688576.5625,688941.375,686845.6875,691614.125,690680.5625,690047.4375,693534.5,682810.9375,696077,693351.125,694360.0625,688585.625,688562,688426.25,688243.125,688241.125,688314,688262.1875,688475.6875,688535.3125,688684.875,688859.25,688670.125,688710.9375
688625.5,688574.375,688940,686848.625,691610.9375,690677.75,690047.5,693532.125,682809.0625,696075.125,693346.8125,694357.1875,688583.25,688558.4375,688421.25,688239.3125,688238.6875,688316.625,688260.0625,688477.875,688533.4375,688683.75,688859.0625,688673.375,688715.25
688625.5625,688577.8125,688937.625,686846.625,691613.25,690680.0625,690047.5,693535.6875,682814.6875,696078,693347.8125,694358.75,688586,688556.3125,688421.25,688237.75,688235.25,688312.5625,688259.6875,688475.3125,688529.625,688678.0625,688855.625,688669.875,688710.9375
688628.1875,688574.375,688937.375,686847.75,691615.9375,690680,690048,693534.3125,682816.5,696074.375,693349.25,694360.625,688589.5,688560.375,688424.75,688240.3125,688241.1875,688316.1875,688263,688478.875,688535.3125,688684.75,688859.0625,688674.875,688719.75
688640.875,688579.375,688946.25,686855.375,691625.5625,690686.875,690054.5,693542.5625,682819.5,696082.5625,693349.25,694364.3125,688591.3125,688566.8125,688431.1875,688247.375,688249,688322.8125,688268.875,688483.1875,688542.4375,688688.4375,688865.875,688678.8125,688721.5
688638.1875,688579,688946.25,686859.6875,691629.375,690688.5,690055,693542.5,682822.875,696084.5,693356.1875,694365.6875,688595.5625,688566.875,688429.375,688245.9375,688249.25,688322.1875,688270.5,688486.125,688544.375,688695.0625,688866.1875,688681.5,688722.8125
688648,688586,688949.9375,686860.375,691632,690692.1875,690058.875,693548.125,682827.625,696088.4375,693363.1875,694374.625,688603.625,688576.25,688441.375,688259.3125,688259.6875,688333.875,688282.75,688493.5,688553.0625,688703.8125,688877.625,688689.0625,688730.75
688656,688591.9375,688960.3125,686870.9375,691648.1875,690705.25,690072.125,693559.375,682842.625,696098.625,693373.5,694383.625,688615.375,688589.625,688451.8125,688271.3125,688271.125,688346,688291.625,688508.125,688568.125,688718.125,688890.3125,688701.5,688748.1875
688676.25,688608.875,688975.5,686884.9375,691667.5625,690724,690083.75,693573.8125,682856,696110.125,693386.875,694394,688624.625,688599.5,688461.1875,688279.25,688277.875,688354.9375,688302.375,688519.9375,688575.25,688721.625,688898.125,688709.9375,688753.875
688674.625,688612.875,688978.625,686888.8125,691671.625,690726.9375,690090.375,693582.75,682861.125,696120.9375,693394,694402.625,688623.75,688596.8125,688464,688281.625,688277.8125,688356.5625,688302.1875,688518.75,688572.5,688724.75,688899.75,688710.0625,688754.875
688682.375,688617,688983.6875,686895.25,691676.625,690734,690093.625,693580.5625,682866.9375,696121.9375,693393.375,694406.875,688633.6875,688609.3125,688468.25,688290.0625,688286.25,688362.5,688308.75,688524.125,688579.4375,688731,688906,688716.5,688760.375
688688.625,688623.75,688987,686900.125,691682.375,690738.875,690097.25,693583.0625,682870.25,696125.375,693397.625,694406.5,688637.75,688614.5,688474.0625,688292.875,688293.6875,688373.1875,688317.1875,688530.875,688588,688740.75,688912.5625,688724.4375,688769.375
688695.0625,688630.25,688997.875,686911.9375,691690.3125,690744.375,690102.375,693593.875,682874.125,696133.25,693406.375,694415.5,688641.5625,688613.875,688478.1875,688298.4375,688293.125,688373.375,688321.375,688537.875,688591.3125,688740.3125,688919.25,688726.625,688770.25
688695.125,688632.8125,688999.3125,686910.25,691692.8125,690748.125,690104.9375,693593.75,682881.125,696137,693407.5625,694421.1875,688646.1875,688619.625,688483.1875,688301.1875,688298.375,688375.875,688324.25,688539.9375,688598.25,688745.9375,688921.5,688730.5625,688773.125
688698.4375,688635.9375,689003.8125,686919.75,691696.1875,690749.625,690113.375,693598.375,682884.9375,696140.6875,693410.5625,694417.8125,688645.75,688622.5625,688487.625,688304.125,688303,688380.375,688326.375,688543.625,688599.6875,688748.375,688925.625,688732.1875,688778
688705.0625,688638.75,689008,686918.75,691699.625,690754.625,690115.25,693602.5,682889.5,696144.4375,693415.9375,694427.125,688655.0625,688632,688493.125,688310.125,688306.25,688385,688329.75,688544.875,688603.8125,688752.375,688925.9375,688736.3125,688782.5
688710.625,688645.125,689014.375,686925.25,691701.5625,690755.9375,690116.5625,693602.25,682890.6875,696145.5,693416.625,694429.4375,688653.875,688631.5,688492.75,688311.9375,688306.1875,688385.5,688332.1875,688549.625,688604.375,688751.9375,688929.6875,688736.125,688778.8125
688706.625,688642.625,689011.3125,686927.375,691699.25,690757.375,690118.0625,693601.8125,682892.5,696142.875,693417.625,694426.1875,688648.25,688626.25,688487.75,688306.5625,688307.625,688383.4375,688327.25,688545.875,688599.875,688752.25,688925.0625,688735.875,688776.625
688706.625,688641.375,689004.75,686926.125,691695.3125,690752.5625,690116.5,693602.4375,682896.5625,696147.125,693419,694429.75,688660.5,688636.9375,688500.25,688318,688315.875,688391.8125,688342.25,688559.625,688611.625,688764.9375,688938,688745.5625,688791.3125
688724.875,688654.625,689022.5,686941.75,691712.75,690766.625,690130.625,693614.5,682912.5625,696159.6875,693435.5625,694442.5625,688670.25,688650.9375,688515.75,688333.0625,688328.125,688406.625,688354.625,688570.375,688627.625,688779.375,688952.25,688760.125,688806.25
688731.1875,688669.625,689035.6875,686949.375,691729.4375,690786.75,690144,693630.875,682928.625,696177.25,693448.5,694458.8125,688687.625,688662.625,688525.375,688343.625,688344.25,688419.125,688364.9375,688580.3125,688637,688788,688963.625,688769,688821.1875
688746.8125,688676.3125,689043.625,686961.5,691739.4375,690796.8125,690150.625,693638.875,682929.0625,696181.25,693455.75,694463.8125,688687.875,688663.6875,688525.5625,688345.625,688342.125,688420.5,688366.75,688582.4375,688636.875,688785.9375,688962.1875,688771.125,688817.25
688743.6875,688676.75,689046.3125,686960.875,691737.25,690795.25,690150.25,693637.1875,682929.5,696178.125,693449.0625,694459.625,688681.25,688660.875,688522.625,688336.625,688336.625,688411.9375,688360.6875,688573.8125,688633.6875,688781.625,688954,688760,688811.8125
688730.875,688670.75,689039,686956.25,691728.375,690789.4375,690145.5625,693630.9375,682930,696176.5625,693448.0625,694458.0625,688683.75,688662.25,688522.8125,688341.5625,688336.25,688413,688361.8125,688575.3125,688630.75,688785.6875,688957.125,688766.75,688813
688738,688673.6875,689035.625,686959.625,691730.5625,690788,690148.625,693632.125,682930.75,696178.375,693448.625,694461.8125,688683.375,688663.5,688520.25,688341.3125,688340,688415.875,688362.8125,688578.25,688635.625,688786.75,688961.625,688768.375,688817.4375
688728.6875,688676.25,689045.5,686964,691734.0625,690786,690149.25,693630,682931.9375,696179.6875,693447.625,694455.625,688681.8125,688659.875,688514.9375,688334.0625,688334.625,688410.3125,688353.8125,688571.125,688625.5,688780.125,688950.5,688759.25,688808.375
688726.25,688666.75,689033.4375,686953.125,691718.125,690776.25,690140.375,693622.375,682920.9375,696166.5625,693439.6875,694446.875,688670.6875,688647.875,688505.9375,688326.1875,688325.5625,688399.25,688346.5,688561.375,688618.25,688768.4375,688938.75,688748.1875,688795.125
688721.5625,688658.875,689026.1875,686944.875,691705.125,690765.75,690129.875,693612.125,682917.4375,696158,693432.5,694442.375,688668.625,688646.125,688507,688326.375,688322.8125,688401.75,688349.875,688564.5,688620.5,688772.1875,688945.5625,688750.125,688804.75
688731.5,688661.125,689029.0625,686949.3125,691709.625,690771.25,690137.875,693621.875,682929.5,696169.875,693444.625,694454.75,688685.5625,688660.5625,688522.4375,688341.5,688339.25,688415.875,688363.375,688581.5625,688638.1875,688784.6875,688960.375,688766.25,688819.25
688749.25,688680.5,689046.5625,686964.75,691733.25,690791.3125,690156.625,693636.875,682947.4375,696183.1875,693457.875,694470.875,688700,688679.4375,688538.0625,688357.375,688353.875,688435.9375,688380.25,688599.0625,688653.875,688803.875,688976.5,688781.875,688832
688762.75,688694.75,689059.4375,686981.3125,691751.75,690811.25,690169.375,693653.875,682961.5,696197.5625,693474.4375,694483.5,688710.625,688688.375,688553.125,688367.625,688367.125,688449.9375,688395.875,688608.125,688663.625,688821.75,688994.0625,688798.875,688848.375
688785.125,688711.8125,689078.0625,686997.8125,691777.125,690829.0625,690187.25,693674.125,682984.6875,696218.625,693494.5,694500.375,688732.625,688709.4375,688571.375,688389.625,688388.4375,688467.625,688412.25,688628.75,688685.0625,688837.375,689009.4375,688818.125,688866.75
688793.875,688727.625,689096.625,687015.3125,691792.625,690857.25,690209.3125,693696.5625,683001,696238.6875,693513.875,694521.9375,688756.375,688736.75,688596.5625,688415.5,688414.125,688487.625,688436.5625,688652.625,688711,688861.9375,689037.5,688840.625,688892.125
688824.3125,688754.6875,689123.125,687038.125,691815.375,690881.125,690228,693718.625,683025.6875,696259.6875,693533.8125,694544.75,688771.25,688751.5,688613.6875,688428.75,688430.25,688508.4375,688452.375,688668,688726.9375,688877.375,689049.0625,688851.8125,688903.5
688835.125,688766.25,689134,687048.75,691825.125,690892.875,690241.625,693726.5625,683033.6875,696270.6875,693544.3125,694552.4375,688779.875,688758.6875,688621.1875,688441.75,688437.25,688515.6875,688459.9375,688677.5,688733.4375,688882.8125,689055.5,688858.125,688910.6875
688841.125,688772.75,689140.6875,687062.25,691833.375,690897.125,690247.4375,693733.25,683042.5625,696276.625,693548.625,694560.375,688788.125,688766.875,688628.4375,688448.625,688443.6875,688522,688467.75,688684.125,688740.75,688891.25,689062.375,688868.8125,688919.625
688845.875,688781.5625,689144.9375,687070.375,691844.125,690900.0625,690251.375,693738.125,683047.375,696280.5625,693553.25,694563.5,688786.625,688765.5,688626.25,688442.125,688445.875,688523.4375,688469.6875,688680.5625,688735,688886.9375,689058.5,688864.75,688917.375
688844,688780.125,689143.4375,687070.625,691842.25,690898.375,690251.3125,693734.125,683047.1875,696280.625,693549.375,694559.5,688785.3125,688762.75,688625.3125,688443.125,688435.375,688512.75,688460,688675.3125,688735.875,688883.625,689057.625,688861.25,688911.1875
688838.5,688774.9375,689138.0625,687061.3125,691831.9375,690889.5,690243.125,693725.625,683036.875,696270.625,693540.625,694555.125,688772.375,688750.5625,688610.125,688429.4375,688424.375,688506,688449.0625,688662,688721.625,688870.25,689045.0625,688847.75,688895
688822.5625,688759.4375,689127.5,687055.3125,691810.9375,690873.25,690231.5,693713.25,683033.375,696262.25,693532.875,694545.875,688764.9375,688742.4375,688600.9375,688422.5,688418.375,688496.9375,688439.5,688654.25,688715.125,688864.6875,689036.25,688840.0625,688890.0625
688812.75,688752.625,689120.125,687047.8125,691802,690863.125,690229.375,693702.75,683023.75,696254,693526.125,694536.1875,688758.0625,688733.5,688593.6875,688413.4375,688413.0625,688488.75,688432.625,688646.5,688706,688857.5625,689027.125,688830.6875,688881.625
688808.25,688745.75,689111.875,687045.9375,691788.75,690859,690221.5,693692.5,683017.25,696244.625,693514.9375,694529.5,688753.6875,688729.375,688593.0625,688413.375,688409.625,688485.375,688436.1875,688648.0625,688704.5,688851.625,689028.75,688829.875,688884.875
688810.75,688744.25,689112.1875,687043,691788.125,690852,690218.625,693692.5625,683020.875,696247.625,693521.75,694531.5,688758.375,688737.75,688594,688418.4375,688416.25,688494.625,688435.9375,688655.375,688709.5,688861,689037.8125,688836.375,688889.875
688814.5,688751,689115.25,687048.875,691796.1875,690863.4375,690228.0625,693701.3125,683031.3125,696254.625,693527.8125,694539.9375,688763.6875,688743.75,688604.125,688423.8125,688420.625,688497.75,688444.0625,688656.375,688718.25,688867.625,689040.3125,688842.125,688897.75
688824.25,688756.5625,689124.75,687059.9375,691809.75,690866.75,690232.8125,693706.875,683037.8125,696259.6875,693531.625,694544,688768.375,688745,688606.5,688424.5,688424.9375,688501.5,688448.4375,688663.8125,688719.875,688866.8125,689042.75,688842.25,688897.625
688828.8125,688758.875,689124.125,687056.75,691814.4375,690869.125,690233.375,693707.8125,683038,696260.375,693534.375,694543.4375,688766.25,688749.375,688607.375,688423.75,688426.8125,688501.8125,688446,688661.125,688716.875,688870.0625,689040.9375,688842.625,688895
688819.3125,688759.625,689123.125,687059.75,691817.8125,690872.125,690231.8125,693709.4375,683041.1875,696259.75,693533.5,694542.5625,688763,688738.5,688604.875,688418.75,688416.125,688491.75,688438.625,688652.625,688708.75,688858.8125,689032.4375,688833.4375,688888.1875
688814.25,688749.375,689114.5,687047.5,691801.625,690856.8125,690220,693694.4375,683031.875,696250.375,693519.875,694529.625,688751.25,688729.9375,688592.5625,688413.0625,688411.8125,688486.9375,688429.9375,688647,688705.125,688858.8125,689026.8125,688827.125,688883.1875
688810,688746.5,689111.8125,687043.25,691795.6875,690852.625,690218.8125,693696.1875,683030.6875,696246.3125,693520.6875,694528.75,688755.25,688730.9375,688596.875,688415.6875,688416.125,688489,688433.375,688650.6875,688709.625,688861.125,689033.0625,688832.5625,688889.375
688820.9375,688752.125,689117.1875,687054.75,691806,690863.125,690224.0625,693701.5,683039.4375,696255.375,693529.25,694538.375,688764.25,688742.5,688606,688420.375,688420.0625,688495.875,688442.125,688655.625,688718.375,688865.875,689038.8125,688840.9375,688895.875
688827.875,688757.25,689121.625,687056.125,691816.5,690865.9375,690230.625,693706.8125,683044.125,696260.5,693534.3125,694542,688769.625,688747.375,688608.0625,688425.3125,688425.625,688499.4375,688446.75,688659.625,688720,688867.1875,689041.625,688841.8125,688897.8125
688827.375,688758.25,689123.0625,687056.3125,691821.125,690867.8125,690233.0625,693706.875,683044.75,696255.625,693530.625,694542.4375,688766.8125,688741.1875,688605.75,688426.3125,688423.375,688499.625,688445.125,688658.1875,688720,688867.4375,689040,688839.3125,688898.8125
688820.0625,688757,689125.125,687059.125,691819.75,690868,690231.5,693709.875,683048,696260.875,693533.5,694542.4375,688769.0625,688747,688610.75,688425.75,688425.5625,688499.4375,688445.125,688658.125,688721.3125,688866.625,689042.1875,688840.5625,688899.375
688836.125,688759.625,689127.8125,687056.75,691821.9375,690873.1875,690232.25,693709.9375,683053.1875,696263.0625,693535.3125,694546,688770,688750.0625,688612.75,688430.9375,688426.875,688504.25,688451.8125,688665.125,688724.875,688872.75,689044.6875,688843.375,688904.75
688831.8125,688765.75,689131.625,687065.3125,691831.5625,690874.9375,690237.375,693718,683056.375,696268.1875,693539.625,694549.25,688773.4375,688751.3125,688615.0625,688436.375,688434.125,688509.6875,688455.9375,688672,688729.375,688878.875,689055,688848.75,688908.75
688838.6875,688769.375,689139.6875,687070.75,691840.5625,690890.25,690244.9375,693724.25,683066.125,696274.5,693544.125,694561.875,688785,688761,688626.125,688444.25,688440.375,688521.125,688463.25,688680.3125,688743.875,688886.5625,689061.75,688859.25,688916.3125
688847.5,688779.875,689147,687081.375,691852.5625,690897.875,690256.375,693732.375,683071.625,696286.3125,693556,694570,688798.8125,688772.8125,688633.125,688452.8125,688452.5,688529.25,688473,688687.125,688749.375,688894.6875,689072,688869.0625,688926.625
688854,688788.625,689153.0625,687087.375,691860.125,690906.1875,690259.9375,693739.875,683081.625,696289.75,693561.75,694574.6875,688800.375,688777.625,688638.75,688457.8125,688457.375,688532.75,688478.75,688697.25,688756.875,688905.9375,689079.625,688875.125,688934.5
688867.375,688798.0625,689164.125,687102.1875,691876,690918.125,690272.8125,693752.375,683096.125,696304.4375,693575.5625,694587.625,688815.3125,688793.5,688655.6875,688474.125,688471.75,688550.0625,688495.875,688713.75,688767.1875,688919.5,689089,688886.8125,688944.625
688881.75,688808.0625,689174.9375,687108.4375,691888.8125,690927.75,690281.125,693763.0625,683102.625,696312.5625,693585.9375,694598.1875,688820.5625,688800.6875,688660.3125,688481.625,688479.625,688553.4375,688503.1875,688715.875,688779.6875,688927.25,689099.125,688891.9375,688955.0625
688888.625,688817.125,689185.5625,687118.625,691895.75,690939.375,690289.6875,693770.75,683118.0625,696320.25,693593.4375,694603.375,688828.75,688808.4375,688668.25,688489.75,688487.4375,688563.4375,688507.125,688726.5,688782.75,688933.0625,689106.625,688901.1875,688961.75
688893.625,688825.5625,689189,687126.25,691903.6875,690943.0625,690299.875,693777.25,683121.8125,696329.375,693600.75,694611.1875,688835.375,688818.625,688674.625,688498,688494.6875,688571.625,688518.5,688733.6875,688792.625,688937.8125,689111.125,688909.375,688971.1875
688907.8125,688833.625,689200.125,687138.6875,691919,690959.0625,690311.125,693785.6875,683135,696344,693616,694626.625,688851.625,688833.1875,688691.5625,688509.875,688509.125,688587.375,688533.4375,688747,688806.9375,688957.1875,689131.25,688923.8125,688985.3125
688921.375,688847.375,689213.6875,687150.75,691932,690973.4375,690321.9375,693799.6875,683146.75,696353.75,693624.4375,694637,688860.125,688838.5,688699.3125,688521.125,688518.25,688597.25,688542.125,688755.25,688817.25,688964.875,689140.6875,688932.625,688994.625
688929.75,688858.8125,689222.8125,687159.375,691940.9375,690982.875,690332.4375,693810.125,683154.625,696360.75,693630.9375,694644.9375,688867.5625,688852.25,688714.375,688529.625,688526.625,688602.25,688548.4375,688763.875,688822.625,688969.4375,689145.375,688938.375,688999.875
688935.5,688865.25,689229.6875,687166.875,691945.6875,690988.25,690337.375,693811.3125,683163.25,696364.875,693638.375,694647.5625,688873.75,688853.125,688714.875,688533.0625,688532.75,688605.6875,688554.75,688766.625,688828.6875,688972.25,689148.875,688942.1875,689001.75
688940.75,688871.8125,689233.1875,687174.875,691954.4375,690994,690342,693818.125,683171,696371.9375,693645.375,694654.6875,688880.5625,688859.3125,688719.3125,688537,688531.5625,688614.9375,688560,688777.25,688833.125,688981.5625,689156.8125,688951.375,689012.875
688947.25,688875.75,689243.6875,687182.375,691961.375,691000.5,690350.375,693828.125,683178.375,696380.3125,693654.125,694663.1875,688886.9375,688865.25,688726.3125,688543.0625,688541.25,688620.9375,688564.125,688779.0625,688836.8125,688985.75,689163.875,688952.25,689017.125
688948.6875,688877.875,689240.9375,687187.5,691961.625,691001.8125,690352.625,693828.625,683181.25,696381.5,693655.25,694665.125,688891.625,688870.625,688728.5,688550.9375,688547,688627.1875,688571,688786.3125,688845.5,688993.4375,689163.6875,688959.4375,689022.875
688948.4375,688885,689249.625,687194.625,691968.25,691008.1875,690360.625,693833,683190,696388.5,693661,694671.125,688895.25,688877.5,688732.625,688557.25,688553.375,688633,688577.125,688792,688853.375,688998.0625,689175,688967.875,689028.75
688961.25,688890.3125,689256.875,687199.6875,691973.375,691015,690367.1875,693841,683199,696394.9375,693667.625,694679.875,688907.125,688886.8125,688747.75,688567.375,688566,688641.875,688588.4375,688803.0625,688863.75,689012,689185.9375,688980.9375,689043.625
688967.4375,688901.25,689273.25,687215.625,691991.125,691033.375,690383.875,693853.0625,683214.9375,696411.875,693687.125,694697.125,688926.875,688902.5625,688765.75,688583.1875,688581.5,688657.4375,688604.5,688819.3125,688878.25,689026.5625,689200.5,688994.5,689059.75
688985.9375,688919.6875,689285.0625,687228.8125,692004.625,691046.375,690395.375,693868.25,683228.6875,696423.8125,693693.875,694706.25,688931.875,688912,688771.8125,688591.75,688589.25,688665.25,688612.375,688828.5,688884.375,689030.625,689205.0625,688998.25,689061.8125
688993.25,688920.375,689291.3125,687229.125,692007.75,691051.25,690397.1875,693869.25,683232.125,696425.5,693698,694709.4375,688929.9375,688908.75,688767.25,688587.125,688584.5,688659.75,688607.75,688820.625,688882.125,689031.1875,689205.9375,688993.125,689061
688988.0625,688919.6875,689286.625,687231.5625,692002.125,691045.25,690394.4375,693864.75,683229.375,696423,693695.5625,694706.25,688922.5625,688905.0625,688766.5,688585.625,688578.8125,688655.9375,688603.125,688814.3125,688875.9375,689023.6875,689198.1875,688988.625,689053.125
688982.5,688915.625,689285,687230.5625,691993.125,691038.25,690390.875,693858.4375,683227.625,696419,693690.125,694699.875,688923.375,688904.5,688761.625,688581.1875,688578.6875,688654.375,688598.8125,688818.6875,688873.8125,689023.8125,689197.8125,688987.75,689054.875
688974.9375,688914.875,689280.25,687228.0625,691991.125,691036.5,690391.1875,693857.4375,683225.5625,696417,693689.875,694701.25,688924.0625,688903.8125,688761.625,688580.375,688578.1875,688654.625,688600.5625,688815.25,688872.375,689023.125,689196.8125,688987.125,689052.1875
688980.5,688913.8125,689278.875,687227.625,691988.125,691033.5,690388.625,693854.75,683223.625,696413.6875,693687.375,694699.75,688916.75,688900.3125,688757.125,688577.125,688574.9375,688648.4375,688595.5,688809.625,688870,689016,689188.0625,688982.125,689048.25
688971.5625,688909.5,689272,687220.75,691978.375,691022.75,690381.125,693849.375,683217.4375,696408.8125,693680.25,694692.5625,688909.4375,688887.875,688748,688569.5,688564.25,688643.125,688589.9375,688803.25,688861.5,689010.5,689185.9375,688970.5,689040.5625
688962.5625,688904.25,689267.625,687215.875,691967.8125,691014.75,690373.4375,693837.875,683216.75,696402,693676.5,694685.5625,688905.625,688885.125,688744.875,688564.3125,688562.5625,688641.8125,688585.9375,688802,688861.125,689004.625,689182,688970.0625,689041.25
688965.75,688900.3125,689267.1875,687217.1875,691963,691017.25,690373.1875,693839.875,683218.0625,696401.25,693673.75,694685.125,688909.75,688890.875,688752.25,688571.625,688567.5,688640.5,688586.8125,688802.4375,688863.0625,689009.6875,689184,688972.5,689041
688951.875,688902.5625,689268.1875,687219.75,691967.8125,691016.5625,690375.0625,693839.75,683219.4375,696401.125,693676.875,694690.25,688910.6875,688890.375,688746.625,688568.5,688563.875,688642.4375,688586.5,688803.0625,688858.4375,689006.25,689180.625,688970.0625,689038.375
688949.4375,688897.875,689263.0625,687214.9375,691962.4375,691013,690370,693835.5625,683216.75,696395.75,693673,694684.0625,688903,688884.25,688743.375,688562.5,688561.5625,688636.375,688581.8125,688794.625,688854.75,689003.6875,689177.5625,688967.75,689036.5625
688961.5,688893.375,689259.4375,687212.375,691957.5,691011.9375,690366.9375,693833.25,683215.3125,696392.1875,693667.625,694677.375,688897.625,688879.3125,688738.125,688555.0625,688555.375,688628.8125,688576.25,688788.1875,688846.1875,688998.375,689169.9375,688956.375,689025.125
688945.25,688888.625,689253.1875,687208.75,691949.4375,691004.3125,690362.625,693827.125,683209.3125,696390.125,693663.375,694673.25,688895.0625,688877.5625,688741.375,688554.25,688553,688628.75,688577.375,688790.375,688847.75,689000.75,689171.8125,688960.125,689027.25
688947.625,688890,689256.625,687209.625,691953.6875,691008.125,690365.625,693829,683211,696390.6875,693669.875,694676.625,688900.25,688877.25,688744.375,688559.6875,688560.125,688632.125,688582.375,688794,688852.5625,689002.625,689177.625,688961.5625,689031.25
688955.25,688895,689260.5625,687213.125,691962.1875,691009.6875,690371.8125,693835.875,683219.375,696397.375,693670,694681.25,688902.1875,688887.875,688749,688564.25,688560.75,688638.875,688584.875,688799.375,688859.0625,689006.375,689180,688970.6875,689036.8125
688955.9375,688899,689265.0625,687216.125,691970,691016,690374.125,693839.25,683224.75,696400.875,693675.5625,694687.5,688912.25,688891.9375,688755.5,688574.0625,688567.5625,688647.4375,688589.5,688804.5,688865.25,689015.5625,689184.9375,688974.125,689043.375
688967.375,688904.4375,689270.5625,687226,691980,691028.75,690379.625,693851.25,683233.75,696406.8125,693687.1875,694693.0625,688920.5,688903.375,688758.875,688579.875,688580.25,688654.5,688602.25,688812.25,688874.75,689024.5,689196.75,688984.75,689049.5
688974.375,688913.625,689281.5,687231,691995.9375,691035.25,690392.5625,693859.25,683243.875,696418.8125,693694.5,694704.3125,688926.375,688910.5625,688769.75,688587.5625,688582.5625,688660.125,688608,688819.6875,688878.4375,689026.875,689202.75,688986.625,689058.1875
688981.1875,688922.1875,689287.875,687241.125,692004.25,691046.5625,690395.125,693865,683247.375,696419.4375,693696.75,694708,688931.125,688910.9375,688769.6875,688589.875,688586,688662.875,688612.125,688825.6875,688886.3125,689035.25,689207,688989.75,689062.5
688990.9375,688923.375,689292.25,687241.5625,692009.625,691049.75,690398.6875,693867.625,683255.25,696426.5,693703.125,694710.5,688937.375,688915.6875,688778.1875,688595.75,688591.75,688673,688618.125,688832.125,688889.5,689038.6875,689213.8125,688999.625,689072.4375
688987.5625,688931.8125,689298,687251,692020.375,691055.375,690405.5625,693875.6875,683264.125,696431.625,693711.3125,694719.25,688944,688922.875,688781.3125,688601.3125,688599.4375,688677,688622.125,688838.875,688895.625,689045.375,689218.8125,689005.25,689074
688999.375,688939.0625,689304.5,687253.0625,692027.125,691063,690414.4375,693881.1875,683269.0625,696439.75,693718.625,694727.25,688950.125,688930.3125,688790.5,688609.625,688608,688686.375,688629.625,688846.3125,688903.8125,689054.6875,689229.9375,689012.75,689082
689011,688946.125,689311.375,687264.625,692035.25,691074.9375,690422.8125,693891.875,683281.125,696448.625,693725.9375,694736.9375,688958.1875,688939.25,688798.0625,688619.375,688614.375,688690.6875,688636,688853.1875,688914,689060.25,689235.25,689018.625,689093.0625
689017.625,688950.625,689321.8125,687273.1875,692045.875,691082.5,690428.6875,693901.375,683287.375,696455.3125,693734.0625,694740.875,688967.375,688946,688806.75,688626.75,688623.1875,688702.375,688647.8125,688863.5,688921.125,689070.25,689245.875,689030.3125,689098.8125
689022.375,688962.625,689329.5,687281.375,692056.5625,691092.25,690437.625,693906.625,683294.25,696465.5625,693741,694750,688969.4375,688955.125,688814.5,688633,688631.1875,688704.875,688657.875,688869.6875,688928.8125,689080,689250.5,689037.125,689107.5625
689033.875,688969.3125,689336.625,687294.0625,692063.5,691103.375,690444.0625,693915.5625,683306.3125,696471.25,693746.875,694761.5,688982,688960.5625,688822.25,688640.6875,688639.4375,688716.9375,688665.25,688879.3125,688935.3125,689087.125,689261.375,689043.375,689116
689037.4375,688973.6875,689341.5,687295.625,692070.125,691107.75,690449.875,693920.875,683310.625,696479.375,693754.5,694762.625,688985,688967.125,688826.5,688645.375,688642.125,688718.625,688669.6875,688884.0625,688939.375,689088.25,689262.625,689044,689119.6875
689033.8125,688978.0625,689349.25,687303.0625,692075.25,691108.875,690455.9375,693924.375,683319.5,696483.5,693759.9375,694768.25,688989.0625,688971.375,688830.3125,688649.0625,688647.1875,688723.25,688668.875,688884.3125,688941.8125,689093.0625,689268.1875,689046.125,689119.0625
689036.25,688982.1875,689350.0625,687301.125,692075.6875,691109.75,690455.5625,693923.0625,683320.0625,696483.4375,693759.625,694768.1875,688991.5,688971.3125,688828.875,688647.8125,688644.4375,688722.5625,688666.375,688881.875,688942.5,689089.9375,689262.625,689043.625,689119.875
689039.875,688980.25,689348.0625,687304.9375,692070.9375,691105.6875,690453.0625,693918.375,683311.5,696479.375,693751.375,694761.75,688980.75,688962.5625,688822.75,688641.5,688640.3125,688713.375,688659.625,688873.5,688934.0625,689083.4375,689255.0625,689038.8125,689112.375
689038.0625,688975.625,689342.8125,687302.75,692063.4375,691103.0625,690449.25,693916.8125,683312.4375,696476.875,693752.5,694763.625,688982.5625,688963,688826.3125,688640.75,688643.8125,688716.25,688663.0625,688878.4375,688940.125,689085.125,689259.3125,689041.3125,689116.375
689036.25,688975.9375,689341.8125,687305.5625,692063.0625,691103.6875,690451.8125,693914.875,683316.625,696478.625,693756.125,694769.6875,688987.5,688968.75,688828.25,688646.75,688645.3125,688718.5,688668.8125,688885,688941.625,689089.375,689266.375,689050.3125,689124.9375
689040.25,688986.25,689349.125,687309.375,692071.75,691106.5,690459.375,693924.5,683324.25,696486.875,693759.375,694774,688994.625,688978.0625,688837.5,688654.6875,688652.8125,688729.75,688678,688892.625,688949.625,689097.25,689267.875,689051.75,689128.375
689044.0625,688988.375,689359.25,687314.4375,692079.5,691118.5,690465.5,693932.625,683334.125,696494.875,693768.75,694777.375,689003.75,688986.875,688845.25,688660.125,688661.875,688738.6875,688685.9375,688900,688958.6875,689105.25,689283.1875,689060.5,689137.4375
689053.1875,688998.75,689364.9375,687325.125,692091.9375,691126.3125,690474.375,693940.0625,683342.25,696500.9375,693773.6875,694788.8125,689013.0625,688992.25,688853.25,688667.125,688669.625,688744.375,688688.25,688904.375,688963.0625,689115,689287.8125,689069.625,689143.875
689064.0625,689003.4375,689372.1875,687331.125,692099.5,691133.25,690481.3125,693946.75,683348.375,696506.5,693783,694791.875,689014.0625,688997,688858.875,688674.6875,688671.3125,688751.25,688695.75,688910.125,688969,689116.375,689289.25,689069.75,689146
689059.0625,689003.875,689374.25,687335.0625,692101.625,691135.125,690480.75,693944.25,683349.625,696506.9375,693784.125,694789.625,689013.375,688996.625,688857.625,688670.5625,688668.0625,688749.25,688694.0625,688909.5,688966.5,689112.5625,689291.375,689069.625,689144.25
689054.5,689005,689371.75,687331.9375,692097.625,691130.75,690476.3125,693943,683350.5,696506.3125,693780.75,694788.375,689009.4375,688994.4375,688851.625,688669,688667.125,688743.875,688690.25,688905.5,688962.4375,689113.1875,689288.0625,689066.25,689140.75
689048.75,689001.8125,689366.3125,687331.125,692089.375,691127.8125,690474.25,693940.6875,683348.125,696501.75,693776.5,694785.6875,689002.625,688986.375,688846.25,688662.125,688658.625,688733.8125,688681.25,688895.3125,688952.625,689101.8125,689274.125,689053.125,689129.75
689033.125,688989.875,689358.8125,687324.875,692073.75,691111,690464.3125,693926.5,683338.0625,696488.625,693765.0625,694773.1875,688987.75,688972.1875,688832.875,688647.75,688646.1875,688721.3125,688667.875,688882.4375,688944.375,689089.3125,689267.125,689043,689123.4375
689026.5,688981.1875,689350.5625,687314.3125,692062.125,691100,690456,693917.125,683329.5,696478.875,693756.375,694763.625,688979.9375,688966.375,688825.5625,688641.5625,688642.5,688716.25,688659.9375,688875.25,688936.1875,689088.125,689259.125,689036.875,689116.9375
689022.8125,688976.75,689342.75,687310.875,692050.875,691097.125,690448.0625,693912.1875,683327.75,696477.75,693755,694759.875,688979.0625,688965.0625,688825,688642.75,688640.75,688717,688662.75,688880.5,688937.5625,689085.5625,689256.75,689038.25,689113
689023.6875,688976.9375,689345.25,687311.1875,692048.75,691095.25,690449.125,693910.125,683328.8125,696476.3125,693753.1875,694762.1875,688982.625,688968.625,688824.4375,688642.375,688643.1875,688721.125,688664.875,688878.1875,688938.125,689086.75,689260.6875,689038.625,689116.875
689025.375,688979.125,689346.5625,687311.5625,692055.875,691097,690453.6875,693919.0625,683333.625,696480.625,693755.125,694763.0625,688985.875,688968.0625,688830.375,688647.625,688645.5625,688726.375,688666.75,688881.75,688942.25,689090.875,689263,689043.875,689121.875
689028.8125,688982.25,689349,687316.5,692062.5,691105,690458.1875,693918.875,683335,696482.125,693756.9375,694769.5,688992,688972.4375,688830.3125,688648.25,688647.1875,688727,688670.5,688883.8125,688941.3125,689093.1875,689262.625,689041.125,689123.125
689029.375,688979.375,689350.9375,687320,692069.375,691105.0625,690454.5,693919.0625,683339.4375,696484.875,693754.625,694768.5,688987.8125,688973.375,688833.625,688647.4375,688647.875,688720.125,688668.625,688881.75,688942.625,689089.4375,689263.6875,689040.625,689118.5
689025.5625,688982.25,689347.125,687317.25,692066.1875,691103.25,690454.375,693914.875,683338.8125,696479.125,693753,694765.0625,688985.75,688967.8125,688828.625,688643.625,688644.0625,688716.9375,688663.375,688880.6875,688936.3125,689085.875,689258.4375,689036.1875,689117.375
689027.4375,688975.9375,689343.875,687316,692062.25,691098.5,690450.5625,693916.375,683335.625,696478.375,693752,694761.1875,688981.5625,688965.75,688824.375,688642.8125,688639.6875,688715.375,688663.4375,688878.125,688934,689083.4375,689261.8125,689035.0625,689118.125
689028.625,688979.5,689345.5625,687313.5,692065.5625,691101.375,690451.5625,693916.125,683343.4375,696483.8125,693759.0625,694767.375,688987.125,688970.6875,688831.625,688651.3125,688650.5625,688727.125,688672.8125,688886.125,688944.75,689094.9375,689266.875,689043.8125,689123.625
689037.25,688987.625,689350.9375,687323.875,692079.625,691112.75,690462.5625,693922.75,683349.75,696486.8125,693768.5,694774.75,688998.4375,688983.1875,688844.25,688659.875,688659.9375,688735.25,688683.375,688899.3125,688954.4375,689101.9375,689277.125,689054.625,689136.75
689049.6875,688999.4375,689366.125,687332.1875,692092,691125.25,690470,693939.375,683362.375,696499.4375,693778.1875,694787.75,689005.375,688993.0625,688852.8125,688667.75,688668.625,688743.625,688688.25,688904.125,688962.875,689114.4375,689287.25,689063.0625,689141.8125
689057.4375,689005.875,689371.9375,687337.375,692105.75,691138.375,690481.9375,693946,683373.125,696507.5625,693783.8125,694793.6875,689013.5,689000.3125,688861.5625,688676.5625,688678.875,688750.375,688697.25,688913.6875,688970.125,689120,689297.4375,689069.0625,689151.9375
689064.625,689014.3125,689381.3125,687345.375,692115.3125,691143.5,690483.375,693951.375,683380.5,696513.875,693787.75,694802,689017.25,689002.1875,688860.875,688676.875,688677.375,688752.125,688697.8125,688912.75,688971.3125,689123.25,689296.3125,689066.625,689152.125
689065.75,689014.0625,689382.8125,687347.5,692118.1875,691146.3125,690487.125,693954.125,683378.625,696514.9375,693791.5625,694800.25,689019.25,689005.75,688863.875,688681.375,688679.125,688755.5625,688704,688916.375,688975,689127.125,689298.5,689071,689155.0625
689065.0625,689013.1875,689381.5625,687352.4375,692117.375,691145.875,690487.625,693954.375,683379.875,696514.0625,693786.75,694798.6875,689013.0625,688998.0625,688853.1875,688676.125,688672.625,688747.4375,688693.4375,688909.75,688966.875,689115.6875,689288.6875,689060.9375,689143.0625
689054.125,689004.625,689371.375,687343.5,692101.75,691135.5625,690477.25,693942.75,683370.375,696506.125,693780.25,694787.375,689003.25,688990,688844.625,688665.75,688661,688736.875,688682.5,688900.375,688955.3125,689102.625,689277.25,689046.9375,689134.375
689041.8125,688993.0625,689361.25,687328.875,692085.5625,691115.6875,690464.75,693927.5,683358.875,696489.9375,693764.375,694771.1875,688985.125,688969.9375,688830.5,688644.875,688644.25,688720.875,688665.375,688880.9375,688941.375,689090.125,689261.9375,689029.25,689115.625
689029.9375,688979.625,689346.375,687321.625,692055.875,691097.5625,690447.875,693911.9375,683345.3125,696472.875,693751.75,694760.3125,688972.75,688956.125,688818.0625,688631.1875,688631.1875,688710.375,688653.125,688869.375,688927.1875,689073.875,689250.3125,689018.125,689103
689017,688969.875,689336.5,687310.0625,692040.375,691082.5625,690441.75,693895.75,683338.625,696465.9375,693741.125,694749.875,688968.25,688951.5625,688809.4375,688627.875,688624.6875,688701.375,688651.5625,688863.125,688920.5,689069.875,689243,689016.125,689101
689014.375,688960.3125,689329.6875,687307.1875,692036.3125,691081.3125,690441.125,693898.125,683340.125,696465.5625,693741.625,694753.0625,688973.0625,688956,688812.25,688630.375,688630.6875,688706.75,688654,688868.25,688926.375,689075.375,689247.4375,689017.125,689101.25
689017.75,688965.75,689333.1875,687309.9375,692043.875,691086.1875,690441.1875,693904.25,683343.125,696466.8125,693744.875,694752.75,688969.4375,688956.75,688815.875,688633.0625,688629.625,688707.25,688652,688869.4375,688927.625,689074.5,689249.6875,689021,689105.5
689020.875,688966.625,689333.4375,687311.625,692048.1875,691089.25,690443.875,693903.875,683345.125,696471.25,693745.3125,694752.875,688968.125,688955.5625,688814.625,688631.875,688629.3125,688705.125,688652.25,688864.875,688923.4375,689074.375,689244.375,689017,689101.5625
689013.75,688962.875,689333.125,687308.625,692049,691085.5,690436.8125,693905.0625,683345,696465.625,693739.875,694747.4375,688965.5,688949.25,688808,688623.375,688623.375,688699.75,688645.625,688860.9375,688918.4375,689067.1875,689239.5,689009.0625,689096.9375
688999.6875,688956.875,689322.75,687303.1875,692042.8125,691080.5625,690427,693894.75,683337.875,696458.75,693733.375,694739.75,688957.625,688940.6875,688800.9375,688618.25,688614.9375,688693.625,688641,688853.1875,688909.3125,689060.25,689232.125,689002.5625,689089.625
688997.625,688951.9375,689318.125,687300.375,692037.375,691073.8125,690427.375,693889.125,683335.125,696453.5,693727.875,694734.5,688949.9375,688937,688794,688612,688608.75,688687.125,688630.6875,688848.4375,688902.5625,689050.875,689226.625,688993,689081.625
688983,688941.875,689309.9375,687292.5,692023.75,691065.75,690416.1875,693877.75,683329.0625,696442.5625,693717.125,694725.875,688939,688926.3125,688785.375,688601.3125,688602.8125,688676.5625,688619.4375,688837.1875,688896.9375,689045.9375,689218.5,688983.4375,689074.375
688975.9375,688931.9375,689302.5625,687278.6875,692014.875,691055,690409.9375,693869.5,683320.5625,696439.0625,693710.9375,694719.9375,688934.875,688921.3125,688780.6875,688599.9375,688599.4375,688674.3125,688618.1875,688839.6875,688896.75,689041.125,689213.625,688984.75,689072.875
688971.5625,688930.5,689300.6875,687285.375,692018.5,691054.75,690407.25,693872.1875,683323,696436,693710.5,694719.6875,688940.0625,688927.25,688785.75,688606.625,688603.0625,688680.6875,688628.6875,688842.375,688902,689048.125,689225.3125,688991.125,689080.125
688979.5,688940.75,689311.3125,687289.4375,692032.25,691067.375,690415.375,693883.875,683333.875,696449,693725.9375,694731.625,688951.9375,688938.0625,688797.75,688614.25,688616.1875,688689.25,688635.6875,688851.5625,688912.4375,689059.125,689232.5,689001.75,689089.0625
688992.875,688948.375,689319.375,687299.9375,692043.875,691076.375,690423.1875,693892.25,683340.75,696453.5,693728.0625,694736.375,688955.625,688940.125,688800.625,688619,688613.1875,688694.9375,688634.75,688853.25,688912,689060.5,689234.625,689000.9375,689091.1875
688992,688951.3125,689317,687300.9375,692050.0625,691078,690424.625,693893.6875,683342.5625,696453.375,693731,694733.8125,688950.625,688941.3125,688800.5625,688618.375,688618.625,688693.75,688636.5625,688852.75,688912.125,689060.5625,689234.375,689001.625,689089.5
688992.1875,688946.75,689317.375,687299.875,692052.625,691079.4375,690424.75,693891.9375,683343.6875,696451.8125,693725.6875,694738.5,688950.0625,688936.25,688799,688616.875,688613.875,688689.6875,688634.375,688852.8125,688908.125,689054.5,689231.5,688997.75,689086.25
688985.6875,688946.125,689314.4375,687294.625,692048.4375,691074.5,690418.375,693884.6875,683337.4375,696447.4375,693720.875,694728.0625,688942.625,688930.5625,688789.5,688610.625,688607.5,688680.25,688625.375,688844.0625,688902,689047.875,689223.1875,688988.6875,689079.0625
688971.9375,688935.5,689306.1875,687289.5,692035.75,691062.8125,690415.25,693878.0625,683331.5,696440.0625,693714.375,694721.875,688935.75,688922.5625,688781.75,688602.1875,688600.5625,688671.5,688620,688837.25,688893.6875,689041.8125,689216.625,688981.625,689070.625
688970.3125,688934.375,689300.5,687287.4375,692026,691058.0625,690405.5625,693875.9375,683326.875,696433.625,693706.8125,694714.4375,688929.3125,688918.4375,688780.125,688598,688595.5,688672.875,688615.75,688831.25,688893.0625,689036.875,689213.5,688980.3125,689069.3125
688970.3125,688932.4375,689299.3125,687287.875,692031.125,691060.0625,690407.5625,693874.625,683330.875,696437.375,693714.3125,694722.125,688938.875,688922.875,688786.25,688605.125,688604.3125,688677.5,688622.8125,688837.1875,688897.75,689042.875,689217.875,688983.1875,689073.625
688973.4375,688935,689299.625,687288.125,692031.3125,691061.5,690405.625,693875.9375,683333.375,696434.625,693710.9375,694719.3125,688935.5625,688919.6875,688782.5625,688598.125,688596.25,688671.8125,688616.875,688831.125,688892.625,689041.1875,689214.4375,688978.4375,689069.9375
688970.5625,688931.75,689299,687288,692035.5,691060.5625,690407,693877,683338.6875,696436.125,693710.5,694719.5,688938.6875,688925.25,688786.625,688608.125,688601.5,688679.5,688625.75,688840,688901.375,689048.8125,689220.875,688983.125,689079.25
688980.375,688934.3125,689304.25,687295.5,692043.875,691067.8125,690412.375,693883.6875,683339.3125,696442.125,693713.375,694725.5625,688944.625,688931.875,688792.1875,688609,688608.375,688683.75,688632.75,688843.5,688905.75,689053.4375,689227.375,688991.25,689082.75
688992.4375,688944.3125,689311.625,687301.1875,692055.75,691077.8125,690418.6875,693890.5625,683349.3125,696449.5,693726.8125,694732.8125,688952.5,688939.9375,688803.8125,688620.625,688615.875,688694.125,688641.875,688855.875,688917,689061.8125,689237.1875,689001.25,689094.5
688990.75,688953.1875,689319.6875,687311.3125,692065.6875,691091.5,690429.125,693900.5625,683361.5625,696461.375,693736.625,694744.4375,688965.875,688955.3125,688819,688634.3125,688632.25,688706.3125,688654.0625,688869.3125,688925.6875,689075.5,689250.875,689014.6875,689108.4375
689006.8125,688968.625,689332.8125,687323.4375,692081.5625,691104.5,690441.1875,693913.75,683372.8125,696471.9375,693746.8125,694753.625,688975.25,688963.6875,688823.4375,688642.5,688639.3125,688716.625,688663,688876.8125,688936.3125,689084.0625,689262.625,689023,689116.3125
689020.3125,688977.4375,689347.75,687329.25,692096.5625,691116,690452.125,693923.75,683382.875,696481.3125,693757.5,694763.875,688981.625,688969.375,688833.4375,688647.1875,688645.9375,688720.625,688665.6875,688880.5,688938.5,689085.875,689261.5625,689021.875,689115.375
689016,688978.625,689348.25,687335.6875,692098.5,691118.875,690451.875,693925.75,683385.9375,696482.5625,693755.875,694764.125,688982.625,688968.0625,688833.8125,688644.9375,688644.125,688720,688668.25,688883.125,688942.625,689090.375,689263.5,689028.5,689121
689027.375,688980.875,689348.75,687339.625,692105.375,691116.25,690457.8125,693927.5625,683390.6875,696489.125,693762.1875,694771.1875,688990.5625,688979.25,688841.875,688658.4375,688658.875,688730.875,688681.375,688894.875,688952.75,689099.5,689273.375,689036.5625,689131.1875
689038.75,688989.5,689359.375,687347.125,692114.3125,691128.8125,690468.1875,693939,683403.6875,696501.625,693772.875,694779.3125,688997.5625,688985.6875,688850.875,688667.25,688663.0625,688738,688685.125,688898.4375,688958.4375,689103.6875,689278.8125,689044.25,689137.5
689044.25,688997.625,689365.9375,687356.3125,692118.1875,691133.125,690470,693942.4375,683406.3125,696500.5,693775.625,694784.4375,689001,688988.6875,688851,688668.625,688664.6875,688738.5,688686.1875,688901.8125,688959.375,689106.5625,689279.375,689041.5,689137.625
689041.5625,688998.5,689364.25,687356.375,692118.875,691132.4375,690470.125,693941.1875,683406,696497.1875,693771.8125,694782.8125,688997.5625,688986.3125,688848.5,688663,688665,688737.875,688685.75,688901.9375,688960.5,689107.125,689281.3125,689041.5625,689137.375
689045.3125,688997.1875,689365.3125,687359.6875,692116.875,691132.625,690472.4375,693941.75,683409.375,696502.125,693776.5625,694783.125,689000.25,688986.1875,688846.625,688668,688663.0625,688739.75,688684.9375,688900.6875,688957.875,689105.5,689280.625,689040.125,689138.4375
689046.75,688997.25,689363.75,687357.1875,692108.0625,691130.9375,690468.375,693941.125,683409.625,696499.25,693772.4375,694779.3125,688995.625,688985.25,688845.9375,688663.75,688661.8125,688737.875,688683.875,688899.125,688956.9375,689102.4375,689278.8125,689041,689135.25
689047.4375,688996.625,689362.5,687361.125,692109.0625,691129.75,690471,693940.625,683409.4375,696501.25,693771.5,694782.5625,689002.4375,688990.875,688847.875,688666.25,688666.875,688740.125,688688.625,688901.3125,688961.75,689107.25,689281.875,689046.375,689139.25
689055.75,689001.1875,689370.25,687360.5,692118.5,691136.375,690476.5625,693943.875,683418.25,696507,693779.125,694790.5,689009.4375,688995.125,688857.5625,688676,688670.9375,688749.625,688694,688907,688967.25,689117.875,689289.625,689049.0625,689147.5625
689067.5,689007.4375,689375.5,687372.8125,692121.625,691141.75,690483.125,693953.125,683428.125,696515.625,693788.375,694799.0625,689018.75,689009,688873.5,688690.125,688687.25,688762,688706.8125,688926.125,688985.125,689131.625,689308.875,689067.5,689164.5
689086.3125,689021.1875,689395.6875,687387.4375,692148.25,691161.9375,690503.5,693970.9375,683445.25,696531.25,693805.875,694813.875,689034.75,689022.5,688886.875,688702.875,688699.875,688779.25,688725.3125,688941.5,689000.375,689146.5,689322.1875,689083.25,689180.75
689100.875,689039.75,689409.875,687400.875,692164.5,691180.125,690518,693990.875,683462.8125,696548.8125,693823.375,694831.3125,689054.3125,689045.125,688904.75,688723.1875,688720.5625,688795.125,688744.5,688956.8125,689017.25,689165.5625,689339.625,689098.25,689193.6875
689111,689055.625,689426.625,687416.5,692180.875,691197.375,690536.25,694006.3125,683479.625,696565.5625,693839.3125,694847.1875,689072.375,689060.9375,688924.625,688739.4375,688737.75,688814.625,688762.5,688975.0625,689037,689183,689356.25,689117.5,689214.125
689136.25,689072.875,689443.375,687433.75,692200.5625,691223.0625,690554.75,694027.1875,683496.125,696582.375,693857.5625,694865.3125,689088.875,689075.75,688939.25,688754,688750.875,688826,688774.6875,688985.875,689048,689195.375,689365.6875,689127.875,689226.5
689143.25,689087.375,689453.8125,687446.25,692211.25,691234.125,690563.1875,694036.1875,683506.625,696591.375,693868.8125,694876.75,689098.625,689086.1875,688946.125,688761.25,688759.3125,688838.5,688784.9375,688998.25,689060.0625,689206.3125,689379.625,689140.75,689238.25
689152.625,689097.5625,689462.8125,687457,692222.8125,691243.125,690572.8125,694041.9375,683519.5,696603.5,693875.0625,694887.8125,689109.4375,689098.625,688958.75,688777.5625,688775.625,688850.125,688795.3125,689013.375,689070.125,689219.0625,689390.625,689152.5625,689251.8125
689169.375,689110.25,689477.625,687470.3125,692236.125,691257.25,690588.25,694057.875,683535.25,696615.25,693890.875,694899.125,689119.875,689109.4375,688968.1875,688789.375,688785.75,688862,688805.875,689019.3125,689080.0625,689230.125,689403.0625,689161.9375,689262.5625
689185,689123.6875,689492.125,687483.625,692246.875,691268.5,690596.875,694066.25,683543.375,696625.625,693901.875,694910.9375,689127.4375,689115.75,688977.625,688794.0625,688795.125,688870.25,688815.25,689032.75,689093.0625,689239.625,689412.5,689167.875,689271.5625
689187.125,689130.9375,689500.0625,687493,692255.9375,691275.25,690603.25,694069.4375,683550.875,696634.25,693904.6875,694915.3125,689133.5,689120.875,688980.3125,688798.0625,688798.0625,688872.25,688817.5,689032,689092.75,689238.8125,689411.375,689170.5,689268.125
689187.8125,689131.875,689500.625,687495.125,692258.0625,691276,690606.625,694068.25,683551.25,696634,693907,694918.0625,689131.5625,689118.75,688980.0625,688798.0625,688794.6875,688870.125,688817.5625,689031.9375,689091.625,689236.375,689411.25,689170.375,689268.8125
689187.5,689128.6875,689497.125,687496.1875,692252.8125,691272.5625,690603.1875,694068.125,683556,696634,693903.25,694918.375,689133.5,689124.625,688985.5625,688802.8125,688800.625,688879.375,688820.9375,689036.75,689099.625,689247.125,689419.0625,689174.0625,689279.375
689196.1875,689139.5,689506.75,687505.6875,692263.1875,691280,690616.375,694078.375,683566,696644.3125,693920.3125,694927.75,689147.875,689140.3125,689002.5,688815.5,688815.875,688894.5,688839,689053.25,689114.875,689263.0625,689436.25,689193.875,689296.1875
689214.75,689155.0625,689524.625,687520.375,692281.375,691299.25,690632.25,694096.75,683582.625,696658.5,693933.5,694944.4375,689159.5,689151.25,689008.375,688825.375,688822.125,688900.3125,688845.6875,689059.75,689116.375,689265.9375,689439.375,689195,689294.625
689221.5,689157.375,689523.1875,687528.4375,692283.4375,691297.5625,690631.5625,694094.3125,683582.4375,696656.875,693931.1875,694941.625,689150.75,689142.375,689002.5625,688820.9375,688817.125,688892.5625,688838.125,689052.4375,689111.125,689260.375,689432.75,689187.4375,689288.6875
689203.6875,689150.5,689516.5625,687521.9375,692270.6875,691288.875,690622.1875,694080.9375,683578.6875,696649.9375,693924.125,694932.1875,689142.5,689135,688995.25,688813,688808.875,688888.625,688831.3125,689048.5,689106.25,689253,689426.9375,689181.3125,689286.125
689205,689147,689513.75,687520,692269.375,691284.9375,690624.25,694084.25,683577.4375,696652,693926,694936.8125,689152.5,689141.375,689001.9375,688815.5625,688818.25,688892.4375,688838.8125,689051.5625,689114.75,689262.75,689434.625,689190.3125,689294.4375
689208.6875,689155.0625,689521.625,687522.75,692277.5625,691291.625,690630.875,694089.4375,683586.875,696660.125,693932.375,694944.75,689160.875,689148.5,689007.5,688825.75,688827.375,688900.75,688848.875,689059.4375,689123,689269.25,689441.1875,689197.375,689301.875
689222.25,689159.375,689530.375,687530.9375,692283.0625,691300.3125,690640.6875,694095.25,683593.75,696664.125,693941.8125,694949.625,689164.4375,689155.5,689014.125,688831.25,688828.375,688907.4375,688852.375,689062.75,689127.375,689272.8125,689451.1875,689202.75,689307.25
689229.0625,689170.375,689537.5625,687541.375,692293.25,691304.6875,690646.375,694100,683603.1875,696672.4375,693946.625,694956.125,689172.25,689163.6875,689023.0625,688844.6875,688839.125,688915.875,688862.8125,689074.625,689135.6875,689285,689460.375,689213.8125,689315.625
689235.375,689178,689546.5625,687545.625,692304.875,691317.75,690653.8125,694110.3125,683613.875,696681.5625,693955.125,694965.3125,689182.5,689173.625,689031.9375,688851.875,688845.5,688923.0625,688871.75,689085.625,689147.4375,689293,689468.25,689220.5,689326
689245.875,689187.125,689552.375,687554.3125,692315.6875,691326.75,690660.5,694119.75,683621.1875,696689.75,693962.1875,694970.375,689185.3125,689182.25,689038.625,688856.125,688850.6875,688929.25,688876.375,689091.5,689150.25,689298.1875,689470.6875,689222.625,689328
689247.5,689187.5,689555,687559.4375,692317.125,691331.25,690663.6875,694120,683621.5,696691.25,693963.875,694974.5,689187.4375,689179.625,689038.5,688857.125,688853.1875,688930.9375,688876.125,689090.75,689150.3125,689298.8125,689474,689223.4375,689328.8125
689248.75,689192.5625,689555.75,687563.375,692318.6875,691329.0625,690664.5,694121.875,683623.875,696692.1875,693968.625,694975.75,689188.625,689181.3125,689038.1875,688855.25,688852.375,688928.875,688874.5,689090.875,689147.125,689295.875,689466.9375,689222.125,689327.5
689247.125,689187.75,689554.375,687561.3125,692317.1875,691326.75,690662.75,694115.9375,683627.375,696691.625,693965.875,694979.3125,689188,689179.0625,689039.4375,688854.625,688852.625,688932.4375,688875.125,689089.25,689149.625,689296.1875,689473.625,689225.3125,689331.3125
689252,689190.9375,689559.4375,687568.125,692321,691330.9375,690665.0625,694122.5625,683630.5625,696694.4375,693967.75,694982.625,689196.5,689187.375,689045.0625,688864.75,688860.5,688939.625,688884.875,689097.5625,689156.625,689307.5625,689480.6875,689233.25,689338.25
689258.75,689203.125,689565.75,687571.3125,692326.25,691336.375,690674.3125,694132.625,683643.1875,696702.625,693975.375,694989,689204.25,689193.75,689055.5625,688868.0625,688869.6875,688946.875,688889.3125,689108,689164.625,689314.75,689487.75,689239.4375,689347.625
689263,689206.8125,689573.125,687577.625,692336.875,691344.625,690681.25,694136.8125,683646.75,696709.25,693982.8125,694994.25,689210.375,689199.9375,689056.8125,688872.25,688871.375,688947.25,688895.375,689110,689167.625,689319.9375,689492.375,689242.375,689349.0625
689264.75,689211.8125,689577.5625,687584.4375,692344.25,691350.875,690685.375,694141.75,683653.8125,696714.625,693989.125,694996,689214.75,689200,689061.625,688877.4375,688877,688951.5625,688899.125,689113.375,689174.375,689321.75,689496,689245.3125,689353.75
689272.875,689216.125,689577.5625,687583.625,692343.875,691353.375,690686.25,694141.875,683656.125,696713.5,693991.125,694998.125,689214.625,689202.75,689064.0625,688878,688875,688954.375,688898.625,689114.125,689174.4375,689319.9375,689497.1875,689242.1875,689351.5625
689272.125,689213.375,689578.375,687586.25,692344,691352.25,690686.5,694137.375,683651.5625,696709.9375,693986,694998.5,689208.25,689197.5625,689058.6875,688873.125,688871,688947.125,688892.25,689112.125,689166.1875,689312.1875,689486.75,689238.25,689345.5625
689262.1875,689206.3125,689570.5625,687583.6875,692333.25,691342.25,690677.8125,694133.625,683648.125,696705.3125,693979.625,694987.875,689198.4375,689185.625,689045.3125,688860.25,688857.8125,688936.75,688882.25,689095,689158.625,689303.75,689475.625,689222.625,689334.75
689249.875,689197.75,689562.125,687571.625,692311.625,691328.8125,690664.875,694118.8125,683637.875,696691.625,693967.4375,694976.9375,689185.125,689172.875,689038.0625,688852.75,688848.375,688924.4375,688869.625,689087.1875,689145.625,689293.75,689467.625,689214.9375,689323.6875
689240.25,689186.9375,689552.75,687567.5,692299.4375,691316.5,690657.875,694106.5625,683630.9375,696683.5,693962.75,694969.6875,689181.8125,689170.125,689032,688851.1875,688846,688922,688871.375,689087.1875,689143.5,689295.3125,689466.9375,689210.25,689325.0625
689244.6875,689185.9375,689550.75,687563.375,692296.25,691313.0625,690656.3125,694109.125,683633.375,696685.375,693960.25,694971,689183.375,689176.3125,689037.375,688851.1875,688849.0625,688923.8125,688869.9375,689085.25,689145.6875,689296.625,689468.8125,689217.625,689326.875
689246.375,689187.125,689557.125,687568.625,692301.125,691317.5625,690661.625,694110.875,683639,696685.6875,693963.75,694979.5,689193.1875,689183.875,689041.5625,688859.6875,688855.375,688934.0625,688878.5,689092.4375,689156.125,689303.375,689474.9375,689220.625,689331.875
689251,689193,689561,687573.6875,692316.625,691326.9375,690667.8125,694119.6875,683645.0625,696694.9375,693970.3125,694981.375,689197.875,689185.6875,689047,688865,688863.375,688939.625,688884.5,689099.0625,689155.875,689303,689480.375,689223.625,689340.875
689260.125,689197.5625,689565.25,687579.5,692322.5625,691332.875,690673.0625,694125,683651.875,696699.125,693977.25,694988.25,689203.75,689195.75,689055,688871.125,688870.6875,688946.875,688893.0625,689108.1875,689168.5,689315.125,689491.5625,689237.125,689349.625
689268.25,689208.875,689577.5625,687590.375,692338.25,691345.6875,690687.625,694141.3125,683664.125,696709.5,693988.6875,695001.625,689216.125,689208.75,689067.5625,688884.125,688881.5625,688957.8125,688901.1875,689118.8125,689176.8125,689328.5,689501.125,689248,689360.75
689273.375,689218.5,689587.1875,687600.3125,692350.9375,691359.4375,690694.5,694149.125,683673.0625,696720.75,693994.625,695008.125,689219.75,689211.5,689070.25,688887.8125,688885.5,688960.125,688907.5625,689124.3125,689181.75,689328.875,689505.5625,689251.8125,689360.5
689279.4375,689220.625,689589.4375,687602.25,692355.9375,691366.125,690697.125,694151,683676.5625,696720,693999.125,695008.625,689224,689217,689073.1875,688891,688888.625,688964.5,688911.25,689125.125,689183.8125,689332.125,689509.9375,689252,689364.9375
689277.875,689223.375,689595.5625,687604.4375,692358.625,691368.0625,690701.125,694154.875,683681.1875,696727.5,694003.6875,695016,689231.8125,689225.625,689083.4375,688901.625,688898.6875,688976.25,688921.875,689135.625,689196.625,689344.5,689516.375,689261.1875,689373.5
689291.75,689235.125,689603.75,687615,692371.125,691382,690711.625,694168.375,683694.25,696735.375,694015.875,695025.3125,689239.875,689231.5,689093.625,688912,688905,688983.8125,688929.0625,689143.5,689203.625,689348.625,689525.9375,689269.25,689384.0625
689288.5,689242,689615.5,687619.5,692381.5625,691385.25,690719.6875,694174.75,683704.75,696743.75,694018,695031.25,689246.375,689237.125,689094.5,688916.625,688910.875,688987.375,688935.5625,689149.25,689211.75,689353.125,689532.5,689270.9375,689389.4375
689297,689248,689618.5,687626.1875,692386.8125,691391.75,690726.1875,694180.3125,683710.875,696751.5625,694023.625,695037.625,689251.8125,689243.6875,689103.375,688918.4375,688916.25,688994.625,688940.5,689153.125,689215.5625,689360,689534.0625,689276.5625,689393.375
689302.625,689250.3125,689619.9375,687630,692389.375,691394.4375,690725,694179.25,683713.4375,696749.6875,694027.125,695037.25,689251.5,689242.1875,689102.1875,688917.5625,688915.625,688993.8125,688936.125,689150.625,689210.375,689358.5,689534.0625,689274.375,689390.0625
689298.8125,689251.75,689617.1875,687632.5,692388.25,691392.875,690721.75,694174.375,683708.875,696746.5625,694022.5625,695034,689246.125,689236.9375,689092.5625,688912.75,688908.75,688987.125,688932.75,689147.8125,689204.9375,689354.0625,689528.4375,689268.1875,689382
689292.875,689246.1875,689613.8125,687625.875,692379.125,691388.125,690717.4375,694170.125,683709.75,696743.625,694020.6875,695029.9375,689242.625,689234.625,689093,688911.625,688908.625,688984.625,688926.75,689145.5,689207.4375,689350.3125,689526.3125,689268.6875,689380.75
689289.25,689244.875,689611.9375,687630.25,692375.9375,691385.25,690719.6875,694172.5625,683711.5625,696746.9375,694023.75,695033.875,689246.375,689238.6875,689097.1875,688914.625,688914,688987.1875,688933.1875,689151,689210.375,689357.875,689532.5,689272.125,689388.5
689297.4375,689251,689619.0625,687636.375,692385.3125,691388.375,690723.625,694179.3125,683715.875,696750.6875,694026.5,695040.125,689254.0625,689246.375,689105.6875,688922.1875,688922.875,688993.6875,688944.4375,689159.875,689217.625,689364.5,689539.4375,689280.5,689400
689309.75,689260.5625,689628.375,687643.125,692394.0625,691398.25,690735.125,694184.375,683726.9375,696761.125,694034.4375,695052.25,689261.875,689255.375,689113.75,688930.6875,688929.3125,689006.25,688953.25,689170.3125,689228.8125,689375.25,689551.3125,689291.75,689408.5
689318.75,689268.125,689640.25,687653.1875,692410.9375,691414.375,690748.625,694197.4375,683742.4375,696772.4375,694050.5,695063,689282.4375,689275.0625,689132,688951,688950.125,689026.75,688975.6875,689191.625,689252.75,689399.5,689576.1875,689314.6875,689431.3125
689344.375,689293.125,689664.375,687675.25,692432.75,691441.1875,690774.3125,694225.0625,683767.25,696799.125,694074.5,695091,689307.4375,689299.375,689160.3125,688977.4375,688976.1875,689052.375,689001.1875,689214.25,689279.875,689423.0625,689598.875,689342.25,689458.5
689366.25,689319.75,689687.125,687694.0625,692453.0625,691470.875,690795.625,694250,683795.5625,696824.25,694097.8125,695114.6875,689330.5625,689325.875,689185.625,688999.0625,689000.125,689077.5625,689024.9375,689240.75,689299.4375,689446.75,689621.9375,689361.1875,689480.125
689393.25,689339,689710.25,687717.1875,692465.375,691492,690815,694272.125,683814.125,696840.0625,694115,695131.8125,689350.375,689339.3125,689199.5,689017.625,689013.875,689090.9375,689037.25,689251.8125,689312.875,689459.625,689632.875,689372.75,689490.9375
689401.25,689349.375,689719.4375,687727.4375,692474.625,691504.625,690825.0625,694282.875,683822.375,696850.125,694125,695138.875,689355.9375,689347.5,689202.8125,689024.6875,689019.375,689096.375,689043.6875,689255.125,689315.625,689464.875,689635.5,689374.875,689493.375
689402.1875,689354.625,689725.625,687733.875,692483.375,691509.75,690831.125,694286.375,683829.375,696854.375,694132.5625,695146.125,689361,689350.5625,689208.6875,689028,689022.4375,689098.8125,689047,689261.5625,689319,689467.75,689644.125,689379.4375,689501.5625
689401.8125,689361.125,689727.5,687739.9375,692489.6875,691510.375,690837.8125,694283.8125,683832.25,696861.5625,694135.75,695148.875,689358.375,689351.75,689209.5,689027.375,689029.6875,689104.5,689050.5,689261.875,689323.125,689467.875,689645.5,689381.625,689503.875
689407.125,689364,689734.0625,687749.5,692497.5625,691515.5,690837.5625,694288.375,683837.75,696861,694140.3125,695152,689364.75,689356.625,689214.4375,689032.75,689036.5,689109,689053.125,689271.125,689327.875,689478.125,689654.4375,689387.1875,689511.25
689414.5,689369.4375,689738.6875,687758.375,692508.4375,691522.625,690845.875,694295.0625,683848.1875,696867.4375,694148.8125,695159.3125,689374,689366.625,689229.4375,689042.25,689037.5625,689117.625,689064.5,689279.375,689337.75,689486.5,689662.375,689397.875,689518.125
689424,689380.375,689749.9375,687768.75,692524.125,691530.3125,690857.375,694300.375,683856.3125,696877.625,694160.25,695170.875,689383.625,689376.125,689230.3125,689050.0625,689048.6875,689123.8125,689071.625,689286.3125,689341.5,689494.0625,689666.1875,689401.1875,689528.125
689429.125,689385.25,689751.5625,687772.5,692525.9375,691533.4375,690861.5,694304.3125,683861.5,696879.375,694158.625,695174.6875,689382.8125,689373.875,689234.125,689048.4375,689046.75,689121.75,689069,689282.875,689340.25,689491,689663.75,689396.25,689520.5
689419.5,689380.6875,689748.4375,687772.4375,692521.75,691526.8125,690853.25,694301.1875,683858.125,696873.6875,694150,695164.125,689371.9375,689365.9375,689222.875,689039.5,689036.5625,689113,689061.1875,689271.875,689331.8125,689482.375,689655.0625,689388.8125,689511
689410.6875,689372.25,689742.8125,687766,692505,691517.625,690846.8125,694291.5625,683851.125,696868.875,694145.25,695163.6875,689372.1875,689362.125,689218.5,689042.875,689037.5625,689116.125,689057.625,689277.8125,689337.1875,689484.75,689655.3125,689392.125,689517.25
689410.9375,689375.75,689744.875,687770.5,692510.125,691517.375,690850.875,694293.375,683851.5,696869.125,694151.75,695164.25,689376.25,689366.25,689225.3125,689047,689040.125,689117.1875,689064.6875,689276.5,689338.5,689487.125,689661.1875,689394.375,689518.0625
689416.875,689377.625,689748.1875,687772.875,692516.125,691520.75,690852.5625,694296.5,683861,696875.375,694156,695170.3125,689378.25,689372.125,689232.375,689051.625,689044.6875,689125.25,689070.3125,689281.3125,689344.6875,689495.25,689664.625,689400.375,689527
689424.5,689383.6875,689753.1875,687779.75,692523.6875,691530.875,690859.75,694304.5,683867.875,696882.5625,694163.625,695171.125,689384.375,689375.625,689236.5625,689053.8125,689051.375,689128.0625,689075.3125,689289.3125,689347.625,689497.4375,689669,689404.375,689529.0625
689431.75,689386.125,689759.25,687779,692530.375,691531,690864.125,694307.4375,683874,696886.625,694166.875,695176.1875,689388.375,689378.625,689238,689057.875,689054.125,689134.0625,689080.3125,689291.125,689353.5,689503.4375,689677.8125,689408.1875,689535.125
689434.25,689390.0625,689763.6875,687787,692535.875,691535.625,690870.3125,694308.25,683881.8125,696893.0625,694167.4375,695184,689393.4375,689383.1875,689243.125,689065.75,689062.25,689135.9375,689082.4375,689296.5,689356.9375,689503.75,689681.1875,689410.375,689537.1875
689440.375,689396.375,689767.875,687790.75,692541.9375,691542.5625,690871.9375,694315.125,683885.0625,696894.6875,694176,695188.25,689399.3125,689394.625,689251.5625,689071.125,689066.1875,689142.8125,689090.25,689303.4375,689363.6875,689511.8125,689687,689416.3125,689541.3125
689445.3125,689400.5625,689769.25,687798.0625,692548.25,691546.25,690877.4375,694319.4375,683890.125,696901,694178.1875,695192.125,689402.625,689397,689254.6875,689073.625,689067.1875,689149.875,689093.25,689306.8125,689367.875,689517.25,689688.6875,689420.75,689548.0625
689455.5,689407.8125,689777.4375,687803.125,692554.6875,691554.75,690886.25,694325.5,683898.125,696906.75,694183.4375,695196.625,689414,689407.125,689262.625,689084.125,689077.875,689158.875,689103.8125,689318.0625,689379.0625,689528.25,689697.875,689430.75,689558.875
689463.0625,689417.625,689787.375,687811.5625,692565.875,691567.75,690893,694335.875,683906.875,696913.5,694197.375,695208.125,689419.875,689413.8125,689270.5,689089.125,689084.625,689164.625,689107.5625,689324.4375,689384.4375,689529.75,689702,689436.1875,689562.1875
689460.5625,689421.625,689792.1875,687816,692568.5,691572.625,690896,694337.5625,683910.5625,696920.25,694200.3125,695212.1875,689425.5625,689414.0625,689273.375,689091.3125,689086.1875,689165.75,689109.9375,689323,689384.875,689534.0625,689705.125,689436.8125,689565.5625
689464.9375,689426.5,689793.4375,687819.375,692574,691574.375,690900.875,694339.6875,683915.3125,696922.5,694202.5625,695213.625,689427.25,689415.5625,689275.125,689090.75,689089.25,689169.6875,689111.5625,689326.9375,689386.8125,689532.5625,689708.8125,689434.3125,689564
689465.375,689424.625,689794.875,687820.6875,692574.125,691568.6875,690901.25,694339.875,683915.375,696923.125,694202.75,695214.3125,689420.625,689414.0625,689274.875,689095.6875,689088.5,689164.625,689112.4375,689325.875,689384.125,689530.5625,689707.75,689436.9375,689562.875
689467.25,689426.25,689797.5625,687820.5625,692572,691572.75,690903.75,694339.75,683921.1875,696919.5,694202.5625,695217.875,689421.9375,689414,689273.0625,689093.6875,689090.0625,689165.25,689110.375,689326.1875,689380.625,689532,689704.9375,689435.3125,689561
689458.25,689421.1875,689793,687821.375,692566.375,691566.25,690894.0625,694335.6875,683913.6875,696915.125,694195.875,695206.375,689413.1875,689406,689264.0625,689083.5,689078.875,689156.75,689102.1875,689315.625,689375.125,689525.5,689696.9375,689426.9375,689556.75
689454.9375,689417.5,689785.625,687815.125,692556.375,691560.75,690891.3125,694326.375,683914.25,696911.5625,694191.8125,695206.5,689414,689406.9375,689265.6875,689083.25,689077.375,689159.375,689103.875,689317.375,689374.75,689527.375,689699.4375,689428.1875,689558.625
689462.75,689417,689790.125,687822.4375,692560.9375,691565.375,690894.9375,694330.6875,683919.6875,696916.75,694195.5,695212.1875,689421.5625,689416.25,689274.875,689091.9375,689089.75,689167.4375,689112.875,689326.3125,689387.125,689536.875,689708.125,689438.625,689570.625
689467.1875,689425.875,689797.25,687827.4375,692571.75,691574.75,690903.25,694342.625,683929.125,696924.875,694203.4375,695216.5625,689424.3125,689418.875,689277.5625,689093.1875,689088.6875,689167.375,689112.25,689324.5,689384,689533.6875,689707.125,689433.625,689564.6875
689466,689420.3125,689793.125,687820.625,692562.5625,691561.625,690895,694332.4375,683918.5,696916.3125,694192.375,695206.125,689409.6875,689403.625,689258.8125,689080.5,689073.5,689146.9375,689095.5625,689306.875,689366.1875,689516.9375,689686.125,689418.4375,689548.5
689455.5625,689406.75,689774.75,687807.4375,692539.9375,691545,690879.6875,694316.25,683908,696898.5,694182.5,695194.6875,689399.25,689392.1875,689249.9375,689069.5,689063.75,689140,689084.125,689298,689356.8125,689508.6875,689683.25,689407.25,689540.3125
689454,689398.4375,689766.9375,687805.9375,692526.875,691540.125,690871.8125,694311,683901.1875,696895.125,694177.5625,695183.75,689397.5625,689389.25,689246.75,689069.0625,689063.6875,689139.125,689081.875,689300.5,689360.0625,689509,689680.3125,689407.75,689542.25
689455.6875,689399.25,689772,687810.5,692532.5625,691542.375,690878.75,694312.1875,683911.125,696901.5625,694184.0625,695196,689411.375,689405.875,689257.75,689078.8125,689076.125,689151.1875,689098,689313.5,689372.625,689523.875,689694.6875,689422.4375,689558.4375
689470.875,689413.5,689783.875,687813.4375,692550.0625,691553.5,690890.5,694332.5625,683923.375,696913.625,694191.375,695202.5625,689417.25,689408.25,689267.4375,689087.875,689083.0625,689156.25,689101.5,689315.625,689378.25,689526.375,689697,689422.5625,689557.375
689466.25,689416.25,689785.5625,687818.875,692552.8125,691559.25,690887.4375,694328.1875,683923.5,696914.3125,694192.625,695203.75,689417,689409,689262.1875,689087.125,689078.6875,689159.3125,689102.4375,689317,689376.5625,689524.375,689697.4375,689420.6875,689557
689467.125,689416.25,689786.375,687817,692556.625,691560.5,690892.25,694330.125,683923.1875,696911.9375,694193.75,695204.875,689414.9375,689407.5,689264.125,689084.5,689081.25,689157.75,689102.625,689318.125,689375.875,689524.25,689697.75,689420,689554.875
689463,689418.8125,689784.0625,687822.75,692559.75,691557.5,690889.5,694328.5,683925.75,696915.125,694189.75,695208.5,689413.6875,689407.25,689264,689083.75,689082.375,689159.9375,689102.8125,689321.3125,689381.5625,689525,689699.875,689424.6875,689560.125
689471.125,689419.0625,689789.5,687823.8125,692565.5625,691566.75,690897.75,694336.875,683932.875,696918.8125,694198.875,695209.3125,689424.875,689414.25,689273.5,689092.625,689088.125,689166.3125,689112.4375,689328,689386.3125,689537.5,689709.0625,689432.5625,689568.6875
689474.3125,689424.3125,689797.4375,687832.1875,692576.75,691574.125,690903.8125,694342.5,683944.4375,696926,694205.5625,695214.375,689432.75,689422.8125,689279.0625,689099.5,689096.875,689170.9375,689117.4375,689334.125,689392,689542.8125,689715.5625,689438.4375,689576.8125
689479.25,689435.3125,689801.625,687839.25,692586,691582.875,690909,694351.125,683949.75,696931.8125,694209.5,695224.375,689438.0625,689430.5625,689289,689107.25,689104.875,689178.25,689125.625,689340.5625,689402.4375,689548.25,689721.9375,689446.75,689580.5625
689490,689439.6875,689813.625,687842.75,692598.6875,691591.75,690916.5625,694358.25,683959.125,696938.75,694219.5,695232.5625,689442.75,689436.9375,689293.5,689113.1875,689109.9375,689184.75,689132.25,689349.75,689406.25,689555,689725,689452.75,689588.1875
689496.3125,689447.75,689817.1875,687853.5,692604.875,691599.3125,690926.5,694364.4375,683964.6875,696949.6875,694226.1875,695240.6875,689454.625,689448.375,689303.0625,689124.3125,689122.4375,689196.375,689141.625,689357.75,689420.75,689564.6875,689739.75,689463.5,689599.9375
689505.5625,689458.8125,689830,687860.5625,692617.625,691612.8125,690937,694378.75,683977.4375,696956.625,694237.25,695250.375,689465,689458.125,689312.4375,689133.25,689128.4375,689206.125,689154.9375,689370.3125,689427.5625,689575.0625,689748.8125,689470.75,689608
689512.1875,689467.5,689840.0625,687868.8125,692625.75,691622.75,690945.9375,694385.75,683986.125,696968.5,694244.25,695260.75,689473.125,689465.625,689322.25,689142.5625,689136,689214,689156.75,689372,689432.75,689582.25,689758.125,689478.25,689616.5625
689523.375,689472.375,689844.25,687878.4375,692633.8125,691627.5625,690950.125,694393.1875,683995.6875,696972.5,694250.6875,695259.875,689473,689466.8125,689324.375,689142.8125,689139.3125,689214,689161.75,689376.75,689436.25,689581.25,689757.1875,689477.875,689613.6875
689517.1875,689473.625,689846.875,687877.875,692636.25,691627.8125,690950.0625,694388.6875,683996.9375,696969.375,694249.9375,695260.6875,689471.75,689458.875,689315.25,689135.5,689133.5,689207.625,689154.75,689367.4375,689426.75,689575.625,689749.875,689468.25,689609.625
689507.25,689468.4375,689838.5,687870.0625,692622.4375,691619.3125,690942.25,694383.125,683988.625,696968.875,694244.9375,695255,689465.875,689458.4375,689311.8125,689136.125,689128.8125,689205.3125,689152.5,689368.6875,689424.9375,689573.1875,689748.25,689468.6875,689608.4375
689503.5,689467.625,689836.875,687877.625,692620.125,691616.5,690942.8125,694383.4375,683993.625,696965.75,694243.6875,695258.625,689471.875,689463.5,689318.375,689140.0625,689136,689210,689160.5625,689371.8125,689435.6875,689581.375,689756.1875,689474.875,689615.625
689512.5,689474.375,689845.5625,687887.75,692630.5,691627.5625,690950.75,694385.25,683998.875,696974.375,694254.375,695269.125,689479.4375,689474,689330.125,689147.75,689146.1875,689220.0625,689166.5,689385.75,689443,689589,689765.5,689485.3125,689627.125
689523.6875,689486,689857.125,687895.5,692643.8125,691635.6875,690961.9375,694399,684013.125,696986.625,694264.3125,695278.8125,689493.625,689485.3125,689342.4375,689166,689160.375,689236.1875,689184.4375,689399.75,689458.4375,689609.3125,689781.9375,689503,689639.5
689538.125,689499.375,689871.375,687906.75,692661.25,691658.375,690977,694419.25,684030.5625,697001.5625,694283.75,695294.375,689512.25,689501.3125,689360.25,689180.5,689177.125,689251.375,689199.875,689413.25,689472.1875,689622.4375,689795.125,689511.625,689653.1875
689552.25,689510.6875,689884.125,687923.0625,692669.875,691667.75,690989.0625,694426.75,684043.1875,697012.25,694290.375,695301.1875,689517.375,689507.125,689365.375,689184.5,689183.125,689258.0625,689203.75,689420.75,689478.1875,689627.625,689801.125,689517.8125,689660
689556.5,689518,689887.5,687923.1875,692675,691677.8125,690995.25,694432.625,684044.5,697016.25,694295.5625,695309.9375,689522.4375,689515.9375,689373.75,689193.125,689185.75,689261.8125,689209.6875,689424.0625,689482.375,689631.5,689807.375,689522.875,689664.6875
689564.3125,689523.4375,689894.0625,687930.375,692685.0625,691677.875,690998.5,694437.1875,684050.5625,697021.75,694299.3125,695309.125,689522.1875,689515.125,689371.375,689192.875,689187.625,689261.9375,689208.6875,689425.5,689486,689632.875,689806.375,689523.8125,689666.875
689561.625,689525.625,689894.75,687932.375,692683,691677.75,690999.4375,694437.25,684052.25,697023.5,694301.3125,695313.625,689521.75,689516.3125,689377.5,689196.1875,689191.1875,689268.1875,689213.125,689433.6875,689487.5625,689637.875,689812.5625,689527.875,689670.375
689570.0625,689531.9375,689901.375,687940,692692.875,691688.5,691008.125,694443.4375,684065,697034.5,694312,695328.75,689546.25,689539.0625,689397.8125,689219.4375,689213.1875,689291.1875,689240.75,689456.75,689516.8125,689664.3125,689839.5,689556.25,689702.4375
689601.75,689562.25,689929.875,687969.375,692723.5,691721.75,691039,694479.25,684101,697065.125,694347.875,695358.4375,689578.75,689575.0625,689433.75,689250.5625,689252.25,689325.375,689273.0625,689489.125,689550.3125,689693.875,689871.375,689588.625,689732
689635.0625,689588.8125,689958.8125,687995.375,692739.0625,691751.75,691069.75,694509.6875,684127.375,697092.25,694373.1875,695388.375,689605.75,689602.75,689459.6875,689281.75,689273.625,689350.125,689297.8125,689513.8125,689575.125,689720.5625,689895,689608.875,689757.125
689662.875,689613.6875,689984.6875,688017.625,692756.75,691777.625,691092,694536.8125,684155,697118.4375,694397.875,695410.875,689629,689623.4375,689479.5,689302.125,689298.4375,689372.75,689322.5,689533.25,689595.5625,689741.8125,689918.25,689632,689775.875
689681.8125,689631.5,690003.1875,688036.3125,692766.75,691799.75,691110.0625,694552.1875,684169.5,697131.625,694411.8125,695424.375,689630.75,689627.25,689484.3125,689302.625,689297.875,689373.6875,689320.5,689536.9375,689592.625,689741,689914.5,689626.75,689772.625
689675.875,689628.875,690000.875,688030.5625,692766.25,691787.875,691102.25,694540.5,684157.875,697125.5625,694402.625,695415.875,689622.75,689615.125,689475.375,689295.0625,689286.625,689363.4375,689310.5625,689524,689584.3125,689731.25,689907.5,689618.6875,689764.0625
689667.75,689626.125,689995.625,688029.0625,692766.5,691782,691100.625,694536.5,684158.0625,697122.5,694404.75,695416.5625,689629,689621.8125,689481.5625,689299.5,689298.75,689372.75,689319.6875,689536.625,689598.125,689746,689919.625,689633.875,689781.75
689692.5,689642.75,690014.6875,688054.75,692792.875,691802.875,691120.875,694553.125,684182.1875,697144.375,694425.375,695442.875,689656.875,689653.0625,689512.5,689331.25,689326.9375,689406.125,689350.9375,689570.125,689626.3125,689777.25,689953.0625,689662.625,689810.375
689725.875,689669.125,690044.0625,688077.5,692818.0625,691830.75,691146.8125,694578.6875,684210.0625,697168.6875,694450.375,695461.625,689674.625,689670.875,689530.375,689345.75,689340.5625,689417.1875,689365.75,689576.3125,689640.75,689788.4375,689957.375,689671.75,689820.5
689732.25,689678.75,690046.375,688081.9375,692818.625,691838.625,691149.625,694584.3125,684213.5,697170.5625,694454.125,695464.125,689673.6875,689668.375,689523,689342.5625,689340.0625,689413.75,689362,689578.25,689635.625,689780.625,689959.4375,689670.3125,689816.1875
689725.5,689677.625,690048.125,688084.875,692821.875,691834,691149.625,694579.3125,684214.25,697171.5625,694453.25,695463.625,689676.5625,689670.875,689528.0625,689347.375,689338,689418.6875,689366.375,689579.125,689640.375,689789.9375,689964.0625,689672.75,689822.625
689737.4375,689683,690053.6875,688095.25,692832.75,691840.9375,691159.0625,694585.875,684222.8125,697180.9375,694464.3125,695478.25,689692.8125,689684.875,689543.875,689364.9375,689357.375,689436.625,689383.25,689596.125,689658.875,689806.125,689983.8125,689694.375,689840.5625
689756.625,689701.3125,690068.625,688116.125,692858.6875,691865.5625,691178.125,694607,684242.875,697198.8125,694483,695500.25,689710.9375,689707.375,689564.375,689379.5,689378.5,689456.125,689401.625,689615.9375,689679,689824.6875,689998.125,689711.3125,689859
689776.375,689719.625,690087.5625,688127.8125,692876.125,691880.75,691195,694620,684259,697215.3125,694495.25,695511.875,689721,689715.75,689571.375,689389.125,689386.625,689463.25,689406.625,689622.625,689684.125,689828.875,690004.875,689714.6875,689864.25
689780.5,689721.5,690089,688131.25,692878.0625,691877.875,691197.375,694615.125,684259,697210.75,694491.375,695510.5625,689711.875,689706.125,689562.8125,689384.3125,689373.875,689450.5625,689394.75,689609.625,689669.25,689815.375,689988.4375,689700,689846.9375
689762.8125,689708.625,690076,688121.25,692862.8125,691860.875,691182,694600.75,684243.1875,697200.375,694476.375,695495.6875,689693.0625,689691.1875,689546.375,689363.375,689360.6875,689437.5625,689381.8125,689596.625,689654.9375,689801.5625,689975,689689.5,689835
689752.625,689699,690064.9375,688115.5,692849,691847.1875,691173.25,694594.0625,684238.4375,697193.5,694475.375,695492.125,689698.5,689693.25,689546.5,689371.1875,689365.625,689444.3125,689388.75,689606.5625,689666,689813.5,689988.125,689696.25,689845.5625
689762.125,689709.625,690081.125,688130.0625,692865.25,691864.3125,691190,694605.25,684258,697211.25,694493.4375,695509.625,689723.5,689717.25,689574.125,689392.75,689391.1875,689468.4375,689412.125,689626.8125,689689.875,689837.25,690009.375,689721.625,689870.375
689786.875,689731.9375,690102.625,688146.625,692891.125,691890.5625,691207.75,694626,684274.3125,697226.625,694507.625,695524.3125,689735.625,689731.125,689585.9375,689404.9375,689398.625,689476.75,689421.125,689636.1875,689701.1875,689844.0625,690018.0625,689725.375,689874.3125
689788.25,689735.375,690103.1875,688146.8125,692889.625,691885.9375,691205.875,694625.75,684276.25,697222.375,694502.8125,695516.1875,689718.875,689712.1875,689568.625,689384.75,689381.3125,689457,689397.25,689615.6875,689671.5,689817.1875,689991.5,689696.625,689847.5
689750.3125,689707.875,690075,688123.1875,692854.9375,691849.125,691176.5,694588.0625,684249.125,697190.875,694472.8125,695486.8125,689680.9375,689675.125,689527.125,689345.125,689339.9375,689415.375,689361.625,689577.4375,689635.25,689781.25,689953.5,689662.375,689813.8125
689711.8125,689674.625,690044.5,688096.8125,692800.375,691814.6875,691149.0625,694556.9375,684219.9375,697166.8125,694445.875,695462.625,689664.6875,689658.625,689515.3125,689333.25,689332.125,689408.25,689351.8125,689567,689627.5625,689774.6875,689950.0625,689656.375,689811.25
689711.1875,689671.75,690045.375,688093.75,692796.125,691811.8125,691149.375,694562.125,684224.625,697170.3125,694454.5,695470.9375,689680.0625,689671.125,689532.5625,689352.875,689352.25,689426.5,689371.25,689588.875,689647.75,689797.4375,689971.5625,689677.625,689831.1875
689738.1875,689693.5,690063.125,688117.625,692832.25,691840.6875,691172.5,694588.8125,684253.875,697195.25,694480.0625,695491.875,689706.125,689702.5,689563.1875,689382.4375,689377.125,689453.1875,689399.9375,689614.625,689677.5625,689824.3125,689996.5,689702.5,689858.375
689759.125,689716.1875,690088.4375,688134.75,692860.375,691864.625,691193.8125,694608.0625,684273,697212.1875,694493.6875,695505.9375,689715,689710.875,689568.25,689383.8125,689380,689456,689399.3125,689613.625,689674.25,689823.1875,689996.125,689698.0625,689853.4375
689742.375,689709.6875,690078,688126.1875,692856.625,691857.875,691181.25,694595.0625,684261,697198.25,694478,695491.1875,689688.0625,689675.75,689536.8125,689352.125,689346.625,689420.625,689368.0625,689581.375,689642,689786.375,689958.375,689664,689815
689707.625,689676.1875,690042.1875,688096.75,692806.8125,691815,691143.25,694554.6875,684224.625,697160,694440,695451.1875,689649.9375,689642.4375,689497.8125,689316,689313.5,689388.5,689332.375,689549.6875,689609.9375,689753.5,689925.625,689633.4375,689788.625
689686.125,689648.0625,690016.8125,688071.1875,692764.25,691788.0625,691121.5,694534.125,684210.375,697144.0625,694426.125,695434.4375,689644.25,689638.8125,689495.125,689313.8125,689308.75,689387.5,689334.3125,689550.3125,689610.6875,689758.5,689932.4375,689637.5625,689793.25
689701.3125,689653.5,690023.375,688082.875,692780.6875,691796.5,691136.8125,694548.625,684222.4375,697158.6875,694443.5,695455.875,689672.75,689666.75,689527.875,689346.25,689346.5625,689420.9375,689369.9375,689586.8125,689647.1875,689796.875,689969.375,689674.0625,689830
689735.75,689690.625,690062.1875,688115.0625,692825.75,691837.8125,691172.25,694588.375,684261.625,697190.875,694475.6875,695491.375,689707.4375,689705.75,689563.4375,689378.4375,689376.375,689454,689398.25,689617.375,689672.625,689820.625,689992.5,689696.75,689853.4375
689756.625,689712.625,690082.625,688130.5625,692847,691866.875,691188.4375,694611.125,684275.375,697207.875,694488.4375,695501.625,689708.125,689703.1875,689560.75,689380,689373.125,689454,689393.8125,689610.5625,689666.375,689816.125,689987.5,689691.25,689845.6875
689744,689706.9375,690077.1875,688127,692847.5625,691858.1875,691179,694599.4375,684266,697195.125,694478.8125,695490.625,689691,689684.3125,689541.125,689358.125,689352.25,689430.125,689374.5,689589.75,689645.125,689793.5,689967.4375,689666.5625,689825.375
689710.9375,689684.625,690056,688109.875,692823.375,691832.875,691156.125,694575.3125,684245.3125,697170.625,694456.5625,695465.9375,689663.0625,689658.875,689515.5625,689335.3125,689332.25,689408.1875,689350.9375,689567,689625.875,689773.6875,689943.375,689650.3125,689808.8125
689704.4375,689665.75,690039.4375,688097,692799.3125,691815,691145.25,694559.375,684233.6875,697165.0625,694445.875,695456.9375,689661.3125,689658,689515.6875,689340.6875,689335.75,689411.375,689358.625,689574.75,689630.5625,689781.3125,689954.75,689657.625,689816.3125
689715.0625,689674.5,690047,688106.125,692819.3125,691821.9375,691154.4375,694571.25,684247.875,697175.875,694460.875,695471.8125,689685.75,689681.3125,689541.375,689361.25,689354.5,689433.25,689380.0625,689594.25,689658.25,689804.875,689975.75,689683.1875,689841.375
689746.125,689702.5625,690073.25,688127.5625,692853.75,691855.125,691178.4375,694598,684274.6875,697201.8125,694485.6875,695498.375,689715.875,689711.8125,689567,689388.875,689384.0625,689463.125,689406.5,689621,689683.1875,689830.875,690004.75,689707.1875,689868.4375
689773.1875,689724.3125,690096.9375,688148,692880.6875,691882.25,691202.375,694624.9375,684297.75,697225.6875,694507,695517.1875,689730.25,689727.375,689587.25,689405,689403.375,689478.125,689423.125,689639,689698.875,689845.3125,690014.6875,689718.125,689878.125
689781.3125,689736.375,690108.375,688160.875,692889.75,691895.6875,691212.8125,694632.4375,684303.25,697229.75,694515.625,695524.6875,689734.9375,689728.875,689586.75,689404.375,689402,689480.625,689422.5625,689639.5,689697.625,689844.0625,690016.75,689719.6875,689879
689785.3125,689738.375,690111.375,688160.875,692899.5,691898.0625,691211.875,694636.25,684311,697235.875,694516.75,695531.5625,689736.9375,689734.375,689590.6875,689408.125,689408.125,689483.125,689428,689644.5,689702.75,689851.8125,690023.75,689725.6875,689883.25
689789.4375,689743,690114.3125,688170.3125,692908.4375,691905.3125,691216.3125,694638.0625,684319.875,697238.0625,694520.5625,695531.625,689742.5625,689737.25,689592.5625,689411.5625,689410.75,689487.4375,689430.25,689647,689703.75,689855.5625,690026.3125,689724,689888.375
689796.25,689744.75,690116.8125,688173.6875,692916.3125,691903.0625,691220.6875,694642.125,684320,697242.625,694522.125,695533.4375,689743.125,689735.6875,689597.875,689412.5,689408.125,689484.9375,689430.625,689644.75,689706.75,689853.875,690026.875,689727.375,689888.6875
689803.4375,689746.5,690118.4375,688174.625,692919.4375,691902.8125,691221.75,694638.4375,684321.5625,697241,694524.75,695533.6875,689742.4375,689736.9375,689594,689412.625,689412.625,689485.75,689435.5,689648.25,689704.625,689855.875,690029.9375,689723.0625,689889.9375
689802.125,689744.9375,690118.6875,688177.625,692920.875,691905.625,691224,694640.5,684326.25,697243.8125,694531.1875,695539.75,689750.25,689745.875,689602.8125,689423.8125,689417.875,689496.5,689442.4375,689654.875,689716.8125,689863.4375,690035.5625,689733.875,689897.875
689813.375,689753.625,690125.75,688187.1875,692933.6875,691913.625,691232.1875,694646.5625,684329.75,697253.75,694537.125,695546.3125,689753.875,689748.0625,689607.625,689424.75,689422.1875,689497.5625,689443.375,689657.25,689715.625,689865.75,690035.125,689731.125,689896.375
689815.0625,689755.75,690129.25,688186.3125,692935.625,691907.625,691231.3125,694647.75,684333.0625,697249.375,694531,695543.875,689747.8125,689740.5625,689599.9375,689419.375,689416.9375,689488.875,689435.0625,689653.25,689707.875,689856.25,690028.6875,689724.875,689890.25
689801.25,689748.75,690118.8125,688181.3125,692922.5,691902.125,691222.125,694635.5,684325.6875,697239,694522.125,695535.5,689742.5625,689734.375,689592.5625,689411.5,689407.875,689484.9375,689431.5,689643.4375,689702.1875,689853.875,690023.375,689723.25,689885.5
689799.5,689743.625,690114.375,688179.3125,692918.75,691903.375,691222,694632.1875,684326.625,697241.8125,694525.0625,695539.9375,689745.625,689741.25,689602.8125,689421.25,689413.625,689496.125,689442.375,689654.9375,689712.625,689860.875,690035.125,689732.875,689897.875
689815.625,689757.625,690125.6875,688193.1875,692934.6875,691911.625,691235,694649.125,684343.1875,697258.0625,694544.6875,695553.75,689768.5,689767.875,689625.0625,689444,689441,689519.9375,689467.875,689681.5625,689740.0625,689889.625,690063,689758.8125,689924.5
689852,689783,690152.5,688216.125,692964.0625,691941,691263.125,694678.75,684372.625,697284.75,694570,695579.9375,689801,689797.25,689651.9375,689471.1875,689471,689548.875,689493.4375,689709.3125,689768.1875,689916.375,690088.125,689787.1875,689953.0625
689879.875,689808.875,690181.875,688239.875,692980.5,691974.0625,691290,694707.25,684399.0625,697307.625,694592.375,695603.625,689820.5625,689814.0625,689670.6875,689488.6875,689487.4375,689562.875,689510.0625,689723.0625,689784.0625,689931.375,690101.375,689795.875,689962.5625
689889.4375,689819.9375,690191.9375,688248.1875,692983.375,691981.125,691296.75,694713.625,684404.875,697313,694596.75,695609.375,689817.8125,689810.25,689666.5,689483.375,689480.0625,689559.375,689500.75,689715.625,689775,689921.375,690092.375,689788.25,689956.375
689878.125,689809.875,690179.875,688238.375,692973.625,691968.4375,691284.9375,694700.375,684393.5,697301.875,694584,695596.25,689798.8125,689791.375,689647,689467.625,689465.6875,689541.9375,689481.875,689698.0625,689757.4375,689903.0625,690073.875,689768.625,689936.25
689850.5625,689795.125,690165.875,688228.5,692957.375,691949.3125,691265.0625,694680.75,684377.625,697284.0625,694567.8125,695578.5,689777.125,689772.1875,689626.75,689440.5625,689443.375,689521.75,689461.1875,689676.125,689738.8125,689885,690054.25,689749.4375,689915.5
689837.25,689774.6875,690147.1875,688211.3125,692923.8125,691924.125,691246.3125,694656.25,684359.25,697265.6875,694549.125,695560,689761.9375,689756.5,689612.5625,689429.5,689423,689502.1875,689445.875,689661,689722.75,689869.625,690039.625,689733.6875,689902.125
689827.4375,689757.8125,690130.25,688199.125,692900.3125,691902,691233.125,694639.0625,684347.75,697248.4375,694536.25,695547.875,689749.625,689743.25,689600.5,689421.1875,689414.4375,689495.0625,689438.1875,689653.4375,689709.5,689861,690031.5625,689727.5,689891.5625
689817.5625,689750.5,690123.375,688193.1875,692894.6875,691893.25,691224.375,694628.0625,684339.5,697243.375,694526.5,695536.75,689742.4375,689731.375,689591.5,689411.125,689404.625,689484.75,689426.75,689641.125,689699.3125,689849.25,690021.5,689712.625,689880.875
689808.25,689739.375,690111.875,688184.25,692877,691880.3125,691213.6875,694620.3125,684326.75,697230.3125,694516.75,695527.4375,689734.25,689725.6875,689578.4375,689397.125,689396.5,689470.75,689414.0625,689629.5,689684.625,689836.625,690013.1875,689702.4375,689870
689789.3125,689725.25,690098.1875,688174.125,692866.625,691864.6875,691200.125,694608.375,684317.125,697216.875,694502.625,695513.125,689717.8125,689709.6875,689568.8125,689387,689381,689460.125,689402.625,689614.5,689676.9375,689823.0625,689994.6875,689689.25,689856.3125
689775.125,689716.25,690086.875,688166.5625,692854.875,691853.125,691190.75,694593.125,684308.0625,697207.5625,694492.5625,695502.75,689709.9375,689704.75,689563.0625,689378.25,689375,689452.75,689400.125,689611.625,689674.75,689820.75,689999,689686.375,689857.5625
689778.0625,689712.625,690087.625,688164.375,692859.125,691851.25,691185.5625,694594.625,684311.375,697205.75,694494.6875,695505,689712.125,689704.9375,689562.8125,689378.6875,689379.375,689455.375,689400.5625,689617,689674.625,689823.25,689992.8125,689685.5625,689854.3125
689778,689709.0625,690082.875,688159.75,692861.125,691857.25,691186.9375,694593.125,684311.8125,697203.5,694488.8125,695502.375,689709.625,689701.8125,689558.125,689377.875,689372.25,689449.75,689393.625,689608.875,689665.625,689814.3125,689987,689677.375,689850.9375
689754.5,689703.375,690078.5,688154.4375,692857.4375,691848.1875,691181,694589.3125,684309.125,697199.6875,694481.625,695490.75,689701.125,689690.875,689550.6875,689364.25,689361.5625,689437.1875,689383.75,689599,689656.3125,689806,689975.5,689665.5,689837.4375
689748.4375,689694.5,690066.1875,688144.125,692850.6875,691840.375,691170.5,694578.625,684299.625,697187.125,694472.875,695485.375,689692,689686.875,689542.25,689357.5,689359.3125,689434.3125,689379.875,689595.375,689652.625,689807.1875,689974.875,689666.5625,689835.125
689753.0625,689696.375,690069.0625,688146.5625,692853.0625,691840.9375,691172.625,694581.1875,684304.6875,697193.4375,694473.625,695490.375,689696.3125,689692.125,689550.3125,689364.0625,689365.3125,689439.9375,689385.5,689602.5,689658.4375,689810.5,689982.8125,689668.375,689843.6875
689765.3125,689703.375,690072.8125,688150.5,692866.75,691850.125,691178.25,694587,684313.75,697197.5625,694484.4375,695494.875,689707.125,689701.1875,689560.0625,689378.25,689375.5,689455.5625,689398.1875,689611.3125,689672.625,689821.25,689994.4375,689678.6875,689856.25
689771,689713.625,690085,688158.8125,692885.5,691865.5625,691189.375,694602.25,684320.375,697209.375,694492.1875,695505,689717,689709.4375,689570.375,689384.9375,689383.0625,689460.5625,689403.4375,689618.0625,689676.625,689830.75,689998.75,689687.4375,689861.75
689771,689718.8125,690089.0625,688166.25,692899.75,691872.5625,691195.625,694610.3125,684331.75,697211.5,694495.5,695509.9375,689720.125,689712.75,689570.6875,689391.5,689387.125,689464.375,689406.25,689622.25,689681.375,689830.875,690005.75,689689.125,689862.25
689780.9375,689721.75,690093.75,688169.75,692907.75,691877.5,691196.625,694614.625,684334.5,697217.375,694498.8125,695511.3125,689719.125,689712.625,689571.9375,689390.625,689388.125,689461.9375,689408.375,689626.125,689679.3125,689833.25,690000.625,689686.375,689863.75
689781.1875,689719.4375,690097.5,688169.75,692908.4375,691881.25,691199.0625,694616.5625,684338.75,697219.4375,694498.4375,695518.0625,689725.625,689719.3125,689578.875,689398.6875,689391.3125,689471.125,689414.3125,689630.9375,689690.0625,689839.0625,690012.5625,689699.6875,689875.3125
689793.125,689730.5,690105,688181.5,692920.5625,691894.0625,691209.375,694626.8125,684348.4375,697227.75,694510.0625,695524.625,689738,689731.875,689591.625,689407.4375,689406.25,689483.5,689427.8125,689644.4375,689705.3125,689851.5,690025.375,689709.0625,689887.5625
689807.75,689743.75,690120.75,688192.75,692938.75,691909.375,691224.125,694642.375,684365,697242.875,694530.5625,695540.375,689757.625,689751.1875,689610.625,689430.625,689425.0625,689505.125,689448.5,689664.375,689723,689873.125,690045.6875,689728.1875,689905.9375
689821.875,689764.4375,690136.625,688210.625,692960.6875,691933.625,691245.75,694663.4375,684386.8125,697264.875,694551.875,695560.875,689779.375,689774.25,689631.125,689450.625,689445.9375,689522.75,689467.25,689684.375,689745.375,689896.1875,690067.5,689751.3125,689929.5
689852.1875,689785.9375,690160.875,688224.25,692977.5,691954.875,691266.375,694687.75,684409.375,697285.5625,694570.625,695583.8125,689800.3125,689793.375,689654,689468.4375,689463.5,689541.5,689485.625,689703,689761,689915.3125,690084.25,689768.625,689946.3125
689862,689802.125,690176.125,688238.8125,692988.25,691978.5,691282.8125,694704.3125,684427.4375,697302.875,694582.375,695599.5,689817.4375,689808.8125,689668.5,689483.6875,689484.125,689562.625,689504.6875,689719.375,689779.9375,689932.125,690104.5,689786.5625,689965.5
689885.3125,689820.0625,690194.5,688257.5625,693007,691997.5625,691301.3125,694723.5,684451,697324.9375,694607.625,695622.25,689841.8125,689835.6875,689693.75,689511.375,689505.625,689586.75,689530.3125,689748.375,689803.0625,689955.75,690129,689808.6875,689990
689923.125,689845.125,690225.875,688286.375,693023.0625,692024.4375,691326.75,694750.3125,684469,697350.9375,694631,695647.5,689861.3125,689854.125,689713.75,689532.1875,689527.875,689606.5,689549.625,689767.8125,689825.5625,689977.5625,690148.75,689831,690008.875
689946,689864.5,690240.5625,688304.125,693037.125,692045.5625,691344.4375,694766.625,684491.875,697366.125,694646.5625,695662,689874.125,689870.3125,689730,689541.875,689543.1875,689621.125,689561.1875,689778.125,689836.875,689987.4375,690157.125,689839.625,690020.3125
689947.875,689875.625,690248,688317.1875,693042.8125,692045.0625,691351.9375,694772,684496.375,697367.5625,694649.5,695665.5,689875.5,689868.625,689724.6875,689540.75,689535.3125,689613.125,689557.5625,689775.25,689832.25,689983.1875,690150.5625,689831.25,690014.75
689943.125,689870.5,690241.625,688314.5,693046,692046,691347.25,694763.375,684491.5625,697363.875,694646.8125,695662.5625,689872.75,689863.625,689723.125,689535.5,689532.5,689612.5,689554.25,689769.25,689828.1875,689980.125,690148.8125,689831.5625,690007
689935.75,689868.25,690237.625,688313.4375,693043.0625,692033.1875,691343.625,694755.125,684486.75,697359.375,694643.6875,695656.125,689862.1875,689852.125,689715.125,689531.5,689525.625,689603.25,689544.25,689764.0625,689822.125,689969.5,690141.625,689820.6875,690001.5
689934.0625,689856.8125,690231.3125,688312.5,693036.25,692019.125,691333.4375,694744.625,684478.8125,697350.625,694635,695648.125,689857.375,689847,689705.9375,689522.75,689516.5,689595.625,689538.6875,689755.75,689812.5625,689964.9375,690135.0625,689811.625,689998.375
689924.0625,689849.875,690225.3125,688306.75,693029.625,692015.25,691327.75,694740.25,684473.4375,697348,694629.75,695643.625,689854.3125,689842.25,689703.625,689519.625,689515.0625,689593.375,689538.875,689755.375,689815.3125,689965.75,690134.875,689813.75,689997.5625
689929.375,689852.8125,690228.75,688313.25,693032.5,692012.875,691328.875,694736.625,684481.625,697348.375,694632.75,695645.5625,689860,689852.625,689706.5625,689527.4375,689520.5,689598.25,689547,689760.75,689820.375,689969.9375,690143.375,689819.375,690006.5
689944.25,689863.125,690233.6875,688322.25,693048,692019.75,691338.875,694745.6875,684485.625,697354.625,694643.8125,695654.75,689869.125,689860.625,689721,689537.5625,689532.875,689612.75,689556.9375,689775.0625,689830.3125,689982.625,690152.8125,689830.5625,690014.5
689946,689872.375,690244.9375,688328.625,693059.75,692031.5,691349.75,694756.9375,684496.1875,697368.625,694651.75,695664.75,689882.25,689876.3125,689733.75,689551.75,689547.875,689625.125,689569.625,689786.3125,689845.125,689994.5,690167,689845.6875,690030.9375
689965.6875,689885.875,690258.75,688340.3125,693078.75,692049.0625,691361.375,694770,684513.8125,697383.375,694669.375,695682.625,689898.1875,689888.125,689747.125,689566.25,689561.3125,689639.125,689582.4375,689800.5625,689861.125,690006.3125,690183.8125,689859.3125,690044.0625
689977,689896.375,690272.125,688353.5,693093.375,692061.875,691377.5,694783.75,684527.5,697394.5,694681.25,695692.625,689905.375,689898.0625,689756.1875,689575.375,689566.5,689645.5625,689594.4375,689808.125,689864.375,690013.875,690185.75,689862,690050.625
689981.625,689903.875,690280.25,688358.8125,693101.5,692071.5,691381.75,694788.6875,684532,697397.625,694685.6875,695698.125,689910.875,689901.25,689762.375,689573.6875,689574,689650.625,689594,689808.1875,689868.1875,690015.25,690189.75,689865.75,690049.6875
689982.4375,689906.875,690280.5,688360.3125,693101.25,692068.1875,691384.3125,694788.1875,684534.625,697398.125,694683.5,695698.1875,689907.5625,689898.0625,689760.125,689573.5,689569.25,689644.375,689589.625,689810.625,689869.9375,690015.625,690190,689865.0625,690050.625
689983.625,689906.5,690281.75,688365.9375,693103.375,692070.25,691383.125,694788.375,684539.75,697401.3125,694686.3125,695702.5,689912,689905.5625,689760.375,689584.25,689577.875,689650.5,689598.25,689817.375,689871.375,690024.4375,690196.125,689870,690055.3125
689998.375,689916,690288.75,688370.3125,693114.875,692078.6875,691396.875,694802.4375,684548.25,697410,694696,695709.4375,689924.9375,689914.6875,689775.625,689591.625,689584.625,689666.25,689610.0625,689827.375,689886.9375,690038,690208.875,689884.625,690070.9375
690016.125,689925.5625,690300.9375,688384.75,693128.4375,692094.6875,691406.1875,694812.625,684559.25,697421.375,694705.25,695722.75,689936.5625,689928.625,689786.5,689598.4375,689599,689671.875,689617.5625,689835.6875,689893.8125,690043.25,690214.625,689885.5625,690075.875
690018.8125,689931.8125,690305.0625,688391.125,693126.9375,692099.4375,691405.75,694813.6875,684563.375,697423.1875,694709.125,695723.375,689932.5625,689926.375,689783.0625,689601.125,689597.625,689669.3125,689616.25,689833.875,689888.0625,690040.125,690214.0625,689884.25,690073.1875
690015.5,689929.0625,690302.375,688386.5,693127.875,692091.3125,691405.6875,694808.6875,684565,697418,694705.5625,695718.75,689930.9375,689921.8125,689780.5625,689595.0625,689588.5,689666.8125,689607.625,689826.8125,689886,690035.3125,690207.4375,689877.375,690068.875
690001.5,689921.625,690295.9375,688381.375,693119.25,692082.5625,691398.75,694798.1875,684557.4375,697414,694699.875,695713.25,689922.375,689909.5,689769.625,689587.25,689580.5625,689655.6875,689601,689817.1875,689873.6875,690023.625,690195.375,689869.3125,690059.25
689995.6875,689911.625,690289.375,688379.375,693101.1875,692073.8125,691387.875,694786.9375,684551,697403.25,694692.5625,695705.6875,689914.6875,689904.375,689762.25,689581.3125,689577.875,689652,689594.0625,689810.9375,689868.375,690020.625,690192.875,689863.5,690053.0625
689983.625,689910.375,690283.0625,688377.1875,693090.125,692064.625,691387.75,694780.9375,684547.1875,697400.25,694686.8125,695700.3125,689912.125,689900.375,689758.5,689580.375,689574.625,689649.4375,689594.6875,689809.5,689869.75,690018.25,690193.0625,689861.8125,690054
689988,689909.3125,690285.125,688377.75,693094.6875,692065.75,691387.4375,694784.3125,684550.75,697405.9375,694691.1875,695706,689921.9375,689910.875,689768.1875,689586.625,689584.75,689660.3125,689604.5,689821.5625,689878.875,690029.25,690201.25,689871.5625,690065.5
690005.0625,689920.25,690293.125,688386.5625,693109.9375,692081.375,691398.1875,694794.5,684562.5625,697413.5,694703.5,695719.375,689931.25,689921,689783.1875,689597.5,689596.625,689672.625,689617.625,689831.8125,689889.0625,690042.4375,690213.625,689883.375,690073.375
690007.8125,689930.3125,690303.8125,688395.9375,693123.4375,692091.375,691409.6875,694807.75,684576.5,697425.9375,694714.4375,695722.875,689941.5625,689931.125,689788.0625,689605.625,689603.6875,689679.75,689624.5,689842.375,689899.75,690046.9375,690217.875,689889.6875,690082.375
690016.875,689936.75,690309.0625,688403.875,693131.8125,692096.875,691413.75,694808.25,684581.75,697428.5,694717.125,695729.3125,689945.0625,689934.625,689791.5625,689605.75,689603.0625,689679.75,689618.75,689838.1875,689898.375,690045.6875,690218.1875,689889.375,690079.0625
690005.5625,689939,690309.0625,688401.875,693132.1875,692099.5,691412.875,694809.125,684583.25,697426.1875,694713.1875,695729.875,689939,689928.125,689786.5,689603.8125,689597.4375,689677.125,689620.25,689836.375,689897.4375,690044.3125,690216.8125,689885.6875,690077.75
690007.5,689934.875,690309.375,688403.25,693132.375,692098,691413.5,694809.9375,684583.75,697428.375,694716.1875,695728.375,689940.875,689932.875,689788.5,689608,689602.8125,689682,689626.375,689842.8125,689902.4375,690050.0625,690223.125,689894,690085.75
690019.375,689942.375,690317.1875,688410.5,693140.25,692105.3125,691422.375,694822.5625,684594.125,697439.375,694728.125,695740.375,689958.875,689946.1875,689806.5625,689625.5,689623.375,689701,689644.875,689861.125,689918.125,690071,690241.375,689908.25,690103.5
690043.125,689959.125,690334.625,688428.625,693160.875,692127.125,691440.9375,694839.375,684614,697457.375,694743.1875,695757.625,689977.125,689967.625,689828,689639.375,689640.0625,689717.5,689662.4375,689879.3125,689936.625,690085.25,690259.5,689927.375,690121.375
690061.9375,689975.375,690351.375,688445.25,693183.75,692149.375,691458.875,694858.125,684634.0625,697475.3125,694760.875,695772.8125,689995.6875,689982.4375,689841.1875,689658,689657.375,689733.125,689681.625,689895.5625,689952.875,690107.125,690277.625,689944.4375,690141.1875
690079.375,689997.5,690372.1875,688454.875,693199.6875,692170.375,691477,694880.75,684653.875,697494.3125,694780.0625,695793.375,690015.25,690006.5625,689861.125,689682.375,689677.4375,689757.5625,689704.3125,689916.125,689973.75,690125.375,690297.875,689964.75,690160.375
690095.75,690016.25,690389.625,688471,693214.75,692188.8125,691493.1875,694900.25,684673.6875,697512.8125,694799.125,695811.875,690032.4375,690019.75,689877.5,689697.75,689693.5,689769.375,689714.25,689932.875,689991.75,690140.875,690311.5625,689979.875,690176.5625
690116.875,690035.125,690408.8125,688484.0625,693229.9375,692207.25,691510.75,694916.1875,684689.125,697527.875,694816.25,695830.0625,690052.125,690039.75,689893.8125,689715.9375,689714.875,689791.8125,689734.6875,689950.5625,690011.9375,690161.8125,690329.5,690001.1875,690194.6875
690126.5625,690052.25,690428.6875,688501.25,693247,692233.75,691533.75,694938.0625,684711.375,697550.625,694836.75,695851.375,690072.75,690064.3125,689921.625,689740.0625,689733.375,689812.1875,689759.125,689978,690033.5,690184.125,690356.5625,690023.6875,690221.9375
690162.375,690079.375,690453.0625,688526.3125,693262.875,692258.75,691559.875,694961.9375,684736.625,697575.25,694860.875,695881.9375,690103.6875,690089.375,689948.8125,689766.75,689764.4375,689843.125,689788,690005.25,690061.3125,690214.375,690384,690048.1875,690248.375
690193.1875,690104.5,690475.5,688552.75,693282.1875,692287.5,691583.625,694987.1875,684763.4375,697601.5625,694886.75,695900.9375,690122.75,690110.5625,689967.125,689787.5625,689786.9375,689862.1875,689806.3125,690023.75,690079.625,690230.3125,690401.375,690069.125,690265.125
690212.75,690122.5625,690496.5,688574.625,693293.6875,692301,691600.625,695005.0625,684779.4375,697615.5625,694903.875,695919,690140.5625,690127.125,689986.875,689800.25,689800.625,689876.375,689818,690039.625,690096.1875,690246.5625,690417.1875,690081.125,690279.625
690227.875,690138.625,690509.875,688595.125,693309.4375,692315.3125,691619,695018.8125,684795.625,697633.4375,694920.625,695932.5,690156.3125,690141.8125,689996.5625,689814.125,689815.3125,689893.0625,689836.5625,690055,690110,690259.6875,690431,690096.8125,690294.625
690239.4375,690151.5,690521.875,688607.8125,693330.125,692330.5625,691630.5625,695028.375,684810.25,697643.375,694933,695949.25,690168.875,690154.875,690012.125,689827.1875,689828.5,689906.3125,689849.25,690065.375,690124.4375,690276,690446.5,690110.5,690309
690245,690164.9375,690537,688624.0625,693350.3125,692343.25,691643.5,695042.375,684822,697658.625,694944.0625,695962.5,690180,690167.375,690025.25,689843.75,689841.1875,689917.75,689864.25,690078.6875,690137.8125,690289.875,690459.3125,690123.4375,690322.8125
690261.5625,690179.3125,690554.25,688638.875,693368.4375,692359.125,691658.0625,695052.1875,684839.5,697670.5625,694962.75,695976.8125,690197.1875,690183.875,690041.75,689857,689851.875,689930.875,689875.875,690091.1875,690151.8125,690301.875,690473.4375,690136.125,690334
690275.625,690191.75,690563.875,688652.625,693385.5,692367.4375,691671.9375,695064.625,684847.75,697682.625,694971.625,695987.25,690205.375,690188.5,690046.3125,689865.9375,689859.0625,689937.375,689878.1875,690097.125,690152.8125,690304.75,690478.1875,690138,690339.625
690275.375,690195,690568.125,688657.1875,693387.5,692364.75,691670.125,695059.0625,684850.5625,697681.1875,694971.375,695983.375,690194.75,690181,690036.875,689854.375,689847.75,689926.5625,689868.875,690084.9375,690141.9375,690292.25,690464.0625,690119.6875,690324
690257.1875,690178.625,690549.25,688646.375,693372.1875,692351.125,691653.875,695040.3125,684832.875,697663.6875,694953.6875,695966.3125,690173.25,690154.5,690017.1875,689830.5625,689828,689903.8125,689845.5,690064.6875,690119.5,690270,690441.125,690099.625,690300
690233,690158,690528.875,688632.75,693342.4375,692318.1875,691631.5625,695013,684812.5625,697643.1875,694933.875,695941.75,690153.5,690134.375,689995.625,689808.625,689806.375,689883.8125,689826.375,690042.4375,690098.25,690251.375,690419.3125,690076,690280.5
690211.625,690136.25,690506.9375,688614.3125,693304.625,692292,691610.3125,694984.6875,684791.375,697620.5,694907.5,695921.375,690132,690115.25,689972.5625,689789.125,689784.25,689861.5625,689804.875,690018.25,690076.5,690231.25,690400.6875,690059,690261.75
690178.75,690117.625,690491.75,688600.75,693273.125,692267.5,691594.6875,694972.375,684779.6875,697607.5,694896.3125,695911.8125,690123.0625,690105.875,689966.75,689782,689778.75,689856.875,689799.9375,690017.875,690075.5625,690227.875,690397.75,690057.125,690262
690208.125,690118,690493.5,688600.875,693281.25,692267.5625,691595.5,694972,684784.9375,697612.1875,694901.25,695914.25,690135.75,690117.75,689978.75,689796.5,689792.875,689870,689816.9375,690033,690088.0625,690240.25,690413.6875,690073,690276.875
690221,690130.875,690506.125,688617.125,693308.5,692282.8125,691612.5625,694986.1875,684802.375,697624.25,694913.4375,695932.625,690151.1875,690136.625,689994.9375,689812.5625,689808.25,689885.625,689827.125,690043.6875,690106.5,690252.25,690425.375,690085.625,690289.0625
690245.25,690144.875,690517.5,688624,693328.1875,692302.1875,691622.375,694998,684810.875,697635.625,694926.625,695936.5625,690157.875,690141.3125,689996.5,689813.75,689814,689889.5,689832.5,690052.875,690108.5,690257.625,690432.125,690086.8125,690293.75
690247.1875,690149.125,690521.9375,688628.5,693341.8125,692308.25,691628.75,695006.5625,684820.5625,697640.6875,694929.9375,695945.6875,690165.25,690151.25,690007.625,689829.9375,689821.5625,689899.875,689843.125,690060.3125,690120.5625,690270.375,690443.0625,690094.9375,690305.3125
690279.0625,690161.25,690534.875,688639.0625,693360.5,692328.375,691641.25,695019.75,684832.8125,697653.0625,694940.9375,695959.9375,690177.875,690167.625,690024.375,689842.5625,689836.875,689915.625,689860.5625,690076.375,690134,690285.6875,690460.125,690112.4375,690321.9375
690293.75,690175.125,690551.1875,688655.125,693381.3125,692342,691654.6875,695034.6875,684848.25,697667.125,694956.875,695972.8125,690191.625,690176.625,690037,689855.875,689846.9375,689927.125,689869.875,690086,690141,690296.25,690464.6875,690120.875,690326.125
690282.875,690185.125,690556.1875,688657.75,693389,692351.1875,691660.875,695044.75,684856.375,697673.0625,694961.3125,695976.9375,690193.1875,690177.5,690034.125,689851.3125,689848,689927.75,689871.125,690086,690147.1875,690298.25,690465.6875,690121.75,690331.9375
690282.1875,690186.375,690559.25,688661.5,693392.875,692352.8125,691663,695045.9375,684854.125,697676.5625,694965,695980.625,690198,690179.75,690037.1875,689858.5,689853.5,689932.375,689877.1875,690093.0625,690150.625,690302.75,690475.6875,690127.5,690335.0625
690273.6875,690192,690565.75,688671,693405.625,692359.4375,691670.875,695053.1875,684864.125,697681.1875,694969.5,695989.6875,690205.5625,690190.9375,690049.875,689867.1875,689860.625,689940.375,689885.3125,690100.0625,690158.375,690310.3125,690479.6875,690135,690343.375
690318,690200.25,690571.1875,688680.125,693413.4375,692367.625,691680.875,695059.25,684876.8125,697687.8125,694981.875,695996.3125,690214.875,690196.1875,690055.5625,689876.9375,689870.25,689947.875,689892.4375,690108.25,690170.3125,690319.4375,690491.875,690143.875,690352.625
690290.75,690212.75,690582.1875,688687.4375,693427.5625,692381.3125,691688.4375,695071.1875,684890.125,697702.125,694993.625,696010.0625,690231.625,690215.3125,690077.5,689897.1875,689892.25,689967.4375,689912.4375,690130.875,690189,690340.625,690511.75,690163.1875,690374.75
690317.4375,690230.0625,690606.3125,688704.625,693446.1875,692404,691709.375,695095.9375,684911.875,697725.5625,695015,696031.375,690254.125,690239.4375,690097.5,689913.5,689912.25,689991.375,689932.875,690150.875,690207.875,690359.25,690530.75,690184.4375,690392.4375
690325.5,690247.8125,690621.875,688725.625,693458.875,692422.75,691726.9375,695108.5,684927.5625,697739.125,695029.6875,696043.0625,690265.75,690251.5,690112,689926,689922.125,690000.5625,689943.375,690160.125,690217.375,690370.625,690537.625,690190.875,690400.875
690341.8125,690258.125,690628.5,688731.1875,693467.4375,692432.875,691735.75,695116.375,684938.0625,697743.5,695037.25,696052.375,690270.875,690257.1875,690112.875,689933.0625,689927.4375,690005.25,689946.5625,690166,690220.0625,690375.875,690546.5,690196.875,690406.625
690343.5,690264.0625,690637.125,688739.5,693475,692440.6875,691741.625,695120.875,684946.75,697755.125,695044.375,696061.25,690281.125,690264.0625,690121.9375,689935.9375,689934.875,690011.5625,689954.6875,690173.6875,690233,690382.8125,690552.875,690203.625,690415.0625
690341.25,690271.9375,690645.0625,688748.875,693485.875,692446.625,691750.5625,695130.125,684953.8125,697760.3125,695049.9375,696064.0625,690284.3125,690267.125,690127,689943.8125,689940.375,690018,689961,690180.3125,690234.875,690384.9375,690553.625,690207.25,690418.75
690342.625,690274.75,690649.25,688751.75,693486.125,692445.5625,691750.5,695131.25,684954.6875,697761.9375,695050.9375,696064.625,690281.5625,690261,690122.125,689942.5625,689934,690013.1875,689954.9375,690176.3125,690230,690381.125,690551.125,690203.5,690411.25
690335.75,690271,690644.0625,688754.3125,693481,692437.75,691745.625,695121.9375,684952.8125,697758.375,695050.875,696062.75,690274.125,690260.9375,690121.5,689936.125,689929.75,690008.1875,689952.875,690173.1875,690227.375,690378.1875,690550,690201.5625,690410.75
690338,690267.625,690642.875,688753.6875,693478.6875,692434.875,691744.25,695122.375,684953.4375,697759.6875,695047.625,696062,690279.0625,690262.4375,690122.1875,689941.75,689935.9375,690013.25,689956.8125,690175.25,690231.5625,690382,690550.75,690201.5,690414.3125
690349.0625,690272,690643.875,688759.375,693482.75,692437.25,691747,695123.8125,684959,697760.5625,695054,696068.25,690283.0625,690267.4375,690125.0625,689942.375,689939.375,690016.3125,689956.75,690178.625,690234.25,690385.6875,690554.125,690203.8125,690417.4375
690352,690276.5,690648.6875,688759.9375,693483.375,692443.125,691752.75,695128.25,684960.625,697766,695054.375,696073.4375,690288.1875,690270.5625,690131.1875,689946,689946.625,690019,689965.125,690183.375,690242.1875,690392.375,690561.375,690207.4375,690426.5
690369.625,690283.4375,690656.9375,688773.8125,693494.9375,692447.375,691758.375,695133.625,684970.125,697774,695066.375,696080.0625,690299,690282.375,690144.3125,689960.75,689954.6875,690035.3125,689975.9375,690195.6875,690255.6875,690405.9375,690575.25,690224,690437.25
690384.9375,690297.8125,690670.9375,688784.9375,693510.875,692465.6875,691772.4375,695151.125,684989.6875,697786.9375,695081.125,696095.5625,690314.625,690296.5625,690159.25,689979.0625,689973.625,690048.875,689991.5,690209.25,690265.75,690419,690593.375,690234.625,690451.3125
690384,690310.25,690682,688792.5625,693523.5,692481.5625,691785.875,695162.4375,685001.3125,697801.1875,695090.625,696104.0625,690325.0625,690308.625,690167.25,689983.4375,689977.875,690057.375,689998.0625,690215.75,690275,690425.25,690595.3125,690242,690460.25
690389.0625,690314.4375,690689.5,688797.75,693531.5625,692484.625,691789.5,695166,685002.5625,697801.125,695094.75,696110.25,690326.5625,690306.8125,690165.625,689980.5625,689979.0625,690053.875,689998.625,690214.375,690272.5,690425.5625,690591.875,690239.375,690455.6875
690361.1875,690314.4375,690684.5,688795.9375,693526.75,692478.4375,691787.125,695158.625,685003.875,697799.875,695089.9375,696104.3125,690317.1875,690298.8125,690160.125,689972.1875,689969.875,690047.75,689988.5,690204.875,690266,690416.3125,690586.25,690231.125,690444.5
690381.875,690304.9375,690681.25,688794.375,693518.8125,692472.8125,691781.875,695151.1875,684999.25,697792,695083.8125,696098.8125,690313.5,690297.4375,690153.875,689973.375,689968.8125,690048.1875,689988.375,690208.4375,690265.3125,690421.375,690588.375,690229.125,690447.875
690384.375,690306.75,690676.75,688795.5625,693514.9375,692470.0625,691782.4375,695154.75,685000.3125,697794.0625,695085.875,696097.625,690316.25,690299.0625,690156.375,689973.125,689970.6875,690049.375,689991.875,690211.1875,690264.875,690422.375,690587.5,690233.25,690451.75
690383.875,690305.125,690681.3125,688800.0625,693517.8125,692474.125,691786.25,695156.5625,685003.75,697795.6875,695089.4375,696104.75,690320.75,690301.625,690162.5625,689982.625,689977.4375,690052.25,689997.625,690219.75,690272,690428.8125,690595.25,690241.1875,690461
690392.375,690316,690689.875,688813.25,693529.25,692480.75,691793.8125,695163.4375,685014.9375,697805.5625,695099,696115.0625,690333.8125,690315.5,690174.4375,689993.0625,689985.5,690064.125,690006.1875,690225.5,690284.25,690438.375,690608.1875,690250.9375,690468.0625
690416.625,690324.75,690698.6875,688820.6875,693541.75,692492.625,691804.25,695172.375,685026.9375,697815.3125,695109.6875,696123.875,690341.9375,690321.5625,690182.5,690002.625,689997.625,690077.75,690022.8125,690237.375,690294.75,690446.625,690618.875,690262.5625,690479.75
690421.1875,690337.5,690712.5625,688829.375,693553.75,692505.125,691815.25,695188.25,685036.5,697826.125,695122.25,696136.875,690354.625,690338.75,690195.125,690018.0625,690011.25,690090.5625,690028.875,690249.625,690306.875,690459.75,690628.5,690272.375,690490.3125
690417.125,690347.4375,690723.875,688837.875,693567.75,692517,691826.5625,695195.625,685049,697833.5,695126.9375,696145.3125,690361.625,690341.75,690202.1875,690019.0625,690013.625,690090.3125,690034.875,690250.5,690309.6875,690463.4375,690627.125,690271.375,690491.3125
690425.625,690347.4375,690724.6875,688836.5,693565.875,692520.5,691821.1875,695197.875,685045.0625,697832,695123.75,696138.8125,690352.125,690336.3125,690194.4375,690010.125,690004.75,690081.5,690023.0625,690241.75,690299.4375,690454.25,690620.3125,690260.5,690480.0625
690419.6875,690335.625,690712.5,688826.9375,693546.5,692504.6875,691809,695177.625,685034.4375,697817.75,695111.75,696124.75,690336.5625,690317.8125,690175.6875,689994.125,689990,690065.625,690005.3125,690225.0625,690284,690436.1875,690602.8125,690246.75,690464.75
690403.75,690321.625,690695.75,688818.875,693523.0625,692486.25,691795.6875,695162.375,685026.1875,697804.5,695096.5,696111.125,690325.125,690304.9375,690165.625,689980.25,689975.6875,690053.875,689993.375,690213.8125,690272.125,690424.0625,690592.1875,690231.375,690451.75
690392,690313.0625,690688.875,688810.9375,693507.8125,692472.5,691786.5,695153.8125,685020.3125,697798.375,695090,696106.625,690320.5,690303.125,690162.4375,689977.8125,689974.25,690050.5625,689995.75,690215.625,690273.6875,690427.5,690596.375,690238.0625,690461.9375
690413,690315.625,690695.9375,688818.75,693514.875,692477.4375,691793.125,695163.0625,685030.3125,697806.8125,695103.5,696117.5625,690341.375,690319.6875,690182,690000.375,689995.5625,690073.625,690016.3125,690240.5,690292.8125,690449.6875,690616.5,690259.125,690479.9375
690430.9375,690336.9375,690714.6875,688839.875,693545.625,692507.125,691820.5625,695193.125,685054.25,697834,695128.75,696141.75,690371.75,690350.3125,690208.6875,690029.6875,690024.4375,690102.5625,690046,690269.25,690325.75,690476.25,690645.625,690288.6875,690512.375
690462.5625,690367.875,690746.875,688860.875,693574.9375,692542.4375,691851.625,695224.0625,685084.4375,697862.8125,695156.1875,696172.1875,690400.25,690379.5,690238.75,690054.625,690050.875,690133.1875,690075.3125,690292.125,690351.125,690500.9375,690676.125,690316.25,690536.9375
690484.9375,690394.9375,690770.75,688885.125,693590.6875,692572.1875,691871,695246.25,685107.75,697886.125,695178.6875,696194.3125,690423.1875,690400,690258.125,690074.3125,690073.1875,690150.75,690091.3125,690309.6875,690368.625,690522,690691.5625,690329.875,690553.75
690504.75,690409.9375,690784.375,688898.125,693603.5,692589.375,691887.75,695261.625,685123.1875,697899.25,695189.9375,696209.6875,690431.25,690411.5625,690267.375,690085.875,690082.375,690159.875,690099.6875,690320.0625,690377.125,690529.9375,690702.5,690338.375,690564.625
690510.9375,690422.1875,690792.8125,688906.8125,693618.0625,692599.5,691896.3125,695273,685131.8125,697910.5,695201.1875,696215.375,690438.8125,690417.375,690272.75,690090.125,690089.4375,690163.5,690105.6875,690329.4375,690384.4375,690532.5625,690707.5625,690341,690565.625
690518.6875,690419.875,690795.3125,688914.375,693625.9375,692600,691896.25,695271.5,685132.875,697906.75,695200.6875,696213.1875,690434.3125,690411.875,690268.125,690084.25,690080,690159,690101.25,690316.8125,690373.75,690523.875,690694.5,690331.875,690556.5625
690503.25,690415.875,690788.1875,688909.4375,693613.1875,692585.25,691885.5625,695257.8125,685119.9375,697897.75,695191.75,696200.75,690419.0625,690398.75,690251.8125,690072.8125,690065.375,690145.6875,690086.5,690304.25,690359.875,690513,690681.1875,690316.875,690545.0625
690492,690400.75,690775.75,688899.625,693594.6875,692569.0625,691871.5,695238.875,685108.4375,697881.875,695171.875,696186,690402.625,690381.1875,690235.3125,690054.625,690048.1875,690123.8125,690069.4375,690286.5625,690343.875,690492.875,690663.8125,690300.25,690523.625
690473.6875,690383.4375,690756.8125,688886.9375,693568.375,692544.4375,691853,695221.25,685094.5,697864.75,695160.3125,696173.0625,690388.625,690363.875,690223.25,690042.5625,690037.25,690115.375,690059,690275.3125,690330.75,690481.9375,690654.0625,690286.8125,690516.125
690463.4375,690372,690746.9375,688880.3125,693552.125,692530.3125,691849.9375,695208.4375,685087.1875,697856.8125,695155.375,696165.75,690386.125,690363.0625,690223,690037.5,690033.375,690114.75,690056.9375,690274,690332.625,690482.1875,690653.6875,690288.0625,690515.125
690464.375,690372.125,690747.75,688880.3125,693554.25,692527,691845.6875,695207.8125,685085,697852.5625,695148.625,696166.1875,690384.5,690362.1875,690221.1875,690036.1875,690033.4375,690110.25,690050.625,690269.5,690324.4375,690480.5625,690646.75,690280.125,690508.75
690459.625,690364.375,690741.375,688876,693549.125,692520,691837.75,695199.75,685083.25,697847.375,695142,696157.75,690379.25,690356.25,690213.75,690028.875,690024.0625,690103.375,690046.125,690261.25,690319.625,690473.125,690643.75,690276.3125,690505.375
690444.625,690359.75,690737.625,688869.75,693547.125,692516.625,691833.0625,695197.4375,685078.875,697844.125,695136.9375,696151.5625,690370.625,690350.5,690205.5625,690022.125,690019.3125,690095.5625,690035.125,690255.75,690315.5625,690465.875,690636.625,690271.25,690498.75
690440.0625,690357.125,690734.625,688868.1875,693543.4375,692512.1875,691831.375,695194.6875,685077.4375,697841.5625,695139.375,696150.25,690376.3125,690353.6875,690210.125,690028,690024.6875,690104.3125,690046.1875,690261.125,690319.6875,690477.375,690644.9375,690277.4375,690506.3125
690457.1875,690361.5625,690738.875,688875.9375,693559,692524.5,691837.8125,695204.125,685089.3125,697849,695145.6875,696162.375,690383.4375,690360.75,690218.6875,690035.5,690032.8125,690109.9375,690055.25,690276,690333.125,690487.125,690655.9375,690284.75,690517.875
690475.375,690372.25,690749.4375,688886.875,693578.1875,692536.25,691849,695217.25,685099.0625,697859.125,695155.125,696170.875,690401.8125,690373.75,690230.75,690050.875,690046.75,690125.3125,690068.0625,690287.75,690343.6875,690497.5,690669.625,690297.875,690531.625
690472.25,690385.25,690761.9375,688896.25,693600.3125,692553.625,691863.4375,695234.25,685118.6875,697876.375,695169.875,696187.625,690417.1875,690395.75,690253.625,690069.75,690068.125,690146.75,690083.6875,690308.375,690362.1875,690515,690686.5625,690315.6875,690550.125
690515.5,690401.75,690780.625,688914.3125,693624.25,692576.1875,691883.8125,695252.125,685137.25,697892.1875,695186.125,696205,690433.75,690411.25,690268.75,690086.375,690083.125,690160.875,690101.125,690317.625,690377.625,690530.5,690700.25,690331.375,690561.75
690514.25,690417.1875,690789.5,688921.75,693640.75,692592.4375,691892.25,695264.5,685145.9375,697903,695199.125,696213.0625,690440.3125,690414.125,690273.25,690091.125,690085.625,690166.5625,690105.5,690321.3125,690383.1875,690533.125,690702.4375,690334.375,690566.125
690517,690420.625,690799.9375,688927.5,693648.5,692597.5,691896.8125,695268.1875,685155,697909.3125,695201.875,696216.875,690442.75,690415.9375,690272.75,690095.625,690087.625,690163.25,690108.4375,690325.9375,690381,690535.3125,690703.4375,690336.25,690569.3125
690515.5625,690425.3125,690800.875,688934.375,693650.75,692598,691896.8125,695270.9375,685155.375,697913,695204,696218.625,690440.125,690419.0625,690277.1875,690098.6875,690091.875,690168.375,690111.9375,690329.25,690383.75,690540,690709.5,690336.875,690572.875
690526.1875,690427.8125,690804,688941.25,693653.875,692603.0625,691903,695274.3125,685159.9375,697914.5,695204,696223.125,690444.125,690422.8125,690282,690097.375,690093.625,690170.5625,690114.3125,690330.625,690390.25,690541,690707.4375,690337,690574.0625
690519.0625,690429.0625,690803.625,688946.5,693657,692603.0625,691900.5625,695272.1875,685160.75,697914.3125,695208.125,696221.8125,690444.5,690420.9375,690276.375,690095.75,690090.625,690167.625,690112.75,690326.625,690384.0625,690535.5625,690704.625,690332.25,690565.875
690508.875,690424.3125,690799.875,688936.625,693646.875,692590.125,691893.4375,695261.75,685155.6875,697903.1875,695197.125,696210.25,690436.8125,690410.9375,690269.0625,690082.5,690082.375,690158.375,690099.0625,690315.25,690375.3125,690528.875,690696.5625,690323,690560.125
690514.625,690412.125,690789.375,688929.875,693631.8125,692580.125,691886.125,695254.3125,685150.875,697897.125,695193.125,696209.0625,690427.875,690399.4375,690257.4375,690073.625,690071,690151.625,690091.1875,690310.6875,690364.6875,690519.0625,690686.375,690314.875,690552.75
690504.625,690406.125,690784,688926.8125,693618.375,692572.125,691878.625,695244.6875,685143.8125,697890.0625,695182.75,696197.875,690421.3125,690396.8125,690254.0625,690068.6875,690066,690145.875,690084.3125,690306.125,690361.5625,690514.4375,690683.25,690310.6875,690547.8125
690503.125,690404.75,690782.375,688925.6875,693616.25,692570,691878,695246.3125,685147.25,697889.3125,695185.6875,696203.125,690426.5,690401.5,690256.75,690075.875,690068.625,690148.875,690090.125,690311.9375,690365.375,690519.125,690688.75,690315.3125,690555.9375
690514.9375,690409.4375,690786.875,688931.625,693625.125,692578.5,691885.75,695252,685151.875,697897.1875,695193,696206.375,690434.5,690410.625,690267.625,690083.5,690081.625,690158.875,690102.5625,690318.75,690377.75,690531,690700.5625,690321.875,690565.625
690526.625,690417.75,690798.25,688936.8125,693638.8125,692589.4375,691894.5,695263.625,685164.25,697906.625,695202.4375,696213.125,690445.75,690421,690278.25,690095.125,690090.875,690171.125,690112.25,690332.125,690391.3125,690541.125,690709.75,690335.25,690573.125
690534.3125,690431.5625,690807.375,688946.875,693654.875,692604,691906.5625,695273.75,685177.5625,697923.25,695213.875,696229.25,690458.75,690430.5625,690291.1875,690105.5625,690101.75,690181.875,690121.8125,690341,690398.625,690549.875,690720.0625,690341.75,690583.4375
690537.625,690439.9375,690815.875,688949.0625,693665,692608.625,691912.5,695279.625,685185.0625,697921.5625,695219.5,696228.875,690459.9375,690430.75,690291.8125,690106,690103,690181.625,690122,690341.625,690398.375,690552.625,690719.25,690343.375,690585.3125
690537.875,690437.125,690817,688954.0625,693667.375,692609.75,691913.4375,695284.25,685186.25,697924.0625,695221.5,696235.5625,690461.9375,690435.9375,690292.5625,690107.625,690105.875,690181.625,690124.9375,690340.375,690400.0625,690550.0625,690718.75,690343.25,690586.25
690543.25,690436.5625,690814.6875,688953.5,693663.875,692611.125,691910.125,695277.375,685181.75,697922.5,695216.875,696231.75,690453.875,690428.0625,690285.25,690099.625,690097.5,690173.125,690114.75,690333.875,690388.625,690542.125,690710,690334.875,690576.625
690528.0625,690431.3125,690807.375,688948.0625,693654.625,692593.75,691905.25,695268.0625,685176.25,697914.25,695204.9375,696222,690444.9375,690414.4375,690275.25,690090.5,690084.75,690164.6875,690104.625,690320.75,690379.125,690532.375,690699.875,690322.4375,690566.5625
690519.3125,690420.75,690796,688942.1875,693634.0625,692581.125,691890.9375,695254,685168.75,697899.875,695194.5,696209.875,690430.6875,690403.6875,690262.4375,690079,690074.0625,690150.3125,690092.125,690310.5625,690369.125,690521.1875,690691.625,690308.75,690553.0625
690492.375,690409.5,690783.125,688930.9375,693614.5,692572.1875,691882.1875,695245.0625,685157.1875,697888.375,695185.375,696199.5,690426.5,690397.4375,690254.875,690073.5,690066.9375,690147.4375,690092.5,690306.625,690362.8125,690520.125,690684.75,690305.3125,690548.8125
690492.5625,690404,690778.875,688927.5,693607.125,692566.1875,691875.625,695239.3125,685151.625,697886.75,695182.75,696195.75,690420.625,690389.375,690247.125,690062.875,690060.6875,690136.5,690081.1875,690297.875,690358.0625,690511.8125,690676.125,690295.0625,690539.875
690486.125,690393.6875,690772.25,688923.625,693598.4375,692552,691867,695230.125,685150,697877.125,695171.25,696185.625,690411.125,690379.3125,690238.125,690053.0625,690048.375,690126.375,690071,690287.1875,690344.875,690500.5,690669.9375,690288.0625,690531.3125
690492.5625,690386.25,690763,688918.75,693585.75,692542.5625,691858.75,695219.5,685142.5,697870.75,695160.75,696181.375,690405.125,690376.9375,690233.375,690050.6875,690047.25,690125.375,690067.875,690285.25,690339.875,690494.625,690664.75,690283.75,690526.9375
690488.25,690383.0625,690761.125,688915.125,693581.5,692544.3125,691860,695223.4375,685141.25,697871,695163.0625,696181.375,690409.6875,690379.375,690240.0625,690057.1875,690054.875,690131.3125,690075.875,690294.25,690348,690505.625,690673,690292.75,690537
690497.625,690391,690771.125,688921.8125,693601.75,692557.5625,691867.875,695234.5,685153.625,697878.125,695174.375,696190.5,690420.9375,690391.25,690250.375,690066.875,690062.1875,690142.5625,690085.5625,690303.5,690360.75,690516.1875,690685.125,690301.3125,690547.875
690502.1875,690402.125,690777.1875,688932.5,693622.5625,692569.6875,691878.8125,695242.375,685164.125,697888.375,695185.0625,696200.75,690433.25,690403.1875,690261.75,690076.8125,690075.25,690154.375,690095.0625,690310.625,690372.4375,690526.375,690695,690311.5625,690558.125
690507.625,690409.0625,690788.375,688943.125,693638.25,692584.0625,691887.1875,695255.6875,685176.75,697900.0625,695196.625,696211,690438.5,690412.1875,690269.3125,690086.75,690082,690160,690103.375,690320.75,690380.625,690532.875,690702.625,690319,690562.875
690514.0625,690418.125,690797.875,688944,693647.875,692592.5625,691892.5625,695264,685183.75,697904.625,695199.3125,696215,690447.125,690414.9375,690272.4375,690089.75,690080.875,690160.9375,690108.75,690319.4375,690379.3125,690533.875,690702.625,690319.875,690565.625
690507.4375,690421.25,690797.75,688949.6875,693653.6875,692595.6875,691894.375,695264.75,685188.875,697909.3125,695199.6875,696217.25,690444.125,690414.5,690271.9375,690087.1875,690085,690159.625,690103,690319.875,690379.0625,690531.3125,690703.6875,690320.125,690565.5625
690511.5,690416.5625,690797.75,688947,693654.3125,692595.875,691897,695265.0625,685190.0625,697906.3125,695196.5625,696214.625,690440.5,690417.375,690272,690086.8125,690086.125,690163.6875,690107.25,690323.0625,690379,690536.8125,690705.0625,690319.9375,690569.875
690526.625,690421.1875,690800.3125,688949.75,693661.1875,692596.875,691896.875,695266.3125,685192.8125,697912.1875,695204.75,696218.4375,690446.75,690419.3125,690277.25,690089.875,690084.875,690165.625,690111.5625,690324.5,690381.9375,690536.3125,690707.75,690322.4375,690571.75
690529.75,690425.0625,690806.25,688961,693662.8125,692599.4375,691901.5625,695270.125,685198,697915.9375,695207.75,696224.25,690455.25,690427.875,690286.25,690104.25,690094.6875,690175,690120.5625,690338.6875,690396.8125,690549.625,690715.5,690332.1875,690581.3125
690550.5,690435.375,690812.1875,688965.25,693675.5,692613.875,691910.375,695282.125,685210.0625,697927.5,695220.6875,696233.1875,690466.75,690438.1875,690296.5,690112.5,690107.875,690182.5625,690132.1875,690347.125,690403.1875,690559.25,690728.125,690341.8125,690595.6875
690574.75,690444.4375,690824.25,688977,693687.25,692624.4375,691921.9375,695289.75,685218.5,697933.625,695227,696239.6875,690471.125,690443.4375,690302.25,690119.75,690116.8125,690192.375,690137.875,690354,690412.75,690566.625,690733.6875,690349.5,690600.5
690576.5625,690452.375,690831,688984.875,693695.6875,692635.0625,691932.625,695299.75,685229.875,697943.375,695234.9375,696253.6875,690483.5,690458.8125,690317.875,690129.9375,690126.3125,690202.875,690149.375,690368.125,690424.5,690577.25,690748.0625,690362,690612.375
690596.375,690465.625,690846.5625,688990.9375,693708.8125,692645.25,691944.25,695311.875,685242.8125,697957.875,695253,696265.6875,690505.3125,690475.875,690332.5,690149.5,690147.625,690223.5,690171.5625,690389,690445.375,690600.375,690769.5,690381.25,690633.0625
690615.125,690489.4375,690866.1875,689012.5625,693731.3125,692676.125,691967.625,695334.6875,685267.5625,697982.1875,695273.4375,696294.125,690527.125,690498.1875,690359.5,690174.4375,690169.75,690247.375,690192.625,690406.875,690466.125,690619.6875,690790.25,690401.9375,690656
690655,690508.625,690885.875,689026.625,693742.875,692697.125,691983.8125,695354.875,685286.8125,697995.0625,695291,696306.125,690538.875,690507.875,690368.625,690184.3125,690180.5,690255.9375,690201.8125,690414.875,690473.125,690628.1875,690798.1875,690409.9375,690661.625
690672.25,690513.4375,690889.25,689031.3125,693745.75,692698.625,691991.8125,695357.875,685291.875,698003.4375,695291.3125,696306.375,690537.625,690508.875,690364.875,690181.375,690177.5,690252.5625,690197.875,690411.75,690474.125,690621.9375,690792.25,690405.75,690656.75
690644.25,690510.25,690889.125,689037.125,693744.625,692698.0625,691985.75,695355.25,685291.1875,698000.625,695289.625,696307.4375,690537.375,690504.75,690362.8125,690178.1875,690176.1875,690253.125,690196.8125,690414.0625,690472.8125,690623.0625,690790.9375,690403,690658.875
690633.4375,690513.6875,690889.5,689039.625,693743.5,692694.125,691989.0625,695356.5625,685291.3125,697998.1875,695290.625,696309.0625,690541.125,690509.75,690368.6875,690187.375,690181.125,690258.125,690203,690417.75,690476.125,690630.25,690798.625,690410.25,690666.75
690636.3125,690518.0625,690895.875,689048,693752.375,692699.25,691996.9375,695360.125,685294.0625,698005.625,695298.5,696311.8125,690545.25,690515.625,690375.875,690188.6875,690188.75,690265.625,690209.25,690426,690484.6875,690635.75,690805.0625,690414.875,690669.875
690644,690523.875,690900.75,689057.875,693762.125,692702.4375,692003.1875,695366.1875,685304,698010.375,695302.5,696322.25,690551.875,690521.25,690381.625,690193.875,690193.0625,690268.75,690215.0625,690431.5,690491.1875,690642.5625,690811.1875,690417.625,690674.5
690649.6875,690529.25,690907.125,689066.5,693773.0625,692713.8125,692009.6875,695371.5625,685311.5,698019,695314.75,696325.5625,690563.25,690530.3125,690388.875,690206.5,690200.3125,690276.75,690224.25,690439.0625,690500.125,690650.75,690818.4375,690427,690685.0625
690656,690542.75,690918.6875,689077.125,693782.875,692722.125,692015.625,695378.4375,685323.8125,698029.5,695319.9375,696338.5,690574.75,690542.4375,690401.25,690217.75,690209.4375,690290,690234.9375,690451.125,690510.0625,690660.0625,690827.75,690438.6875,690696.875
690667.75,690552.4375,690927.125,689084,693793.25,692730.875,692027.5625,695390.75,685334.6875,698035.3125,695328.8125,696348.1875,690580.9375,690551.1875,690409,690228.1875,690225,690299.4375,690240.3125,690458.4375,690518.375,690674,690843.125,690446.75,690705.5
690683.0625,690561,690936.5625,689094.75,693804.5,692744.9375,692030.375,695400.0625,685339.125,698042.875,695338.25,696355.375,690586.875,690555,690413.0625,690224.625,690227.5,690301.5,690241.1875,690461.3125,690518.6875,690672.4375,690841.25,690446.25,690707.5
690683.375,690560.5,690935.875,689090,693802.375,692738.25,692033.75,695396.75,685344.75,698042.5625,695334.9375,696352.75,690582.5,690547.125,690402.1875,690222.75,690219.4375,690294.6875,690237.5625,690455.9375,690510.125,690667.75,690835,690440.875,690700
690668.0625,690552,690931,689089.5,693793.0625,692731.5,692028.6875,695387,685338,698037.5,695326.8125,696344.5,690574.6875,690542.5625,690400.25,690214.6875,690213.5,690290.375,690232.5625,690450.125,690505.5,690656.9375,690825.375,690432.5,690693.25
690667.125,690546.8125,690924.5,689091.75,693786.5,692723.4375,692020.0625,695379.6875,685332.125,698031.1875,695323.375,696341.8125,690568.1875,690535.875,690390.75,690208.1875,690207.1875,690283.1875,690223.375,690442.75,690497.875,690653.5,690821.8125,690422.4375,690682.375
690652.4375,690539.5,690916.875,689086.75,693769.625,692706.9375,692011.75,695365.625,685324.875,698017.125,695310.5625,696328.1875,690554.5,690518.6875,690376.5625,690186.5,690188.5,690262.625,690206.5,690424.3125,690483.375,690633.5,690799.9375,690405.5625,690664.5
690640.3125,690521.1875,690898.6875,689069.625,693741.5625,692687.375,691994.5,695347.1875,685305.6875,697999.875,695296,696313.4375,690534.5,690503.0625,690360.5625,690175.75,690171.5,690246.3125,690189.375,690409.5,690463.25,690620,690783.5,690389.6875,690649.9375
690615.5,690504.4375,690884.3125,689055.5625,693711.5625,692669.375,691978.75,695329.875,685294.9375,697988.0625,695277.5625,696295,690523.75,690491.9375,690346.8125,690164.9375,690157.4375,690235.6875,690180.5,690397,690453.8125,690609.4375,690777.625,690380.9375,690641.1875
690611.375,690496.3125,690875.375,689049.9375,693703.5,692658.0625,691975.3125,695321.125,685286.3125,697981.5625,695271.75,696289.4375,690516.875,690485.375,690344.5,690159.9375,690159.0625,690232.5,690176.375,690393.1875,690450.5,690607.125,690770.375,690375.875,690638.75
690608.4375,690491.5,690872.5,689047.625,693697.5625,692652,691967.375,695321.125,685280.0625,697973.75,695269.4375,696284.625,690511.3125,690481.3125,690337.625,690153.0625,690152.25,690228.4375,690172,690387.5625,690442.4375,690597.625,690765.0625,690367.625,690629.5
690598.625,690483.75,690859.5,689037,693692.625,692643.0625,691959.4375,695315.625,685280.75,697966.5,695258.6875,696277.25,690507.8125,690474.0625,690329.6875,690145.75,690141.5625,690222.25,690164.75,690379.9375,690442,690594.0625,690761.3125,690362.5625,690626.125
690594.375,690479.75,690858,689036.5625,693688.4375,692645.6875,691956.9375,695306.625,685278.4375,697964.5,695257.4375,696271.9375,690503.625,690474.375,690330.875,690146.1875,690140.9375,690221.5625,690163.8125,690378.1875,690438.1875,690591,690760.375,690359.75,690623.1875
690585.125,690474.3125,690856.8125,689035.375,693694.625,692641.8125,691953.5,695307.375,685278.6875,697958.875,695253.25,696269,690503.375,690469,690326.1875,690141.8125,690137.5,690217.125,690158.5,690376.75,690433.4375,690589,690756,690355.625,690622.125
690579.6875,690471.5625,690855,689031.5625,693691.875,692641.1875,691947.875,695300.5,685276.125,697956.125,695249.6875,696268.6875,690501.1875,690465.3125,690326.375,690138.4375,690136.5,690214.375,690157.4375,690375.5,690432.125,690587.25,690754,690351.625,690618.375
690577.8125,690471,690851.5,689028.875,693693.125,692638.6875,691944.6875,695304.125,685275.5625,697953.75,695250.25,696263.4375,690497.375,690460.9375,690322.625,690137.625,690131,690210.625,690152.375,690371.1875,690427.5625,690584.125,690751.375,690349.875,690616.5
690577.25,690470.25,690850.5,689028.125,693694.0625,692637.1875,691946.3125,695303.6875,685278.25,697955.3125,695255.375,696264.9375,690502.875,690466.1875,690324.25,690139.5,690138.0625,690215.75,690157.8125,690375,690432.375,690588.0625,690757.25,690353.1875,690619.75
690586,690474.25,690855.25,689031.5625,693706.5,692648.5,691949.6875,695311.9375,685284.25,697958.6875,695253.375,696271.375,690505.0625,690470.5,690328.4375,690144.4375,690143.875,690217.375,690159.375,690379.4375,690439.875,690590.3125,690760.75,690356.125,690626.375
690592.75,690478.8125,690859.125,689037.25,693718.1875,692653.1875,691958.875,695318.25,685295.5625,697968.375,695261.125,696280,690516,690484.5,690340,690155.375,690153.4375,690234.3125,690174.25,690391.25,690451.1875,690606.9375,690777.625,690371.125,690639.625
690611.9375,690492.125,690873.625,689045.875,693736.875,692672,691970.625,695335.5,685310.125,697981.25,695276.75,696294.9375,690532.5,690500.0625,690358.25,690171.3125,690167,690246.375,690193.75,690409.9375,690467.75,690620.625,690789.375,690386.375,690654.0625
690620,690508.1875,690886.3125,689057.625,693754.3125,692691.8125,691983.1875,695350.3125,685321.75,697994.125,695290.0625,696305.625,690543.6875,690506.3125,690367.1875,690180,690177.4375,690253.5,690198.8125,690417.1875,690470.3125,690625.25,690795.125,690391.5625,690660.125
690630.6875,690511.8125,690890.75,689061.3125,693759.4375,692693.875,691987.125,695353.375,685325.375,697994.875,695289.3125,696305,690538.875,690503.5,690360.5625,690176.5625,690173.125,690247.25,690191.25,690410.625,690466.75,690617.4375,690784.125,690383.25,690648.8125
690617.1875,690503.625,690883.375,689057.875,693749.625,692685.5,691977.75,695341.1875,685317.5625,697987,695276.125,696296.5625,690526.1875,690489.3125,690348.0625,690166.9375,690163.875,690237.125,690178.875,690396.9375,690455,690607.875,690775.625,690370.75,690642.8125
690606,690494.625,690877,689050.5625,693733.1875,692674.375,691971.8125,695330.3125,685311.1875,697979.875,695271,696290.625,690523.6875,690482,690343,690158.4375,690154.3125,690229.3125,690174.625,690392.875,690449,690604.0625,690774,690368.5,690636.125
690602.125,690492.25,690871.9375,689049.75,693731.125,692669.25,691969.625,695330,685310.9375,697977.25,695270.0625,696287.25,690521.5,690483.5,690343.25,690158.125,690153.75,690228.1875,690173.125,690390.25,690447.1875,690601.5,690768.1875,690365.0625,690634.0625
690596.9375,690487.5,690867.1875,689043.625,693722.75,692658.125,691962.1875,695322.8125,685301,697969,695259.75,696276.9375,690509.4375,690474.375,690326.9375,690142.8125,690139.625,690213.8125,690158.125,690374.4375,690432.8125,690586.75,690755.0625,690346.625,690619.0625
690577.4375,690473.375,690851.625,689033.375,693700.6875,692642.75,691946.3125,695307.625,685288.8125,697951.75,695247.375,696261.9375,690491.25,690453.75,690309.9375,690126,690123,690198.0625,690141.625,690359.4375,690418.5,690570.25,690739.0625,690332.875,690606.3125
690574.125,690457.5625,690841.3125,689020.875,693678.25,692630.0625,691936,695295.6875,685281.25,697940.9375,695234.6875,696253,690482.8125,690447.1875,690306.375,690118.75,690116.125,690194.875,690137,690353.8125,690410.3125,690563,690733,690326.8125,690600.3125
690558.8125,690448.875,690834.625,689019,693671.1875,692619.875,691928.8125,695289.875,685272.8125,697935.6875,695229.75,696249.0625,690485.9375,690451.5625,690307.25,690120.5,690116.125,690194.9375,690140.0625,690356.9375,690412.8125,690567.75,690737.25,690326.3125,690600.5625
690566.875,690451.8125,690834.6875,689025.5625,693681.375,692629.25,691934.9375,695295.625,685283.75,697941.75,695235.9375,696256.5625,690490.9375,690456.75,690315.75,690130.625,690127.625,690204,690146.875,690367.25,690425,690579,690749.3125,690336.8125,690615.125
690577.25,690465.5,690843.75,689031.3125,693698.1875,692642.4375,691945,695309.75,685299.875,697953.75,695248.8125,696267.25,690509.625,690470.75,690329.875,690144,690141.3125,690219.875,690163.625,690381.8125,690439.9375,690596.5,690764.375,690354.25,690627
690595.375,690480.75,690861.875,689041.1875,693725.375,692660.875,691963.875,695325.9375,685315.9375,697972.375,695266.375,696283.875,690526.25,690490.875,690346.9375,690164.25,690158.75,690234.4375,690181.75,690393.1875,690456.625,690608.25,690778.125,690368.875,690641.9375
690607.375,690495.3125,690878.25,689050.75,693741.5,692679.9375,691975.3125,695339.9375,685329.9375,697983.6875,695275.0625,696295.75,690531.75,690498.375,690355.875,690169.3125,690166.9375,690243.25,690185.75,690398.875,690460.0625,690615.5,690782.375,690368.75,690645.9375
690609,690499.375,690878.5,689053.625,693744.9375,692681,691973.25,695339.3125,685329.0625,697981.125,695272.125,696290.625,690524.125,690486,690346.1875,690160.0625,690158.1875,690234.625,690177.125,690397.1875,690450.9375,690604.375,690771.5,690360.3125,690635.3125
690595.5,690486.5625,690868.75,689048.4375,693735.0625,692670.75,691962.375,695329.875,685318.75,697968,695262.4375,696275.9375,690508.5,690471.8125,690329.9375,690143.75,690138.1875,690215.5,690160.3125,690375.9375,690433.1875,690587.875,690752.5,690340.875,690619.875
690571.375,690471,690851.3125,689036.5625,693706.5,692648.8125,691947.4375,695311.8125,685305.6875,697954.125,695248.75,696265,690497.5,690460.9375,690319.5,690136.25,690130.9375,690210.625,690151.875,690369.25,690429.375,690583.1875,690748.1875,690335.25,690615.625
690571.625,690467.5,690845.5,689035.9375,693700.625,692645,691942.875,695309.25,685301.8125,697951.1875,695241.9375,696267.4375,690499.5,690463.625,690321.375,690141.5,690136.875,690214.625,690154.3125,690375.5,690434.5,690592.75,690754.4375,690346.1875,690625.875
690581.625,690475,690856.1875,689044.6875,693712.625,692654.5,691954.75,695315.9375,685315.3125,697959.375,695257.8125,696277,690517.875,690482.4375,690339.625,690153.125,690149.625,690228.25,690172.5625,690392,690449.9375,690602.25,690770.5625,690361.125,690637
690600.0625,690489.125,690872.625,689053.875,693736.8125,692670.0625,691968.75,695333.625,685330.5625,697976,695271.125,696291.5,690528,690492.75,690350.125,690166.875,690160.75,690238,690182.625,690400.875,690457.5,690614,690780.625,690370.6875,690648.125
690602.5625,690498.125,690877.8125,689056.8125,693748.25,692682.625,691975.75,695340.625,685340,697981.5,695274.375,696296.8125,690534.0625,690496.9375,690353.125,690165.9375,690167.875,690243.125,690186.25,690402.25,690460.3125,690616.9375,690781.5625,690366.625,690646.375
690607.125,690498.375,690881.5,689062.5625,693752.1875,692683,691976.5,695341.875,685339,697983.625,695276.3125,696293.125,690527.375,690485.125,690348.6875,690163.875,690160.25,690238.25,690181.1875,690398.375,690457,690611.375,690779.3125,690363.625,690643.4375
690604.0625,690492.1875,690876.625,689062.125,693746.5,692677.4375,691970.5,695332.5,685336.1875,697976.3125,695269.0625,696287.8125,690521.375,690483.75,690341.25,690157.5,690154.0625,690227.8125,690173,690390.5625,690444.6875,690599.4375,690766,690352.375,690633.25
690587.625,690483.4375,690863.1875,689052.8125,693729.0625,692666.5625,691955.75,695324.6875,685323.5,697963.5,695261.375,696278.8125,690513.375,690474.875,690333.0625,690151,690145.625,690219.875,690163.625,690382.4375,690439.375,690593.25,690761.5,690345.25,690628.25
690593.625,690479.3125,690859.875,689053.1875,693724.0625,692657.8125,691956,695318.75,685322.1875,697961.9375,695256.75,696274.875,690510.625,690471.5,690328.5,690143.125,690145.25,690218.4375,690162.125,690379.25,690438.6875,690593.25,690758.625,690339.25,690625
690579.4375,690472.5,690854,689052.5625,693719.5,692653.1875,691949.3125,695314.9375,685318.875,697961.25,695253.875,696270.3125,690506.625,690471.8125,690328.25,690144.125,690144.125,690219.375,690160.6875,690377.625,690434.625,690592,690753.4375,690340.9375,690622.5625
690583.75,690473.4375,690854.125,689049.0625,693716.5625,692649.625,691950.0625,695312.625,685320.875,697956.125,695249.625,696268.75,690505,690467.4375,690323.75,690138.6875,690141.1875,690217.1875,690158.625,690378.25,690437,690591,690755.25,690339.3125,690621.75
690592.8125,690472.125,690855.5625,689054,693720,692655.5,691953.375,695314.0625,685324.6875,697960.6875,695253.8125,696273,690514.25,690475.625,690331.875,690151.1875,690149.0625,690223.5,690170.5625,690388.1875,690442.75,690600,690767,690347,690633.6875
690594.875,690484,690863.25,689061.8125,693734.125,692667.5,691959.625,695325,685335.5,697970,695262.125,696281.875,690524.3125,690486.25,690346.875,690162.5,690157.875,690237.75,690181.625,690397.8125,690458.0625,690612,690781.75,690357.5625,690645.9375
690606.5,690497.75,690878.75,689071.9375,693752.25,692683.75,691975.625,695339.125,685350.125,697983.4375,695276.875,696296.3125,690537.625,690497.1875,690361.5,690171,690167.375,690243.4375,690190.0625,690404.4375,690465.625,690621.3125,690789.25,690367.375,690655.125
690622.375,690503.4375,690886.9375,689075.5,693765,692693.25,691980.75,695344.3125,685359.25,697989.0625,695283.1875,696303.25,690538.875,690499.625,690358.4375,690174.75,690173.5,690249.75,690192.5625,690408.1875,690464.9375,690618.0625,690785.25,690364.9375,690653.375
690620.125,690503.125,690885.875,689074.5,693763.8125,692689.5,691979.75,695345.25,685356.8125,697989,695280.0625,696298.75,690537.4375,690497.625,690352.125,690169.5,690167.625,690244.375,690184.4375,690398.6875,690458.8125,690613.375,690779.4375,690358.25,690645.125
690610.75,690496.9375,690875.5,689069.3125,693754.625,692682.4375,691971.8125,695336.5,685353.1875,697978.25,695271.125,696292.75,690523.6875,690485.25,690340,690160.6875,690153.125,690232,690177.4375,690387.25,690449.625,690604,690769.3125,690349.375,690637
690602.5625,690487.75,690869.375,689066,693739.75,692670.0625,691962.8125,695325.6875,685343.625,697970.875,695264.4375,696281.25,690518.8125,690480.375,690339.625,690152.375,690151.125,690228.125,690173.25,690386,690444.875,690602.25,690766.25,690343.0625,690631.375
690600.0625,690485.0625,690865,689065.5625,693733.125,692667.25,691959.875,695321.1875,685341.5625,697967.8125,695259.0625,696278.75,690512.375,690472.8125,690331.5625,690146.8125,690144.875,690219.375,690163.375,690378.25,690438.625,690592.8125,690758.0625,690336.625,690626.625
690595.5,690481.75,690860.6875,689062.4375,693726.375,692658.25,691954.375,695318.625,685336.3125,697963.875,695259.25,696274.3125,690514.75,690474.4375,690327.5625,690150,690142.4375,690220.5,690163,690377,690431.75,690591.875,690760.625,690334.3125,690619.375
690582.5,690471.8125,690856.125,689057.8125,693718.4375,692654.0625,691948.4375,695309.25,685336,697956.75,695249.0625,696271.375,690506.25,690468,690325.75,690140.75,690138.375,690215.0625,690158.0625,690374.125,690431.8125,690586.5625,690752.875,690330,690621
690578.625,690467.625,690854.375,689055,693713.1875,692644.5,691942.125,695307.8125,685332.4375,697953.625,695244.6875,696263,690498.125,690460.25,690318.75,690133.5,690126.8125,690205.875,690149.375,690365.5,690424.6875,690579.125,690746.3125,690321.375,690611.8125
690568.875,690459.75,690845.6875,689047.8125,693702.375,692635.75,691935.125,695298.5,685324.9375,697944.125,695238.1875,696256.9375,690491.5,690450.5,690308.25,690125.125,690121.9375,690200.125,690140.375,690359.75,690416.125,690573.1875,690736.125,690312.625,690601.8125
690563.0625,690455.5625,690841.5,689044.4375,693697.375,692633.625,691933.375,695294.0625,685323.75,697940.875,695232.625,696252.875,690489.3125,690447.5625,690307.25,690121.25,690119.6875,690196.8125,690142.25,690357.75,690415,690571.5,690737.875,690312.25,690601.8125
690574.25,690453.4375,690840.5625,689046,693701.8125,692637.4375,691935.3125,695298.125,685328.5,697943.625,695233.5,696255.6875,690496,690453.875,690314,690127,690126.3125,690201.8125,690144.9375,690362,690422.25,690575.625,690744.625,690314.25,690607.75
690584.625,690462.75,690842.375,689049.4375,693708.375,692639.9375,691937,695297.875,685328.75,697943.5,695236.5,696255.125,690493.25,690450.5,690310.0625,690125.75,690123.1875,690200.875,690144.25,690360.5625,690419.125,690573.125,690737.8125,690313.1875,690605.875
690579.5,690456.9375,690835.875,689042.625,693708.125,692634.4375,691931.9375,695296.1875,685328.625,697940,695232,696249.625,690486.5,690446.3125,690304.5,690118.4375,690117.375,690194.9375,690133.25,690351.1875,690409.4375,690565.6875,690733.375,690303.5,690597.1875
690558,690448.1875,690832.375,689035.125,693700.5,692629.25,691925.625,695291.5625,685321.1875,697933.625,695226.9375,696243.875,690483.0625,690444.625,690301.625,690117.625,690116.5,690193,690137.875,690353.125,690412.75,690567.125,690731.25,690304.0625,690599.0625
690568.1875,690450.5,690836.1875,689041.5625,693701.3125,692632.125,691926.625,695293.6875,685327.25,697936,695233,696249.875,690489.6875,690451,690302.5625,690122,690118.125,690195.25,690142.25,690359.125,690414.0625,690571.8125,690736,690307.1875,690600.9375
690573.8125,690453.0625,690836.9375,689044.25,693709.625,692632.375,691928.8125,695295.9375,685330.3125,697935.5,695232.25,696246.125,690486.625,690445.125,690303.375,690122.625,690118.125,690193.4375,690134.5,690352.5,690413.125,690566.8125,690729.0625,690299.75,690597.25
690576.3125,690447.5,690831.375,689035.375,693700.0625,692629.875,691922.8125,695288.8125,685325.9375,697929.3125,695222.25,696240.125,690474.4375,690434,690291.1875,690103.75,690101.3125,690181.25,690120.25,690335.625,690396.1875,690549.125,690719.375,690285,690581.1875
690552.5625,690433.5,690818,689023,693677,692608.25,691904.3125,695272.625,685309.875,697912.375,695210.3125,696221.75,690458.4375,690419.3125,690276.5,690091.75,690088.8125,690165.875,690106.125,690321.75,690383.875,690540.3125,690701.75,690271.9375,690566.5625
690533.4375,690420.0625,690806.875,689016.125,693664,692597,691895.875,695262.625,685299.4375,697904.375,695198.8125,696216.5625,690451.125,690411.5625,690269.375,690085.75,690082,690155.75,690103.5,690317.75,690378.6875,690532.375,690696.5,690265.3125,690562.5625
690533.1875,690412.75,690801.75,689009,693655.9375,692590,691889.3125,695253.625,685296.875,697900,695190.625,696210.3125,690445,690402.5,690262.625,690079.3125,690076.375,690148.625,690095.25,690311.875,690370.6875,690528,690689.625,690257.375,690556.3125
690533.375,690404.0625,690791.1875,689003.75,693646.125,692583.6875,691885.9375,695249.375,685292.1875,697891.375,695184.125,696202.5,690440.25,690398.625,690256.1875,690073.0625,690069.625,690144.625,690087.8125,690305.625,690363.1875,690517.5,690683,690249.0625,690547.25
690513.8125,690398.1875,690787.5625,688995.5,693634,692573.1875,691874.875,695235.625,685282.8125,697882.25,695175.75,696191.1875,690424.3125,690386.625,690243.375,690062.8125,690059.625,690132.5625,690076,690292.625,690351.8125,690505.0625,690669.375,690236.75,690537.875
690505.3125,690385.5625,690771.875,688986.375,693620.75,692558.1875,691861.1875,695227.75,685269.25,697867.625,695160.125,696177.1875,690410.875,690371.9375,690226.875,690045.3125,690042.625,690117,690060.3125,690276.3125,690337.875,690491.5625,690655.625,690217.5625,690520.0625
690498.75,690371.25,690756.875,688971.5,693603.1875,692546.8125,691849.3125,695212.625,685260.6875,697854.4375,695150.125,696164.3125,690396.5,690358.625,690214.3125,690030.625,690024.625,690100.9375,690047.1875,690262.375,690324.6875,690475.5,690642.8125,690208.8125,690507.75
690499.875,690358.625,690744.875,688958,693585.75,692531.5625,691835,695205.125,685252.125,697840.5625,695136.1875,696152.375,690386.3125,690350.3125,690206.1875,690022.75,690019.4375,690096.125,690042.8125,690258.4375,690316.25,690469.125,690636,690198.25,690502.125
690479.875,690350.5625,690738.125,688954.9375,693579.125,692526.9375,691828.875,695194.0625,685243.625,697833.25,695131.875,696147.25,690386.625,690348,690202.5,690019.375,690021.5625,690095,690038.8125,690257.375,690317.8125,690470.0625,690635.3125,690202,690503.4375
690471.3125,690353.375,690740.125,688958.4375,693580.375,692525.3125,691829.6875,695193.625,685247.375,697835.875,695133.6875,696147,690388.375,690350.3125,690206.3125,690021.8125,690022.25,690100.0625,690039.9375,690258.375,690318.625,690473.875,690633.375,690203.5,690504.9375
690471.8125,690355.75,690742.5625,688959.3125,693588,692527.875,691831.1875,695200.375,685249.75,697842.8125,695134.4375,696148.1875,690390.9375,690351.375,690206,690022.5625,690021.375,690100.0625,690041.375,690255,690316.625,690469.6875,690634.4375,690197.75,690501.75
690468.75,690352.5,690738,688956.25,693589.25,692529.4375,691827.75,695195.9375,685249.9375,697836.3125,695126.875,696145.625,690384.625,690342,690201.625,690015.0625,690011.9375,690087.125,690030.125,690250.0625,690305.3125,690461.25,690626.875,690187.125,690492.125
690453.1875,690344.75,690726.25,688947.25,693580.5,692517.8125,691814.875,695184.9375,685237.5625,697824.6875,695117.375,696129.3125,690366.3125,690326.9375,690183.625,690002.25,689998.0625,690077.5625,690017.625,690230.3125,690295,690445.75,690613.375,690174.9375,690479.375
690437.4375,690328.125,690712.875,688932.4375,693567.25,692501.375,691801.25,695174,685227.875,697812,695103.75,696119.3125,690353.6875,690317,690170.25,689990,689984,690061.25,690005.625,690219.5,690278.8125,690435.875,690599,690159.625,690467.875
690421.25,690315,690700.9375,688925.25,693551.5,692490.5,691788.5,695159.4375,685214.875,697798.75,695090.5,696106.1875,690344.875,690304.3125,690159.0625,689980,689971.125,690051.1875,689993.25,690209.5,690269.25,690425.125,690585.625,690146.125,690454.125
690412.125,690303.5,690685.5,688912.75,693535.9375,692478.4375,691777.125,695150,685209.125,697787.4375,695078.625,696098.0625,690333.5,690292.25,690150.25,689969.625,689965,690041.125,689982.1875,690201.625,690259.125,690412.625,690579.5,690142.5625,690448.5
690412.5,690296.5,690684.3125,688904.5,693533.4375,692474.3125,691773.25,695148.6875,685204.25,697781.875,695077.75,696093.625,690333.5,690295.5,690151.9375,689969.125,689967.75,690042.8125,689985.5,690204.3125,690263.0625,690417.25,690585,690144.0625,690451.875
690421.1875,690301.625,690687.125,688914.3125,693544.9375,692484.5,691781.375,695156.25,685215.25,697792.4375,695084.125,696100.6875,690344.0625,690303.5,690159.625,689979.3125,689977.4375,690051.625,690000,690213.4375,690274.375,690428.1875,690594.25,690150.625,690462.25
690432.875,690312.625,690696.875,688922.625,693566.5,692498.1875,691791.9375,695168.4375,685227.5,697801.75,695094.875,696111.1875,690355.875,690318.8125,690175.0625,689991.625,689990.5625,690065.375,690005.75,690227.625,690283.125,690440.875,690603.1875,690161.625,690472
690447.125,690320.6875,690706.9375,688932.5625,693588,692510.875,691800,695179.375,685240,697813.5,695103.6875,696121.75,690363,690324.5,690180,690000,689994.9375,690070.75,690014.25,690232.4375,690290.9375,690448.1875,690613.1875,690169.0625,690478.0625
690456.5625,690330.375,690715.6875,688933.5,693597.25,692520.125,691807.25,695190.125,685246.5,697816.3125,695109.625,696123.875,690366.875,690325.125,690185.6875,690000.5,689998.5,690074.4375,690018.8125,690234.6875,690292.75,690449.4375,690612.25,690173.75,690481.3125
690453.1875,690329.3125,690712.875,688935.125,693604.3125,692521.25,691803,695187.375,685245.6875,697815.375,695107.5,696123.375,690365.6875,690324.75,690183.25,689999.0625,689995.6875,690073.125,690013.6875,690231.1875,690290.625,690446.5625,690610,690165.0625,690477.25
690442,690323.75,690709.6875,688932.25,693601.5,692517.1875,691802,695181.3125,685246.1875,697810.625,695103.4375,696121.3125,690361.875,690322.5,690174.6875,689993,689992.5,690065.6875,690008.6875,690226.5,690280.9375,690436.9375,690603.6875,690161.625,690470.9375
690437.25,690321.375,690706.1875,688928.8125,693594.75,692510.375,691793.8125,695179.25,685243.625,697806.375,695097.75,696112.625,690354.0625,690312,690168.875,689988.875,689980.125,690055.375,690000.3125,690213.0625,690272.8125,690428.375,690595.9375,690149.0625,690464.0625
690425.3125,690307.8125,690697.375,688924.5,693578.875,692498.1875,691785,695165.5625,685229.5,697793.75,695083.5,696100.625,690339.75,690297.25,690156,689970.5,689966.5,690041.625,689983.6875,690200.375,690261.5,690414.6875,690584.9375,690134.625,690446.5625
690420.9375,690296.875,690682.5,688911.375,693558.4375,692483.25,691772.8125,695151.125,685217.625,697779.875,695072,696090.5625,690327.5,690284.3125,690140.875,689961.125,689954.75,690032.75,689976.5625,690191.25,690250.75,690406.8125,690572.25,690126.625,690437.375
690407.8125,690287.8125,690674.75,688905.125,693543.25,692471,691764.3125,695144.6875,685211.25,697773.125,695066.25,696079.625,690320.3125,690279.125,690138.5,689955.625,689949.625,690027,689970.9375,690186.1875,690244.0625,690399.375,690564.9375,690119.4375,690432.4375
690395.75,690285,690671.1875,688901.25,693535.0625,692465.875,691756.5625,695138.1875,685205.25,697765.75,695059.6875,696075.375,690316.8125,690275.625,690135.125,689950.75,689948.1875,690025.3125,689966.1875,690183,690244.6875,690398,690562.375,690117.5,690432.8125
690401.375,690279,690666.3125,688901.1875,693537.1875,692464.3125,691756.8125,695134.75,685209.125,697769.9375,695059.4375,696077.375,690322.125,690279.9375,690133.75,689956.5625,689953.75,690025.5,689968.75,690187.1875,690249.5,690400.375,690570,690119.25,690437.375
690405.375,690287.4375,690674.3125,688906.75,693549.375,692471.8125,691764.875,695144.4375,685224.3125,697773.375,695070.0625,696086.3125,690330.0625,690291.5625,690146,689964.875,689962.4375,690037.875,689982.25,690197,690258,690411.125,690578,690133.1875,690447.4375
690419.375,690295.6875,690683.8125,688913.375,693569.5,692485,691776.875,695158.0625,685234.125,697788.1875,695081.8125,696098.6875,690346.375,690299.9375,690162.5,689980.375,689976.25,690051.8125,689996.625,690214,690273.0625,690427.875,690592.75,690143.4375,690461.25
690440.0625,690310.5,690695.375,688925.25,693586.9375,692502.5625,691784.0625,695171.125,685246.375,697797.75,695091.5625,696108.25,690356.25,690314.6875,690171.75,689986.3125,689983.8125,690061.5625,690006,690221.125,690282.625,690439.25,690602.625,690151.8125,690471.875
690449.4375,690319,690703.75,688927.75,693597.5625,692518.5,691796.5625,695179.625,685258.0625,697809.3125,695100.5,696121.875,690362.75,690319.75,690177,689993,689991.3125,690069.125,690009.125,690229.125,690289.125,690443.6875,690608.625,690156.125,690476.3125
690453.5,690321.5625,690710.75,688934.125,693604.875,692523.6875,691800.75,695185.6875,685261.875,697811.375,695105.375,696123.0625,690364.5,690319.3125,690177.5625,689996,689991.3125,690068.8125,690011,690225.375,690287.125,690442.1875,690605.5,690151.9375,690471.1875
690443.625,690322.5625,690704.25,688933.375,693603.5,692517.25,691794.75,695177.1875,685253.125,697801.3125,695094.375,696111,690353,690310.9375,690164.375,689981.3125,689977.5625,690055.0625,689995.625,690214.4375,690269.9375,690425.125,690594.875,690140.0625,690460.0625
690431.5,690310.0625,690693.25,688925.25,693582.1875,692498.25,691783.25,695162.1875,685243.25,697790.125,695082.5625,696098.375,690337.1875,690293.375,690152.1875,689968.875,689964.75,690040.375,689984.4375,690201.5,690255.375,690413.375,690580,690125.3125,690443.75
690409.0625,690298.4375,690678,688911.875,693561.8125,692481.5625,691770.375,695149.125,685230.0625,697779.9375,695071.125,696086.75,690331.1875,690289.3125,690138.5,689962.625,689957.4375,690035.75,689976.75,690192.5,690251.625,690406.8125,690572.5625,690121.1875,690441.3125
690406.625,690291.125,690677.75,688912.8125,693555.75,692479.3125,691767.4375,695146.125,685233.4375,697778.8125,695069.875,696087.5625,690333,690288.375,690145.375,689963.8125,689963.875,690036.125,689980.375,690198.625,690254.625,690412.875,690579.6875,690123.5,690444.625
690410.125,690296.9375,690679.5,688920,693563.8125,692482.375,691771.75,695150,685237.875,697782.1875,695076.9375,696093.4375,690338.25,690295.125,690153,689969,689966.875,690042,689988,690203.25,690261.9375,690421.125,690583.75,690131.125,690451.75
690418.25,690306,690685.625,688928.8125,693575.9375,692491.9375,691781,695160.25,685249.3125,697792.125,695085.625,696102.75,690349,690302.5,690162.625,689982.5,689979.3125,690056.3125,689998.625,690212.4375,690274.6875,690433.1875,690591.9375,690140.0625,690462
690429.9375,690315,690696.8125,688936.9375,693589.4375,692503.1875,691789,695171,685259.25,697800.125,695093,696108.4375,690355.5,690312,690166.8125,689988.6875,689983.5,690059.4375,690002.375,690218.375,690277.125,690436.875,690596.25,690144.875,690464.5
690427.5,690315.75,690698.375,688934.375,693591.5,692508.125,691787.8125,695170.3125,685260.75,697798.0625,695087.625,696106.125,690348.75,690302.25,690158.6875,689978.1875,689971.9375,690047.625,689993.0625,690207,690264,690423.4375,690585.25,690128.25,690451.5
690415.625,690301.375,690686.9375,688922.25,693574.4375,692490.3125,691775.0625,695153.25,685243.8125,697781.5625,695074,696083.0625,690324.75,690280.5,690137.75,689954.9375,689950,690027.5,689970.75,690184.875,690243.0625,690399.0625,690564.4375,690109,690431.125
690399.3125,690280.5625,690665.3125,688904.125,693541.5625,692463.875,691750.6875,695130.0625,685224.0625,697758.4375,695048.875,696066.25,690306.5625,690262.5625,690120.125,689936.25,689930.25,690005.0625,689951.375,690165.5625,690224.6875,690380.25,690543.1875,690089.25,690411.625
690372.8125,690262.8125,690646.875,688892.5625,693510.9375,692441.625,691735.875,695114.125,685208.875,697744.625,695039.3125,696052.875,690294.5,690250.75,690110.9375,689930.6875,689927.4375,689999.75,689943.6875,690162.8125,690221.375,690375.25,690541.3125,690083.125,690410.875
690368.375,690257.25,690641.8125,688889.375,693506.25,692434.4375,691731.8125,695114.75,685209.4375,697744.625,695036.5625,696052.1875,690297.25,690249,690110.75,689932.375,689923.1875,689999.0625,689945.125,690161.3125,690219.3125,690378.4375,690538.5,690084.4375,690407.8125
690372.75,690262.8125,690643.6875,688894.75,693512.5,692442.4375,691737.1875,695114.625,685214.9375,697745.75,695036.75,696055.875,690300.125,690255.6875,690114.375,689936.25,689930.6875,690006.9375,689950.25,690166.8125,690224.0625,690382.625,690543.0625,690091.1875,690415.5625
690378.6875,690266.125,690647.5625,688893.1875,693523.8125,692447.4375,691738.5,695118.875,685216.75,697750.5625,695039.6875,696057.125,690304.3125,690259.5,690116.875,689936.625,689933.375,690007.625,689950.125,690167.8125,690226.8125,690385.875,690548.4375,690090,690418.4375
690376.1875,690266.25,690652.5625,688901.25,693531.9375,692454.3125,691742.4375,695128.5,685224.3125,697753.5,695041.625,696064.875,690308.1875,690264.375,690122.4375,689939,689937.5625,690015,689956.5625,690173.6875,690232.75,690392.5,690555.25,690096.875,690423.0625
690385.9375,690273.625,690658.125,688903.25,693545.75,692461.25,691745.6875,695128.625,685230.3125,697758.625,695047.625,696068.375,690315.5625,690270.875,690128.4375,689945.625,689941.75,690020.125,689963.25,690176.3125,690237,690395,690556.25,690098.1875,690430.25
690393.8125,690277.5,690662,688907.375,693559.4375,692469.25,691753.5,695137.8125,685238.625,697766.3125,695053.0625,696072.1875,690321.25,690278.5,690136.375,689953.1875,689950.75,690025.5,689971.625,690184.375,690243.6875,690406,690564.3125,690108.5,690437.5625
690407.1875,690287.125,690669.25,688914.3125,693568.5,692477.75,691760.375,695145.75,685247.5625,697772.5625,695059,696080.25,690327.625,690283.75,690141.1875,689961.625,689954.25,690036.375,689974.6875,690192.125,690248.375,690410.5625,690569.9375,690112.5,690443.4375
690409.0625,690289.125,690676.5625,688920.25,693580,692483.375,691765.875,695153.5,685255.3125,697775.125,695066.8125,696084.125,690330.125,690284.6875,690142.25,689960.625,689956.25,690031.5,689974.25,690190.5625,690248.625,690409.6875,690569.25,690110,690442.5
690405.125,690288.1875,690673.5,688914.9375,693575.25,692481.75,691764.5,695146.5625,685250.9375,697772.5625,695062.5625,696079.875,690323.5,690280,690135.75,689956.9375,689952.625,690025.0625,689972,690183.1875,690246.625,690404,690564.4375,690100.875,690434.6875
690400.5625,690281.625,690671,688917.5625,693569.375,692477.5,691757.125,695141.9375,685250.5,697770.625,695060.375,696074.75,690323.75,690279.6875,690137.5625,689955.75,689948.75,690025.875,689971.5,690183.375,690244.875,690402.8125,690566.875,690098.75,690433.4375
690387.25,690284.4375,690668.875,688916.625,693566.625,692477.4375,691759.4375,695143.4375,685251.625,697770.6875,695060.625,696074.625,690328,690281.5,690139.5,689960.25,689952,690030.125,689972,690185.75,690249.4375,690409.4375,690566.1875,690102.5,690437.1875
690390.5,690288.8125,690673.0625,688920.6875,693574.375,692480.375,691759.75,695146.5625,685255.5625,697771.5,695065.75,696078.875,690324.375,690281.1875,690138.1875,689956.9375,689952.25,690029.375,689971.3125,690188.1875,690246.3125,690405.75,690567.5,690105.5625,690439.75
690385.625,690287.1875,690671.1875,688923.25,693574.375,692479.375,691760.125,695147.8125,685257.375,697772.25,695064.375,696080.3125,690323.4375,690280.5,690137.5,689954.25,689951.75,690026.3125,689970.125,690186.875,690246.3125,690405.625,690564.25,690101.8125,690437
690392,690284.375,690672.4375,688924.875,693570.6875,692478.0625,691759.75,695147.5625,685257.4375,697769.625,695060.9375,696080.75,690323.375,690278.1875,690136.8125,689952.875,689952.8125,690027.875,689970.625,690186.5625,690244.75,690405.75,690563.8125,690100.375,690437.875
690392.75,690286.3125,690672.5,688923.75,693569.3125,692477.125,691761.75,695144.6875,685258.4375,697771.125,695060.5,696077.75,690323.0625,690282.8125,690138.375,689951.25,689950.5625,690028.625,689972.1875,690189.5,690246.5,690408.625,690565.6875,690101.375,690435.6875
690401.125,690286.875,690673.125,688924.0625,693573.125,692480,691763.5,695147.5625,685263.25,697772.125,695062.875,696080.25,690322.625,690276.3125,690134.6875,689953.5,689946,690023.75,689966.9375,690183.75,690241.75,690398.8125,690561.5625,690096.875,690430.25
690395.0625,690284.0625,690663.6875,688919.375,693563.75,692470,691751.5625,695135.75,685250.375,697761.125,695052.25,696073.125,690312.8125,690267.1875,690123.8125,689946.8125,689938.625,690013.625,689957.25,690171.9375,690228.6875,690391.5,690551.8125,690082.25,690418.125
690372.875,690269.375,690655.25,688912,693543.625,692455.0625,691741,695123,685244.0625,697748.25,695038,696056.375,690300.625,690257.4375,690113.5,689929.5,689928.5,690001.5625,689945.6875,690159.875,690217.125,690376.9375,690535.6875,690070.75,690406.375
690354.625,690256.9375,690642,688901.8125,693524.75,692440.3125,691730.875,695112.875,685232.875,697737.5,695029.6875,696044,690282,690241.5,690098.125,689918.25,689911.5,689985.375,689930.75,690148.0625,690207.875,690364.875,690524.125,690058.5,690399.375
690362.1875,690248.375,690635.125,688893.4375,693513.0625,692432.4375,691721.875,695106,685226.5625,697730.625,695021.9375,696038.75,690279.625,690236.625,690098.375,689913.75,689910.875,689985.125,689929.125,690143.375,690201.8125,690362.375,690526.5625,690051.75,690394.375
690362.125,690238.625,690627.625,688890.125,693506.125,692423.1875,691714.625,695097.5,685222.4375,697721.8125,695014.875,696027.1875,690272,690225.125,690083.6875,689899.6875,689900.5,689971.625,689916.9375,690133.25,690193.1875,690351.8125,690511.125,690043.625,690381
690356.9375,690230.25,690614.875,688878.75,693493,692412.5625,691704.25,695088.25,685213.5,697712.625,695003.875,696021.375,690263.4375,690217.375,690074.875,689893.375,689887.25,689966.375,689911.625,690125.875,690187,690344,690506.375,690037.125,690376.3125
690354.9375,690222.75,690609.5,688876.5,693487.4375,692406.375,691698.8125,695079.875,685210.3125,697708.75,695003,696017,690263.125,690219.3125,690074.9375,689895.75,689889.3125,689965.9375,689909.4375,690124.0625,690182.375,690342.875,690500,690034.3125,690373.1875
690342.1875,690222.5625,690608.0625,688871.1875,693489.75,692405.6875,691697.8125,695081.3125,685211.625,697703.1875,694998.625,696015.3125,690258.875,690213.6875,690070.5,689889.875,689885.125,689963.1875,689902.25,690121.375,690178.6875,690337.375,690500.375,690027.4375,690368.875
690335.9375,690219.25,690606.625,688871.375,693483.125,692401.375,691690,695075.125,685204.375,697701.1875,694990,696006.8125,690251,690206.25,690065.3125,689880.9375,689877.5625,689953.875,689897.625,690111.5,690174.125,690330.75,690493.375,690019.625,690364.5
690336.875,690208.75,690598.1875,688866.3125,693480.25,692395.25,691685.9375,695072.1875,685200.625,697696.375,694983.1875,696004.25,690247.125,690203.75,690061.375,689878.125,689875.125,689950.875,689893.8125,690108.5,690168.75,690326.75,690488.5,690018.5,690358
690352.875,690206.5,690594.875,688859.625,693477.25,692393.125,691681.875,695065.5625,685200.0625,697689.3125,694984.625,695999.5,690244.9375,690201.375,690060.5625,689878.25,689872.8125,689947.5,689893.625,690108.0625,690165.875,690327.8125,690488.4375,690017.25,690357.4375
690356.25,690208.0625,690595.5625,688859.875,693480.75,692393.25,691682.8125,695067.875,685202.8125,697691.625,694982.4375,696000.0625,690249.3125,690203.0625,690061.125,689878.375,689873.625,689948.0625,689892,690104,690164.4375,690320.0625,690481.9375,690013.625,690354.75
690352.375,690199.3125,690591,688855.875,693477.75,692390.0625,691679.125,695061.1875,685197.5,697684.875,694975.3125,695994,690239,690193.75,690048,689868.625,689861.9375,689939.9375,689883.4375,690097.5,690156.875,690317.5,690479.6875,690005.25,690346.875
690325.0625,690195,690582.4375,688847.625,693469.3125,692381.5625,691669.9375,695055.5,685193.375,697682.75,694970.875,695987.1875,690232.5625,690189.0625,690042.1875,689860.125,689859.6875,689936,689878.0625,690092.75,690153.8125,690308.875,690472.25,689997.75,690342
690314.3125,690190.9375,690575.625,688845.125,693464.875,692375.6875,691664,695051,685189.375,697673.875,694963.375,695982.8125,690229.4375,690184.375,690041,689856.8125,689853.125,689929.875,689875.625,690091.125,690150.75,690307.75,690469.0625,689993.0625,690339.6875
690320.25,690188,690577.125,688844.375,693466.125,692375.375,691665.5,695053,685191.1875,697676.875,694966.125,695985,690229.5,690184.75,690040.9375,689861.8125,689852.1875,689931.625,689878.375,690091.3125,690150.5625,690311.1875,690470.75,689997.8125,690341.5625
690333.375,690190.0625,690577.5625,688848.125,693471.9375,692382.125,691666.3125,695054,685196.5,697677.375,694967.875,695984.75,690236.9375,690190.25,690048.75,689866.1875,689861,689937,689883.125,690099.3125,690156.8125,690317.125,690478,690003.0625,690348.625
690338.5,690193.5,690584.9375,688852.1875,693481.8125,692389.375,691670.6875,695061.875,685202,697683.625,694972.375,695991.5625,690234.375,690190.9375,690048.0625,689868.1875,689862.75,689943.625,689883.5,690101.5625,690163.625,690321.1875,690484.9375,690004.6875,690356.125
690350.3125,690200.375,690592.125,688855.25,693495,692401.3125,691681.8125,695071.9375,685214.6875,697693.25,694982.625,695999,690252.625,690208,690067.4375,689882.875,689880,689957.25,689900,690114.25,690174.6875,690333.125,690496.25,690014.9375,690367.4375
690353.25,690210.5625,690602.875,688861.125,693508.25,692413.875,691684,695081.125,685219.3125,697699.875,694990.5625,696006.125,690251.75,690205.125,690063.25,689880.5,689880,689954.0625,689897.4375,690112.375,690169.9375,690330.25,690493.375,690013.5,690363.875
690332.125,690209.9375,690597,688860.5625,693506,692408.25,691683.125,695078.1875,685222.125,697698.125,694981.5625,696001.9375,690250.5625,690204.3125,690059.25,689878.4375,689870.3125,689947.75,689892.5,690106.8125,690159.5,690323.125,690489.75,690005.9375,690359.0625
690315.125,690204.0625,690593.0625,688857.5,693499.375,692398.1875,691677.25,695067.375,685213,697686.75,694977,695992.75,690235.125,690193,690051.125,689864.125,689860.375,689934.4375,689881.375,690095.9375,690151.9375,690313.4375,690476.625,689995.625,690346.625
690299.625,690189.5,690578.5,688847.125,693478,692384.0625,691665.5625,695050.875,685198.1875,697673.25,694959.375,695981.25,690221.875,690177.8125,690034.5,689849.5,689845.5,689925.625,689867.5625,690078.5,690141.625,690299.4375,690460,689979.4375,690330.25
690294.375,690182.1875,690569.0625,688839.375,693459.875,692371.25,691657.5625,695041.5,685192.625,697664.3125,694947.125,695969.6875,690214.4375,690169.75,690027.75,689843.875,689838.1875,689915.0625,689862.625,690075.875,690130.0625,690293.4375,690457.375,689975.9375,690328
690285.25,690173,690562.25,688833.75,693449.125,692363.25,691648.125,695034.75,685185.3125,697660.0625,694946.5,695965.9375,690209.75,690164,690019.375,689840,689836.25,689909.6875,689855.9375,690069.4375,690128.625,690284.5,690449.875,689966.625,690320.625
690285.875,690165.9375,690553.5,688827.25,693441.75,692356.9375,691640.0625,695027.125,685179.75,697649.875,694937.1875,695958.375,690202,690155.375,690015.375,689833.6875,689830.3125,689904.3125,689847.125,690063.125,690123.0625,690278.0625,690444.4375,689962,690315.25
690281.8125,690161.1875,690547.8125,688825.9375,693434.6875,692348.75,691633.625,695025.6875,685179.25,697645.875,694934,695951.375,690200.9375,690153.25,690012.375,689830,689822.75,689902.125,689848.5,690060.3125,690121,690279.4375,690444.5,689960.875,690314.625
690276,690162.25,690547.5,688824.4375,693438.375,692351.8125,691637.5,695026.25,685186.625,697649,694935.875,695954.3125,690205.6875,690158,690013.625,689835.875,689828.125,689906.125,689851.3125,690064.375,690124.125,690285.5,690448.875,689965.625,690321.375
690291.3125,690164.5,690553.875,688833.5,693450.25,692360.3125,691643.75,695032.5625,685192.375,697655.125,694945.3125,695960.875,690219.3125,690169.0625,690028.875,689849.25,689842.625,689918.75,689862.1875,690079.0625,690140.75,690298.875,690461.125,689979.0625,690334.4375
690312.4375,690177.5,690566.375,688839.25,693469.5,692375.75,691652.25,695047.125,685203.4375,697668,694957.4375,695974.5,690229.125,690184.4375,690039.3125,689858.375,689852.625,689931.8125,689872.875,690088.75,690148.625,690306.25,690467.25,689984.375,690340.25
690311.1875,690185.375,690572.875,688847.8125,693484.0625,692386.625,691663.125,695057.8125,685216.5,697675.3125,694964.3125,695981.8125,690231.5,690186.75,690045.6875,689865.25,689858.625,689936.75,689878.125,690094.6875,690153.875,690314.625,690479.625,689993,690347.25
690315.3125,690193.6875,690581.1875,688850.25,693493.25,692395,691667.375,695065.375,685221.3125,697679.875,694969.375,695985.3125,690235.9375,690191.75,690046.5,689864.5,689858.8125,689935.5625,689882.375,690092.875,690153.375,690311.5625,690475.75,689990.6875,690346.625
690311.9375,690192.25,690575.875,688850.5,693489.9375,692393.375,691664.3125,695059.0625,685217.25,697671.875,694962.75,695980.125,690223.5,690177.5625,690036.3125,689853,689847.25,689923.8125,689866.9375,690085.125,690139,690300,690460.75,689976.125,690333.875
690295,690178.8125,690567,688840.875,693473.4375,692375.875,691651.625,695043.8125,685204.3125,697660.625,694949.125,695967.875,690208.875,690160.5,690017.5,689834.125,689829.125,689905.3125,689847.5,690062.8125,690120.5625,690282.8125,690440.625,689953.375,690312
690269.25,690163,690544.9375,688825.3125,693441.5,692350.0625,691631,695024.5,685185.625,697646.3125,694935.9375,695947.5625,690190.6875,690146.625,690003.4375,689823.75,689820.0625,689896.25,689839.4375,690054.75,690110.625,690271.1875,690436.5625,689945.5,690305.125
690262.5,690151.8125,690540.9375,688821.75,693431.875,692343.8125,691629.5,695018.375,685181.1875,697640.75,694931.625,695946,690197.375,690149.4375,690009,689826.1875,689824.4375,689901.125,689841.8125,690060.5,690117.1875,690279,690439.875,689954.4375,690312.625
690263.625,690160.9375,690549.375,688830.3125,693444.875,692355.25,691637.4375,695029.4375,685199.0625,697650.75,694940.5,695956.1875,690208.8125,690165.875,690021.8125,689842.25,689841.875,689918.8125,689858.5,690074.3125,690135.75,690294.3125,690459.0625,689971.1875,690332.375
690279.125,690176.5,690564.625,688842.5625,693467.5625,692376.3125,691653.25,695047.5,685214.75,697668.5,694958.75,695973.625,690228,690184.875,690041.1875,689856.5,689858.1875,689933.25,689878.6875,690093.1875,690150.9375,690310.75,690475.875,689986.75,690348.125
690297,690193.25,690581.75,688855.375,693488.875,692397.4375,691669.9375,695068.6875,685239.875,697683.5,694973.125,695993.8125,690247.625,690204.25,690062.25,689878.4375,689875.5625,689951,689892,690111.125,690166.1875,690329.25,690489.4375,690005.0625,690360.125
690312.625,690209.4375,690597.375,688857.625,693503.1875,692414,691683.125,695080.375,685249.375,697695.375,694982.5,696000.6875,690249.375,690204.9375,690064.25,689880.375,689876.8125,689955,689895.25,690113.875,690170.875,690328.75,690490.625,690001.8125,690364.375
690317.875,690209.875,690598,688863.625,693509.375,692416.1875,691682.125,695082.4375,685248.4375,697694.375,694983,696001,690248.1875,690203.25,690061.9375,689879.6875,689875.5625,689949.9375,689891.875,690110.25,690167,690325.375,690488.6875,689995.25,690359.6875
690318.125,690205.75,690593.5,688860.25,693504.125,692405.6875,691678.1875,695073.875,685245.125,697686.9375,694974.6875,695994.125,690239.125,690191.5,690053.0625,689868.375,689862.25,689939.375,689882.875,690100.0625,690158.125,690314.6875,690477.5,689984.0625,690347.75
690315.625,690196.375,690580.625,688859.125,693490.0625,692396.3125,691665.9375,695059.6875,685235.75,697678.6875,694966.9375,695981.5625,690231.5,690184.125,690039.125,689858.875,689855.375,689929.125,689874.4375,690088.125,690147.5,690306.875,690462.5625,689973.4375,690340.3125
690303.5,690186.9375,690576.25,688857,693478.8125,692389,691658.875,695052.5625,685228,697669.0625,694960.125,695976.5,690223.75,690180.625,690036.5625,689855.375,689850.625,689924.5,689869.75,690087.5,690146.5,690300.875,690463.4375,689971.1875,690338.8125
690301.625,690184.4375,690572.8125,688856.625,693476,692384.75,691656.3125,695047.375,685228.375,697669.5,694957.375,695972.625,690222.8125,690176.25,690035.875,689852.875,689851.125,689928,689869.875,690085.625,690141.9375,690303.375,690464.875,689969.0625,690339.125
690306.5,690186.125,690572,688856.25,693478.8125,692380.625,691658.6875,695051.625,685230.625,697669.4375,694959.75,695977.5,690228.875,690184.875,690043.4375,689859.75,689855.5,689931.75,689875.625,690093.6875,690150.3125,690311.125,690473.625,689975.375,690346.875
690302,690190.3125,690580.375,688866.5625,693488.0625,692387.4375,691664.25,695056.5,685235.3125,697675,694965.3125,695980.125,690233.625,690188.125,690046.1875,689867.625,689859.75,689933.625,689879.875,690097.4375,690150.75,690314.5,690475.875,689979.0625,690349.625
690301.3125,690195.25,690583.6875,688872.75,693496.3125,692394.9375,691664.5,695060.9375,685244.25,697679.0625,694969,695983.6875,690234.3125,690189.9375,690048.6875,689862.875,689861.875,689937.75,689880.625,690096.75,690154.75,690314.125,690477.1875,689976.8125,690347.5
690302.25,690194.9375,690583.75,688871.8125,693497.125,692393.875,691666.375,695059.3125,685240,697674.75,694966,695979.875,690231.9375,690186.1875,690041.375,689861,689854.3125,689930.5,689874.5,690086.25,690147.5,690307,690469.75,689971.375,690338.4375
690306.3125,690185.375,690574.875,688857.375,693483.375,692382.8125,691655.625,695048.6875,685234.3125,697668.125,694954.875,695973.4375,690218.375,690170.125,690030.6875,689846,689840.625,689919.9375,689862.1875,690075.125,690135.5,690297.8125,690454.125,689955.75,690327.625
690305.125,690173.125,690560.9375,688851.8125,693467.625,692367.125,691643.375,695038.5,685225.75,697654.5,694942.375,695958,690203.4375,690157,690014.6875,689832.8125,689825.875,689902.5625,689847.75,690060.9375,690119.125,690279.125,690439.6875,689940.3125,690311.9375
690298.8125,690159.9375,690548.4375,688841.3125,693443.6875,692350.0625,691628.875,695020.9375,685212.375,697641.1875,694930.6875,695946.625,690193,690149.375,690003.6875,689820.75,689817.5625,689892.75,689837.125,690051.8125,690109.375,690274,690429.75,689931.625,690303.625
690297,690148.75,690538.8125,688831.875,693430.0625,692337.625,691622.625,695014.125,685203.6875,697630.875,694919.6875,695940.5625,690185.0625,690139.75,689995,689816,689808.875,689885.875,689831.125,690046.125,690104.3125,690265.5625,690428.375,689927.75,690298.6875
690288.5,690146.8125,690536.9375,688828.125,693426.9375,692335.75,691618.4375,695008.75,685199.9375,697633.0625,694920.5,695937.1875,690186.5,690141,689998.25,689816.3125,689814.0625,689889.4375,689831.9375,690048.875,690109,690268.875,690428.75,689929.0625,690299.75
690274.3125,690149.0625,690534.625,688834,693432.625,692333,691620.9375,695009.9375,685204.0625,697629.75,694920,695940.3125,690190.75,690144.25,690001.75,689820.5625,689815.5,689893.5,689833.4375,690051.25,690110.875,690271.125,690434.5,689931.5,690305.125
690270.625,690150.75,690543.375,688833.4375,693443.375,692344.3125,691626.5625,695017,685212.625,697636.125,694925.375,695945.75,690196.125,690151,690006.1875,689826.625,689823,689899.3125,689843.4375,690058.4375,690118.8125,690277.75,690434.6875,689936.9375,690310.625
690263.125,690157.25,690547.5625,688841,693452.75,692354,691630.5,695028.375,685223,697643.25,694932.75,695950.75,690204.0625,690155.5,690017,689833.8125,689829.625,689907,689850.5,690065.75,690128,690287.1875,690446.8125,689946.5,690325.125
690271.625,690172.5,690561.25,688850.5,693476.3125,692370.3125,691647.25,695041.75,685240.25,697659.25,694947.25,695970.5625,690226,690178.1875,690036.1875,689854.9375,689850.625,689930.9375,689870.5625,690088.375,690151.25,690310.5625,690472.4375,689968.6875,690346.1875
690291,690192.875,690583,688865,693498.125,692402.125,691670.625,695064.75,685262.375,697681.8125,694971.1875,695992.625,690247.875,690205.375,690063.0625,689884.875,689880,689957.25,689901.1875,690116.5,690175.5625,690340.75,690496.625,689994.75,690373.1875
690315.0625,690218.625,690610.125,688883.5,693520.5,692430.375,691694.875,695094.625,685291.3125,697706.875,694997.875,696015.5,690274.375,690228.625,690087.625,689902.1875,689903,689976.8125,689919.5,690137.875,690193.75,690359.0625,690520,690013.25,690391
690332.625,690238.75,690624.75,688901.75,693528.875,692452.625,691710.3125,695115.375,685310.6875,697725.625,695016.1875,696029.875,690286.1875,690240.75,690099.75,689916.8125,689911.625,689991,689934.9375,690147.125,690207.1875,690369.75,690531.5625,690026.5625,690403.375
690349.875,690249.0625,690636.9375,688911.3125,693538.125,692466,691723.75,695123.8125,685323.1875,697735.6875,695024.9375,696044.0625,690293.125,690250.3125,690109.25,689928.625,689922.375,689996.375,689941,690154.0625,690214.125,690376.75,690537.25,690029.9375,690410.5
690353.6875,690254.625,690642.5,688912.25,693546.8125,692465.75,691728.5,695127.25,685325,697738.375,695026.75,696045.0625,690294.3125,690253.875,690108,689927.75,689923.125,689999.6875,689941.5625,690154.4375,690216.125,690379.875,690538.6875,690031.8125,690411.5625
690355.9375,690258.1875,690644.625,688919.6875,693557.4375,692469.3125,691729.375,695128.75,685330.9375,697742.375,695031,696048.1875,690295.5,690251.3125,690110.6875,689926.625,689921.375,690000.3125,689943.8125,690158.5,690217.375,690379.3125,690535.3125,690029.25,690408.6875
690357.375,690256.1875,690645,688924.625,693556.9375,692464.9375,691725.3125,695126.3125,685325.875,697737.75,695029.75,696048.0625,690291.5625,690248.6875,690103.875,689922.375,689917.125,689994,689939.9375,690155.5,690212.5625,690375.25,690533.125,690025,690406.75
690363,690251.625,690639.3125,688925.6875,693552.5625,692458.8125,691724.125,695115.3125,685323.0625,697731.375,695023.625,696038.6875,690288.1875,690240,690099.3125,689917.75,689913,689990.9375,689934.4375,690147.4375,690204.875,690370.3125,690529.4375,690020.0625,690401.3125
690349.875,690244.875,690635,688927.8125,693548.4375,692451.625,691719.9375,695108.1875,685316.9375,697729.75,695020.25,696036.8125,690282.125,690239.4375,690093.375,689911.375,689909.625,689987.875,689929.375,690145.6875,690201.3125,690368.1875,690521.75,690015.9375,690398.8125
690342.75,690243.125,690633.625,688929.75,693546.9375,692447,691715.9375,695104.6875,685320.25,697731.3125,695016.875,696036.625,690286.625,690239.9375,690097.8125,689915.0625,689913.6875,689991.375,689935.25,690145.375,690210.3125,690370.375,690526.5625,690017.875,690404.375
690347.1875,690248.25,690639,688934.25,693555.3125,692452.75,691724.4375,695113.8125,685327.375,697732.625,695026.1875,696043.6875,690293.4375,690250,690104.0625,689924.4375,689918.6875,689994.375,689938.875,690153.625,690214.875,690374.5,690536.8125,690026.3125,690409.625
690351.5,690251.3125,690642.5,688941,693564.375,692456.25,691727.375,695119.4375,685330.75,697736.5625,695027.5,696047.375,690294.125,690250.0625,690109.5,689924.5,689921.375,689999.125,689942.5,690156.1875,690214.0625,690374.5,690533.25,690024.375,690408.8125
690353.375,690253.4375,690643.8125,688940.875,693564.125,692455.875,691728.25,695116.1875,685333.8125,697733.375,695028.375,696045.5,690289.125,690246.1875,690102.4375,689922,689914.25,689993.4375,689939.3125,690154,690213.6875,690375.375,690534.3125,690022,690407.875
690353,690253.625,690642.875,688942.125,693560.5625,692454.25,691724.9375,695114.4375,685328.375,697733.1875,695022.75,696040.6875,690286.8125,690243.75,690098.0625,689922.1875,689914.125,689992.5,689934.5,690147,690209.625,690371.25,690526.5,690013.625,690401.1875
690353.75,690247.375,690637.25,688938.5,693555.5,692448,691723,695109.9375,685328.75,697731.5,695022.375,696039,690284.6875,690243.125,690100.125,689918.4375,689916.125,689991.9375,689933.1875,690151.5,690211.1875,690371.875,690529.5,690018.8125,690404
690356.3125,690250.25,690638.25,688942.375,693555.625,692453.1875,691723.0625,695112.1875,685333.625,697732.25,695025.25,696040.0625,690290.25,690249.3125,690104.5,689925.0625,689920.5625,689998.75,689939.125,690156.75,690217,690381.375,690537.125,690024.5,690412.875
690372.75,690258.375,690646.75,688948.5,693569.5,692464.875,691734.5,695122.875,685344.0625,697742.1875,695033.4375,696052.625,690302.125,690258.125,690114,689936,689928.0625,690002.8125,689950.625,690166.625,690221.75,690389.25,690546.25,690033.6875,690419.9375
690370.5625,690265,690656,688952.8125,693579.0625,692469.125,691741.375,695128.6875,685349.25,697748.0625,695038.625,696056.375,690306.875,690264,690121.9375,689941.5,689932.75,690012.75,689955.6875,690171.1875,690227.75,690391.5625,690548.375,690035.75,690423.375
690369.125,690266.625,690655.875,688953,693586.625,692473.5,691739.6875,695132.1875,685353.6875,697748.125,695040.875,696058.1875,690307.25,690259.75,690117.875,689933.25,689929.125,690009.9375,689954.375,690166.5625,690223,690390.375,690543.875,690032.5625,690419.875
690361,690265.3125,690655.6875,688955.5625,693578.75,692470.3125,691736.9375,695128.6875,685350.5625,697743.625,695034.3125,696053.0625,690300.3125,690256.5,690113.875,689934.6875,689930.125,690005.0625,689951.1875,690165.75,690227.625,690386.625,690545.875,690030.3125,690419.6875
690357.1875,690264.4375,690655,688958.0625,693577,692468.0625,691738.1875,695129.375,685353.0625,697746.625,695040.9375,696057.8125,690304.875,690263.0625,690118.75,689939.125,689933.6875,690011.125,689956.1875,690170,690226.375,690391.3125,690547.25,690030.6875,690421.75
690357.75,690265.5625,690657.75,688960.0625,693581.9375,692472.375,691743.625,695128.8125,685361.8125,697754.0625,695042.1875,696060.6875,690310.3125,690265.6875,690121.25,689941,689940.5,690015.375,689961.375,690174.75,690236.5,690400,690554.3125,690040.5,690430.9375
690361.9375,690274.625,690667,688967.5,693589.0625,692479,691748.4375,695136.875,685366.9375,697757.5625,695049.875,696066.5625,690314.6875,690272.875,690129,689948.1875,689943.25,690019.25,689965,690180.0625,690239.125,690402,690561.25,690041.125,690432.8125
690371.1875,690278.25,690670.25,688972.5,693594.625,692483.125,691752.5,695140.5625,685369.875,697762.8125,695053.625,696069.25,690316.5625,690273.8125,690133.6875,689950.9375,689945.5,690022.5,689967.25,690182.5625,690241.25,690402.75,690560.9375,690044,690436
690374.25,690279.75,690670.3125,688970.625,693599.25,692488.625,691755.0625,695141.5625,685374.5,697763.125,695052.5,696074.6875,690319.25,690278.1875,690134.5,689951.625,689949.5,690025.9375,689966.875,690183.1875,690241.3125,690403.4375,690560.5625,690044.5,690435.6875
690379.25,690279.6875,690670.625,688969,693596.125,692483.8125,691754.125,695144.625,685377.5625,697763.4375,695051.9375,696069.6875,690319,690272.75,690131.625,689953.1875,689944.4375,690020.125,689965.3125,690178.625,690238,690402.4375,690560.3125,690040.3125,690433.125
690381.5625,690277.8125,690667.75,688968.75,693592.4375,692481.125,691750.625,695136.625,685373.6875,697761.125,695045.5625,696064.6875,690312.375,690269.5,690126.625,689944.625,689939.9375,690013,689957.875,690171.1875,690230.6875,690392.4375,690549.875,690033.4375,690426.125
690367.4375,690274.125,690660.6875,688967,693583.8125,692472.75,691743.875,695128.25,685367.5,697752.25,695042.375,696060,690304.75,690261.8125,690121.3125,689937.5625,689932.5625,690009.75,689955.0625,690168.5,690229,690391.75,690551.625,690030.6875,690424.625
690359.3125,690270.3125,690660.125,688966.875,693583.0625,692471.625,691744.4375,695131.375,685369.5,697756.125,695045.125,696063.125,690313.125,690271.3125,690128.375,689944.125,689941.125,690016.9375,689963.5,690175.375,690234.75,690400.125,690556.5,690037.1875,690430
690363.125,690275.6875,690667.125,688973.4375,693590.3125,692479.125,691749.25,695137.5,685378.25,697757.75,695050.6875,696068.6875,690315.875,690274.4375,690133.25,689951.1875,689945.5625,690022.5,689966.25,690177.25,690239.125,690402,690560.6875,690039.4375,690432.875
690362.5625,690281.375,690669.375,688978.4375,693593.375,692478.5,691752.125,695139,685381.875,697760.6875,695050.9375,696071.5625,690314.0625,690270.3125,690129.9375,689950.9375,689942.5,690016.8125,689963.25,690175.9375,690236.5,690401,690555.5,690035.3125,690430.375
690365.75,690274.375,690668,688973.6875,693588.8125,692478.0625,691750.875,695136.125,685380.3125,697756.75,695051.3125,696069.875,690313.75,690270.9375,690130.0625,689948.375,689941.5,690016.1875,689964.125,690180.875,690236.625,690403.6875,690559.9375,690034.875,690435
690375.3125,690276.8125,690671.875,688975.125,693594.0625,692484.25,691752.75,695138.875,685386.9375,697762.8125,695054,696072.4375,690316.125,690275,690134.125,689952,689949.3125,690023.0625,689967.375,690185.3125,690238,690404,690567.125,690037.875,690438.25
690384.875,690282.25,690672.375,688981.625,693598.125,692487.25,691757.5625,695145.3125,685389.875,697764.6875,695058.0625,696077.625,690325.25,690283.125,690142.1875,689958.375,689955.25,690028.625,689973.375,690186.9375,690246.75,690411.9375,690571.625,690046.1875,690444.0625
690391.3125,690289.3125,690679.375,688986.125,693606.125,692493.75,691761.75,695146.875,685397.5625,697772.8125,695062.875,696081.25,690321.875,690281.25,690143,689959.0625,689954.375,690033.125,689976.8125,690189.9375,690245.9375,690412.75,690573.8125,690044.3125,690444.0625
690396.625,690288.4375,690679.3125,688988.375,693605.0625,692494.75,691763.4375,695151,685396.5,697767.625,695065,696081.375,690325.125,690285.125,690141.375,689965.875,689955.625,690034.5,689975.875,690193.125,690248.0625,690416.9375,690575.625,690046.5,690448.6875
690403.25,690291.3125,690683.1875,688988.8125,693610.5,692504.0625,691766.1875,695153,685404.3125,697773.125,695064.125,696086.625,690329.75,690287.1875,690147.5,689965.25,689957.25,690034.5,689979,690196,690248.75,690416.5,690575.125,690047.625,690449.75
690405,690292.5625,690680.375,688989.75,693614.5,692498.8125,691765.5625,695154,685404.4375,697772.125,695063.6875,696080.625,690321.5,690282,690137.75,689959.3125,689950.5625,690025.75,689971.75,690187.625,690240,690408.375,690565.375,690032,690440.875
690401.8125,690282.125,690671.8125,688981.8125,693598.125,692486.3125,691753.125,695143.25,685395.0625,697763.125,695050.375,696070.5,690309,690267.125,690124.6875,689942.5,689938.125,690017.1875,689959.6875,690171.75,690230.5625,690396.375,690555.6875,690027,690425.875
690387.1875,690272.125,690660.5625,688974.0625,693579.875,692474.4375,691742.75,695129,685385.25,697750.625,695041.3125,696060.9375,690302,690257.75,690120.6875,689938.125,689934.5,690010,689953.125,690167.4375,690223.125,690388.6875,690544.75,690018.625,690422.875
690388.25,690268.25,690657.4375,688967.875,693569.625,692466.125,691739.125,695123.4375,685381.25,697746.25,695037.875,696057.875,690303.8125,690264,690118.25,689937.8125,689931.875,690011.375,689960.25,690171.375,690230.625,690395.3125,690552.75,690026.25,690429.9375
690419.375,690272.375,690663.5,688980.75,693579.625,692472.375,691746.1875,695134,685392,697756.3125,695046.5625,696062.875,690316.75,690274.6875,690133.375,689950.875,689945.5,690021.375,689967.125,690181.625,690237.4375,690403,690561.875,690032,690440.0625
690435.5625,690283.0625,690672.8125,688991.9375,693595.5,692488.4375,691760.5625,695146.125,685404.0625,697768.4375,695060.6875,696077.125,690327.1875,690284.6875,690145.25,689966.5,689956.625,690036,689979.875,690196.5,690252.125,690419.125,690572.25,690043.8125,690456.1875
690464.75,690295.125,690686.625,688997.8125,693613.75,692504.9375,691773.25,695159.875,685422.625,697780.875,695075.5625,696092.5,690348.5,690303.8125,690161.625,689982,689974.75,690056.5625,689997.5625,690210.3125,690270.125,690441.8125,690593.75,690063.4375,690468.6875
690493.5,690312.625,690703.5,689003.6875,693631.25,692527.875,691790.75,695179.875,685439.125,697796.8125,695094.0625,696109.875,690361.8125,690319.375,690176.9375,689995.75,689990.125,690064.75,690009.875,690229.0625,690284.5,690447.5,690608.0625,690075.9375,690482.25
690512.8125,690322.625,690713.4375,689010.125,693641.5,692537.8125,691798.875,695190.5,685454.5,697808.0625,695098.625,696117.125,690365.125,690323.0625,690178.25,689995.875,689991.8125,690069.0625,690010.875,690228.5,690286.375,690452,690608.0625,690074.0625,690484.25
690538.625,690324.625,690715.625,689016.25,693641,692533.75,691798.8125,695186.375,685448.0625,697801.5625,695097.5625,696113,690357.4375,690312.875,690167.4375,689987.5625,689978.375,690055.9375,689998.4375,690214,690269.75,690435.875,690592.625,690058.25,690465.6875
690522.4375,690308.8125,690700.5,689004.75,693618.0625,692518.375,691779.875,695165.3125,685430.9375,697785.375,695077.25,696093.8125,690334.875,690287.8125,690148.8125,689962.875,689961.5625,690036.5,689978.8125,690195.375,690248,690415,690571.9375,690036.3125,690442.5
690502.1875,690291.8125,690678.875,688991.25,693591.3125,692489.375,691761.3125,695144.5,685414.625,697769.625,695058.875,696074.6875,690316.9375,690274.625,690131.625,689945.625,689944.125,690020.9375,689962.625,690177.625,690237.1875,690401.5,690556.8125,690021.875,690434.375
690495.125,690276.5,690670.5625,688985,693568.25,692477.125,691750.0625,695130.625,685405.5625,697756.5625,695053.4375,696069,690314.3125,690268.75,690125.625,689944.5,689940.75,690016.375,689960.875,690172.875,690233.875,690401.125,690559.4375,690020.3125,690433.6875
690513.625,690277.125,690670.5,688989,693569.4375,692471.5,691750.6875,695133.875,685406.875,697756.5,695051,696066.25,690314.3125,690269.625,690129.6875,689948.6875,689942.8125,690018.4375,689964.3125,690178.1875,690239.5,690401.75,690559,690021.9375,690437
690508.1875,690277.625,690670.3125,688993.625,693578.4375,692475.5,691751.125,695135.5,685411.5625,697760.9375,695057.4375,696072.625,690319.875,690274.75,690133.6875,689953.0625,689946,690023.0625,689967.75,690181.875,690242.1875,690408.1875,690563.75,690028.375,690442.625
690488.5,690284.5,690675.5,689001.1875,693590.625,692484.5,691761.5625,695143.0625,685419.9375,697767.25,695059.25,696077.625,690328.0625,690285.625,690140.875,689959.25,689959.375,690031.625,689976.9375,690190.125,690249.375,690415.9375,690571.5625,690034.9375,690450.9375
690465.9375,690292.8125,690684.6875,689003.875,693601.8125,692495.5,691765,695151.8125,685427.25,697774.3125,695069.125,696086,690337.75,690293.8125,690151.8125,689967.25,689964.3125,690038.875,689984.9375,690202.5625,690262.875,690423.125,690580.9375,690042.4375,690461
690462.8125,690300.9375,690694.3125,689011.3125,693621.875,692510.25,691776.625,695161.625,685440.375,697782.5,695081.8125,696098.4375,690349.5,690303.5,690162.4375,689979.9375,689978.25,690055.25,690000.5625,690213.8125,690272.75,690439.6875,690597.8125,690054.6875,690472.1875
690496.75,690313.5,690707.875,689018.375,693636.8125,692526.3125,691788.125,695176.3125,685456.9375,697794.75,695094.625,696107.25,690359.875,690319.375,690178.25,689994.375,689989.9375,690066.8125,690012,690224.875,690281.8125,690449.25,690605.5,690064.9375,690482.1875
690505.25,690323.5,690717.75,689024.6875,693648.875,692537.8125,691799.6875,695187,685468.25,697805.375,695101.9375,696120,690372.25,690325.125,690185.6875,690003.375,690002.875,690074,690023.25,690234.6875,690295.5,690460.25,690616.625,690079.25,690496.75
690499.0625,690334.6875,690728.75,689035.25,693661.5625,692547.625,691813,695200.3125,685480.375,697814.875,695114.375,696127.4375,690381,690335.625,690194.5,690010.6875,690005.0625,690084.0625,690027.625,690239.125,690298.8125,690462,690623,690081.3125,690499.25
690480.5,690341,690729.625,689039.6875,693667.125,692552.5,691813.0625,695201,685480.0625,697815.625,695113.875,696131.5625,690377.4375,690332,690190,690006.875,690005.6875,690081.25,690022.5,690236.25,690294.25,690460.9375,690617.5,690074.5,690495.6875
690449.6875,690335,690726.25,689037.75,693659.6875,692542.4375,691807,695191.25,685474.375,697811.9375,695105.75,696120.9375,690367.5625,690321.3125,690181,689995.25,689989.75,690068.5,690008.8125,690225.375,690282.375,690446.625,690606,690060.375,690480.875
690426.8125,690321.375,690715.375,689033.25,693642,692529.6875,691792,695174.9375,685463.6875,697797,695093.875,696106.1875,690352.5625,690306.625,690163.6875,689981.1875,689977.5625,690052.25,689996.875,690210.0625,690270.0625,690435.3125,690594.375,690047.875,690469
690410.625,690309.75,690702.25,689025.9375,693622.125,692515.9375,691781.125,695166.375,685452,697785.9375,695081.9375,696097,690342,690297.75,690155.9375,689973.25,689969.75,690042,689988.75,690202.1875,690261.8125,690428.125,690583.4375,690038.6875,690460.5625
690397.8125,690301.5,690692.25,689018.625,693610.125,692502.4375,691775,695154.75,685446.125,697780.875,695071.25,696087.625,690333.625,690291.5625,690147.875,689966.875,689960.0625,690035.5625,689978.625,690196.75,690254.125,690419.625,690573.375,690031.5,690453.1875
690390.3125,690295.6875,690690.625,689019.9375,693600,692492.5,691765.5,695146.75,685444.4375,697772.5625,695066.75,696085.5625,690330.9375,690289.0625,690147.125,689963.0625,689961.1875,690036.8125,689981.875,690196,690254.6875,690417.625,690573.25,690028.6875,690449.5
690379.25,690292.4375,690685.0625,689018.75,693596,692492,691762.875,695147.5,685442.5625,697771.125,695066.25,696080.625,690329.0625,690284.9375,690141.75,689960.5625,689955.875,690033,689977.5,690193.4375,690249.0625,690414,690573.625,690027.75,690447.5
690377.125,690288.375,690685,689017,693594.875,692488,691760,695142.875,685439.375,697767.875,695062.625,696079,690320.75,690281,690138.125,689955.375,689949,690027.1875,689968.4375,690186.875,690243.0625,690408.875,690567.25,690017.875,690445.25
690383.4375,690282.25,690678.25,689012.375,693591.625,692483.0625,691755.625,695137.875,685434.6875,697761.5625,695054.375,696072.5,690314.25,690273.6875,690132.125,689950.6875,689942.8125,690022.1875,689965.875,690176.8125,690239.3125,690404.0625,690562.5625,690014.6875,690437.5625
690390.3125,690279.125,690671.875,689009,693590.875,692479.375,691754.25,695133.625,685435,697758.625,695053.125,696072.625,690315.125,690270.6875,690129.75,689950,689942.75,690021.125,689964.9375,690178.875,690236.125,690407.375,690561.125,690010.6875,690438.6875
690402.875,690281.125,690674.75,689011.1875,693591.5,692479.75,691754.4375,695134.25,685439.625,697761.1875,695057.75,696074.0625,690321.1875,690280.75,690136.1875,689957.5,689953.875,690028.75,689974.5,690187.875,690243.75,690413.375,690566.125,690020.375,690449.375
690414.3125,690287.875,690679.4375,689020.125,693606.1875,692493.8125,691762,695144.125,685447,697769.875,695064.6875,696081.3125,690326.625,690286.3125,690146.25,689963.5,689958.6875,690036.125,689979.125,690194.4375,690251.25,690419.9375,690574.6875,690023.0625,690453.0625
690404.125,690290.9375,690684.875,689021.8125,693617.4375,692497.75,691766.5,695151,685454.25,697772.125,695066.9375,696086.125,690329.75,690286.875,690146.1875,689961.3125,689957.375,690036.625,689976,690192,690247.125,690418.8125,690575.125,690023.1875,690449.125
690382.75,690288.125,690684.875,689017,693613.375,692496.5625,691761.125,695148.75,685454.375,697769.0625,695064.375,696079.4375,690321.125,690283.875,690140.75,689958.75,689951.5625,690028.625,689974.375,690188.5,690242.625,690413.5,690568.6875,690015.375,690444.625
690375.875,690284.625,690673.625,689010.75,693605.25,692485.3125,691752.5,695137.125,685444.3125,697763.25,695052.5,696070.0625,690309.375,690268.0625,690127.875,689945.3125,689940,690017.875,689959.625,690172.5625,690233.8125,690400.3125,690552.25,690001.9375,690429.625
690371.75,690272.4375,690663.8125,689000.9375,693589.625,692470.75,691743.375,695126.5,685435.125,697748,695042.25,696062.125,690300.375,690258.875,690115.125,689933.25,689929.0625,690006.9375,689950.5,690166.25,690223.875,690389.875,690544.375,689992.5,690424.25
690372.8125,690264.25,690655.375,688999.6875,693574.625,692466.25,691734.625,695118.8125,685432.4375,697743.0625,695036.375,696055.9375,690298.5,690253.25,690115,689932.1875,689924.5,690005.375,689949,690159.125,690220.25,690387.75,690541.5,689990.6875,690420.375
690362.625,690261.5625,690656.5625,688996,693575.75,692460.3125,691735.9375,695121,685431.125,697741,695036.75,696052.625,690299,690257.1875,690115,689929.75,689926.875,690004.375,689946,690161.1875,690219.875,690387,690545.5,689990.3125,690421.875
690353.875,690260.5,690655.625,688998.625,693579.25,692460.9375,691736.8125,695122.5625,685433.125,697742.75,695035.875,696055.25,690298.125,690256.125,690113.375,689930.5625,689928.125,690004.6875,689945.625,690161.1875,690218.375,690384.3125,690542.75,689987.1875,690420.5
690345.3125,690260.75,690654.3125,688998.4375,693578,692461.9375,691737.8125,695120.25,685433.75,697740.875,695033.1875,696056.8125,690300.625,690259,690115.9375,689934.6875,689930.375,690010.25,689946,690159.375,690224.9375,690391.625,690546.9375,689990,690422.75
690350.9375,690266.25,690656.75,688999,693581.9375,692464.5,691736.3125,695123.6875,685440.5625,697744.6875,695039.6875,696058.4375,690301.5625,690259.875,690120.3125,689936.5625,689936.8125,690009.3125,689953.1875,690167.5,690223.25,690391.5625,690550.6875,689990.625,690427.5625
690355.5,690270,690660.3125,689002.1875,693593.8125,692470,691740.0625,695130.0625,685445.5,697749,695044.25,696059.3125,690304.5,690261.5,690120.5625,689940.125,689935.75,690010.9375,689951.1875,690167,690226.375,690394.25,690548.6875,689994.625,690429.3125
690359,690270.75,690661.375,688999.4375,693598.875,692474.5,691740.9375,695131.1875,685445.5625,697746.25,695040.0625,696060.375,690301.75,690263.75,690124.3125,689940.0625,689938.0625,690011.25,689957,690169.25,690222.625,690396.25,690550.875,689994.4375,690433.6875
690356.75,690270.6875,690661.75,689008,693602,692478.6875,691746.375,695135.375,685456,697754.25,695046.9375,696065.3125,690313.875,690275,690132.375,689951.375,689942.4375,690021.875,689959.4375,690179.5,690237.75,690401.5625,690557.375,690001.375,690437.25
690362.5,690275.25,690667.5625,689014.4375,693611.875,692486.5,691748.6875,695140.125,685460.125,697755.9375,695051.875,696068.6875,690312.375,690273.25,690130.5625,689947.1875,689943.375,690020.6875,689964.6875,690179.25,690236.8125,690405.0625,690559.25,690003.375,690437.25
690374.9375,690279.3125,690670.375,689006.5,693613.625,692484.875,691748.75,695140.625,685460.5625,697757.1875,695048.4375,696070,690311.125,690272.875,690127.5625,689945.375,689942.5,690019.25,689960.875,690176.8125,690229.75,690400.3125,690556.3125,690000.375,690436.9375
690366.875,690276.25,690666.875,689010.25,693608.8125,692483.8125,691747.375,695138.625,685457.625,697753.5,695047.8125,696067,690305.875,690265.75,690125.375,689943.4375,689939.625,690016.625,689957.5,690174.6875,690229.6875,690396.8125,690552.5625,689994.625,690434
690355.125,690271.125,690663.8125,689007.375,693607.125,692481.8125,691744.375,695135.25,685457.4375,697753,695043.6875,696063,690302.875,690262.8125,690125.375,689941.5625,689939.5,690012.125,689955.875,690169.0625,690229.75,690398.6875,690551.375,689995.75,690434.4375
690351,690271.875,690667.4375,689009.9375,693604.3125,692478.4375,691746.5625,695134,685459.0625,697751.625,695045.75,696064.5,690303.1875,690264.375,690126.875,689941.8125,689937.75,690018,689960.625,690174.0625,690231.25,690399.625,690554.875,689993.375,690432.875
690348.125,690275.375,690667.5625,689014.5,693607.25,692485.6875,691747.875,695133,685462.875,697754.125,695048.4375,696066.1875,690309.6875,690269.625,690126.75,689946,689941.875,690021.1875,689961.3125,690176,690235.75,690401.3125,690557.5625,689998.125,690436.875
690350.6875,690277,690668.25,689016.3125,693611.5,692484.5,691751.5625,695140.0625,685467,697756.875,695051.5,696066.625,690310.0625,690274.25,690133.8125,689949,689943.25,690021.875,689962.1875,690179.4375,690237.75,690407.25,690558.8125,689997.4375,690440.6875
690349.625,690277.375,690668.6875,689013.75,693611.625,692486.25,691749.625,695138.0625,685468.125,697755.375,695047.8125,696063.625,690303.8125,690267.625,690130.3125,689945.25,689939.625,690016.75,689956.8125,690174.875,690232.125,690401.1875,690555.9375,689993.8125,690435.375
690342.8125,690272.625,690667.5625,689014.75,693610.5625,692483,691746.25,695137.4375,685463.6875,697751.8125,695044.875,696065.25,690307.625,690268.0625,690127.1875,689946.3125,689939.375,690014.9375,689955.75,690174.5,690232,690397.125,690552.125,689991.875,690433.75
690333.875,690272.125,690664.3125,689015.0625,693605.625,692477.8125,691744.9375,695136.8125,685465.6875,697748.4375,695044,696065.125,690307.4375,690269.0625,690127.375,689946.1875,689940.25,690018,689960.3125,690175.5625,690238.5,690404.6875,690559.75,689994.9375,690437.1875
690335.5625,690275.625,690671,689023.625,693614.0625,692486,691750.6875,695139.6875,685475.375,697756.8125,695055.375,696075,690313.0625,690278.25,690138.875,689953.625,689949.625,690027.5625,689970.0625,690186.3125,690241.75,690412.5625,690564.625,690003.8125,690448.75
690340.25,690284.625,690679.125,689029.125,693626.125,692499,691759.4375,695153.0625,685487.1875,697768.25,695061.75,696080.5625,690324.25,690288.4375,690147.375,689969.375,689959.6875,690040.125,689983.875,690198.1875,690255.625,690425.375,690580.9375,690017.8125,690458.875
690358.375,690303.625,690693.625,689040.0625,693645.125,692517.125,691780.625,695167.875,685506.5,697784.4375,695076.9375,696099.4375,690343.625,690310.75,690170.875,689984.875,689982.375,690061.5,690008.625,690220.75,690281.1875,690449.5,690603.6875,690036.375,690484.3125
690386.625,690323.875,690716.5625,689054.0625,693665,692544.3125,691800.0625,695193.625,685530,697806.9375,695103.0625,696119.75,690366.375,690333.125,690194.0625,690010.125,690003.1875,690082.125,690027.5,690243.125,690303.5,690468,690623.625,690057.8125,690501.75
690410.875,690342,690732.875,689070.75,693675.75,692564.5,691815.0625,695212.5,685547.5625,697825.25,695119.25,696140.375,690378.875,690346.5,690204.6875,690019,690015.6875,690093.0625,690037.5,690251.8125,690312.1875,690480.3125,690632.4375,690065.625,690512.25
690427.5,690348.625,690740.625,689073.5,693682.375,692573.4375,691824.875,695218.5,685556.1875,697830.9375,695124.9375,696143.375,690381.3125,690348.4375,690207.125,690021.5,690015.5,690096.5,690040.0625,690252.8125,690310.5625,690480.5,690632.4375,690065.5625,690515.3125
690430.5625,690350.25,690743.125,689078.875,693682.8125,692574,691822.375,695219.625,685557.1875,697832.5,695124.0625,696141.75,690384.6875,690351.9375,690208.75,690025.5625,690022.8125,690097.8125,690039.875,690257.5625,690314.4375,690483.25,690638.4375,690069.75,690517.125
690437.125,690359.5,690746.875,689086.625,693688.875,692579.5,691830.75,695223.25,685561.875,697836.8125,695129.625,696148.6875,690387.375,690356.1875,690217.1875,690031.1875,690027.5,690103.1875,690044.6875,690265.125,690320.9375,690490.9375,690644.0625,690073.5,690523.75
690445.5,690359.375,690752.375,689093.375,693698.6875,692580.5,691834.3125,695225.9375,685570.125,697842.75,695132.625,696152.1875,690392.4375,690358.5,690217.8125,690035.0625,690030.875,690107.125,690050.0625,690265.625,690325,690493.5,690643.375,690076.75,690526.25
690448.0625,690363.125,690760.5,689099.3125,693703,692582.4375,691839.625,695227.125,685573.5,697845.875,695139.375,696159.125,690398.1875,690366.875,690223.5,690040.625,690037.8125,690115.125,690059.9375,690276.875,690335.3125,690502.125,690656.5,690085.5625,690540
690461.25,690375,690769.625,689111.125,693717.5625,692594.4375,691847.5625,695242,685588.125,697859.0625,695151.9375,696170.625,690411.75,690380.125,690238.75,690058.25,690049.25,690127.4375,690075.875,690290.25,690344.625,690517.1875,690668.375,690096.8125,690551.1875
690477.8125,690387.5625,690784.5,689124.5,693730.5,692610.625,691863.6875,695249.875,685600.6875,697869.75,695164.25,696184.4375,690424.875,690389.25,690250,690070.6875,690062.5,690140.875,690084.9375,690298.4375,690355.125,690524.875,690678.625,690106.5,690558.875
690484.4375,690394.375,690789.3125,689130.125,693736.625,692611.75,691866.9375,695255.6875,685606.75,697872.625,695167.875,696189.9375,690421.1875,690387.625,690252.125,690064.25,690053.6875,690134.75,690075.875,690292.5625,690353.4375,690517.875,690671.25,690099.6875,690554
690474.75,690388.625,690783.4375,689130.3125,693728.6875,692602.4375,691861.25,695246.5625,685596.3125,697862.8125,695159.6875,696178.4375,690410.375,690377.1875,690239.3125,690057.875,690047,690125.6875,690070.3125,690281.3125,690341.5,690508.625,690660.9375,690090.25,690540
690466.8125,690381,690775,689128.625,693718.1875,692593.75,691851.5625,695236.25,685591.5625,697859,695153.5,696170,690404.625,690372.5,690227.8125,690046.125,690042.625,690120.25,690063.375,690278.75,690334.3125,690508,690658.625,690087.1875,690542.125
690459.3125,690377.75,690773,689131,693713.6875,692588.4375,691852.4375,695235.125,685590.5,697857.8125,695151.875,696172.1875,690404.9375,690375.5,690235,690050.625,690044.625,690122.625,690066.25,690281,690338.25,690508.125,690662.8125,690090,690543.6875
690465.0625,690381.9375,690775.125,689134.25,693719.3125,692593.0625,691854.4375,695240.125,685596.8125,697863,695159.5,696176.5,690414.3125,690385.625,690241.125,690061.625,690056.9375,690133.125,690076.1875,690290.9375,690351.9375,690516.25,690673.5,690097.8125,690556.625
690477.1875,690390.5625,690791.25,689147.1875,693734.4375,692605.3125,691870.25,695250.625,685613.125,697877.375,695170.9375,696190.25,690428.25,690396.375,690258.375,690077.5,690070,690146.375,690093.25,690304.875,690370.5,690536.1875,690689.875,690115.875,690570.75
690496.5,690409,690805.125,689157.1875,693750.6875,692625.9375,691883.4375,695265.5,685625.875,697889.6875,695188.1875,696207,690440.5625,690412.5625,690270.0625,690087.75,690083.125,690159.75,690101.75,690321.3125,690378.25,690545.875,690698.5,690119.9375,690582
690494.875,690415.125,690810.0625,689158.375,693755.75,692629.9375,691888.5,695270.5625,685636,697891.3125,695188.1875,696210.875,690437,690408.6875,690265.9375,690081.8125,690076.1875,690152.375,690097,690313.375,690370.75,690539.5,690689.4375,690112.5625,690570.0625
690482.4375,690406.125,690801.1875,689155.75,693749.375,692619.0625,691877.4375,695262.5,685625.0625,697881.3125,695173.875,696195.75,690423.75,690393.25,690249.5,690070,690061.1875,690137.25,690081.9375,690290.75,690352.625,690520.75,690675.9375,690094.25,690550.75
690463.625,690389.3125,690781.25,689143.5,693723.875,692594.625,691860.375,695238.6875,685603.1875,697861.875,695156.3125,696175,690401.75,690366.75,690226.875,690043.1875,690038.625,690113.4375,690056.1875,690269.9375,690328.0625,690496.3125,690649.25,690071.125,690530.3125
690433.625,690366.75,690761.8125,689126.875,693680.625,692562.125,691837,695211.375,685582.5625,697837.625,695132.8125,696152.5,690373.4375,690344,690204,690021.125,690014.125,690090.3125,690035.6875,690248.4375,690307.5,690474.9375,690625.5,690047.1875,690510.6875
690414.6875,690344.6875,690740.75,689109,693645.875,692536.75,691813.8125,695189.9375,685566.875,697816.125,695112.875,696132.5,690357.5625,690327,690185.6875,690000.9375,689994.625,690071.3125,690016.5,690228.25,690289.0625,690456.875,690608.1875,690030.5,690490.6875
690399.75,690327.1875,690723.6875,689095.0625,693617.8125,692521.8125,691798.4375,695175.9375,685550.3125,697803.1875,695101.625,696116.9375,690346.125,690318.0625,690174,689992.1875,689986.5,690064,690008.6875,690223.4375,690280.625,690450.6875,690600.125,690019.6875,690484.3125
690396.25,690322.5625,690722.1875,689092.5625,693611.8125,692515.125,691795.375,695170.5625,685546.5,697795.875,695093.4375,696112.25,690344.6875,690318.375,690174,689992.125,689985.625,690064.3125,690007.25,690222,690281.1875,690451.8125,690600.375,690021.9375,690485.5625
690394.625,690320.375,690717.875,689093.25,693617,692513.75,691794,695170.5,685547.375,697796.375,695093.625,696114.4375,690342.8125,690314.4375,690169.5,689988.25,689983.6875,690061.625,690005.125,690216.375,690275.75,690448.75,690597,690017.875,690479.6875
690391,690316.75,690715.75,689083.75,693620.5625,692510.75,691786.625,695163.8125,685545.0625,697791.1875,695085.3125,696103.375,690333.6875,690305.5,690161,689979.875,689972.125,690047.5,689995.5625,690205.125,690264.25,690434.875,690587.875,690003.75,690468.4375
690378.875,690304.375,690701.125,689075.3125,693610.3125,692499.125,691775.375,695152,685535.9375,697780.375,695070.875,696095.625,690321.25,690294.4375,690151.375,689966.5625,689966.3125,690039.75,689982.25,690193.8125,690256.5,690425.5625,690580.0625,689994.875,690459.75
690371.1875,690294.375,690690.125,689071.3125,693603.0625,692494,691768.875,695146.8125,685533.4375,697773.125,695066.875,696089.75,690320.6875,690292.5,690148.8125,689966.125,689964.3125,690039.4375,689980.375,690193.375,690256.5625,690424.4375,690578.0625,689992.8125,690460
690367.625,690297.4375,690690.5625,689067.75,693607.125,692493.625,691766.8125,695149.875,685530.875,697772.4375,695065.75,696088.6875,690317.5,690290.0625,690149.6875,689963.1875,689959.6875,690039.5,689981.875,690193.6875,690251.25,690422.5625,690576,689990.6875,690457.5
690348.1875,690291.125,690686.125,689069.25,693610.0625,692494.4375,691766.875,695148.125,685532.5625,697770.625,695061.9375,696087.25,690313.625,690287.1875,690148.375,689963.0625,689958.5,690035.25,689977.25,690193.1875,690254,690424.6875,690576.125,689991.125,690457
690342.125,690295.375,690691,689071.125,693619.3125,692496.375,691769,695150.375,685537,697776.25,695065.75,696087.4375,690319.125,690293.5,690152.5,689966.5625,689960.9375,690042,689982.625,690196.8125,690259.75,690425.6875,690575,689994.75,690462.4375
690337.625,690300,690695.375,689071.875,693628.0625,692505.3125,691772.4375,695159.6875,685543.25,697777.375,695070.625,696092.875,690320.3125,690296,690154.4375,689970.5,689967.625,690044,689984.875,690199.625,690256.25,690429.0625,690580.75,689998.4375,690465.25
690337.75,690299.0625,690696.875,689070.375,693640.5625,692511.5,691773.5,695162.8125,685548.125,697779.5,695071.125,696096.125,690322.5625,690296.875,690155.9375,689975.625,689967.4375,690046.1875,689986.5625,690200.0625,690260.875,690433.1875,690581.5,689997.1875,690467.4375
690341.9375,690301.9375,690699.125,689076.8125,693645,692513.25,691777.5,695164.0625,685552.25,697783,695075.25,696096.625,690328.1875,690303.375,690162.5625,689978.8125,689975.75,690054.25,689995.5625,690211.5,690273.6875,690440.6875,690595.625,690008.25,690478.8125
690352.625,690313.6875,690711.5,689083.25,693662.875,692526.375,691789,695175.125,685564.0625,697795.3125,695089.125,696109.75,690340.75,690318.75,690176.75,689991.9375,689992,690065.75,690011.375,690228.5,690284.125,690455.125,690604.875,690018.8125,690491.1875
690363.875,690322.625,690720.3125,689089.625,693678.1875,692541.375,691799.3125,695193.1875,685580.375,697808.375,695102.8125,696120.625,690354.375,690331.375,690190.875,690007.5625,690000.125,690077.375,690021.25,690234.125,690295.125,690464.25,690617.625,690027.5625,690499.0625
690368.5,690333.5,690730.6875,689092.75,693689.4375,692552.75,691810.0625,695198.6875,685587.625,697815.875,695108.6875,696128.375,690358.5,690332.5,690190,690006.875,690000.0625,690079.125,690024.875,690236.375,690297.125,690467.25,690616.625,690026.875,690503.875
690364.375,690334.0625,690731.625,689095,693689.5,692549.5,691804.375,695195.125,685589.75,697810.75,695102.8125,696123.25,690350.375,690324.6875,690183.0625,690000.6875,689993.8125,690067.1875,690012,690225.25,690285.6875,690456.625,690607.5,690018.375,690491.625
690352.625,690325.0625,690726.25,689089.3125,693676.375,692539.9375,691794.75,695186.8125,685576.75,697799.6875,695095.125,696115.0625,690340.875,690314.5,690171.9375,689989.125,689982.8125,690061.1875,690002.625,690216.625,690277.4375,690446.5625,690601.625,690007.75,690484.25
690346,690316.9375,690713.875,689085.9375,693665.5625,692531.375,691791,695176.8125,685571.75,697794.625,695090.375,696110.75,690339.5,690315.875,690174.3125,689988.6875,689983.375,690059.9375,690004,690217.1875,690279,690450,690600.3125,690009.625,690483.875
690347.125,690320.5,690718.125,689093.8125,693667.5625,692534,691792.5,695181.25,685580.625,697800.25,695096.3125,696115.625,690341.125,690320.625,690181,689993.8125,689989.625,690065.75,690011.625,690226.375,690286.3125,690454.3125,690609,690014.3125,690491.3125
690355.5625,690325.875,690723.625,689099.875,693676.9375,692541.25,691800.5625,695188.8125,685586.625,697806.8125,695101.25,696122.8125,690347,690326.75,690186.5,690002.875,689997.25,690070.9375,690014.5,690231,690291.3125,690456.5625,690610.125,690019.3125,690493.25
690358.25,690326.8125,690724.25,689103.75,693677.4375,692540.25,691797.75,695188.4375,685585.875,697804.25,695100.5625,696120.5625,690340.75,690318.625,690177.4375,689993.5,689985.375,690061.625,690006.125,690216.3125,690278.4375,690448.625,690599.5,690004.75,690483.125
690341.8125,690316.5,690711.9375,689093.125,693663.1875,692529.0625,691785.3125,695171.75,685576.125,697788.875,695083.25,696102.25,690323.5,690299.375,690156.75,689970.75,689967.75,690042.875,689983.75,690202.5625,690260.25,690429.75,690581.25,689984.125,690462.8125
690321.75,690297.8125,690695.75,689076.5,693631,692502.25,691763.8125,695148.125,685553.375,697766,695062.1875,696082.25,690301.625,690275.75,690132.8125,689950.875,689946.375,690022.75,689964.75,690176.8125,690236.3125,690406.25,690558.125,689961.5625,690439.4375
690298.25,690272.75,690673.875,689059.4375,693591.1875,692474.625,691743.625,695127.75,685531.1875,697745.75,695040.625,696062.875,690281.75,690260.375,690117,689933.875,689928.875,690002.25,689946.5625,690160.625,690216.25,690392.125,690540.6875,689944.75,690424
690280.5,690261.375,690659.375,689042.4375,693574.625,692457.5625,691733.375,695115.9375,685524.75,697735.0625,695032.125,696050.5625,690270.875,690248.75,690107.5,689927.5625,689920.9375,690001,689936.75,690153.6875,690213,690382.8125,690532.8125,689938.125,690419
690279.3125,690251.25,690652.4375,689037.4375,693561.5,692449.4375,691725.9375,695110.3125,685519.875,697725.6875,695027,696042.25,690270.3125,690245.625,690102.8125,689922.8125,689914.375,689993.1875,689936.875,690151.3125,690208.4375,690379.75,690530.5625,689931.9375,690415.375
690272.5,690246.3125,690646.9375,689038.6875,693562.5625,692447.125,691722.25,695108.4375,685520.625,697724.4375,695018,696040.75,690264.6875,690243.875,690104.375,689917.4375,689914.375,689990.6875,689935.5625,690148.5,690208.6875,690380.25,690529.5,689929.75,690413.6875
690265.5625,690247.125,690650.125,689036.9375,693568.1875,692448.875,691721.875,695108.625,685520.3125,697724.4375,695023,696039.75,690266.1875,690243.25,690104,689917.5625,689911.9375,689994.125,689936.25,690150.3125,690209,690383.75,690533.75,689936.1875,690416.3125
690269.125,690250.375,690651.3125,689043.8125,693579.625,692455.625,691726.25,695113.125,685529.0625,697726.8125,695024.3125,696043.75,690272.375,690250.875,690110.5625,689923.4375,689918.8125,689996.1875,689938.75,690156.1875,690212.1875,690385.125,690531.125,689936.1875,690419.375
690270.625,690248.1875,690652.5,689041.3125,693587.375,692457.5,691723.625,695115.9375,685529.75,697730,695026.3125,696043.1875,690268.25,690249.0625,690106.9375,689920.875,689920.75,689995.75,689937.25,690152,690210,690382.375,690532.5,689932.75,690414.9375
690271.8125,690250.625,690647.5,689037.875,693589.375,692455.6875,691723.0625,695113.1875,685527.375,697725.5625,695018.5,696039.875,690259.9375,690239.9375,690096.125,689915,689908.25,689984.75,689927.375,690141.8125,690203.5,690371.5,690520.5,689918.75,690404.125
690248,690239.9375,690639.625,689031.3125,693573.625,692441.1875,691708.625,695102,685518.4375,697715.3125,695007.4375,696028.1875,690246.75,690227.5,690085.75,689901.875,689895.6875,689976.25,689918.8125,690129.4375,690186.5,690361.125,690511.25,689906.1875,690393.6875
690235.375,690226.1875,690628.8125,689019.625,693557.25,692430.875,691698.375,695087.125,685508.0625,697702.375,694994.875,696013.125,690233.25,690214,690074.75,689889.0625,689882.25,689959.625,689904.75,690117.75,690173.125,690345.0625,690494.5,689892.75,690379.0625
690210.375,690212,690611.9375,689006,693536.8125,692412.8125,691682.375,695073.625,685491.5,697685.375,694976.8125,695996.9375,690215.5,690195.5625,690054.125,689868.875,689861.1875,689939.6875,689884.3125,690098.25,690155.5,690327,690477.375,689871,690361.375
690189.375,690196.25,690594.125,688989.0625,693509.875,692392,691665.25,695060.3125,685476.1875,697671.5,694961.9375,695984.0625,690202.125,690183.25,690039.75,689856.9375,689852.125,689927.5,689871.8125,690085.625,690142.25,690313.6875,690463,689857.8125,690348
690177.125,690183.1875,690577.5,688981.1875,693495.375,692381.875,691654,695044.875,685468.375,697657.5625,694953.75,695972.5625,690194.125,690173.8125,690032.8125,689848.5,689844.75,689921.1875,689866.8125,690078.8125,690139.3125,690308.625,690458.0625,689853.8125,690344.75
690180,690175.375,690580.5,688976.9375,693493.125,692375.625,691650.875,695042.375,685467.5,697654.625,694951.1875,695970.5625,690191.9375,690169.625,690028,689847.1875,689839.75,689915.75,689861.5625,690074.4375,690131.375,690303.125,690453.25,689849.625,690341.875
690190.3125,690174,690572.1875,688971.8125,693496.875,692375.5625,691644.875,695038.6875,685466,697646.9375,694944.9375,695963.8125,690184.125,690166.875,690023.625,689840,689833.625,689912.5625,689856.625,690070.0625,690131.1875,690299.875,690450.5,689843.375,690335.625
690198,690169.0625,690571.125,688968.6875,693496.8125,692373,691643.875,695039.0625,685467.625,697647.8125,694942.4375,695964.375,690184.4375,690168.625,690028.25,689845.25,689839.4375,689917.25,689860.6875,690073.75,690134.6875,690307.625,690451.9375,689849.3125,690340.9375
690215.5625,690176.3125,690575.75,688971.375,693508.25,692380.25,691650.25,695047.1875,685478.0625,697655.625,694950.25,695970.125,690196.875,690177.375,690036.625,689854.375,689848.4375,689925.6875,689869.875,690086.9375,690143.25,690315.375,690465.5625,689857.875,690352.4375
690226.1875,690183.25,690583.5,688979.3125,693531.8125,692397.625,691659.9375,695054.9375,685489.0625,697663.4375,694955.75,695977.1875,690203.5,690184.125,690043.5,689858.375,689851.5,689933.375,689871.75,690087.5,690149.375,690321.3125,690471.3125,689865,690358.25
690236.5,690189.375,690585.5,688977.75,693540.375,692405.625,691659.875,695061.125,685491.9375,697664.3125,694957.75,695981.25,690205.3125,690185.75,690044.6875,689863.25,689853.375,689936.25,689875.625,690090,690148.75,690325.375,690470.75,689865.125,690358.75
690239.875,690188.8125,690588.0625,688981.625,693545.5,692407.5,691664.5,695063.6875,685498.75,697669.4375,694960.6875,695979.0625,690204.4375,690187.1875,690046.3125,689860.875,689856.5,689934.75,689878.625,690092.1875,690151.875,690324.125,690471.5,689862.75,690358.625
690239.125,690191.875,690586.875,688984.0625,693549.3125,692405,691664.0625,695063.4375,685501,697669.5,694963.875,695982.625,690206,690189.9375,690049.6875,689866.9375,689857.125,689938.1875,689879.75,690092.75,690154.4375,690324.0625,690470.0625,689863.5,690358.4375
690236.625,690190.5625,690589.625,688985.9375,693552.875,692408.75,691661.375,695064,685499.0625,697665.5625,694959.9375,695978.8125,690199.3125,690182.5,690040.125,689860.0625,689852.5625,689927.375,689871.5625,690084.875,690143.75,690315.0625,690463.4375,689856.375,690349.75
690224.9375,690179.875,690584.375,688981.3125,693539.625,692396.5,691653.75,695055.0625,685488.4375,697658.0625,694949,695969,690187.4375,690170.25,690030.3125,689848.25,689839.375,689919,689860.9375,690073.25,690135.9375,690305.125,690454.25,689844.25,690339.75
690213,690172.25,690572.5,688970.75,693526,692386.75,691643.5,695045.875,685482.125,697646.9375,694943.375,695961.3125,690180,690164,690025.0625,689839.75,689833.1875,689909.9375,689856.625,690071.875,690128.1875,690301.375,690449.25,689836.5,690335.375
690205,690168.125,690568.6875,688970.0625,693520.75,692378.125,691639.25,695039.75,685482.1875,697647.375,694938.0625,695959.625,690180.6875,690167.75,690025.625,689840.0625,689835.9375,689912,689855.0625,690068.875,690130.5625,690302.875,690448.4375,689838.75,690338.125
690209.4375,690171.25,690574.875,688977.25,693525,692383.75,691643.4375,695049.4375,685485.625,697651.625,694944.3125,695966.25,690185.5,690175.875,690034.5,689849.3125,689845.875,689922.8125,689866.625,690084.5,690140.5625,690313.1875,690464.125,689847.875,690348.125
690217.625,690182.5,690582.375,688986.125,693543.0625,692396.875,691656.625,695056.25,685499.625,697662.375,694958.25,695974.6875,690200.375,690187.4375,690049.125,689863.25,689857.25,689935.25,689876.5,690092.875,690150.6875,690322.5,690474.9375,689857.25,690358.6875
690221.625,690190.9375,690594.875,688992.125,693556.5625,692410.5625,691663.5,695070,685510.25,697673.25,694964.625,695987.5625,690207.8125,690193.5,690052.4375,689869,689867.125,689944.25,689884.75,690101.5625,690160.6875,690329.9375,690479.125,689863.875,690367.375
690225.0625,690198.4375,690598.125,688995.125,693565.375,692420.125,691671.25,695076.375,685518.125,697675.125,694966.875,695992.4375,690214.25,690199.25,690057.5625,689873.125,689867.875,689947.625,689889,690103.75,690160.875,690337.8125,690482.25,689867,690373.375
690223.8125,690204.25,690601.75,688999,693573.6875,692425,691676,695081.375,685521.8125,697681.1875,694975.6875,695995.5,690214.125,690200.75,690061.25,689877.375,689872.875,689952.5625,689893.1875,690104.75,690165,690339.875,690489.125,689870.3125,690374.875
690223.25,690206.3125,690607.5625,689001.1875,693578.6875,692428.625,691680.75,695081.875,685526.625,697687.5,694975.75,695997.875,690217.875,690204.5,690064.4375,689877.25,689877.125,689948.375,689893.6875,690110.375,690168.875,690340.375,690489.5,689870.6875,690376.25
690221.5,690206.8125,690609.875,689003.375,693580.5625,692433.375,691681.625,695083.5,685532.875,697683.75,694978.125,696000,690215.3125,690202.5625,690064.9375,689880.5,689872.75,689952.1875,689893.4375,690106.875,690166.5,690338.4375,690487.75,689866.8125,690373.875
690215.875,690204.875,690609.3125,689003.125,693574.625,692429,691679.9375,695080.375,685534.0625,697684.9375,694978.1875,695997,690213.1875,690202.5,690061.3125,689875.6875,689874.625,689949.875,689892.375,690106,690167.25,690339.0625,690488.5,689866.3125,690374.3125
690203.5,690205.0625,690608.25,689009.3125,693574.125,692428,691676,695083.4375,685528.1875,697682.4375,694980.5625,695995.125,690212.1875,690203.6875,690059.5,689879,689872,689948.375,689889.125,690104.875,690163.25,690334.75,690482.8125,689865.625,690370.375
690193.0625,690203.0625,690607.75,689013.1875,693570.625,692425.5625,691676.5,695078.8125,685529,697680.5,694975.875,695996,690208.25,690200.0625,690058.625,689876.875,689870.875,689947.4375,689889.0625,690104.75,690161.875,690334.625,690487.75,689862.5625,690371.125
690191.5625,690205.5,690604.0625,689011.9375,693569.125,692421.3125,691677.1875,695076.5625,685528.6875,697681.5625,694973.125,695994.25,690209.75,690198.625,690058.375,689875.125,689869.0625,689941.75,689887.8125,690101.8125,690160.5,690332.625,690483.125,689860.125,690370.75
690184,690201.3125,690601.375,689010.75,693562.375,692415.9375,691673.5,695076.125,685528.25,697676.8125,694972.75,695994.875,690207.5625,690199.9375,690057.375,689872.25,689867.25,689944.3125,689888.6875,690098.8125,690162.375,690334.9375,690482.1875,689860.25,690371.125
690188.0625,690198.6875,690606.625,689014.4375,693564,692416.8125,691674.25,695074.4375,685528.5,697675.625,694969.875,695989.625,690204.5,690195.0625,690052.5625,689871,689861.1875,689941.125,689885.3125,690099.4375,690160.5,690329.75,690482.875,689854.75,690367.625
690192.625,690199.6875,690601.875,689011.25,693565.375,692416.5625,691673.8125,695072,685531.5625,697676,694966.875,695990.125,690207.5625,690196.625,690054.5,689873.125,689862.8125,689942.5625,689887.8125,690099.4375,690160.5625,690333.6875,690479.6875,689858.4375,690369.0625
690198.0625,690201.25,690600,689013.875,693567.4375,692418,691670.625,695072.4375,685531.8125,697672.125,694970,695987.625,690201.5625,690192.125,690050.5625,689868.4375,689861.625,689939.6875,689880.5625,690095.625,690155.375,690330.0625,690477,689853.75,690363.625
690198.75,690194.9375,690599.3125,689009.875,693556.125,692412.5,691664.125,695068.4375,685527.75,697670.375,694964.25,695984.5,690197.4375,690187.875,690044,689862.8125,689856,689935,689878.625,690091.1875,690148.75,690322.875,690473.6875,689846.8125,690356.625
690193.5,690190.3125,690592.4375,689006.25,693550.0625,692402.875,691662.1875,695059.625,685526.25,697665.625,694962.625,695978.6875,690192.8125,690182.25,690043.875,689861.3125,689855.375,689930.875,689874,690089.125,690147.625,690319.6875,690469.5,689844.75,690354.625
690180.3125,690186.75,690586.1875,689004.6875,693542,692396.375,691656.875,695058,685521.125,697658.0625,694957.375,695975.625,690183.375,690175.0625,690037.8125,689851.625,689844.25,689922.125,689863.375,690079.5,690140.75,690311.625,690459.75,689832.25,690348.1875
690166,690176.75,690581.5,688998.6875,693530.625,692389.625,691648.625,695045.6875,685515.375,697652.8125,694946.8125,695967.4375,690175.9375,690170.0625,690024.75,689844.6875,689837.8125,689911.3125,689854.0625,690072,690130.375,690301.5625,690449,689819.5,690335.5625
690140.625,690167.75,690568.75,688987.75,693514.625,692371.75,691632.8125,695035,685498,697640.375,694929.25,695951.875,690158.8125,690152.375,690011.75,689826.9375,689819.4375,689897.1875,689838.375,690050.3125,690111.8125,690283.0625,690428.75,689800.875,690319.125
690114.0625,690151.25,690550.125,688974,693487.25,692351.5625,691616.875,695017.5625,685487.5,697619.6875,694915,695935.5,690143.375,690139,689994.375,689811.875,689807.125,689883.625,689825.125,690037.625,690097.5,690273.25,690417.625,689789.75,690305.375
690097.5625,690139.5,690540.75,688963.1875,693469.6875,692338.25,691606.125,695004.125,685478.75,697611.1875,694905.125,695924.6875,690129.125,690123.375,689981.3125,689798.875,689793.4375,689870.125,689812.1875,690025.875,690082.5,690258.375,690405.3125,689779.75,690292.875
690075,690122.4375,690525.75,688952.25,693450.6875,692322.5625,691592.25,694994.375,685467.1875,697596.75,694886.375,695906.5,690116.8125,690112.875,689968.125,689785.5,689779.875,689855.375,689796.8125,690011.125,690071.5,690247,690390.3125,689762,690276.625
690053.125,690108.875,690507.375,688937.5625,693429.0625,692310.3125,691577.5,694976.625,685451.75,697582.1875,694876.625,695894.75,690100.125,690094.75,689957.25,689771.5,689765,689839.0625,689783.4375,689997.625,690056.5,690228.625,690376.875,689742.4375,690265.875
690034.0625,690095.25,690494.25,688924.375,693411.125,692292.375,691564.125,694962.625,685440.0625,697566.8125,694858.625,695878.875,690087,690084.5,689940.75,689756.3125,689753.5,689827,689770.625,689985.6875,690045.25,690216.5625,690364.9375,689735.0625,690255.125
690019.25,690081.9375,690486.25,688912.375,693395.9375,692280.6875,691553.875,694953,685432.5,697557.5,694850.3125,695869.375,690075.9375,690074.0625,689930.5625,689745.3125,689738.8125,689814.75,689757.125,689972.875,690032,690204.25,690352.5,689719.0625,690242.375
690009.125,690073.125,690471.375,688899.375,693384.0625,692267.5,691539.6875,694939.4375,685423.75,697544.6875,694840.5625,695857.625,690067.5625,690061.9375,689919.9375,689736.9375,689732.1875,689807.5,689751.125,689966.625,690026.75,690196.9375,690345.3125,689714,690234.5
690005.5625,690062.8125,690467.5625,688896.9375,693384.375,692265.0625,691536.875,694939.75,685422.75,697542.125,694837.625,695855.5625,690066,690061.875,689920.3125,689739.625,689732.1875,689811.125,689752,689967.5625,690029.4375,690198.875,690350.125,689715.25,690239.125
690010.25,690070.25,690471.125,688899,693398.6875,692274.875,691539.9375,694946.625,685428.8125,697546.5625,694842.625,695858.375,690071.8125,690069,689929,689743.25,689738.125,689816.625,689760.875,689974.5,690036.1875,690211.3125,690354.75,689719.75,690246.75
690018.1875,690077,690479.125,688903.875,693416.3125,692281.9375,691547.75,694958.4375,685438.25,697552.125,694848.375,695868.5,690076.375,690076.8125,689933.375,689751.625,689742.375,689825,689765.125,689980.0625,690042.625,690214.5,690356.9375,689726.5625,690248.6875
690024.9375,690079.4375,690480.875,688908.875,693427.875,692292.625,691549.625,694961.375,685444.3125,697556.75,694849,695870.0625,690081.25,690081.3125,689940.125,689756.3125,689749.4375,689829.125,689769,689984.4375,690044.875,690215.25,690358.5,689730.375,690251.8125
690026.5,690081.875,690483.4375,688911.9375,693437.1875,692295.625,691549.625,694962.4375,685443.75,697556.75,694848.8125,695868.8125,690076.125,690070.75,689930.3125,689746.125,689739.0625,689818.6875,689762.1875,689975.6875,690034.75,690204.3125,690352.8125,689716.8125,690239.4375
690015.75,690069.875,690472.125,688899.9375,693428.6875,692285.25,691540.125,694951,685433.125,697544.25,694836.9375,695855.0625,690059,690057.5625,689914.875,689729,689723.25,689799.25,689744.9375,689955.3125,690017.75,690190.875,690334.3125,689701.5,690224.6875
689998.75,690055,690455.75,688883.5,693401.9375,692262.25,691521.75,694927.75,685416.5625,697527.8125,694820,695839,690039,690039.25,689896.125,689710.875,689704.9375,689780.75,689726,689939.3125,689999.375,690174.25,690318.625,689682.375,690208.0625
689979.0625,690039,690439.3125,688868.625,693374.875,692242.625,691506.625,694913.6875,685403.875,697510.125,694803.375,695822.4375,690022.875,690022.75,689881.375,689695,689690.25,689766.375,689708.875,689921.3125,689979.625,690155.6875,690299.6875,689663.25,690190.375
689958.5,690020.3125,690424.3125,688857.8125,693354.25,692225.0625,691490.9375,694901.5,685389.0625,697495.25,694788.375,695806.625,690011.25,690012.375,689869.25,689685.25,689677.75,689755.375,689697.5,689913.5,689970.6875,690147.4375,690293.75,689654,690183.125
689948.8125,690012.25,690415.5625,688848.125,693344.4375,692217.4375,691485.3125,694893.25,685385.625,697489.75,694784.25,695803.4375,690005.75,690009.5,689869.0625,689682.625,689678.0625,689756.5,689696.875,689912.8125,689970.0625,690146.8125,690293.375,689650.375,690181
689950,690011.25,690413.4375,688851.5,693349.0625,692219.375,691481.8125,694894.3125,685389.3125,697485.5625,694783.1875,695802.4375,690011.3125,690012.5625,689870.6875,689686.375,689682.4375,689757.1875,689703.375,689918.8125,689977,690153.125,690296,689657.1875,690189.875
689955,690019.75,690421.25,688859.3125,693361.625,692225.875,691488.25,694904.6875,685394.3125,697494.875,694786.1875,695808.5,690012.4375,690015.875,689874.25,689689.125,689683.6875,689762.8125,689703.6875,689921.875,689982.375,690154.375,690301.625,689659,690189.4375
689961.375,690021.9375,690424.875,688859.6875,693371.5625,692231.625,691491.5,694905.25,685401.5625,697496.875,694789.875,695805.75,690016.3125,690017.375,689875.3125,689689.375,689686.375,689762.25,689705.5625,689922.625,689979.9375,690156.625,690302.1875,689658.8125,690191.8125
689970.125,690021.25,690426.875,688860.875,693382.75,692241.125,691494.3125,694908.75,685407.875,697499.625,694793.0625,695812.8125,690020,690022.25,689880.75,689694.6875,689692.5625,689768.125,689708.25,689929.0625,689986,690158.375,690306.375,689665.375,690197.625
689975.75,690027.25,690428.125,688866.625,693393.625,692244,691496.1875,694916.5,685412.1875,697503.8125,694797.4375,695817.375,690023.125,690026,689885.6875,689700.3125,689696.25,689773.4375,689716.5625,689931.875,689988.8125,690167.125,690312.875,689669,690201.5
689983.0625,690032.5,690433.4375,688867.875,693403.8125,692250.5625,691499.9375,694918.8125,685418.5,697505.125,694800.0625,695820.6875,690026.5625,690030.25,689887.8125,689702.5,689697,689774.5,689716.625,689931.625,689989.3125,690165.3125,690311.5,689664.375,690200.0625
689979.625,690029.75,690430.0625,688864.9375,693402.625,692245.0625,691498.875,694921.125,685413.0625,697504.625,694801.5,695816,690019.6875,690022.25,689882.1875,689697.375,689691.375,689767,689709.875,689925.6875,689983.125,690159.6875,690305.25,689661.625,690193.6875
689979.0625,690024.9375,690428.1875,688865.5,693401.3125,692245.75,691495.9375,694916.125,685412.75,697503.125,694793.4375,695815.0625,690016.375,690018.6875,689877.75,689694.625,689687.875,689762.875,689702.25,689921.5625,689980.5625,690155.75,690303.0625,689652.625,690190.25
689973.8125,690018.8125,690421.5625,688857.125,693388.1875,692233.875,691485.375,694905.5625,685403.1875,697488.8125,694781.3125,695802.875,689999.4375,690004.6875,689860.75,689677.125,689670.375,689747.875,689689.125,689904.25,689961.8125,690135.375,690282.1875,689636.25,690175.0625
689952.1875,690002.5,690403.6875,688845,693363.5,692215.5,691466.9375,694886.625,685386.3125,697472.625,694762.4375,695784.6875,689980.3125,689984.25,689842.625,689659.875,689651.3125,689729.9375,689672,689888.0625,689944.6875,690118.125,690262.8125,689619.0625,690154.9375
689927.8125,689984.75,690386.5,688828.375,693331.5625,692194,691452.1875,694867.625,685371.375,697458.75,694747.875,695768.75,689964.6875,689970.5,689828.75,689642.5625,689635.5,689714.6875,689657.75,689872.1875,689929.6875,690104.5,690251,689602.8125,690143.25
689911.8125,689969,690375.3125,688819.625,693314.9375,692179.125,691438.25,694857.1875,685362.125,697448.375,694737.1875,695754.375,689954.9375,689962.5625,689821.125,689635.0625,689629.3125,689705.25,689649.25,689866.9375,689921.25,690100.125,690245.9375,689595.5625,690137.875
689904.6875,689965.6875,690371.75,688815.75,693306.3125,692173.0625,691434.9375,694853.4375,685359.3125,697443.8125,694737.25,695755.5,689956.125,689962.375,689822.5625,689632.8125,689631,689707.25,689650.5,689864.875,689924.25,690098.625,690244.5,689599,690136.5
689908.5,689963.25,690371.625,688815.875,693316.3125,692175.3125,691435,694851.8125,685363.625,697441.875,694735.625,695753.5,689955.6875,689964.25,689820.9375,689636.5625,689632.4375,689711.5,689652.125,689870.625,689927.875,690103.5,690245.9375,689599.5,690139.625
689919,689967.5,690373.5,688820.5,693323.125,692180.6875,691439.9375,694859.4375,685368.75,697443.25,694738.375,695760.5625,689962.75,689973.25,689828.4375,689649.3125,689639.3125,689718.25,689658.625,689872.75,689934.125,690111.1875,690256.75,689607.25,690146.5
689929.3125,689975.375,690379.375,688826.875,693339.5,692191,691446.625,694865.875,685376.375,697452.625,694745.6875,695767.375,689969.4375,689976.25,689834.75,689649.125,689645.9375,689724.5,689666,689880.5,689938.875,690113.125,690260.0625,689611.9375,690152.5
689935.625,689978.75,690382.625,688827.5625,693348.5,692197.875,691449,694871.9375,685383.625,697452.8125,694749.3125,695769.875,689970.375,689976.375,689833.875,689651.3125,689644.4375,689720.125,689665.5,689876.8125,689938.4375,690114.25,690255.5625,689604.875,690148.5
689934.625,689975.375,690381.9375,688825.6875,693349.9375,692196.8125,691445.25,694867.875,685381.5,697453.125,694745.3125,695763.6875,689964.25,689970.9375,689829.0625,689644.375,689641,689714.375,689657.1875,689874,689932.1875,690108.0625,690252.625,689599,690142.8125
689934.125,689970.375,690375.75,688821.75,693345.6875,692191.875,691439.0625,694860.5,685377.625,697448.8125,694739.9375,695761.75,689958.625,689967,689825.25,689639.9375,689634.9375,689710.25,689652.5625,689872,689931.8125,690104,690250.9375,689598.4375,690144
689931.75,689970.125,690377,688824.6875,693347.5625,692192.1875,691442.75,694863.4375,685385.125,697450.875,694743.4375,695763.125,689965.25,689969.3125,689828.625,689643.375,689640,689715,689659.6875,689875.5625,689932.25,690109.125,690253.25,689597.1875,690144.4375
689934.4375,689970.75,690379.75,688822.625,693348.1875,692192.375,691439.9375,694863.4375,685384.875,697447,694737.125,695756.5625,689958.0625,689965.5,689820.3125,689635.25,689632.375,689709.5,689653.125,689863.8125,689925.25,690100.5,690246.125,689593.0625,690138.0625
689928,689964.625,690369.875,688819.9375,693336.3125,692180.125,691430.6875,694853.4375,685372.75,697437.4375,694729.75,695747.25,689941.3125,689951.9375,689808.6875,689621.5,689620.3125,689695.5,689638.25,689852.5625,689910.75,690085.3125,690231.75,689573.4375,690121.625
689907.1875,689944.4375,690354.625,688806.625,693312.125,692163.5,691415.375,694838.6875,685356.9375,697421.25,694714.0625,695731.375,689926.3125,689937.8125,689791,689609.125,689601.1875,689679.125,689618.4375,689836.9375,689894.5,690069.6875,690214.6875,689556,690107.375
689899.75,689933.375,690338.75,688796.75,693290.9375,692145.25,691402,694825.75,685347.4375,697408.125,694699.3125,695720.5625,689913.375,689921.1875,689783.75,689594,689592.75,689671.8125,689610.625,689825.5625,689886.3125,690057.875,690208.1875,689548.375,690098.0625
689891,689923.4375,690331,688788.0625,693278.375,692131.875,691393.875,694810.25,685337.5625,697397.5625,694691.9375,695712.25,689907.5,689918.25,689776.875,689587.875,689580.75,689661.1875,689602.1875,689820,689876.8125,690053.5,690200.75,689540.5625,690089
689885.75,689919.375,690323.0625,688779.625,693266.9375,692128,691387.5625,694808.625,685333.0625,697394.125,694683.5,695705.3125,689901.625,689913.6875,689768,689578.8125,689578.875,689655.3125,689599,689813.25,689874.75,690049,690193.4375,689535.9375,690086.125
689883.5,689912.75,690318,688776.1875,693264.125,692122.1875,691381.625,694803,685332.375,697389.25,694681.625,695701.125,689896.1875,689906.625,689761.875,689578.0625,689573.875,689650.625,689592.375,689809.375,689863.75,690043.625,690186.125,689526.9375,690077.4375
689877.25,689906.875,690313.8125,688771,693263.25,692117.625,691373.75,694795.3125,685325.125,697381.375,694670.75,695691.125,689888.5,689898.8125,689756,689572.5,689565.25,689642.875,689584.3125,689800.3125,689856.25,690034.6875,690178,689518.1875,690070.125
689868.8125,689895.875,690302.4375,688762.375,693250.625,692104.75,691364.75,694785.9375,685316.375,697366.25,694659.125,695679.6875,689870.125,689882.5,689739.4375,689554.125,689546.5625,689625.875,689570.0625,689782.8125,689841.9375,690015.625,690158.75,689499.6875,690050.6875
689844.5,689877,690284.4375,688743.125,693227.875,692084.6875,691342.625,694768.625,685296.3125,697351.125,694641.1875,695657.125,689847.375,689858,689718.25,689530.25,689524.3125,689599.625,689542.875,689761.125,689812.125,689994.0625,690132.875,689476.875,690028.5
689813.5,689850.25,690260.9375,688720.875,693192.25,692055.625,691320.6875,694747.5625,685274.125,697329.4375,694618.8125,695639,689827.125,689842.75,689701,689511.9375,689510.5625,689587.125,689528.8125,689744.875,689799.0625,689976.875,690121.125,689457.375,690012.1875
689802.25,689839.875,690245.25,688709.875,693173.4375,692044.0625,691309.6875,694733.6875,685266.5,697317.1875,694606.25,695626.75,689819.0625,689835.375,689692.375,689507.375,689502.5625,689580.9375,689520.5625,689739.375,689792,689973,690113.75,689453.6875,690009
689800.375,689833.625,690240,688708.875,693171.5625,692038.875,691304.3125,694734.375,685267.5625,697313.875,694606.125,695623.125,689822.625,689836,689692,689509.875,689506.25,689580.5,689523.0625,689742.125,689798,689975.3125,690120,689456.75,690016.1875
689805.5625,689835.0625,690246.8125,688711.75,693186.375,692050.625,691307.4375,694740.0625,685274.9375,697321.25,694610.875,695628.875,689824.3125,689837.375,689696.25,689507,689506,689581.3125,689523.125,689739.625,689799.125,689973.875,690121,689454.125,690013.4375
689803,689835,690240.5,688708.625,693196.25,692051.625,691307.75,694740,685276.75,697315.625,694605.75,695624.6875,689821.5,689837,689694.375,689507.875,689502.875,689579.375,689524.375,689742.125,689797.375,689976.625,690119.3125,689457.375,690012.5
689802.375,689838.4375,690244.5,688710.25,693201.9375,692054.25,691307.8125,694741.875,685284.875,697323.1875,694611,695632.8125,689829.375,689842.375,689703.125,689515.125,689509.75,689587.5,689530.125,689748.0625,689806.25,689978.1875,690124.9375,689460,690018.875
689809.9375,689841.25,690248.8125,688716.75,693217.625,692064.625,691316.5625,694750.6875,685287.8125,697324.6875,694614.3125,695635.5,689832.125,689846.125,689706.5,689520.9375,689514.25,689592.1875,689536.125,689751.125,689809.9375,689986.375,690130.125,689464.4375,690026.125
689812.5625,689850.25,690256.125,688717.75,693231.1875,692074.5,691323.8125,694760.25,685302.5625,697336.375,694626.8125,695644.375,689846.8125,689864.25,689722,689537.25,689532.75,689608.875,689549.75,689764.6875,689821.8125,690004.0625,690138,689476.3125,690037.625
689803.4375,689858,690265.5625,688723,693246.375,692083.4375,691329.0625,694767.5,685309.25,697337.625,694625.3125,695643.75,689839.9375,689853.8125,689713.25,689529.0625,689522.1875,689597.75,689544,689762,689821.875,689997.1875,690138.125,689471.25,690028.0625
689777.625,689856.9375,690260.375,688719.375,693241.75,692077.5625,691323.75,694761.875,685301.625,697333.625,694622.1875,695637.5625,689826.375,689843.625,689705.125,689516.375,689513.75,689591,689533.4375,689747.625,689810.6875,689983.125,690127.4375,689461.5625,690018.5
689758.125,689842.4375,690248.625,688712.5625,693226.625,692066.9375,691312.125,694748.6875,685290.625,697317.8125,694605.9375,695624.625,689813.625,689830.875,689687.75,689504.3125,689498.8125,689572.4375,689513.0625,689730.3125,689791.1875,689967.5,690109.25,689436.5,690004.125
689728.1875,689826.625,690234,688699.25,693202.75,692044.9375,691292.75,694727.4375,685272.125,697302.8125,694591.1875,695610.75,689798.375,689818,689675.5,689488.125,689481.125,689562.375,689504,689718.5,689774.75,689953.5,690094.4375,689426.75,689990.5
689718.8125,689816.8125,690219.4375,688691,693181.625,692032.375,691286.125,694722.25,685268.0625,697294.75,694582.1875,695602.1875,689798.25,689815.9375,689675.625,689488.25,689482.25,689561,689501.875,689721.375,689779.5,689955.625,690100.9375,689428.1875,689993
689723.625,689820.5,690226.125,688698.75,693190.75,692039.6875,691289.4375,694726,685273.4375,697300,694590.3125,695610.5,689805.125,689821.3125,689682.25,689496.8125,689490.125,689567.8125,689508.875,689725.75,689786,689959.625,690106.375,689433.6875,689997.875
689723.625,689825.125,690230.6875,688700.5,693202.4375,692047.5625,691294.5,694728.5,685281.75,697305.6875,694595.0625,695613.1875,689809.875,689822.8125,689685.9375,689497.1875,689493.0625,689568.1875,689513.25,689728.8125,689788.1875,689964.5,690106.875,689437.125,690002.375
689722.4375,689825.9375,690230.3125,688708,693209.875,692050,691298.4375,694731.75,685283.8125,697304.125,694593.875,695613.125,689808.8125,689825.5625,689684.625,689499.875,689493.125,689573.375,689515.875,689731.75,689791,689970.25,690110.875,689439.5,690004.3125
689724.625,689829.4375,690236.1875,688711.125,693216.375,692055.3125,691301.5625,694741.5625,685290.6875,697315.5625,694601,695620.75,689820.0625,689836.8125,689696.3125,689509.875,689507.75,689584.6875,689525.625,689744.5,689803,689978,690120.5625,689450.125,690019.9375
689733.8125,689840.9375,690250.625,688720,693235.875,692072.5625,691315,694755.125,685309.25,697327.875,694613.8125,695633.375,689832.8125,689852.1875,689709.5,689521.1875,689519.25,689597.4375,689540.875,689757,689814.75,689993,690134.3125,689460.5,690031.3125
689744.125,689852.375,690256.9375,688723.25,693254.4375,692085.6875,691324.875,694766.625,685320.5625,697337.625,694625.0625,695646.1875,689840.9375,689861.8125,689721.375,689535.75,689531.75,689608.125,689548,689766.5,689826.375,690005.5,690144.6875,689471.3125,690045.25
689754.4375,689864.3125,690268.1875,688731.8125,693264.125,692096.5625,691337.5,694778.125,685329.625,697344.5,694635.5,695654.0625,689850.5625,689870.0625,689727.125,689540.25,689539.4375,689614.5,689555.125,689773.625,689834,690008.125,690153.6875,689476.25,690048.5
689756,689871.125,690276.125,688733.8125,693272.8125,692105.5,691341.875,694780.125,685339.125,697350.375,694642.375,695661.125,689853.5,689873.25,689729.375,689545.9375,689539.0625,689617,689559,689775.6875,689833.75,690011.75,690155.375,689478.875,690049.5
689758.25,689875.9375,690278.4375,688737.8125,693275.9375,692109.3125,691347.8125,694786.5,685341.8125,697355.75,694645,695661.3125,689854.0625,689874.6875,689734.125,689547.5625,689543.0625,689623,689564.375,689780.0625,689839.0625,690014.9375,690157.875,689483.5,690050.5625
689766.5,689877.8125,690283.5,688742.875,693280.875,692111.125,691348.25,694785.5625,685343.25,697355.0625,694646,695663.875,689853.75,689873.625,689730.9375,689545.625,689539.0625,689617.25,689559.6875,689774.625,689833.625,690011.875,690155.625,689476.875,690047.25
689758.1875,689871.1875,690277.8125,688743,693271,692100.9375,691338.875,694779,685336.8125,697349.0625,694640.0625,695655.75,689844.75,689864.3125,689723.125,689534.6875,689528.4375,689607.125,689549.9375,689765,689821.9375,690001.25,690146.25,689463.4375,690033.6875
689746.625,689859,690269.6875,688738.375,693253.4375,692089.4375,691330.6875,694764.25,685328.6875,697339.3125,694628.125,695648.875,689830.9375,689851.5625,689711.75,689521.25,689518,689595.125,689534.0625,689752.125,689811.875,689991.25,690129.625,689451,690026.125
689731.375,689847.875,690255.75,688733.4375,693233.75,692075.3125,691317.5625,694757.875,685319.5,697324.75,694619.0625,695638.0625,689822.5625,689842.5,689701.5,689512.5625,689509.125,689587.125,689529.4375,689748,689806.5,689980.75,690122.5625,689446.1875,690020.125
689729.0625,689842.75,690254,688728.375,693223.1875,692069.625,691316.375,694750.625,685315.75,697323.25,694613.125,695632.5,689817.875,689840.75,689698.375,689515.375,689511.8125,689588.75,689530.6875,689742.4375,689800.375,689980.3125,690122.625,689443.8125,690016.9375
689728.375,689843,690250.625,688729.3125,693224.0625,692066.5,691316.1875,694748.875,685318.5,697325.3125,694612.8125,695633.875,689824.4375,689845.6875,689702.5625,689518.5,689516.5,689592.25,689535.0625,689750,689810.3125,689985.75,690127.25,689448.4375,690022.5
689734.4375,689848.0625,690258.8125,688739.625,693234,692075.5625,691323.8125,694756.375,685327.125,697329.625,694622.5625,695634.875,689829.75,689853.875,689715.375,689528.125,689523.6875,689602.25,689546.3125,689760.6875,689824.75,689999.3125,690142,689459.875,690037.5625
689749.75,689860.5,690268.6875,688748.375,693251.8125,692092.5,691336.125,694771.875,685344.375,697342.75,694635.875,695655.0625,689851.75,689871.5625,689730.5625,689544.125,689543,689617.5625,689559.4375,689779.75,689835.25,690016.9375,690156.9375,689475,690050.9375
689768.25,689873.875,690286.1875,688757,693268.8125,692106.625,691349.625,694786.3125,685357.5625,697357.5625,694645.375,695666.9375,689858.375,689879.875,689739,689552.4375,689548,689624.625,689566.375,689784.625,689844.25,690019.9375,690161.5,689477.5625,690054.625
689770.5,689878.5,690285,688753.6875,693273.875,692108.8125,691352.5625,694792.4375,685361.375,697356.3125,694646.375,695666.5,689852.125,689873.6875,689732.4375,689542.875,689540.3125,689617.1875,689557.5625,689773.375,689832.25,690011.3125,690153.6875,689466.5625,690044.6875
689755.0625,689864.9375,690275.875,688749.0625,693260.375,692098.4375,691335,694774.375,685346.375,697346.75,694632.875,695649.25,689834,689859.4375,689714.4375,689528.25,689522.625,689600.5625,689543.25,689760.625,689819.875,689994.125,690133.4375,689448.0625,690030.5625
689737.625,689853.0625,690261.375,688738.6875,693237.5,692082.5,691322.4375,694761.875,685332.375,697329.125,694617.5,695639.3125,689821.5625,689843,689701.3125,689516.625,689511.5,689588.5,689529.0625,689748.25,689804.625,689984.3125,690123.8125,689439.375,690019.375
689726.75,689841.5625,690251.25,688730.3125,693217.25,692064.625,691312.625,694745.75,685323.1875,697319.125,694608.0625,695624.9375,689810.75,689832.25,689693.4375,689506.625,689503.4375,689579,689521.1875,689737.625,689795.75,689971.3125,690115.5625,689428.25,690010.5625
689711.75,689831.9375,690242.375,688726.5,693199.25,692045.375,691299.4375,694732,685314.125,697304.625,694597.375,695613.75,689796.375,689821.625,689678.5,689495.25,689489.5,689566,689506.375,689722.5625,689779.6875,689959.0625,690102.75,689410.9375,689995.5
689690.875,689815.0625,690227.4375,688716,693180.125,692031.8125,691285.5625,694718.4375,685301.875,697294.5,694582.25,695602.875,689782.375,689811.875,689667.625,689482.5,689479.875,689554.125,689494.75,689712.25,689770.0625,689948.125,690093.5,689402.75,689984.75
689682.5,689807.4375,690215.875,688707.75,693166.3125,692023.75,691279.9375,694713.375,685294.25,697284.875,694576.25,695593.25,689779.3125,689805.625,689665.125,689477.25,689474.25,689550.75,689492.125,689708.0625,689767.75,689945.75,690090,689398.625,689983.125
689678.875,689804.3125,690216.625,688709.0625,693168.8125,692023.25,691280.5,694713.375,685297.5,697285.375,694576.5625,695593.125,689781.5625,689806.5625,689666.3125,689477.25,689476.875,689549.875,689495.3125,689708.6875,689768.6875,689946.875,690090,689396.75,689986.25
689681.625,689804.6875,690218.125,688708.4375,693175.25,692023.375,691278.1875,694709.875,685299.4375,697287.125,694577.5,695592.8125,689780.75,689807.5625,689666.8125,689479.9375,689476.9375,689549.875,689495.5625,689710.0625,689770.75,689948,690092,689402.125,689986.5
689685.3125,689808.6875,690214.875,688711.8125,693181.3125,692028.5,691280.25,694717.125,685304,697290.5625,694579.125,695596.5,689785.3125,689811.125,689669,689486.3125,689480.0625,689557.8125,689500.0625,689716,689775.5625,689954.375,690093.4375,689403.4375,689989.875
689693.125,689811.875,690221,688713.5,693193.25,692033,691284.5,694721.8125,685310.5625,697290.75,694581.375,695597.375,689782.5,689811.125,689672.125,689487.125,689480.5,689559.0625,689499.875,689718,689776.75,689954.0625,690096.375,689400.9375,689988.625
689693.25,689808.8125,690218.8125,688713.4375,693194.5,692035.875,691282.1875,694720.6875,685309.9375,697290.6875,694577.375,695596.5,689780.5625,689806.5,689663.5,689480.75,689475.5625,689552.8125,689498.0625,689708.25,689767.875,689950.75,690090.6875,689394.625,689985.3125
689691.875,689804.375,690213.125,688712.25,693191.5,692033.25,691275.9375,694715.9375,685310.25,697285.375,694572.5625,695593.0625,689773.8125,689805.125,689661.5,689475.9375,689472.4375,689550.6875,689487.75,689705.125,689762.5,689944.125,690081.125,689391,689980.375
689686.5625,689798.8125,690208,688702.75,693184,692021.25,691268.625,694707.375,685302.125,697278.1875,694564.3125,695581.9375,689762.8125,689793.1875,689651.1875,689464.125,689458.6875,689533.375,689474.4375,689691.5625,689750.25,689929,690073.4375,689375,689965.5
689673.0625,689789.3125,690198.25,688696.5,693167.125,692006.8125,691254.5,694694.625,685288.875,697264.4375,694552.75,695570.6875,689752.875,689780.5,689639.5,689456.375,689443.6875,689524.9375,689467.5625,689677.625,689737,689917.5625,690058.8125,689359.0625,689953
689658.8125,689772.75,690185.125,688683.5,693149.3125,691992.25,691243.875,694681.8125,685277.375,697251.5,694538.4375,695559,689736.9375,689761.75,689622.875,689439,689429.375,689502.1875,689447.75,689661.25,689719.375,689897.5625,690041.875,689344.375,689935.6875
689641.1875,689754.9375,690164.9375,688666.75,693116.5,691972.5625,691223.875,694662.125,685257.125,697226.875,694519.625,695533.75,689712.5,689742,689598.875,689413.875,689409.25,689483.375,689425.5625,689641.25,689700.3125,689878.5,690018.6875,689321.1875,689913.4375
689622.4375,689733.5,690147.625,688642.75,693084,691945.125,691204.375,694638.75,685240,697209.5,694498.1875,695512.75,689693,689725.3125,689582.875,689397.625,689390.9375,689465.5,689409.4375,689623.125,689684.75,689861.9375,690004,689304.5,689900.3125
689612.25,689720.0625,690134.125,688634.875,693066.5,691932,691192.25,694629.9375,685228.875,697200,694487.125,695505.75,689686.625,689718,689577.5,689392.625,689387.125,689465.375,689406.625,689620.875,689683.4375,689861.9375,690002.8125,689301.375,689899.9375
689615,689718.375,690129.625,688636.8125,693067.5,691930.9375,691190,694627.8125,685231.625,697199.625,694486,695506.125,689690.625,689721.125,689581.875,689390.9375,689388.875,689468.125,689407.4375,689621.625,689683.875,689862.75,690002.875,689303.1875,689897.8125
689610.125,689718.0625,690129.75,688632.1875,693077.375,691935.0625,691191.3125,694628.8125,685234.75,697198.125,694486.9375,695505.125,689689.4375,689720.125,689576.875,689391,689385.5625,689461.8125,689405.6875,689619.9375,689678.0625,689857.625,689997.375,689299.9375,689896
689608,689716.1875,690130.5625,688629.75,693086.125,691933.0625,691185.5,694630.9375,685233.6875,697193.5,694484.6875,695501.875,689684.25,689713,689574.5,689388.1875,689379.75,689459.75,689404.75,689615.9375,689677.125,689852.8125,689995.25,689296.5625,689894.625
689607.5625,689713.75,690129.625,688631.3125,693089.4375,691935.5,691184.4375,694633.125,685238.1875,697195.25,694482.5625,695502.8125,689689.5,689720,689581.8125,689393,689387.625,689465.375,689409.25,689624.9375,689684.25,689862.5625,690004.5,689303.125,689899.3125
689617.1875,689719.3125,690133.1875,688634.75,693105.0625,691941.5,691192.75,694639.5,685248.0625,697196.875,694493.25,695512.125,689693.6875,689725.0625,689586.1875,689400.875,689396.25,689469.75,689414.25,689630.125,689688.8125,689866.875,690006.125,689309.25,689909.25
689621.8125,689725.75,690140.125,688637.875,693118.125,691950.9375,691199.625,694646.3125,685253.8125,697206.5,694495.6875,695514,689700.75,689730.6875,689591.9375,689407.5,689403.1875,689474.375,689419.6875,689636.875,689692.875,689876.5625,690016.5625,689314.4375,689914.3125
689629.4375,689733.6875,690145,688643.4375,693135.125,691967.375,691207,694657.125,685267.8125,697212.75,694503.625,695524.0625,689707.4375,689739.75,689599.4375,689414.625,689409.625,689485.3125,689425.9375,689642.5625,689700.5,689879.625,690021.5,689315.5,689916.8125
689630.125,689737.1875,690147.5,688646.3125,693141.3125,691969.4375,691207.375,694655.5,685267.4375,697215.5625,694505.5625,695522.1875,689703,689734.25,689593.625,689406.9375,689402.125,689475.875,689418.5,689636.9375,689692.125,689871.9375,690012.25,689305.5,689908
689616.625,689731.625,690140.3125,688640.9375,693131.1875,691961.25,691199.625,694647.5625,685258.375,697204.3125,694495.9375,695510.25,689690.25,689720.3125,689580.625,689395.25,689387.5,689466.25,689409.6875,689623.25,689685.5,689863.4375,690005.25,689298.8125,689898.75
689609.25,689721.625,690129.5,688634.625,693121.25,691951.5625,691193.5,694637.875,685252.625,697198.8125,694488.75,695505.75,689684.75,689714.4375,689575.875,689387.5,689383.125,689460.0625,689402.375,689616.125,689676.8125,689861,689994.875,689289.625,689892.1875
689604.875,689715.875,690127.25,688633.125,693113.75,691942.25,691187.75,694634.125,685250.6875,697193.625,694480.0625,695500,689682.75,689713.625,689571.375,689389.3125,689383.0625,689461.25,689399.375,689615.3125,689674.3125,689856.125,689990.5,689288.875,689890.625
689601.1875,689713.25,690125.125,688629.0625,693107.5625,691941.125,691181.5,694631.625,685246.625,697190.0625,694477.625,695497,689676,689708.1875,689567.5,689382.4375,689379.875,689451.875,689394.125,689607.5625,689667.375,689845.375,689985.25,689276.8125,689884.125
689593.5,689703.5,690116.3125,688624.375,693098.6875,691930.25,691173.875,694623.125,685238.875,697180.5625,694465.0625,695484.9375,689662.5625,689693.375,689552.1875,689365.3125,689361.5625,689435.9375,689380,689592.5625,689653.375,689833.8125,689973.1875,689266.375,689870.875
689575,689691.625,690106.5625,688615.875,693074.3125,691911.875,691159.125,694605.5,685227.875,697164.375,694453.4375,695474.875,689650.125,689681.875,689541.8125,689355.375,689350.25,689426.25,689365.25,689582.4375,689640.3125,689821.625,689960.875,689251.5625,689859
689563.1875,689677,690088.4375,688603.75,693059.3125,691899.375,691147.8125,694594.875,685214.3125,697154.375,694439.125,695461.125,689638.75,689671.125,689527.625,689341.5,689336.375,689411.5,689356.1875,689572.25,689628.1875,689806.25,689947.75,689239.5,689847.1875
689549.4375,689666.5625,690075.6875,688591.875,693041,691879.625,691131.375,694581.1875,685204.3125,697140.5625,694431.1875,695445.0625,689620.5,689657.125,689514.6875,689328.6875,689324.25,689395.25,689340.0625,689558.4375,689611,689794.6875,689935.6875,689221.5625,689831.25
689529.875,689648,690061.875,688579.875,693017.75,691867.5,691119.0625,694570.25,685191.625,697125.0625,694416.25,695429.6875,689604.9375,689640.625,689497.5,689309.625,689304.6875,689382.5,689325.3125,689539.3125,689599,689778.125,689916.875,689203.4375,689813.75
689509.5,689633.0625,690046.125,688560.3125,692995.125,691846.8125,691100.5,694546.9375,685172.8125,697103.4375,694396.125,695410.25,689588.625,689620.3125,689480.375,689291.75,689290.9375,689363.5,689303.875,689519.75,689581.1875,689757.25,689901,689185.25,689796.25
689495.375,689617.375,690027.75,688544.375,692972.875,691825,691083.4375,694533.6875,685161.375,697091.25,694379.5,695395.9375,689573.625,689606.9375,689462.25,689280.625,689275.5,689352.125,689293.625,689506.5,689563.0625,689744.25,689884,689169.4375,689785.6875
689482.125,689602.5625,690013.25,688530,692954.25,691811.9375,691071,694521.9375,685148.4375,697078.1875,694367.5625,695388.4375,689558.875,689594,689451.8125,689265.625,689263.4375,689337.5625,689279.875,689497.25,689550,689733.8125,689874.4375,689160.125,689772.875
689469.875,689589.9375,690003.6875,688524.5,692946.1875,691798.875,691060.5,694514.0625,685142,697068.0625,694356.25,695376.25,689551.5,689585.5,689443,689253.8125,689251.5,689325,689270.25,689488.875,689542.1875,689724.75,689865.5625,689152.75,689765.75
689469.9375,689583.625,689998.5,688520.0625,692941.375,691798.875,691053.75,694509.3125,685141.75,697063.1875,694356.25,695369.5,689547.25,689584,689440.25,689254.6875,689249.9375,689327.625,689267.5625,689486.25,689543.1875,689723.875,689863.375,689149,689762.1875
689466.3125,689577.5625,689995.75,688513.4375,692946.3125,691794.6875,691050.875,694502.5625,685140.6875,697059.875,694347.8125,695361.25,689537.5,689572.4375,689432.375,689246.125,689239.5,689315.5,689257.5625,689474.9375,689531,689711.75,689855.125,689139.6875,689750.9375
689450.9375,689564.0625,689983.6875,688503.0625,692936.5625,691785.5625,691036.8125,694493.5,685127.5625,697045.125,694333.625,695349.5,689526.1875,689561,689419.4375,689231.25,689226.375,689302.25,689243.25,689461,689520.5,689696.8125,689838.75,689120.3125,689737.25
689439.25,689553.875,689969.125,688491.5,692926.25,691775.3125,691024.375,694483.625,685120.9375,697033.75,694318.6875,695334.0625,689506.3125,689539.6875,689400.5,689211.8125,689204.75,689281.75,689220.6875,689435.9375,689497.875,689675.875,689818,689099,689718.0625
689421.375,689537.625,689946.125,688470.25,692896.25,691745.9375,691000.9375,694459.3125,685091.625,697006.3125,694294.9375,695313.4375,689480.5625,689517.8125,689375.5,689191.75,689184.125,689259.375,689201.1875,689419.625,689476,689659.125,689798.6875,689078.75,689695.5625
689394.625,689512.4375,689928,688451.3125,692864.6875,691723.75,690977.375,694437.125,685074.25,696986.375,694269.0625,695284.25,689456.375,689493.25,689352.1875,689163.125,689160.5,689236.875,689176.1875,689389,689451.75,689630.9375,689770.5,689050.875,689670
689370.5,689488.875,689902.5,688427.5,692830.5,691696.5,690956.1875,694414.625,685054.3125,696966.3125,694255.9375,695269.3125,689438.875,689477.4375,689335.125,689148.75,689145.125,689221.9375,689161.75,689379.125,689434.375,689615.875,689757.875,689033.6875,689654.75
689352.375,689473.25,689882.25,688407.125,692809.6875,691676.625,690937.4375,694398,685034.375,696947.5625,694234.6875,695248.75,689424.375,689461.125,689318.6875,689135.0625,689128.1875,689205.3125,689145.6875,689360.9375,689421.5625,689598.375,689742.25,689016.875,689641.75
689344.25,689454.875,689868.4375,688396.8125,692796.8125,691665.5,690924.3125,694385.75,685023.1875,696932.8125,694219.625,695233.5,689406.125,689444,689301.3125,689113,689108.375,689185.5,689125.9375,689341.625,689399.75,689579.125,689718.0625,688995.6875,689617.4375
689326,689435.5625,689849.5,688375.375,692773.25,691639.6875,690902.75,694363.1875,685009.5,696913.875,694198.1875,695212,689385.3125,689422.1875,689279.875,689091.9375,689090.375,689166.875,689107.1875,689320.5,689378.5,689561.125,689701.1875,688974.125,689598.25
689300.0625,689415.375,689826.375,688356.9375,692749.4375,691620.375,690878.6875,694346.1875,684988.25,696887.875,694175.0625,695192,689363.1875,689401.9375,689259.4375,689071.9375,689067.75,689142.875,689083.75,689297.625,689360.125,689535.375,689677.4375,688953.1875,689573.75
689285.75,689394.3125,689805,688333.4375,692720.3125,691594.25,690859.125,694321.875,684969.125,696865.625,694151.9375,695167.75,689342.1875,689381.5,689238.6875,689051.9375,689047.1875,689121.75,689062.8125,689279.125,689337.1875,689517.875,689658.125,688930.0625,689552.25
689260.75,689371.875,689785.875,688309.9375,692698.4375,691573,690837.625,694302.25,684947.625,696848.25,694129.4375,695146.8125,689320.125,689356.1875,689217.4375,689029.6875,689029.3125,689099.6875,689042,689253.4375,689317.5625,689499,689639.25,688914.9375,689540.375
689247.5625,689355.625,689772.625,688296.25,692684.5,691561.125,690821.5625,694294.0625,684939.25,696836.1875,694120.25,695135.25,689309.6875,689346.875,689206,689020,689015.6875,689092.75,689034.25,689249.125,689309.6875,689491.125,689630.5,688902.875,689527.8125
689241.3125,689348.625,689761.8125,688287.4375,692686.125,691554.375,690816.125,694286.8125,684935.625,696827.375,694112.5625,695131.375,689310,689344.9375,689204.9375,689018.6875,689015.5,689093.1875,689033.75,689249.125,689310.375,689490.0625,689629.25,688902.25,689527.875
689240.6875,689347.25,689763,688291.625,692696.875,691558.8125,690813.6875,694290.5,684935.875,696826.875,694105.125,695128.1875,689304.625,689345.75,689205.125,689016.625,689012.8125,689090.5,689035.25,689243.625,689307.125,689489.9375,689628.375,688900.5625,689530.25
689250.5625,689347.875,689763,688293.125,692709.25,691562.4375,690815.5,694290.125,684944.75,696830.125,694111.1875,695130.3125,689309.5,689347.25,689206.375,689022.75,689015.375,689092.875,689039.625,689250.375,689310.6875,689492.1875,689632.75,688903.125,689532.125
689258.4375,689347.1875,689764.0625,688297.4375,692732.75,691573.5,690820.875,694301.5,684952.875,696835.75,694117.8125,695134.3125,689315.6875,689354.125,689217.1875,689028.5,689025.3125,689102.8125,689042.75,689255.75,689314.125,689496.3125,689639.0625,688908.6875,689537.4375
689256.5625,689353.8125,689766.375,688298.6875,692750.125,691582.125,690824.375,694305.0625,684957.5625,696839.375,694122.375,695142.375,689320.125,689354.5,689214.375,689030.0625,689026.375,689101.1875,689043.4375,689260.5,689316.125,689502.125,689640.75,688907.375,689538.875
689261.3125,689354.3125,689771.375,688304.5,692763.125,691590.125,690826.8125,694311.9375,684961.75,696843.25,694123.4375,695143.75,689322.375,689362.125,689218.625,689033.25,689027.875,689105.9375,689050.9375,689265.75,689321.3125,689506.75,689645,688912.5625,689540.875
689261.3125,689356.5625,689768.6875,688303,692770.75,691590.5,690823.0625,694308.375,684959.5,696835.5625,694118.6875,695134.625,689314.3125,689352.625,689211.375,689021.75,689017.1875,689093.25,689034.625,689252,689310.5625,689493.875,689631.3125,688902,689530.6875
689250.75,689349.0625,689763.125,688291.75,692760.0625,691581.1875,690814.9375,694299.125,684951.3125,696828.4375,694111.5625,695128.0625,689302,689339.25,689198.6875,689010.5625,689010.125,689084.75,689025.75,689237.5625,689299.0625,689479.25,689620.625,688886.5,689518.25
689238.1875,689334.25,689749.125,688284,692743.25,691562.5,690799.375,694284.3125,684940.3125,696813.625,694092.4375,695112.25,689285.125,689324.75,689182.5,688996,688991.75,689070.125,689009.4375,689223,689283.0625,689471.3125,689607.4375,688876.5,689508.125
689227.75,689321.75,689733.5,688274.9375,692724.125,691548.4375,690788.125,694269.9375,684930.3125,696799.75,694082.1875,695098.375,689273.0625,689311.625,689169.25,688977.625,688977.1875,689050.75,688995.25,689211.125,689270.875,689453,689589.375,688854.875,689488.125
689206.8125,689303.375,689722.8125,688259.625,692697.625,691526.375,690771.375,694256.75,684914.0625,696788.375,694064.6875,695080.875,689256.9375,689294.3125,689157.25,688970.25,688963.0625,689039.4375,688979.4375,689198,689252.625,689439,689572.875,688839.375,689472.375
689190.75,689288.75,689704.25,688246.5625,692675.875,691509.6875,690755.875,694238.1875,684897.625,696770.125,694045.75,695067.375,689238.0625,689277.375,689139.3125,688950.5,688946.5,689022.25,688966.375,689182.125,689235,689423.75,689559.9375,688821.9375,689457.125
689173.25,689277,689691.75,688233.75,692652.1875,691496.8125,690740.375,694224,684888.625,696756.25,694036.8125,695056.5625,689229.875,689269.75,689127.4375,688940.6875,688936.25,689013.4375,688954.625,689170.9375,689223.6875,689410.0625,689547.625,688810.625,689444.375
689168.875,689262.625,689673.6875,688221.8125,692639.875,691488.5,690731.5,694216.9375,684880.6875,696746.75,694025.625,695042,689220,689257.125,689116.125,688929.3125,688927.1875,689000.75,688942.125,689161.625,689214.25,689399.5,689537.4375,688798.8125,689438.8125
689166.8125,689252,689666.5,688213.5,692633.125,691473.25,690720.3125,694204.75,684869.9375,696734.375,694013.625,695032.875,689207.375,689247.1875,689107,688918,688914,688990.375,688933.8125,689148.875,689205.0625,689391.125,689531.1875,688789,689426.8125
689151.5,689242.75,689658.125,688203.25,692623,691459.6875,690708.375,694198.25,684859.4375,696722.5,694002.75,695022.125,689197.875,689237.8125,689093.6875,688907.625,688907.25,688982.375,688921.25,689141.625,689191.625,689377.625,689517.8125,688779.3125,689416.5
689141.625,689232.875,689648.875,688195.6875,692616.1875,691455.875,690700.3125,694191.3125,684853.75,696715.625,693998.5,695012.5625,689191.5625,689232.125,689087.8125,688903.8125,688898.0625,688972.8125,688915.125,689133.4375,689189,689371.875,689511.875,688769.75,689410.875
689135.75,689222.5625,689638.625,688188.8125,692610.0625,691446.5625,690695.5,694186.3125,684851.9375,696709.9375,693988.375,695003.25,689180.5,689220.875,689082.125,688894.125,688893.4375,688965.125,688911.375,689124.375,689184.3125,689368.25,689504,688764.3125,689407.375
689136.75,689218.6875,689635.5,688185.5,692609.625,691441.9375,690686,694176.5,684844.75,696701.3125,693985.75,694996.375,689172.875,689214.4375,689072.875,688881.8125,688881.8125,688955.6875,688900.875,689115.6875,689172.1875,689359.25,689494.6875,688750.9375,689393.125
689124.125,689208.75,689626.375,688172.5625,692600,691434,690677.8125,694167.1875,684840.625,696692.625,693972.375,694990.125,689167,689208.25,689069,688883.5,688875.5,688954.875,688895.9375,689112.625,689172.375,689355.875,689493.6875,688748.625,689393
689124.4375,689208.0625,689627.375,688173.6875,692603.375,691434.0625,690678.0625,694171.625,684845.125,696694.625,693976.3125,694992.125,689173.375,689214.0625,689073.1875,688883.1875,688881.375,688956.5,688901.5625,689117.5625,689176.8125,689360.625,689495.9375,688757.5,689399.0625
689133.875,689215.375,689628.75,688182.8125,692624.0625,691447.4375,690689.25,694183.6875,684856.75,696706.75,693989.875,695000.375,689186.625,689227.625,689085.375,688901.9375,688899.875,688974.875,688921.8125,689136.375,689192,689373.375,689515.0625,688772.375,689415.3125
689146.25,689226.625,689641,688188.1875,692642.8125,691468.8125,690697.1875,694197,684869.25,696713.4375,693995.875,695011.5,689193.875,689233.4375,689094.0625,688906.125,688902.8125,688980.125,688922.125,689139.0625,689197.5,689381.5625,689519.3125,688773,689418.4375
689152.4375,689232.25,689646.5,688189.375,692658,691468,690698.875,694198.625,684869.0625,696717.75,693998.25,695013.125,689189.0625,689233.25,689092.375,688902.1875,688899.9375,688977.375,688916.75,689133.125,689189.3125,689371.8125,689513.875,688769.875,689413.875
689145.75,689224.875,689641.75,688187.8125,692655.625,691468.25,690694.6875,694192.4375,684869.6875,696710.6875,693991.375,695007.875,689182.8125,689227,689082.75,688899.25,688893,688972.5,688914.375,689126.5625,689187.8125,689368.75,689506.9375,688763.8125,689409.625
689143.625,689224.875,689637.625,688184.6875,692649.0625,691460.75,690691.125,694191.625,684868.25,696708.75,693990.0625,695000.125,689176.5,689221.9375,689079.25,688893.5,688889.875,688967,688909,689126.5625,689182.75,689366.5,689506.75,688762,689408.1875
689146.875,689222.4375,689633,688191.9375,692649.25,691461.125,690692.75,694193,684870.625,696709.875,693989.625,695008.0625,689185.3125,689225.0625,689083.125,688901.3125,688894.9375,688973.6875,688915.6875,689129.6875,689188,689371.8125,689509.9375,688763.8125,689414.0625
689153.25,689226.5625,689640.875,688191.5625,692656.5625,691465.125,690698.0625,694197.5,684871.625,696714.875,693994.9375,695012.375,689191.625,689233.875,689093.875,688906.5625,688899.75,688976.625,688921.5,689133.75,689193.8125,689379.4375,689513,688769.9375,689417.375
689157.125,689230.125,689648.75,688200,692665.625,691469.125,690697.375,694197.625,684878.4375,696717.875,693996.125,695013.0625,689195.5625,689236.3125,689090.5,688909.0625,688902,688979.5,688923,689138.875,689196.9375,689379.4375,689516.625,688769.5,689421.3125
689155.875,689231.125,689648.75,688199.125,692664.5,691476.25,690703.75,694201.9375,684883.6875,696720.9375,693999.625,695013.6875,689194.375,689238.5,689098.875,688909.125,688907.25,688985.3125,688927.375,689143.25,689200.6875,689381.9375,689522.8125,688774,689421
689154.3125,689233.5,689649.375,688203.875,692673.4375,691474.75,690702.8125,694206,684888.4375,696723.4375,694000.9375,695015.75,689193.625,689239.0625,689100.125,688914.0625,688908.1875,688987.625,688932.125,689145.375,689203.8125,689386.5625,689523.1875,688774.5,689427.4375
689160,689241,689654.9375,688208.25,692674.3125,691483.0625,690708.1875,694209.25,684895.125,696726.875,694004.125,695020.0625,689197.4375,689240.875,689097.5625,688914.6875,688909,688987.875,688931.625,689143.625,689199.875,689386.8125,689522.375,688771.5,689424.25
689149.625,689238.1875,689649.625,688205.5625,692669.0625,691475.875,690702.125,694209,684888.875,696719.375,693999.125,695012.875,689187.875,689229.5,689087.75,688904.125,688898.625,688978.75,688922.5,689136.375,689194.75,689376.3125,689512.625,688760.625,689417.5625
689136.125,689230,689644.375,688199.9375,692656.8125,691466.9375,690696,694193.625,684883.75,696713.125,693992.5,695008.875,689180.9375,689224.5,689080.375,688900.125,688896.3125,688970.5625,688911.8125,689128.875,689183.0625,689369.125,689506,688755.875,689408.5
689131.1875,689223.6875,689635.6875,688197.25,692649.4375,691459.125,690689.75,694189.9375,684878.1875,696706.5625,693986.375,695003.5,689183.8125,689222.25,689087.625,688900.625,688895.6875,688973.1875,688914.4375,689127.125,689188.1875,689370.375,689509.9375,688753.75,689408.875
689132,689223.1875,689640,688200.5625,692652.125,691460.25,690696.75,694192.5625,684881.1875,696711.375,693993.25,695009.3125,689185.5625,689229.4375,689090.25,688906.5,688898.6875,688976.5,688920.5,689134.0625,689193.8125,689378.125,689516.125,688760.625,689419.875
689140.375,689233.375,689650.5,688208.6875,692663.875,691473.0625,690703.4375,694200.5,684894.625,696718.375,694000.6875,695013.6875,689195.625,689237.75,689100.0625,688910.125,688907.4375,688983.4375,688927.25,689141.9375,689203.6875,689386.8125,689524.125,688768.6875,689424.375
689144.125,689239.3125,689653.0625,688210.5,692672.8125,691481.375,690706.3125,694209,684898.4375,696724.875,694005.125,695020.25,689192.25,689237.8125,689096.25,688909.75,688908.0625,688982.5625,688924.0625,689142.1875,689202.375,689382.8125,689523.375,688764.75,689423.0625
689138.875,689236.5625,689654.75,688210.375,692673.125,691481.9375,690708.1875,694204.875,684899.0625,696721.75,694001.25,695017.8125,689190.9375,689233.125,689092.625,688903.6875,688900.5,688975.5,688919,689135.625,689193.8125,689378.0625,689512.625,688756.375,689417.375
689119.5,689227.8125,689643.75,688200.75,692657.625,691465.625,690695.3125,694191.3125,684888.4375,696709.0625,693987.5625,695002.8125,689174.0625,689215.9375,689074.625,688892.375,688886.375,688961.8125,688905.625,689114.4375,689176,689355,689494.875,688739.3125,689399.0625
689104.4375,689210.875,689626.75,688188.25,692631.25,691444.4375,690681,694172.625,684872.125,696690.5625,693968.625,694988,689155.375,689196.875,689056.1875,688869.9375,688865.75,688946.3125,688886.3125,689102.5625,689159,689341.9375,689478.1875,688722.75,689382.75
689089.75,689196.8125,689607.8125,688177.5625,692602.75,691425.3125,690663.375,694158.25,684856.375,696674.875,693955.125,694970.125,689145.6875,689188.125,689048.1875,688857.5625,688857.625,688931.1875,688875.75,689086.625,689149.0625,689332.1875,689467.5,688709.875,689373.875
689093.1875,689184.375,689601.625,688172.375,692584.875,691413.1875,690651,694149.6875,684852,696666.8125,693947.125,694964.125,689135.0625,689178.625,689038.6875,688852.75,688848.1875,688925.25,688866.875,689083.5,689138.5,689322.25,689462.375,688701,689363.625
689085.9375,689177.75,689592.125,688163.6875,692573.625,691400.75,690643.625,694138.125,684841.8125,696659.3125,693934.625,694954.3125,689122.25,689167.5,689027.75,688842.5,688835.3125,688910.3125,688853,689065.875,689126.5,689312.1875,689450.5,688685.6875,689351.75
689067.25,689163.375,689576.8125,688151.8125,692558,691388.0625,690629.375,694124.125,684832.4375,696645.75,693925,694941.8125,689112.875,689159.0625,689016.75,688830.3125,688829.5,688902,688845.75,689059.25,689115.75,689299.875,689439.4375,688675.875,689341.75
689056.125,689153,689568.125,688138.6875,692546.25,691376.5,690623.0625,694113,684822.5,696635.25,693910.6875,694931.9375,689099.25,689145.75,689006.125,688820.75,688813.0625,688890.25,688833.125,689049,689106.875,689291.875,689427.5,688667,689333.8125
689047.75,689141.75,689561,688133.4375,692536.8125,691367.5,690614.125,694109.25,684819.4375,696629.125,693907.5625,694923,689095.0625,689142.125,688997,688817.125,688813.875,688888.125,688827.75,689046,689104.75,689289.875,689424.25,688663.0625,689328.875
689041.625,689140.875,689558,688132.125,692540.9375,691371.5,690611.25,694110.25,684820.625,696627.8125,693909.0625,694923.6875,689098.125,689143.75,689001.125,688816.625,688813.625,688889.625,688831.875,689049.5,689105.3125,689292.125,689428.125,688662.875,689329
689042.5,689144.125,689560.25,688132.375,692545.0625,691369.9375,690609.875,694111.1875,684821.1875,696625.5625,693903.0625,694922.1875,689094,689140,688998.125,688812.875,688810.3125,688885,688829,689043.1875,689101.1875,689286.875,689423.5,688659.25,689328.1875
689038.1875,689140,689554.625,688128.125,692545.375,691369.0625,690604.875,694105.3125,684819.6875,696620.625,693901.1875,694918.0625,689088.6875,689133.4375,688993.4375,688810.5625,688801.125,688878.125,688820.0625,689033.75,689094.3125,689276.3125,689418.5,688646.375,689318.1875
689028.25,689126.9375,689542.5625,688121.375,692536.9375,691355.9375,690598.0625,694098.625,684809.4375,696609.4375,693889.375,694906.125,689072.4375,689126.75,688983.5,688796.3125,688790.875,688866.625,688811.5,689025.25,689085.125,689265.5,689405.0625,688638.375,689308.75
689022.875,689119.125,689537,688112.375,692524.5,691345.375,690585.625,694088.125,684802.125,696598.0625,693877.5625,694897.5,689064.625,689108.1875,688969.25,688784.0625,688778.6875,688852.8125,688797.125,689009.125,689067.5625,689253.25,689391,688618.875,689296.125
689009.6875,689106.9375,689524.25,688097.75,692506.9375,691327.75,690572.8125,694073.875,684789.625,696587.25,693864.375,694882.4375,689051.25,689099.4375,688955.3125,688770.75,688763.25,688843.25,688784.3125,688999.5,689061.375,689242.5,689375.375,688610.5,689282.375
688995.375,689093.375,689513.875,688088.75,692491.3125,691314.875,690562.8125,694061.875,684778.875,696575.75,693852.125,694866.625,689036.25,689081.625,688939.75,688752.8125,688749.9375,688825.625,688767.5,688980,689043.4375,689222.375,689360.9375,688590.6875,689267.125
688978.5,689076.1875,689494.9375,688076.3125,692468.25,691299.625,690543.1875,694045.875,684765.875,696560.0625,693837.8125,694853.125,689024.6875,689065.25,688926.5,688743,688735.5,688811.375,688753.625,688969.625,689023.75,689211,689344.125,688578.375,689250.6875
688964.0625,689062,689480.5625,688057.875,692446.25,691283.625,690530.0625,694032.5625,684754.5,696542.5,693819.75,694837.8125,689006.75,689051.25,688910.5625,688729.125,688724.4375,688796.3125,688740.5625,688954.875,689014.5,689198.875,689339.125,688563.6875,689241.3125
688956.375,689054.4375,689468.6875,688051.875,692439.75,691272.625,690519.375,694021.3125,684745.5,696538.625,693814.75,694832.4375,689003.125,689050.25,688908.625,688722.5625,688720.3125,688795.875,688735.75,688952.625,689006.75,689193.875,689335.25,688559.875,689237.5
688957.4375,689048.8125,689461.1875,688048.875,692434.625,691266.75,690514.3125,694021.375,684739.6875,696531.125,693807.125,694827.1875,688991.3125,689041.125,688897.625,688713.75,688707.8125,688783.875,688726.875,688942.5625,688998.625,689187.125,689321.125,688550.625,689227.25
688935.375,689034.3125,689452.625,688036.9375,692426.125,691258.625,690503.25,694007.4375,684734.4375,696520.625,693795.9375,694814.125,688977.1875,689029.0625,688887.8125,688704.0625,688695.875,688772.5625,688716.25,688932.1875,688987.5,689173.875,689309.6875,688537.25,689213.875
688923.8125,689025.9375,689445.875,688028.8125,692420.5625,691249.375,690493.0625,693998.6875,684725.9375,696512.1875,693787.875,694805,688973.8125,689023.25,688878.375,688696.75,688690.25,688769.4375,688706.8125,688923,688983.625,689166.25,689307.625,688530.75,689209.125
688920.6875,689020.9375,689437.625,688025.0625,692418.5,691242.5,690488,693999.125,684727.25,696508.125,693782.875,694801.25,688973.6875,689018.625,688877.375,688695.375,688687.25,688767.4375,688707.25,688923.0625,688980.125,689167.5625,689302.125,688529.0625,689206.25
688919.9375,689014.125,689437.5625,688023.1875,692421.5625,691242.125,690484.625,693996.875,684722.25,696501.1875,693777,694790,688963.25,689011.25,688867.8125,688683.375,688678.25,688755.3125,688698.5,688911.5,688972.1875,689155.25,689295.5625,688517.8125,689200.6875
688913.125,689006.625,689424.25,688013.4375,692413.25,691236.3125,690476.75,693989.375,684716.8125,696493.25,693769.6875,694785.5625,688952.4375,689003.375,688859.75,688678.6875,688672.25,688747.875,688688.25,688905.9375,688963.1875,689149,689284.625,688507.75,689189.4375
688907.8125,688996.75,689419.9375,688008.8125,692405.625,691229.625,690470.75,693984.25,684713.75,696489.125,693765.5,694776.5625,688948.875,688998.25,688859.4375,688672.375,688668.25,688743.25,688687.875,688899.0625,688958.1875,689143.25,689278.25,688501.8125,689184.375
688899.9375,688991.1875,689411.25,687998.75,692402.125,691223,690461.1875,693976.375,684704.625,696479.6875,693751.5,694766.875,688937.25,688981.5,688842.1875,688658.5,688648,688726.125,688669.0625,688884.25,688941.75,689126.875,689263.125,688485.625,689165.6875
688882.125,688976.125,689394.375,687985.0625,692379.875,691203.6875,690444.875,693958.875,684686.1875,696458.0625,693731.9375,694752.25,688920.375,688964.9375,688825.125,688641.8125,688638.0625,688712.1875,688655.0625,688866.375,688925.125,689113,689249.125,688470.3125,689154.4375
688866,688962.8125,689378.875,687974.375,692360.875,691188.125,690429.0625,693944.0625,684681.625,696449.625,693722.375,694738.25,688906.5625,688957.5,688816.9375,688629.0625,688625.875,688700.625,688643.375,688858.625,688914.375,689100.0625,689237.375,688459.4375,689144.9375
688855.625,688953.1875,689373,687962.8125,692350.5625,691180.375,690421.375,693936.75,684668.8125,696439.75,693712.375,694731.9375,688900.75,688949.4375,688807.75,688625,688622,688696.125,688638.4375,688854.375,688910.0625,689096.8125,689235.75,688452.625,689140.875
688853.875,688948.8125,689365.0625,687960.25,692343.625,691172.375,690416.25,693931.75,684663.6875,696435.375,693707.25,694726,688895.5,688945.6875,688804.375,688619.5,688618.4375,688691.75,688632.375,688846,688907.25,689087.625,689228.25,688446.9375,689131.1875
688847.5625,688941.1875,689361.1875,687952.5625,692348.4375,691168,690411.9375,693930.375,684661.875,696428.875,693700.6875,694722.5625,688888.8125,688941.3125,688796,688613.125,688608.125,688682.4375,688626.8125,688843,688897.625,689084.3125,689219.125,688439,689129.0625
688839.25,688935.9375,689357.1875,687949.625,692341.375,691161.625,690402.25,693922.75,684657.875,696422.125,693695.3125,694714.9375,688885.125,688936.9375,688794.4375,688608.1875,688605.75,688679.125,688623.6875,688837.8125,688893.875,689084.125,689220.25,688436.75,689125.375
688833.1875,688934.4375,689351.8125,687948.375,692346.875,691165.0625,690403.0625,693926.3125,684659.25,696423.625,693696.75,694712.25,688885.9375,688935.25,688794.75,688607.8125,688603.25,688676.5,688620.6875,688831.125,688891.375,689079,689212.4375,688432,689121.75
688830,688927.625,689346.5625,687943.0625,692348.125,691161.875,690397.5,693920.5625,684659.6875,696419.5,693686.75,694706.5,688881.3125,688931.25,688788.8125,688601.1875,688599.75,688673.6875,688616.1875,688827.875,688889.75,689076.1875,689209.875,688429,689119.6875
688826.9375,688925.25,689348.0625,687944.25,692346.9375,691159.875,690395.125,693922.75,684658.4375,696414,693686.3125,694705.25,688877.75,688928.375,688783.5,688599,688594.5,688670.6875,688614.625,688826.5,688886.5625,689073.0625,689205.75,688421.9375,689113.75
688821.9375,688922.75,689339.3125,687937.4375,692345.3125,691158.1875,690388.25,693912.75,684659.625,696410.25,693682.125,694703.875,688870.0625,688919.3125,688780.125,688594.375,688588.8125,688665.75,688608.5,688821.75,688879.875,689068.75,689203.25,688418,689108
688817,688920.0625,689337.25,687930.125,692346.75,691153.4375,690386.5625,693910.9375,684650.875,696406.1875,693680.0625,694697.5,688867.5,688918.0625,688775.5,688591,688588.625,688661.8125,688606.5625,688817.625,688879.0625,689064.0625,689199.875,688414.25,689108.125
688809.25,688916,689335.625,687933.625,692343.8125,691150,690382.25,693906.8125,684651.1875,696403.75,693672.4375,694694.5,688864.25,688914.875,688773,688587.25,688584.625,688658.625,688602,688817.375,688877.125,689060.125,689195.5,688413.125,689106.875
688805.125,688913.1875,689327.5,687930.5,692343.125,691149.4375,690378.875,693903.1875,684655.125,696399.875,693672.4375,694690.375,688859.6875,688910.375,688771.25,688582.8125,688578.5,688651.375,688597.25,688813.375,688868.1875,689057.75,689192,688404.75,689099.6875
688803.5,688905.75,689325.125,687927.25,692334.4375,691142.1875,690371.75,693899.375,684647.8125,696392.8125,693660.0625,694685.5,688854.625,688904.25,688762.8125,688576.375,688570.9375,688649.5,688592.5625,688806.25,688864.625,689050.9375,689187.75,688399.125,689091.9375
688797.625,688902.1875,689320.875,687918.625,692331.5,691139.75,690369.3125,693895.125,684642.125,696392.75,693662.5,694680.3125,688854.375,688903.1875,688759.9375,688576.5625,688574,688648.4375,688590.6875,688805.3125,688866.25,689049.9375,689186.125,688399.4375,689093.8125
688794.3125,688902.5,689321.5,687923.875,692336.875,691138.75,690373.6875,693897.75,684648.25,696394.4375,693665.75,694684.5,688858.1875,688908.125,688768,688579,688577.8125,688653.625,688599.6875,688812.4375,688871.8125,689056.8125,689194.25,688404.4375,689103.0625
688804.875,688911.25,689330.6875,687927.8125,692350.375,691149.75,690379.9375,693910.375,684659.0625,696400.5625,693671.5,694691.25,688865,688914.5,688776.1875,688588,688582.5625,688662.125,688601.625,688815.75,688875.0625,689062.625,689200.375,688409.6875,689107.8125
688810.5,688915.9375,689333.875,687936.1875,692360.5625,691158.375,690383.6875,693915.25,684666.5625,696406.25,693675.6875,694692.1875,688867.625,688917.5,688774.25,688589.3125,688584.75,688663.625,688605.875,688815,688874.0625,689062.125,689194.4375,688405.875,689103.6875
688805.0625,688910.375,689330,687925.25,692356,691150.75,690380.625,693910.125,684657.375,696399.9375,693669.125,694686,688855.6875,688905.6875,688765.6875,688577.125,688572.5625,688649.125,688592.8125,688805.25,688864.5,689049.25,689183.125,688394,689093.125
688788.1875,688897.5625,689317.5,687915.3125,692340.375,691138.8125,690366.5625,693895.75,684646.75,696385.125,693655.6875,694670.875,688840.9375,688893.125,688753,688566.1875,688560.25,688638.1875,688579.125,688795,688852.4375,689038.4375,689174.0625,688380.3125,689085.3125
688779.75,688892.375,689311.1875,687908.5,692322.75,691127.4375,690354.9375,693885,684639.3125,696375.125,693646,694663.6875,688830,688880.6875,688744,688558.25,688552,688628.5,688571.75,688784.9375,688838.4375,689027.75,689164.5,688370.125,689074
688769.125,688882.75,689296.75,687899.4375,692303.375,691112.625,690346.125,693872.25,684630.375,696364.3125,693632.5,694652.25,688819.4375,688866.8125,688726.5625,688541.5,688538.4375,688613.875,688557.5,688772.875,688828.6875,689014.125,689147.8125,688355.25,689055.5625
688753.0625,688862.5,689284.3125,687891.1875,692282.875,691096.625,690330.125,693859.375,684617.4375,696350.6875,693620.375,694641.3125,688813.8125,688860.5,688723.0625,688533.25,688529,688608.375,688549.4375,688764,688821.8125,689014.75,689148.875,688347.25,689055.3125
688751.125,688862.25,689279.5,687889.875,692280.5625,691093.0625,690329.4375,693856,684618.875,696347.5625,693621,694639.25,688808.8125,688859.875,688718.375,688533,688529.375,688601.75,688546.8125,688759.625,688819.5,689006.3125,689143.25,688347.25,689052.5625
688747.4375,688856.25,689279.875,687886.625,692281.25,691086.125,690321.125,693853.5,684615.5625,696343.5,693612.625,694632.1875,688800.5625,688853.375,688710.125,688524.375,688524.375,688600.375,688542.75,688755.5,688810.0625,689000.875,689131.625,688341.125,689044.75
688741.875,688852.8125,689271.25,687883.25,692276.875,691080.875,690318.625,693848.25,684612.5,696337.1875,693609.3125,694629.6875,688796.625,688848.875,688709.3125,688520.5625,688521.125,688593.1875,688537.5625,688752.625,688807.1875,688997.5625,689127.75,688332.25,689038.625
688735,688846.3125,689267.5625,687875.0625,692268.8125,691078,690312.75,693843.75,684606.75,696331.75,693603.1875,694621,688791.5,688845.75,688702.5,688513.6875,688510.6875,688587.8125,688531.8125,688743.25,688800.625,688989.375,689121.5625,688329.4375,689034.125
688731,688840.875,689258.375,687871.625,692266.125,691075.6875,690310.125,693838.0625,684607.1875,696326.1875,693596.875,694616.1875,688787.1875,688839.3125,688696.9375,688513.375,688506.875,688585.75,688527.1875,688741.9375,688797.625,688988.25,689119.0625,688322,689027.4375
688728.875,688837.8125,689256.625,687867.5625,692259.0625,691069.3125,690303.625,693829.75,684599.6875,696323.125,693593.6875,694610.375,688783.5,688834.9375,688693.1875,688508.875,688503.125,688579.625,688521.8125,688736.125,688796.1875,688982.375,689118.5,688319.125,689026.625
688730.5625,688832.125,689251.5625,687862.375,692258.625,691070.25,690301.8125,693829.4375,684600.6875,696319.6875,693589.9375,694607.875,688782.125,688832.25,688688.6875,688504.6875,688498.625,688573.375,688515.25,688728.75,688787.875,688977.1875,689108.5,688312.1875,689020.3125
688724.625,688827.8125,689246.9375,687862,692259.25,691064.125,690296.125,693829.75,684599.0625,696316.375,693585.9375,694604.9375,688775.5625,688827,688686.1875,688499.3125,688494.75,688571.1875,688514.5,688725.3125,688786.25,688973.625,689109.75,688308.125,689016.25
688720.9375,688819.875,689242.125,687857.375,692256,691054.4375,690290.375,693821.875,684595.75,696308.25,693581.8125,694599.875,688772.875,688824.4375,688686.8125,688497,688494.6875,688569.875,688510.25,688724.625,688787.4375,688975.625,689102.8125,688307.4375,689016.3125
688721.1875,688821.3125,689241.125,687856.375,692257.75,691056,690289.9375,693822.625,684596.9375,696310.5625,693577,694596.9375,688770.375,688823.1875,688680.875,688494.25,688492.375,688568.75,688511.125,688725,688782.1875,688974.3125,689105.875,688303.0625,689014.5
688730.875,688822.125,689245.125,687856.75,692257.625,691056.875,690292.4375,693823.4375,684600.125,696310.75,693578.4375,694597.75,688775.6875,688828.1875,688683,688499.6875,688497.5,688571.375,688516.1875,688729.125,688786.75,688975.0625,689110.125,688309,689022.1875
688735.0625,688824.0625,689245.25,687857.5625,692265.0625,691061.125,690294.4375,693830.125,684602.25,696313.5,693581.9375,694600.9375,688774.4375,688825.6875,688683.1875,688499.875,688497.375,688573.0625,688513.4375,688727.5,688786.5625,688975.875,689110.3125,688306.875,689020.375
688730.3125,688824.6875,689244.625,687856.3125,692268.0625,691063.75,690292,693829.0625,684607.25,696310.375,693581.8125,694602.4375,688775.875,688830,688687.875,688500,688496.875,688573.625,688513.1875,688727.625,688788.0625,688977.75,689110.375,688308.8125,689024.4375
688741.375,688825,689245.5,687863,692275.3125,691067.8125,690296.375,693832.375,684609.5,696317.875,693588.6875,694607.1875,688779.3125,688834.375,688691.9375,688504.3125,688500.375,688575,688516.75,688734.125,688788.875,688976.8125,689114.75,688307.75,689025
688738.625,688827.5625,689248.125,687865.9375,692278.25,691069.5,690295.0625,693836,684614.875,696318.5,693590.3125,694608.4375,688781.3125,688834.9375,688695.9375,688508.125,688502.75,688578.625,688520.25,688733.6875,688796.1875,688986.9375,689118.1875,688309.0625,689028.375
688748.0625,688833.875,689252,687866.5625,692282.1875,691072,690298.625,693836.8125,684616.375,696319.75,693587.4375,694603.625,688776.9375,688831.375,688690.625,688504.125,688498.6875,688574,688515.9375,688731.9375,688788.6875,688973.25,689111.375,688305.3125,689024.0625
688733.0625,688826,689244.75,687861.3125,692270.75,691065.875,690293.1875,693831.75,684611.1875,696313.8125,693581,694601.125,688768.25,688822.5,688679.5,688492.5625,688489.25,688568.875,688512,688726.25,688780.75,688969.625,689102.375,688297.875,689017.5625
688731.25,688819.75,689239.6875,687854.9375,692263.625,691063.0625,690286.125,693823.0625,684609.4375,696307.5,693576.5625,694594.75,688764.25,688820.625,688675.75,688490.625,688485.3125,688560.6875,688504.5,688717.5625,688777,688965.375,689096.125,688288.625,689009.125
688717.5625,688812.5,689235.625,687850.5,692255.125,691052.4375,690279.125,693817.125,684600.625,696297.625,693570.3125,694583.8125,688753.125,688808,688667.5625,688479.4375,688474.0625,688547.875,688493.6875,688703.625,688765.375,688951.5625,689086.75,688278.4375,688996.25
688705.875,688803.0625,689222.625,687841,692239.6875,691037.125,690267.1875,693808.0625,684592.125,696291.25,693558.8125,694576,688744.0625,688797.625,688658,688468.5,688466.5,688542.25,688485.5625,688700.875,688759.25,688946.5,689078.125,688268.5,688990.0625
688704.4375,688793,689215.0625,687834.4375,692229.875,691030.3125,690259.0625,693797.375,684587.25,696281.25,693550.9375,694567.8125,688737.4375,688791.625,688652,688467.75,688459.875,688534.125,688477.5,688694.25,688752.5,688937.25,689074.125,688261.25,688984
688691.9375,688788.5,689207.4375,687831.375,692218.4375,691024.875,690254.9375,693791.25,684579.25,696273.375,693544.3125,694561.3125,688733.4375,688789.0625,688648.5,688460.75,688454.875,688532.125,688476.8125,688690.0625,688746.3125,688933.5,689066,688257.125,688979.25
688693.0625,688782.5,689202.625,687827.4375,692209.0625,691014.0625,690246.25,693782.375,684576.5625,696268.0625,693538.0625,694554.9375,688722.625,688775.875,688630.625,688446.375,688444.0625,688517.125,688463.8125,688674.875,688736.1875,688921.125,689057.4375,688244.125,688969.125
688680.75,688769.4375,689193.25,687818.25,692198.4375,691006.8125,690236.375,693774.125,684571.1875,696258,693529.125,694544.6875,688714.0625,688765.625,688624.375,688438.0625,688433.75,688509.25,688452.125,688667.1875,688724.125,688912.75,689049.125,688236,688955.6875
688667.8125,688761.8125,689182.5625,687808.8125,692187.25,690992,690224.0625,693762,684557.125,696246.8125,693517.25,694531.9375,688697.1875,688751.625,688610.5625,688424.25,688417.75,688491.375,688436.625,688647,688713.4375,688900.6875,689034.375,688216.125,688944.625
688657.1875,688749.875,689169.4375,687798.375,692166.75,690981.375,690215.125,693753.6875,684553,696239.375,693506.875,694524.9375,688693.125,688747.125,688603.625,688417.4375,688412.125,688491.5625,688433.8125,688646.5,688706.25,688891.5625,689024.75,688213.0625,688939.25
688658.125,688741.875,689165.5625,687791,692160.875,690972.375,690207.75,693747.5625,684542.25,696230.0625,693494.4375,694514.25,688682,688733.625,688596.1875,688408.25,688403.125,688479.125,688423.375,688636.75,688697.125,688883.5,689015.125,688202.875,688926.75
688642.5,688732.5,689154.4375,687785.5,692151,690963.125,690199.4375,693740.0625,684536.5,696220.5625,693491,694509.3125,688681.125,688733,688593.125,688407.4375,688401.5,688477.8125,688419.5,688636.25,688698,688884.375,689016.3125,688199.625,688931.125
688647.4375,688733.125,689156.25,687786.8125,692159.9375,690966.9375,690201,693742,684546,696221.75,693493.4375,694510.25,688680.5625,688731.125,688591.25,688406.25,688401.125,688475.3125,688417.375,688632.1875,688695,688885.5625,689015.25,688200.375,688925.5
688641.375,688729.3125,689148.8125,687780.9375,692160.625,690965.125,690197.375,693740,684541.75,696219.25,693484.75,694506.625,688676.125,688729.6875,688588.8125,688401.625,688396.5625,688471,688414.125,688627.75,688686,688879.75,689006,688191.125,688919.375
688634.5,688723.625,689148.75,687776.375,692155.6875,690960.6875,690192.5625,693730.5,684536,696211.625,693479.4375,694495.6875,688666,688720.0625,688576.875,688392.4375,688389.375,688461.375,688407,688621,688680.25,688872.25,689003.6875,688184,688912.4375
688634.5,688717.25,689139.9375,687771.875,692151.8125,690951.5,690185.6875,693729.125,684534.0625,696205.3125,693471.25,694495.75,688663,688717,688575.875,688395,688387.5625,688465.125,688405.125,688619.75,688680.9375,688871.875,689001.3125,688185.375,688913.625
688633.875,688718.1875,689141.625,687770.25,692158.25,690955.9375,690185.625,693730.9375,684539.625,696207.5625,693475.0625,694495.25,688666.8125,688724.0625,688581.125,688392.375,688391.625,688469.625,688412.125,688624,688684.9375,688872.8125,689002.625,688185.9375,688919.3125
688632.75,688719.0625,689143,687775.125,692163.1875,690961.3125,690190.5625,693733.375,684544.0625,696209.0625,693476.3125,694499.125,688666.875,688723.25,688584.4375,688396.5,688390.5,688468.6875,688410.5625,688625.0625,688683.75,688875.75,689000.5625,688182,688916.5625
688634.3125,688719.375,689140.5,687776.3125,692169.375,690959.625,690186.375,693733,684539.4375,696207.125,693476.1875,694497.4375,688661.3125,688718.4375,688576.25,688387.5625,688385.9375,688459.625,688404.5,688623.5,688675.9375,688869.125,688998.125,688178.625,688911.875
688626.75,688714.75,689136.1875,687773.625,692164.375,690954.625,690184.25,693727.25,684540.3125,696202.1875,693473.0625,694490.125,688657.5625,688714.875,688572.75,688385.6875,688379.625,688453.25,688399.25,688614.3125,688670.5625,688861.3125,688993,688169.3125,688905.9375
688620.6875,688709.0625,689128.1875,687767.1875,692151.625,690946.625,690175.125,693717.625,684533.625,696192.625,693460.125,694483.6875,688644.75,688698.75,688558.8125,688371.9375,688369.6875,688445.3125,688386.8125,688596.5625,688656.1875,688849.375,688978.75,688157.5625,688892.25
688606.9375,688694.625,689116.375,687754.5,692136.25,690931.3125,690158.5,693705.25,684517.375,696177.625,693445.75,694467.125,688625.875,688680,688537.75,688351.9375,688346.9375,688423.8125,688364.25,688579.125,688639.3125,688829.3125,688958.6875,688133.75,688870.0625
688583.4375,688673.75,689094.75,687735.25,692101.375,690906.1875,690136.25,693684,684496.9375,696154.6875,693426,694445.6875,688606.75,688661.25,688520.75,688334.125,688328.125,688403.625,688348.125,688558.75,688618.375,688809.5,688937.5,688112.625,688854.125
688567.125,688653.625,689073.6875,687714.4375,692065.3125,690881.1875,690114.4375,693665.5625,684479.9375,696138,693408.5,694425.75,688589.125,688642.1875,688503.1875,688311.5625,688312.625,688389,688332.5625,688544.9375,688606.8125,688797.5,688923.8125,688100.0625,688839.0625
688559.125,688641.375,689063.25,687703.25,692048.8125,690867.875,690105.625,693651.3125,684472.8125,696130.5625,693394.75,694414.75,688582.625,688635.75,688497,688308.125,688307.375,688382.4375,688326.25,688538.125,688598.875,688790.375,688921.25,688094.25,688835.5
688557.625,688637.5625,689059.125,687702.5,692048,690867,690103.1875,693650.875,684472.875,696126.125,693394.875,694413.75,688585,688638.75,688496.5,688307.8125,688307.25,688384.375,688327.5625,688539.875,688599.6875,688790,688921.3125,688096,688838
688560.0625,688639.375,689062.5625,687698.875,692059.375,690874.125,690106.1875,693654.3125,684481.1875,696131.1875,693397.8125,694419.625,688588.75,688643.5,688503.375,688317.125,688312.75,688387.875,688333.0625,688548.75,688608,688798.75,688926,688100.5,688843.1875
688560.5625,688643.625,689065.75,687704.4375,692073.5,690879.875,690114.125,693661,684487.4375,696131.8125,693402.375,694424.25,688595.3125,688653.4375,688513.6875,688327.5,688320,688397.4375,688339.5,688553.25,688613.25,688805.0625,688930.5,688105.6875,688845.6875
688570.0625,688651.875,689072.125,687711.3125,692090.9375,690889.4375,690120.625,693672.625,684500.5625,696137.5625,693408,694432,688598,688654.9375,688513.25,688329.5,688324.125,688397.625,688339.6875,688554.75,688616.125,688807.625,688933.8125,688103.8125,688849.375
688560.125,688649.4375,689067.4375,687711.5,692098.8125,690889.3125,690112.5,693667.4375,684491.875,696135.125,693400.6875,694420.875,688587.5625,688641.25,688499,688315.375,688306.9375,688386.125,688326.75,688538.875,688598.0625,688787.625,688919.0625,688087.1875,688832.4375
688546.5625,688635.6875,689055.0625,687695.625,692075.25,690873.1875,690099,693652.625,684474.875,696118.6875,693383.0625,694403.5,688565.6875,688620.75,688480.5625,688293.1875,688290.375,688365.9375,688308.0625,688520.0625,688583.75,688772.8125,688899,688067.8125,688818.375
688524.5,688619.3125,689039.125,687681,692050.0625,690851.8125,690084.0625,693632.375,684461.125,696102.4375,693369.3125,694384.25,688552.375,688605.6875,688467.1875,688280.25,688273.1875,688351.9375,688295,688507.375,688565.6875,688754.3125,688884.875,688052.5,688798.6875
688519.0625,688599.875,689020.375,687673,692024.375,690833.0625,690062.1875,693618.75,684446.375,696084.9375,693350.5,694370.3125,688535.6875,688588.6875,688449.375,688262.5,688258.75,688336.8125,688276.3125,688491,688548.375,688742.625,688868.0625,688036.9375,688786.25
688495.3125,688581.125,689006.375,687651.625,692001.25,690812.5625,690047.8125,693595.875,684426.5625,696066.75,693335.3125,694351.5,688513.875,688567.25,688428.375,688240.375,688238.125,688312.25,688254,688470.125,688527.25,688723.0625,688850,688014.3125,688760.75
688475.875,688562.625,688980.875,687633.125,691971.125,690790.3125,690026.8125,693582,684411.1875,696050.5625,693318.625,694334.9375,688496.5625,688554.75,688411.9375,688228.0625,688221.9375,688300.3125,688241.625,688454.9375,688517,688706.875,688836.5625,688002,688750.375
688464.875,688552.25,688973.6875,687624.3125,691952.75,690779,690016.9375,693568.6875,684404.5,696040.25,693306.125,694327.25,688494.3125,688551.875,688408.75,688224.4375,688221.75,688297.125,688240,688456.125,688514.6875,688703.75,688834.6875,688001.125,688748.4375
688464.625,688548.0625,688972.875,687623.75,691958.25,690775.625,690013,693568.6875,684408.1875,696036.875,693301.5625,694323.125,688493.75,688552.625,688408.8125,688221.375,688220,688298.8125,688239.125,688454.4375,688512.5625,688704.875,688834.3125,687996.1875,688750.125
688469.6875,688548.25,688969.75,687624.125,691968.0625,690781.875,690015.9375,693574.4375,684409.125,696040,693307.5625,694325.3125,688491.1875,688548.625,688402.75,688226.375,688218.625,688294.6875,688235.625,688449.5,688510,688699.625,688831.1875,687995.125,688745.375
688469.9375,688546.1875,688967.4375,687624.0625,691974.375,690785.125,690012.125,693569.0625,684409.625,696036.25,693300.5,694320.3125,688491.25,688547.1875,688406.125,688221.9375,688219.375,688293.875,688235,688447.5625,688506.375,688699.9375,688827.25,687991.75,688746.25
688463.125,688546.25,688969.875,687620.75,691981.9375,690784.375,690013.125,693573.0625,684414.6875,696034.25,693301.5625,694323.75,688489.125,688551.3125,688410,688222,688223.8125,688299.4375,688240.5,688453.8125,688513.8125,688704.25,688833.75,687996.875,688751.375
688473.8125,688550.75,688974.9375,687628,691995.3125,690796.875,690021.375,693580.375,684424.25,696043.25,693311.375,694331.75,688503.375,688561.1875,688419.375,688228.875,688233.125,688306.75,688252.1875,688465.0625,688525.375,688716.625,688847.4375,688008,688764.125
688486,688566.8125,688985.125,687639,692021.375,690811.5625,690035.5,693600.75,684443.8125,696060.875,693327.1875,694350.25,688519.0625,688580.75,688439.3125,688254.3125,688253.25,688327.875,688270.6875,688484.3125,688546.25,688735.75,688864.625,688026.9375,688784.25
688501.75,688581.3125,689005,687643.5,692046.5625,690837.5625,690050.375,693615.75,684459,696073.0625,693342.75,694364.4375,688537.375,688593.1875,688452.625,688268.875,688264.5,688342.4375,688287.25,688495.5,688557.5625,688749.625,688878.75,688039.9375,688797.5
688522.4375,688595.5,689016.875,687650.125,692065.0625,690849.625,690062.625,693631.8125,684472.875,696083,693349.75,694372.625,688544.6875,688601,688460.75,688273.4375,688271.625,688346.5625,688288.375,688498.375,688562.1875,688756.625,688884.4375,688042.25,688799.5
688520.125,688600.25,689020.0625,687648.1875,692069.375,690858.375,690067.125,693633,684479.625,696091.9375,693354.25,694378.5,688550.25,688606.875,688464.5,688279.0625,688279.4375,688357.375,688296.625,688508.875,688572.4375,688766,688894.5,688049.6875,688810.5
688529.9375,688610.375,689028.1875,687662.5,692087.8125,690867.8125,690075.5,693643,684493.5,696100.6875,693365.3125,694387.5625,688556.9375,688614.0625,688475.25,688289.6875,688287.5625,688365.125,688302.4375,688519.4375,688578,688773.125,688903.75,688058.6875,688820.9375
688542.8125,688622.375,689040.6875,687666.125,692098.6875,690877.375,690085.625,693654.875,684503.625,696111.8125,693378.75,694401,688570.875,688626.8125,688488.25,688302.1875,688299.5,688376.1875,688318.5,688532.125,688591,688784.0625,688914.0625,688070.75,688830.875
688552.5625,688631.9375,689050.75,687678.8125,692109.375,690892.125,690097.25,693661.5625,684512.625,696121.5625,693389.3125,694406.625,688578.5,688634.25,688495.25,688308.6875,688304.3125,688383.125,688324.5,688536.25,688594.75,688794.4375,688917.4375,688076.1875,688837.75
688560.5625,688635.0625,689056.625,687685.125,692114,690896.8125,690103,693669.5,684519.4375,696127.625,693393.1875,694411.3125,688582.875,688636.25,688500.0625,688316.5625,688311.5,688388.0625,688326.25,688542.875,688599.875,688796.3125,688922.375,688077.75,688841.8125
688563.125,688640.875,689062.1875,687696.5625,692119.625,690897.375,690107.25,693668.5,684525.5,696131.625,693394.9375,694415.9375,688586.125,688643.0625,688503.8125,688317.375,688312.375,688390.75,688329.0625,688541.1875,688603,688799.0625,688926.625,688079.375,688840.25
688563.6875,688641.125,689062.25,687701.125,692120.625,690896.9375,690105.375,693670.125,684526,696131.3125,693395.75,694417.4375,688586.875,688643.625,688501.5,688318.25,688315.125,688388.1875,688330.9375,688541.1875,688604.625,688801.5,688923.5,688075.6875,688840.0625
688565.5,688639.125,689064.375,687706.125,692119,690897.75,690108,693670.25,684525.875,696130.6875,693396.25,694414.625,688586.125,688641.125,688500.875,688318.75,688312,688389.25,688329.6875,688542.5,688606.5625,688798.6875,688925.375,688078.25,688843.375
688570.375,688644.75,689067,687711.75,692122.375,690896.8125,690114.375,693671.3125,684529.375,696135.125,693401.5,694421.375,688590.75,688649.5,688508.625,688323.875,688316.625,688397.375,688339.875,688549,688613.8125,688804.9375,688933.5,688085.25,688850.0625
688572.25,688649.3125,689073.4375,687724.0625,692130.125,690905.625,690116.375,693674.3125,684537.4375,696139.5,693407.75,694429.0625,688601.8125,688660.375,688522.1875,688330.9375,688329.3125,688405.875,688346.1875,688558.4375,688620.5625,688814.3125,688944.375,688093.375,688858.6875
688585.9375,688659.0625,689081.3125,687725.125,692136.875,690909.9375,690124.875,693683,684549.125,696149.25,693418.8125,694435.6875,688610.0625,688665.9375,688525.5,688340.5,688335.3125,688413.1875,688355.0625,688575,688629.5,688821.1875,688949.6875,688101.1875,688869.625
688596.25,688665.25,689091,687733.125,692147.5625,690920.9375,690134.3125,693694.625,684558.875,696157.875,693424.375,694445,688617.625,688672.8125,688531,688346.875,688341.125,688417.125,688361.1875,688575.0625,688632.4375,688825.875,688953.25,688102.375,688873.4375
688596.25,688668.375,689095.375,687743.125,692152.125,690925.5,690139.4375,693695.3125,684563.75,696160.0625,693429.25,694447.625,688619,688675.0625,688534,688347.8125,688345.3125,688419.0625,688361.625,688575.5625,688635.5,688830.0625,688953.75,688101.5,688871.5625
688591.8125,688671.875,689095,687742.5625,692148.0625,690919.25,690134.0625,693691.625,684562.5625,696155.9375,693421.8125,694441.3125,688606.625,688661.75,688522.625,688336.8125,688328.4375,688404.875,688349.125,688562.125,688617.875,688811.75,688938.125,688086.5625,688860.5
688579.5,688658.5,689079.3125,687730,692122.625,690903.25,690118.875,693674.3125,684544.875,696142.25,693410.625,694425.6875,688590.125,688647.5,688506.125,688321.375,688318.25,688397.125,688336.5625,688549.875,688609.4375,688802.875,688932.1875,688075.375,688848.875
688569.5,688648.75,689069.9375,687729.9375,692105,690892.1875,690112.8125,693668.125,684543.375,696135.0625,693405,694424.6875,688595.25,688652.25,688512.125,688326.5625,688322.375,688398.125,688343.8125,688558.8125,688617.5,688807,688937.375,688084.125,688858
688578.875,688653.6875,689079.3125,687738.8125,692114.5,690899.375,690121.375,693675.9375,684551.5625,696148.8125,693411.3125,694434.9375,688606,688662.75,688521.5625,688336.25,688333.1875,688406.8125,688350.9375,688564.4375,688623.625,688819.0625,688948.125,688090,688865.625
688588.875,688660.5625,689087.75,687745.5625,692123.8125,690907.125,690128.6875,693679.3125,684557.8125,696149.0625,693418.4375,694434.875,688601.9375,688662.25,688522.1875,688332.8125,688329.6875,688409.625,688349.125,688560.9375,688619.5,688813.125,688942.125,688085.25,688862.8125
688586.5,688656.625,689085.0625,687743,692119,690903.625,690122.8125,693679.625,684552.625,696145.0625,693415.125,694431.5625,688599.625,688658.5,688514.125,688326.25,688321.8125,688399.9375,688345.25,688555.0625,688614.4375,688810.625,688936.375,688080.875,688857.125
688581.5,688655,689078.6875,687737.125,692115.6875,690896.1875,690119.3125,693675.375,684553.1875,696142.8125,693411.625,694427.25,688596.8125,688658.75,688516.125,688330.75,688324.375,688403.5,688346.125,688560.5625,688619,688814.375,688938.625,688083.1875,688859.375
688586.25,688659.0625,689080.625,687744.6875,692119.4375,690901.9375,690123.5,693676.5625,684560.875,696146.25,693414.5,694429.25,688601.3125,688658,688518.4375,688331.25,688330.125,688404.375,688347,688558.625,688623.75,688815.25,688939.3125,688080.6875,688862.375
688582.125,688658.125,689080.3125,687744.25,692119.9375,690897.75,690118.625,693677.8125,684558,696142,693410.0625,694428.6875,688594.4375,688653,688509.3125,688326.5625,688319.75,688392.125,688335.6875,688548.125,688610.3125,688802.8125,688929.9375,688070.875,688851.875
688572,688647.625,689072.875,687737.5625,692108.125,690889.3125,690110.5625,693666.3125,684550.625,696135.125,693402.125,694417.625,688585.875,688643.375,688503.625,688318,688313.125,688391.8125,688331.9375,688543.6875,688605.625,688800.125,688927.5,688066,688847.25
688571.625,688644.5,689070.5,687735.6875,692103,690888.375,690111,693665.75,684552.375,696135.125,693402.5,694417.5625,688589.875,688647.875,688505.625,688321,688316.5625,688396.75,688336.25,688549.4375,688610.5,688803.875,688932.75,688071.75,688851.375
688579.75,688646.25,689076.125,687744.125,692110.375,690893.25,690115.0625,693670,684557.25,696141,693408.875,694426.25,688602.8125,688661.1875,688522,688336.75,688329.25,688405.5,688351.5625,688563.875,688624.25,688813,688938.125,688079.25,688861.1875
688584.625,688654.875,689081.8125,687748.1875,692121.5625,690901,690119.25,693673.75,684565.75,696144.75,693413.125,694430.5,688599.6875,688657.1875,688516.625,688331.3125,688325.5,688404.625,688344.875,688558.875,688621.75,688814.875,688940.25,688079,688862.5
688585.5625,688654.3125,689082.625,687747.5625,692120.25,690902.75,690120.625,693677.625,684570.75,696140.9375,693413.1875,694430.875,688597.625,688653.1875,688513.875,688331.125,688325.125,688403.125,688345.0625,688560.9375,688615.625,688812.875,688936.5,688073.4375,688861.75
688587,688653.6875,689078.75,687743.375,692118.875,690900.875,690119.3125,693675.9375,684568.8125,696141.125,693409.3125,694429.9375,688598,688651.875,688513.0625,688324.75,688325.3125,688400.875,688344.75,688558.875,688615.5,688810.6875,688933.75,688071.125,688858.6875
688582.5,688655.75,689079.875,687747.1875,692115.5,690895.9375,690117.25,693671.875,684569.875,696141.875,693407.625,694425,688595.9375,688654.4375,688513.1875,688329.9375,688318.4375,688401.3125,688340.625,688555.6875,688612.4375,688810,688935,688069.9375,688856.9375
688578.0625,688650.5,689076.9375,687747.375,692116.625,690895.3125,690114.125,693669.25,684565.5625,696135.75,693404.9375,694425.875,688598.125,688652.75,688510.25,688327.4375,688322.5625,688399.625,688340.125,688555,688612.1875,688810.375,688937.75,688070.5,688856.875
688581.3125,688653.125,689079.6875,687748.5,692119.5,690897.5625,690114.6875,693673.1875,684570.5,696138.8125,693407.25,694427.75,688599.5,688655.5,688516.625,688327.375,688326,688399.25,688342.75,688556.25,688614.3125,688811.1875,688933.125,688066.75,688858.625
688581.5625,688650.875,689078.4375,687747.5625,692116.9375,690896.8125,690114.375,693669.9375,684569.625,696139.375,693405.6875,694424.5,688593.5,688649.25,688510.625,688328,688317.75,688397.25,688341.375,688553.0625,688613.5,688810.125,688932.5625,688062.625,688853.0625
688574.375,688647.4375,689074,687744.3125,692107.5,690887.375,690106.75,693666.375,684564.5,696128.4375,693399.9375,694417.375,688582.875,688640.0625,688499.75,688312.8125,688307.25,688385.0625,688326.3125,688544.125,688599.3125,688794.875,688920.5,688050.6875,688844.25
688568.125,688638.4375,689064.875,687738.25,692094,690879.75,690098.625,693653.75,684559.875,696122.75,693390.25,694408.875,688579.625,688636.25,688496.5625,688311.375,688303.6875,688383.4375,688322.125,688534.125,688594.5,688793.0625,688915.75,688046,688839.9375
688560.875,688635.125,689059.75,687733.25,692086.5625,690875.25,690095.125,693651,684557.1875,696118.0625,693385.75,694403.5,688576.375,688632.375,688492.125,688303.75,688300.625,688375.6875,688317,688530.375,688588,688784.0625,688912,688039.0625,688831.25
688550.0625,688625,689049,687730.0625,692074.375,690860.375,690084,693640.3125,684545.625,696105.0625,693376.375,694392.25,688561,688612.1875,688474.625,688289.9375,688284.75,688363.25,688303.625,688517.75,688575,688769.375,688894.9375,688023.8125,688819.6875
688539.125,688611.375,689036.75,687717.8125,692054.5,690849.625,690076.5625,693628,684536.375,696094.75,693363.75,694383.6875,688548.8125,688607.625,688466,688282.125,688273.375,688352,688292.625,688505.75,688565.5625,688757,688885.375,688013.125,688806.8125
688523.375,688596.625,689025.125,687705.0625,692034.125,690829.875,690059.875,693615.125,684524.875,696081.125,693350.0625,694366.3125,688530.75,688589,688446.5,688259,688255.3125,688331.5,688275,688485.9375,688550.125,688743.1875,688868.8125,687995.0625,688791.9375
688515.0625,688584.5,689009.75,687693.5,692009.625,690812.5625,690046.1875,693600.6875,684512.375,696065.25,693337.125,694355.9375,688518.125,688573.75,688432.5625,688247.125,688241.375,688321.375,688262.375,688475,688535.25,688730.75,688853.5,687979.875,688778.4375
688501.375,688572.1875,688996.75,687679.4375,691991.125,690798,690035.5625,693587.4375,684502.875,696056.9375,693324.625,694344.25,688519.125,688574.875,688431.375,688244.4375,688240,688313.6875,688256.875,688466.1875,688524.375,688724.0625,688844.375,687971.25,688771.875
688496.625,688558.75,688987.375,687669.3125,691982.4375,690788.375,690023.0625,693579,684496,696045.75,693310.5625,694331.8125,688503.875,688557.125,688417.4375,688227.625,688225.3125,688301.25,688241.5625,688456.8125,688514.6875,688710.875,688834.375,687960.5,688758.25
688481.8125,688551.875,688978.6875,687663.0625,691970.625,690774.75,690013.5,693569.625,684482.4375,696035.5625,693302.8125,694323.5,688488.75,688547.75,688405.9375,688226.375,688217.5625,688293.875,688233.4375,688449.5,688505.125,688703.375,688828.375,687952.125,688752.375
688476.8125,688540.0625,688966.875,687653.625,691962.375,690770.3125,690003,693562.4375,684481.1875,696030.5625,693294.25,694316.25,688485.9375,688543.375,688401.75,688214.375,688210,688283.75,688225.5625,688440.375,688501.8125,688693.1875,688818.375,687940.5625,688745.375
688465.6875,688535.5,688961.3125,687652.25,691959.3125,690768.4375,690003.4375,693563.25,684481.1875,696029.75,693297.4375,694317.5,688486.375,688545.3125,688406,688221.3125,688217,688292.375,688239.4375,688454.375,688516.8125,688708,688839.125,687957.875,688762.875
688494.875,688551.5625,688979.375,687664.875,691989.0625,690786.9375,690016.75,693578.125,684496.75,696036.625,693309.375,694328.5,688498.75,688555.75,688416.125,688231.1875,688228.25,688304.5,688245.625,688456.75,688517.875,688711.125,688834.25,687962.5,688764.0625
688494.6875,688551.3125,688979,687661.5,692000.25,690788.0625,690015.25,693581.1875,684499.25,696037.625,693304.25,694325.625,688495.625,688550.9375,688408.125,688221.375,688218.125,688295.75,688234.125,688448.1875,688505.0625,688700.125,688821.125,687941.625,688751.9375
688468.5,688538.8125,688963.1875,687649.125,691987.375,690772.25,689998.8125,693564,684482.5,696018.4375,693287.625,694306.8125,688473.25,688528,688387.375,688203,688197.375,688271.375,688212.5625,688427.4375,688487.75,688681.5625,688804.6875,687923.875,688732.5625
688458.5,688521,688950,687631.5,691962.4375,690755.0625,689984.0625,693544.6875,684468.625,696005.3125,693273.75,694290.5,688460.875,688515.3125,688377.5,688193.25,688188.75,688261,688204.875,688419.125,688476.8125,688674.3125,688798.625,687920.5625,688724.875
688450.125,688511.9375,688939,687626.75,691946.9375,690743.5,689972,693537.375,684459.5,695993.25,693261.8125,694280.5,688450.0625,688506,688367.75,688181.125,688175.25,688251.3125,688193.375,688404.5,688465.0625,688660.0625,688782.25,687903.0625,688709.625
688429,688497.1875,688921.375,687608.1875,691922.5,690725.75,689954.75,693519.75,684444.9375,695974.0625,693243.125,694258.625,688429.875,688482.5625,688345.25,688160.9375,688152.125,688227.375,688169.6875,688383.25,688440.0625,688634.5,688761.1875,687875,688681.625
688415.9375,688472,688899.25,687589.25,691888.5,690700.3125,689935.5625,693499.25,684425.125,695953.125,693221.375,694241.3125,688407.625,688463.1875,688321.1875,688136.3125,688130.5625,688207.5,688147.625,688360.25,688423.625,688617.5,688740.5625,687856.9375,688668.0625
688394.9375,688455.5625,688886.125,687567,691864.3125,690681,689916.5625,693482.1875,684410.125,695940.125,693204.0625,694225.9375,688394.375,688449.6875,688310.125,688125.0625,688117.75,688197.25,688137.8125,688351.25,688412.625,688608.1875,688730.375,687851.25,688662.25
688392.1875,688447.625,688874.6875,687565.0625,691855.5625,690672.1875,689910.5625,693477.4375,684407.75,695933.8125,693201.5,694222,688392.1875,688448.5,688308.6875,688119.75,688118.25,688193.8125,688137.1875,688353.25,688409.875,688609.75,688729.75,687847.125,688656.375
688391.75,688445.3125,688875,687569.875,691867.1875,690674.625,689914.3125,693475.625,684413.0625,695937.625,693204.25,694225.5625,688399.0625,688457.1875,688316.25,688127,688126.25,688201.1875,688139.75,688356.1875,688414.5,688613.1875,688734.75,687853.0625,688662.8125
688398.1875,688455.375,688877.125,687573.125,691886.625,690682.4375,689916.8125,693486.5,684421.9375,695942.1875,693205.3125,694227.5625,688405.5,688460.6875,688322.75,688134.125,688127.4375,688205.6875,688149.3125,688363.6875,688421.875,688619.9375,688740.375,687856.125,688670.0625
688400.6875,688459.4375,688885.25,687578.1875,691899.625,690694,689920.75,693491.875,684428.625,695943.5,693207.1875,694228.1875,688401.9375,688461.625,688317.1875,688132,688125.25,688203.625,688145.9375,688357.5,688416.8125,688610.5625,688736.875,687848.875,688663.1875
688399,688451.125,688875.625,687572.25,691902,690688.375,689913.8125,693487.1875,684424.125,695937.75,693203.4375,694222.25,688392.1875,688448.8125,688307,688122.1875,688119.375,688195.75,688136.125,688350.875,688411.9375,688606.5625,688732.625,687842.125,688658
688394.9375,688443.4375,688875.6875,687571.5625,691899.6875,690686.5,689910.25,693482.5625,684421.125,695934,693198.1875,694217.375,688391.5625,688448.6875,688307.5,688123.0625,688119.25,688195.625,688139.0625,688350.0625,688412.125,688605.0625,688728,687840.625,688654.625
688393.75,688444.4375,688871.75,687566.8125,691902,690688.75,689909.4375,693483.75,684416.625,695931.5625,693196.1875,694215.5625,688386.25,688445.375,688305.9375,688120,688110.3125,688191.5625,688131,688343.75,688401.375,688601,688722.75,687832.25,688648.75
688391.1875,688436.1875,688867.1875,687562.5625,691897.625,690677.875,689903.375,693475.375,684417.875,695926.1875,693190.9375,694210,688379.75,688432.75,688291.3125,688107.375,688104.0625,688181.9375,688121.5625,688336.1875,688391,688593.875,688712.875,687825.25,688637.75
688369.75,688427.1875,688852.875,687557,691883,690667.5,689889.9375,693463.6875,684405.875,695911.8125,693176.5625,694193.8125,688363.6875,688418.125,688279.875,688090.875,688083.5,688164.6875,688107.375,688320.5625,688377.625,688574.25,688698.4375,687809.25,688623.875
688361.5625,688409.375,688840.3125,687541.125,691860.375,690652.125,689875.625,693449.125,684393.6875,695896,693161.625,694180.9375,688348,688409.625,688269,688078.875,688076.5625,688152.1875,688094.875,688306.375,688368.6875,688565,688689.75,687796.5625,688614.75
688351.625,688398.875,688832.375,687533.375,691847.625,690637.4375,689868.375,693443.125,684388.0625,695888.1875,693158.125,694171.1875,688342.25,688400.625,688259.6875,688073.0625,688069.875,688145.5625,688084.125,688295.3125,688357.125,688554.9375,688677.1875,687784.0625,688606.625
688338.375,688393.0625,688820.625,687527.625,691833.25,690625.75,689853.5,693429.625,684377.75,695877.5625,693144.3125,694160.0625,688327.25,688385.75,688245.9375,688055.625,688054.5,688128.875,688071.125,688284.5,688342.5625,688539.875,688660.5,687767.125,688588.625
688321.5,688374,688802.4375,687508,691812.8125,690604.4375,689837.5625,693416.25,684358.625,695857.625,693122.375,694142.875,688308.0625,688368.75,688225.0625,688039.9375,688041,688115.375,688054.3125,688271.75,688330.0625,688524.6875,688645.9375,687752.25,688578.375
688306.5625,688363.125,688791.125,687496.8125,691797.4375,690593.1875,689827.8125,693403.875,684348.4375,695848.25,693116.5,694132.125,688304.0625,688359.9375,688219.375,688035.9375,688031.3125,688108.75,688051.1875,688263.8125,688326.375,688524.0625,688645.9375,687750.875,688570.0625
688309.9375,688353.0625,688789.5,687495.3125,691793,690591.75,689824.125,693403.25,684350.375,695847.5625,693111.875,694132.125,688298.875,688353.875,688217,688029.25,688026.875,688100.125,688042.4375,688254.6875,688316.1875,688511.5625,688635.3125,687739.25,688561.5
688298.0625,688346.375,688778.75,687482.75,691785.375,690584.9375,689813.75,693390.9375,684343.5,695836.75,693098.8125,694120.375,688294.5,688350.9375,688210.5,688027.4375,688021,688101,688042.875,688253.5,688313.8125,688509.25,688632.8125,687736.875,688561.3125
688293.125,688345.6875,688776.1875,687483,691790.875,690581.625,689807.625,693388.6875,684339.5,695832.8125,693096.1875,694114.25,688287.875,688345.5625,688208.375,688017.5625,688018.375,688089.5,688030.0625,688245.75,688302.375,688499.25,688623.125,687719.875,688549.3125
688279.5,688332.125,688761.5625,687469.75,691778.5,690570,689796.8125,693377.1875,684331.375,695819.4375,693084.25,694104.75,688273.875,688329.75,688192.375,688003.8125,687999.75,688076.9375,688017,688233.6875,688290.125,688489.4375,688612.75,687712,688541.25
688280.75,688326.5,688756.1875,687467.625,691769.5,690562.5,689788.6875,693371.625,684323.625,695815.125,693075.0625,694091.375,688262.875,688320.125,688182.375,687993.5,687989.3125,688066.5625,688008.6875,688220.375,688280.0625,688480.6875,688602.75,687699.6875,688530.25
688268.6875,688309.125,688744.4375,687454.875,691757.125,690547.625,689777.5625,693361.9375,684315.25,695801.375,693062.625,694086.9375,688255.75,688312.1875,688175.6875,687989.3125,687984.625,688058.6875,688002.25,688216.3125,688272,688473,688597.375,687694.125,688526.75
688261.875,688304.875,688741.75,687448.4375,691754.375,690543.125,689771.9375,693358.1875,684313.125,695795.6875,693061.875,694080.25,688252.625,688308.1875,688172.375,687984.625,687979.6875,688053.0625,687998.625,688215.125,688274.25,688469.6875,688589.6875,687690.375,688520.375
688262.5,688302.875,688734.5,687449.625,691752.8125,690541.25,689765.6875,693355.25,684309.875,695788.875,693055.6875,694073.1875,688244.875,688300.0625,688160.3125,687974.875,687967.375,688044.375,687986.375,688200.6875,688258.25,688455.125,688578.8125,687677.875,688508.75
688245.375,688288.375,688725,687435.625,691743.1875,690529.3125,689754.3125,693341.5625,684297.375,695777.625,693041.5,694059,688232,688289.375,688150.125,687962.4375,687957.875,688033.125,687973.125,688188.8125,688248.625,688443.875,688565.375,687663.5,688498.375
688234.375,688277.25,688709.75,687422.875,691725.6875,690517.5625,689740.625,693329.625,684286.1875,695768.375,693029.9375,694049.625,688218.875,688275.25,688134.3125,687948.875,687943.125,688019.3125,687962.875,688176.5625,688234.4375,688434.6875,688553.75,687650.9375,688486.625
688223.75,688269.4375,688701,687416.25,691714.25,690505.25,689732.75,693320.5625,684284,695756.875,693021.8125,694040.6875,688211.875,688266.375,688127.375,687943.8125,687938.875,688012.1875,687956.375,688170.375,688231.5,688426.9375,688548.875,687643.25,688477.75
688216.3125,688263.625,688697.125,687407.25,691711.9375,690500.875,689725.0625,693313.125,684278.0625,695751.1875,693016,694028.125,688203.25,688256.375,688117.5625,687932.875,687927.625,688004.4375,687948.875,688160.375,688218.0625,688418.625,688538.4375,687632.5,688468.625
688210,688249.3125,688685.375,687403.875,691701.5625,690494.0625,689718.375,693305.125,684272.4375,695745.0625,693007.25,694025.9375,688200.75,688257.625,688117.8125,687932.625,687926.9375,688006.5625,687947.4375,688161.9375,688222.75,688420.5625,688546.75,687638,688475.5
688219.875,688256.3125,688689.0625,687407.875,691713.75,690497.5,689721.1875,693313.875,684284.125,695744.9375,693011.8125,694027.75,688208.1875,688262.875,688118.8125,687935.5,687928.6875,688003.75,687947.4375,688161.375,688217,688417.8125,688536,687632.5625,688471.9375
688214.9375,688253,688685.5,687403.5,691716,690497.5625,689718.125,693309.6875,684278,695743.8125,693004.5,694024.375,688203.25,688255.5,688118.0625,687933.375,687924.0625,688003.625,687944.875,688156.8125,688213.1875,688413,688536.625,687631.875,688469
688213.375,688250.25,688682.25,687398.375,691717.375,690491.25,689713.8125,693309.875,684278.5,695739.125,693005.125,694022.5,688199.9375,688254.375,688112.1875,687931.125,687923.875,688003.0625,687942.625,688156.5,688215.125,688411.375,688536.5,687631.1875,688468.0625
688215.9375,688251.875,688686.8125,687402,691724.625,690498,689719.6875,693313.125,684282.25,695742.25,693006.375,694026.375,688208.75,688261.25,688120.25,687936.8125,687926.3125,688008.0625,687950.125,688161.5625,688221.75,688418.75,688542.375,687632.8125,688472.5
688222,688255.375,688687.1875,687406.375,691733.4375,690500.5625,689718.4375,693315,684284.75,695742.5625,693006.875,694024.375,688205.75,688259.125,688116.8125,687933.375,687928.1875,688003.875,687948.25,688162.25,688218.5,688420.6875,688544.5,687630.6875,688476.625
688227.4375,688259.25,688689.9375,687410.9375,691742.8125,690508.6875,689724.375,693318.625,684292.5,695747.8125,693012.5625,694032.25,688212.125,688263,688119.875,687937.4375,687934,688010.625,687953.125,688170.125,688224.25,688426.125,688547.5625,687636.75,688476.875
688229.3125,688258.0625,688691.25,687409.375,691749.6875,690510,689725.375,693319.25,684297,695749.25,693011.9375,694028.875,688208.625,688259.3125,688120.875,687934.625,687928.375,688005.0625,687947.75,688161.25,688222.25,688416,688536.125,687625.3125,688469
688218.0625,688252.5625,688683.6875,687405.9375,691737,690497.5625,689715.5625,693314.0625,684288.375,695739.6875,692999.375,694018.6875,688191.5,688241.75,688102.625,687919.3125,687908.6875,687988.875,687929,688139.375,688197.625,688402,688517.125,687605.25,688451.75
688199.25,688233.75,688663.125,687388.125,691707.4375,690477.5625,689695.6875,693290,684269.3125,695718.8125,692980.375,693997.25,688172.4375,688224.3125,688078.6875,687893.0625,687888.625,687967.25,687909.4375,688122.625,688179.3125,688378.75,688498.4375,687585.6875,688431.1875
688176.1875,688215.875,688644,687368.875,691672.5,690453.0625,689675.6875,693269.75,684251.125,695701.375,692966.1875,693981.1875,688154.6875,688208.875,688066.25,687881.125,687873.625,687951,687894.625,688106.375,688166.25,688364,688486.1875,687571.5625,688419.0625
688164,688197.5625,688629.0625,687353.5,691647.625,690436.5,689664,693260.5625,684237.75,695686.9375,692950.625,693966,688140.0625,688195.375,688052.875,687866.25,687860.625,687938,687880.3125,688095,688152.5625,688354.5,688471.875,687558.625,688407.4375
688154.0625,688189.875,688618.6875,687348,691632.75,690422.8125,689652.1875,693244.0625,684229.375,695676.625,692943.875,693956.625,688135.9375,688187,688046.9375,687859.875,687854.875,687930,687874.4375,688086.375,688145.3125,688344,688465,687550.875,688396.75
688147.875,688179.75,688611.9375,687339.625,691623.1875,690413.6875,689642.5625,693237.75,684221.5,695667.375,692927.8125,693945.3125,688125.375,688179,688037.8125,687851,687843.25,687919.4375,687862.625,688078.0625,688139.625,688337.25,688458,687542,688390.6875
688139.3125,688172.375,688602.1875,687331.75,691616.125,690404.875,689633.6875,693231.5,684212.875,695661.8125,692920.375,693937.75,688118.1875,688171.5625,688029.375,687842.125,687841.75,687914.6875,687857.75,688069.5,688130.6875,688331.75,688449.625,687534.25,688383.25
688135.625,688165.9375,688600.5,687327.1875,691616.8125,690406.25,689632.75,693230.5,684217.25,695657.125,692918.5,693937,688116.5,688172.5,688026.5625,687844.4375,687839.375,687915.9375,687856,688070.625,688132,688334.3125,688450,687532.5,688385.5
688134.625,688165.5,688599.875,687330.3125,691623.1875,690403.8125,689629.75,693230,684216.9375,695657,692919.875,693936.125,688117.375,688167.625,688025.9375,687843.75,687838.625,687912.4375,687852.8125,688069.875,688124.125,688324.875,688444.3125,687527.25,688379.75
688136.75,688157.5625,688593.125,687319.75,691618.4375,690398,689620.5625,693222,684216.375,695647.375,692908.125,693925.125,688100.6875,688154.6875,688015,687828.125,687822.375,687897.125,687843.0625,688055.25,688113.5,688314.6875,688436.9375,687512.375,688368.6875
688116.9375,688149.9375,688586.625,687314.9375,691608.0625,690388.75,689610.25,693212.75,684208.1875,695634.3125,692899.4375,693918.75,688092.4375,688143,688000.6875,687813.75,687814.125,687889.6875,687830.125,688044.5,688103.1875,688304,688424.625,687504.4375,688355.25
688111.9375,688136.375,688568.875,687306.8125,691593.625,690374.5,689601.1875,693201,684197.75,695624.75,692884.6875,693906.125,688083.4375,688134.625,687990.6875,687810.6875,687804.6875,687877.75,687822,688037.375,688093.375,688293.375,688413.375,687495.3125,688348.5
688099.3125,688131,688561.875,687297.5,691586.125,690365.6875,689594.5,693192.625,684189.75,695616.75,692880.6875,693898.25,688078.6875,688128.5,687987.25,687802.8125,687799.6875,687874.6875,687812.5625,688030.375,688086.25,688284.9375,688405.75,687484.25,688339.3125
688094.375,688117.75,688554.6875,687293.6875,691576.5,690360.6875,689582,693184.75,684180.0625,695609.9375,692869.5,693890.375,688067.5625,688119.375,687980.375,687793.875,687795.5625,687866.5,687806.875,688021.3125,688080.25,688282,688396.875,687477.875,688335.5
688089.625,688115.9375,688547.5625,687284.875,691577.8125,690351.5,689578.25,693181.75,684179.625,695602,692862.1875,693881.3125,688061.3125,688112,687974.25,687785.625,687785.375,687855.0625,687798.1875,688015.75,688074.0625,688274.6875,688392.8125,687471.125,688328.1875
688085.5625,688108.75,688542.5625,687282,691569.625,690344.125,689570.6875,693176.3125,684176.5625,695599.75,692855.875,693876.1875,688058.125,688102.875,687963.75,687779.4375,687773.0625,687848.6875,687789.125,688002.8125,688060.875,688263.625,688382.25,687456.375,688316.5
688070.875,688094.625,688524.6875,687263.4375,691553.875,690332.625,689558.375,693157.5625,684162,695579.9375,692840.25,693857.5,688034.4375,688086.375,687948.6875,687762.5,687754.75,687831.375,687769.625,687985.875,688038.6875,688245.5,688361.875,687440.9375,688299.5
688059.9375,688077.1875,688511.75,687244.6875,691523.0625,690311.625,689533.125,693142.625,684143.125,695558.0625,692815.6875,693835.9375,688013.1875,688064.75,687922,687736.3125,687729.4375,687805.875,687745,687958.4375,688013.375,688215.625,688337.625,687408.6875,688271.3125
688037.125,688049.75,688482.625,687223.375,691482,690278.8125,689510.0625,693117.875,684118.8125,695535.0625,692794.0625,693810.25,687989,688036.3125,687898.375,687715.3125,687704.3125,687779.375,687723.25,687938.125,687992.4375,688192.4375,688315.5,687385.0625,688250.375
687995.125,688025.5,688465.875,687199.6875,691449.9375,690257.875,689491.25,693096.75,684099.625,695517.1875,692776.5625,693792.25,687975.9375,688024.875,687887.8125,687698,687692.8125,687771.375,687714.6875,687928.75,687985.9375,688186.25,688306.625,687377.1875,688243.0625
687997.1875,688022.5625,688458.625,687200,691447.625,690253.25,689482.25,693094.75,684099.625,695514.625,692773.875,693788.4375,687976.8125,688024.625,687884.9375,687703.0625,687697.75,687771.125,687715.125,687930.75,687986.3125,688191.25,688311.9375,687379.75,688246.625
688001.375,688024.25,688459.625,687201.125,691461.5,690260.5,689487.75,693099.9375,684107.8125,695518.375,692778.25,693794.375,687986.625,688034,687895.0625,687713.4375,687704.4375,687780.6875,687722.5,687939.875,687997.75,688197.875,688318,687387.5,688255.6875
688016.125,688033.75,688469.75,687207.125,691487.875,690276.8125,689500.3125,693113.6875,684122.125,695525.3125,692787.8125,693807.25,687992.625,688042.625,687904.875,687718.5,687713.375,687793.125,687733.0625,687949.6875,688006.625,688207.25,688327.4375,687396.8125,688264.3125
688020.625,688044.4375,688475.875,687217.375,691511.9375,690285.5625,689505.3125,693121.75,684132.1875,695535,692794.75,693812.1875,688004,688055.0625,687914.4375,687725.3125,687722.1875,687797.5625,687740.875,687957.5,688015,688213.875,688334.3125,687402.5625,688273.125
688027.1875,688051.625,688483.625,687221.8125,691533.75,690302.75,689514.6875,693133,684145,695543.25,692801.1875,693819.375,688005.3125,688052.875,687913.6875,687730,687721.1875,687802,687742,687957.125,688012.25,688214.5,688334.5,687402.4375,688272.1875
688030.125,688046.875,688478.25,687218.8125,691531.75,690295.75,689508.0625,693128.8125,684139.75,695536.625,692795,693812.875,688001.75,688047.875,687908.8125,687723.1875,687715.625,687792.125,687735.3125,687949.4375,688007,688208.75,688324.25,687393.1875,688262.875
688016.25,688042.625,688473.4375,687214.5,691529.75,690291.625,689502.625,693123.75,684134.25,695531.125,692791.25,693807,687994.4375,688043.0625,687904,687717.75,687710.875,687790.6875,687731.9375,687945.0625,688002.625,688206.5,688323.4375,687392,688260.375
688019.125,688039.6875,688474.125,687218,691527.4375,690291.125,689504.3125,693126.5625,684134.875,695531.5,692792.5,693806.25,687997.5,688041.125,687902.5625,687719.875,687713.0625,687794.0625,687731.75,687945.875,688007.4375,688206.375,688323.875,687387.625,688260.625
688014.3125,688038.6875,688476.25,687221.375,691530.5,690292.625,689503.75,693124.625,684142.375,695532.4375,692789.625,693807.4375,687996.75,688046.25,687902.5,687722.8125,687715.9375,687794.875,687735.5625,687953,688010.125,688214.9375,688329.4375,687395.9375,688273.375
688031.625,688047.625,688480.625,687228.4375,691546.5625,690301.75,689515,693133.1875,684147.8125,695540.6875,692804.5,693819.4375,688011,688057.1875,687918.6875,687734.5,687728.75,687806.5625,687747,687961.625,688023.1875,688222.875,688343.625,687407.375,688281.8125
688043.375,688057.875,688490.5,687236,691560.6875,690313.5,689521,693137.875,684162,695550.0625,692810.5625,693824.6875,688013.6875,688064,687923.0625,687739.0625,687729.6875,687807.5,687746.625,687961.9375,688026.8125,688226.625,688342.8125,687404.5,688283.1875
688046.9375,688061.5,688492.1875,687236.375,691562.5625,690313.8125,689520.3125,693142.1875,684162.4375,695549,692806.1875,693823.1875,688011.375,688058.125,687917.875,687732.875,687725.125,687804.3125,687746.9375,687959,688020.3125,688220.75,688338.25,687401.875,688277.5
688038.75,688052.1875,688488.1875,687230.75,691558,690315.9375,689517.5,693139.25,684162.625,695547.625,692803.6875,693818.75,688008.25,688055,687917,687726.375,687722.4375,687801.3125,687743.8125,687953.625,688012.625,688218.0625,688335.5625,687392.5,688270.625
688031.5,688048.4375,688481.625,687230.3125,691549.625,690298.4375,689508.75,693132.625,684153.4375,695541.125,692797.125,693814.625,687998.6875,688043.6875,687904.3125,687721.1875,687712.5625,687790.6875,687728.375,687943.0625,688006.1875,688205.5,688324.375,687383.4375,688258.6875
688020.0625,688037,688470.9375,687218.625,691528.5,690290.5,689496.875,693116.75,684144,695524.75,692785.9375,693798.625,687986.75,688030.625,687890.25,687705.6875,687699.875,687776.875,687720.875,687935.75,687992.25,688196.125,688311.75,687369.5,688250.375
688013.75,688025.125,688457.8125,687213.6875,691507.25,690270.9375,689487.625,693104.625,684134.125,695515.0625,692773.75,693791.5625,687978.875,688026.9375,687886.3125,687700.6875,687693.1875,687770.625,687714.3125,687926.125,687987.375,688189.9375,688306,687362.1875,688244.4375
688005.875,688020,688457.75,687207,691495.6875,690266.875,689482.4375,693101.3125,684128.375,695513.1875,692766.375,693784.75,687973.5,688024,687881.9375,687695.375,687689.125,687768.5,687708.0625,687923.4375,687982.5,688185.75,688304.6875,687359.9375,688241.25
687998.8125,688019.0625,688455.5625,687202.875,691493.25,690260.375,689479.5,693097.75,684126.75,695507.5625,692764.0625,693782.1875,687970.25,688014.75,687876.25,687688.4375,687683.75,687761,687700.375,687912.4375,687972.5,688175.5,688291.75,687350.0625,688229.9375
687993.75,688003.0625,688442.25,687195.0625,691478.1875,690247.4375,689467.4375,693087.4375,684114.25,695496.3125,692753.75,693767.5625,687956.8125,688001.875,687862.1875,687677.1875,687669.3125,687747.1875,687686.5625,687902.1875,687962.1875,688162,688278.375,687335.5625,688216
687975,687990.3125,688424.3125,687184.3125,691456.8125,690233.625,689451.75,693068.875,684102,695479.3125,692735.5625,693754.5,687938.625,687980.25,687840.5,687655.375,687649.3125,687725.75,687663.8125,687880.25,687936.125,688141.375,688253,687310.875,688191.5625
687948.6875,687970.625,688405.9375,687160.625,691419.625,690205.5625,689429,693042.8125,684078.6875,695456.375,692714.875,693729.3125,687916.3125,687960.0625,687817.1875,687634,687628.8125,687702.5625,687644.0625,687860.75,687917.75,688120.75,688235.3125,687290.5625,688176.625
687935.9375,687948.4375,688387.25,687144.625,691388,690183.6875,689411.8125,693029.4375,684062.75,695442.625,692702.25,693715.6875,687903.375,687945.9375,687808.125,687625.0625,687619.4375,687691.875,687635.375,687853.25,687908,688115,688233.0625,687282.75,688169.25
687930.375,687942.1875,688382.8125,687135.625,691381.75,690175.9375,689407.25,693022.375,684063,695435.6875,692692.4375,693706.8125,687900.5,687944.875,687804.4375,687614.5,687612.5,687688.875,687631.875,687846.8125,687900.9375,688108.4375,688220.5625,687276.625,688163.0625
687920.9375,687938.1875,688370.6875,687134.375,691377.75,690168.1875,689400.9375,693017.875,684055.75,695427.125,692688.0625,693702.4375,687897.25,687940.3125,687801.75,687614.375,687610.6875,687687.125,687632.5625,687844.875,687903.125,688110.5,688223.875,687276.875,688164.875
687928.75,687937.1875,688377.5,687136.3125,691390.5,690176.25,689403.8125,693024.9375,684063.4375,695433.1875,692691.3125,693708.4375,687903.875,687949.0625,687804.6875,687619.75,687619.25,687693.375,687634.3125,687851,687907.125,688112.5,688226.375,687279,688166.8125
687932.1875,687939.75,688376.125,687132.4375,691402,690179.9375,689403.0625,693022.5625,684069.25,695432.625,692689.125,693708.125,687902.5,687939.3125,687803.375,687617.8125,687613.8125,687690,687626.75,687841.9375,687901.625,688107.875,688221.3125,687271.5625,688161.8125
687923.4375,687932,688369.25,687130.75,691400,690175.3125,689395.25,693018.5,684062.8125,695424.75,692685.75,693699.75,687896.75,687935.75,687794.75,687607.4375,687600.6875,687683.75,687621.125,687838,687893.75,688101.3125,688217.1875,687263.125,688153.1875
687922.8125,687926.9375,688365.875,687130.75,691398.625,690170.5625,689393.875,693015.25,684064.375,695419.625,692680.625,693695.5,687891.9375,687932.8125,687795.875,687609.125,687602.5,687681.875,687621.1875,687835.3125,687893.4375,688101.5625,688218.0625,687264.875,688156.375
687919.875,687928.25,688365.5,687129.125,691402.5625,690173.1875,689391.1875,693013.0625,684064.5,695422.875,692678.875,693696.375,687889.6875,687928.4375,687792.5625,687605.25,687598.25,687672.125,687617.25,687831.125,687889.75,688093,688208.25,687253.5,688146.375
687898.0625,687920.9375,688360.25,687123.6875,691397.25,690163.125,689380.75,693004.375,684052.5625,695411.5625,692663.25,693682.5,687874.6875,687915.5,687778.375,687589.5,687588.0625,687659.75,687602.375,687820.9375,687877.25,688082.1875,688193.625,687242.4375,688137.25
687905.5625,687909.75,688345.75,687112.375,691382.875,690154.875,689369.25,692997.375,684044.3125,695398.375,692658.75,693674.375,687873.5,687914,687774.625,687584.3125,687584,687658.6875,687600.25,687814.875,687872.8125,688078.875,688195.5625,687237.875,688132.5625
687899.375,687905.625,688341.8125,687113.4375,691378.125,690148.5,689365,692995.3125,684040.25,695397.5,692650.0625,693671.5625,687862.375,687898.5,687759.375,687575.3125,687565,687644.5,687583.5,687804.5,687854.625,688065.5625,688176.5625,687220.125,688115.75
687878.875,687884.4375,688325.6875,687092,691355.625,690130.375,689346.375,692975.75,684028,695380.5,692633.25,693648.875,687841.1875,687881.875,687743.375,687558.4375,687550.25,687625.625,687570.125,687784.25,687838,688046.375,688158.5,687205.125,688102.1875
687860.5,687872.5625,688312.5,687083.0625,691333.8125,690114.6875,689336.625,692964,684016.625,695367.375,692624.75,693640.0625,687838.0625,687882,687738.625,687552.1875,687548.625,687627.375,687565.75,687784.5,687839.6875,688046.5625,688159,687199.6875,688099.5
687871.1875,687870.5,688309.375,687076.5,691333.0625,690110.75,689331.5,692962,684016.8125,695362.5625,692615.375,693633.875,687829.4375,687867.625,687729.5,687539.9375,687536.1875,687610.25,687553.1875,687767.5625,687823.8125,688028.8125,688144.3125,687184.5,688083.25
687840.9375,687853.8125,688288,687060.875,691307.5,690091.25,689314.0625,692941.125,683996.75,695340.0625,692596.375,693614.9375,687806.125,687842.8125,687706.1875,687516.75,687513.25,687588.375,687529,687747.125,687802.75,688007.5625,688122.1875,687164.9375,688064
687828.375,687832.5,688268.4375,687039.375,691278.75,690067.25,689292.625,692923.875,683980,695325.5625,692576.75,693595.625,687792.1875,687830.25,687691.5625,687503.5,687501.5,687576.75,687517.375,687734.0625,687793.875,687997.5,688114.375,687152.125,688056.5625
687821.125,687825.5625,688262.375,687034.375,691271.8125,690063.1875,689288,692918.625,683978.4375,695319.5,692575.9375,693590.5625,687789.4375,687828.375,687688.375,687501.8125,687497.5625,687571.875,687514,687729.5,687786.625,687993.0625,688103.75,687147.25,688047.625
687822,687819.375,688254.9375,687024.4375,691268.25,690052.5625,689276.3125,692908.6875,683968.75,695308.6875,692564.25,693583.375,687773.8125,687813.6875,687673.75,687488.75,687483,687562.8125,687502.125,687720,687775.3125,687983.125,688092.625,687130.875,688036.8125
687804.25,687806.8125,688246.5625,687021.75,691260.375,690046,689272.5625,692908.25,683966.9375,695309,692561.375,693578.5,687780.3125,687818.875,687676.75,687492.8125,687486.5625,687566.8125,687506.5,687718.875,687781.375,687985.375,688098.1875,687139.125,688040.5625
687809.875,687813.0625,688250,687022.125,691277.5625,690051.9375,689277.625,692913.8125,683977,695310,692563.75,693581.375,687786.9375,687820.6875,687683.5,687499.25,687493.4375,687570.125,687507,687722.375,687783.375,687992.1875,688103.1875,687138.875,688047.8125
687811.3125,687815.625,688253.5,687025,691289.4375,690059.375,689281.5625,692916.9375,683977.375,695310.625,692564.0625,693583.125,687781.25,687819.75,687681.25,687495.0625,687493.375,687566.3125,687506.375,687721.75,687779.75,687985.875,688100.9375,687137.25,688041.875
687801.875,687809.3125,688246.375,687021.25,691287.5625,690055.9375,689272.5625,692911.3125,683975.125,695304.5,692557.875,693571.75,687770.0625,687805.75,687672.375,687481.8125,687479.6875,687553.6875,687495.6875,687708.75,687769.875,687974.6875,688091.9375,687125,688032
687800.5,687799.75,688238.125,687018.75,691284.3125,690047.25,689263.5,692899.25,683967.875,695296.75,692547.875,693568.125,687763.875,687800.0625,687662.5625,687474.5,687468.875,687545.3125,687485,687703.1875,687759.3125,687963.1875,688077.4375,687113.25,688021.5
687786.625,687788.125,688228.375,687006.5,691264.0625,690034.125,689253.4375,692891.5,683955.9375,695279.125,692532.8125,693553.1875,687746.1875,687782,687644.25,687458.0625,687455.5625,687527.875,687469.25,687682.375,687739.0625,687946.9375,688060.5,687096.9375,688003.4375
687776.1875,687771.375,688207.625,686986.9375,691238.6875,690012.8125,689233.25,692869.125,683936.1875,695263.8125,692517.4375,693530.3125,687728.25,687767.75,687626,687441.375,687437.4375,687513.125,687453.8125,687666.625,687725.0625,687930.625,688043.125,687081.5,687989.9375
687762.375,687756.625,688196.75,686971.9375,691220.0625,689995.5,689218.8125,692859.75,683925.375,695250,692505.25,693519,687720.75,687757,687620,687429.875,687429.4375,687508.1875,687447.1875,687664.625,687717.5,687930.25,688039.875,687072.625,687984.4375
687755.375,687750.0625,688190,686971.8125,691211.375,689994.125,689215.75,692854,683929.875,695247.8125,692501.75,693517.1875,687720.9375,687758.6875,687619.5,687436.625,687430.125,687502,687443.375,687659.5,687717.4375,687926.5625,688040.3125,687073.8125,687985.875
687754.625,687750.5625,688191.375,686972,691217.875,689991.875,689216.875,692856.625,683929.625,695248.625,692502.5625,693520.75,687723.8125,687759.125,687620.0625,687432.4375,687429.375,687506.1875,687448.6875,687665,687721.75,687928.75,688039.75,687072.5,687985.75
687751.75,687751.5,688190,686975.6875,691227.75,689996.125,689213.6875,692860.25,683933.625,695248.0625,692501,693520.0625,687722.5625,687759.3125,687620.0625,687432.375,687428.125,687506.125,687448.1875,687662.75,687721.375,687928.8125,688040.625,687071.625,687984.625
687766.75,687754.25,688194,686976,691237.5625,690000.25,689219.75,692865.875,683940.125,695251.75,692504.4375,693523.5,687728.375,687759.625,687624.3125,687436.25,687435,687507.1875,687447.8125,687659.75,687722,687923.0625,688037.625,687069.625,687979.9375
687758,687749.5,688191.875,686970.5,691240.875,689999.6875,689212.4375,692862.125,683934.25,695243.75,692497,693514.9375,687712,687749.0625,687609.9375,687423.0625,687418.25,687493.75,687433.25,687650.0625,687710.125,687913,688028.4375,687056,687972.125
687744.6875,687741,688176.25,686962.625,691226.9375,689988.5,689202.125,692847.8125,683926.3125,695236.5,692489,693504.9375,687709.6875,687743.5,687604.75,687421.5,687418.4375,687488.875,687434.25,687651.9375,687706.875,687913.25,688025.25,687055.9375,687972.625
687746.5,687739.4375,688179.5,686961.875,691226.8125,689986.8125,689198.25,692843.75,683926.875,695229.4375,692486.5,693499.25,687707.8125,687739.875,687599.0625,687414.75,687409.75,687486.5625,687428.4375,687639.3125,687702.5625,687907.875,688017.5625,687047.4375,687967.25
687735.25,687732.8125,688173.8125,686960.3125,691222.875,689982.5,689197.125,692845.875,683922.875,695228.5,692479.625,693498,687705.6875,687739.375,687601.875,687416.875,687413.125,687489.3125,687429.75,687644.3125,687700.375,687908.1875,688017.8125,687044.9375,687964.375
687739.5,687730.5625,688173.5,686959.3125,691220,689980.5625,689195.25,692841.75,683923.8125,695223.125,692477.125,693497.625,687694.9375,687728.8125,687589.4375,687403.5,687401.25,687474.75,687416,687628.0625,687687.25,687893.875,688006.875,687031.75,687953.375
687734.4375,687721.125,688160.875,686948.5,691206.5,689972.5625,689182.625,692828.0625,683914.875,695212.8125,692468.4375,693483.625,687691.875,687724.625,687585.6875,687402.8125,687395.5625,687471.8125,687411.3125,687629.625,687681.9375,687893.75,688005.125,687029.6875,687951
687726.375,687714.875,688156.375,686948.625,691206.5625,689964.75,689181.625,692829.6875,683911.75,695209.4375,692462.1875,693483.75,687685.125,687718,687579.875,687395.5,687390.5625,687465.9375,687406.125,687618.1875,687678.5,687889.875,687998.875,687024.25,687946.1875
687717.375,687709.4375,688150.125,686941.3125,691201.875,689960.125,689174.625,692823.0625,683905.375,695205,692455.5,693475.625,687678.875,687710.75,687571.875,687388.625,687383.125,687460.25,687401.8125,687617.625,687677.125,687886.5625,687995.0625,687015.625,687939.0625
687709.5,687705.6875,688149.875,686936.375,691198.625,689960.875,689171.5,692823.4375,683908.5,695205.75,692455.875,693475.875,687680.25,687715.625,687573.625,687389.125,687382.125,687460.5,687403.125,687615.625,687675.625,687883.0625,687992.375,687013.625,687939.4375
687714.0625,687704.0625,688144.125,686935.125,691198.8125,689956.1875,689168.1875,692821.375,683908.875,695198.4375,692451.75,693471,687674.625,687709.9375,687572.375,687384.125,687383.1875,687456.125,687399.4375,687612.5625,687674.9375,687880.875,687993,687011.25,687937.875
687710.75,687705,688141.875,686936.75,691198.625,689951.3125,689164.9375,692817.625,683902.1875,695197.25,692446.8125,693465.875,687669.0625,687699.0625,687559,687376.375,687371.5,687447.1875,687386,687602.625,687660,687868.1875,687976.75,686994.6875,687923.125
687686.75,687688.4375,688125.6875,686921.125,691176.5625,689933.75,689144.75,692798.875,683885.9375,695180.5,692425.625,693446.375,687647.625,687680.5625,687537.5,687355.5625,687348.625,687422.375,687362.375,687577.375,687634.25,687842.875,687952.625,686971.875,687901.75
687678.875,687665.5625,688101.8125,686897.75,691138.1875,689902.875,689124.125,692775.75,683866.8125,695158.625,692405.875,693424.9375,687626.9375,687661.1875,687519.875,687332.1875,687330.125,687404.25,687346.375,687562.75,687619.3125,687829.9375,687937.1875,686956.375,687884.625
687646.75,687650.0625,688091.5,686883.25,691113.25,689889.4375,689113.125,692763.8125,683857.25,695145.5625,692396.8125,693414.6875,687620.5,687652.5625,687510.3125,687324.625,687319.125,687393.375,687336.3125,687547.875,687612.875,687817.875,687930.0625,686944.9375,687872.5625
687641.5,687641.5,688080,686871.625,691099.5,689874.875,689101.1875,692750.0625,683845,695129.625,692381.8125,693402.625,687603.6875,687636.1875,687497.5,687309.4375,687309.5,687380.625,687321.5625,687535.125,687594.0625,687803.125,687909.3125,686927.125,687860.125
687624.6875,687622.5625,688065.375,686858.875,691081.125,689861,689084.75,692737.5625,683830.5625,695115.875,692367.5,693384.4375,687591,687621.375,687480.9375,687295,687295.3125,687369,687308.6875,687522.75,687580.3125,687789.5,687900.6875,686918.625,687847.1875
687621.3125,687610.9375,688053.5,686846.5625,691060.3125,689849,689073.4375,692726.8125,683825.375,695104.5,692358.75,693377.1875,687584.3125,687613.125,687477,687290.5,687285.25,687361.25,687301.125,687516.9375,687576.1875,687782.625,687892.625,686906.125,687837.5625
687607.125,687607.4375,688047.4375,686839,691062.125,689844.875,689065.125,692718.25,683814.9375,695094.3125,692347.375,693366.25,687568.8125,687597.875,687455.875,687271.1875,687265.5625,687344.0625,687284.75,687500.0625,687558.75,687764.6875,687872.375,686889.25,687823.25
687596.625,687587.8125,688030.0625,686824.25,691040.625,689823.875,689048.0625,692701.75,683800.375,695080.5625,692329.25,693348.8125,687554.9375,687586.25,687446.5625,687259.0625,687251.875,687331.5,687270.75,687486.1875,687542.5625,687749.6875,687861.8125,686874,687807.5
687587,687570.5,688011.1875,686809.875,691022,689805.375,689028,692686,683790.5,695061.25,692313,693332.875,687542.75,687568.0625,687432.625,687241,687238.625,687315.125,687256.1875,687471.25,687524.6875,687739.5,687846.875,686860.0625,687795.6875
687563.125,687556.5625,687996.9375,686794.875,691006.375,689795.3125,689018.6875,692678.375,683780.125,695056.9375,692304.125,693321.8125,687527.5,687557.5625,687416.5625,687231.75,687229.625,687302.75,687246.8125,687458.8125,687516.5,687727.5625,687834.875,686844.75,687783.125
687548.4375,687546.5625,687988.875,686786.5625,690998,689782.625,689003.125,692666.5625,683771.375,695041.375,692288.375,693307.25,687517.25,687545.125,687407.75,687220,687213.125,687290.0625,687231.9375,687444.4375,687504.75,687710.875,687822.625,686833.4375,687771.9375
687537,687535.125,687973.625,686776.625,690986.625,689772.5,688994.6875,692654.9375,683761.9375,695026.75,692278.6875,693294.125,687499.125,687525.875,687389,687206.5625,687202.1875,687278.1875,687219.3125,687430.875,687493.4375,687701.3125,687811.5625,686818.25,687755.25
687535.5625,687525.125,687966.1875,686764.75,690975.25,689764.625,688983.25,692650.6875,683753.8125,695017.1875,692268.125,693284.0625,687494.6875,687521.75,687380.375,687192.5625,687191.625,687267.125,687207.875,687420.25,687480.6875,687688.75,687800.25,686808.6875,687747.1875
687524.5,687510.6875,687952.125,686755.5,690961.9375,689746.875,688971.75,692633.6875,683744,695006.3125,692257.8125,693274.5,687484.0625,687511.875,687370.6875,687189.25,687183.125,687261.875,687203.5,687417.4375,687473.6875,687688.4375,687794.125,686805.6875,687745.0625
687523.625,687505.875,687948.375,686751.75,690964.625,689746.25,688968.125,692637.1875,683742.5,695004.25,692254.875,693271,687487.125,687513.1875,687376.125,687190.5625,687185.3125,687262.8125,687204.6875,687413.1875,687472.5,687684.625,687792.625,686802.4375,687742.1875
687529.375,687504.5,687947.5625,686750.6875,690974.4375,689746.1875,688964,692634,683742.4375,695000.875,692252.25,693265.0625,687483.125,687504.9375,687364.0625,687178.8125,687177.5,687253.5,687196.3125,687405.25,687464.6875,687677.5,687787.25,686792.375,687733.4375
687512.4375,687499.4375,687940.3125,686746.75,690970.5625,689738.75,688955.9375,692629.75,683737.875,694991.25,692243.75,693256,687469.125,687495.5,687354.0625,687174.4375,687165.6875,687239.375,687183.8125,687395.5625,687453.0625,687661.9375,687769.75,686778.4375,687720
687493.375,687485.625,687924.375,686735.3125,690960.3125,689725.6875,688944.4375,692615.0625,683726.8125,694979.625,692228.8125,693248.1875,687458.75,687478.8125,687342.4375,687157.8125,687154.3125,687226.1875,687170.0625,687381.9375,687436.875,687653.25,687759.5,686764.4375,687708.75
687485.5625,687471.375,687914.0625,686721.9375,690946.5625,689715.375,688931.8125,692602.875,683715.625,694966.875,692217.5,693235.5,687441.25,687463.375,687327.1875,687141.875,687136.5625,687214.875,687157.25,687367.8125,687422.75,687635.5,687748.25,686749.5,687694.5
687474.5,687458.625,687900.125,686708.8125,690928.625,689697.625,688918.875,692589.9375,683705.75,694950.75,692200.625,693217.1875,687430.625,687454.9375,687317.625,687132.5,687126.9375,687202.75,687143.0625,687358,687413.1875,687624.6875,687732.375,686734.4375,687681.5625
687458.5,687442.5625,687884.25,686697.5,690911.5,689681.5625,688903.25,692574.6875,683693.75,694935.9375,692183.75,693201.3125,687413.625,687438,687300.9375,687114.625,687104.375,687182.625,687125.375,687336.5,687390.0625,687604.25,687713.1875,686713.75,687663.8125
687423.125,687423,687866.375,686676.9375,690880.5625,689659.3125,688879.75,692554.0625,683672,694916.25,692162.4375,693176,687387.625,687411.875,687269.0625,687086.9375,687077.4375,687158.5,687097.75,687307.1875,687368.4375,687580.0625,687687.125,686685.625,687636.1875
687404.3125,687395.875,687840.375,686650.75,690842.5625,689629.9375,688852.5625,692524.6875,683643.25,694887.375,692136.25,693153.4375,687364.25,687386.875,687247.375,687059,687056.3125,687128.75,687073.6875,687281.625,687341.5,687554.5,687664.3125,686662.4375,687611.875
687381.25,687371.5625,687818.5,686623.4375,690805.25,689603.125,688830.875,692505.3125,683623.625,694863.0625,692114.875,693131.5625,687339.5,687368.0625,687228.75,687037.5625,687039.875,687113.4375,687054.75,687268.1875,687322.375,687535.25,687642.5625,686640.75,687595.3125
687368.8125,687356.625,687802.4375,686603.6875,690781.8125,689582,688816.25,692492.5625,683612.75,694855.5,692101.125,693118.375,687333.4375,687355.6875,687220.5,687031.5,687030.375,687101.9375,687047.125,687261.8125,687317,687527.875,687637.125,686636.8125,687589.5
687369.9375,687346.125,687796.3125,686599.4375,690782.875,689580.375,688808.625,692488.25,683613.75,694845.5625,692092.625,693113.0625,687331.625,687352.1875,687211.75,687026.375,687020.0625,687098.6875,687038.5,687253.0625,687309.875,687522.8125,687629.0625,686630.0625,687582.5625
687364.5,687347.1875,687789.3125,686598,690787.1875,689575.0625,688802.8125,692487,683609.0625,694839.4375,692088,693105.0625,687324.6875,687344.25,687207.5,687021.3125,687018.1875,687094.5,687032.5625,687249.375,687306.5625,687516.8125,687625.6875,686622.5,687577.625
687358.4375,687336.75,687779.6875,686596.3125,690790.9375,689572.75,688795.625,692482.75,683603.875,694834.4375,692078.375,693101.5625,687320.875,687340.5,687199.4375,687015.9375,687009.875,687085.75,687028.875,687240.125,687296.8125,687510.125,687617,686614.3125,687570.375
687351.8125,687326.8125,687771.75,686588.625,690792.75,689567.875,688790.3125,692474.3125,683598.875,694828.4375,692076.1875,693091.5625,687311.25,687330.6875,687192.375,687006.1875,687002.4375,687078.125,687019.9375,687231.125,687290.5625,687501,687610.0625,686605.5,687560.625
687343.25,687318.8125,687762.5625,686580.3125,690789.4375,689560.5,688778.875,692468.25,683590.75,694819.5,692063.25,693079.6875,687296.375,687318.75,687176.8125,686994.125,686988.625,687064,687008.375,687217.5625,687276.1875,687490.5,687596.8125,686591.75,687547.5625
687330.875,687311.125,687750.625,686573.25,690780.0625,689550,688768.875,692458.875,683581.8125,694808.875,692055.75,693071.25,687289.25,687310.0625,687169.625,686984.625,686979.625,687056.25,686996,687210.375,687266.9375,687482.75,687588.625,686585.5625,687543.625
687323.5,687301.125,687742.1875,686568.5,690775.3125,689542.5,688762,692452.125,683579.0625,694799.875,692045.375,693064.125,687279.9375,687302.4375,687165.75,686976,686974.625,687049.4375,686989,687206.1875,687260.25,687476.1875,687582.5625,686577.125,687532.8125
687322.625,687293.875,687737,686565.625,690776.625,689541.875,688755.125,692448.0625,683576.875,694798.375,692044.375,693060,687281.125,687302.875,687162,686975,686972.5,687053.875,686989.9375,687205.5,687265.875,687477.25,687586.5,686576.5625,687537.5
687312.625,687296.9375,687743,686568.375,690787.625,689544.25,688759.0625,692456.5625,683587.25,694801.5,692047.25,693064.125,687283.75,687304.375,687167.5,686983.625,686977,687051,686989.25,687205.625,687265.625,687478.625,687585,686573.4375,687535.875
687319.6875,687297.25,687741.25,686567.625,690796.875,689546.25,688756.625,692451.3125,683585.5625,694796.1875,692040.125,693052.1875,687277.75,687299.4375,687159.0625,686973.75,686966.75,687043.125,686988.125,687198.25,687257.25,687470,687575.375,686570.3125,687530.375
687312.5,687288.25,687738,686561.125,690792.5625,689540.0625,688748.125,692441.1875,683579.625,694785.75,692031.3125,693048.625,687269.125,687291.875,687150.625,686965.625,686961.5,687037.625,686978.25,687194.25,687251.25,687467.5625,687568.6875,686559.25,687520.75
687295.625,687279.9375,687725.5,686555.25,690779.6875,689531.9375,688739.375,692434.875,683569.25,694780,692021.8125,693038.75,687260,687278.4375,687143.875,686961.375,686951.3125,687029.0625,686967.8125,687181.75,687240.75,687454.6875,687563.375,686548.625,687515.25
687296.625,687273.375,687717.25,686548.375,690772.1875,689519.3125,688735.875,692429.75,683565.875,694770.875,692014.625,693033.375,687258.1875,687280,687140.75,686949.125,686947.375,687023.4375,686967.75,687179.625,687236.875,687450.6875,687560.625,686547.125,687511.9375
687280.625,687270.0625,687715.5625,686544.875,690769.625,689519.9375,688731.25,692427.25,683565.75,694770.5625,692018.75,693033.0625,687253,687274.625,687139,686949.5,686948.75,687026.625,686966.625,687180.25,687241.25,687449.625,687562.125,686548.5,687515.75
687295.625,687269.625,687718.875,686546.5625,690778.375,689524.75,688731.9375,692430.375,683571.5625,694771.3125,692022.5,693035.375,687263.75,687282.1875,687147.1875,686960.625,686958.25,687031.75,686972.875,687186.75,687247.25,687457.25,687566.375,686551.5625,687519.375
687299.6875,687275.25,687720.875,686551.375,690789.625,689527.625,688737.125,692436.25,683577.75,694774.625,692018.25,693036.3125,687258.125,687281.375,687145.125,686960.625,686953.375,687027.75,686973,687179,687243.375,687455.125,687559.9375,686547.25,687514.125
687287.875,687273.8125,687716.875,686550.125,690789.75,689527.5625,688732.625,692429.375,683572.4375,694770,692015.6875,693031.9375,687255.5625,687272.5625,687136.375,686950.25,686944.9375,687020.625,686965.6875,687172.25,687235.25,687447.125,687553.875,686539,687504.375
687292.875,687266.3125,687709.9375,686542.4375,690782.5625,689520.3125,688723.6875,692422.5625,683568.6875,694763,692007.125,693023.125,687240.875,687261.1875,687126.3125,686941.9375,686932.4375,687007.75,686951.125,687160,687221.3125,687436.9375,687539.5,686527.4375,687499.3125
687282.875,687254.625,687699.375,686534.9375,690764,689508.375,688713.6875,692416,683559.125,694754.4375,691995.6875,693015.25,687233.5,687254.25,687118.8125,686931,686932.75,687006,686944.75,687156.25,687212.5,687426.3125,687532.875,686517.25,687487.8125
687261.9375,687245.9375,687691.1875,686528.4375,690750.6875,689499.125,688705,692403.375,683547.8125,694741.75,691986.9375,693004.625,687227.4375,687245.6875,687105.25,686922,686919.375,686992.125,686934.5,687149.3125,687206.75,687422.8125,687525.6875,686507.5625,687479.75
687259,687234.625,687682.375,686518.625,690737.125,689487.125,688696.25,692390.0625,683541.25,694730.875,691976.5,692989.375,687213.0625,687228.1875,687091.5,686904.125,686900.25,686975.75,686915.375,687128.1875,687186.3125,687402.5625,687505.125,686484.9375,687459.625
687226.625,687210.5625,687659.9375,686491.125,690703,689458.1875,688670.375,692370.125,683517.25,694711.25,691950.375,692970.9375,687187.375,687206,687068.6875,686883.125,686877.625,686953.1875,686892.5625,687108.25,687159.75,687378.75,687481.875,686463.375,687435.625
687209.4375,687196.375,687645.25,686470.0625,690672.125,689438.1875,688655.5625,692353.75,683501.5625,694694,691935.25,692955.75,687179.6875,687196.9375,687062.8125,686877.4375,686871.5,686948.875,686891.875,687106.75,687163.25,687376.1875,687482.4375,686460.875,687436.8125
687233.625,687193.5,687639.5,686474.5,690668.375,689437.8125,688654.6875,692353.8125,683504.3125,694695.375,691936.5625,692956.75,687181.75,687200.375,687058.8125,686876.8125,686867.625,686948.4375,686889.125,687106.5625,687159.3125,687375.875,687479.4375,686459.625,687436
687216.5,687190.75,687639.0625,686474.75,690672.8125,689436.375,688653.375,692353.0625,683507.125,694692.125,691931.125,692949.75,687177.5625,687194.9375,687058.6875,686871.125,686867,686941.75,686885.5,687101.25,687157.25,687371.75,687474.625,686455.25,687434.0625
687212.4375,687187.375,687635.25,686472.4375,690677.8125,689433.125,688647.5625,692353.8125,683509.125,694688,691926.375,692943.8125,687176.8125,687193.625,687054.6875,686867.8125,686862.875,686938.125,686880.625,687097.25,687151.875,687369.375,687474.375,686449.5,687430.625
687205.6875,687182.25,687629.5,686471.9375,690680.9375,689438.5,688646.9375,692353.25,683511.9375,694690.25,691932.4375,692946.75,687182,687194.375,687058.375,686871.5,686864.5,686942.5625,686884.375,687100.0625,687154.375,687371.5,687473.625,686451.9375,687431.1875
687210,687186,687634.75,686473.1875,690690.25,689437.4375,688647.125,692354.125,683513.6875,694690.6875,691933.125,692950.375,687182.25,687198,687061,686870.75,686864.9375,686944.625,686884,687098.6875,687153.5,687371.1875,687471.625,686449,687431.1875
687214.9375,687187.5,687635.3125,686473.875,690697.5,689436.5625,688646.9375,692351.875,683512.125,694684.0625,691927.4375,692943,687169,687189.4375,687049.3125,686861.3125,686856.625,686934.125,686875.75,687091.8125,687142.8125,687358,687462.875,686435.125,687416.8125
687190.9375,687169.4375,687618.4375,686463.5,690680.5625,689423.6875,688631,692337.8125,683497.25,694668.875,691910,692924.6875,687150.9375,687165.25,687028.25,686843.4375,686837.5625,686912.4375,686855.6875,687072.8125,687129.875,687339.0625,687450.0625,686420.3125,687403.5
687178.75,687153.875,687605,686449.4375,690658.75,689405.875,688617.375,692325.875,683486.25,694655.125,691893.25,692911.25,687136.1875,687148.875,687014,686826.625,686826.125,686897.5625,686839.125,687056.125,687110.125,687324.375,687430.75,686401.8125,687386.9375
687170.5625,687143.625,687587.25,686435.0625,690633.875,689390.625,688601.375,692307.1875,683469.4375,694643.625,691880.9375,692895.6875,687125.9375,687140.75,687004,686818.75,686807.8125,686887,686830,687041.5,687100.5625,687317.4375,687419.625,686389.5,687375.25
687144.25,687128.5,687577.625,686424.6875,690619.375,689376.5,688590.75,692299.4375,683462,694630.9375,691871.75,692888.25,687114.5,687130.625,686995.6875,686810.125,686802.875,686880.25,686821.5,687032.5625,687089.4375,687304.5,687409.0625,686379,687365.75
687132.625,687115.875,687564.875,686410.5625,690601.5,689361,688577.1875,692283.625,683451.875,694614.6875,691859.75,692874.3125,687100.625,687113.25,686972.125,686786.125,686781.125,686855.6875,686798.1875,687009.625,687070.5,687286.5625,687389.125,686359.0625,687345.5625
687121.3125,687097.5625,687547.25,686391.5625,690576.9375,689337.625,688558.75,692266.9375,683433.0625,694600,691842.5,692856.5625,687082.375,687093.375,686956.875,686765.9375,686765.5625,686838.8125,686781.1875,686990.25,687051.75,687269,687371.3125,686339.3125,687325.6875
687096.5625,687079.125,687531.3125,686372.875,690548.6875,689319.375,688540.125,692249.3125,683415.5625,694583.6875,691820.375,692836.9375,687059.375,687079.0625,686941.75,686753.125,686751.375,686825.25,686764.5,686985.3125,687040.5,687256.1875,687356.375,686328.375,687316.375
687084.0625,687067.5,687520.75,686361.125,690532.5,689307.875,688530.5,692240.125,683406.9375,694572,691809.375,692825.125,687053.5,687069.25,686929,686742.875,686739.0625,686812.4375,686753.25,686968.75,687023.25,687238.5,687345.0625,686312,687302.625
687072.5625,687055.5,687505.625,686349.875,690521,689294,688515.5625,692223.4375,683394,694555.9375,691796.125,692806.875,687039.125,687053.8125,686915.625,686729.6875,686724.4375,686796.8125,686741.5,686953.4375,687014.875,687231.625,687330.125,686297.5625,687291.125
687068.375,687044.375,687492.875,686340.25,690513.0625,689283.375,688504.375,692218,683385.75,694545.125,691783.875,692803.8125,687034.75,687048.25,686908.4375,686724.0625,686720.125,686797,686737.875,686949.875,687008.4375,687224.875,687329.25,686296.1875,687287.5
687065.75,687037.875,687484.875,686339.4375,690513.75,689282.75,688501.875,692218.0625,683393,694546.125,691783.0625,692803.8125,687034.3125,687044.4375,686910.5625,686720.5,686718.875,686795.25,686737.375,686952.875,687008.8125,687229.9375,687328.125,686293.25,687286.25
687073.5,687036.5625,687484.3125,686334.375,690524.25,689284.6875,688498.375,692218.6875,683389.75,694542,691778,692797.375,687028,687037.25,686900.5,686714.6875,686707.625,686782.4375,686724.75,686940.0625,686995.875,687211.5625,687316.1875,686279.6875,687272
687035.5625,687027.75,687476.8125,686327.5,690509.375,689268.4375,688483.8125,692206,683376.75,694524,691763.6875,692783.6875,687011.375,687022.625,686882.1875,686698.1875,686693.4375,686771.5,686712.375,686928.8125,686984.3125,687195.625,687299.125,686262.5625,687256.5
687038.125,687010,687456.9375,686313.25,690493.5,689254.625,688468.125,692188.6875,683363.1875,694508.8125,691747.75,692766.75,686994.5,687005.0625,686867.25,686682.25,686674.875,686753.4375,686696.25,686909.0625,686964.5,687180.375,687284.125,686247.4375,687243.5
687020.3125,686995.5625,687443.25,686300.875,690478.4375,689240.0625,688454.9375,692179.0625,683350.75,694498.1875,691736.875,692753.4375,686982,686995.6875,686856.75,686673.25,686663.1875,686739.25,686683.625,686896.1875,686954,687168.8125,687272.75,686234.75,687230.875
687009.375,686985,687432.25,686288.8125,690468.1875,689229.125,688445.25,692165.125,683342.125,694485.5625,691727.8125,692744.875,686974.9375,686984.25,686849.25,686662.75,686655.6875,686732.625,686676.8125,686889.9375,686948.8125,687166.1875,687267.5,686228.25,687228.625
687001.8125,686976.625,687426.9375,686287.375,690466.1875,689226.8125,688439.375,692164.375,683342.625,694484.75,691721.3125,692739.875,686971,686980.0625,686842.25,686657.125,686653.625,686727.25,686671.375,686885.375,686941,687157.875,687261.5,686220.375,687221.625
686994.9375,686970.0625,687419.3125,686278.25,690465,689221,688432.8125,692158.1875,683336.1875,694473.6875,691708.625,692727.75,686954.75,686969,686829.4375,686642.875,686635.6875,686710.375,686651.25,686866.75,686922.625,687139.75,687241.125,686199.125,687199.125
686965.25,686950.0625,687398.75,686261.3125,690434.9375,689194.75,688404.5,692131.75,683311.875,694454.3125,691686.75,692702,686933.6875,686939.9375,686806.25,686617.875,686615.3125,686691,686631.75,686846.875,686903.375,687119.75,687222.1875,686179.625,687182.25
686954.875,686932,687381.9375,686238.25,690411.8125,689175.375,688392.4375,692115.625,683301.5625,694435.5625,691673.8125,692688.875,686926.3125,686933.6875,686799.25,686613.25,686605.6875,686682.1875,686627.125,686838.875,686897.125,687115.125,687218.0625,686173.875,687178.4375
686950.75,686926.5,687378.625,686237.8125,690407.25,689170.25,688390.75,692114.0625,683296.125,694432.375,691669.375,692686.5,686916.3125,686932.4375,686793.625,686607.375,686603.875,686678.375,686620.5625,686834.625,686891.1875,687112.125,687212.1875,686168,687173.1875
686950,686919.375,687369.75,686232.8125,690407,689166.125,688383.375,692111.3125,683299.5,694423.8125,691661.75,692680.9375,686912.875,686921.75,686785.3125,686598.4375,686593.1875,686670.625,686613.6875,686827.25,686888.25,687103.4375,687206.1875,686162.875,687166.5625
686937.25,686917.1875,687364.875,686230.375,690406.5,689163.25,688376,692109,683291.625,694420.6875,691654.5,692675.875,686908.0625,686913.5,686776.5625,686594.6875,686589.125,686662.125,686602.8125,686817.1875,686874.375,687088.625,687191.5,686149,687152.75
686915.125,686901,687350.9375,686218.125,690394.75,689149.875,688361.25,692091.9375,683278.4375,694404.875,691638,692655.5625,686893.0625,686902.125,686764.625,686576.375,686569.0625,686646.875,686587.5625,686802.25,686854.9375,687075.625,687176.875,686130.875,687136.5625
686898.0625,686886.75,687333.6875,686200.0625,690373.8125,689134.4375,688348.1875,692080.6875,683265.125,694389.5,691625.0625,692642,686873.625,686885.375,686745.9375,686561.25,686553.75,686630.375,686570.3125,686788.125,686839.0625,687061.125,687160.0625,686113.6875,687122.5625
686891.5625,686868.8125,687321.5,686183.75,690351,689114.375,688330.375,692063.0625,683251.5625,694375.0625,691605.6875,692626.5625,686856.9375,686866.75,686729.5,686545.25,686536.625,686617,686557.1875,686769.3125,686825.75,687043.4375,687143.4375,686094.625,687103.6875
686876.375,686851.3125,687304.0625,686168.0625,690333.0625,689097.75,688312.875,692049.875,683235.375,694357.5625,691591.75,692607.5625,686844.125,686849.875,686710.9375,686525.5,686520,686591.8125,686537.625,686753.25,686807.4375,687025.375,687125.9375,686078.875,687085.5
686864.0625,686836.75,687291.8125,686156.625,690313.4375,689081.9375,688298.8125,692035.25,683224.5,694342.8125,691579.3125,692591.75,686832.75,686840.6875,686702.5,686516.3125,686510.5625,686585.9375,686526.875,686745.625,686802.8125,687016.625,687118.75,686069.75,687083.375
686850.9375,686829.25,687282.5625,686148.75,690308.375,689074.9375,688290.5625,692030,683222.25,694340.3125,691574.9375,692592.75,686831.625,686839.4375,686706.5625,686516.5625,686514.9375,686587.5,686532.8125,686742.875,686804.6875,687020.125,687122.5625,686071.9375,687085
686859.75,686832.75,687283.25,686148.75,690321.5,689079.3125,688296.1875,692036.25,683225.625,694338.875,691573.0625,692591.1875,686830,686834.375,686698.25,686512,686508.125,686582.625,686526.75,686739.9375,686799.3125,687018.4375,687118.0625,686068.625,687081.875
686846.8125,686829.0625,687280.6875,686150.9375,690331.3125,689079.25,688291.5,692034.5,683230.6875,694339,691572.4375,692589.375,686830.25,686837.125,686700.3125,686515,686514.375,686584.875,686526.9375,686738.0625,686800,687015,687119.625,686064,687080.875
686854.75,686824.75,687276.75,686148.375,690328.25,689074.375,688285.75,692026.875,683223.6875,694330.9375,691564.6875,692580.5625,686817.375,686827.125,686687.75,686504,686495.0625,686568.875,686511.875,686728.0625,686785.5,687001.9375,687105.375,686051.1875,687067.625
686841,686814,687268.1875,686138.375,690324.9375,689066.1875,688277.5625,692021.1875,683217.5625,694325.5625,691558.75,692577.75,686815.5,686824.4375,686686,686501.9375,686495.6875,686568.875,686512.25,686725.875,686783.25,687003.4375,687102.625,686051.1875,687067.875
686826.375,686816.25,687265.0625,686141.625,690329.5,689066.875,688274.9375,692021.5,683221.3125,694324.9375,691556.1875,692573.375,686809.875,686819.6875,686682.625,686496.25,686493.75,686566.125,686509.875,686723.75,686781.625,687001,687101.3125,686046.375,687063.25
686837.1875,686811.75,687262.875,686139.375,690332,689071.5625,688276.3125,692022.1875,683220.0625,694321.5,691554,692570.5,686811.625,686819.4375,686680.6875,686496.5,686491,686564.25,686507.625,686720.125,686780.5625,686994,687099.875,686044,687061.75
686830.5625,686805.625,687258.0625,686138.4375,690331.625,689062.875,688269.0625,692015.125,683217.625,694317.875,691549.25,692567.25,686808.5,686822,686677.375,686494.3125,686487.75,686563.4375,686506.125,686717,686776.1875,686998.25,687100.125,686042.75,687060.0625
686823.4375,686807.5,687256.1875,686134.375,690338.625,689063.6875,688270,692016.5,683218.625,694313.375,691551.625,692565.125,686806,686810.6875,686676.25,686488.1875,686480.375,686557.25,686499.25,686709.5,686768.6875,686988.75,687091.875,686031,687053.625
686831,686798,687249.5,686130.375,690326.8125,689058.5,688261,692010.25,683214.375,694307.8125,691541.875,692558.125,686798.375,686805.375,686665.875,686482,686473.25,686549.875,686491,686707.375,686764.75,686981.8125,687082.75,686022.375,687047.875
686828.4375,686792.1875,687247.5625,686125.6875,690321.5,689048.4375,688251.625,692004,683208.0625,694301.1875,691531.875,692550.3125,686787.4375,686795,686660.375,686473,686469.6875,686544.6875,686486.1875,686698.1875,686754.4375,686975.625,687076.125,686018.5,687041.5625
686815.0625,686786.75,687241.5,686119.4375,690312.75,689041.25,688251,691999.6875,683202.4375,694296.5,691532.1875,692543.25,686784.6875,686788.625,686651.8125,686465.6875,686461.25,686537.4375,686479.0625,686692.5625,686749.5,686971,687066.5625,686008.625,687032.625
686792.8125,686775.375,687229.625,686115.5625,690302.75,689035.25,688239.6875,691993.8125,683199.625,694289.375,691524,692539.25,686777.5625,686783,686647.25,686459.4375,686455.6875,686531.1875,686472.4375,686687.125,686743.125,686960.6875,687063.125,686000.25,687025
686795.5,686771.75,687225.9375,686109.0625,690298,689029.875,688233,691989.3125,683195.125,694283.5,691519.4375,692534.875,686776.375,686779.75,686644.625,686459.625,686451.25,686530.5,686471.9375,686688.25,686742.625,686966.125,687066.8125,686003.625,687035.6875
686806.5,686776.5625,687232.1875,686111.1875,690307.25,689035.6875,688238.875,691994.75,683199.6875,694285.9375,691522.8125,692537.4375,686783.0625,686789,686652.75,686465,686459.0625,686538.1875,686478.875,686692.375,686751.5,686968.625,687072.1875,686006.625,687035.3125
686796,686783.25,687232.4375,686111.9375,690318.0625,689043.25,688240.125,691994.125,683208.875,694290.875,691521.875,692537.125,686775.9375,686782.8125,686643.375,686462.5625,686451.625,686528.125,686467.8125,686683.75,686741.25,686965.0625,687061.75,685997.75,687024.6875
686787.125,686770.5,687221.8125,686099.5,690304.0625,689030.5625,688231.75,691983.875,683199.625,694278.8125,691516,692525.875,686772.25,686772.1875,686635.875,686448.875,686439.9375,686516.75,686460.75,686673.1875,686733.625,686948.75,687050.625,685982.1875,687014
686782.375,686759.375,687207.8125,686093.4375,690284.6875,689018.1875,688216.125,691970.375,683183,694261.25,691495.3125,692509.75,686748,686754.25,686615.3125,686424,686418.625,686495.875,686437.5625,686651.75,686707.875,686929.375,687026.25,685959.4375,686993.0625
686757.5625,686740.6875,687188.375,686075.125,690252,688990.5,688196.625,691951.625,683167.5,694243.1875,691476.8125,692489.5,686733.25,686735.625,686598.1875,686411.125,686402.625,686476.5,686424.25,686638.5,686696,686912.5625,687014.25,685947.5,686980.25
686748.5,686729.125,687180.5,686061.75,690230.375,688978.5,688186.875,691939.125,683156.5,694232.8125,691466.3125,692481.125,686727,686729.375,686595.375,686410.25,686405.125,686478.5,686422.8125,686635.125,686692.375,686910.5,687011.875,685943.375,686976.75
686747.5625,686721.5,687173.375,686059.75,690226.25,688973.4375,688183.0625,691940.9375,683154.5,694234.875,691467.5625,692481.3125,686729.25,686733.1875,686595.125,686408,686403.875,686480.375,686423.1875,686636.3125,686691,686914.0625,687012.625,685946.625,686981.8125
686749.375,686725.75,687176,686062.25,690238.8125,688978.75,688186.875,691944.125,683164.9375,694234.6875,691468,692480.6875,686731,686737.25,686599.25,686410.625,686403.5,686481.9375,686424.25,686638.75,686694.375,686915.125,687018.4375,685947.5,686981
686749.875,686722,687179.125,686059.3125,690244.75,688983.375,688185.375,691944.3125,683163.125,694235.3125,691464.75,692481.3125,686727.625,686733.8125,686598.375,686410.875,686400.5625,686480.6875,686423.375,686630.3125,686693.1875,686914.25,687014.6875,685943.1875,686982.1875
686746.1875,686725.375,687176,686062.5,690244.75,688981.5,688183.625,691944.5,683168,694235.875,691465.875,692482.875,686725.625,686732.8125,686596.25,686409,686403.6875,686483.5,686419.75,686632.125,686695.9375,686915.6875,687011.1875,685938.8125,686978.375
686750.875,686723.625,687178,686066.1875,690253.375,688981.5625,688183,691942.625,683169.3125,694233.6875,691465.125,692481.625,686725.6875,686728.8125,686589.75,686405.875,686401.375,686478.4375,686418.25,686633.6875,686690.875,686913,687007.5625,685938.125,686977.625
686747.75,686719.375,687178.5,686064.875,690258.4375,688983.625,688186,691947.8125,683172.125,694233.6875,691468.0625,692480.3125,686733.625,686734.125,686596.375,686413.375,686405.625,686484.5,686426.3125,686639.0625,686699.375,686920.6875,687015,685943.8125,686981.1875
686761.625,686727.5625,687185.25,686070.25,690271.375,688992.8125,688193.125,691958,683176.9375,694236.75,691473.375,692487.5625,686734.0625,686738.125,686601.25,686417,686408.875,686487.625,686431.1875,686646.125,686700.6875,686920.5,687018.1875,685947.25,686990.375
686751.75,686729.25,687183.4375,686074.0625,690280.9375,688999.0625,688196.1875,691961.8125,683180.6875,694241.75,691477,692490.3125,686739.375,686740.375,686603.6875,686418.125,686409.75,686485.5,686430.625,686644.625,686703.4375,686921.5,687020.3125,685950.5625,686988.375
686757.125,686733.6875,687186.375,686076.75,690281.8125,688998.0625,688193.625,691960.25,683188,694240.9375,691475.75,692488.625,686733.875,686738.875,686596.5625,686410,686406.625,686485.125,686424.75,686637.625,686693.125,686916.75,687015.3125,685939,686983.875
686751.1875,686729.9375,687181.625,686069,690279.5,688995.125,688190,691955.25,683181.375,694238.8125,691473.0625,692483.875,686730.0625,686730.5,686596.1875,686409.9375,686400.3125,686483.0625,686423.6875,686636.5625,686695.0625,686915.75,687013.75,685936,686982.1875
686766.1875,686725.5625,687180.75,686076.5625,690278.125,688993.1875,688188.25,691952.625,683180.9375,694235.625,691470.0625,692482.75,686729.5,686731.75,686591.5,686405.0625,686397.875,686473.4375,686415.125,686629.375,686685.0625,686905.25,687005.125,685927.375,686976
686737.5625,686716.5625,687172,686067.125,690261.9375,688981.5625,688174.5,691940.75,683172.5,694223.6875,691456.9375,692467.875,686717.875,686719.6875,686584.25,686397.5,686394.3125,686467.25,686408.875,686622.25,686683.25,686902.8125,687001.375,685920.125,686967.75
686738.1875,686710.875,687168.75,686060.25,690253.5,688980.3125,688178,691938.875,683177.375,694225.5,691454.4375,692472.8125,686717.625,686717.1875,686581,686393.25,686391.8125,686467.4375,686401.875,686617.4375,686673.125,686895.875,686990.875,685910.5,686958.375
686720.625,686702.5,687156.25,686049.25,690234.25,688962.75,688156.25,691921.9375,683155.875,694208.375,691438.375,692450.9375,686689.875,686690.0625,686551.75,686364.75,686360.75,686435.3125,686373.5,686591.375,686650.25,686869.125,686965.3125,685887.1875,686935.3125
686700.0625,686679.25,687136.125,686029.125,690193.4375,688935.0625,688139.25,691903.875,683138.125,694185.3125,691419.0625,692436.5625,686678.1875,686674.6875,686542.25,686350.0625,686351,686424.4375,686365.0625,686581,686635.6875,686853.6875,686955.75,685877.125,686922.75
686688.125,686668.8125,687122,686013.5,690169.3125,688912.5,688120.25,691883.1875,683116.375,694168.8125,691399.125,692415.125,686653.0625,686652.8125,686516.125,686332.375,686322.5625,686397,686338.6875,686552.8125,686611,686831.625,686928.0625,685849.3125,686895.0625
686656.1875,686642,687099.125,685985.3125,690129.625,688887.375,688097.875,691862.625,683096.625,694146.9375,691376.9375,692393.25,686632.5625,686632.625,686497,686312.75,686305.0625,686383.375,686322.875,686536.5625,686592.1875,686813.25,686908.5,685829.3125,686876.375
686642.5625,686622.25,687079.125,685963.125,690102.1875,688862.8125,688076.125,691843.375,683082,694127.375,691354.875,692373.8125,686613,686609.75,686476.375,686287.625,686284.75,686357.8125,686305.0625,686516.5625,686574.4375,686794.3125,686886.75,685808.375,686859.25
686619.0625,686603.5,687062.5,685950.5625,690074,688844.5,688056.5625,691828.75,683064.9375,694108.25,691340.625,692358.5,686596.9375,686599.375,686461.75,686278.4375,686274.5,686348.6875,686289.75,686502.75,686560.75,686785.0625,686878.5,685793.75,686850.6875
686615.375,686590.25,687049.4375,685938.125,690064.375,688833.1875,688049.6875,691814.375,683058.0625,694100,691329.0625,692347.125,686589.75,686587.8125,686448.6875,686267,686261.25,686338,686279.375,686491.625,686555.875,686774.375,686867.8125,685784.625,686838
686585,686577.125,687040.875,685926.125,690053.0625,688818.625,688036,691806.625,683044.75,694088.1875,691316.125,692330.25,686575.5,686571.5,686439.6875,686253.6875,686247.25,686324.25,686265.875,686480.875,686539.3125,686761.25,686857.875,685775,686827.5
686590.375,686569.625,687028.6875,685918.75,690046.9375,688809.375,688029.25,691797.875,683041.875,694080.5,691308.5,692322.625,686570.0625,686566.875,686432,686249.25,686241.1875,686321.375,686264.4375,686475.25,686533.375,686756.8125,686850.625,685766.375,686823.6875
686587,686567.8125,687021.5625,685917.25,690054.25,688811.75,688026.5,691799.375,683043.0625,694079.875,691310.625,692326.1875,686574.75,686576.1875,686438.75,686253.6875,686250.875,686325.0625,686267.375,686481.9375,686537.4375,686760.9375,686858.875,685772.25,686826.125
686592.8125,686569.5,687023.125,685921.9375,690072.8125,688818.6875,688028.0625,691801.75,683048.6875,694081.125,691310.6875,692324.25,686575.75,686575,686437.125,686249.9375,686242.5625,686317.4375,686258.625,686473.375,686528.375,686748.125,686845.75,685760.0625,686817.1875
686569.75,686559.625,687011.3125,685917.125,690065.875,688802.5625,688011.75,691783.625,683034.25,694064.375,691291.8125,692306.75,686548.25,686545.25,686410.875,686225.6875,686220.25,686297.8125,686238.75,686449.9375,686508.75,686731.5,686824.5,685739.9375,686792.875
686554.875,686536.5625,686990.75,685894.4375,690035.625,688784.375,687991.8125,691769.6875,683017.625,694048.5,691270.125,692285.6875,686531.875,686528.0625,686395.5,686207.625,686204.9375,686279.4375,686222.8125,686433.375,686490.375,686714.875,686812.5,685724.3125,686779.75
686547.25,686520.9375,686978.6875,685881.5625,690019.0625,688770.625,687978.875,691757.25,683004.3125,694034.625,691262.5,692274.0625,686529.875,686525.375,686392.8125,686204.25,686199.9375,686280.25,686221.75,686436.5,686491.5625,686719.25,686812.1875,685724.875,686782.625
686550.3125,686524.75,686979.25,685881.9375,690028.8125,688773.875,687984.0625,691761.875,683014.3125,694033.75,691263.5,692279.3125,686528.8125,686530.875,686393.75,686208.8125,686200.75,686279.5,686219.75,686436.5,686493.6875,686716.75,686814.4375,685723.125,686785.5625
686548.25,686524.75,686980.5625,685887.8125,690038.625,688776.1875,687985.3125,691766.125,683019.375,694039.75,691267,692278.6875,686535.5,686533.0625,686399.4375,686212.375,686212.125,686289.6875,686228.625,686440.3125,686499.0625,686719.75,686816.9375,685729.25,686790.875
686569.0625,686530.3125,686986.3125,685892.875,690059.0625,688793.375,687992.625,691779.125,683031.375,694048.125,691278.625,692293.4375,686551.75,686549,686411.5625,686227.5,686224.75,686295.625,686241.5625,686455.375,686515.125,686735.5,686832.625,685739.9375,686805.6875
686573.125,686544.6875,686999.75,685908.125,690084.0625,688808.0625,688003.4375,691789.3125,683045.875,694054.0625,691284.25,692298.25,686549.625,686547.5,686414.0625,686225.9375,686221.875,686294,686237.5,686449.375,686508.625,686730.75,686825.375,685731.875,686797.5625
686553.5,686537.1875,686989.75,685896.75,690083.1875,688799.375,687994,691781,683034.6875,694044.75,691272.5,692289,686537.8125,686534.375,686401.375,686217.125,686212.75,686287.5,686231.5,686443.4375,686502.75,686723.375,686818.5,685726.1875,686791.5625
686560.5625,686534.5,686987.375,685901.625,690081.125,688794.125,687993.625,691777.875,683037.8125,694045.9375,691273.375,692292.1875,686541.5,686541.25,686405.0625,686220.5625,686212.25,686288.875,686229.625,686440.0625,686503.125,686724.3125,686819.375,685726.625,686789.875
686558.25,686532.4375,686989.625,685895.875,690078.6875,688794.625,687991.5,691775.25,683038,694045.9375,691271.5,692284.9375,686536.5625,686534.6875,686394.9375,686210.125,686207.25,686282,686223.375,686436.9375,686495.75,686721,686810.875,685717.8125,686784.375
686549.625,686525.25,686982.1875,685895.375,690075.25,688786.625,687986.25,691773.8125,683036.25,694039.75,691265.9375,692280,686532.375,686526.625,686395.9375,686209.4375,686205.25,686279.25,686218.75,686430.375,686491,686715,686807.25,685713.5,686777.25
686534,686517.4375,686974.75,685888.5,690065.75,688778.25,687972.4375,691762.1875,683024.375,694027.5,691254.375,692267.5625,686514.9375,686512.25,686375.75,686189,686186.125,686263.75,686202.5,686416.25,686474.375,686695.625,686793.0625,685698.5,686768.75
686537.125,686506.5,686961.875,685877,690046.125,688768.1875,687964.5,691749.875,683015.75,694018.25,691244.375,692259.4375,686508,686507.1875,686376.125,686190.3125,686186.875,686261.875,686202.4375,686417.25,686478.4375,686707.25,686799.875,685701.625,686775.3125
686542.75,686512.5625,686970.125,685888.625,690055.625,688775.5,687974.3125,691764.625,683031.8125,694031.25,691255.875,692272.375,686524,686527,686390.375,686207.8125,686200.75,686275.25,686216.5,686428.625,686493.375,686712.5625,686808.375,685708.25,686781.3125
686538.0625,686521.5,686975.6875,685894.5,690073.375,688784.75,687980.5,691770.5625,683037.1875,694032.5625,691261.75,692276.125,686535.375,686525.9375,686393.8125,686208.875,686200.75,686279.25,686219.3125,686436.5,686489.75,686713.1875,686809.875,685710.3125,686783.8125
686538.8125,686520.375,686978.375,685888.5,690077.875,688782.5,687979.625,691771.5,683038.75,694033.125,691260.25,692275.0625,686530.6875,686521.125,686388.0625,686201.25,686196.8125,686273,686216.25,686430.5,686489.625,686710.5,686805.75,685704.375,686781.375
686537,686516.25,686977.25,685891.9375,690076.1875,688782.8125,687979.6875,691766,683039.6875,694032.1875,691257.1875,692272.125,686529.875,686525.375,686390.375,686206.8125,686199.5,686279.25,686221,686432.5,686492.375,686714.6875,686814.75,685711.25,686785.3125
686554.875,686526.75,686980.875,685899,690085.0625,688793.8125,687985.5625,691775.375,683050.0625,694042.1875,691268.0625,692282.75,686537.8125,686536.3125,686398.5,686213.5,686208,686288.375,686231.75,686445.375,686506.625,686727.375,686820.75,685717.875,686795.75
686560.5,686534.75,686988.4375,685906,690099.5,688805.6875,687995.9375,691787.5,683062.375,694050.3125,691275.9375,692291.9375,686548.25,686544.5,686408.875,686225.375,686218.4375,686292.375,686237.625,686450.9375,686511,686731.9375,686830.25,685724.75,686803.4375
686571.875,686543.75,686996.9375,685914.125,690115.3125,688813.6875,688005.25,691796.125,683071.25,694063.0625,691285.875,692302.1875,686556.75,686551.8125,686415.125,686233.0625,686229.625,686300.6875,686244.875,686459.875,686514.875,686738.8125,686835,685732.75,686809.25
686567,686549.0625,687003.5,685916.625,690128.5,688822.875,688014,691799.375,683080.625,694066.625,691291.25,692306.3125,686563.25,686557.625,686424.625,686238.0625,686232.4375,686309.0625,686250.5625,686463.0625,686523.375,686749.375,686839.625,685739.75,686820.5
686577.5625,686557.4375,687012.5625,685922.4375,690139.875,688832.4375,688020.0625,691811.75,683091.1875,694076.1875,691299.0625,692318.1875,686572.8125,686570.5625,686439.5,686250.625,686245,686320.0625,686265.6875,686479,686534.6875,686759.875,686854.75,685750.6875,686829.75
686593.875,686569.25,687021.25,685935.25,690154,688846.25,688030.9375,691822.625,683103.4375,694081.625,691313.8125,692326.5625,686583.1875,686579.25,686445.5625,686255.625,686251.8125,686331,686273.375,686485,686545.5625,686771.625,686864.3125,685759.125,686838
686598.8125,686577.875,687032.875,685936.25,690168.8125,688860.5,688040,691829.625,683114.3125,694093.0625,691320.9375,692334.9375,686587.125,686584.4375,686445.9375,686258.125,686255,686328,686269.125,686482.625,686541.625,686765.125,686860.9375,685752.125,686838
686593.125,686573.75,687030.0625,685939,690158.8125,688853.75,688034.3125,691824.0625,683106.625,694085.875,691313.0625,692327,686579.25,686575.125,686437.25,686251,686247.875,686323.75,686265.875,686476.375,686533.375,686759.0625,686852.8125,685739.3125,686825.75
686579.0625,686563.6875,687014.375,685930.0625,690138.375,688836.5,688023.125,691809.6875,683097.125,694075.25,691302.4375,692310.0625,686564.25,686557.1875,686423.0625,686234.375,686229.9375,686303.5,686246.875,686459.25,686517.875,686741.9375,686836.875,685727.375,686810.0625
686568.8125,686550.3125,687003.625,685922.125,690112.625,688817.375,688008.0625,691790.9375,683080.875,694058.75,691288.6875,692301.25,686548.6875,686544.625,686407.375,686220.875,686216.5625,686293.5,686235.125,686446,686506.5625,686729.375,686822.75,685711.5,686797.5
686555.125,686536.75,686991.1875,685913.375,690084.875,688797.625,687993.8125,691779.875,683067.125,694047,691273.8125,692286.875,686537.125,686531.25,686397.5,686214.25,686205.9375,686281.9375,686221.875,686438.5,686498.4375,686722.625,686817.5,685702.75,686792.375
686543.625,686526.875,686986.875,685906.75,690067.375,688788.6875,687986.375,691773.1875,683061.375,694039.125,691266.9375,692280.6875,686528.0625,686520.0625,686384.375,686200.75,686196.1875,686270.0625,686211.9375,686423.75,686482.375,686709,686801.3125,685689,686776.75
686535.625,686517.25,686968.8125,685896.9375,690047.5625,688769.5,687971.625,691755.25,683044.75,694020.5625,691248.4375,692263.375,686508.25,686506,686365.5625,686180.625,686180.75,686252.5625,686192.5,686406.125,686466.9375,686691.375,686781.3125,685671.5,686757.75
686511.5,686495.6875,686953,685881.875,690016.125,688749.5,687951.9375,691740.375,683031.75,694008.5,691236.125,692247.8125,686496.3125,686493.875,686356.9375,686169.375,686165.6875,686238.6875,686181,686393.625,686450.375,686675.25,686771.25,685656.3125,686747.1875
686501.375,686478.75,686939.4375,685867.875,689995.6875,688730.75,687938.8125,691723.5,683015.5625,693991.125,691218.375,692231.375,686480.375,686474.125,686340.25,686154.25,686150.0625,686221,686165.5625,686373.625,686432.4375,686661.1875,686754.5,685641.5625,686733.4375
686488.4375,686468.8125,686926.1875,685851.75,689975.5,688719.75,687927.4375,691712.5,683002.75,693976.9375,691201.625,692215.125,686466.25,686461.1875,686329.0625,686143.625,686140.25,686213.25,686154.6875,686366.625,686426.75,686652.5,686743.25,685625.75,686720.875
686467.75,686454.0625,686913,685839.625,689961.375,688704.875,687910,691699.3125,682994.375,693967.125,691187.75,692203.4375,686450.125,686448.4375,686312.625,686127.625,686125.875,686198.0625,686139.6875,686352.625,686414.0625,686637.5,686732.1875,685615.125,686710.875
686465.5,686444.375,686903.1875,685835.25,689952.875,688694,687901.875,691692.375,682990.6875,693958.1875,691186.5,692197.375,686451.5625,686445.125,686310.875,686124.375,686119.0625,686195.875,686137.125,686350.3125,686410.375,686634.3125,686726.625,685612.625,686710.5
686459.9375,686445.0625,686901,685834.6875,689960,688694.6875,687904.125,691697.4375,682995.375,693958.0625,691184.75,692198.4375,686451.5,686447.875,686311.3125,686123.875,686119.875,686194.25,686135.9375,686353.25,686410.625,686637.25,686727.125,685606.5625,686705.75
686461.5625,686440.375,686900.125,685832.4375,689965.125,688692.75,687899.625,691696,682994.3125,693955.0625,691182.8125,692196.3125,686449.5,686441.8125,686307.25,686120.5625,686116.25,686192.4375,686135.5,686347.125,686407,686631.8125,686720.375,685602.75,686701.75
686456.8125,686433.8125,686893.875,685828,689962.75,688690.125,687892,691687.375,682986.8125,693946.5625,691168.6875,692183.6875,686436.1875,686431.125,686295.0625,686108.75,686099.25,686178.4375,686120,686334.25,686390.0625,686617.5625,686710.0625,685586.125,686684.9375
686431.875,686421.625,686880.625,685813.1875,689947.8125,688675.9375,687876.5,691674,682976.75,693930.9375,691152.4375,692167.75,686418.0625,686414.6875,686278.5,686093.75,686086.8125,686164.625,686103.6875,686318.4375,686374.875,686602.625,686695.3125,685575.9375,686675
686413.0625,686408.75,686869.3125,685801.875,689933.4375,688661.8125,687868.75,691664.125,682967.625,693922.8125,691147,692164.625,686417.375,686408.75,686273.375,686090.0625,686079.75,686160.9375,686101.9375,686314.3125,686372.625,686599.0625,686689.0625,685568,686670.5
686411.75,686403.5,686863.25,685797.625,689926.5,688656.25,687864.4375,691659.0625,682963.1875,693916.75,691139,692155.125,686406.8125,686398.75,686265.6875,686083.5,686076.8125,686151.125,686091.5,686307.875,686363.75,686591,686682,685560.5625,686660.3125
686413.125,686392.75,686852,685793.5,689917.4375,688646.25,687851.8125,691649.25,682951.75,693907.1875,691127.125,692144.375,686398.6875,686389,686252.625,686067.375,686057,686135.375,686078.8125,686290.5625,686349.0625,686575,686664.125,685538.1875,686640.6875
686383.8125,686374.25,686835.9375,685773.875,689895.25,688626.9375,687829.625,691630,682934.25,693885.625,691107.25,692122.25,686368.25,686362.125,686221.9375,686035.25,686027.5625,686108.5,686047.4375,686263.625,686319.9375,686547.625,686636.875,685510.5625,686612.5625
686360.25,686350.3125,686810.125,685745.125,689856.875,688594.375,687803.25,691605.25,682906.5625,693859.375,691080.875,692096.875,686346.3125,686339.375,686202.5625,686015,686011.3125,686090.5,686029.875,686243.5,686300.5,686529.3125,686622.4375,685493.625,686600.9375
686348.625,686332.8125,686791.3125,685728.375,689831.3125,688573.5,687789.75,691591,682896.25,693846.5625,691065.3125,692081.5,686338.625,686332.1875,686199.875,686014.3125,686004.25,686085.3125,686024.9375,686238.625,686294.125,686524.0625,686615.75,685489.4375,686593.25
686344.9375,686327.625,686789,685722.75,689829.3125,688573.0625,687787.8125,691589,682896.375,693842.375,691065.625,692083.0625,686328.875,686323.1875,686185.5,686003.25,685996.625,686069.0625,686017,686230.125,686288.25,686512.5,686607.5625,685476.5,686586.25
686349.75,686319.5,686780.25,685718.4375,689829.75,688571.125,687777.1875,691585.5,682892.1875,693835.375,691055.0625,692073.25,686329.6875,686323.5,686187.75,686003.125,685997.625,686071.875,686016.25,686227.5,686290.25,686512.625,686607.375,685476.3125,686586.1875
686336.875,686317.125,686780.125,685718.0625,689840.25,688569.6875,687775.75,691585.875,682898.6875,693834.875,691057.25,692073.8125,686325.6875,686316.9375,686183.25,685999.75,685991.5625,686069.375,686011.8125,686222.125,686286.625,686510.6875,686602.125,685475.75,686586.3125
686340,686318.1875,686782.25,685720.625,689853.75,688575.25,687780.125,691590.875,682903.4375,693835.3125,691055.9375,692071.5625,686326.9375,686319.9375,686183.875,686001.5,685992.4375,686069.9375,686011.75,686225,686282.1875,686510.3125,686603.0625,685469.5,686578.875
686335.5625,686313.875,686779.25,685717.25,689861.75,688575.75,687776,691591.375,682901.8125,693833.625,691055.625,692072.75,686327.875,686321.5625,686184.125,686000.625,685994.4375,686068.6875,686011.625,686227.75,686286.625,686513.25,686607.4375,685473,686583.375
686337,686316.625,686777.25,685720.5,689869.875,688578.5,687775.6875,691588.875,682907.375,693834.625,691054.3125,692070.625,686327.4375,686317.5625,686182.375,685998.75,685993.5,686067.125,686010.6875,686222.75,686283.25,686512.4375,686603.25,685470.3125,686580.9375
686337,686316.5,686777.375,685718.375,689873.375,688578.625,687774.9375,691591.125,682907.625,693831.3125,691051.625,692073.0625,686324.375,686320.0625,686182,685999.625,685991.1875,686065.6875,686009.0625,686223.25,686282.5,686507.875,686597.4375,685464.75,686575.6875
686320.5625,686307.875,686770.875,685715.0625,689867.4375,688569,687767.125,691579.125,682900.3125,693822.875,691043.5,692056.8125,686314.125,686305.375,686170.5625,685980.875,685975.0625,686052.375,685992.8125,686206.5,686262.875,686491.25,686578.75,685447.5625,686559.9375
686307,686295.9375,686755.5,685701.1875,689844.75,688551.5,687747.5625,691563.4375,682884.3125,693803.875,691026.1875,692039.5,686290.25,686282.4375,686149.4375,685959.75,685956.375,686031,685972.8125,686185.5,686244,686471.375,686560,685428.875,686540.6875
686295.6875,686275.75,686738.6875,685684.0625,689812,688528.5,687730.625,691550.75,682866.125,693789.3125,691008.625,692024.0625,686281.1875,686269.875,686138.0625,685951.9375,685946.5625,686020.875,685963.375,686176.9375,686237.1875,686465.6875,686557.25,685420.6875,686536.8125
686288.25,686271.25,686729.125,685676.5625,689803.0625,688521.9375,687727.8125,691544,682865.5,693788.1875,691004.875,692019.375,686275.875,686267.375,686131.9375,685950.3125,685940,686019.375,685956.875,686169.0625,686228.5,686454.0625,686546.75,685406.3125,686523.6875
686274.25,686256.8125,686719.5,685668.75,689792.5,688509.6875,687714.9375,691531.25,682853.6875,693771.375,690994.375,692005.125,686257.875,686249.4375,686111.25,685929.4375,685921.625,685998.5,685937.125,686152.75,686213.875,686437.75,686528.1875,685392.375,686508.8125
686256.625,686240.625,686702.5,685652.5625,689766.875,688493.625,687696.9375,691518.25,682837.1875,693753.1875,690975.625,691988.375,686241.75,686236.1875,686099.3125,685915.5625,685906.3125,685985.25,685923.25,686139.375,686198.25,686422.375,686515.6875,685374.875,686495.3125
686242.4375,686227.5625,686687.75,685637.5,689746.25,688479.125,687681.375,691504.25,682823,693740.125,690958.625,691974.3125,686226.8125,686219.9375,686087.4375,685901.3125,685896.375,685972.4375,685911.25,686124.375,686184.3125,686412.125,686504.9375,685360.75,686479.3125
686223.4375,686213,686672.75,685624.75,689730.25,688460.625,687670.625,691492.375,682813.5,693731.3125,690944.75,691963.625,686218.875,686209.75,686076.8125,685891.25,685882.375,685955,685896.25,686111.625,686173,686398.875,686491.875,685352.1875,686473.1875
686219.9375,686205.375,686660.9375,685613.5,689718.25,688452.5,687656.75,691479.25,682805.125,693714.6875,690936.1875,691950.875,686206.9375,686195,686061.5625,685874.5,685868.6875,685945.3125,685887.375,686102.1875,686163.0625,686388.75,686478.75,685336.875,686459.25
686214.4375,686189.3125,686650.875,685604,689703.5,688439.875,687647.5625,691467.875,682796.375,693704.9375,690924.9375,691939.9375,686198.25,686192,686058.8125,685877.25,685856.375,685936.75,685879,686096,686152.5625,686384.25,686472.25,685327.5625,686454.5
686206.5625,686180.25,686644.75,685595.9375,689705.5,688435.875,687643.4375,691467.8125,682797,693701.5,690918.375,691936.75,686194.6875,686186.3125,686049.375,685865,685855.25,685931.9375,685875.375,686087.5,686148.0625,686377.1875,686466.3125,685324.5,686449.125
686195.875,686180.875,686638.6875,685595.9375,689705.875,688431.1875,687635.5,691464.125,682792.5625,693694.6875,690911.5,691929.0625,686184.75,686175.125,686045,685861,685852.8125,685926.625,685870.25,686086.5,686143.75,686373.125,686463.6875,685316.375,686447.8125
686203.8125,686173.8125,686638.4375,685593.25,689711.3125,688434.875,687634.25,691463.375,682797.4375,693699.75,690914.75,691933.25,686192.5,686183.875,686049.9375,685867.1875,685857.125,685934.875,685880.9375,686090.5,686151.625,686379,686467.25,685325.125,686448
686193.875,686178.375,686641.875,685597.875,689728.4375,688438.8125,687639,691470.0625,682802.75,693697.75,690917.25,691933,686194.3125,686184.125,686053.0625,685867,685859.0625,685936.125,685878.8125,686094.375,686151.9375,686381.5,686469.5,685327.75,686453.8125
686210.375,686182.125,686644.75,685602.75,689734.25,688444.625,687641.25,691476.9375,682808.625,693698.1875,690917.375,691933.4375,686197.5,686186.125,686049.875,685869.625,685860.6875,685938.125,685879,686091,686154.4375,686380.9375,686467.25,685325.375,686452.5
686204.5,686182.375,686645,685601.875,689742.25,688448.5,687642.375,691473,682808,693699.875,690914.6875,691932.375,686195.5,686187.4375,686054.125,685871.1875,685863.75,685941,685881.875,686098.6875,686155.6875,686384.9375,686472.4375,685325.3125,686455.9375
686211.375,686183.0625,686647.5,685608,689752.5625,688452,687644.25,691478.4375,682817.125,693702.75,690924.4375,691940.25,686204.25,686190.6875,686053.875,685872.8125,685861.1875,685939.75,685884.125,686095,686156.125,686384.75,686475.0625,685326.625,686458.0625
686209.5,686185.875,686649,685608.625,689760.0625,688453.875,687645.625,691477.8125,682817.375,693705.625,690919.3125,691934.75,686198.625,686188,686055,685868.875,685860.75,685938.0625,685878.625,686091.8125,686150.0625,686376.8125,686468,685318.0625,686451
686194.875,686180.5,686644.6875,685606.125,689753.6875,688447.8125,687633.625,691472.8125,682813,693695.625,690913.4375,691931.3125,686185.0625,686176.3125,686045.3125,685857.8125,685849.625,685928,685870.6875,686082.8125,686140.375,686367.4375,686459.875,685309.5,686445.0625
686186.9375,686173,686635.6875,685597.375,689742.375,688441.5,687630.5625,691461.875,682811.375,693691.625,690911.5625,691924.6875,686181.1875,686176.25,686040.5625,685859.25,685848.625,685924.75,685866,686084.3125,686137.375,686367.8125,686460.625,685308.375,686440.875
686186.25,686173.5,686635.0625,685594,689739.0625,688438,687627.25,691462.8125,682807.5,693689.9375,690905,691925.3125,686181.5625,686170.6875,686040.25,685856.5,685848.8125,685921.3125,685863.875,686078.125,686135.9375,686367.4375,686458.0625,685305.5,686438.375
686185.75,686167,686633.125,685597,689741.25,688442.125,687625.875,691463.4375,682807.8125,693689.9375,690908.6875,691921.3125,686185,686171.9375,686042.8125,685854.875,685849.4375,685922.75,685866.125,686080.5625,686141.125,686371.8125,686458.5,685306.625,686441.8125
686191,686172.75,686635.3125,685597.375,689745.375,688440.125,687630.0625,691464.875,682812.1875,693687.125,690907.375,691919.25,686181.75,686172.625,686037.625,685853.6875,685847.25,685923.875,685863.625,686082.5,686135.9375,686367.625,686455.75,685303.25,686441.1875
686189.75,686171.125,686636.1875,685602,689749.125,688444.6875,687630.375,691467.5625,682814.4375,693694.25,690911.3125,691926.3125,686191.125,686178.1875,686045.5,685858.8125,685853.125,685929.25,685872.1875,686088.0625,686143.375,686374.4375,686466,685308.75,686446.8125
686191.875,686179,686639.625,685601.9375,689755.875,688447.4375,687635.125,691475.25,682820.875,693696,690914.4375,691931.1875,686190.5625,686179.625,686045.25,685861,685852.625,685929.875,685874.375,686087.4375,686146.75,686377.1875,686462.875,685308.1875,686448.0625
686193.0625,686176.9375,686642.875,685605.75,689761.5625,688451.9375,687633.5,691472.5625,682825.5,693693.375,690915,691929.625,686188.8125,686178.875,686044.3125,685859.4375,685856.5625,685929.5,685872,686082,686144.375,686372.25,686459.9375,685304.875,686445
686194.375,686176.625,686637.625,685603.1875,689759.5,688448.6875,687632.4375,691473,682823.25,693693.0625,690910.375,691930.0625,686193.625,686180.125,686043.125,685860.875,685850.25,685932.1875,685874,686083.6875,686145,686376.5,686463,685306.5625,686447.1875
686189.625,686173.1875,686641.3125,685602.5625,689758.375,688446.5,687632.75,691470.625,682823.25,693691,690910.75,691926.5625,686187.375,686178,686043.1875,685856.125,685850.3125,685926.3125,685865.375,686080.5625,686140,686369.625,686458,685296.875,686444
686182.625,686168.6875,686633.75,685601.5625,689751.125,688438.6875,687629.4375,691466.5,682819.5,693689.0625,690907.4375,691920,686180.6875,686170.25,686033.375,685849.25,685839,685921.75,685861.3125,686072.5625,686132.5625,686363.125,686450.5625,685293.1875,686434.75
686180.0625,686160.3125,686625.3125,685595.25,689739.375,688428.625,687617.625,691457.8125,682809.75,693676.625,690894.6875,691911.3125,686168.6875,686156.25,686024.875,685839.3125,685829.75,685905.625,685849.0625,686061.8125,686121.1875,686349.375,686436.75,685277.8125,686422.625
686165.9375,686150.125,686618.75,685586.125,689718.75,688414.3125,687604.9375,691447.75,682799.0625,693671.25,690883.6875,691897.5625,686159,686145.125,686012.8125,685829,685821.5,685893,685835.875,686049.75,686105.6875,686341.1875,686424,685266.5,686413.0625
686151.75,686136.125,686605.6875,685571.75,689698.25,688402.1875,687593.1875,691435.375,682789.875,693655.3125,690872.625,691890.6875,686146.9375,686133.4375,686004.75,685821.8125,685811.625,685890.75,685832.1875,686046.8125,686107.875,686335.6875,686422.8125,685261.75,686409.125
686151.625,686136.1875,686604.25,685573.0625,689695.375,688401.1875,687596.25,691437.5625,682796.5,693659.5,690877.5,691892.25,686160.0625,686147.5625,686017.25,685832.875,685823,685899.375,685842.75,686054.875,686113.8125,686347.75,686431.5625,685271,686421.3125
686168.375,686147.125,686614.125,685583.375,689712.25,688414.375,687601.8125,691443.6875,682808,693668.0625,690885.375,691900.375,686162.75,686152.4375,686017.25,685837.4375,685828.4375,685907.1875,685845.5,686057.75,686121.125,686349,686433.6875,685273.8125,686421.75
686167.625,686149.0625,686612.125,685585.625,689721.125,688416,687606.8125,691446.5625,682810.375,693670.6875,690886.375,691898.6875,686161,686149.5,686013.1875,685829.5,685821.8125,685896.9375,685842.5,686053.75,686112.875,686344.75,686431.875,685265.25,686418.75
686161.25,686143.4375,686608.125,685579.0625,689716.625,688411.875,687600.125,691444.625,682804.6875,693663.8125,690878.6875,691894.6875,686152.75,686143.0625,686010.3125,685825.0625,685814.75,685892.4375,685835.0625,686049.3125,686107.25,686338.75,686422.4375,685259.75,686412.375
686162.375,686141,686606.9375,685577.5,689709.75,688404.125,687598.625,691440.125,682805.5625,693658.1875,690873.125,691888.25,686150.625,686135.875,686008.6875,685820.6875,685813.875,685888.8125,685835.375,686040.875,686103.8125,686339.0625,686420.6875,685257,686411.5625
686160.25,686134.6875,686601.1875,685581.75,689710.3125,688403.75,687596.125,691433.125,682805.625,693657.4375,690876.9375,691891.875,686153.625,686140.6875,686007,685823.125,685817.75,685895.375,685836,686050.0625,686111.3125,686342.4375,686423.8125,685261.9375,686415.125
686156.5625,686138.6875,686609.4375,685579.9375,689718.5,688407.375,687600.125,691440,682810.25,693663.5,690877.5,691892.5,686152.1875,686136.875,686009.0625,685823.625,685815.9375,685895.6875,685834.75,686045.5,686109.5,686339.0625,686427.5,685260.625,686413.875
686160.875,686140.625,686607.1875,685576.875,689720.0625,688409.625,687593.75,691440.25,682809.5,693659,690873.875,691886.625,686150.5,686136,686005.5625,685820.375,685814.125,685888.6875,685830.25,686044.3125,686101.125,686337.875,686421.875,685253.75,686409.625
686150.0625,686133.375,686602.375,685573.5,689712.125,688405.5625,687591.9375,691432.875,682803.25,693654.4375,690868.25,691882.875,686140.75,686126.125,685993.875,685809.125,685799.625,685878.875,685818.8125,686033.25,686088.6875,686321.125,686407.5,685234.0625,686391.3125
686130.5625,686117.1875,686582.1875,685558.5,689682.5625,688380.5,687571.1875,691410.3125,682780.3125,693628.875,690845.5,691861.125,686121.1875,686109.125,685973,685787.875,685781.8125,685855.5,685798.375,686012.8125,686068.5,686301.125,686390.5,685214.75,686372.5
686112.25,686098.6875,686563.8125,685543.875,689649.625,688359.375,687556.25,691401.5625,682770.9375,693621.9375,690833.25,691851.3125,686107.4375,686098.5,685965.0625,685776.8125,685771.25,685846.5,685789.0625,686004.125,686059.9375,686293.375,686379.625,685207,686367.8125
686109.9375,686091.75,686557.8125,685535.9375,689639.875,688355.5625,687547.1875,691392.125,682765.3125,693610.9375,690823.8125,691846.5625,686104,686094.25,685959.3125,685774.875,685769.4375,685844.625,685784.6875,686001.125,686060.75,686289.5,686378.0625,685205.625,686364.5
686101.625,686092.375,686554.75,685537.75,689642.4375,688349.6875,687547.25,691386.875,682768.8125,693611.375,690828,691842.125,686103.625,686093.875,685958.4375,685771.1875,685769.6875,685840.875,685781.8125,685998.4375,686056.5,686289.4375,686376.625,685199.5,686364.3125
686109.875,686091.8125,686554.75,685537.4375,689646.25,688349.25,687542.625,691394.25,682767.875,693609.375,690821.8125,691841.875,686098.375,686085.3125,685950.5,685769.25,685759.5,685837.5625,685779.9375,685993.8125,686049.375,686281.875,686369.375,685195.5625,686357.25
686103.375,686080.5625,686549.4375,685528,689640.5,688345.875,687538.375,691384.75,682766.25,693604.125,690819.875,691835.75,686097.125,686084.75,685950.75,685768.0625,685758.6875,685834.625,685778.375,685992.375,686046.625,686282,686365.0625,685193.75,686352.25
686096.875,686077.375,686547.4375,685526,689640.75,688344.625,687531.875,691381.75,682762.5625,693598.8125,690809.3125,691831.5625,686083.8125,686074.75,685942.75,685755.375,685749.0625,685824.4375,685767.75,685979.375,686034.0625,686269.4375,686354.25,685179.0625,686344.375
686091.5625,686070,686534.875,685521.3125,689628.75,688331.25,687523.375,691373.6875,682754.375,693589.625,690804,691817.875,686079.375,686069,685938,685751.5,685745.0625,685821.875,685762.75,685979.4375,686035.125,686268.0625,686354,685175.6875,686343
686087.4375,686068.125,686535.875,685520.6875,689630.3125,688328.1875,687520.5625,691370.75,682759.75,693590.875,690801.25,691819.125,686082,686070.125,685938.25,685752.375,685743.75,685820.375,685760.125,685975.75,686030.9375,686265.25,686353.0625,685173.5,686341
686078.5,686064,686530.125,685515.3125,689625.875,688326.8125,687521.3125,691369,682755.75,693582.8125,690797.5625,691815.5625,686075.625,686061.8125,685932.125,685746.3125,685736.5,685813.375,685754.875,685969.5,686027.8125,686262.4375,686345.0625,685166.625,686336.25
686074.5,686056.8125,686528.375,685511.8125,689623,688321.5625,687516,691365.125,682750.3125,693578.75,690788.75,691807.5,686067.75,686054.125,685923.25,685738.1875,685729.75,685807.5625,685749,685964.375,686023.125,686255.6875,686338.875,685162.375,686329.25
686078.375,686056.5625,686522.5,685512.625,689619.375,688321.3125,687513.875,691365.75,682756,693579.125,690791,691811.625,686080,686068.4375,685935.0625,685747.25,685741.875,685819.6875,685760.3125,685971.875,686033.8125,686269.25,686353.4375,685171.5625,686343.875
686092.125,686067.5,686537.1875,685518.375,689639.6875,688339.125,687524.6875,691380.0625,682768.125,693589.625,690805.6875,691822.375,686086.3125,686074.5,685941.75,685755.875,685752.625,685830.25,685768.4375,685983.25,686043.1875,686279.6875,686361.75,685183.375,686351.625
686097.125,686072.5625,686543.25,685521.5,689658.0625,688350.3125,687529,691385.3125,682777.5625,693598.1875,690810.75,691826.625,686091.375,686080.125,685949.375,685759.9375,685753.4375,685830.375,685770.9375,685984.0625,686046.125,686275.875,686363.125,685179.3125,686351.9375
686094.375,686076.1875,686544.0625,685526.3125,689663.125,688350.6875,687533.1875,691391.5,682779.375,693593.1875,690805.75,691825.875,686085.25,686073.25,685941.5625,685754.0625,685748.0625,685825.9375,685764.625,685981,686035.75,686271.75,686354.5,685173.625,686346.125
686084,686068.625,686538.1875,685521.9375,689656.1875,688341.5625,687525.0625,691376.125,682771.8125,693587.875,690801.9375,691817.75,686076.375,686061.3125,685930.375,685742.625,685736.9375,685814.375,685752.1875,685970.5,686031.625,686259.25,686345.375,685157.375,686334.4375
686075.5625,686056.3125,686524.9375,685510.3125,689635,688323.625,687509,691365.6875,682756.9375,693573.375,690786.625,691804.875,686061.875,686048.0625,685913.4375,685729.25,685719.9375,685798.875,685737.1875,685951.3125,686011.9375,686244.9375,686327.5625,685142,686317.4375
686058.375,686037.875,686504.25,685493.6875,689602.25,688306.375,687492.375,691346.875,682740.5625,693555.3125,690768.75,691785.6875,686043.6875,686027.25,685899.25,685714.0625,685704.4375,685781.8125,685722.5,685937.4375,685996.1875,686229.3125,686313.125,685127.625,686302.875
686042,686028.0625,686494.75,685484.4375,689578.875,688288.75,687482.25,691334.5,682729.25,693546.1875,690758.1875,691773.8125,686035.75,686015.875,685885.0625,685701.75,685692.25,685767.75,685708.1875,685921.5,685981.5,686216.125,686296.5625,685112.125,686289.625
686031.625,686014.375,686478.5,685468.75,689559.0625,688270.25,687469.3125,691322.375,682718.1875,693529.3125,690744.625,691760.375,686019.875,686002.5,685871.25,685685.125,685678.1875,685755.375,685698.0625,685909.625,685968.875,686204.6875,686288.0625,685096,686275.9375
686008.25,685998,686464.5,685453.6875,689534.625,688253.375,687451.9375,691307.125,682704.25,693515.875,690728.25,691742.75,686002.375,685988.625,685853.875,685670,685661.5625,685738.75,685681.25,685896.625,685953.375,686189,686272.875,685084.25,686259.875
685994.6875,685987.375,686455,685449.375,689522.875,688242.875,687443.1875,691297.75,682696.375,693511.25,690723.375,691739.0625,686001.625,685988.0625,685857.875,685670.375,685662,685738.375,685677.8125,685896.3125,685953,686192.25,686270.875,685086.25,686268.5
686010.9375,685991.875,686459.6875,685453.4375,689537.25,688252.375,687449,691306.125,682711.625,693518.6875,690728.6875,691744.5,686014.0625,685998.6875,685867.5625,685684.9375,685678.125,685755.3125,685696,685912.4375,685969.9375,686205.875,686290.5,685100.3125,686283.25
686020.375,686003.625,686471.5625,685461.5,689566.25,688270.5625,687462.8125,691325.125,682729.125,693532.125,690741.75,691756.625,686027.8125,686012.875,685881.625,685697.375,685689.4375,685767.5,685707,685923.5,685983.375,686218.0625,686299.625,685111.875,686293
686039,686014.25,686484.625,685469.375,689591.375,688286,687473.875,691336.875,682742.8125,693543.25,690754.625,691768.6875,686037.75,686027.25,685893.625,685709.75,685705.25,685780.3125,685718.0625,685932.4375,685992.5,686229.625,686313.4375,685123.4375,686308.875
686050.5625,686028.125,686494.25,685476.5,689616.5,688305,687490.9375,691352.4375,682761.8125,693553.75,690767.8125,691784.75,686051.1875,686038,685905.6875,685721.5625,685711.875,685790.9375,685734.5,685949.75,686007.375,686241.875,686326,685133.625,686318.625
686062.8125,686040.75,686507.75,685486.8125,689638.0625,688323.75,687501.375,691365.5,682775.9375,693565.875,690780.0625,691796.75,686060.5625,686047.375,685915.875,685733,685722,685798.6875,685742.75,685956.625,686013.625,686251.375,686334.125,685139.75,686326.25
686067.4375,686046.875,686513.25,685491.75,689651.125,688327.5625,687506.75,691371.9375,682781.25,693571.9375,690784,691801.3125,686063.5,686046.9375,685915.5,685730.375,685725.875,685800.9375,685739.9375,685954.5,686013.25,686247.5625,686333.25,685135.5,686324.625
686059,686045.3125,686512.5625,685490.375,689649.5,688324.0625,687503.4375,691364.25,682778.8125,693563.25,690778.75,691789.5,686054.25,686037.8125,685908.75,685720,685713.6875,685788.625,685731.25,685942.1875,686000.0625,686232.75,686316.8125,685121.8125,686311.25
686041.625,686030.625,686497.875,685481.3125,689623.8125,688307.5625,687485.75,691347.5625,682763.75,693552.25,690758.5,691774.875,686031.875,686019.375,685887.8125,685704.125,685693.6875,685768.5,685713.375,685924.25,685979.25,686213.75,686299.3125,685103.0625,686291.3125
686027.1875,686012.5625,686478.4375,685468.1875,689586.9375,688281.25,687464.4375,691327.5625,682740.0625,693530.9375,690739,691756.75,686011.8125,685997.1875,685863.125,685681.25,685674.125,685751.75,685689.3125,685901.375,685962.125,686200.5,686280.75,685082,686271.75
686013.6875,685995.25,686465.0625,685457.75,689559.0625,688260,687449.5,691310.625,682724,693516.8125,690726.625,691741.75,686002.4375,685986.1875,685852.875,685669.125,685663.8125,685737.5,685677.375,685891.3125,685948.8125,686185.5,686267.1875,685069.25,686263.375
685994.3125,685984.3125,686450.375,685444.875,689534.6875,688243.8125,687441.375,691302.375,682715.75,693504.6875,690716.5,691731.25,685994.125,685978.1875,685846.5625,685665.5625,685653.875,685730.5625,685670.5625,685886.9375,685945,686182.4375,686266.1875,685063.875,686259.9375
685998.125,685979.25,686446.625,685447.5625,689534.4375,688242.5625,687436.75,691294.25,682715.25,693503.625,690713,691731.25,685992.75,685977.625,685849.875,685664.375,685656.9375,685734.25,685673.875,685889.0625,685948.875,686184.6875,686265,685065,686260.625
685995,685981.875,686451.375,685451.8125,689541.8125,688246.3125,687441.5,691304.0625,682724.6875,693508.375,690719.9375,691734.25,686002.8125,685990,685858.375,685674.6875,685665,685744.375,685684.6875,685897.1875,685956.75,686195.625,686278.0625,685076.25,686273.4375
686005.625,685991.125,686461.75,685459.75,689567,688259.125,687448.875,691316,682739.75,693517.625,690729.6875,691745.875,686012.1875,686002.625,685868.6875,685684.75,685679.4375,685754.0625,685695.375,685909.3125,685970.625,686209.0625,686289.4375,685085.875,686289.3125
686022.375,686004.4375,686472.375,685465.125,689590.3125,688279.6875,687458.6875,691327.125,682753.75,693527.25,690742.5,691756.875,686021.3125,686010.6875,685879.5,685694.0625,685683.0625,685764.625,685703.25,685916.9375,685975.5,686211.125,686294.6875,685092.125,686289.3125
686024.25,686005.875,686479.375,685467.8125,689598.0625,688282.5,687464.9375,691333.375,682756.875,693527.875,690740.3125,691755.75,686016.125,686002,685871.5625,685683.1875,685675.375,685755.25,685694,685909,685967.875,686205.0625,686286.5,685081.25,686278.4375
686012,686001.375,686467,685462,689592.1875,688271.875,687455.6875,691319,682748.6875,693519.125,690732.875,691746.25,686008.625,685994,685865.3125,685680.625,685669.75,685746,685686.125,685900.5625,685959.5,686196,686278.8125,685072.5,686275.5
686007.4375,685991.5625,686463.625,685463.4375,689579.375,688263.125,687449.125,691316.375,682744,693514.9375,690725,691739.9375,686001.25,685987.875,685858.25,685670.75,685664.75,685743.6875,685682.8125,685897.5,685955.9375,686190.9375,686273.6875,685067.5,686269.75
686012,685989.125,686460,685461.3125,689576.8125,688260.5,687443.4375,691312.875,682740.0625,693511.5,690723.0625,691738.5,686000.75,685985.875,685856.1875,685670.3125,685659.625,685738.75,685679.75,685891,685951.1875,686189.75,686268.0625,685060.875,686264.125
685997.75,685981.8125,686454.375,685457.5,689566.625,688251,687438.4375,691306.3125,682739.125,693501.9375,690717,691730.3125,685988.875,685973.8125,685844.3125,685659.6875,685648.25,685730.625,685668.6875,685882.8125,685939.5,686175.375,686257.1875,685050.25,686251.625
685987.5,685972.5625,686448.5,685447.8125,689554.6875,688241.9375,687429.4375,691301,682731,693497.1875,690711.125,691723.5,685986.875,685973.625,685841.3125,685657.125,685649.875,685728.4375,685669.25,685883.5,685943.625,686179.75,686263.6875,685054.4375,686258.0625
685997.25,685976,686450.875,685456.875,689561.875,688247.125,687436.125,691302.5,682735.6875,693504.0625,690716.75,691731.875,685998.75,685980.6875,685854.3125,685669,685659.3125,685739.0625,685679.875,685893.6875,685955,686190.375,686271.9375,685065.25,686270.125
686010.125,685986.75,686458.25,685460.9375,689580.6875,688262.4375,687443.625,691313.75,682749.6875,693511.375,690724.625,691740.9375,686001.5625,685988.5,685858.6875,685671.625,685664.3125,685745.0625,685684.3125,685895.375,685954.0625,686191.3125,686274.6875,685066.125,686271.3125
686008.875,685993.1875,686461.25,685467.25,689590.25,688265.9375,687446.625,691318.875,682760.6875,693515.0625,690721.625,691743.875,686003.25,685987.125,685854.4375,685671.625,685666.8125,685743.4375,685678.5,685893.1875,685951,686188.5,686268.125,685058.125,686267.125
686005.3125,685990.625,686457,685460.3125,689586.5625,688261.8125,687442.8125,691314.6875,682755.5625,693511.875,690718.6875,691737.625,685996.125,685984.3125,685850.125,685666,685657.5625,685734.625,685677.125,685889.875,685951.375,686189.4375,686269.4375,685056.625,686268.4375
686003.125,685989.5,686456.625,685462.5,689586.9375,688265.6875,687445.5,691318.5,682756.625,693513.875,690724.5,691738.125,686002.5625,685986.875,685860.3125,685671.1875,685667.625,685743.6875,685685.25,685899.9375,685957.25,686193.6875,686272.4375,685060.3125,686272.1875
686008.75,685991.1875,686460.75,685464.25,689593.375,688267,687449.25,691317.25,682759.875,693515.625,690721.1875,691739.9375,686001.125,685986.1875,685855.3125,685668.75,685659.4375,685739.25,685681.8125,685892,685950.375,686187.125,686270.625,685055.5,686266.5625
685998.625,685982.5,686454.375,685463.875,689583.5,688255.5625,687438.625,691311.625,682749.4375,693507.125,690712.625,691731.75,685984.9375,685969.0625,685839.5,685652.1875,685650.875,685721.8125,685664.9375,685877.5625,685935.3125,686168.5,686252.1875,685038.6875,686248.1875
685978.6875,685969.375,686438.875,685446.8125,689554,688238.25,687419,691291.25,682733.5,693488.375,690696.5,691710.5625,685964.3125,685946.8125,685817.25,685630.875,685624.6875,685703.25,685642.8125,685854,685913.5,686152.375,686231.375,685015.375,686230.5625
685960.25,685949.25,686416.8125,685428.625,689515.375,688210,687399.3125,691270.6875,682714.6875,693467.375,690676.875,691688.8125,685946.125,685929.375,685797,685613.125,685606.25,685682.125,685621.125,685829.375,685889.9375,686126.375,686209.9375,684996.625,686210.5
685936.1875,685925.0625,686397.625,685406.9375,689481.125,688187.4375,687377.4375,691244.75,682694.5,693446.3125,690652.875,691669.375,685922.875,685905.875,685777.625,685588.75,685586.9375,685660,685599.25,685812.5,685868.25,686107.125,686188.75,684971.125,686188.375
685915,685904.4375,686375.875,685387.25,689444.625,688158.1875,687355.9375,691220.5625,682670.5,693424.125,690628.8125,691646.125,685900.6875,685883.8125,685752.625,685569.3125,685560.375,685636.8125,685578.1875,685787.75,685849.125,686087.875,686164.0625,684946.875,686163.0625
685888.875,685881.5,686354.3125,685364.3125,689408.625,688134.5,687334.4375,691204.625,682654.4375,693402.5625,690608.625,691625.6875,685878.75,685866.125,685736.9375,685548.25,685545.625,685619.25,685559.75,685775.3125,685828.625,686071.125,686150.625,684931.375,686147.5
685875.25,685868.625,686339.125,685352.25,689390.125,688116.5625,687320.3125,691192.375,682640.3125,693388.4375,690594.125,691612.875,685866.875,685856.5625,685722.25,685537.4375,685533.5,685606.3125,685546.75,685760.625,685818.375,686057.5625,686135.125,684917.8125,686134.5
685865.5,685853.75,686326.1875,685339,689378.875,688105.25,687306.25,691178.625,682629.4375,693377.4375,690585.625,691600.875,685858.75,685842.5625,685707.875,685529.3125,685520.5,685595.75,685535.3125,685748.4375,685812.4375,686047.8125,686124.875,684910.0625,686124.0625
685857.75,685843.25,686315.9375,685332.375,689371,688092.625,687295.9375,691166.625,682620.3125,693362.875,690569.625,691586.875,685841.875,685825.375,685695.6875,685509,685504.875,685581.125,685521.8125,685732.875,685790.3125,686031.8125,686106.3125,684889,686108.375
685834.6875,685823.25,686295.625,685313.0625,689351.25,688071,687274.9375,691149.875,682606.75,693345.5625,690551,691563.6875,685820.3125,685810.125,685677,685491.875,685484.875,685560.5625,685501.8125,685713.0625,685769.5,686011.8125,686089.3125,684865.6875,686091.625
685816.9375,685805.875,686279.375,685299.6875,689331.3125,688058.25,687256,691136.125,682588.4375,693327.875,690529.625,691546.25,685805.6875,685789.6875,685659.0625,685471.125,685467.125,685538,685481.5625,685695.625,685751.875,685991.8125,686069.5,684847.875,686069.125
685794.0625,685784,686258.375,685279.375,689309.0625,688035.375,687238.375,691117.4375,682569,693307.75,690510.25,691525.3125,685781.5,685765.5625,685634.75,685450.6875,685443.875,685517.5,685461.1875,685669.125,685729.0625,685971.375,686042.1875,684821.25,686045.3125
685766.5625,685757.875,686231.25,685251.375,689272.625,688003.4375,687209.375,691090.9375,682541.8125,693281.3125,690483,691495.5625,685749.9375,685732.4375,685605.0625,685417.8125,685409.6875,685486.25,685429.125,685639.5,685695.5,685941.3125,686013.5,684792.875,686010.25
685727.875,685727.875,686204.625,685218.875,689229.0625,687971.875,687181.875,691064.3125,682518.125,693250.0625,690455.375,691463.1875,685720.125,685706.125,685578.8125,685390.5625,685381.75,685456.8125,685399.625,685613.75,685668.25,685911,685985.5625,684761.25,685988.4375
685707.625,685703,686182.75,685191,689193.0625,687942.8125,687156.5625,691042.25,682494,693226.25,690433.25,691444,685700.6875,685690.9375,685560.125,685375.0625,685367.75,685440.5,685383.625,685598.6875,685652.75,685895.625,685970.375,684746.625,685971.5
685693.875,685686.125,686166.5,685177.1875,689183.625,687930.3125,687143.875,691030.625,682487,693214.25,690419.125,691433.125,685695.0625,685681.3125,685556.1875,685368.875,685365.875,685437.75,685379,685591.375,685652.75,685893.5,685970.6875,684743,685970.75
685689.125,685685.3125,686163.125,685174.5,689196.75,687933.375,687139.875,691034.4375,682490.6875,693211.8125,690416.375,691431.625,685692.25,685675.75,685548.375,685360.25,685355.875,685430.5,685375.25,685588.625,685642.875,685883.375,685962.375,684735.75,685964.375
685687.4375,685679,686155.5,685176.3125,689201.9375,687931.875,687130.6875,691026.75,682488.0625,693206.1875,690406.625,691423.6875,685683.625,685664.6875,685533.75,685349.75,685341.5,685419.375,685360.375,685573.1875,685628.875,685872.8125,685945,684723.375,685947.1875
685682.375,685664.75,686143.8125,685166.375,689200.625,687921.3125,687121.375,691013.625,682478.375,693196,690395.6875,691412.4375,685672.5,685659.875,685529.9375,685343.6875,685336.875,685413.125,685356.1875,685570,685626.125,685871.125,685947.625,684716.375,685947.25
685683.8125,685664.25,686138.375,685165.0625,689210.6875,687927.8125,687120.6875,691021.375,682481.375,693194.3125,690396.5625,691410.5625,685675.3125,685660.5,685532.625,685346.25,685341.75,685414.25,685360.0625,685572.375,685628,685877.125,685950.125,684719,685951.1875
685685,685669.6875,686144,685175.375,689232,687934,687124.625,691023,682491.1875,693199.75,690401.9375,691418.0625,685680.25,685667.25,685538.4375,685352.375,685345.375,685424,685362.375,685576.5,685637.25,685880.0625,685953.0625,684726.5625,685955.0625
685690.0625,685670.5,686143.6875,685177.5,689248.375,687941.25,687128,691031.875,682502.5,693202.875,690405,691421,685681.75,685667.875,685536.75,685350.6875,685345.6875,685423.875,685362.25,685578.625,685636.9375,685877.1875,685953.375,684722.8125,685957.125
685680.125,685673.8125,686145.9375,685175.5625,689259.6875,687943.875,687122.8125,691031.3125,682498.75,693197.8125,690401.375,691412,685675.9375,685664.9375,685530.375,685342.875,685335.875,685411.8125,685355.125,685566.8125,685627,685868.25,685943.125,684707.75,685942.8125
685667.8125,685658,686131.8125,685166.5625,689248.125,687928.75,687109.6875,691020.5,682487.125,693182.625,690387.1875,691400.625,685656.875,685641.375,685514.3125,685325.6875,685318.5,685394.75,685336.125,685547.1875,685608.375,685851.3125,685926.5625,684692.5625,685924.3125
685652.1875,685639.4375,686114.6875,685151.9375,689224.9375,687908.8125,687094.25,690999.875,682472.8125,693169.375,690368.4375,691387.4375,685644.25,685632,685502.625,685315.6875,685309.0625,685385.375,685325.875,685542.4375,685599,685841.5625,685916.25,684683.0625,685917.25
685652.875,685637.125,686111,685150.625,689215.375,687905.9375,687090.3125,690999.25,682469,693165.25,690368.8125,691383.375,685644.125,685630.125,685500.6875,685313.4375,685308.125,685385,685326.3125,685536.75,685594.6875,685839.3125,685914.25,684679.0625,685913.625
685642.875,685631.9375,686102.8125,685145.875,689219.5,687902.25,687083.1875,690994.375,682467.8125,693159.4375,690359.75,691374.625,685636.875,685624.4375,685495,685306.9375,685302.875,685379.0625,685319.0625,685528.5,685589.3125,685831.375,685906.875,684672.8125,685910.625
685636.75,685623.75,686096.75,685137.8125,689209.9375,687892.8125,687075.75,690983.5,682460.0625,693147.5,690348.8125,691366,685625.125,685612.4375,685485.375,685296.5,685290.75,685363.8125,685308.6875,685523,685579.75,685818.875,685894.9375,684659.9375,685898.875
685624.25,685615.9375,686086.625,685124.625,689197.1875,687880.6875,687064.75,690974.375,682447.75,693135.9375,690341.3125,691354,685613.6875,685600.125,685473.0625,685287.375,685278.125,685352.25,685295.5625,685504.3125,685566.25,685809.0625,685886.8125,684649.75,685886.75
685610.625,685600.375,686073.75,685116.1875,689180.3125,687870.0625,687056.1875,690964.4375,682440.6875,693130.25,690330.875,691346.5625,685605.25,685592.25,685463.1875,685280.125,685267.8125,685348,685288,685502,685559.9375,685802.1875,685874.3125,684641.1875,685880.5625
685604.9375,685595.0625,686069.375,685109.9375,689177.375,687860.5,687048.75,690959.75,682438.6875,693126.75,690323.8125,691341.125,685602.1875,685588.25,685457.75,685270.125,685265.9375,685344.5,685285.0625,685498.75,685554.3125,685799.4375,685875.0625,684635.875,685881.9375
685602.25,685594.75,686068.625,685113.75,689181.125,687861.125,687045.3125,690959.3125,682442.4375,693124.875,690322.125,691338.25,685602,685587.5,685458.0625,685273.1875,685265.875,685341.25,685285.0625,685498.375,685554.625,685800.25,685874.4375,684633.5,685877.8125
685604.25,685593.625,686066.875,685110.3125,689183.75,687863.5,687046.8125,690960.375,682443.5,693123.4375,690322.125,691336.5,685596.875,685587.375,685458.6875,685272.625,685264.4375,685343.25,685284.25,685496.25,685554.9375,685800.5,685878.0625,684635.125,685880.875
685603.5,685593.875,686067.5625,685111.875,689194.125,687867.5,687049.25,690965.3125,682448.125,693127.8125,690326.8125,691340.6875,685604,685592.8125,685465.375,685276.3125,685273.4375,685348.5,685291.1875,685502,685562.1875,685806.9375,685881.3125,684637.875,685886.5
685614.4375,685599.375,686075.625,685118.0625,689209.6875,687879.4375,687056.8125,690974.75,682462.1875,693136.125,690333.75,691348.8125,685616.75,685603.6875,685477.5,685291.625,685283.0625,685361.8125,685302.875,685515.6875,685574.0625,685820.875,685895,684654,685899.875
685626.125,685613.5,686086.125,685127.75,689232.5,687898.125,687071.8125,690988.25,682478.1875,693151.25,690349.6875,691365.625,685629.0625,685621.125,685491.625,685306.125,685301.3125,685376,685318.875,685531.8125,685591.875,685835.125,685905.6875,684667.5625,685913.5
685641.375,685629.125,686102.875,685128.0625,689251.625,687911.625,687083.125,691002.1875,682492.1875,693162,690358.875,691375,685636.3125,685625.125,685495.5625,685311.625,685306.875,685380.3125,685321.75,685534,685591.25,685838.4375,685911.5,684665.5,685914.25
685645.5,685631.125,686104.25,685122.75,689260.0625,687918.1875,687085.3125,691007.625,682497.5,693161.625,690359.3125,691374.0625,685637.5625,685623.25,685492.125,685309.625,685302.1875,685379,685321.75,685534.0625,685589,685833.75,685912.375,684663.75,685918
685644.125,685629.75,686099.625,685127.1875,689259.125,687914.375,687081.5,691004.875,682494.4375,693158.25,690356.875,691371.8125,685631.3125,685617.625,685487.25,685302.75,685297,685371.5625,685310.5,685524.9375,685582.8125,685830.125,685902.5,684657.625,685905.875
685635.75,685619.9375,686093.875,685126.625,689245.3125,687905.375,687073.4375,690994.5,682488,693152.5625,690347.125,691364.625,685624,685614.375,685483.4375,685297.5625,685292.1875,685367.5,685308.5,685524.9375,685577.1875,685822.75,685897.875,684648,685904.6875
685625.9375,685615.6875,686090.5625,685127.875,689235.5,687898.875,687066.375,690990.0625,682484.125,693147.75,690341.375,691355.6875,685621.1875,685606.9375,685476.5625,685293.5,685285.375,685361.875,685301.5625,685514.25,685572.625,685816.75,685891.375,684644.5,685896.625
685620.375,685612,686086.125,685127.125,689230.9375,687893.4375,687067.125,690985,682484.4375,693146.5,690342.25,691360.25,685624.9375,685612.5625,685483,685299,685296,685366.75,685309.75,685520.3125,685586.75,685825.125,685902.125,684652.25,685912.125
685641.25,685625.125,686100.3125,685138.25,689244.125,687907.25,687082.375,691001.8125,682501.25,693158.375,690358.875,691375,685642.75,685632.1875,685502.4375,685320.0625,685311.9375,685389.0625,685329.3125,685545.125,685601.625,685853,685924.125,684673.25,685932.25
685663.625,685643.875,686119.4375,685151.25,689273.375,687933.25,687104.625,691022,682528.4375,693181.5,690382.5625,691392.875,685662.1875,685650,685520.0625,685334.625,685326.375,685407.25,685343.8125,685555.875,685615.9375,685861.25,685936.9375,684682.875,685941.1875
685673.8125,685654.6875,686128.6875,685146.375,689280.9375,687941.125,687110.9375,691029.625,682534.125,693184.6875,690383.0625,691401,685660,685647.8125,685519.9375,685332.125,685324.3125,685403.25,685346.25,685557.1875,685613.0625,685855.5,685932.1875,684678.6875,685938.125
685670.3125,685649.375,686123.4375,685145.75,689277.625,687939.25,687103.625,691025.75,682529.25,693178.8125,690376.125,691394.4375,685649.375,685636.125,685506.375,685320.3125,685311.125,685391.125,685333.8125,685546.9375,685601.375,685846.625,685921,684668,685926.25
685655.25,685638.1875,686115.9375,685142.1875,689260.125,687923.1875,687093.6875,691010.375,682516.875,693167.125,690369.5,691380.75,685638.25,685628.8125,685496.75,685310.75,685307.75,685380.625,685322.1875,685538.625,685594.625,685839.125,685913.875,684656.3125,685918.875
685648.5,685631.625,686109.3125,685141.9375,689250.375,687917,687088.5,691006.75,682514.25,693163.375,690362.5625,691378.75,685638.25,685625.5625,685495.9375,685312.5,685303.375,685379.0625,685323.25,685532.625,685593.875,685842.25,685912.8125,684658.8125,685922.75
685652.8125,685633.25,686112.875,685151,689254.4375,687919.0625,687092.1875,691009.3125,682520.375,693165.9375,690365.625,691382.4375,685642.5,685634.5,685503.375,685317.875,685313,685389.25,685329.875,685542.25,685601.5,685848.375,685920.25,684667.625,685927.125
685655.3125,685640.6875,686117.25,685159.6875,689261.75,687925.5625,687095.5625,691014.5,682524.4375,693173.875,690373.875,691387.75,685651.5,685637.625,685507.75,685321.875,685321.125,685391.625,685338.75,685550.375,685608.375,685853.1875,685929.125,684672.875,685938.625
685671.3125,685647.4375,686123.375,685165.75,689270.625,687932.375,687105.0625,691026.8125,682536.3125,693182.25,690381,691397.8125,685658.625,685651.5,685520.5625,685332.375,685327.8125,685399.625,685345.25,685556.625,685616.75,685864.3125,685937.875,684681.3125,685944.875
685680.5,685656.625,686134.75,685172.1875,689286.75,687940.75,687115.375,691033.375,682547.375,693189.375,690391.3125,691405.0625,685669.5,685653.8125,685526.125,685340.25,685333.6875,685405.75,685352.8125,685563.1875,685623.25,685868.25,685943.625,684684.6875,685950.125
685684.3125,685663.0625,686135.125,685170.9375,689293.625,687947.375,687115.0625,691038.4375,682551.75,693190.6875,690392.1875,691409.9375,685667.5625,685657.4375,685526.5,685342.5,685335.875,685406.3125,685354.125,685565.375,685623.75,685870.875,685941.375,684682.75,685954.5
685686.3125,685662.75,686136,685170.25,689289.6875,687948.0625,687118.5,691037.8125,682553,693190.5,690390.3125,691408.1875,685668.4375,685657,685524.6875,685344.0625,685333.75,685405.125,685352,685564,685623.4375,685870.875,685939.9375,684683.6875,685949.4375
685690.0625,685663.625,686138.125,685179.6875,689294,687950.3125,687120.125,691036.5,682557.5,693195.6875,690396,691411.125,685670.625,685662.1875,685533.4375,685347.875,685340.5625,685417.5625,685358.1875,685574.75,685629.75,685882,685952.25,684691.875,685960.75
685706.9375,685674.875,686148.25,685188.4375,689306.375,687963.25,687132.25,691054.6875,682570.6875,693210.5625,690408.4375,691424.5,685688.875,685674.5,685547.75,685363.375,685356.9375,685429.0625,685375.0625,685588.6875,685643.4375,685893.6875,685966.3125,684700,685974.375
685724,685687.5625,686162,685196.3125,689322.625,687975.0625,687143.75,691061.3125,682585.3125,693220.375,690422.1875,691437.25,685700.625,685690.9375,685560.875,685377.875,685367.8125,685445.25,685389.25,685601.75,685659.4375,685905.5625,685976.8125,684714.75,685987.5
685746.875,685702.5,686176.125,685203.0625,689336.125,687992.75,687158.6875,691078.1875,682601.25,693233.0625,690435.3125,691452,685716.5,685706.125,685579.875,685393.8125,685386,685459.3125,685406.9375,685618.375,685676.5625,685926.125,685995.0625,684732.5625,686005.875
685767.25,685718.375,686192.1875,685214.0625,689349.875,688014.6875,687174.625,691096.5625,682622.5,693253.4375,690453.6875,691469.875,685734.75,685724.3125,685595.625,685412.125,685402.4375,685476.25,685419.375,685633.25,685690.0625,685938.6875,686013.125,684749.6875,686022.5625
685783.0625,685734.75,686205.5,685222.125,689360.5,688025.5625,687187.375,691112.125,682636.375,693264,690466,691480.0625,685740.875,685730.125,685599.6875,685413.6875,685411.3125,685484.5,685424.3125,685643.0625,685699.375,685946.3125,686016.8125,684747.625,686026.875
685784.0625,685734.0625,686210.5,685222.1875,689358.25,688030.0625,687188.875,691113.875,682639.5,693263.0625,690463.125,691475.9375,685736.5,685726.1875,685598,685412.375,685404.6875,685476.625,685419.4375,685635.3125,685692.4375,685940.625,686012.4375,684739.75,686018.6875
685772.5,685728.4375,686203.75,685222.5625,689353.4375,688020.9375,687180.75,691099.5,682625.6875,693253.375,690455.125,691470.375,685723.875,685714.6875,685584.3125,685400.125,685390.125,685467.375,685407.8125,685620.75,685678.8125,685927,685995.9375,684725.9375,686006.1875
685761.375,685716.75,686195.0625,685221.5,689331.1875,687999,687166.625,691086.25,682615.25,693241.8125,690443.8125,691457.875,685710.5625,685702.125,685570.6875,685385.75,685378.6875,685451.875,685395.6875,685609.6875,685664.9375,685909.375,685982.25,684712.125,685994.125
685743.875,685703.25,686181.25,685220,689307.5625,687982.5625,687155.5625,691070.0625,682601.125,693228.625,690429,691442.5,685694.625,685683.6875,685556.1875,685370.125,685362.1875,685435.9375,685379.3125,685592.375,685650,685896.875,685968.375,684698,685977.4375
685728.8125,685689.3125,686167.1875,685212.375,689285.75,687966.75,687138.8125,691053.75,682584.6875,693215.3125,690414.4375,691427.75,685682,685674.5,685540.375,685356.75,685350.125,685422.125,685366,685580.6875,685638.4375,685884.75,685958.875,684684.9375,685964.4375
685720.375,685676.9375,686156.5,685211.8125,689268.125,687952.75,687131.1875,691045.25,682574.4375,693206.125,690409.125,691420.6875,685675.625,685666.375,685538.8125,685352.75,685345.625,685416.5625,685360.25,685576.5625,685634.3125,685876.625,685952.1875,684680.875,685961.5
685715.625,685671.3125,686150.375,685210.75,689262.5625,687941.9375,687126.1875,691036.9375,682571.3125,693202.125,690400.875,691414.875,685670.25,685658.0625,685530.875,685343.1875,685336.1875,685412.4375,685354.9375,685567.75,685626.3125,685874.125,685943.5,684669.25,685953.1875
685707.375,685662,686142.25,685201.75,689251.75,687931.9375,687114.875,691028,682565.5,693192.75,690389.4375,691399.625,685656.5625,685645.9375,685519.25,685327.75,685321.5625,685395.9375,685337,685550.6875,685607.625,685853.375,685926.9375,684652.25,685937.625
685679.125,685641.8125,686126,685193.4375,689228.25,687913.375,687097.375,691011.625,682545.0625,693173.4375,690367.875,691382.875,685634.3125,685626.8125,685499.625,685311.875,685303.25,685375.625,685320.5,685532.625,685589.5,685839.375,685909.4375,684636.8125,685922.25
685662.8125,685633.0625,686109.6875,685178.4375,689207.5625,687897.4375,687083.875,690997.1875,682534.5,693157.5625,690357.5,691374.9375,685623.625,685614.75,685484,685299,685291.9375,685364.625,685307.125,685522,685582.1875,685827.5625,685894.9375,684622.875,685906.5
685644.6875,685619.125,686099.0625,685166.1875,689188.625,687878.4375,687067.875,690985.5,682524.375,693148.4375,690344.375,691358.8125,685611.125,685604.9375,685476.3125,685286.9375,685280.0625,685353.8125,685299.9375,685512,685569.4375,685818,685887.125,684615.5625,685898.8125
685629.9375,685606.125,686088.75,685159.25,689180.0625,687869.4375,687062,690975.0625,682517.5625,693137.875,690332.5,691351.9375,685603.125,685595.25,685466.3125,685279.25,685273.1875,685349.25,685291.375,685503.25,685563.4375,685811.125,685880.125,684604.4375,685892.375
685625.6875,685601.1875,686083.6875,685155.5625,689180,687864.125,687054.625,690975.6875,682516.5625,693131.5625,690332.1875,691345.5625,685604.0625,685596.375,685466.875,685280.9375,685275.625,685347.8125,685290.9375,685503.5,685563.5,685813.0625,685883.25,684604,685893.6875
685625.125,685603.625,686087.75,685158.1875,689187.125,687872.4375,687058.6875,690978.625,682524,693138.1875,690335.6875,691349.5,685608.4375,685600.625,685473.75,685286.375,685282,685356.1875,685299.125,685512.5625,685572.5,685820.5,685888.0625,684614.3125,685904.375
685635,685611.25,686094.25,685161.5,689207.5625,687880.875,687066.875,690986.3125,682535.5625,693144.3125,690342.1875,691356.25,685611.9375,685603.75,685475.25,685290.25,685283,685359.875,685301.5,685511.1875,685571.5,685819.6875,685889,684610.625,685901.1875
685631.5,685610.0625,686089.4375,685159.0625,689211.3125,687883.4375,687065.5,690986.1875,682535,693138.875,690337.5625,691352.25,685609.25,685601.625,685473,685287.375,685279.0625,685352.375,685295.75,685508.1875,685565.9375,685813.375,685885.6875,684603.375,685896.125
685623.4375,685601.8125,686085.125,685154.375,689210.3125,687876.5625,687056.1875,690980.125,682533,693137.375,690331.1875,691346.5625,685603.0625,685596,685467.5,685281.75,685274.9375,685348.25,685292.5,685504,685564.25,685811.875,685884.875,684599.3125,685894.875
685617.125,685602.5625,686082.75,685152,689207.75,687875.9375,687053.875,690980.0625,682531.9375,693133.375,690328.1875,691346.3125,685597.375,685592,685461.875,685278.375,685269.0625,685342.5,685288.125,685499.0625,685556.75,685806.125,685873,684591.1875,685890.5
685610.9375,685591.5,686074.0625,685145.9375,689204.625,687866.5625,687047.1875,690972.5625,682526.1875,693124,690321.5625,691336.75,685589.375,685582.25,685453,685268.75,685261,685335.5625,685277.25,685491.625,685549.625,685798.5,685867.375,684584.125,685881.875
685600.25,685586.625,686070.375,685142.5625,689198.1875,687862.375,687039.5,690967.1875,682524.3125,693119.75,690315.75,691332.25,685586,685573.25,685446.875,685261.1875,685252.125,685329.9375,685273.25,685484.5,685542.25,685792.25,685861,684577.1875,685876.375
685594.625,685580.125,686064.6875,685135.5625,689191.5625,687859.125,687034.875,690966,682519.3125,693114.6875,690308.625,691324.6875,685581.25,685571.8125,685444.9375,685258.0625,685250.9375,685326.75,685271.75,685480.125,685538.625,685790.6875,685857.5,684573.25,685869.375
685590.5625,685580.6875,686063,685130.25,689187.4375,687855.875,687031.9375,690960.6875,682515.625,693109.0625,690305.5,691319.125,685575.875,685568.875,685439.75,685257.625,685245.625,685319,685264.875,685481.375,685536.375,685786.5625,685856,684567.4375,685868.75
685584.3125,685577,686059.875,685133,689189.125,687853.75,687030.625,690960.75,682518.375,693110.6875,690305.125,691323.375,685578.0625,685570.25,685440.875,685253.875,685248.5,685325,685267.375,685479.375,685537.5,685785.75,685855,684568,685869.125
685580.125,685576.375,686056.1875,685133.6875,689190.875,687849.5,687028.75,690958.8125,682518.75,693106.75,690304.375,691318.8125,685573.0625,685570.5625,685436.875,685253.125,685246.375,685320.5625,685261.9375,685475.375,685533.0625,685780.625,685851.125,684566.625,685865.625
685583.625,685570.5625,686058,685131.625,689186.125,687848.1875,687026.25,690959.3125,682518.1875,693104.375,690300.9375,691318.4375,685571.9375,685566.1875,685438.0625,685247.8125,685245.6875,685319.75,685258.5,685474.9375,685529.5,685778.125,685851.125,684561.875,685864.5
685582.5625,685572.125,686050.6875,685122.25,689188.6875,687846.1875,687022.4375,690956.3125,682518.4375,693102.1875,690298.25,691313.875,685567.125,685562.25,685434.4375,685247.4375,685243.25,685315.375,685257.625,685471.1875,685530,685779.0625,685850.5,684561.75,685862.375
685586.25,685568.8125,686055.75,685127.875,689189,687847.625,687022.875,690954.6875,682519.6875,693105.6875,690298.6875,691316.625,685570.25,685566.125,685438.875,685250.875,685249.75,685321.8125,685263.5,685477.1875,685536,685784.75,685856.1875,684561.1875,685867.875
685590,685572.125,686056.1875,685132.25,689198.1875,687850,687026.125,690957.25,682529.25,693104.9375,690302.5625,691314,685570.5625,685565.5625,685438.1875,685250.125,685245.75,685319.0625,685260,685476.875,685532.375,685780.5625,685852.625,684561.8125,685866.8125
685588.375,685568.625,686051.875,685128.125,689197.875,687856.1875,687023.625,690962.4375,682528.5,693108.25,690301.375,691314.875,685570.25,685565.9375,685433.75,685251.625,685245.5,685319.625,685259.9375,685475.3125,685534,685785.5,685854.875,684559.125,685866.9375
685590.5625,685574.0625,686057.5,685134.6875,689201.25,687855.25,687028,690964.125,682536.9375,693109.25,690305,691322,685579.375,685573.5,685441.375,685259.125,685250,685325.6875,685271.75,685482.5,685543.1875,685794.5,685861.75,684568.5,685874.4375
685605.3125,685578.625,686063.75,685137.375,689215.75,687865.5625,687039,690976.1875,682546.125,693121.125,690315.5625,691330.3125,685590.6875,685586.1875,685454.3125,685271.5,685265.125,685336.8125,685280.5,685494.4375,685556.1875,685805,685871.8125,684575.6875,685890.3125
685613.75,685588.6875,686069.6875,685137.25,689228.25,687882.5,687048.1875,690984.9375,682563.4375,693128.1875,690325.5625,691341.3125,685595.25,685594.25,685463.4375,685275.3125,685272.1875,685345.625,685287.8125,685501.3125,685563.625,685809.5,685880.25,684583.6875,685895.625
685623.5,685601,686080.875,685137.5,689239.0625,687890.0625,687058.1875,690994.6875,682571.1875,693137.25,690333.4375,691350.875,685604.75,685603.375,685473.25,685288.125,685282.25,685358.6875,685299.875,685514.3125,685575.25,685823.8125,685889.5,684595.5625,685907.375
685628.625,685611.9375,686088.125,685145,689250.3125,687903.0625,687065.5625,691006.5,682585,693149.25,690347.8125,691360.5625,685614.875,685616.8125,685484.375,685298.625,685292.5,685369.375,685310.9375,685524,685584.625,685834.3125,685904.75,684608.375,685920.625
685640.375,685623.1875,686103.0625,685156.5,689268.1875,687919.6875,687080.125,691020.5,682600.25,693161.75,690356.9375,691373.0625,685631.5,685628.75,685499.5,685315.6875,685310.5625,685383.4375,685324.375,685538.25,685594.25,685846.1875,685914.875,684617.8125,685932.375
685655.125,685634.4375,686115.75,685159.9375,689278.125,687934.0625,687091.9375,691035,682614.4375,693174.4375,690371.875,691389.0625,685646.25,685643.0625,685514.75,685329.4375,685322.875,685399.0625,685342,685554,685612.5,685862.625,685935.3125,684635.125,685951.8125
685675.75,685651.75,686132.625,685171.75,689291.25,687952.5625,687108.8125,691051.75,682630,693190.625,690386.75,691403.8125,685660.5625,685659.875,685529.75,685342.625,685336.5625,685415.5625,685354.3125,685567.1875,685624.25,685881,685944.4375,684649.625,685961.3125
685687.875,685669.3125,686145.3125,685173.375,689304,687966.1875,687123.875,691062.5,682649.3125,693202.8125,690402.8125,691416.25,685675.25,685674.9375,685543.5,685357.625,685351.5,685429,685371.3125,685583.875,685636,685894,685962.5625,684660.75,685979.4375
685707.375,685683,686162.8125,685181.5625,689316.25,687984.9375,687140.3125,691081.8125,682666.75,693220.5,690417.5625,691432.1875,685690.75,685688.0625,685558.6875,685373.875,685368.4375,685445.25,685386.9375,685598.75,685658.6875,685908.4375,685977.875,684676.3125,685993.6875
685723.6875,685698.8125,686176.8125,685186.1875,689329.25,687998.5,687151.5625,691095.25,682682.5,693233.125,690434.3125,691448,685701.8125,685699.125,685570.125,685386,685380,685454.875,685397.125,685608.75,685667.4375,685919.0625,685986.1875,684684.875,686002.1875
685735,685706.875,686187.8125,685198.625,689335.875,688006.625,687160.375,691098,682688.625,693238.125,690434.875,691450.375,685704.875,685700.6875,685572.625,685383.25,685380.6875,685450.0625,685394.0625,685608.25,685665.75,685918.0625,685984.4375,684684.6875,686001.75
685722.4375,685705.25,686184.4375,685210.375,689334.625,687999.875,687154.25,691091.5,682685.0625,693235.5625,690430.375,691445.375,685694.4375,685690.5,685558.4375,685372.1875,685370.375,685441.75,685384.9375,685598.375,685654.875,685908.375,685975.375,684670.625,685991.25
685711.5625,685692.8125,686176.1875,685211.9375,689320,687989.9375,687144.3125,691080.5,682670.0625,693224.375,690422.4375,691438.25,685684.125,685682.125,685551.125,685366.25,685359.0625,685433.25,685378.1875,685586.1875,685649.25,685898.625,685966.625,684661.5,685982.8125
685701.25,685686.875,686171.1875,685223.375,689310.625,687979.3125,687139.3125,691071.125,682665.0625,693219.5,690416.9375,691432.75,685685.3125,685680.9375,685554.5,685366.8125,685362.5,685436.5625,685381.125,685593.0625,685654.4375,685905.6875,685973.375,684668,685988.875
685711,685694.375,686178.1875,685234.75,689321.375,687984.125,687151,691081.125,682679.375,693230.25,690433.125,691446.1875,685702.625,685703.8125,685575.75,685388.25,685384.0625,685458.75,685400.9375,685614.3125,685673.375,685928.1875,685993.75,684687,686015.6875
685740.6875,685714,686197.4375,685253.5,689347.4375,688009.125,687173.0625,691102,682701.875,693255.5,690452.5,691467.4375,685723.0625,685717.125,685586.75,685403.4375,685396.625,685472.4375,685416.3125,685627.5625,685685.5625,685939.25,686007.25,684695.5,686025.125
685749.4375,685722.5,686205.875,685259.0625,689355.625,688017.4375,687178.375,691108.5,682709.6875,693256.5625,690453.125,691467.4375,685717,685713.0625,685588.875,685397.375,685393.625,685465.0625,685408.25,685620.25,685676.25,685930.75,685995.5625,684685.75,686012.875
685726.5625,685715.25,686197.875,685252,689341.625,688002.8125,687164.4375,691096.125,682697.8125,693244.25,690438.625,691454,685697.875,685693.625,685564,685378.8125,685372,685446.25,685385.0625,685598.0625,685659.125,685910.125,685976.8125,684665.75,685991.9375
685705.0625,685692.8125,686180.3125,685242.375,689311.75,687976.1875,687146.3125,691075.125,682672.5625,693223.25,690419.25,691432.5,685675.125,685674.875,685546.5625,685361.75,685352.875,685429.9375,685372.375,685584.125,685640.625,685893.8125,685961.375,684649.25,685977.375
685692.1875,685679.375,686164.875,685241.375,689287.5625,687956.3125,687131.75,691053.875,682661.1875,693212.5625,690409.125,691424.6875,685666.75,685667.8125,685538.0625,685352.25,685348.1875,685420.9375,685365.875,685573.625,685635.5,685885.625,685949.875,684642.25,685971.5625
685674.375,685670.625,686156.5625,685240.125,689273.1875,687945.625,687124.9375,691050,682650.9375,693202.8125,690397.1875,691411.625,685658.125,685658.6875,685529.25,685343.6875,685335.375,685410.625,685355.5625,685565.9375,685623,685876.625,685942.1875,684631.1875,685962.875
685665.625,685660.6875,686149.625,685232.4375,689262.75,687933.375,687112.625,691045.5,682646.1875,693195.0625,690391.8125,691408.25,685651.375,685653.375,685525.875,685336.8125,685329.625,685406.375,685347.875,685562.1875,685618.25,685870.25,685940.5625,684625.0625,685957.4375
685660.6875,685656.875,686145.6875,685233.8125,689256.5,687928.8125,687109.9375,691037.375,682645.625,693190.3125,690388.75,691401,685649.75,685647.1875,685518.875,685332,685328.0625,685402.4375,685344.6875,685561.875,685614.4375,685867.625,685935.875,684620.3125,685953.8125
685653.875,685654.4375,686143.125,685232.625,689261.75,687925.0625,687107.8125,691039,682646.3125,693188,690385.9375,691397.25,685647.75,685645.125,685519.875,685330.5,685326.1875,685402.875,685341.9375,685555.875,685612.8125,685867.5,685930.3125,684617.25,685950.9375
685647,685648.4375,686138.75,685226.875,689258.5,687922.75,687102.75,691034.5,682642.25,693183.375,690377.1875,691394.6875,685639.0625,685639.0625,685508.25,685324.4375,685318.25,685388.125,685333,685544,685602.8125,685857.375,685921.875,684605.6875,685941.125
685622.625,685640.125,686132.75,685223.375,689247,687909.3125,687090.125,691018.5,682630.25,693168.875,690368.25,691379.9375,685623.1875,685621.875,685489.375,685305.25,685299.125,685371.8125,685314.875,685529.125,685586.5625,685837,685903.0625,684589.125,685922.4375
685600.3125,685622.8125,686113.1875,685207.4375,689222.8125,687891.5625,687073.6875,691003.25,682616.75,693156.25,690351.25,691362.5,685607.8125,685608.625,685477.4375,685294,685287,685361.5,685301.9375,685514,685574.125,685827.5,685890.75,684573.875,685908.4375
685585.5625,685608.375,686099.25,685200.5,689205.875,687880.0625,687061.9375,690990.5625,682607.5625,693144.5,690340.5,691355.5,685600.0625,685599.3125,685469.125,685285.25,685279.625,685354.6875,685297.75,685505.625,685567.5625,685821,685885.6875,684567.625,685905.9375
685583.1875,685606.8125,686095.5625,685193.75,689203.5,687873.625,687060.125,690990.5625,682604.4375,693139.875,690335.75,691353.4375,685600.3125,685599.9375,685468.8125,685285.5625,685281.875,685355.9375,685294.6875,685503.875,685567,685820.6875,685884.6875,684568.6875,685905.5625
685583.4375,685605.625,686094,685193.75,689206.875,687878.8125,687061.3125,690996.9375,682615.3125,693143.875,690339.875,691352.4375,685607.5625,685607.4375,685477.8125,685294.25,685286.875,685362.25,685307.125,685516.5,685576.875,685831.1875,685896.25,684574.6875,685917.75
685592.8125,685615.5625,686101.8125,685199.9375,689228.1875,687893.6875,687066.5,691005.625,682626.1875,693150.875,690350.625,691363.375,685615.0625,685613.625,685485.75,685295.5,685292.125,685367.5625,685311.3125,685523.625,685583.25,685834.9375,685900,684581.625,685920.5625
685590.75,685619.125,686104.75,685197.1875,689241.9375,687895.5,687075.75,691012.625,682631.8125,693152.75,690350.6875,691362.75,685613.125,685612.4375,685485.3125,685296.125,685292.4375,685365.75,685307.5,685519.5,685576.3125,685829.375,685896.1875,684572.875,685917.25
685587.5,685613.4375,686099.9375,685195,689241.5625,687895.875,687069.75,691010.3125,682629.125,693151,690345.5,691359.6875,685607.25,685609.6875,685484.4375,685295.0625,685287.1875,685363.25,685305.6875,685516.9375,685576.375,685831.1875,685895.375,684571,685917.375
685585.375,685614.75,686100.3125,685196.875,689243.5,687896.25,687066.8125,691008.4375,682633,693152.625,690344.6875,691359,685605.5,685610.25,685478.125,685294.5,685292.5,685363.875,685305.5,685517.75,685577.8125,685833.75,685895.6875,684571.75,685920.625
685589.625,685618.0625,686101.9375,685196.75,689247.4375,687898.875,687068.375,691010.375,682639.25,693150.25,690346.875,691360.625,685609.3125,685611.125,685484.125,685297.375,685291.75,685365.25,685310.5625,685522.5,685580,685836.8125,685899.0625,684573.875,685921.75
685590.0625,685619.3125,686103.8125,685195.5,689252.4375,687901.3125,687070.75,691010.875,682641.5625,693152.375,690347.375,691364,685608.375,685612.5625,685483.5,685298.75,685293.375,685368.1875,685310.375,685524,685580.875,685838.4375,685894.4375,684576.8125,685922.875
685592.5,685620.0625,686108.375,685200,689253.875,687903.375,687070.875,691016.5,682645.5,693154.875,690347.75,691364.6875,685612.75,685618,685489.625,685299.625,685297.4375,685369.4375,685316.5625,685525.625,685583.875,685842.875,685902.5,684577.25,685925.375
685593.6875,685619.0625,686107.5625,685198.875,689261.1875,687905.75,687073.625,691016.1875,682647.75,693157.75,690353.5,691366.5,685610.375,685614.25,685485.375,685298.75,685290.875,685366.75,685309.375,685521.75,685582.8125,685838.4375,685896.9375,684572.5,685922.75
685586.5,685617.75,686108.4375,685204.3125,689259.9375,687902,687070.5625,691015.9375,682648.5,693154.0625,690351.3125,691362.8125,685611.5625,685616.25,685486.125,685298.1875,685295.5625,685369.375,685312.8125,685524.3125,685582.25,685839.75,685895.9375,684573.5,685922.25
685590.125,685618.625,686106.9375,685202.875,689259.9375,687907.5,687072.4375,691015.375,682648.4375,693152.8125,690348.75,691360.6875,685608.0625,685610.6875,685480.9375,685293.375,685287.5625,685360.125,685305.3125,685516.5625,685575.875,685832.75,685893.125,684563.875,685914.75
685585.5625,685612.75,686101.5,685195.25,689248.0625,687893.8125,687063.625,691007.8125,682639.9375,693144.25,690341.5,691352.5,685596.125,685598.25,685472.625,685286.1875,685280.5625,685353.125,685293.375,685506,685567.1875,685825.75,685883.8125,684554.0625,685908.25
685576.5,685605.5625,686095.6875,685188.5,689238.0625,687886.5,687059.4375,691000.125,682640.25,693137.625,690335.5,691349.25,685593.0625,685599.9375,685467.4375,685284.0625,685275.375,685353.625,685294.875,685505.9375,685564.125,685823.875,685884.6875,684551.375,685909.4375
685581.625,685605.625,686094.6875,685195.125,689238.5,687888,687061.5,691004.3125,682640.5625,693144.25,690339.3125,691353.375,685599.75,685607.125,685478.8125,685290.625,685283.6875,685360.6875,685301.125,685516.1875,685575.5625,685830.5625,685891.9375,684559.375,685915.0625
685590.0625,685612.75,686106.875,685200.6875,689252.8125,687900.375,687068.0625,691014.875,682653.125,693153.125,690350.75,691360.5,685609.5,685616.9375,685485.375,685299.75,685291.9375,685372.25,685312.8125,685524.875,685582.875,685843,685903.625,684566.375,685924.3125
685598.0625,685621.875,686113.6875,685207,689264.125,687906.375,687078.375,691019.75,682661.1875,693158.625,690352.5625,691367.875,685611.375,685621.3125,685489.3125,685299.5,685292.5625,685370.25,685312.5,685524,685586.3125,685836,685901.8125,684566.875,685923.75
685591.9375,685620.75,686106.8125,685202.4375,689259.375,687906.875,687072.625,691017.375,682660.25,693152.8125,690348.375,691366,685604.6875,685609.375,685477.375,685289.375,685286.875,685361.5625,685303.6875,685516.8125,685574.0625,685828.5,685888.5,684556.1875,685915.0625
685570.5,685610.75,686097.75,685192.5625,689246.25,687895,687060,691005.375,682645.25,693141.75,690334.25,691349.4375,685588.5,685593.25,685464.0625,685278.75,685271.625,685344.4375,685286,685500.3125,685557.5,685811.875,685877.375,684539.4375,685901.125
685554.625,685593.8125,686087,685179.9375,689221.1875,687874.625,687050.0625,690990.5,682635.75,693127.1875,690323.1875,691334.6875,685576.5,685580.0625,685449.875,685265.3125,685259.3125,685335.75,685275.75,685487.25,685544.625,685800.125,685862.375,684526.9375,685885.9375
685545.25,685582.375,686073.625,685174.9375,689206.125,687861.375,687036.1875,690980,682625.875,693118.1875,690313.5,691326.625,685564.6875,685574.6875,685446.5,685258.375,685253.4375,685331,685270.25,685483.5,685542.75,685797.8125,685862.1875,684522.4375,685886.25
685543.375,685577.375,686070.9375,685175.375,689199.875,687859,687036.1875,690980.9375,682628.875,693116.8125,690314.9375,691328.875,685573.0625,685579.75,685453.1875,685264.375,685259.4375,685334.9375,685276.9375,685493.5,685547.4375,685805.625,685867.125,684529.375,685890.375
685551.3125,685587.4375,686079.25,685184.3125,689214.125,687869.125,687044.125,690992.125,682641.5625,693125.6875,690322.75,691336.1875,685581.875,685587.375,685460.25,685271.9375,685270.5625,685342.1875,685285.6875,685498.6875,685556.375,685814.75,685876.1875,684535,685900
685554.25,685593.875,686086.5,685184.125,689226.1875,687875.6875,687048.375,690998.25,682650.25,693134.6875,690329.375,691339.625,685582.625,685593.125,685465.9375,685275.3125,685271.25,685344,685288.5,685499,685556.8125,685811.375,685874.375,684536,685901.75
685548.6875,685593.4375,686086,685180.375,689232.375,687881.125,687047.8125,690998.875,682650.75,693127.25,690323.1875,691338.0625,685578.8125,685585.9375,685459.625,685268.125,685264.3125,685341.375,685281.1875,685492.4375,685552.1875,685808.75,685869.125,684525,685893.125
685540,685588,686077.5,685178.625,689222.4375,687873.375,687040.0625,690988.375,682645.375,693121.25,690314.6875,691329.125,685570.375,685578.25,685446.8125,685260,685249.6875,685331,685271.8125,685486.375,685544.5,685799.125,685860,684520.125,685886.875
685538.5,685581.25,686074.0625,685176.125,689213.125,687865.9375,687036.75,690988.125,682644,693119.25,690313.875,691327.75,685571.25,685579,685449.6875,685266,685262.375,685335.875,685277.5,685491.5625,685550.5,685805.75,685868.5,684526.1875,685894.0625
685543.75,685584.875,686083.25,685185.75,689225.5,687871.9375,687046.3125,690993.375,682655.6875,693128.375,690322.75,691340,685580,685591.1875,685459.25,685274.375,685267,685343,685285.875,685500.5625,685556.25,685814.375,685874.3125,684531.1875,685901.8125
685545.375,685593.875,686084.25,685184.875,689234.875,687880.875,687049.9375,691000.0625,682663.625,693133.6875,690324.625,691339.375,685581.8125,685591.875,685462,685274.125,685269.875,685344.875,685286.125,685499.125,685559.25,685816.3125,685873.125,684527.125,685898.0625
685544.875,685593.25,686085.125,685182.4375,689235.3125,687879.3125,687044.25,690999.375,682660.75,693129.5,690324.875,691336.9375,685575.5,685585,685454.125,685272.25,685262.8125,685337.5,685280.875,685493.25,685551.875,685809.0625,685870.375,684525.625,685893.75
685540,685589.375,686082.125,685183.625,689227.5,687874.25,687042.5625,690992.8125,682656.625,693127.1875,690316.8125,691333.1875,685573.6875,685582.875,685454.25,685265.5625,685258.8125,685335.625,685279.5,685494.375,685550.3125,685808.625,685867.8125,684524.25,685894.9375
685540.3125,685588.625,686079.75,685187.1875,689228.75,687874.4375,687039.9375,690994.625,682658.5,693125.625,690321.875,691332.25,685574.25,685584.875,685453.8125,685269.3125,685263.1875,685337.5,685281.25,685492.75,685550.5625,685810.0625,685871.125,684523,685894.875
685542.5625,685586,686081.625,685186,689231.8125,687874.75,687044.875,690996.3125,682661.75,693127.125,690320.125,691334.25,685578.375,685585.375,685460.3125,685271.1875,685265.6875,685340.0625,685281.5,685496,685556.5,685813.0625,685871.5,684525.625,685902.5
685549.5,685595.5,686086.625,685191.75,689237.4375,687881.1875,687048.8125,690997.8125,682669.6875,693129.3125,690324.125,691337.5,685585.25,685590.125,685463,685279.9375,685270.375,685348,685290.0625,685502.625,685561.875,685820.625,685878.1875,684531.3125,685908.5
685558.625,685599.5,686090.75,685195.3125,689245.75,687890.5625,687055.125,691008.6875,682681.375,693138.1875,690330.9375,691346.25,685589.6875,685602.5625,685471.25,685286.875,685277.5,685357.125,685297.875,685510.25,685570.0625,685827.8125,685887.125,684540.875,685915.0625
685568.0625,685607.875,686099.375,685199.4375,689261.25,687897.625,687061.375,691016.875,682689.75,693145.3125,690337.4375,691353.1875,685590.9375,685599.5,685473.8125,685286.9375,685278.25,685355.3125,685295.9375,685511.125,685565.5625,685822.875,685882.8125,684534.9375,685911.1875
685560.0625,685606.375,686093.4375,685198.5,689259,687894.75,687056.125,691013.25,682686,693140.3125,690334.4375,691349.0625,685588.0625,685599.0625,685470.3125,685285.5625,685280.5,685353.25,685295.875,685506.25,685568.25,685827.4375,685886.1875,684533.875,685913.125
685559.125,685605.625,686093.875,685204.4375,689255.625,687891.8125,687058,691014.875,682685.5,693140.875,690334.3125,691345.9375,685589.0625,685604,685475.0625,685285.6875,685278.875,685353.1875,685299.0625,685510.3125,685568.75,685827.5625,685885.625,684532.875,685915.25
685563.375,685607.75,686097.875,685202.125,689256.125,687895.875,687059.0625,691012,682692.125,693143.75,690338.0625,691348.875,685590.5,685599,685472.625,685284.625,685280.625,685354.625,685298.875,685507.4375,685567.375,685824.625,685888.875,684532.5,685913.5
685558.6875,685603,686093.0625,685205.0625,689248.5,687889.5,687055.5625,691007.5,682687.4375,693140.25,690332,691343.5,685581.3125,685589.9375,685462.75,685276.375,685270.3125,685345.0625,685288.6875,685497.125,685557.25,685817.25,685877,684522.875,685904.5
685547,685594.625,686088.0625,685201.8125,689236.25,687878.625,687047.8125,691002.125,682678.5,693132.375,690325.75,691336.625,685576.8125,685587.1875,685458.5,685272.5625,685262.875,685341.875,685281.5625,685495.25,685555.6875,685812.25,685871,684516.1875,685896.9375
685544.6875,685591.875,686081.9375,685198.125,689229,687871.25,687043.1875,690998.8125,682675.75,693130.5,690317.75,691337.4375,685575.5,685586.75,685459.25,685273.6875,685263.25,685341.875,685283.6875,685497.4375,685553.75,685814,685872.5,684516.125,685903.5
685549.9375,685595,686088.5,685205.3125,689234.25,687879,687049.5,691001.9375,682686.8125,693134.3125,690330.5,691339.6875,685580.25,685596.1875,685463.25,685279.125,685270.5625,685346.625,685285.9375,685502.5625,685557.8125,685818.1875,685876.625,684518.625,685905.5
685554.9375,685595.75,686092.25,685207.875,689239.625,687876.9375,687052,691004.5,682687.75,693135.25,690326.9375,691340.6875,685576.75,685589.0625,685462.25,685277.875,685268.8125,685346,685288.6875,685500.5,685557.75,685818.25,685876.9375,684515.875,685907.875
685559.375,685597.625,686090.625,685201.5,689241.125,687880.5,687046.9375,691001.1875,682692.8125,693134.0625,690323.625,691338.75,685578.8125,685589.75,685463.6875,685277.5625,685270.5,685349.6875,685288.625,685500.5,685558.8125,685818,685880,684519.4375,685907.8125
685566.9375,685599.5,686092,685208.25,689241.75,687882.125,687051.125,691006.125,682695.125,693138.375,690331,691342.125,685579.3125,685594.125,685468.375,685277.1875,685273.1875,685349.75,685292.875,685504.5,685561.1875,685822.75,685881.625,684524.4375,685909.25
685572.125,685599.875,686096.9375,685211.625,689244.875,687885.125,687052.125,691008.25,682699.25,693137.1875,690329.4375,691345.6875,685581.5625,685594.375,685468.5,685279.75,685273.1875,685351,685290,685502.5,685562.4375,685819.6875,685880,684516.625,685909.3125
685567.75,685599.6875,686093.125,685208.875,689246.25,687886.875,687051.625,691009.375,682699.0625,693138.8125,690331.75,691342.25,685579.0625,685594.6875,685464.625,685276.625,685271.25,685347.4375,685287.875,685498.1875,685558.8125,685817.25,685880.625,684515.75,685908.4375
685560.5,685596.1875,686092.75,685205.75,689241.5,687885.875,687049.0625,691009.3125,682700.75,693134.75,690325.6875,691339.875,685578.0625,685590.5,685463.875,685275.5625,685270.0625,685345.0625,685289.0625,685500.75,685557.25,685817.5625,685878.4375,684513.1875,685907.1875
685562.5,685596.8125,686091.375,685207.1875,689238.0625,687880.9375,687048.5,691004.375,682697.8125,693134.0625,690322.875,691337.625,685574.75,685585.875,685460.3125,685270.625,685265.5,685340.5625,685281.5625,685494.5,685553.875,685810.125,685871.125,684506.125,685897.75
685552.8125,685590.25,686083.4375,685206,689228,687870.125,687040.375,690995,682693.375,693125.375,690317.25,691331.9375,685567.5,685578.4375,685451.875,685263.625,685258.125,685333.375,685275.25,685491.625,685547.5625,685805,685866.5625,684501.5,685895.875
685541.9375,685584.625,686080.25,685202.75,689222.8125,687867.5625,687038.4375,690994.375,682690.0625,693123.4375,690318.1875,691330.0625,685568.75,685579.75,685453.8125,685264,685256.8125,685337,685276.1875,685489.6875,685548.875,685805.9375,685869.625,684504.75,685900.25
685542.25,685583.1875,686082.375,685206.3125,689226.125,687869,687036.75,690995.625,682693.625,693123.0625,690314.75,691330.625,685563.6875,685577.75,685450.6875,685265.25,685259.4375,685331.75,685273.625,685488.125,685544.75,685802.125,685860.3125,684498.25,685892.375
685531.3125,685579.5,686076.25,685197.75,689212.875,687859,687032.5,690989.75,682687,693113.625,690305.875,691318.1875,685551.9375,685566.75,685439.375,685251.625,685244.375,685321.3125,685259.6875,685475.25,685528.75,685789.75,685849.25,684481.5,685880.625
685510.6875,685567.4375,686061.125,685185.25,689194.9375,687843.6875,687014.5,690977.1875,682674.25,693103.375,690290.5625,691304.5,685535.125,685550.125,685424.3125,685235.6875,685228.125,685304.75,685247.25,685460.25,685515.6875,685776.375,685832.5,684467.4375,685865.5625
685494.125,685555.6875,686050.625,685180,689176.875,687829.0625,687006.625,690963.875,682664.25,693091.3125,690284.625,691295.6875,685531.5,685541.625,685417.75,685232.875,685226.9375,685299.5,685240.3125,685453.5,685510.125,685772.1875,685830.5,684463.4375,685863.75
685491.375,685548.4375,686047.25,685176.375,689173.875,687829.75,687003.625,690963.5,682665.5,693091.125,690276.75,691293,685529.25,685543.8125,685413.8125,685227.375,685222.1875,685297.1875,685239,685452.625,685510.125,685771.3125,685828.0625,684459.6875,685858.875
685486,685548.875,686044.75,685175.375,689170.125,687826.1875,686999.375,690960.5625,682664.9375,693087.5625,690274.625,691290.5625,685522.8125,685539.75,685411.875,685224.9375,685220.75,685291.875,685238.0625,685449.9375,685506.375,685764.5,685828,684455.3125,685857.375
685483.75,685544.5,686040.3125,685171.8125,689171.5,687823.625,686995.75,690957.75,682659.4375,693083.625,690273.625,691289.625,685521.75,685538.5,685408.0625,685223.1875,685214.25,685290,685233.1875,685444.5,685504.0625,685764.0625,685822.25,684450.3125,685856.875
685488.125,685541.75,686039.625,685167.8125,689170,687819.875,686993.375,690958.6875,682662.625,693083.25,690267.875,691284.9375,685516.875,685535.375,685403.875,685220.6875,685213.375,685290,685230.75,685445.125,685500.5,685764.3125,685817.125,684446.25,685852.5625
685480.9375,685535.75,686038.1875,685165.75,689165.5625,687817,686991.125,690953.75,682664.25,693077.1875,690266.3125,691278.1875,685511.125,685525.3125,685396.125,685212,685204.5,685279.125,685225.125,685433.625,685488.25,685750,685810.75,684435.5625,685844.0625
685469.25,685527.1875,686023.4375,685156.3125,689153.5,687801.375,686974.5,690941,682647.125,693062.875,690252.25,691263,685494.375,685506.8125,685381.75,685193.0625,685187.375,685259.4375,685202.8125,685416.8125,685472.1875,685733.125,685789.0625,684416.5,685823.75
685443.625,685508.875,686004.875,685139.4375,689126,687784.5,686958.25,690920.25,682628,693043.875,690235.375,691247,685473.25,685491,685362.5,685175.5,685168.375,685244.5,685186.25,685400.625,685458.8125,685719.875,685777.75,684402,685810.375
685426.8125,685497.125,685993.25,685129.3125,689106.125,687772,686948.6875,690911.25,682621.625,693037.8125,690227.25,691239.9375,685470.5,685489.4375,685361.9375,685174.3125,685170,685246.3125,685188.125,685400,685458.8125,685720.375,685775.625,684400.625,685811.1875
685413.25,685496.75,685993.875,685127.125,689112,687772.75,686950.6875,690916.125,682627.5625,693039.375,690228.75,691244.625,685475.0625,685496.625,685366.9375,685185.9375,685172.875,685250.6875,685192.8125,685405.5625,685461.9375,685726.1875,685781.5625,684407.625,685817.75
685421.75,685503.125,685999.4375,685132.8125,689129.75,687782.25,686958.625,690924.25,682644.625,693046.75,690233.6875,691252.375,685485.3125,685505.5625,685378.5,685193.25,685184.5,685260.625,685204.625,685415.5,685475.25,685735.3125,685793.8125,684415.0625,685832.5
685432,685512.5,686009.375,685134.875,689149.375,687795.5625,686967.75,690935.875,682654.0625,693058.4375,690243.4375,691257.625,685489.125,685513.625,685385.3125,685200.6875,685191.1875,685265.25,685208.5,685419.4375,685477.875,685740.5625,685795,684416.75,685834
685439.9375,685516,686009.875,685136.125,689157.125,687803.625,686968.375,690939.5,682658,693058.6875,690245.0625,691259.125,685489.75,685510.9375,685381.5625,685195.375,685187.25,685263.375,685207.375,685417.5625,685474,685737.375,685792.5625,684412.125,685829.25
685429.0625,685510.9375,686006.5,685132,689153.8125,687797.5,686961.5625,690935.5,682653.0625,693049,690233.75,691246.5,685475.375,685497,685367.125,685178.875,685171,685248.75,685188.0625,685400.0625,685456.8125,685719.3125,685776.1875,684393.5,685807.625
685403.5,685492.625,685990.3125,685117.8125,689132.625,687776.8125,686943.1875,690917.875,682636.5,693032.375,690214.6875,691233.4375,685455.375,685478.75,685351.8125,685163.875,685157.8125,685231.3125,685174.0625,685382,685443.125,685706.25,685759.875,684381.25,685799.625
685398.5,685484.375,685982.5,685115.3125,689115.25,687766.8125,686937.8125,690911.25,682630,693027,690212.1875,691225.25,685459.4375,685483.25,685352.5625,685166.9375,685159.625,685236.1875,685178.375,685393.8125,685449.75,685713.625,685768,684390.375,685806.625
685410.375,685490.875,685988.6875,685124.5,689126.25,687775.3125,686945.6875,690921.1875,682643.5,693036.75,690223.6875,691237.75,685473.75,685496.1875,685370.6875,685183.75,685174.75,685250.5,685195.0625,685407.625,685465.0625,685725,685785.625,684402.625,685820.6875
685416.8125,685506.625,686000.625,685128.8125,689150,687790.75,686959.375,690933.25,682662.625,693051.8125,690237.375,691254.4375,685486.8125,685511.1875,685386.125,685202.5,685188.75,685268.5,685210.875,685424.4375,685483.5,685740.75,685802.125,684415.5,685837
685432.625,685520.3125,686016.875,685130.625,689170.875,687813.8125,686974.75,690953.6875,682679.3125,693068.875,690252.875,691269.4375,685503.875,685522.75,685396.5,685211.375,685204.25,685280.0625,685224.25,685433,685491.125,685752.8125,685807.875,684427,685844.4375
685438.125,685527.8125,686024.4375,685125.3125,689183.375,687821.5625,686979.6875,690957.25,682687.25,693070.0625,690254.4375,691267.8125,685500.375,685523.6875,685395.5625,685211,685200.5,685277.375,685217.75,685429.9375,685491.375,685747,685808.75,684423.375,685847.5
685435.9375,685526.5625,686024.375,685130.625,689183.5,687819,686979.125,690958.125,682688.875,693070.25,690257.875,691273,685501.125,685522.75,685397.625,685209.4375,685205.625,685281.75,685223.375,685434.875,685491.5,685754.5,685812.625,684427.25,685847.1875
685446.1875,685530.375,686030.125,685141.375,689193.4375,687828.0625,686987.625,690966.625,682697.5625,693076.375,690265.5,691280.6875,685512.875,685535.375,685409.5,685222.25,685211.5,685291.9375,685235.125,685447.375,685505.5625,685765.3125,685826.8125,684438.625,685861.5
685464.3125,685544.125,686039.3125,685146.5,689207.125,687838.4375,686997.625,690974.375,682712.1875,693089.75,690274.6875,691288.125,685519.125,685542.875,685416,685226.8125,685219.875,685296.5625,685238.5,685451.375,685511.375,685769.9375,685827,684436.375,685865.375
685473.75,685546.1875,686042.125,685148.875,689211,687842.1875,686999.75,690976.875,682713.1875,693086.125,690272.25,691290.5,685516.75,685541.5,685414.875,685228.875,685219.6875,685293.6875,685237.625,685450.75,685507.1875,685766.3125,685826,684437,685860.9375
685472,685544.25,686038.375,685155,689204.6875,687836.9375,686998.25,690974,682709.9375,693083.75,690272.25,691285.9375,685516.1875,685540.125,685411.875,685222.125,685217.1875,685289.625,685233.8125,685446.625,685506.25,685763.6875,685820.3125,684432.375,685859.625
685458.4375,685542,686038,685156.875,689201.75,687831.75,686989.6875,690965.75,682704.5,693080.375,690267,691280.125,685506.375,685531.375,685402.5625,685215.3125,685206.5625,685282.4375,685225.5625,685441.625,685494.375,685758.125,685812.8125,684419.6875,685849.4375
685449.3125,685534.6875,686029.875,685152.1875,689184.5,687821.75,686983,690960.3125,682698.625,693071.25,690258.625,691273.875,685499.5,685519.9375,685394.375,685210.9375,685198.75,685273.6875,685216.9375,685428.25,685485.75,685750.125,685805.6875,684411.75,685840.0625
685436.375,685524.3125,686025.25,685158.6875,689172.75,687811.5625,686978,690952.5,682692.125,693064.5,690253.75,691265.9375,685497.875,685521.5625,685392.875,685208.625,685199.0625,685275.375,685219.25,685433.875,685487.1875,685753.375,685807.5,684413.25,685846.375
685439.375,685527.4375,686030.3125,685160.5625,689177.4375,687818.4375,686983.25,690952.625,682700.5625,693070.3125,690259.5,691273,685499.875,685528,685401,685212.5625,685206.8125,685280.875,685226.3125,685440.375,685496.875,685759.4375,685814.5,684418.8125,685851.875
685446,685532.4375,686032.125,685168,689183.75,687820.6875,686982.1875,690962.625,682707.8125,693074.375,690260.5,691277.1875,685500.625,685525.5,685397.875,685211.875,685208.375,685279,685222.25,685435.125,685489.625,685755.3125,685808.1875,684413.375,685848.75
685438.8125,685526.625,686025.25,685165.25,689181.5625,687816,686980.5,690956.9375,682703.6875,693067.75,690256.625,691268.625,685489.875,685517.5,685389.9375,685205.625,685196.125,685270.0625,685212.625,685425.375,685483.875,685747,685801.125,684406.1875,685836.5625
685432.4375,685522.1875,686021.8125,685162.75,689172,687805.5625,686973.1875,690950.6875,682697.1875,693062.125,690249.875,691264,685489.625,685515.5,685386.625,685201.1875,685193.75,685268.75,685209.625,685425.0625,685481.9375,685746.375,685799.4375,684401.9375,685838.375
685427.5,685521.1875,686022,685159.75,689165.75,687805,686972.4375,690948.875,682697.125,693059.25,690245.6875,691263.375,685484.4375,685509.4375,685382.4375,685194.125,685187.625,685263.375,685204.125,685418.875,685473.75,685736.875,685790.5625,684393.125,685828.0625
685410.5625,685507.875,686011,685155.625,689153.6875,687790.5,686959.625,690935.375,682685.25,693045.5625,690231.5625,691244.9375,685463.0625,685487.8125,685363.5,685176,685165.9375,685241.5625,685183.4375,685395.9375,685450.0625,685714.625,685769,684370.75,685806
685388.0625,685487.625,685986,685133.125,689117.125,687764,686936.75,690911.9375,682659.125,693022,690204.6875,691220.0625,685436.3125,685460.875,685335.625,685145,685137.75,685211.375,685154.375,685367.5625,685426.375,685687.5,685742.375,684340.5625,685779.125
685356.5,685459.6875,685960.5625,685109.125,689068.1875,687731.875,686907,690885.6875,682633.75,692996.8125,690180.75,691196.125,685412.5,685438.625,685311.625,685125.625,685116.75,685192.625,685136.75,685348.6875,685404.4375,685666.875,685720.75,684320.25,685763.4375
685333.25,685442.375,685943.8125,685095.375,689038,687711.9375,686893.375,690867.1875,682619.25,692981.5625,690166.9375,691182,685402.25,685428.25,685299.6875,685114.0625,685107.1875,685182.25,685126.9375,685337.4375,685392.4375,685659.4375,685711.5,684311.3125,685752.75
685322,685433.1875,685934.125,685085.0625,689031.1875,687698.25,686884.0625,690860.3125,682615.125,692971.5,690155.875,691174.6875,685395.9375,685421.8125,685294.3125,685105.375,685103.25,685176.875,685119.0625,685334.875,685389,685653,685710.5625,684307.125,685749.9375
685315.625,685430.5625,685934.625,685084.875,689032.125,687702.375,686883.75,690861.75,682618.625,692973.75,690158.125,691177.875,685399.75,685428.0625,685302.4375,685117.5625,685109.375,685184.9375,685129.125,685340.6875,685396.875,685660.625,685719.875,684313.875,685756.625
685320.5,685439.25,685940.5,685089.5,689055.25,687715,686891.1875,690872.4375,682631.75,692984.25,690165.9375,691181,685409,685435.5,685308.125,685122,685116.9375,685191.3125,685134.875,685349.375,685407,685670.9375,685723.75,684318.125,685762.25
685320,685443.75,685947.375,685092.875,689076.375,687721.5625,686896.1875,690881.5625,682643.1875,692989.875,690172.4375,691186.3125,685412.625,685442.25,685315,685127.4375,685124.6875,685197.25,685139.6875,685347.875,685410.3125,685673.25,685726.25,684317.375,685768.5
685326,685448.1875,685948.875,685087.375,689087.375,687730.5625,686895.375,690884.125,682644.4375,692988.4375,690170.875,691186.9375,685407,685438.875,685308.375,685122.4375,685118.0625,685192.4375,685133,685342.4375,685403.875,685666.5,685719.0625,684312.1875,685761.5625
685318.75,685439.875,685941.875,685081.8125,689081.75,687721.875,686888.375,690877.25,682640.625,692979.9375,690161,691178.875,685397.25,685428.125,685298.1875,685114.125,685105.6875,685180.375,685124,685331.8125,685393.4375,685653.6875,685708.1875,684302.125,685751.625
685312.5,685429.375,685931.25,685082.75,689072.8125,687710.6875,686881,690865.5,682633,692971.75,690153,691169.375,685389.625,685417.875,685289.875,685101.1875,685099.875,685172.5,685115.3125,685323.8125,685384.375,685646.375,685701.125,684294.6875,685744.25
685300.0625,685422.75,685923.6875,685074.25,689062.875,687703.4375,686873.375,690861.1875,682626.25,692967.125,690144.875,691161.75,685382.25,685411.9375,685281.625,685101.625,685093.1875,685167.4375,685110.625,685322.5,685384.25,685648.875,685700.25,684296.375,685743.4375
685301.625,685423.4375,685929.125,685077.8125,689069.125,687708.125,686876.5625,690868.8125,682635.6875,692973.625,690156.3125,691169.375,685394.125,685425.5625,685298.125,685112,685107.75,685182.625,685126.625,685338.5,685398.875,685659,685716.125,684305,685758.4375
685310.625,685433.25,685935.375,685086.375,689089.4375,687721.125,686888.0625,690879.9375,682646.875,692978.1875,690162.8125,691180.6875,685404.25,685432.5,685308.875,685117.125,685114.3125,685190.75,685133.6875,685347.625,685402.25,685669.875,685720,684312.5,685764
685319.375,685440,685943.0625,685086.625,689098,687729.25,686894.0625,690883,682657,692986.3125,690166.8125,691183.1875,685402.375,685435.75,685307.25,685121,685113,685190,685129.6875,685343.0625,685401.8125,685667,685719.625,684310,685763.6875
685317.375,685437.5,685942.1875,685083.125,689100.625,687731.8125,686890.25,690883.125,682654.75,692982,690164,691179.125,685402.625,685431,685306,685117.25,685109.875,685185.6875,685126.25,685338.4375,685399,685662.4375,685718.8125,684306.3125,685760.0625
685318.125,685432.8125,685939.5,685081.1875,689097.4375,687726.125,686889.125,690880.5,682656,692981.625,690160.5625,691178.75,685394.625,685427.875,685301.25,685116.1875,685109.0625,685184.375,685130.0625,685340.3125,685398.5,685664.4375,685717.125,684303.625,685759
685319.25,685436,685936.875,685084.9375,689099.6875,687725.3125,686891.5,690883,682656.25,692979.75,690162.875,691180.875,685403.5,685431.9375,685307.125,685120.875,685113.875,685192,685136.125,685345.125,685406.5625,685669.9375,685726.1875,684309.75,685765.6875
685326.875,685444.9375,685949.875,685095.0625,689112.375,687738.6875,686899.6875,690894.25,682667.125,692993.1875,690172.375,691190.75,685414,685445.75,685318.8125,685131.875,685125.6875,685200.3125,685147.625,685357.75,685413.8125,685680.75,685732.375,684315.6875,685776.75
685338.875,685452.5625,685953.0625,685099,689121.75,687743.875,686905.5625,690901.9375,682683.375,693000,690182.8125,691197.4375,685420.6875,685451.5,685326.5625,685141.25,685134.625,685210.5,685148,685364.125,685424,685691.875,685742.875,684328.75,685785.625
685349.5,685462.1875,685962.8125,685101.8125,689134.875,687758.375,686917.1875,690910.3125,682692.8125,693010.875,690190.625,691205.5625,685427.8125,685460.0625,685335.5,685149,685141.375,685216.125,685159.625,685372.125,685429.6875,685695.3125,685746.625,684331.625,685792.75
685356.875,685464.4375,685968.875,685105.6875,689143.4375,687767.5625,686922.5,690916,682698.8125,693015.25,690196,691211.9375,685434.0625,685467.4375,685340.125,685151.9375,685147.25,685225.5625,685167.875,685374.125,685435,685702.1875,685756.3125,684335.5625,685799.5
685363.75,685476.125,685974.375,685111.8125,689150,687775.25,686928.875,690925.3125,682706.9375,693020.75,690206.625,691218.4375,685441.125,685479.625,685349,685163.8125,685156.5625,685232.125,685174.5,685388.4375,685444.125,685711.8125,685764.9375,684343.8125,685805.5625
685369.4375,685483.625,685979.625,685111.8125,689158,687784.625,686934.375,690931.3125,682715.25,693024.0625,690208.125,691222.1875,685436.1875,685471.625,685343.875,685157.75,685147.375,685222.8125,685167.8125,685379.6875,685434.4375,685700,685753.0625,684331.8125,685793.375
685354,685469.0625,685969.3125,685109.625,689139.875,687764.4375,686920.875,690912.875,682695.6875,693009.75,690192.625,691205.25,685416.375,685454.5,685325.0625,685138.6875,685132.4375,685201.625,685147.8125,685360.25,685417.1875,685683.125,685733.1875,684311.625,685779.5
685336.1875,685453.125,685953.1875,685100.25,689109.5,687742.5625,686903.0625,690894.9375,682682.375,692995.0625,690179.375,691193.875,685404.6875,685439.125,685313.6875,685125.5,685119.3125,685193.6875,685139.5,685348.6875,685405.75,685677.25,685728.8125,684306.125,685769.0625
685331.5,685447.4375,685951.8125,685102.375,689098.875,687736.375,686899.25,690890.6875,682680.125,692993.25,690176.5,691190.125,685408.125,685446.875,685316.8125,685128.5,685122.25,685199.4375,685140.5,685352.875,685414.875,685681.9375,685731.5,684308.4375,685776.5625
685331.1875,685449.4375,685954.6875,685107.5,689106.75,687740.125,686903.75,690896.375,682688,692998.625,690180.9375,691192.75,685410.75,685447.75,685317.875,685134.375,685124.3125,685200,685142.25,685352.75,685411.3125,685681.3125,685733.0625,684311.25,685773.8125
685330.125,685448.125,685955.75,685111.8125,689108.8125,687738.5,686903.1875,690897.1875,682689.3125,692996.625,690179.4375,691191.75,685408.5,685444.25,685317.4375,685132.625,685124.125,685200.0625,685144.125,685352.75,685412.4375,685681.8125,685731.75,684308.5,685773.25
685330.9375,685451.5625,685956,685111.5625,689110.9375,687741.9375,686904.9375,690898.75,682693.125,692999.3125,690177.375,691192.5625,685412.625,685452,685323.375,685140.9375,685134.875,685208.625,685149.375,685360.875,685420.75,685689.6875,685743.1875,684317,685784.125
685346.125,685462.4375,685967.25,685120.75,689126.9375,687753.75,686915.25,690911.375,682703.8125,693009.375,690192.1875,691205.125,685425.125,685462.875,685337.5625,685152.875,685144.9375,685218.0625,685163.125,685375.875,685430.3125,685699.75,685754.25,684324,685798
685356.375,685470.9375,685975.375,685124.25,689139.625,687766.125,686924.375,690921.125,682717.5,693017.1875,690200.125,691214.5,685431.8125,685471.25,685341.3125,685157.625,685146.3125,685225.0625,685165.25,685377.625,685434.375,685705.9375,685756.9375,684328.0625,685799.4375
685355.5625,685473.375,685973.8125,685119.75,689140.125,687764.9375,686924.5,690919.75,682721.75,693016.9375,690201.8125,691215.625,685427.4375,685464.625,685337.75,685151.1875,685144.5,685218.375,685157.875,685371.3125,685428,685696.75,685748.8125,684319.0625,685790.3125
685349.4375,685466.75,685970.875,685118.125,689133,687758.625,686917.125,690916.5625,682716.875,693010.3125,690191.5625,691205.25,685419.5,685456.5625,685329.375,685144,685135.6875,685210.875,685155.5,685366.625,685421,685690.125,685745.875,684312.4375,685787.75
685343.8125,685460.9375,685964.75,685118.6875,689125,687748.875,686912.875,690910.5,682710.9375,693005.625,690187,691198.875,685413.1875,685453.375,685325.5625,685140.125,685131.25,685209.4375,685149.5,685360.9375,685419.9375,685686.9375,685739.9375,684308.375,685784.375
685341.9375,685459.25,685964.0625,685118.875,689123.375,687751.125,686914,690905.375,682712.1875,693006,690188.5,691200.625,685417.5,685457.1875,685328.625,685144.25,685136.875,685212.875,685156.625,685365.5,685422,685693.1875,685741.1875,684314.625,685789.9375
685344.125,685461.9375,685973.1875,685124.9375,689129.3125,687754.9375,686917.375,690914.4375,682715.375,693007.5,690192.875,691204.875,685416.3125,685456.375,685330.0625,685145.5625,685135.5625,685212.4375,685153.5,685365.5625,685425.75,685690.6875,685739.4375,684310.125,685788.875
685340,685457.8125,685965.75,685127.625,689124.4375,687751.25,686911.375,690906.625,682712.1875,693004.75,690185.625,691197.4375,685411.1875,685451.75,685320.0625,685136.375,685128.4375,685203.4375,685147.1875,685358.625,685416.1875,685685.25,685733.8125,684304.4375,685780.3125
685334.4375,685458.0625,685960.25,685120.375,689114.5,687745.6875,686905.875,690899.125,682708.4375,693000.875,690177.8125,691196.9375,685407,685446.1875,685320.5625,685134.3125,685127,685200.75,685145.375,685358.625,685415.625,685683,685733.625,684299.4375,685779.125
685340,685454.25,685959.75,685119.625,689117.4375,687747.75,686911.25,690904.6875,682711.5625,693002.875,690182.75,691199,685410.875,685454.5,685328,685142.375,685134.125,685211,685152.75,685368.625,685420.6875,685695,685741,684307.125,685787.5625
685344,685460.5,685965.25,685131.5625,689124.9375,687750.75,686911.875,690909.375,682720.5,693005.3125,690187.25,691201.9375,685414,685454.6875,685327.4375,685139.875,685131.125,685208.875,685150.5625,685365.25,685422.5,685691.5625,685741.625,684304.6875,685784.75
685342.625,685456.5625,685963.0625,685125.125,689122.625,687748.125,686910.6875,690906.9375,682716.9375,693002.625,690182.4375,691198,685408.75,685449.625,685319.5,685135,685121.9375,685200.5625,685144.625,685356,685412.625,685685.0625,685729.875,684290.375,685776.5
685331.1875,685449.0625,685955.375,685125.625,689111.625,687739.25,686902.25,690896,682710.9375,692994,690174.75,691189.4375,685400.5,685440.3125,685310.3125,685128.1875,685117.75,685191.9375,685136.25,685346.8125,685406.25,685676.1875,685725.5,684288.875,685772.8125
685324.625,685445.5625,685951.375,685119.375,689107.5,687735.875,686899.625,690894.0625,682707.875,692992.1875,690169.9375,691185.125,685396.9375,685440.375,685311.9375,685123.125,685117.4375,685192.375,685136.8125,685349.75,685411.5625,685677.4375,685726.5625,684289.625,685773.125
685324.75,685443.8125,685952.5625,685118.4375,689106.5,687736.375,686900.625,690898.25,682713.5,692993.625,690172.375,691188.4375,685399.625,685441.3125,685312.375,685124.6875,685124.75,685197.5625,685140.6875,685355.3125,685413.375,685680.75,685732.4375,684290.9375,685775.625
685329.9375,685449.25,685957.8125,685125.5625,689114.9375,687740.6875,686901.9375,690898,682715.125,692992.5,690173.75,691192.75,685403,685445.5625,685321.875,685134.25,685125.125,685201.3125,685143.5,685359.875,685416.5625,685686,685732.875,684293,685778.25
685331.125,685450.375,685959.25,685126.625,689119.3125,687745.6875,686904.6875,690904.875,682726.1875,693001.875,690183.0625,691196.9375,685407.8125,685451.9375,685324.125,685138.875,685131.875,685205.875,685147.625,685362.5,685421,685688.625,685736.8125,684295.3125,685784.625
685333.4375,685455.875,685964.625,685128.625,689126.1875,687748.375,686905.9375,690906.75,682726.9375,693003.1875,690180.9375,691196.3125,685405.625,685447.375,685319.3125,685135.375,685126.1875,685203.625,685144.875,685357.375,685415.875,685684.3125,685730.375,684289.4375,685776.75
685323.0625,685450.875,685958.375,685122.75,689118.0625,687739.4375,686900,690899.625,682723.875,692994.3125,690176.5625,691185.375,685393.875,685438.5,685308,685127.1875,685119.375,685192.5625,685139.375,685349.25,685407.1875,685676.8125,685726.5,684285.5625,685771.5625
685319.375,685442.75,685952.125,685121.9375,689109.25,687738.75,686899,690896.5,682719.125,692991.9375,690170.5625,691185.875,685393.1875,685438.375,685310.6875,685124.125,685118.75,685190.75,685138,685351.25,685407.1875,685675,685728.625,684284.3125,685774.125
685324.25,685445.3125,685953.75,685127.8125,689114.9375,687738.1875,686901.1875,690901.5625,682729.25,692997.375,690177.1875,691192.625,685404.125,685451.875,685318.8125,685133.625,685130.25,685201.9375,685147.75,685360.5625,685418.375,685689.75,685738.125,684292.75,685787.1875
685335.9375,685458,685968.6875,685131,689129.4375,687753.0625,686914.875,690916.875,682743.375,693008.0625,690187.25,691203.6875,685416.875,685459.25,685330.9375,685144.4375,685139,685213.6875,685160.0625,685372,685428.875,685698.8125,685748.8125,684302.625,685795.875
685342.375,685464.3125,685972.5,685133.1875,689140.0625,687762.1875,686918.625,690925.3125,682751.25,693014.875,690191.9375,691210,685418.8125,685466,685336.5,685151.125,685142.4375,685220.3125,685162.8125,685375.75,685433.6875,685702.625,685750.75,684305.6875,685800.25
685349.9375,685467.625,685976.9375,685132.375,689147.5625,687769.75,686922.125,690927.625,682755.25,693016.5,690195.3125,691209.875,685418.875,685465.875,685337.1875,685153.375,685143.1875,685218.375,685160.6875,685373.375,685430.25,685700.75,685753.1875,684301.875,685800.6875
685352.4375,685466.5,685975.625,685133.375,689147.375,687765.9375,686921.5625,690925.125,682756.5,693018.6875,690194.0625,691210.625,685418.0625,685463,685333.375,685147.1875,685138.75,685216.25,685156.3125,685369.125,685429.75,685698.6875,685749.125,684295.875,685794.9375
685342.25,685465.625,685971.875,685134.25,689139.625,687760,686915.375,690923.875,682753.6875,693011.1875,690193.375,691202.75,685409.4375,685454.4375,685324.6875,685143.875,685132.625,685205.5625,685149.9375,685362.1875,685419.75,685693.1875,685742.25,684289.5,685786.3125
685331.5,685459,685962.875,685132.5,689128.1875,687755.3125,686909.5,690912.375,682747.8125,693003.4375,690188.125,691195.625,685406.625,685451.375,685321.375,685138.0625,685132.625,685206.8125,685146.625,685362.4375,685416.5,685691.9375,685737.875,684286.3125,685786.5
685333.125,685458,685968.0625,685134.25,689126.1875,687749.625,686908.4375,690912.1875,682748.1875,693007.625,690181.875,691197.5625,685405.3125,685453.6875,685325.25,685139.125,685133.6875,685208.625,685146.875,685368,685419.3125,685689.0625,685741.875,684285.375,685788.625
685332.75,685455.6875,685966.875,685136.25,689125.5625,687749.3125,686907.75,690912,682750.5,693004.9375,690182.375,691198.4375,685405.6875,685451.375,685320.3125,685137.625,685127.4375,685205,685145.125,685359.125,685417.1875,685687.8125,685738.0625,684284.4375,685784.6875
685326.5,685453.5,685964.3125,685135.25,689119.5,687743.875,686905.0625,690908.125,682749.6875,693000.0625,690180.625,691191.5625,685396.75,685445.625,685315.75,685128.875,685125.6875,685197.25,685141.5625,685351,685410.375,685683.625,685732.5625,684278,685781.75
685320.375,685448.4375,685960.5,685137.5625,689111.5,687743,686902,690903.0625,682751.25,692997,690177.1875,691189,685396.9375,685444.375,685313.375,685126.8125,685124.25,685197.1875,685139.9375,685350.0625,685408.625,685680.125,685730.5,684275.75,685779.25
685312.375,685446.875,685958,685137,689111.75,687742.5,686898.1875,690902.1875,682750.125,692992.5,690173.8125,691187.625,685393.875,685441.1875,685312.5625,685129.375,685119.5,685197.125,685142.375,685354.875,685413.5,685681.25,685732.1875,684271.5625,685779.0625
685310.875,685448.375,685960.375,685135.6875,689116.625,687742.875,686900.5625,690908.125,682752,692994.25,690179.875,691193.6875,685397.625,685448.8125,685317.8125,685133.875,685127.125,685203.6875,685146.5,685358.75,685418.625,685689.4375,685738.8125,684281,685787.5625
685316.25,685453.5,685965,685139.75,689125.375,687748.1875,686907.4375,690912.875,682760,693002.8125,690181,691198.6875,685404.5,685451.25,685324.375,685142.375,685131.25,685207.375,685150.875,685364.25,685421.625,685693.8125,685742.1875,684283.6875,685794
685320.75,685456.8125,685967.875,685139.4375,689131.25,687754.125,686913.4375,690919.9375,682770.5625,693009.9375,690190.25,691204.6875,685409.875,685457.4375,685330.6875,685149.625,685140.5,685213.75,685160.375,685370.125,685427.1875,685702.8125,685748.375,684292.4375,685799.3125
685328.25,685466.1875,685972.8125,685145.875,689142.75,687766.625,686919.4375,690926.3125,682781.9375,693016.75,690198.1875,691213.25,685418.125,685467.5,685340.625,685155.9375,685150.3125,685222.75,685168.25,685380.625,685435.0625,685710.3125,685758.0625,684297.25,685806.25
685335.875,685475.875,685980.5,685148.875,689154.5,687776.9375,686927.125,690938,682788.875,693024.9375,690201.5,691219.125,685425.5,685474.0625,685345.125,685158.5,685152.5625,685229.25,685169.9375,685385,685441.125,685714.875,685760,684299.0625,685811.5
685331.625,685476.875,685985.875,685149.75,689159.375,687776.875,686930.0625,690940.5,682797,693025.25,690204.5,691221.875,685426.75,685475.625,685348.4375,685162.5,685157.125,685230.875,685175.9375,685386.8125,685443.6875,685716.625,685764.875,684305.5,685816.25
685326.25,685482.75,685991.625,685153.75,689164.9375,687784.5,686935.5625,690946.3125,682800.125,693031.8125,690214.0625,691229.125,685432.8125,685482.4375,685356.375,685171.25,685165.125,685239.375,685182.625,685398.25,685454.25,685727.25,685775.875,684313.25,685825.0625
685338.375,685493.4375,685999.5,685164,689179.875,687803.0625,686944.25,690957.375,682816.3125,693046.125,690227.25,691240.0625,685446.9375,685497.1875,685372.5625,685187.25,685179.375,685255.125,685196.5625,685411.375,685467.5625,685741.3125,685785.25,684325.6875,685838.8125
685344,685508.8125,686011.125,685168.625,689190.125,687812,686958.75,690968,682830.5,693057,690236.125,691247.8125,685452.5625,685505.5625,685379.4375,685191.8125,685181.875,685256.5,685200.0625,685412.75,685470.375,685745.375,685790.75,684326.625,685839.25
685336.1875,685506.9375,686015.5625,685168.8125,689191.9375,687811.5625,686958.6875,690966.9375,682827.8125,693054.3125,690234,691249.375,685447.375,685504.5,685372.5,685187.8125,685177.5625,685256.5625,685197.875,685412.375,685466.875,685740,685788.0625,684321,685841
685333,685507,686013.625,685173.1875,689192,687806.875,686957.4375,690966.3125,682830.625,693057,690235.625,691247.8125,685452.25,685501.9375,685375.875,685192.4375,685178.6875,685259.4375,685202.5,685414.625,685471.875,685744.0625,685790.0625,684328.875,685846.8125
685337.75,685509.125,686017.125,685184,689190.875,687818.0625,686964.75,690970.625,682840.375,693062.4375,690242.4375,691256.1875,685457.8125,685512.1875,685384.6875,685198.4375,685193.375,685267.1875,685211.625,685423.25,685481.25,685754.625,685801.5,684334.0625,685855.6875
685347.75,685518.8125,686025.875,685193.25,689202.5625,687823.625,686972.125,690980.5,682845.0625,693068.8125,690247.4375,691264.875,685463.8125,685520.5625,685390.3125,685204.9375,685196.625,685269.9375,685214.125,685423.6875,685481.25,685755.375,685800.125,684335.5,685856.1875
685341.625,685519.5,686027.5625,685191.375,689202.375,687823.125,686972.25,690980.875,682849.5,693065.5,690246.3125,691258.875,685455.625,685511,685384.9375,685196.3125,685191.5,685264.0625,685209.9375,685420.25,685476.25,685747.5625,685796.25,684326.25,685848
685336.8125,685511.375,686023,685196.25,689196.3125,687815.875,686966.1875,690974.75,682841.125,693064.125,690244.875,691258.125,685453.1875,685513.0625,685379.875,685199.0625,685189.375,685263,685207.8125,685416.125,685476.125,685751.125,685797.1875,684330.625,685849.25
685340.0625,685513.375,686025.5625,685199.625,689192.5625,687817.5,686968.625,690974.5,682843,693063.4375,690245,691260.75,685457.75,685517.875,685389.875,685206.125,685196.875,685271.3125,685215.625,685426.5,685486.25,685758.875,685805.875,684336.375,685860.5625
685350,685524.3125,686031.3125,685208.1875,689207.1875,687829.6875,686978.1875,690986.125,682861.3125,693074.75,690256.1875,691271.8125,685472.375,685527.1875,685396,685214.375,685206.25,685280.9375,685224.6875,685437.4375,685491.8125,685766.8125,685814.125,684341.25,685866.5625
685355.3125,685527.75,686041.125,685212.875,689213.5,687831.1875,686983.6875,690991.8125,682865.0625,693077.4375,690259.25,691273.125,685468.0625,685526.3125,685398.8125,685214,685205.6875,685279.3125,685224.125,685433.75,685492.125,685763.8125,685811.375,684339.25,685863.8125
685354.3125,685527.4375,686038.25,685207.75,689208.1875,687829.5,686979.0625,690990,682863.8125,693076.125,690255.5625,691265.75,685462.375,685515.25,685389.3125,685205.0625,685197.25,685270.375,685214.4375,685424.625,685481.3125,685757,685801.1875,684330.75,685857.1875
685346.625,685521,686030.625,685209.5,689197.625,687819.375,686970,690975.375,682852.875,693068.875,690246.25,691258.25,685453.5,685512,685382.5625,685196.5,685189.375,685263.8125,685206.25,685417.1875,685476,685752.875,685796.375,684321.8125,685850.5625
685342.875,685513,686028.625,685209.125,689187,687809.875,686965.25,690969.125,682850.625,693060.25,690240,691254.25,685447.5,685505.375,685376.5,685190.9375,685186.1875,685258,685202.375,685411.5625,685470.3125,685745.625,685787,684314.25,685844.3125
685330.6875,685501.9375,686023.5,685202.75,689171.5625,687801.1875,686959.875,690960.3125,682840.9375,693054.625,690233.6875,691246.125,685439,685494.625,685364.375,685176.875,685174.25,685246.875,685189.0625,685400.625,685456,685731.375,685775.3125,684301.625,685830.375
685318.4375,685490.375,686007.375,685196.25,689149.4375,687782.625,686945.125,690946.75,682826.1875,693041.3125,690219.75,691233.625,685422.125,685482.375,685351.1875,685164.125,685158.625,685234.25,685175,685387.875,685444.625,685717.75,685765,684289.25,685819.5
685303.25,685483.1875,685998.1875,685190.125,689133.625,687765.625,686932.4375,690936.25,682818.1875,693031.75,690209.125,691218.5,685413.4375,685471.5,685341.1875,685155.3125,685149.625,685225.0625,685165,685378.25,685433.6875,685711.625,685757.75,684279.0625,685812
685293.75,685473.6875,685991.625,685185.375,689116.9375,687755.75,686923.0625,690927.875,682806.875,693020.6875,690198.125,691211.5625,685399.875,685459.6875,685330.375,685144.875,685137.125,685213.375,685151.3125,685366.9375,685425.6875,685698.0625,685742.5,684263,685797.75
685280.3125,685459.0625,685981.5625,685171.9375,689102,687742.5625,686909.25,690920.125,682801.5,693010.6875,690188.5,691200.75,685393.125,685449.375,685324.4375,685137.125,685129.6875,685206.75,685148.0625,685358.125,685418.4375,685692.4375,685737.375,684258,685791
685277,685451.625,685975.3125,685169.625,689100.0625,687738.5,686909.25,690913.6875,682800.3125,693006.625,690180.6875,691194.5,685388,685450.625,685319.4375,685133.25,685127.4375,685204.9375,685146.1875,685361.8125,685415.75,685691.8125,685738.1875,684260.625,685792.25
685278.75,685452.5625,685973.875,685167.375,689102.5,687741.625,686906.375,690915.3125,682800.75,693003.8125,690183.25,691195.3125,685391.125,685449,685319.375,685134.6875,685127.125,685203.25,685144.4375,685355.9375,685415.5625,685689.5,685733.4375,684251,685790.5625
685275.3125,685449.3125,685967.75,685162.4375,689102.625,687736.75,686900.5,690914.875,682800.0625,692999.9375,690177.4375,691191.625,685380.875,685441.875,685311.5625,685125.9375,685119.0625,685194.625,685137.4375,685346.8125,685405.125,685683.0625,685727.1875,684242.5,685783
685264.3125,685441.875,685962,685157.375,689095.5,687730.0625,686896.375,690907.1875,682793.25,692994.4375,690169.3125,691183.1875,685375.6875,685437.25,685308.75,685120.5,685112.5625,685191.625,685131.125,685345.6875,685398.875,685679.3125,685723.1875,684241,685778.6875
685263.0625,685437.25,685961.125,685158.1875,689097.8125,687730.25,686890.875,690909.0625,682791.9375,692993.6875,690171.125,691184.25,685375.3125,685440,685309.75,685121.125,685113.5,685191.5,685133.0625,685346.375,685404.625,685683,685724.375,684243,685784.6875
685268.75,685444.3125,685960.0625,685161.5,689108.5,687737.5,686897.625,690914.875,682806.875,692995.25,690174.4375,691191.25,685385.375,685448.5,685318.625,685132.1875,685125.5,685202,685142.125,685358.8125,685416.625,685689.375,685736.75,684251.5625,685794.875
685277.125,685455.25,685969.625,685165.75,689125.875,687752.625,686906.9375,690926.9375,682819.4375,693010.625,690185.5625,691204.25,685398.125,685457.8125,685331.8125,685147,685140.375,685215.375,685158.4375,685371.3125,685429.5,685706.125,685753.125,684263.8125,685808.4375
685294.4375,685467.875,685986.375,685166.125,689147,687771.5,686922.25,690945.3125,682836.5,693022.125,690200.3125,691218.125,685409.4375,685473.75,685345.875,685158.1875,685152.75,685227.5,685171.875,685385.5,685443.8125,685717.1875,685762.875,684273.0625,685820.875
685300.9375,685479.5,685993.25,685168.8125,689160.6875,687783.875,686930,690954.0625,682846.5,693032.5625,690205.25,691222,685412.375,685471.25,685346.375,685159.3125,685151.5625,685226,685169.0625,685378.625,685437.1875,685713.5,685756.9375,684268.1875,685814.25
685289.125,685470.625,685984,685159.125,689153.8125,687770.5,686920.9375,690941.5625,682842.25,693017.25,690192.5625,691206.5625,685393.8125,685457.5,685327.625,685139.3125,685132.375,685207.625,685150.125,685362.75,685419.4375,685693.5,685738.125,684250.6875,685795.625
685273,685455.75,685968.875,685155.125,689128,687758.375,686908.625,690930.375,682823.8125,693006.125,690181.9375,691198.0625,685387.5,685448.1875,685321.125,685134.625,685126.125,685204.0625,685141.75,685356.9375,685417.4375,685689.0625,685734.75,684245.125,685791.5625
685269.25,685453,685968.5,685156.3125,689121.1875,687751.875,686903.375,690925.0625,682825.125,693003.625,690176.5,691195.875,685381,685441.3125,685313.5,685129.625,685120.125,685194.75,685139.875,685349,685408.75,685683.6875,685728.75,684238,685786.5625
685261.625,685444.625,685965.6875,685152.375,689108.8125,687736.9375,686891.875,690914.5,682814.4375,692992.125,690166.875,691181.3125,685366.125,685431.3125,685302,685112.5,685108.6875,685182.4375,685121.9375,685335.375,685395.6875,685671,685712.75,684221.1875,685768.625
685243.875,685428.4375,685949.25,685142.8125,689087,687721.5625,686880,690896.8125,682802.8125,692977.8125,690152.875,691167.625,685356.1875,685419.25,685292.4375,685104.3125,685099.0625,685171.1875,685116.3125,685329,685393,685662.1875,685705.25,684211.75,685763.25
685236,685421.375,685941.5,685142.375,689075.875,687712.5,686874.3125,690893.375,682794.6875,692977,690147.375,691165.6875,685352.75,685417.5,685286.375,685103.0625,685094,685169.9375,685111.1875,685324,685384.125,685661.9375,685703,684209.125,685761.75
685236.625,685418.5,685939.3125,685143.75,689081.125,687714.5,686876.5,690897.8125,682799.9375,692976.625,690149.3125,691166.9375,685355.75,685422,685292.5,685107.5625,685095.375,685175.3125,685114.6875,685329.25,685386.5625,685660.25,685702.5625,684210.75,685764.375
685238.625,685420.5625,685939.875,685143.875,689085.3125,687718.8125,686873.5,690894.9375,682801.9375,692974.9375,690145.75,691166.3125,685352.75,685413.8125,685287.5,685102.75,685091.3125,685168.0625,685110.9375,685323.875,685381.875,685659.3125,685701.9375,684205,685759.3125
685235.625,685418.25,685937.625,685142.625,689086.1875,687711.3125,686869.9375,690893.625,682802.25,692972.875,690147.4375,691164.875,685353.75,685418.75,685289.875,685101.3125,685096.25,685173.25,685112.5,685326.375,685386.5625,685663.6875,685704.25,684208.875,685762.875
685241.5625,685420.6875,685941.5,685146,689097.5,687718.375,686875.125,690901.625,682808.8125,692979.75,690151.8125,691166.3125,685358.125,685418.625,685294.375,685106,685098.4375,685175.3125,685117.25,685332.4375,685390,685660.6875,685708.5,684210.6875,685766.125
685239,685420.3125,685942,685145.3125,689100.0625,687719.4375,686876.75,690901.5625,682812.875,692975.375,690150.25,691162.8125,685350.5625,685415.5625,685288.125,685100.75,685093.6875,685167.8125,685110.125,685324.25,685383.1875,685656.3125,685698.1875,684199.5,685758.6875
685228.25,685416.5,685933.125,685136.375,689092.375,687714.3125,686868.6875,690892.875,682805,692969.5,690141,691156.125,685346.625,685411.3125,685281.125,685094.25,685084.125,685162.8125,685104.3125,685312.625,685377.25,685651.5,685693.8125,684194.25,685752.875
685226.5,685411.5,685930.375,685137.625,689087.5,687709.625,686865.125,690892.25,682804.25,692965,690137.4375,691154.4375,685340.9375,685408.0625,685278.1875,685092.875,685084.6875,685157.4375,685098.8125,685314.25,685372.75,685646.75,685690.625,684190.5,685751.25
685223.625,685410,685927.625,685134.125,689084.5,687708.375,686861.875,690890.3125,682803.875,692962.5625,690135.25,691149.625,685338.1875,685403.375,685276.5,685091.875,685083.625,685158.6875,685101.9375,685314,685372.25,685650.5625,685691.5625,684193.375,685751.875
685224.6875,685407.75,685928.625,685133.25,689089.3125,687704.4375,686859.875,690890.125,682808.75,692965.125,690137.75,691155.375,685339.75,685406.75,685274.3125,685090.5625,685084.125,685159,685101.25,685310.3125,685373.125,685647.875,685690.0625,684191,685751
685218.375,685405.9375,685927.875,685133,689087.5625,687708,686860.25,690887.5,682809.375,692962.4375,690134.9375,691148.875,685334.6875,685400.875,685272.8125,685086.5625,685079.25,685155.25,685098,685306.9375,685368.4375,685647.8125,685687.875,684185.5625,685747.25
685218.25,685401.5,685925.5625,685132.1875,689083.375,687703.4375,686856.5625,690887.4375,682806.625,692960.125,690129.0625,691144.875,685335.125,685400.125,685272,685083.125,685080.75,685156.875,685095.5625,685307.25,685368.5,685645.9375,685687.75,684183.375,685748.6875
685217.75,685406,685923.125,685130.6875,689087.4375,687704.4375,686856.3125,690888.5,682811.3125,692961.375,690132.25,691150.3125,685336.5,685404,685274.4375,685089.0625,685080.9375,685158.0625,685099.5,685312.8125,685369.875,685651.9375,685691.5625,684186.3125,685749.6875
685224.75,685407.5,685926.8125,685133.625,689093.1875,687703.0625,686859.5,690890.5,682814.625,692964.0625,690133.25,691149.5,685337.125,685404.875,685275.5625,685091.125,685082.625,685161.1875,685101.9375,685314.4375,685373.875,685650,685693.375,684187.125,685751.25
685225.0625,685409.3125,685927.5,685132.1875,689095.0625,687709.625,686860.25,690893.6875,682821.5,692965.875,690134.0625,691149.6875,685338.875,685405.625,685276.9375,685090.125,685087.875,685158.6875,685103.6875,685313.25,685372.1875,685651.5625,685694.0625,684190,685754.125
685230.0625,685410.625,685932.375,685137.875,689098.0625,687712.75,686864.5,690894.3125,682823.1875,692969.625,690139.875,691153.0625,685339.375,685408.75,685282.8125,685093.5,685087,685163,685106.75,685319.75,685375.5625,685651.3125,685694.75,684191.75,685754.625
685230.6875,685412.125,685929,685139.125,689104.625,687714.9375,686862.875,690896.75,682826.375,692967.625,690139.875,691151.25,685336.375,685403.5,685279.0625,685090.75,685083.75,685160.125,685103,685309.25,685368,685646.5625,685689.6875,684181.3125,685749.5
685222.75,685407.5625,685926.75,685134,689093.0625,687703.1875,686853.75,690889.375,682815.3125,692955.0625,690126.5625,691139.6875,685321.25,685388.8125,685261.8125,685073.1875,685065.75,685143.1875,685083.125,685294.0625,685355.625,685630.5,685671.875,684165.5625,685732.5
685206.375,685388.875,685909.125,685121.125,689064.6875,687683,686836.875,690868.5,682800.6875,692939.625,690106.5,691124.125,685304.9375,685369.75,685244.25,685055.625,685051.5625,685126.75,685065,685276,685338.5,685617.625,685657.1875,684148.875,685717.5625
685192.5625,685373.75,685893.0625,685109.875,689040.75,687666.5625,686823.1875,690860,682784.4375,692929.25,690093.875,691115,685295.25,685362.125,685236,685045.5,685042.125,685116,685058.0625,685266.8125,685328.4375,685609.125,685649,684140.625,685712.875
685187.5,685367.375,685890.25,685107,689029.0625,687658.625,686819.125,690852.75,682785.375,692924.6875,690093.625,691111.9375,685293.5,685362.875,685236.8125,685049.625,685042.5625,685116.75,685058.25,685269.3125,685327.8125,685608.25,685649.75,684139.3125,685714.6875
685188.875,685367.125,685891.1875,685105.5,689033.1875,687656.625,686821,690854.125,682787.8125,692923.1875,690093.125,691110,685294.875,685362.875,685231.875,685046.625,685040.25,685116.8125,685057.5625,685270.5,685327.5625,685604.4375,685646.875,684134.3125,685707.375
685177.5,685360.6875,685886.75,685101.75,689029.0625,687655.625,686812.375,690850.5625,682782.4375,692919.3125,690089.875,691100.5,685281.875,685351.9375,685223.8125,685037.125,685024.875,685101.3125,685045.375,685255.625,685312.75,685591.1875,685630.9375,684118.5,685695.125
685156.125,685344.9375,685870.3125,685091.1875,689012.875,687639.5,686794.3125,690833.125,682765.25,692901.1875,690071.25,691084.5,685261.9375,685332.25,685203,685016,685011.25,685086.25,685027.25,685237.375,685294.875,685578.375,685617.75,684100.5625,685680
685137.4375,685335.5625,685854.625,685077.4375,688989.875,687623.0625,686785.75,690821.75,682758.25,692895.3125,690060.9375,691076.5625,685256.125,685323.75,685198.6875,685014.625,685004.375,685081.3125,685024.4375,685234.5,685294.75,685575.5625,685616.5625,684101.3125,685679.125
685136.125,685331.125,685856.9375,685075.9375,688991.5625,687623.4375,686784.25,690824.25,682761.9375,692896.5625,690058.375,691078.625,685260.5625,685328.8125,685202.25,685018.6875,685009.5,685087.5625,685029.125,685238.8125,685300.125,685581.5625,685620.25,684104.875,685685
685137.75,685334.4375,685859.375,685077.5625,689007.1875,687634.25,686792.5625,690834.75,682772.125,692898.75,690066.9375,691086.25,685269.375,685341.1875,685214.625,685026.125,685021.5,685095.875,685039.3125,685252.75,685312.5625,685589.25,685632.875,684115.5,685694
685154.125,685349.4375,685872.75,685087.75,689030.5,687651.9375,686808.6875,690848,682795.125,692914.375,690083.125,691099.0625,685290.375,685361.5625,685234.0625,685049.625,685045.125,685120.25,685063.625,685271.875,685335.75,685615.75,685655.6875,684139.25,685719.0625
685182.5625,685371.875,685891.5,685093.625,689054.125,687679.875,686829.3125,690873.6875,682816.9375,692936.75,690103.875,691117,685307.1875,685378.4375,685253.0625,685070.5625,685060,685136.625,685078.0625,685289.875,685349.75,685627.75,685666.125,684151.375,685731.8125
685193.4375,685384.5,685903.25,685092.5,689065.9375,687694.9375,686838.625,690884.6875,682832.625,692944,690110.375,691129.0625,685309.0625,685383.125,685255.5625,685070.6875,685064.9375,685137.375,685082.5625,685291.375,685349.75,685631.625,685671.875,684148.5,685733.5
685202.375,685384.5,685905.0625,685086.9375,689075.625,687698.4375,686839.625,690886.1875,682836.5625,692946.75,690115.25,691131,685308.75,685385.875,685255.125,685069.5,685064.875,685134.125,685080.875,685287,685349.6875,685629.25,685667.4375,684147.8125,685732.125
685207.25,685385.875,685903.125,685089.9375,689077.8125,687693.1875,686834.625,690883.4375,682834.9375,692941.9375,690111.875,691127.25,685305,685375.75,685247,685065.875,685055.125,685130,685072.5,685284.375,685343.125,685620.6875,685660.75,684137.125,685724.3125
685205.125,685376.625,685895.0625,685092.1875,689062,687681.375,686823.75,690872.5,682820.5,692929.75,690098.4375,691112.4375,685289.9375,685363.4375,685234.75,685045.875,685041.9375,685114.3125,685058.125,685270.0625,685330.125,685604.3125,685645.6875,684122.625,685710.375
685199.375,685361.875,685886.75,685091.3125,689046.25,687667.875,686815,690858.875,682809.625,692923.8125,690091.1875,691102.1875,685281.625,685356.1875,685228.75,685042,685034.75,685108.0625,685050.875,685261.1875,685320.3125,685599.375,685639.9375,684119.3125,685706.3125
685201.3125,685357.625,685885.375,685091.8125,689036.625,687658.0625,686810.6875,690854.4375,682806.5625,692918.625,690083.6875,691100.375,685278.875,685353.0625,685226,685042.25,685033.0625,685110.75,685051.25,685259.4375,685321.3125,685603.4375,685640.25,684118.25,685707.8125
685205.9375,685358.0625,685885,685096.3125,689041.375,687660.75,686812,690852.8125,682813.625,692918.125,690088.1875,691102.875,685284,685359.125,685229.4375,685045.5625,685038.0625,685114.125,685053.8125,685266.75,685322.8125,685605.875,685641.9375,684119.4375,685707.625
685207.1875,685359.6875,685884.625,685100.25,689045.5,687663.75,686814.3125,690859.3125,682817.5,692919.25,690089.3125,691104,685285.125,685357.1875,685228.8125,685039.375,685038.0625,685112.625,685056.1875,685267.75,685324.625,685605.75,685650.5,684122.4375,685712.75
685217.4375,685364.125,685889.625,685107.25,689055.25,687668.5,686820,690864.75,682823.375,692926.9375,690094.75,691111.5625,685296.375,685370.125,685247,685058.875,685054.9375,685127.4375,685069.625,685282.875,685343.125,685624.625,685662.4375,684136.9375,685729
685236.1875,685376.3125,685900.3125,685115.3125,689077.1875,687683.6875,686833.8125,690883.375,682841.9375,692940.9375,690109,691123.1875,685307.875,685383,685255.5625,685069.6875,685062.125,685136.5,685077.625,685289.0625,685345.9375,685628.25,685669.25,684140.5,685731.8125
685241.875,685383.875,685905,685109.875,689082.4375,687686.9375,686837.1875,690883.875,682845.75,692943.4375,690108.375,691123.1875,685301.375,685374.5,685249.25,685061.375,685059.6875,685130.875,685072.25,685281.625,685341.9375,685622.75,685661.625,684135.25,685726.1875
685231.3125,685379.625,685900.5,685110.25,689071.75,687685.625,686826.8125,690880,682839.25,692935.5,690100.375,691114.5,685291.625,685365.9375,685238.125,685054.4375,685044.625,685122.25,685061.5625,685274.0625,685332.5,685613,685650.6875,684122.625,685716.5
685219,685363.4375,685890.75,685099.4375,689057.4375,687665.5625,686813.625,690866.25,682828.75,692924.6875,690090.0625,691104.3125,685279.4375,685353.5,685230.125,685040.625,685035.5,685106.3125,685049.4375,685265.75,685319.4375,685604.0625,685640.125,684110.625,685705.375
685210.125,685358.1875,685882.5625,685100.75,689038.75,687653.625,686806.8125,690853.375,682818.8125,692917.4375,690082.125,691096,685274.0625,685346.75,685224,685035.5625,685032.125,685105.5,685045.0625,685263.875,685315.125,685603.25,685638.6875,684106.75,685703.4375
685209.0625,685352.75,685882,685101.625,689036.5,687654.25,686804.75,690857.75,682820.75,692918.0625,690081.8125,691095.125,685279.4375,685350,685222.25,685038.0625,685027.125,685107.625,685048.75,685260.0625,685318.4375,685601,685639.9375,684108.8125,685705.3125
685213,685358.0625,685886.25,685111.25,689041.1875,687659.6875,686811.1875,690859.4375,682828.875,692923.25,690086.1875,691103.125,685286.25,685360.75,685233,685045.5625,685040.9375,685115.5,685057.75,685270.6875,685326.3125,685608.4375,685648.75,684118.125,685711.875
685229.0625,685366.8125,685893.875,685114.375,689054.25,687670.25,686816.625,690868.4375,682840.6875,692928.4375,690095.75,691109.25,685291.1875,685370.125,685241.75,685058,685052.125,685124.9375,685067.75,685276.125,685334.3125,685617.625,685657.125,684126.25,685721.8125
685234,685373.1875,685898,685116.5625,689068,687677.5625,686823.75,690875.25,682846.375,692936.75,690098.75,691110.5625,685291.75,685368.125,685239.5,685056.5,685048.5,685124.375,685063.875,685278.4375,685334.4375,685616.3125,685656.875,684119.6875,685721.3125
685240.5625,685370.375,685898.6875,685114.25,689070.375,687675.875,686822.5625,690875.625,682850.5625,692935.625,690097.8125,691114.3125,685290.6875,685368.5,685241.25,685056.3125,685045.625,685123.4375,685064.375,685278.0625,685334.75,685613,685655.6875,684118.4375,685720
685238.1875,685370.3125,685893.75,685111.875,689065.5625,687671.25,686819.25,690871.375,682846.5,692928.875,690092.375,691105.375,685282,685356,685229.5,685045.5,685035.625,685111.25,685050.25,685262.8125,685321.5625,685605.625,685644.0625,684104.3125,685705.875
685226.75,685358.25,685886.1875,685106.25,689048.1875,687659.5,686807.875,690858.625,682832,692917,690079.9375,691095.9375,685266.8125,685342.875,685214.3125,685028.25,685018.625,685097.1875,685035.5,685246.75,685304.375,685586.75,685626.625,684086.75,685692.625
685211.9375,685339.875,685870.25,685095.9375,689020.125,687637.75,686787.875,690840.125,682817.5625,692898.875,690060.5625,691076.9375,685247.4375,685324.5,685198.5,685013.5,685004.6875,685081.9375,685022.5625,685236.625,685293.125,685573.1875,685613,684074.0625,685682.875
685199.9375,685330.625,685856.875,685091.875,688999.5,687627.5625,686779.75,690831,682806.3125,692890.75,690054.25,691069.9375,685241,685321.3125,685196.1875,685006.5,685000.75,685075.3125,685016.375,685230.6875,685286.5625,685571.25,685609.3125,684068.875,685675
685196.3125,685323.6875,685855.625,685088,688997.375,687624.25,686778.125,690831.125,682808.75,692891.25,690054.3125,691066.75,685244.9375,685321.3125,685196.875,685009.75,684998.1875,685075.3125,685019.625,685230.125,685289.0625,685571.5625,685612.375,684066.3125,685678.625
685195.6875,685326.3125,685855.375,685088.125,689000.9375,687626.25,686776.9375,690826.5,682810.25,692890.375,690049.5,691067.4375,685243.1875,685316.3125,685191.375,685005.125,684998.75,685073.625,685014.3125,685223.375,685282.4375,685569.5,685602.875,684062.25,685672.625
685190.9375,685315.25,685849.5,685081.125,688994.875,687616.5,686769.875,690824.75,682808,692881.625,690040.375,691057.625,685233.375,685307.5,685186.25,684996.125,684991.625,685064.6875,685003.625,685222.75,685277.5,685563.6875,685597.5,684056.625,685666.625
685187.875,685312.4375,685847.5625,685080.5,688995.25,687613.6875,686765.0625,690820.6875,682806.3125,692878.5,690041.1875,691057.1875,685233.25,685312.8125,685184.625,685000.9375,684990.3125,685070.5625,685007.5625,685220.5,685278.6875,685560.375,685598.8125,684055.125,685667.5
685191.1875,685315.125,685848.0625,685081.625,689002,687614.3125,686768.6875,690823.75,682809,692879.4375,690041.875,691056.5,685233.6875,685312.375,685186.9375,684999.375,684989.6875,685066.25,685009,685221.375,685280.5625,685561.875,685600.125,684058.8125,685671.125
685191.9375,685317.375,685849.875,685081.75,689008.375,687621.3125,686770.875,690826.125,682816.8125,692884.125,690045.625,691061.8125,685241.125,685316.375,685190.0625,685006.3125,684995.875,685070.6875,685012.5,685224,685280.375,685565.875,685605.125,684056.375,685674
685193.0625,685320.75,685848.5,685087.625,689012.5625,687622.75,686772.375,690826.25,682820.3125,692884.25,690046.5625,691063.75,685240,685317.625,685190.125,685004.0625,684999.625,685073.5,685014.9375,685230.6875,685283.75,685571.125,685607.625,684061.125,685679.3125
685201.625,685322.5625,685853.6875,685085.375,689020.3125,687630.25,686776.125,690834.125,682822.4375,692888.375,690048.375,691066.3125,685244.5,685319.5,685195.5,685010.375,685000.5,685077.375,685016.9375,685229.625,685286.1875,685571.8125,685609.0625,684059.3125,685676.3125
685198.875,685322.125,685847.25,685085.5,689025.875,687630.375,686776.375,690835.375,682831.375,692889.5,690048.625,691067,685245.5625,685321.5,685196.1875,685008.8125,685002.75,685076.5,685018.75,685232.625,685288.125,685574.5,685611.25,684062.5625,685679.5
685199.4375,685323.1875,685853.625,685084.4375,689027.25,687632.375,686780.75,690838.0625,682832.8125,692891.25,690052.1875,691066.9375,685242.1875,685321.9375,685195.9375,685008.8125,685002.8125,685079.9375,685017.5,685232.8125,685291,685573.4375,685611.9375,684060.75,685681.25
685199.25,685324.6875,685850.625,685083.25,689030.375,687631,686776.5625,690837,682833.875,692890.25,690050.5625,691065,685240.5625,685322.75,685197.125,685008.1875,684999.5,685075.875,685016,685230.0625,685290.375,685574.5,685609.0625,684058.5,685679.9375
685198.4375,685322.625,685853.875,685084.75,689030.0625,687634.3125,686777.5625,690838.625,682837.4375,692893.8125,690054.4375,691065.25,685241.125,685324.9375,685196.75,685008.75,685002.5625,685077.5,685019.875,685229.625,685286.1875,685574.6875,685610.875,684057.25,685678.4375
685195.0625,685326.5625,685853.8125,685084.75,689030.25,687632.25,686777.25,690840.625,682840.0625,692888.6875,690053.875,691065.375,685238.1875,685321.8125,685193.75,685005.25,684999.625,685073.125,685016.625,685229.375,685284.5,685572.25,685609.0625,684053.75,685679
685182.125,685321.125,685849.875,685083.625,689026,687629.9375,686773.8125,690839.6875,682837.1875,692884.4375,690046.375,691062.375,685236.125,685316.25,685192,685000.0625,684999,685070.6875,685011.5,685223.4375,685280.5,685566.25,685600.5625,684049.25,685672.1875
685178.625,685318.375,685848.25,685083.125,689018.75,687626.8125,686771.25,690833.0625,682835.3125,692884.125,690048.1875,691059.5,685239.0625,685318.875,685192.25,685004.3125,684997.375,685073.625,685015,685230.6875,685288,685572.1875,685611.3125,684059.125,685680.5625
685190.3125,685328.4375,685856.375,685093.4375,689034.3125,687636,686783.875,690845.625,682847.625,692897.5,690058.0625,691072.375,685252.75,685332.25,685205.75,685020.5625,685016.375,685088.4375,685031.375,685244.875,685302.5625,685584.3125,685623.1875,684067.25,685694.125
685208.0625,685339.625,685868.0625,685091.1875,689049.125,687650.25,686791.5,690859.25,682863.625,692904.375,690066.625,691082,685259,685338.0625,685210.25,685023.125,685020.125,685094.125,685033.4375,685244.3125,685303.8125,685589.3125,685626.3125,684068.75,685697.125
685200,685342.4375,685870,685084.3125,689047.25,687649.0625,686789.4375,690856,682864.0625,692899,690064.0625,691078,685249.875,685328.4375,685199.25,685014.25,685007.75,685083.875,685021.9375,685236.3125,685293.125,685575.6875,685614.125,684055.75,685683.4375
685177.125,685332.25,685858.625,685080.9375,689033.8125,687635.3125,686776.25,690846,682849.9375,692893.125,690050.0625,691066.9375,685240.0625,685317.375,685188.25,685003.5,684999,685070.125,685013.0625,685228.8125,685283,685566.875,685606.3125,684049.625,685676.1875
685160.875,685320.125,685852.625,685076,689019.4375,687628.875,686773.125,690839.6875,682844.875,692885.375,690047.4375,691062.875,685233.6875,685312.625,685189,685004,684995.5625,685068.4375,685011.5625,685224.625,685281.875,685565.5,685600.3125,684042.5625,685674.125
685153.125,685316.75,685848.6875,685079.625,689009.75,687624.375,686770.375,690835.0625,682845.625,692881.75,690043.6875,691059.875,685232.375,685307.375,685184,685000.375,684988,685064.0625,685004,685216.125,685275.3125,685561.875,685594.6875,684038.375,685666.1875
685143.125,685310.3125,685844.75,685079.25,689002,687614.625,686761.625,690826,682835.6875,692873.75,690032.75,691049.0625,685221.125,685300.9375,685175.9375,684988.0625,684979.75,685057.875,684995.3125,685209.5,685266.125,685551.125,685583.8125,684025.375,685659.9375
685135.0625,685301.625,685835.3125,685072.5625,688990.0625,687601.1875,686753.875,690821.125,682828.8125,692866.5,690025.75,691044.5,685216.8125,685294.6875,685168.125,684988.1875,684977.625,685052.375,684993.1875,685206.375,685267.8125,685553,685583.125,684025.5,685659.4375
685138,685304,685838.8125,685076.5625,688993.875,687609.6875,686756,690819.5,682835.0625,692867.4375,690029.625,691046.875,685219.4375,685303.25,685175.9375,684992.5,684983.4375,685057.5,684998.5,685214.0625,685271.75,685555.625,685589.9375,684029.6875,685663.8125
685151.75,685307.1875,685840.25,685082.25,689000.5625,687611.5,686760.5,690827,682844.125,692875.375,690036.9375,691051.875,685224.375,685304.375,685178.4375,684995.875,684986.5,685058.4375,685003.25,685216,685275.25,685559.875,685592.75,684031.25,685668.1875
685159.0625,685308.6875,685841.25,685081.125,689008.6875,687612.25,686766.375,690834.4375,682845.9375,692878.375,690035.125,691051.625,685231.75,685312,685185.75,685000,684993.0625,685066.5625,685007.75,685220.3125,685279.3125,685563.625,685595.6875,684035.375,685673
685165.125,685314.5,685848.875,685085.25,689019.5,687621.875,686768.875,690836.8125,682856.375,692884.25,690042.625,691057.5625,685233.1875,685311.875,685189.25,684996.5,684991.9375,685069.6875,685009.6875,685225.0625,685281.25,685566.1875,685603.1875,684038.1875,685673.8125
685160.625,685319.3125,685848.5,685084.25,689022.5,687626.3125,686772.5,690840.3125,682863.6875,692885.75,690043.6875,691059.3125,685236.3125,685314.3125,685188,685005.375,684996.1875,685069.375,685012,685223,685283.25,685569.3125,685602,684037.1875,685674.6875
685152.4375,685319.375,685848.6875,685086,689027,687626.375,686770.5,690840.3125,682865.6875,692886.8125,690045.3125,691060.0625,685237.875,685317.8125,685189.25,685003.125,684997.4375,685069.875,685010.75,685229.375,685284.3125,685570.125,685605.0625,684037.75,685677
685145.875,685321.5,685849.375,685085.3125,689028.125,687631.9375,686774.4375,690845.3125,682867.75,692886.9375,690044.75,691060.625,685236.875,685318.875,685192.625,685009.875,684999.5,685075.3125,685018.625,685229.3125,685292.75,685571.1875,685611.25,684043.6875,685683.1875
685151.5,685325.3125,685855.75,685089.125,689033.75,687637.5625,686779.875,690853.875,682876.875,692894.375,690052.5625,691070,685246.1875,685327.75,685201.75,685013.75,685006.1875,685080.875,685025.375,685239.5,685298.4375,685583.0625,685618.5,684052.375,685691.25
685165.5625,685337.125,685865.25,685098.8125,689048.875,687648.5,686786.9375,690864.375,682891.8125,692905.5625,690061.9375,691078.0625,685253.375,685339.375,685210.625,685027,685016.25,685092.25,685035.125,685247.25,685309.6875,685592.625,685625.6875,684057.5625,685702.5
685171.375,685342.5625,685866.5625,685095,689055.25,687652.125,686795.375,690865.5,682895.25,692909.75,690064.375,691083.4375,685256.75,685341.125,685211.875,685029.3125,685020.125,685094.0625,685036.1875,685248.1875,685308.0625,685591.75,685626.9375,684060.0625,685702.5
685179.125,685343.4375,685873.75,685095.75,689059.375,687658.5,686796.5625,690866.625,682900.875,692908.75,690067.5625,691085.5,685256.9375,685341.5625,685211.9375,685026.5625,685018.75,685093.125,685035,685248.5,685308.875,685593.1875,685626.9375,684055.125,685702.25
685178.25,685342.375,685874.5,685100.625,689058.4375,687657.8125,686795.625,690865.5,682902.125,692910.625,690069.3125,691081.125,685257.125,685340.5,685211.5625,685027,685017.75,685091.75,685035.875,685248.1875,685306.875,685590.0625,685624.875,684056.1875,685700.6875
685171.5625,685344.3125,685872.125,685101.875,689055.875,687651.75,686793.4375,690864.0625,682901.25,692903.375,690065.25,691080.25,685250.75,685334.3125,685203.0625,685019.25,685011.875,685085.875,685027.625,685239.5,685298.8125,685582.1875,685614.875,684046.875,685689.375
685154.125,685332.25,685862.8125,685099.0625,689037.875,687642.75,686783.5,690851,682886.1875,692893.625,690050,691064.375,685232,685315.5,685190.5,685002.8125,684994.0625,685067.1875,685010.9375,685223.6875,685277.5625,685565.375,685598,684026.375,685674.125
685133.5,685315.5625,685850.3125,685092,689011.875,687619.6875,686764.9375,690833.125,682869.4375,692877.875,690035.3125,691051.9375,685219.5,685301,685169.625,684990.625,684978.1875,685054.125,684995.75,685207.5625,685269.125,685553.5,685586.125,684015.125,685661.9375
685121.8125,685308.0625,685839.375,685087,688990.625,687605.625,686754.25,690824.5,682861.75,692870,690025.6875,691037.75,685208.8125,685295.875,685165.875,684980.3125,684973.4375,685046.125,684988.75,685204.4375,685261,685548.125,685576.75,684008.1875,685653.75
685109.75,685297.1875,685830.625,685082.125,688978.5,687598.375,686748.875,690819.625,682855.75,692863.0625,690018.375,691035.9375,685203,685285.75,685158.5,684971.5625,684961.875,685043.125,684981.75,685195.375,685254.375,685539.0625,685573.75,683997.75,685648.1875
685104,685287.875,685827.1875,685075.375,688970,687586.1875,686739.875,690808.625,682847.5,692854.125,690009.6875,691025.3125,685189.5,685274.75,685146.5625,684961.5,684954.625,685029.6875,684969.9375,685178.75,685242.25,685527.1875,685558.0625,683979.9375,685633.1875
685085.375,685274.3125,685812.8125,685066.625,688945,687567.4375,686723.5,690790,682830.3125,692838.75,689991.875,691008.8125,685173.5,685257.875,685130.25,684942.1875,684938.25,685007.5625,684950.875,685160.875,685224.4375,685510.9375,685540.875,683965.3125,685616.5
685070.6875,685258.375,685793.0625,685054,688922.625,687551.3125,686713.0625,690781.5,682817.625,692827.8125,689984.3125,690995.9375,685168.25,685250.5,685124.25,684938.4375,684933,685006.75,684946.9375,685160.875,685221.5,685504.625,685538.375,683959.625,685615.875
685069.75,685255.3125,685794.4375,685053.75,688925,687551.5,686707.5625,690782.375,682824.125,692826.125,689979.125,690996.5625,685169.5,685250.75,685123.0625,684940.375,684932.8125,685003.625,684951,685160.875,685221.5,685505.75,685536.25,683960.9375,685618.125
685067.5625,685258,685795.125,685049.125,688933.75,687554.75,686708.5,690785.5625,682828.25,692825.625,689980.5,690996.875,685169,685252.8125,685125.9375,684942.75,684933.875,685006.25,684950.25,685162.25,685224.4375,685508.1875,685537.5,683960,685617
685071.375,685260.875,685795.5625,685050.0625,688941.625,687556.125,686711.125,690788.75,682831.25,692827.375,689984,690997.625,685168.0625,685255.375,685128.25,684939.0625,684930.375,685006.9375,684949.875,685160.125,685220.125,685508.1875,685538.75,683957.8125,685620.0625
685072,685256.875,685796.25,685050.5,688949.9375,687558.625,686709.4375,690790.625,682836,692829.9375,689983.4375,690998.625,685174.75,685255.9375,685134.3125,684947.8125,684936.625,685013,684955.9375,685167.8125,685229.375,685515.875,685546.5,683965.5625,685624.75
685079.4375,685265,685801,685053.875,688961.375,687568.625,686717.625,690798.6875,682847.75,692835.9375,689989.25,691005.625,685177,685263.375,685136.5,684948.125,684942.5625,685017.4375,684959.6875,685169.9375,685228.75,685515.625,685548.625,683969.0625,685626.8125
685082.5,685264.25,685801.8125,685051.5625,688970.75,687571.5,686717.4375,690803.875,682850.3125,692839.125,689992.25,691008.1875,685179.3125,685261.375,685136.1875,684950.75,684946.75,685017.375,684958.8125,685169.75,685232.5,685519.6875,685549,683966.5625,685629.875
685086.3125,685270,685804.0625,685051.9375,688976.8125,687576,686721.625,690806,682856.125,692839,689994.125,691010.125,685178.75,685264.3125,685139.9375,684957.25,684944.3125,685023.0625,684964.625,685179.5,685236.25,685524.25,685551.875,683971.3125,685635.6875
685093.4375,685274.625,685808.75,685060.125,688985.9375,687584.625,686726.75,690814.375,682866.1875,692848.1875,689999.125,691020.125,685193.4375,685278.875,685153,684965.625,684959.75,685035.375,684978.625,685184.9375,685247.8125,685536.25,685567.4375,683980.6875,685647.8125
685099.25,685282.8125,685816,685063.0625,688996.25,687595.25,686734.3125,690822.25,682877.5625,692856.5,690006.5,691023.875,685196.8125,685278.875,685150.75,684966.5625,684959.5,685034.3125,684974.125,685184.5,685245.5,685533.0625,685564.5,683975.75,685642.625
685090.125,685277.875,685812.4375,685057.5,688994.0625,687588.875,686729.875,690818.375,682873,692846.375,690001.5625,691017.125,685186.5625,685270.75,685141.5625,684960.875,684950.875,685023.25,684962.5,685180.75,685240.75,685522.125,685555,683967.8125,685633.75
685079.0625,685272.25,685805.5,685055.9375,688986.5625,687582.5,686724.3125,690812.8125,682867.125,692838.5,689995,691012.75,685180.75,685267.625,685142.5,684956.75,684944.5,685019,684963.6875,685176.5625,685234.875,685524.875,685555.75,683968.875,685637.5625
685079.875,685276.375,685809.375,685059.125,688988.6875,687588,686727.1875,690814.5,682873.375,692849.3125,690002.625,691018,685187.125,685275.6875,685145.0625,684963.0625,684955.5625,685028.25,684971.5625,685183.4375,685242.1875,685530.9375,685563,683977.125,685641.75
685087.125,685280.5625,685817.4375,685064.6875,688995.5,687590.375,686732.5,690819.4375,682884.125,692853.875,690003.5,691019.25,685190.625,685276.8125,685152.75,684964.3125,684956.125,685030.5,684970.6875,685184.25,685242.8125,685534.5,685562.25,683974.375,685642.5625
685085.9375,685280.875,685816.3125,685063.125,688992.1875,687590.3125,686728.125,690815.375,682879,692846.1875,689999.375,691015.25,685181.9375,685267.625,685143.1875,684955.0625,684950.0625,685024.6875,684965.5625,685178.125,685236.625,685526.3125,685559.125,683968.5,685639.75
685083.375,685278.5,685810.375,685066.375,688989.25,687585.5625,686727.875,690813.125,682878.375,692848,689999.5,691013.125,685183.4375,685267.1875,685144.75,684955.75,684950.625,685025.3125,684967.75,685177.625,685239.375,685525.5,685554.6875,683967.8125,685638.75
685082.25,685277.5625,685809.625,685067.375,688991.1875,687584.875,686724.4375,690816.5,682878.5,692847.375,689999.5,691013.5,685182.875,685267.5,685142.1875,684960.0625,684950.3125,685023.4375,684967.125,685176.625,685236.25,685524.4375,685552.75,683962.5,685638.0625
685081.125,685273.625,685811.9375,685065.6875,688987.25,687581.3125,686723,690812.4375,682877.5,692840,689997.75,691010.875,685181.375,685267.8125,685142,684957.625,684949.3125,685021,684965.0625,685173.75,685234.75,685522.5,685553.625,683961.875,685637.25
685081.5625,685272.75,685807.8125,685067.5,688981.75,687581.3125,686721.1875,690813.6875,682881.5625,692841.8125,689995.75,691010.25,685182.875,685266.3125,685141.875,684957.5,684947.5625,685018.875,684965.625,685178.4375,685238.125,685526.5625,685555.0625,683962.625,685639.3125
685088.6875,685276.5,685812.25,685072.375,688988.75,687588.375,686729.75,690816.375,682888.25,692850.125,689999.4375,691019.4375,685190.3125,685274.5,685150.5625,684966.375,684958.8125,685032.8125,684976.75,685186.5,685246,685539.25,685566.25,683973.625,685650
685104.375,685285.3125,685821.3125,685077.625,689005.625,687598.125,686739.3125,690826.5625,682903.625,692859.125,690012.125,691028.8125,685200.25,685287.375,685163.6875,684978.375,684969.375,685045.25,684988.75,685197.25,685260.3125,685547.4375,685581.25,683983.875,685662.625
685121.125,685297.4375,685828.0625,685076.5625,689019.6875,687614.6875,686749,690838.1875,682916.375,692870.0625,690026.875,691039.375,685212.875,685298,685170.625,684989.375,684980.0625,685056.75,685000.375,685209.875,685271,685560.3125,685589.5,683992.8125,685673.8125
685134.75,685308.0625,685842.875,685072.5,689034.625,687627.4375,686764.6875,690855.625,682931.3125,692883.0625,690035.9375,691054.3125,685226,685314,685185.375,684998.25,684995.3125,685065.3125,685007.125,685218,685278.1875,685565.75,685595.625,683999.9375,685679.75
685136.125,685315.3125,685849.625,685078,689038.75,687632.375,686764.375,690861.875,682937.4375,692887.75,690039.4375,691053.1875,685223,685306.9375,685179.9375,684997.625,684988,685066.5,685005.9375,685216.625,685273.8125,685564.6875,685596.75,683995.9375,685676.5
685135.625,685312.875,685846.625,685074.25,689034.5,687629.6875,686763.1875,690858.625,682934.625,692885.375,690034.5,691051.625,685218.625,685307.8125,685183.375,684991.125,684988.625,685064.6875,685005.875,685219.3125,685275.625,685565.6875,685593.125,683996.5625,685679.5
685137.875,685313.1875,685847.4375,685088.8125,689034.9375,687631.75,686763.75,690856,682937.625,692881.375,690035.125,691053.25,685219.375,685303.8125,685177.875,684993.625,684984.6875,685058.1875,685001.3125,685211.3125,685269.375,685562.125,685589.125,683991.8125,685676.625
685133.75,685310.3125,685845.0625,685090.75,689027,687624.375,686760.625,690851.8125,682934.375,692880.125,690031.5,691049.875,685217.375,685302.625,685177.1875,684987.875,684987.125,685060,685002,685215.0625,685274.3125,685566.5,685593.6875,683992.1875,685674.4375
685139.9375,685310.9375,685845.25,685098.875,689028.0625,687624.6875,686762.5,690853.5,682934.375,692885.125,690037.75,691053.125,685222.875,685311.3125,685179.75,684996.1875,684988.625,685061.25,685005.25,685214.375,685278.1875,685569.3125,685595,683995.25,685681.25
685149.9375,685315.125,685851.5625,685103.1875,689033.875,687624.75,686765.5625,690856.375,682941.25,692887.5,690040.375,691056.3125,685225,685309,685185.625,684999.3125,684990.3125,685065,685007.5625,685220.25,685280.0625,685568.25,685597.4375,683995.5625,685678.375
685153.0625,685315.5,685853.125,685109.125,689033.0625,687628.75,686766.5,690859.625,682943.4375,692888.0625,690041.8125,691053.4375,685221.8125,685308.625,685183.5,684998.125,684991.5625,685065.9375,685007.625,685217.5625,685279.875,685569.125,685594.375,683989.9375,685681.3125
685148.75,685315.0625,685852.25,685108.375,689031.5625,687624.3125,686765.5625,690856,682939.125,692884.6875,690036,691051.75,685218.875,685304.875,685181.875,684994.75,684987.8125,685062.8125,685005.5625,685214.75,685275.6875,685566,685594.6875,683990.375,685676.25
685150.5,685309,685849.75,685110.9375,689028.5,687620.625,686764.4375,690851,682941.75,692885.0625,690033.875,691050.5625,685215.125,685305.25,685180.75,684995.0625,684986.5625,685062.5,685007.875,685216.875,685277.1875,685569.125,685595,683987.625,685680.125
685154.125,685311.625,685851,685115.9375,689030,687623,686766.9375,690857.125,682949.125,692887,690039,691054.875,685221.5625,685310.625,685184.0625,684997.125,684991.125,685066.8125,685009.4375,685216.3125,685278.625,685570.25,685595.875,683990.875,685680.5625
685155.375,685310.6875,685852.4375,685118.6875,689030.875,687625.125,686765.6875,690856.1875,682944.5,692884.6875,690035.75,691053.0625,685219.3125,685306.1875,685183,684993.375,684990.3125,685059.125,685003.375,685215.875,685276.5,685568,685595.5625,683985.625,685677.125
685158.0625,685310.375,685849.75,685117.5625,689029.4375,687625,686760.875,690856.1875,682948.5,692886.3125,690035.5625,691053.75,685225.875,685307.5,685185.75,684997.625,684992.875,685065.875,685010.5625,685224.6875,685283.625,685573.8125,685603.125,683992.375,685686.625
685172.8125,685318.1875,685858.4375,685123.6875,689039.4375,687631.5625,686772.875,690861.25,682960.0625,692894.375,690045.625,691061.3125,685232.5625,685319.875,685195.5,685007.25,685004.375,685079.3125,685018.25,685231.5625,685291.8125,685585.125,685612.75,684003.75,685698.125
685188.1875,685329.125,685867.5,685126.375,689052.5625,687647.1875,686784.6875,690872.8125,682972.4375,692903.6875,690058.5,691071.875,685245.875,685335.25,685206.8125,685025.5625,685017.5,685090.375,685034.3125,685244,685304.5,685596.5,685619.3125,684014.625,685708.0625
685204.3125,685344.125,685876.875,685128,689068.125,687660.125,686796.8125,690888.75,682987.8125,692918.6875,690067.4375,691084.875,685256.1875,685344.875,685221.125,685031.125,685026.5625,685100.125,685042.5625,685252.4375,685314.3125,685606.5625,685631.9375,684023.6875,685715.9375
685214.9375,685349.625,685887.8125,685127.4375,689075.0625,687668.4375,686803.125,690895.6875,683000,692924.75,690078.6875,691092.375,685267.125,685353.0625,685227.375,685042.125,685037.875,685112,685053.625,685263,685328.375,685620,685643.125,684030.3125,685725.75
685230.3125,685360.0625,685898.4375,685130.9375,689085.5625,687681.625,686815.0625,690907.4375,683014.875,692933.1875,690086.3125,691103.0625,685273.25,685358.8125,685235.5,685049.375,685040.375,685117,685059.5,685272.4375,685332.5625,685624.0625,685650.0625,684039,685736.625
685242.5,685370.875,685906,685140.5625,689094.4375,687690.125,686824.6875,690917.4375,683021.75,692947.375,690096.375,691112.8125,685282.625,685368.625,685246.5625,685057.8125,685052.1875,685126.5625,685068.375,685280,685341.3125,685631.625,685658.6875,684044.75,685743.625
685250.25,685376.25,685911.875,685145.25,689102.25,687700,686827.875,690922.5,683031,692951.25,690099.375,691116.3125,685286.75,685375.3125,685249.375,685064.375,685059.5,685129.375,685071.5625,685281.3125,685344.625,685636.9375,685660.9375,684047.875,685747.375
685257,685380.5625,685916.75,685150.625,689107.1875,687703.8125,686832.1875,690927.5,683036.1875,692954.75,690106.875,691125.0625,685290.375,685379.875,685251.875,685068.1875,685060.9375,685133.25,685078,685288.375,685351.25,685638.75,685665,684051.875,685752.125
685263,685387.625,685920.9375,685161.1875,689109.875,687702.875,686838.5,690929.6875,683041.5,692957.5,690107.125,691123.375,685289.375,685378.25,685255.25,685068.4375,685061.875,685135.375,685075.6875,685289.125,685349.375,685641.625,685667.125,684051,685752.5625
685258.875,685382.8125,685922.4375,685162.1875,689109.9375,687700.75,686833.8125,690928.25,683039.75,692953.875,690106.75,691122.875,685288.8125,685381,685252.375,685068.25,685063.5,685136.25,685080.25,685289.125,685348.5,685643.6875,685671.125,684049.625,685755.625
685257.375,685386.1875,685923.5,685170.75,689105.75,687702.4375,686835.5,690928.6875,683042.375,692958.125,690108.375,691123.875,685290.5,685374.6875,685253.25,685069.3125,685061.25,685132.5,685075.75,685289.625,685351.5,685638.8125,685666.5,684048.625,685753.875
685259.0625,685385.875,685924,685179.25,689108.25,687700.75,686833.8125,690929.4375,683042.5625,692956.5625,690106.3125,691122.4375,685286.625,685373.0625,685251.875,685062.625,685056.3125,685129.6875,685071.5625,685283.0625,685341.5,685637.5,685659.25,684041.5625,685745.875
685255.5625,685380.0625,685917.5,685178.8125,689097.1875,687691.125,686825.5625,690918.75,683033.6875,692946.875,690096.75,691114.25,685280.875,685368.25,685241.75,685057.625,685045.625,685122.875,685065.9375,685277.125,685336.8125,685630.125,685652.375,684033.6875,685743.1875
685255.875,685375.25,685917.5,685182.5625,689089.3125,687684.6875,686824.0625,690914.375,683031.25,692947.625,690100.125,691116.375,685285.5,685373.0625,685245.25,685062.625,685057.625,685130.9375,685074.3125,685290.9375,685345.25,685642.25,685669.875,684046.3125,685754.25
685279.3125,685387,685927.5625,685189.3125,689105,687700.0625,686838.0625,690928.1875,683051.1875,692965.0625,690115.25,691129.625,685302.5,685392.625,685266.875,685078.375,685076.1875,685153.125,685089.25,685304.5,685366.5625,685658.375,685684.4375,684066.5,685770.375
685306.9375,685404.3125,685943.75,685198.375,689124.875,687719.625,686857.1875,690949.0625,683069.5,692979.4375,690132.5625,691147.125,685321.5,685407.5625,685285.625,685096.875,685091.625,685165.625,685107.125,685319.875,685379.375,685673.4375,685700.6875,684076.1875,685788.375
685326.5625,685419.375,685957.1875,685195.3125,689132.4375,687737.875,686868.5,690960.75,683088.5,692991.5,690141.8125,691157.875,685326.875,685414.6875,685287.375,685103.5,685096.625,685171,685111.5,685322.625,685385.5625,685677.1875,685703.5,684078.6875,685790.9375
685328,685420.625,685960,685197.4375,689134.625,687742.125,686869.5,690960.5625,683090.25,692991.75,690139.75,691156,685324,685411.5625,685286.25,685100.125,685090.75,685171.125,685105.9375,685319.25,685381.25,685674.3125,685697.4375,684074.0625,685783.875
685316.375,685418.5,685956.5625,685197.375,689133.75,687737.125,686867,690956.8125,683085.375,692986.8125,690138,691152.5625,685318.625,685407.8125,685279.6875,685093.25,685087.875,685160.25,685102,685316.125,685374.9375,685668.75,685689.9375,684069.25,685782.5625
685306.375,685411.5625,685951.3125,685201.8125,689125.6875,687725.5,686863.1875,690951.25,683081.125,692982,690130.3125,691151.25,685312.375,685398.8125,685273,685089.25,685082.125,685153.8125,685095.25,685304.9375,685367.875,685663.1875,685687.75,684061.5625,685771.9375
685300.375,685403.75,685944.3125,685209.875,689115.9375,687715.5,686852.5,690946.75,683074.9375,692974.375,690125.6875,691140.75,685304.875,685394.4375,685263.75,685080.25,685075.3125,685149.0625,685089,685301.5625,685357.8125,685656.375,685678.8125,684052.625,685767.625
685290.9375,685395.6875,685944.875,685205.6875,689106.9375,687708.5,686845.875,690938.875,683065.875,692967.5,690117.5,691134.3125,685301.5,685383.125,685258.375,685073.0625,685065.375,685139.0625,685080.25,685293.125,685356.3125,685647.5,685673.8125,684044.9375,685763.4375
685290.25,685390.875,685943.0625,685206.5625,689098.875,687700.5625,686840.125,690929.5,683061.5625,692962.375,690113.1875,691128.6875,685295.125,685380.875,685256.125,685072.875,685062.875,685134.25,685077.75,685292.875,685353.375,685645.9375,685667.125,684044.875,685764.25
685288.75,685391.8125,685935.25,685211.8125,689094.125,687699.125,686836.75,690928.625,683060.5625,692963.375,690109.9375,691126.9375,685294.3125,685380.375,685256.875,685070.5625,685064.0625,685134.375,685075.125,685288.8125,685349.3125,685648.5,685669.125,684040.6875,685758.1875
685285.625,685383.5,685932.75,685208.8125,689095.25,687693.375,686834.3125,690924.4375,683062,692958.4375,690107,691125.3125,685290.125,685377.75,685253.0625,685065.0625,685060.375,685131.25,685072.1875,685280.875,685341.75,685641.5,685665.0625,684033.4375,685754.75
685276.5,685380.5625,685929.5,685209.75,689088.8125,687688.1875,686832.25,690924.125,683060.875,692955.875,690101.1875,691124.75,685289.0625,685375.75,685248.8125,685064.3125,685056.1875,685130.75,685074.5,685279.9375,685344.3125,685639.75,685661.9375,684032.4375,685753.4375
685270.75,685378.625,685927.1875,685208,689091.1875,687689.875,686831.8125,690922.75,683062.875,692954.5,690103.625,691121.5,685291.5,685375.5625,685248.5,685064.4375,685059.0625,685129.5,685075.0625,685285.5,685347.4375,685644.0625,685665.125,684032.5625,685754.3125
685278,685384.3125,685931.5,685212.125,689099.5,687695.875,686835.6875,690931.625,683068.875,692961.125,690111.625,691128.75,685298.8125,685386.375,685260.875,685075.0625,685069.0625,685139.875,685084.9375,685296.5,685356.875,685651.375,685675.5625,684042.875,685767
685285.9375,685393.375,685940.125,685217.5625,689114.3125,687708.5,686847.375,690940,683084.25,692971.375,690122.625,691136.625,685310.125,685394.5,685271.9375,685086.875,685081.375,685150.25,685095.75,685304.875,685366.9375,685663.625,685686.125,684052.125,685777.25
685302.375,685406.375,685946.875,685221.25,689130.25,687718.6875,686857.625,690954.25,683098.6875,692984.0625,690130.6875,691146.8125,685320.5,685406.9375,685280.0625,685096.125,685089.9375,685159.3125,685104.75,685315.125,685377.8125,685672.25,685696.9375,684060.125,685789
685315.625,685413.625,685956.75,685222.625,689139.3125,687735.125,686868.25,690965.125,683111.375,692991.375,690144.4375,691158.8125,685332.5625,685416.875,685292.25,685108.4375,685100.75,685178.1875,685117.625,685331.25,685392.5,685686.9375,685709.375,684075.9375,685804.25
685339,685428.75,685970.25,685227.5625,689158.4375,687752.625,686881.3125,690982.875,683131.9375,693009.5,690160.875,691176.875,685350.6875,685439.9375,685310,685127.125,685123.75,685198,685139.375,685349.125,685415,685711.375,685730.875,684097.75,685825.75
685368.125,685452.125,685993.125,685236.875,689176.9375,687778.4375,686904.6875,691007.4375,683157,693034.875,690183.25,691198.4375,685377.5,685461.8125,685337.4375,685148.625,685145.875,685220.375,685164.0625,685374.875,685438.625,685731.5625,685753.25,684118.0625,685846.5625
685393,685474.25,686010.375,685250.5,689189.3125,687799.9375,686926.375,691027.625,683182.625,693050.875,690199.9375,691219.375,685394.0625,685479.875,685357.5625,685172.25,685164.0625,685236.5,685182.5625,685393.1875,685455.5,685751.875,685772.875,684133.0625,685865.625
685417.25,685491.25,686026.5,685264.9375,689202,687824.3125,686941.9375,691042.625,683201.625,693065.125,690215.9375,691231.1875,685407.1875,685495.3125,685369.4375,685185.75,685177.375,685249.6875,685193.6875,685404.0625,685465.375,685761.75,685782.8125,684145,685876.875
685418.6875,685501.9375,686036.9375,685271.75,689209.25,687832.25,686952.4375,691053.875,683213.0625,693077.1875,690228.125,691244.9375,685416.375,685500.9375,685379.0625,685191.25,685186.625,685258.1875,685201.875,685413.8125,685476.875,685769.875,685791.125,684153.4375,685886.8125
685420.3125,685512.25,686051.875,685274.25,689223.5,687843.8125,686966.875,691065.125,683225.6875,693091.5625,690239.4375,691257.1875,685426.1875,685511.375,685390.9375,685203.125,685195.25,685268.25,685209.9375,685424.9375,685483.0625,685779.0625,685800.125,684161.375,685896.875
685419.9375,685519.875,686060.875,685287.1875,689235.125,687851.3125,686970.75,691066.8125,683236.1875,693096.25,690245.6875,691261.875,685433.75,685521.5625,685393.25,685204.875,685201,685274.625,685213.875,685427.625,685490.375,685788.25,685805.9375,684165.5625,685901.875
685426,685527.8125,686065.875,685295.875,689243.8125,687857,686979.6875,691073,683238.0625,693104.375,690250.75,691266.5625,685435.5625,685523.1875,685397.1875,685210.9375,685204.3125,685276.75,685216.5625,685429.25,685489.0625,685786.25,685805.3125,684165.25,685902.8125
685425.375,685528,686068.125,685305.625,689249.75,687851.3125,686975.875,691073.1875,683236.875,693103.0625,690250.5,691267.5625,685433.8125,685522.25,685397.5,685210,685199,685275.75,685217.1875,685429.5,685490.0625,685789.625,685808.5,684165.5,685903.1875
685432.75,685528.75,686069.0625,685317.25,689250.9375,687850.125,686978.4375,691072.8125,683239.6875,693101.25,690253.75,691268,685438.4375,685521.3125,685396.75,685215.875,685206.125,685281.25,685223.625,685433.6875,685492.75,685791.1875,685812,684169.3125,685908.375
685440.0625,685532.1875,686076.875,685327.375,689255,687849.9375,686979.875,691073.25,683241.625,693107.4375,690255.125,691273.125,685439.375,685525.625,685403.125,685213.625,685205.9375,685281.375,685225.3125,685432.125,685494.4375,685793.4375,685812.75,684166.375,685907.1875
685442.625,685534.25,686076.9375,685336.625,689260.3125,687855.3125,686984.3125,691069.875,683246.1875,693109,690255.75,691274.5,685442.125,685526.75,685403.875,685217.4375,685209.625,685283.4375,685229.375,685435.6875,685497.875,685796.1875,685814.9375,684169.6875,685909.3125
685446.375,685535.375,686080.5,685342.5,689264.625,687853.625,686985.0625,691075.3125,683246.8125,693111.125,690259.875,691273.25,685445.3125,685530.125,685408.8125,685219.6875,685211.875,685287.25,685229.3125,685440.0625,685496.875,685798.25,685821.5,684172,685914.75
685451.875,685541.3125,686082.1875,685352,689269.5,687860.6875,686989.25,691081.375,683257.125,693117,690266.8125,691283,685453.375,685539.4375,685418.25,685228.875,685221.5,685296.25,685238.6875,685452.4375,685512,685808.8125,685829.375,684181.375,685925.25
685466.375,685549.375,686095.5,685353.8125,689286.9375,687868.375,687002.8125,691090.3125,683268.1875,693126.375,690276.9375,691295.9375,685467.5,685553.4375,685429.0625,685243.125,685235.5625,685311.875,685251.1875,685465.6875,685525.9375,685823,685842.625,684194.125,685940.5625
685485.25,685565.5625,686112.1875,685366.375,689297.5625,687884.25,687015.75,691104.4375,683282.125,693142.4375,690293.8125,691307.25,685483.6875,685569.5,685443.875,685257.4375,685251.3125,685326.875,685267.625,685483.625,685537.875,685839.125,685859.625,684208.6875,685956.3125
685502.5625,685580.0625,686124.3125,685375.3125,689315.0625,687902.375,687030.9375,691122.625,683299.75,693156.875,690304.75,691323.125,685492.125,685578,685451.25,685269.75,685260.625,685336.875,685274.625,685489.4375,685547.25,685846.5625,685870.625,684215.875,685961.9375
685512.1875,685587.4375,686131.625,685371.25,689315.9375,687909.625,687035,691126.25,683309.5,693161.875,690309.0625,691328.25,685496.375,685581.875,685458,685270.5625,685262.75,685338,685276.1875,685486.5,685548.625,685846.8125,685866.9375,684210.5625,685960.75
685512.5625,685586.3125,686130.3125,685376.375,689316.3125,687905.625,687032.75,691121.375,683304.75,693155.75,690304.4375,691320.6875,685491.875,685574.25,685449.4375,685262.5,685254.75,685329.6875,685267,685479.5,685536.8125,685836.375,685859.6875,684202.4375,685954.625
685504.5,685574.3125,686128,685382.8125,689302.1875,687896.875,687023.1875,691111.3125,683299.4375,693150.5625,690297.8125,691313.0625,685479.75,685564.375,685442.1875,685256.25,685247.8125,685325.25,685264.9375,685472.5625,685535.125,685833.8125,685855.125,684198.125,685951.3125
685503.1875,685572.1875,686120.0625,685391.75,689296.125,687890,687020.3125,691105.625,683296.25,693148,690298.1875,691312.75,685483.125,685566,685439.9375,685257.625,685247.75,685320.25,685265.125,685474.875,685536.625,685834.75,685856.75,684197.75,685948.75
685497.75,685571.1875,686121.5625,685393.4375,689299.875,687886.625,687020.9375,691106.3125,683297.625,693148.375,690296.8125,691308.8125,685480.875,685562.875,685441,685255.25,685247.4375,685320.5,685262.8125,685472.125,685534.875,685831.75,685855.75,684196,685951.3125
685496.1875,685568.1875,686123.625,685396.5625,689294.375,687885.3125,687018.25,691107.25,683295.5,693146.5,690294.375,691308.8125,685481.75,685563.625,685439.9375,685255,685247.5625,685322.375,685260.875,685475.3125,685535.625,685836.125,685855,684195,685951.875
685489,685570.125,686124.25,685402.125,689295.5625,687885.0625,687019.4375,691105.375,683297.5,693147.875,690293.8125,691308.4375,685478.875,685560.625,685436.5,685252.75,685243.4375,685319.0625,685260,685470.375,685534.125,685830,685848,684193.0625,685947.8125
685477.375,685567.625,686120.0625,685403.1875,689293.4375,687880.3125,687018,691103.25,683296.3125,693141.375,690289.3125,691306.125,685474.5,685559.875,685434.125,685248.1875,685241.75,685317.1875,685256.25,685472.5625,685529.4375,685830.125,685849,684188.375,685947.75
685472.5,685566.9375,686118.875,685408.5,689292.1875,687882.375,687018.5,691103.0625,683300.75,693146.3125,690294.5,691310,685481.125,685565.0625,685438.6875,685253.875,685243.75,685317.5,685261.5,685473.625,685534.6875,685833.25,685853.5,684192.5625,685951.5625
685468.375,685569.25,686118.8125,685408.25,689296.25,687879.6875,687022.375,691107.1875,683302.1875,693144,690291.5625,691307.75,685478.1875,685559.5,685436.5,685250.5625,685244.6875,685314.5,685255,685470.375,685527.25,685825.625,685849.3125,684185.75,685945.3125
685466.5,685566.375,686117.375,685407.375,689290.6875,687877.625,687015.375,691102.25,683300,693140.0625,690287,691306.5625,685473.6875,685556.9375,685432,685246.75,685238.25,685311.25,685255.0625,685467.8125,685525.5625,685824,685845.9375,684181.375,685942.875
685467.125,685561,686113.125,685405.875,689285.3125,687875.0625,687011.3125,691098.8125,683299.875,693140.375,690285.3125,691304.75,685474.875,685555.625,685433.375,685244.9375,685239.9375,685312.1875,685251.9375,685465.25,685524.3125,685826.25,685847.5,684180.6875,685943.875
685481.125,685561.25,686117.1875,685407.5,689288.25,687878.625,687015.875,691104.6875,683303.6875,693141.3125,690290.25,691307.875,685481.875,685563.4375,685439.125,685254.625,685246.1875,685316.9375,685263.75,685475.6875,685533.6875,685835.625,685855.0625,684189.6875,685949.9375
685494.9375,685569.9375,686121.125,685410.5625,689299.5,687883.125,687021,691109.9375,683313.6875,693148.125,690293.75,691311.1875,685483.625,685561.3125,685441.75,685255,685248.125,685321.375,685263.875,685471,685532.4375,685839.0625,685852.25,684187.125,685952.5
685497.5,685572.1875,686123.1875,685411.25,689300.9375,687886.1875,687021.5,691111.375,683314.125,693149,690295.25,691310.125,685483.375,685565.375,685440.5625,685259.25,685248.6875,685321.5625,685265,685475.9375,685535.3125,685834.4375,685855,684189,685951.9375
685502.375,685572.25,686124.0625,685410.125,689303.875,687887.4375,687020.625,691111.1875,683318.375,693148.125,690296.375,691311.1875,685481.625,685566.125,685441.75,685256.25,685249.25,685322.125,685267.5625,685481.125,685538.4375,685839.375,685857,684192.4375,685958.25
685511.5625,685576.875,686129.5,685416.3125,689308.125,687887.125,687028.0625,691116.8125,683326.3125,693155,690298.5,691319.875,685487.25,685569.4375,685446.625,685264.625,685253.8125,685326.75,685269.3125,685479.75,685539.9375,685844.9375,685858.4375,684191.625,685958.25
685523.5,685581.5,686130.875,685418.0625,689313.625,687890.625,687025.3125,691121.1875,683330.875,693156.3125,690298.375,691318.25,685490.375,685573.25,685453.875,685268.8125,685257.875,685330.125,685273.0625,685483.8125,685547.625,685849.3125,685864.875,684197.8125,685962.375
685530.0625,685578.375,686131.625,685416.75,689314,687897.125,687029.5,691123.4375,683335.3125,693162.1875,690307.5,691323.6875,685493.625,685577,685456.1875,685271,685262.625,685334.625,685277.5625,685489.0625,685549.875,685850,685868.6875,684199.75,685969.4375
685540.9375,685587.1875,686138.4375,685420.3125,689324.6875,687904.0625,687038.25,691132.5,683343.875,693170,690316.125,691330.5625,685506.8125,685588.5,685468.6875,685280.0625,685274.375,685346.1875,685290.0625,685502.1875,685564.25,685863.4375,685880.5625,684211.8125,685982
685556.625,685597.5,686152.375,685425.6875,689338,687918.75,687050.0625,691148.875,683358,693181.3125,690326.25,691343.375,685514.3125,685596.3125,685476.75,685288.25,685280.5625,685353.0625,685296.625,685506.25,685568.375,685869,685887.875,684214.25,685986.25
685567.4375,685606.1875,686155.625,685425.9375,689345.75,687926.8125,687056.5625,691151.5,683367.375,693186.8125,690331.5,691347,685521.5,685605.0625,685478.1875,685292.75,685284.75,685361.75,685301.3125,685515.6875,685575.625,685877.8125,685893.625,684221.375,685993.125
685581,685611,686162.125,685434.625,689353.5,687936.625,687067.4375,691159.6875,683377.75,693193.8125,690338.5,691357.125,685533.6875,685614.25,685493.625,685308.0625,685301.25,685371.75,685315.3125,685528.6875,685587.375,685890.9375,685906.1875,684234,686007.5625
685596.9375,685625.75,686175.0625,685438.5,689364.3125,687949.125,687076.75,691172.375,683392.625,693207.5,690352.625,691371.625,685546.3125,685626.25,685504.4375,685314.6875,685313.8125,685383.4375,685326.75,685537.5625,685597.875,685900.3125,685917.5625,684242.8125,686021.25
685614.75,685637.5625,686184.625,685437.5625,689374.875,687960.625,687089.25,691184,683403.25,693214.875,690359,691380.125,685554.375,685634.625,685512.5,685326.1875,685315.25,685390.375,685333.8125,685543.8125,685602.5,685908.125,685924.125,684248.4375,686024.0625
685629.3125,685641.9375,686190.75,685443.875,689379.875,687967,687093.1875,691185.75,683412.875,693220.5625,690369.4375,691382.125,685558.125,685636.8125,685514.0625,685331.5625,685320.625,685393.25,685336.5,685549,685610,685909.125,685928.0625,684250.5625,686030.9375
685643,685645.9375,686193.6875,685452.25,689386.25,687971.1875,687099.9375,691191.3125,683419.625,693228.125,690374.25,691390.6875,685562.4375,685645.5625,685523.625,685338.125,685329.625,685401.1875,685343.4375,685555.3125,685615.3125,685917.4375,685935.75,684256.9375,686036.5
685655.9375,685650.0625,686201.25,685463.1875,689394.375,687974.75,687103.6875,691198.375,683426.625,693231.3125,690379.3125,691394.75,685568.4375,685650.375,685526,685342.1875,685334.9375,685408.0625,685347.375,685561,685623.75,685924.5,685939,684262.5625,686042.5
685667.5625,685658.0625,686206.25,685466.3125,689398.8125,687981.25,687108.875,691202.4375,683429.4375,693234.6875,690382.1875,691396.5625,685570,685647.625,685525.5,685336.75,685333.4375,685403.1875,685347.5,685555.75,685620,685921.1875,685935.75,684257.625,686040.125
685670.875,685656.9375,686204.4375,685475.6875,689396.1875,687975.9375,687108.25,691195.75,683430.6875,693233.625,690380.625,691396.75,685570.125,685651.5,685526.1875,685340.875,685335.375,685408.125,685351.375,685559.4375,685622.4375,685926.875,685939.25,684262.625,686045.0625
685671.125,685659.375,686208.875,685484.125,689401.75,687984.3125,687114.6875,691202.25,683438,693240.75,690389.0625,691402.8125,685577.75,685656,685532.875,685348.25,685342.8125,685415.25,685356.875,685566.3125,685629.875,685932.75,685947.25,684266.5,686051.125
685670.25,685667.1875,686217,685489.9375,689405.25,687986.9375,687116.75,691205.5,683440.3125,693239.5,690390.0625,691405.875,685577.1875,685656.75,685536.375,685348.1875,685340.5625,685413.0625,685357,685566.1875,685631.3125,685928.375,685944.125,684263.4375,686047.5625
685657.875,685661.25,686215.3125,685492.8125,689403.375,687981,687112.375,691202,683441.375,693240.5,690385.875,691404.9375,685575.5,685654.75,685533.625,685345.9375,685339.375,685411,685354.6875,685564.9375,685627.875,685929.25,685941.625,684263.625,686047.375
685658.8125,685662.375,686218.1875,685498.875,689404.3125,687981,687115.125,691201.5,683440.875,693243.6875,690390.125,691406.75,685585.375,685659.0625,685537.5625,685350.875,685345.625,685418.5,685361.9375,685569.3125,685630.375,685935.25,685949.6875,684272.8125,686056.75
685667,685670.9375,686229.0625,685504,689411.375,687992.875,687123.4375,691210.25,683454.5,693256,690399.75,691418.8125,685596.25,685676.25,685553.5,685367.125,685361.9375,685432.5,685378.4375,685589.9375,685648.8125,685953.625,685968.375,684284.0625,686069.875
685686.8125,685687.5625,686244.0625,685511.25,689427.625,688008,687140.75,691228.125,683470.125,693268.4375,690413.625,691431.375,685609.5,685688.875,685567.75,685379.5,685375.5625,685446.875,685390.3125,685602.8125,685657.4375,685966.25,685981.125,684295.3125,686085.375
685707.4375,685698.4375,686253.875,685513.4375,689439.6875,688020.5625,687153.0625,691240.25,683489,693278.875,690426.875,691442.125,685620.75,685697.5625,685573.1875,685387.75,685382.1875,685450.9375,685397.4375,685607.4375,685667.375,685969.625,685986.5625,684302.125,686090.6875
685717.1875,685706.5625,686261.5,685516.75,689444.625,688026.5,687156.25,691246.875,683493.6875,693283.8125,690431.5625,691444.875,685619.875,685699,685574.25,685389.5,685380.75,685457.75,685393.5,685610.5625,685668.875,685972.625,685986.625,684300.5625,686090.5
685723.125,685704.25,686259.0625,685519.3125,689444.5,688028.6875,687153.875,691244.3125,683496.9375,693285.875,690431,691447.375,685620.9375,685698,685573.0625,685389.4375,685379.625,685454.75,685395.0625,685611.125,685666.625,685973.4375,685984,684298.5,686091.75
685714.4375,685708.8125,686259.125,685529,689445.75,688024.5,687156.375,691243.625,683497.4375,693283.1875,690426.75,691445.3125,685620.625,685693.75,685573.8125,685388.1875,685380.9375,685454,685396.8125,685606.875,685668.875,685970.375,685986.25,684297.625,686089.9375
685705.6875,685701.8125,686259.375,685536.125,689441.9375,688024.875,687154,691243.625,683496.125,693282.75,690428.375,691444.625,685619.5,685697.75,685575.9375,685388.0625,685383.125,685459,685398.0625,685610.125,685671.3125,685978,685986.125,684304,686096
685704.3125,685708.875,686266.75,685544.375,689448.8125,688031,687163.375,691250,683507.75,693292.8125,690435.3125,691455.9375,685630.75,685707.125,685590,685401.625,685396.8125,685470.5,685409.3125,685622.5,685681.8125,685989.875,686004,684309.9375,686108
685707.25,685721.25,686276.75,685555.25,689460.9375,688040.0625,687174.3125,691260.75,683518.1875,693303.5,690448.625,691465.375,685646.125,685723.4375,685599.375,685415.0625,685409.875,685481.9375,685423.4375,685634.5,685695.625,686002.4375,686014.75,684323.0625,686120.625
685716.25,685730.875,686287.5,685555.75,689473,688054.3125,687182.75,691270,683528.4375,693310.75,690455.5625,691473.625,685646.8125,685725.6875,685601.25,685417.25,685412.8125,685482.8125,685425.0625,685635.75,685696.375,686001.125,686017.5625,684323.8125,686117.75
685715.9375,685733.8125,686288.5,685558.8125,689473.875,688053.125,687186.875,691274.9375,683537.4375,693313.5,690457.1875,691475.9375,685648.4375,685728.125,685606.9375,685421.25,685413.8125,685486.375,685427.75,685641,685698.375,686005.75,686017.625,684324.75,686122.75
685713,685736.125,686293.75,685566.5,689477.875,688056.9375,687191.625,691275.25,683536.125,693316.75,690461.125,691479.0625,685652.875,685732.5,685611.5625,685428.125,685417.4375,685490.5625,685434.6875,685647.1875,685709.9375,686012.5625,686025.625,684330.625,686133.125
685725.6875,685745.125,686301.375,685579,689489.25,688069.0625,687200.125,691284.9375,683549.0625,693325.0625,690471,691488.25,685666.3125,685743.8125,685620.875,685436.3125,685430.6875,685501.9375,685446.5625,685655,685717.125,686023.6875,686036.625,684337.75,686139.625
685730.5,685754.3125,686311.875,685584.75,689497.25,688074.875,687206.9375,691295,683559.375,693334.9375,690476.875,691496.125,685674.4375,685753.6875,685632.25,685447,685435.9375,685512.125,685453.4375,685665.5,685728.6875,686032,686042.875,684351.75,686152.375
685753.5,685764.3125,686319.375,685595.5625,689509.125,688089,687218.375,691307.1875,683575.625,693344.125,690491.5,691510,685688.875,685766.625,685643.375,685458.6875,685449.5,685522.875,685469.6875,685680.375,685738.6875,686041.5,686059.0625,684363.8125,686166
685771.5,685776.1875,686331.8125,685602.625,689519.375,688103.8125,687229.875,691316.3125,683587.75,693358.25,690505.5,691519.5,685698.875,685775.75,685654.75,685467.75,685458.6875,685533.625,685476.1875,685690.3125,685745.6875,686052.25,686066.75,684366.1875,686171.625
685785.375,685783.8125,686339.75,685598.5,689527.1875,688110,687237,691325.75,683595.625,693367.5,690510.625,691527.375,685700.75,685782,685658.75,685471.8125,685464.5,685537.75,685479.3125,685695.375,685753.0625,686057.1875,686069.125,684369.125,686177.5
685799.125,685789,686347.25,685605.75,689533.75,688117.4375,687240.3125,691330.75,683604.0625,693370.5625,690516,691532.4375,685706.375,685786.375,685668.25,685478.375,685470.6875,685544.9375,685486.625,685697.8125,685759,686066.375,686078.5,684377.8125,686186.5625
685811.875,685795.875,686354.25,685615.0625,689541.5,688121.3125,687248.6875,691338.125,683610.0625,693379.0625,690523.625,691545.0625,685718.8125,685797.4375,685675.125,685489.5,685481.3125,685556.25,685497.875,685708.875,685768.625,686074.125,686086.875,684385.125,686195.625
685824.75,685805.5,686359.9375,685625.875,689551.375,688131.375,687256.5625,691346.375,683624.0625,693385.25,690530.25,691546.8125,685722.4375,685799.5,685678.125,685491.75,685486.125,685558.625,685499.875,685711.8125,685771.5625,686078.4375,686089.125,684387.5,686197.625
685834,685806.875,686363.75,685630.875,689553.625,688132.75,687261.8125,691347.5,683626.75,693389.75,690535,691554.9375,685727.8125,685807,685685.125,685499.6875,685491,685566.125,685507.75,685717,685780.625,686084.375,686097.4375,684392.875,686202.75
685851,685817.8125,686374.0625,685642.8125,689560.75,688143.4375,687271.75,691356.375,683636.1875,693398.6875,690543.625,691562.75,685742.5,685819.375,685697.5,685509.9375,685503.375,685577.125,685519.3125,685731.5,685791.5,686098.875,686109.75,684406.1875,686219.75
685889.625,685829.6875,686388.6875,685648.1875,689576.8125,688155.75,687283.375,691371.9375,683651.125,693409.3125,690555.5625,691575.375,685755.875,685830.875,685713.8125,685523.6875,685516.8125,685589.75,685533.375,685744.25,685802.625,686109.25,686122.5625,684414.625,686234.0625
685924.5,685844.375,686401.125,685657.625,689584.75,688170.9375,687295.125,691380.375,683665.3125,693422,690567.375,691587.5625,685769.4375,685844.125,685725.375,685536.875,685529.375,685600.875,685548.1875,685756.875,685813.625,686126.5,686137.5,684432.375,686247.1875
685961.375,685859.875,686414.125,685663.125,689595.5625,688190.0625,687307.75,691396.375,683679.9375,693438.375,690582.125,691600.5,685781.375,685856.5625,685731.875,685549.375,685542.4375,685616.8125,685556.9375,685771.1875,685829.9375,686138.125,686148.4375,684442.25,686259.6875
685992.4375,685869.6875,686427.8125,685675.25,689606.625,688198.75,687323.6875,691408.1875,683697.25,693446.25,690594.875,691615.125,685794.875,685868.75,685744.875,685562.375,685549.125,685624.9375,685567.1875,685776.8125,685838.125,686144.625,686152.625,684450.9375,686265.75
685995.625,685873.8125,686432.8125,685678.25,689613.375,688203.8125,687322,691410.0625,683700.9375,693449.375,690596.875,691615.5,685792.375,685866.8125,685742,685557.5625,685554.25,685625.125,685564,685775.3125,685836.8125,686142.4375,686156,684446.625,686263.75
685995.875,685873.6875,686435.6875,685694.125,689614.125,688205.3125,687327.375,691413.75,683703.6875,693457.375,690602.125,691619.6875,685799.875,685873,685748.75,685563.125,685557.4375,685631.5,685571.5,685785,685848.6875,686154.25,686164.0625,684455.9375,686277
685991.1875,685886.5625,686442.25,685710.875,689628.25,688209.9375,687338.1875,691419.625,683718.375,693467.8125,690612.75,691630.6875,685816.8125,685890.125,685764.75,685579.4375,685571.375,685647.25,685588.625,685798.625,685860.625,686169.3125,686179.6875,684469.25,686287.875
685990.5625,685898.4375,686458.6875,685720.375,689641.375,688226.875,687351.75,691434.0625,683729.25,693480.875,690627.1875,691643.6875,685829.375,685898.75,685777.1875,685591.3125,685584.75,685657.1875,685599.875,685809.625,685871.5625,686176.625,686191.125,684479.875,686299.875
685991.375,685909.625,686467.75,685724.6875,689650.6875,688238.6875,687363.875,691447.625,683742.1875,693491.1875,690636.5625,691653.125,685835.5625,685907.5,685789.3125,685599.9375,685591.9375,685668.875,685607,685821,685878.0625,686186.375,686199.3125,684484.125,686305.375
685977.25,685918.25,686478.0625,685730.75,689655.625,688240.0625,687367.25,691450.625,683749.5,693492,690638.625,691658.1875,685835.5625,685906.375,685785.75,685598.4375,685591.375,685661.3125,685604.4375,685816.8125,685875.5,686184.9375,686193.8125,684479.3125,686303
685953.75,685910.625,686473.875,685737.125,689651.25,688235.875,687360.5625,691442.1875,683746.75,693490.0625,690634,691649.5,685828.125,685899.375,685779.6875,685590.625,685582.125,685657.8125,685600.375,685808.75,685868.0625,686175.6875,686188.4375,684470,686294.625
685934,685906.125,686470.625,685741.125,689639.4375,688225.75,687353.4375,691431,683734.625,693481.5,690625.75,691641.8125,685817.875,685891.3125,685767.125,685581.25,685573.0625,685648.75,685588.4375,685799.0625,685858.1875,686167.25,686180.3125,684462.1875,686288
685921.875,685895.875,686463.0625,685747.25,689631,688213.5,687345.3125,691424.375,683729.125,693476.375,690617.875,691639.125,685815.375,685888.0625,685764.875,685577.625,685571.5,685643.625,685586.375,685796.5,685857.75,686166.9375,686174.125,684462.8125,686287.4375
685915.3125,685894.6875,686465.9375,685753.8125,689628.5,688209.75,687347.625,691427.125,683728.375,693473.5,690621,691642.125,685819.6875,685894.0625,685772.4375,685584.6875,685573.6875,685650.25,685591.5625,685803.6875,685862.25,686169.9375,686183,684462,686292.25
685917.25,685901.8125,686468.375,685763.625,689637.125,688215.6875,687354.75,691428.375,683736.5625,693480.125,690627.4375,691644.5,685824.5,685896.375,685770.25,685586.3125,685578.25,685652.8125,685595.3125,685808.4375,685862,686173.875,686187.1875,684467.25,686296.875
685922,685901.75,686472.4375,685767.4375,689642.875,688221.875,687353.6875,691435,683744.75,693485.6875,690629.4375,691649.25,685829.6875,685898.5,685773.875,685587.125,685584.75,685655.375,685599.75,685807.5625,685871.3125,686178,686186.875,684468.6875,686301.9375
685922.5625,685909,686471.625,685772.1875,689645.375,688219.5,687357.5625,691435,683748.25,693485.9375,690629.625,691646.8125,685829.875,685901.625,685773.625,685588.4375,685581.875,685655.875,685597.625,685806.8125,685869.125,686178.8125,686185.25,684468.0625,686297
685914.125,685902.5,686471.9375,685772.25,689645,688218.0625,687354.625,691432.1875,683748.5,693482,690628.25,691646.3125,685825.75,685895.875,685770.6875,685584.75,685577.25,685650.125,685591.375,685802.5,685864.75,686170.75,686179.25,684459.6875,686291.125
685901.375,685897.375,686468.25,685770.9375,689637.625,688216.625,687349.75,691428.6875,683744.9375,693475.6875,690624.0625,691639.5,685820.0625,685888.4375,685764.75,685577.8125,685572.8125,685646,685585.75,685794.3125,685859.25,686166.9375,686175.5625,684454,686285.375
685892.125,685891.375,686462.8125,685767.5,689627.875,688209.6875,687341.25,691419.9375,683735.875,693472.5625,690617.5,691634.25,685812.25,685881.3125,685759.9375,685574.625,685566.5625,685640.25,685581,685794.125,685852,686163.4375,686170.3125,684446.3125,686281.1875
685880,685886.8125,686457.1875,685766.375,689620.0625,688201.9375,687338.625,691417.25,683735.0625,693466.5,690611.875,691629.0625,685810.625,685880.625,685759,685571.875,685561.3125,685637.4375,685579.5,685790.25,685849.3125,686156.75,686168.5,684444.6875,686279.875
685872.25,685882.875,686457.75,685765.6875,689618.375,688197.5,687339,691418.0625,683735.375,693468.375,690611.8125,691629.0625,685809.6875,685881.8125,685757.625,685572.4375,685560.6875,685636.375,685581.75,685789.3125,685850.5,686163.5,686168.4375,684450.0625,686281.5625
685872,685888,686462.5,685767.875,689624,688204.125,687341.625,691418,683740.5625,693471.1875,690617,691633.625,685819.375,685887.875,685764.625,685575.625,685570.5625,685643.375,685587.375,685797.625,685855.625,686165.6875,686175.25,684452.8125,686288.5
685876.5,685893.4375,686464.125,685775.25,689629.4375,688206.625,687343.375,691425.25,683750.5,693477.1875,690621.5,691638.1875,685821.75,685892.125,685769.125,685579.125,685575.0625,685647.625,685590.5625,685802.125,685861.75,686172.8125,686178.875,684454.125,686295.0625
685887.75,685901.5,686471.375,685777,689644.875,688217.75,687353.625,691436,683762.75,693483,690628.125,691645.5625,685832.375,685895.875,685775.0625,685586.375,685581,685654.375,685596.9375,685807.1875,685867,686179.75,686186.875,684457.125,686300.875
685899.6875,685905,686473.875,685772.75,689649.5,688225.75,687357.75,691440,683769,693486.1875,690631.3125,691648.5,685834.0625,685898.4375,685778.125,685589.25,685582,685656.875,685599.0625,685810.125,685871.3125,686179.3125,686187.25,684461,686300.5
685900.5625,685906.625,686471.1875,685770.75,689650.3125,688226.1875,687358,691439.75,683766.8125,693490.625,690628.1875,691648.25,685830.9375,685895.375,685774.75,685587.375,685577.4375,685650.125,685597.25,685806.25,685869.625,686176.75,686185.875,684455.25,686298.8125
685897.875,685903.125,686468.0625,685771.125,689648.0625,688222.1875,687351.5625,691436.25,683766.1875,693484.9375,690626.875,691643.0625,685824.9375,685891.5625,685768.0625,685581.3125,685573.8125,685649.125,685593.5,685804.625,685861.3125,686171.875,686183,684451.125,686294.0625
685888.1875,685898.375,686467.5,685771.875,689643.25,688218.375,687350.5,691432.1875,683765.625,693483.5,690625,691642.4375,685825.875,685892.375,685769.875,685580.75,685572.25,685647.4375,685589.4375,685799.625,685864,686170.9375,686180.125,684448.625,686296.875
685883.4375,685899.5,686472.5625,685778.0625,689646,688218.8125,687351.875,691434.3125,683769.5,693486.3125,690626.875,691644.25,685831.5625,685896.625,685773.0625,685582.375,685578.8125,685651.375,685596,685805.6875,685863.375,686175.25,686182.75,684452.375,686297.5625
685880.9375,685899.6875,686470.9375,685781.8125,689649.0625,688221.5625,687354.6875,691437.125,683773.875,693487.625,690633.125,691645.625,685833.6875,685897.8125,685775.0625,685587.5,685583.0625,685655.9375,685599.3125,685807.625,685869.125,686178.8125,686187.125,684455,686299.4375
685881.875,685905.5,686474.625,685783.25,689650.9375,688223.1875,687354.5,691440.5625,683779.3125,693489.9375,690632.625,691647.875,685835.0625,685899.0625,685775,685588.1875,685578.625,685656,685597.5625,685805.6875,685869.125,686179.4375,686189.625,684458.375,686302.8125
685881.1875,685907.625,686478.875,685784.625,689656.375,688232,687359.75,691442.125,683784.875,693491.9375,690631.8125,691651,685844.125,685907.125,685782.8125,685594.125,685588,685662.75,685602.5625,685814,685875.5,686185.3125,686195.6875,684462.5,686305.875
685888.875,685914.3125,686478.6875,685781.3125,689663.6875,688236.125,687368.0625,691450.6875,683790.9375,693497.375,690639.25,691658.125,685846.1875,685911.25,685788.0625,685600.875,685593,685665.25,685609.4375,685819.5,685881.375,686190.875,686198.25,684464.5,686312.1875
685892.5625,685917.375,686484.3125,685789.0625,689667.875,688239.75,687369.375,691454.3125,683796.625,693502.25,690639.75,691660.125,685848.875,685912.5625,685789.125,685601.375,685596.25,685668.6875,685611.5625,685821.5625,685882,686191.5,686201.75,684465.875,686313.875
685890.375,685915.625,686484.6875,685786.1875,689669.125,688239,687371,691454.3125,683800.25,693502.75,690645.5,691659.9375,685845.3125,685908.75,685788.0625,685599.6875,685594.4375,685667.8125,685609.75,685817.5625,685882.5625,686194.6875,686201.375,684462.875,686312.5625
685895.0625,685919.3125,686488.1875,685788.4375,689668.8125,688243.5,687371.25,691457.75,683804.625,693505.0625,690643.625,691662.125,685851.9375,685917.5625,685794.875,685607.125,685600.9375,685674.625,685619.25,685830.6875,685888,686205,686209.5,684473.4375,686324.25
685910.875,685927.4375,686494.25,685796.1875,689682.25,688253.875,687380.5,691470.5625,683814,693515.125,690652.1875,691673.0625,685866.125,685927,685804.5,685619.625,685614.0625,685686.875,685627.1875,685843.1875,685903.75,686215.5625,686220.0625,684482.4375,686335.875
685922.4375,685939.625,686505.75,685790.125,689695.5625,688267.375,687392,691479.125,683831.1875,693526.375,690666,691686.3125,685877.75,685938.4375,685812.875,685631.125,685619.6875,685696.125,685636.5,685849.125,685905.9375,686220.875,686227.5,684486.3125,686339.9375
685926.1875,685944.5,686510.25,685793.125,689699.5,688272.875,687398.0625,691486.5,683837.5,693527.875,690672.1875,691687.25,685876,685936.25,685817.875,685630.75,685620.125,685694.125,685636.75,685849.4375,685909.375,686222.125,686230.125,684488,686342.625
685926.5625,685946.5625,686514.75,685799.125,689700.75,688270.625,687396.625,691484.625,683840.125,693530.875,690673.1875,691691.875,685877.875,685941.1875,685820.9375,685631.3125,685624.75,685700.0625,685639.625,685849.875,685915.9375,686227.25,686235.6875,684489.625,686348.125
685938.125,685953.5,686519.875,685809.375,689707.625,688278.125,687403.875,691493.375,683847.5625,693538.125,690681,691700.0625,685891.625,685952.5,685830.0625,685646.3125,685640.375,685712.8125,685658.1875,685869.4375,685927.625,686238.5,686245.25,684507.8125,686361.75
685951.5625,685963.125,686532.5,685818.5,689719.375,688293.125,687416.5,691506.625,683862.125,693550.0625,690691.9375,691709.125,685900.6875,685960,685842.75,685651.3125,685645.125,685720.625,685661,685872.5625,685935.75,686245.9375,686249.75,684510.25,686367.4375
685957.1875,685968.875,686538,685817.625,689724.375,688298.75,687424.75,691514.625,683870.5625,693553.375,690697.375,691716.375,685908.75,685965.6875,685844,685656.375,685649.6875,685722.75,685666.5625,685880.125,685940.875,686250.125,686255,684514.9375,686370.6875
685964.375,685975.125,686543.375,685821.125,689731.125,688303.375,687428.5,691518.75,683874.625,693560.5,690701.125,691719.25,685912.25,685970.75,685844.75,685662.4375,685654.75,685731.3125,685673.0625,685880.375,685943.1875,686258.625,686262.4375,684521.625,686381.8125
685971.5625,685985.5,686547.375,685832.8125,689740.6875,688312.1875,687436.625,691527.1875,683887.1875,693567.8125,690713,691729.625,685924.25,685980.9375,685858.125,685673.625,685665.3125,685740,685681.1875,685891.3125,685954.125,686263.375,686271.875,684527.5,686388.1875
685977.375,685990.0625,686553.4375,685838.75,689745.5625,688318.4375,687442.875,691531.375,683893.75,693575.375,690715.5625,691731.875,685922.5625,685982.75,685859.4375,685672.25,685665.75,685737.5,685681.875,685889.875,685953.375,686264.125,686270,684523.4375,686387.5625
685974.875,685987.875,686555.5,685841.8125,689744.75,688316.875,687440.3125,691527.375,683889.5,693571.25,690712.5,691729.25,685918.6875,685979.6875,685855.125,685668.125,685664.3125,685736.25,685676.375,685889.75,685950.375,686260,686266.5625,684515.5,686384.6875
685967.4375,685983.375,686554.375,685845.5,689736.875,688310.375,687435.3125,691523.875,683889.3125,693571.5625,690708.4375,691727.625,685916.1875,685975.125,685850.5,685661.3125,685654.375,685730.75,685670.75,685884.0625,685944.25,686256.75,686261.1875,684515.625,686379.375
685964.6875,685981.9375,686556.8125,685849.3125,689735.25,688303.8125,687432.75,691520.25,683885.25,693567,690704.4375,691725.375,685913.875,685973.1875,685848.5,685663.1875,685657.4375,685730.0625,685668.25,685884.3125,685944.25,686252.625,686260,684509.75,686380.25
685962.8125,685978.125,686554.375,685854.9375,689725.25,688299.9375,687430.5625,691515.875,683883.0625,693564.375,690703.75,691723.875,685913.375,685967.5625,685845.9375,685659.875,685650.375,685728.875,685668.1875,685879,685941.625,686254.125,686257.5625,684508.6875,686376.125
685960.625,685977,686552,685856.875,689720.6875,688296.3125,687427.75,691508.5,683881.875,693561.75,690697.1875,691715.5,685905.0625,685964.0625,685839.75,685650.5625,685645.875,685721.625,685662.125,685871.375,685934.3125,686246.25,686251.8125,684500.125,686369.25
685952.4375,685969.4375,686545,685858.75,689708.875,688284.75,687415.9375,691504.3125,683876.1875,693552.875,690692.25,691706.9375,685899.4375,685954.4375,685833.4375,685647.5625,685636.8125,685712.8125,685653.6875,685867.75,685927.8125,686237.5,686245.125,684493,686359.375
685949.625,685963.0625,686539.375,685850.9375,689700.3125,688280.0625,687410.875,691499.5,683868.4375,693547.1875,690681.875,691703.4375,685892.4375,685947.625,685829,685643.125,685635.625,685708.375,685647,685859.875,685919.4375,686234.875,686237.4375,684484.0625,686354.9375
685945.5625,685956.9375,686535.875,685854.0625,689692.375,688269.4375,687408.0625,691491.5,683864.9375,693540.9375,690677.4375,691695.6875,685889.375,685942,685819.875,685633.75,685624.375,685699.5,685640.75,685849.4375,685908.875,686224.125,686231,684476.125,686349.9375
685941,685951.625,686528.625,685849.375,689680.0625,688264.875,687398.25,691483.25,683857.75,693536,690670.9375,691690.75,685882.5,685932.375,685813.375,685628.375,685621.8125,685692.5,685634.3125,685845.25,685909,686216.625,686224.4375,684468.625,686341.625
685934.4375,685944.9375,686521.1875,685844,689668.75,688256.3125,687394.75,691481.625,683855.0625,693526.375,690666.9375,691684.25,685878.375,685930.375,685808.0625,685624.125,685611.1875,685687.375,685629.125,685846,685904.625,686214.3125,686218.625,684465.125,686338.1875
685937.4375,685937.25,686521.8125,685841.5,689668.625,688249.3125,687390,691478.1875,683853.625,693523.875,690661.3125,691681.8125,685875.125,685929.25,685805.125,685620.3125,685613.75,685686.875,685630.0625,685840.9375,685904.125,686213.6875,686222.5,684466.875,686338.875
685944.5,685941.8125,686522.1875,685844.4375,689675.5625,688256.625,687393,691483.4375,683861.75,693531.5625,690669,691689.375,685884.6875,685939.6875,685819.75,685637.125,685624,685699.5,685641.875,685853.75,685913.625,686228.8125,686233,684477,686354.3125
685964.6875,685952.625,686530.3125,685851.1875,689696.3125,688273.0625,687405.6875,691497.8125,683876.375,693544.625,690678.75,691700,685899.75,685953.25,685830.75,685646,685638.125,685711.5625,685657.125,685867.1875,685925.5,686243.25,686245.125,684490.125,686364.75
685986.5,685964.375,686541.5,685848.75,689710.75,688287.125,687420.75,691513.875,683895.625,693558.0625,690691.3125,691709,685908.6875,685962.5,685843.1875,685654.125,685649.3125,685724.625,685661.375,685877.5625,685939.5,686252.625,686256.1875,684496.3125,686374.6875
685996,685973.125,686550.6875,685845.0625,689724.9375,688299.3125,687426.875,691521.3125,683910,693567.1875,690699.125,691719.625,685916.5625,685971.125,685847,685662.875,685653,685726.875,685668.8125,685881.8125,685943.375,686260.875,686261.75,684500.9375,686381.125
686010.6875,685979.375,686551.875,685841.3125,689733.0625,688307.5625,687433,691530.3125,683916.5,693569.6875,690701.1875,691723.25,685922.5625,685978,685853.6875,685667.375,685660.25,685733.125,685676.125,685889.9375,685948.1875,686266.3125,686269.4375,684506.75,686388.5
686029.6875,685986.5,686557.8125,685845,689745.125,688315.25,687438.125,691540.5625,683926.125,693577.375,690708.375,691731.5625,685930.75,685985.5,685860.625,685674.125,685666.375,685743.125,685685.125,685895.625,685956.5,686269.625,686274.4375,684511.8125,686394.375
686037.5,685994.25,686565.6875,685851.875,689751.9375,688324.125,687445.875,691545.125,683933,693583.0625,690716,691737.1875,685937.8125,685987.875,685866.375,685683.0625,685672.8125,685749.0625,685693,685901.125,685961.375,686276.5625,686283.1875,684517.25,686403
686038,686003.25,686571.9375,685857.375,689759.625,688330.5,687451.5,691548.625,683938.75,693589.625,690722.5625,691744.25,685943.875,685996.625,685874.125,685690,685681.75,685757.5,685698.625,685909.4375,685971.375,686284.5,686288,684523.75,686408.1875
686041.875,686007.25,686579.0625,685865.0625,689771.875,688340.5625,687461.5625,691564.125,683955.3125,693600.5,690738.25,691756.5625,685957.5625,686010.125,685891.3125,685704.25,685698.6875,685772.4375,685712.125,685924.25,685986.5,686298,686301.875,684540.125,686427.25
686065.25,686023.625,686593,685870.875,689789.0625,688363.5,687478.4375,691580.25,683975.75,693619.0625,690754.25,691771.8125,685974,686031,685907.375,685722.8125,685711.625,685788.875,685733.875,685944,686003.1875,686316.3125,686322.875,684555,686442.75
686087.5,686042.5625,686613.0625,685875.625,689800.3125,688379.25,687496.8125,691597.4375,683996.8125,693632.25,690769.625,691786.8125,685991.5625,686046.1875,685924.375,685731.25,685728.125,685801.3125,685742.75,685955,686013.25,686330.125,686332.125,684567.25,686453.125
686097.125,686050.0625,686620.75,685879.0625,689805.75,688390,687503.875,691600.75,684001.5625,693636.625,690772,691790.125,685991.375,686044.375,685917.75,685731.1875,685724,685799.5,685738.8125,685949.125,686010.875,686327.25,686329.375,684559.875,686448.25
686104.375,686043.875,686618.1875,685890.625,689799.375,688383.375,687497.625,691596.375,684000.5625,693633.6875,690771.5,691786.5625,685986.5625,686034.625,685910.375,685724.4375,685718.5,685790.5625,685736.125,685944.875,686005.3125,686321.875,686323.25,684556.3125,686446.375
686104.75,686042.75,686618.125,685896.1875,689799.375,688376.875,687494.25,691592.5,683991.625,693631,690765.9375,691786.25,685984.625,686032,685911.9375,685723.25,685717.125,685792.625,685736,685945.5625,686006.125,686318.75,686323.5,684554.4375,686446.75
686113.4375,686044.25,686620.875,685912,689800.625,688376.3125,687498.1875,691591,683998.75,693635.125,690766.875,691787.1875,685990.25,686040.0625,685920.875,685728.375,685721.8125,685798.1875,685738.8125,685950.625,686013.4375,686326.625,686326.75,684557.1875,686453.4375
686131,686049.0625,686628.125,685922.8125,689806.5,688379.9375,687503.75,691601.25,684005.75,693642.375,690781.5,691796.75,685998.6875,686048.875,685926.375,685739.875,685732.375,685805.5625,685745.625,685954.75,686017.4375,686333.75,686337.625,684567.125,686460.5
686143,686054.375,686630.375,685931.9375,689814.875,688384.5,687508.125,691603.5,684011.1875,693648,690778.25,691798.125,686001.375,686050.75,685925.75,685740.625,685734.125,685808.5,685750.5625,685960.75,686025.5625,686335.9375,686342.1875,684566.8125,686466.3125
686151.8125,686059.375,686633.125,685935.75,689822.4375,688389.6875,687512.4375,691610.5625,684017.125,693650.3125,690785.0625,691804,686012.1875,686056.875,685936.3125,685749.3125,685739.75,685815.5,685758.6875,685966.9375,686030.25,686344.6875,686345.6875,684576.9375,686470.6875
686161.875,686065.125,686637.125,685947.25,689827.875,688398.25,687517.4375,691616.125,684024.4375,693655.75,690789.75,691809.875,686014.0625,686059.6875,685942.25,685750.625,685745,685818.5,685762.125,685975.75,686031.8125,686349.5,686349.875,684580.125,686475.6875
686169.3125,686075.625,686646.1875,685953.6875,689834,688406.125,687526,691620.6875,684036.5625,693667,690798.75,691817.4375,686030.9375,686072.875,685954.0625,685763,685756.8125,685834.6875,685773.4375,685988.1875,686046.25,686361.3125,686366.125,684588.625,686486.8125
686171.5,686080.3125,686655.625,685956.3125,689845.875,688414.9375,687534.5,691633.375,684048.4375,693676.25,690807.25,691825.875,686035.6875,686080.6875,685959.375,685771.9375,685764.25,685836.8125,685780.5,685992.5,686050.0625,686371.3125,686368.625,684596.3125,686494.6875
686171.1875,686089.6875,686665.0625,685961.5,689855.9375,688422.25,687543.875,691638.625,684057.375,693680.9375,690815.875,691836.875,686036.625,686088.4375,685961.75,685774.6875,685767.625,685842.125,685782.5,685996.625,686054.125,686371.1875,686370,684598.0625,686495.25
686163.0625,686091.75,686665.6875,685963.4375,689856.5625,688426.1875,687542.75,691635.625,684056.8125,693682.5625,690814.5,691834.9375,686038.625,686083.6875,685959.25,685774.9375,685765.3125,685838.5,685779.6875,685995,686056.125,686371.125,686373.375,684595.375,686496.9375
686164.75,686094.0625,686666.5625,685971.125,689858.8125,688423,687541.875,691640.875,684060.25,693683.125,690819.0625,691837,686045.625,686086.8125,685966.5,685775,685768,685846.1875,685783.0625,685996.375,686059.9375,686375.5,686376.3125,684599.4375,686498.875
686160.875,686093,686669.625,685980.125,689859.3125,688423,687543.125,691639,684059.375,693683.625,690816.9375,691837,686043.1875,686086.3125,685960.75,685776.25,685766.875,685842.4375,685781.5,685991.75,686052.75,686368.0625,686371.125,684590.25,686493.4375
686145.75,686084.875,686666.9375,685978.125,689846.9375,688412.1875,687537.125,691630.375,684051.3125,693675.375,690808.75,691828.4375,686030.3125,686073.875,685947.4375,685765.5625,685755.3125,685827,685768.8125,685980.0625,686042.1875,686356.5625,686356,684575.5,686478
686123.6875,686077.375,686659.25,685974.75,689827.125,688397.75,687526.25,691618.375,684040.375,693665.0625,690794.6875,691814.0625,686020.875,686058.4375,685939.4375,685751.625,685744.5,685820.3125,685762.25,685971.9375,686031.5,686349.6875,686350.9375,684568.4375,686474.25
686111.9375,686068.4375,686656.3125,685980.5,689816.375,688390.25,687520.5,691615.25,684037.4375,693662.25,690797.125,691808.25,686016.875,686060.25,685937.4375,685751.9375,685744.25,685817.8125,685761.25,685970.625,686031.5,686345.875,686350.5,684567,686470.9375
686113.5,686066.625,686656.1875,685979,689814.9375,688387.5625,687519.9375,691613.125,684037.1875,693659.6875,690790.75,691810.625,686018.25,686058.75,685937.5,685749.0625,685743.1875,685815.875,685757.5,685969.6875,686030.3125,686346.875,686346.375,684567.25,686471.875
686111.3125,686064.5,686650.6875,685979.5,689814.125,688384.4375,687514.875,691611.3125,684039.5,693657,690788.375,691805.625,686012.1875,686053.375,685932.125,685745.125,685735.25,685809.25,685751.125,685959.875,686025.3125,686343.0625,686338.4375,684556.8125,686466.5
686105.9375,686058.1875,686648.5,685973.6875,689803.0625,688378.25,687511,691602.625,684032.5625,693652.1875,690785.3125,691800.9375,686010.9375,686046.3125,685926.875,685740.6875,685731.9375,685806.875,685747.5625,685956.875,686019.0625,686336.75,686338.1875,684554.5,686462.25
686102.375,686053.4375,686647,685978.125,689801.75,688380.9375,687509.9375,691604.5,684035.0625,693650.9375,690785.5625,691801.8125,686010.9375,686053.125,685931.8125,685742.5625,685735.625,685811.5625,685752.4375,685965,686025.3125,686344.25,686342.625,684559.0625,686470.125
686115,686061.625,686652.5625,685979.625,689811,688386.5,687515.9375,691613.5,684043.6875,693657.1875,690789.375,691807.75,686022.125,686060.5,685936.625,685747.5,685743.1875,685818.125,685757.875,685972.1875,686036.1875,686351.5625,686351.5,684566.875,686478.6875
686127.25,686071.1875,686658.8125,685983.375,689830.25,688402.5,687525,691625.5,684057.625,693671.25,690803.0625,691818.0625,686033.375,686075.625,685951.875,685768.25,685760.125,685834.4375,685775.75,685991.9375,686049.9375,686368.125,686368.625,684584.4375,686495.875
686147.5625,686086.5,686672.625,685983.375,689847.5625,688416.75,687543.125,691639.3125,684081.75,693683.8125,690816.75,691836.75,686052,686093.875,685968.5,685784.375,685777.625,685852.75,685794.25,686006.375,686070.3125,686388.0625,686388.125,684601,686515.5625
686159.625,686107.8125,686689.6875,685976.75,689867.8125,688440.9375,687559.5,691661.875,684101.375,693702.125,690836.5625,691853,686071,686109.6875,685983.0625,685802.5,685796.1875,685870.5,685811.875,686022.25,686083.5,686398.5,686398,684612.625,686526.3125
686166,686118.75,686700.0625,685972.8125,689875.9375,688456.1875,687568.4375,691678.1875,684118.625,693713.8125,690847.25,691862.875,686075.0625,686114.25,685993.25,685811.875,685799.4375,685871.5,685812.875,686027.125,686085.5625,686403.6875,686404.0625,684614.875,686530.875
686166.875,686124.125,686701.5,685978.5,689883.75,688459.875,687574.125,691679.5,684121.375,693716.3125,690849.5,691867.25,686077.625,686116.25,685994.25,685808.4375,685802,685873.75,685817.125,686026.5,686090.6875,686405.125,686404.875,684616.5,686531.8125
686162.375,686126.1875,686701.1875,685989.625,689888.875,688460.375,687574.9375,691677,684126.625,693718.0625,690847.375,691870,686078.5,686116.125,685993.25,685808.75,685801.25,685874.75,685813.0625,686028.625,686091.625,686410.125,686404.0625,684614.25,686534.125
686162.625,686123.875,686703.625,686000.6875,689890.6875,688459,687579,691678,684126.25,693720,690853.6875,691870.875,686084.5,686122.25,685999.4375,685812.875,685805.875,685878.6875,685820.25,686033.5,686091.625,686412.875,686409.75,684615.9375,686536.625
686162.1875,686130.125,686710.625,686011.1875,689896.5625,688464.125,687584.25,691684.9375,684133.125,693727.8125,690859.9375,691876.75,686093.625,686125.5625,686005.625,685819.4375,685811.5625,685889.5,685827.25,686041.8125,686100.75,686422.4375,686417.5625,684627.75,686545
686171.1875,686138.875,686717.625,686021.8125,689906.625,688472.625,687593.875,691697,684148.375,693738.0625,690869,691889.9375,686109.375,686144.625,686024.3125,685840.5,685833.25,685906.375,685845.375,686062.8125,686120.75,686441.375,686438.5,684646.9375,686565.9375
686187.1875,686162.5,686738.5,686032.375,689927.8125,688500.375,687617.125,691720.3125,684173.375,693760.375,690887.75,691911.75,686130.875,686167.8125,686047.375,685863.8125,685854.375,685928.75,685871.9375,686084.9375,686146.25,686463.25,686461.8125,684669.25,686591.8125
686206.3125,686186,686758.6875,686041.5625,689941.5,688522.4375,687634.6875,691739.9375,684194,693779.3125,690910.375,691933.8125,686150.0625,686188.1875,686065.875,685880.3125,685870.625,685943,685886.8125,686099.3125,686161.9375,686478.75,686479.3125,684683.0625,686603
686216.5,686198.375,686771.875,686057.125,689949.875,688538.4375,687652.4375,691755.9375,684213.8125,693792.8125,690927.375,691947.625,686165.6875,686200.875,686076.3125,685893.1875,685886.5,685962.5,685897.625,686111.9375,686175.5625,686491.3125,686491,684694.4375,686615.5
686229.125,686213.0625,686783.75,686060.5,689962.125,688552.8125,687663.25,691768.1875,684228,693806.8125,690937.125,691956.625,686177.25,686206.5,686089.375,685903.1875,685897.625,685971.5,685910.5625,686123.875,686184.875,686506.8125,686501.8125,684701.875,686630.75
686236.5625,686225.6875,686794.5,686065.3125,689974.625,688563.8125,687676.9375,691778.25,684239.3125,693818.75,690951,691968.4375,686188.1875,686220.6875,686102.125,685912.75,685908.4375,685984.125,685920.875,686133.8125,686197.5,686515.125,686513.1875,684713.5,686642.625
686251,686232.8125,686808.8125,686079.4375,689988.25,688576.9375,687686.375,691788,684251.5625,693830.5,690962.5,691979.75,686199.75,686232.75,686112.8125,685925.75,685920.625,685992.4375,685934.375,686146.3125,686209.6875,686527.375,686526.375,684725.125,686653.6875
686265.625,686244.25,686823.4375,686093.8125,690001.75,688586.3125,687699.5,691799.9375,684268.0625,693841.1875,690974.875,691992.375,686213.625,686247.8125,686124,685936.3125,685934,686005.5625,685946.625,686157.875,686220.5,686540,686538.375,684735.6875,686665.75
686275.375,686259.0625,686839.125,686104.375,690016.25,688600.9375,687713.625,691811.125,684279.0625,693853.5,690984.625,692005.9375,686227.75,686256.3125,686138.5,685952,685944.875,686018.25,685959.75,686169.0625,686233.4375,686551.875,686549.875,684748.625,686677.75
686290.5625,686269.3125,686851.3125,686116.9375,690029.6875,688609.3125,687723,691819.75,684293.25,693862.75,690993.625,692013.875,686232.1875,686263.25,686143.1875,685955.375,685952.8125,686024.625,685961.9375,686175,686235.375,686557.4375,686552.1875,684752.75,686681.1875
686291.9375,686272.25,686856,686129.75,690032.875,688613.75,687724.625,691824.625,684295.625,693865,690993.875,692014.4375,686232.75,686263.25,686143.1875,685955.125,685948.875,686024.75,685966,686175.125,686236.625,686554.625,686552.375,684750,686680.125
686288.6875,686271.375,686853.8125,686139.875,690037.4375,688609.6875,687723.25,691817.5625,684291.5,693867.5625,690995.9375,692014.375,686230.5625,686263.1875,686140.5625,685954.4375,685947.75,686019.75,685961.5625,686173.75,686235.75,686553,686550.6875,684745.125,686681.1875
686288.75,686271.625,686850.25,686150.75,690032.875,688606.8125,687722,691813.25,684288.8125,693864.0625,690991.75,692013.625,686227.875,686258.1875,686137.875,685952,685940,686016.25,685955,686169.25,686229.375,686552,686547.5625,684740.625,686677.1875
686279.875,686266.8125,686851.1875,686161.375,690028.625,688595.5,687713.8125,691807.25,684282.25,693855.6875,690984.875,692006.5,686220.0625,686250.3125,686125.6875,685936.5,685928.75,686004.25,685943.6875,686152.875,686216.75,686538.875,686532.75,684729.375,686662.8125
686264.75,686250.9375,686840.5,686159.25,690007.8125,688575.375,687699.3125,691789.3125,684265.375,693843.1875,690971,691990.875,686203.75,686233.75,686111,685923.0625,685915.125,685988.75,685930.9375,686142.375,686202.75,686523.8125,686518.625,684713.4375,686645.25
686252,686237,686828.125,686155.125,689983.0625,688553.25,687688,691773.4375,684249.0625,693831.25,690962.1875,691976.375,686192.375,686220.125,686102.1875,685910.6875,685903.4375,685976.8125,685918.75,686132.1875,686192.375,686512.75,686506.625,684701.9375,686636.8125
686242.4375,686224.5,686819.5,686157.25,689965.25,688539.375,687676.125,691761.375,684241.875,693821.75,690948.625,691971,686184.25,686215.0625,686093,685904.875,685897.5,685970.5,685911.3125,686121.875,686184.9375,686503.5,686501.25,684694.875,686629.6875
686231.3125,686216.9375,686814.6875,686153.625,689955.875,688538.75,687669.75,691756.3125,684234.6875,693814.4375,690940.625,691966.8125,686180.5,686206.375,686090.0625,685902.375,685894.375,685969.5,685909,686128.75,686185.5625,686505.0625,686502.375,684692.375,686629.9375
686232.75,686218.8125,686817.4375,686155.75,689958.6875,688536.5,687673,691761.5,684241.375,693820.625,690943.875,691968,686186.1875,686212.4375,686088.125,685906.5625,685901.3125,685974.875,685914.0625,686128.0625,686185.0625,686509,686506.1875,684699,686636.3125
686244.25,686225.125,686820.375,686159.3125,689972.625,688546.1875,687679.6875,691771.5,684249.875,693825.625,690953,691974.3125,686194.875,686227.125,686102.375,685916.875,685907.25,685982.5625,685923.875,686134.0625,686195.25,686515.6875,686512.8125,684704.6875,686643.0625
686246.375,686230.625,686823.0625,686163.125,689986.5625,688558.375,687686.8125,691776.625,684261.9375,693834.375,690961.1875,691981.625,686206.1875,686229.9375,686109.9375,685922.25,685916.5625,685993.75,685931.3125,686145.875,686203.625,686525.3125,686522.75,684709.625,686653.125
686258.4375,686238.8125,686831.125,686167.375,690000.0625,688568.1875,687694.5,691789.375,684274.4375,693838,690964.3125,691986.8125,686211.875,686237.875,686115.5,685933.5,685922.75,685995.5,685936.5,686153.6875,686211.25,686533.5,686529,684715.375,686661.1875
686269.875,686246.25,686836.125,686162.1875,690016.125,688577.875,687702.5,691800.875,684290.625,693850.875,690978.75,691994.9375,686221.125,686250,686126.5625,685944.5,685934.625,686010.6875,685950.625,686162.125,686223,686545.0625,686540.625,684728.5,686674.0625
686285.75,686259.625,686846.875,686166.875,690029.375,688588.75,687709.3125,691811,684303.0625,693861.5,690986.25,692008.25,686230.625,686255.625,686136.75,685949.3125,685943.375,686015.25,685956.5625,686168.875,686228.4375,686549.3125,686546.1875,684733.4375,686679.25
686282.5625,686262.5,686849.625,686163.5,690036.25,688595.875,687715.0625,691816.625,684308.0625,693859.875,690988.375,692006.9375,686229.0625,686255.875,686137.75,685944.125,685937.4375,686010.75,685949.3125,686162,686222.5,686543.1875,686538.125,684719.875,686670.75
686278.1875,686255.3125,686840.0625,686164,690029.75,688588.6875,687707.25,691805.9375,684297.4375,693851.8125,690977.875,691999.0625,686219.9375,686241.9375,686124.875,685935.6875,685930.0625,686000.5625,685940.375,686150.625,686211.5,686533.1875,686528.875,684713.1875,686662
686266.875,686248.75,686839.125,686162.375,690012.375,688573.1875,687701.5625,691793.4375,684287.5,693845.25,690970.75,691991.375,686213.1875,686234.3125,686119.6875,685928.4375,685919.0625,685996.125,685933.25,686151.3125,686205.5625,686529.125,686524.4375,684707.5,686658.8125
686263.75,686246.625,686838.1875,686168.4375,690008.0625,688571.875,687696.25,691794.75,684286.75,693844.375,690971.5,691988.875,686211.8125,686237.5625,686115.125,685934.875,685924.75,685996.5,685939.4375,686153.25,686211.9375,686533.375,686531.125,684713.5,686662.5625
686271.25,686249.25,686843.875,686178.0625,690013.875,688576.625,687706.5,691803.25,684303.1875,693853.4375,690980.375,692000.0625,686230.875,686250.25,686133.1875,685943,685938.75,686010.3125,685954.375,686167.1875,686228.0625,686549.625,686542.4375,684726.75,686680.5625
686295.6875,686263.0625,686854.3125,686185.625,690031.5,688596.25,687721,691818,684317.875,693867.375,690993.875,692014,686244.75,686267,686147.875,685959.5,685953.625,686027.1875,685966.1875,686178.1875,686243.6875,686566.625,686558.75,684736.875,686691.8125
686309.6875,686277,686865.25,686179.25,690050.6875,688608.625,687730.625,691832.1875,684332,693875.6875,691000.375,692021.3125,686246.3125,686265.6875,686148.75,685962.4375,685954.625,686026.9375,685966.8125,686182.125,686242.625,686567.125,686555.6875,684737.8125,686692.125
686314.3125,686276.375,686865.6875,686182,690050.3125,688614,687730.3125,691829.25,684332.75,693873.875,691000.5,692020,686245.3125,686269.4375,686146.375,685962.8125,685953.6875,686027,685965.375,686177.625,686238.75,686562.4375,686555.3125,684733.625,686686.75
686317.1875,686276.5,686865.375,686182.5,690047.5625,688603.875,687724.625,691825.3125,684328.625,693873.875,690998.6875,692012.5625,686243.1875,686263,686148.125,685961.875,685950.125,686025.125,685965.5,686176.25,686239.4375,686561,686557.625,684734.25,686691.25
686319.5,686275.5625,686866.875,686190,690051.8125,688608.1875,687727.75,691831.5625,684337.8125,693879.4375,691005.125,692025.5,686255.75,686276.375,686154.75,685968.0625,685962.125,686037.875,685974.3125,686189.6875,686251.5625,686573.125,686565.625,684743.875,686701.1875
686333.5,686283.875,686876.25,686202.8125,690066.875,688624.9375,687742.25,691844.4375,684351.5,693894.625,691020.5,692036.9375,686269.4375,686291.75,686172.875,685984.4375,685977.875,686052.4375,685993.0625,686204.875,686268.75,686588.6875,686586.1875,684757.625,686719.6875
686348.0625,686304.25,686893.875,686214,690082.8125,688643.25,687758.8125,691860.3125,684374.625,693909.25,691035.625,692053.6875,686291.875,686311.9375,686193.6875,686006.9375,685999.3125,686073.25,686012.5625,686230.25,686289.375,686611.25,686608.0625,684781.875,686746.5
686378.25,686329.0625,686917.625,686221.5625,690100.0625,688674.4375,687785.625,691890.125,684407.4375,693937.1875,691062.75,692083.625,686321.625,686339.4375,686222.1875,686037.875,686029.25,686100.625,686041.3125,686252.1875,686314.125,686637.5,686634.3125,684806.75,686768.25
686404.5,686350.5625,686934.6875,686239.125,690110,688700.25,687807,691915.6875,684432.375,693959.75,691083.75,692103.375,686340.625,686360.0625,686239.3125,686052,686050.125,686119.9375,686062,686275.6875,686334.625,686658.0625,686652.625,684825.0625,686785.3125
686428.875,686367.875,686950.75,686250.5625,690123.875,688714.875,687824,691934.3125,684452.875,693970.5625,691098.4375,692119.875,686352.1875,686369.3125,686249.0625,686062.25,686057.125,686129.875,686070.5,686283.8125,686344.9375,686668.0625,686660.9375,684830.625,686794.875
686438,686379,686959.6875,686259.0625,690129.3125,688723.125,687830.75,691938.6875,684458.4375,693976.875,691100.75,692120.3125,686355.125,686372.5,686248.75,686063.4375,686057.8125,686127.75,686070.25,686283.1875,686345.25,686669.25,686663.375,684830.6875,686797.125
686432.125,686378.8125,686960.3125,686261.5,690139.125,688721.5625,687831.375,691936.1875,684458.625,693980,691108.75,692123.1875,686358.75,686373.125,686253.6875,686067,686060.0625,686131.8125,686072.75,686282.625,686346.125,686670.9375,686663.25,684829.6875,686798.875
686442,686380.6875,686963.875,686269.9375,690144.0625,688724.3125,687834.25,691935.6875,684459.375,693983.125,691105.625,692124.0625,686357.375,686371.1875,686252.625,686066.25,686057.25,686132.5625,686074.375,686283,686345.9375,686671.25,686662.5,684828.375,686797
686443.625,686382.8125,686968.625,686276.875,690148.0625,688718.25,687835.0625,691935.9375,684460.375,693983.875,691106.875,692127.875,686362.75,686376.8125,686257.25,686067.875,686058,686130.0625,686073.625,686286.1875,686347.4375,686672.625,686664.125,684831.3125,686799.25
686448.0625,686385.9375,686971.375,686289.0625,690154.25,688720.6875,687836,691936.375,684461.5625,693984.625,691107.625,692126.875,686360.75,686378,686254.875,686070.0625,686062.1875,686135.5,686075.6875,686289,686348.5,686673.25,686663.25,684834.75,686801.3125
686450.6875,686387.5625,686974,686298.75,690156.625,688721.875,687837.375,691936.75,684462.25,693987.5625,691110.6875,692130.6875,686365.25,686376.1875,686260.375,686073.125,686066.125,686139.125,686080.3125,686293.0625,686353.1875,686674.3125,686668.25,684836.25,686806.8125
686450.9375,686390.75,686977,686309.6875,690164,688724.875,687842.4375,691940.125,684470.625,693991.625,691114.75,692138.875,686370.0625,686380.0625,686262.4375,686075.625,686066.9375,686143.625,686082.375,686291.8125,686355.25,686679.5,686672.4375,684837.8125,686805.6875
686448.8125,686392.625,686986.75,686311.875,690168.1875,688727.5625,687841.125,691939.9375,684471,693993.5,691118.4375,692137.25,686368.8125,686384.9375,686266,686077,686069.25,686144.5,686083.5,686296.25,686355.5625,686678.8125,686672.125,684834.125,686809.25
686445.75,686395.375,686984.6875,686317.4375,690170.3125,688726.125,687842.75,691943.0625,684474.9375,693993.8125,691117.875,692140.25,686373.125,686385.0625,686268.875,686080.3125,686073.75,686146.125,686086.1875,686299.3125,686362.875,686685.6875,686678.0625,684840.25,686814.6875
686446.3125,686396.75,686984.625,686320.25,690173.1875,688729.375,687847,691944.5,684481.9375,693997.8125,691120.6875,692143.1875,686375.75,686388.6875,686269.625,686083.6875,686075.5,686149.625,686090.0625,686302.625,686361.9375,686689.125,686679.75,684841.1875,686817.25
686442.625,686398.5,686988.8125,686324.625,690176.625,688734.4375,687847.875,691946.125,684481.9375,694000.5,691123.375,692142.25,686375.875,686387.5,686268,686083.4375,686075,686147.25,686087.375,686301.5625,686361.375,686683.125,686680.0625,684836.75,686812.875
686434.9375,686396.125,686988.5,686324.5,690174.625,688727.5625,687846.5625,691943.875,684481.5625,693997.4375,691118.1875,692141.625,686374.3125,686386.125,686267.8125,686075.5,686069.625,686145.3125,686085.625,686296.375,686362.4375,686683.6875,686679.4375,684835.625,686815.6875
686436.75,686394,686993.875,686332.375,690173.375,688725.3125,687845.5,691941.375,684481.9375,693999,691117.25,692140.25,686373.375,686387.125,686266.125,686072.1875,686071,686143.125,686084.125,686296.625,686355.625,686681.5,686673.1875,684829.9375,686808.8125
686430.6875,686390.875,686984.125,686332.1875,690167.5,688720.375,687840.6875,691940.9375,684480.3125,693992.4375,691117.1875,692133.125,686367.5,686379.625,686258.375,686071.875,686060,686135.9375,686078.75,686288.5,686350.875,686673.8125,686665.9375,684825.5,686807.625
686425.125,686388.125,686986.9375,686326.1875,690154.3125,688715.875,687836.875,691936.9375,684471.25,693986.5625,691109.4375,692129.9375,686365.125,686376.125,686259.375,686067.625,686061.625,686136.75,686079.6875,686290.9375,686351.625,686675.375,686667.5625,684821.8125,686803.875
686425.25,686383.1875,686988.625,686331.375,690158.25,688715.625,687839.3125,691933.75,684477.25,693989.375,691114,692135,686368.4375,686381.125,686262.625,686072.25,686069.875,686143.75,686086.1875,686292,686358.75,686680.625,686675.6875,684832.4375,686811.5625
686434.875,686395.625,686993.125,686334.0625,690168.625,688725.3125,687848.625,691946.8125,684485.375,693997.625,691120.0625,692141.1875,686378.25,686387.1875,686271.3125,686082.25,686076.375,686148.8125,686089.4375,686305,686365.9375,686691.5,686679.625,684833.875,686821.875
686443,686403.125,686999.75,686340.875,690177.625,688734.125,687853.8125,691955.6875,684496.5,694004.4375,691128.625,692147.5625,686387.625,686397.8125,686277.375,686090.375,686081.875,686153.0625,686098.875,686308.0625,686370.5,686695.25,686686.5625,684843.375,686825.5
686443.75,686401.9375,687002.5,686338.875,690186.375,688739.9375,687855.9375,691958.375,684499.25,694006.9375,691127.8125,692150,686389,686399.6875,686279.625,686093.75,686084.25,686160.875,686101.125,686314.25,686372.625,686694.75,686690.625,684844.375,686829
686450.5625,686408.5,687004.375,686339.0625,690193.875,688744.75,687863.1875,691969.3125,684515.3125,694016.5625,691136.75,692156.75,686396.625,686408.0625,686290.6875,686099.875,686096.3125,686168,686108.1875,686320.5,686383.8125,686706.75,686700.75,684851.1875,686841.375
686467.5,686416.25,687011.25,686346.625,690206.25,688754.625,687871.25,691976.9375,684525.5,694025.375,691149.5,692168.0625,686411.625,686419.9375,686300.6875,686116.75,686105.9375,686179.3125,686122,686332.625,686390.75,686717.875,686712,684865.0625,686851.625
686486.1875,686429.4375,687023.375,686346.9375,690217.625,688766.625,687883.625,691986,684542.8125,694036.5625,691158.75,692177.75,686420.6875,686432.5625,686314.875,686128.1875,686121.25,686192.75,686133.4375,686348,686409.375,686732.4375,686725.75,684876.5,686864.6875
686493.875,686443.125,687037.375,686350.0625,690228.6875,688789,687898.5,692005.125,684560.6875,694052.875,691175.125,692192.25,686432.875,686445.5625,686324.6875,686137.125,686126.5,686204.25,686147.125,686359.125,686419.5,686745.375,686734.0625,684889.4375,686879.75
686511.5,686453.625,687051.9375,686352.125,690239.0625,688799.4375,687908.375,692015.5,684572,694065.875,691180.9375,692206,686449.5,686457.5,686336.5,686153.375,686141.9375,686214.75,686159.375,686371.625,686431.25,686759.4375,686748.0625,684899.4375,686889
686530.25,686470.25,687062.875,686357,690252.5,688813.4375,687920.875,692027.5625,684585.125,694075.9375,691195,692217.1875,686457,686466.8125,686346.3125,686157.375,686150.125,686223.8125,686166.8125,686376.875,686437.25,686762.875,686755.25,684904.75,686893.875
686532.1875,686472.875,687070.3125,686365.5,690254.75,688821,687926.5,692032.25,684590.125,694080.3125,691197.875,692218.4375,686461.875,686469.3125,686352.125,686164.625,686155.9375,686231.375,686174.875,686383.25,686448.4375,686769.375,686764,684912.125,686904.5
686541.9375,686480.3125,687078.875,686373.75,690266.1875,688826.25,687936.3125,692041.25,684602.1875,694090.6875,691213.1875,692230,686475.0625,686480,686363.625,686177.1875,686169.75,686244.0625,686182.1875,686398.5,686458.125,686784.3125,686775.5625,684922.625,686915.75
686553.5,686493.8125,687089.5,686385.5625,690281.125,688839.125,687950.9375,692051.5625,684619.6875,694102.5,691224.75,692244,686492.625,686499.75,686378.125,686193.125,686186.3125,686257.875,686202.5625,686415.5,686476.75,686804.875,686793.25,684939.75,686935.875
686576.125,686514.25,687106.125,686400.125,690296.9375,688860.875,687969.9375,692070.0625,684642.875,694122.625,691247.4375,692267.1875,686511.3125,686517.25,686397.1875,686210.0625,686204.75,686278.875,686219.0625,686433.1875,686491.25,686819.75,686809.75,684956.25,686951.125
686589.0625,686530.375,687121.25,686415.6875,690302.5625,688876.8125,687981,692086.125,684660.125,694135.25,691256.625,692279.0625,686524.0625,686528.4375,686410.125,686225.6875,686213.75,686291.3125,686231.125,686441.5,686502,686833.4375,686821.8125,684963.8125,686963.1875
686611.625,686540.75,687130.6875,686418.75,690309.4375,688887.75,687990.75,692097.25,684668.8125,694144.625,691266.625,692285.25,686529.875,686531.5625,686413.8125,686229.4375,686215.0625,686293,686234,686440.9375,686502.875,686834.375,686818.4375,684964.375,686960.25
686608.5,686536.875,687133.25,686423.1875,690311.875,688886.25,687987,692091.5625,684666.3125,694143,691265.5,692283.0625,686522.375,686527.75,686408.875,686220.375,686210,686283.875,686225.75,686435.6875,686498.1875,686825.875,686813.8125,684955.25,686952.5
686595.6875,686530.5,687127.625,686431.3125,690304.375,688871.875,687979.875,692082.5625,684652.875,694133.4375,691251.9375,692270.75,686510.375,686514.3125,686394.0625,686206.25,686197.5625,686271.875,686212.125,686420.75,686482.75,686809.0625,686799.3125,684940.0625,686938.5
686583.1875,686517.75,687114.75,686431.125,690283.125,688849.4375,687966.125,692062.1875,684636.125,694117.8125,691238.75,692256.25,686493,686493.625,686378.1875,686187.8125,686177.8125,686253.875,686198.4375,686409.75,686470,686792.8125,686780.75,684924.9375,686922.875
686567.375,686499.0625,687105.875,686437.4375,690257.4375,688830.375,687950.375,692047.25,684621.75,694105.25,691227.25,692244.6875,686484.9375,686484.6875,686366.1875,686177,686170.3125,686242.75,686182.875,686395.3125,686456.1875,686783.875,686771.125,684915.875,686913.8125
686555.25,686492.5,687098.5,686439.625,690245.125,688818.75,687940.375,692038.0625,684612.25,694099.125,691216.5625,692235.75,686478.4375,686478.625,686361.9375,686171.1875,686163.4375,686239.875,686178.5,686388.1875,686452.5,686777.8125,686771.5625,684906.625,686907.5
686541.375,686483.875,687096.75,686437.1875,690235.25,688806.875,687934.875,692032.8125,684605.625,694089.9375,691209.875,692227.5,686467.125,686469.375,686353,686161.625,686154.9375,686228.75,686167.5,686379,686440.9375,686768,686760.0625,684895.875,686898.5
686535.5,686474.875,687088.25,686438.1875,690226.3125,688802.5,687929.4375,692021.375,684601.8125,694087.25,691202,692223.375,686467.25,686469.625,686348.8125,686162.375,686153.25,686229,686170.875,686381.8125,686442.5,686767.1875,686760.0625,684895.3125,686899.875
686528.125,686479.6875,687087.25,686440.875,690235.25,688802.625,687931.5625,692028.125,684607.1875,694087.375,691207,692224.6875,686472.5,686475.375,686356.25,686171.1875,686161.625,686235.9375,686173.125,686390.5,686451.125,686777.625,686768.0625,684903.4375,686911.75
686539.625,686485,687094.9375,686445,690250.25,688813.125,687940.5,692036.3125,684623.25,694099.9375,691219.125,692233.6875,686484.5,686483.25,686368,686181.9375,686172.4375,686248,686187.125,686397,686462.1875,686789.5,686778.625,684915.375,686922.5
686551,686497.1875,687104.0625,686451,690269.9375,688830.6875,687955.6875,692052.8125,684636.3125,694111,691227.4375,692244.4375,686495.5625,686493.75,686373.8125,686190.0625,686183.6875,686254.125,686194.0625,686407.125,686468.125,686795.25,686785.6875,684922.125,686929.625
686559,686505.125,687110.9375,686448.375,690282.625,688837,687957.25,692065.375,684647.1875,694115.25,691231.375,692251.5625,686505.625,686503.25,686385.3125,686197.875,686189.375,686264.25,686205,686416.375,686476.8125,686804.6875,686795.25,684926.9375,686939.875
686569.5,686511.5,687115.3125,686449.9375,690298.4375,688852.625,687966,692071.5625,684662.375,694125.3125,691240.875,692264.375,686511.375,686511,686394,686210.875,686200.5,686273,686214.4375,686425,686487.4375,686815.25,686799.9375,684936,686945.0625
686579.0625,686522.8125,687121.625,686450.3125,690309.125,688857.375,687975.625,692073.75,684669.5,694132.875,691251.25,692267,686517.25,686519.25,686395.9375,686212.5,686204.0625,686275.5625,686219.875,686425.9375,686491.625,686816.125,686805.625,684937,686950.5625
686583,686525.75,687124.25,686452.25,690312.875,688864.6875,687977,692081.1875,684677.1875,694137.1875,691253.5,692270,686521.1875,686521.5625,686400.25,686212.125,686205.25,686279.625,686218.75,686431.875,686494,686823.5,686808.375,684942.25,686955.75
686592.5625,686526.5625,687129,686459.875,690321.3125,688870.625,687983.5,692089.75,684683.0625,694145,691257.1875,692276.1875,686525.9375,686527,686407.625,686222.125,686213.75,686289.0625,686227.875,686443.625,686500.25,686833,686820.0625,684948.8125,686966.375
686608.875,686538.75,687135.3125,686468.375,690333.125,688880.5,687990.375,692101.5625,684696,694151.375,691269.25,692286.25,686537.8125,686538,686420.0625,686235.9375,686226.8125,686300.0625,686238.0625,686453.5,686515.3125,686842.25,686833.375,684960.5,686976.3125
686624.25,686549.9375,687149.125,686472.4375,690345.875,688895.25,688002.5625,692110.6875,684709.125,694164.3125,691277.125,692296.625,686549.4375,686546.25,686426.1875,686242.125,686231.625,686305.375,686246.8125,686455.75,686520.375,686847.5625,686838,684964.25,686980.875
686633.0625,686552.625,687154.0625,686470.9375,690346.3125,688899.125,688004.4375,692115.625,684712.125,694165.5625,691278.875,692299.4375,686549.6875,686547.125,686428.1875,686241.375,686234.875,686308.625,686247.8125,686458.0625,686517.4375,686848.125,686839.375,684961.75,686980.125
