modem,recv_time_utc,start_time_utc,time_utc,battery_mv,adc_temp_C,n1.ntc1_temp_C,n1.ntc2_temp_C,n2.ntc1_temp_C,n2.ntc2_temp_C,n3.ntc1_temp_C,n3.ntc2_temp_C,n4.ntc1_temp_C,n4.ntc2_temp_C,n5.ntc1_temp_C,n5.ntc2_temp_C,n6.ntc1_temp_C,n6.ntc2_temp_C,n7.ntc1_temp_C,n7.ntc2_temp_C,n8.ntc1_temp_C,n8.ntc2_temp_C,n9.ntc1_temp_C,n9.ntc2_temp_C,n10.ntc1_temp_C,n10.ntc2_temp_C,n11.ntc1_temp_C,n11.ntc2_temp_C,n12.ntc1_temp_C,n12.ntc2_temp_C,n13.ntc1_temp_C,n13.ntc2_temp_C,n14.ntc1_temp_C,n14.ntc2_temp_C,n15.ntc1_temp_C,n15.ntc2_temp_C,n16.ntc1_temp_C,n16.ntc2_temp_C,n17.ntc1_temp_C,n17.ntc2_temp_C,n18.ntc1_temp_C,n18.ntc2_temp_C,n19.ntc1_temp_C,n19.ntc2_temp_C,n20.ntc1_temp_C,n20.ntc2_temp_C,n21.ntc1_temp_C,n21.ntc2_temp_C,n22.ntc1_temp_C,n22.ntc2_temp_C,n23.ntc1_temp_C,n23.ntc2_temp_C,n24.ntc1_temp_C,n24.ntc2_temp_C,n25.ntc1_temp_C,n25.ntc2_temp_C,n1.testSB_hPa,n2.testSB_hPa,n3.testSB_hPa,n4.testSB_hPa,n5.testSB_hPa,n6.testSB_hPa,n7.testSB_hPa,n8.testSB_hPa,n9.testSB_hPa,n10.testSB_hPa,n11.testSB_hPa,n12.testSB_hPa,n13.testSB_hPa,n14.testSB_hPa,n15.testSB_hPa,n16.testSB_hPa,n17.testSB_hPa,n18.testSB_hPa,n19.testSB_hPa,n20.testSB_hPa,n21.testSB_hPa,n22.testSB_hPa,n23.testSB_hPa,n24.testSB_hPa,n25.testSB_hPa,n1.gnd,n2.gnd,n3.gnd,n4.gnd,n5.gnd,n6.gnd,n7.gnd,n8.gnd,n9.gnd,n10.gnd,n11.gnd,n12.gnd,n13.gnd,n14.gnd,n15.gnd,n16.gnd,n17.gnd,n18.gnd,n19.gnd,n20.gnd,n21.gnd,n22.gnd,n23.gnd,n24.gnd,n25.gnd
231710,2026-01-19T17:41:14Z,2026-01-19T17:41:14Z,2026-01-18T17:38:18Z,6758,-38.40987599000002,-31.37391002123229,-31.347592533555257,-35.70284328279158,-35.69297174894518,-40.3954284591251,-40.36550924767741,-40.45417039763851,-40.44789436471439,-40.3376777270299,-40.354886292875534,-40.30235933975055,-40.318747838185544,-40.45958708454802,-40.448553176340994,-40.54970979098073,-40.53942226151014,-40.67769693071699,-40.64705250343218,-40.776441234270294,-40.725136114107016,-40.842332006090686,-40.79738269597635,-40.83923058461431,-40.88754906466016,-40.91322121763298,-40.912468721632564,-40.892287616321596,-40.941138212144295,-40.880720653081625,-40.90772601790914,-40.81292882244162,-40.89605133197571,-40.81893572510248,-40.80059747269098,-40.7005666990288,-40.69383851617056,-40.5721395520049,-40.54572888680269,-40.53729052863122,-40.53492379695939,-31.481148721282352,-31.451465774360116,-33.11544541639873,-33.13095787754628,-35.221588608625694,-35.19811008360239,-38.07676038324587,-38.134701145445376,-40.445959059372996,-40.51011100467355,6541.797,6539.298,6537.202,6538.48,6534.938,6539.437,6536.003,6536.022,6536.533,6536.19,6535.593,6535.041,6535.928,6536.472,6537.358,6531.416,6536.181,6533.18,6534.609,6536.711,6537.149,6540.585,6533.898,6534.991,6534.162,-825,-870,-852,-844,-877,-898,-829,-937,-874,-906,-895,-932,-904,-892,-894,-927,-812,-817,-886,-888,-867,-868,-891,-877,-867
231710,2026-01-20T17:41:07Z,2026-01-20T17:41:07Z,2026-01-19T17:38:18Z,6741,-38.446481990000024,-31.28855596445507,-31.261831937152948,-35.52514544356234,-35.51499774695614,-40.36607480387744,-40.33579741660796,-40.45115893336276,-40.44498255695922,-40.34372492552555,-40.36104350181148,-40.331517844284576,-40.3478149454329,-40.49527904703106,-40.484246488182265,-40.58357104234571,-40.5731255235894,-40.68980941525115,-40.65910135610159,-40.785708588972625,-40.734359292699736,-40.845404056195406,-40.80046304025316,-40.84202829625099,-40.890379404762484,-40.91379287461322,-40.91301705303471,-40.89269025827741,-40.94162213397527,-40.880831548379206,-40.90776102086045,-40.81305153794824,-40.89619720740919,-40.819029212692556,-40.800714370202,-40.70061939699241,-40.693961492862684,-40.57229214400115,-40.545934397775056,-40.53730814659801,-40.53495316150199,-31.472654880990888,-31.442986150112148,-33.06768948349955,-33.083097247268284,-35.150431638213604,-35.126921497589194,-38.01129364319394,-38.06931951292498,-40.4320804882137,-40.49613122970561,6541.798,6539.274,6537.202,6538.485,6534.943,6539.444,6536.001,6536.025,6536.538,6536.191,6535.592,6535.036,6535.921,6536.471,6537.365,6531.424,6536.191,6533.192,6534.611,6536.704,6537.139,6540.58,6533.89,6534.993,6534.165,-836,-879,-862,-846,-885,-907,-830,-950,-888,-909,-914,-938,-902,-897,-887,-935,-826,-818,-898,-888,-866,-880,-879,-890,-869
231710,2026-01-21T17:41:14Z,2026-01-21T17:41:14Z,2026-01-20T17:38:18Z,6732,-38.45575551000002,-31.22566021395349,-31.199009266938162,-35.385896724654344,-35.37573137751363,-40.255861599349174,-40.22542141787585,-40.47161831688865,-40.46544426291092,-40.36365936617116,-40.38082430095693,-40.289523393249056,-40.30582734909797,-40.43597555342211,-40.42496038653536,-40.532304416465195,-40.52187263637356,-40.67448093911369,-40.64384059673836,-40.774195790096314,-40.7228593464892,-40.841893962532055,-40.797055362953444,-40.83914297136593,-40.887484869743446,-40.913127885336024,-40.91229372113713,-40.892270110084866,-40.94120234659866,-40.880685633468914,-40.90767934727401,-40.812858699174996,-40.89606300202419,-40.81895325403744,-40.80063838684745,-40.70049057965997,-40.69377409969965,-40.57216302772417,-40.545746502059046,-40.53723767469697,-40.534859194910354,-31.4445993779442,-31.41478574845712,-33.01449296595169,-33.02994623768723,-35.07494190614207,-35.0513838809764,-37.94210727722907,-38.00019273698615,-40.417445017208365,-40.48150122679655,6541.791,6539.272,6537.191,6538.484,6534.946,6539.441,6535.992,6536.021,6536.549,6536.185,6535.589,6535.035,6535.93,6536.478,6537.356,6531.416,6536.194,6533.188,6534.592,6536.709,6537.143,6540.586,6533.882,6534.986,6534.159,-838,-883,-861,-850,-887,-905,-826,-948,-888,-924,-911,-948,-916,-916,-890,-935,-817,-830,-883,-900,-871,-869,-896,-891,-875
231710,2026-01-22T17:41:14Z,2026-01-22T17:41:14Z,2026-01-21T17:38:18Z,6724,-38.449227440000016,-31.221330512655015,-31.19471317271234,-35.341481467247036,-35.3313767697087,-40.238266874315514,-40.207934801074174,-40.46507379740956,-40.45892252549589,-40.36716466107555,-40.38445215389555,-40.31438435142124,-40.33062769759337,-40.453146989035076,-40.442070593148,-40.5417594381334,-40.53130009163493,-40.675798990963784,-40.645182821268094,-40.7731198162634,-40.72176482619008,-40.84266491692469,-40.79779185957693,-40.83950510524619,-40.88788170988437,-40.91330871652241,-40.91252705501151,-40.89229345173263,-40.941138212144295,-40.88069147007252,-40.907685181105506,-40.812882073606886,-40.89605133197571,-40.818947411059725,-40.80064423172453,-40.7005432776956,-40.69382094804956,-40.5721336830735,-40.545758245560165,-40.537243547358855,-40.53498839893231,-31.394899269764267,-31.365209210217955,-32.954537234313875,-32.96974980362651,-34.99786522072014,-34.97430469002899,-37.87150348625272,-37.92952699922358,-40.40244058630486,-40.466526242958,6541.789,6539.273,6537.19,6538.475,6534.94,6539.444,6535.994,6536.022,6536.538,6536.19,6535.591,6535.035,6535.924,6536.471,6537.363,6531.416,6536.18,6533.184,6534.595,6536.708,6537.143,6540.573,6533.889,6534.973,6534.167,-843,-882,-855,-855,-887,-911,-841,-949,-888,-915,-917,-946,-904,-900,-898,-939,-819,-819,-892,-898,-875,-885,-894,-898,-869
231710,2026-01-23T17:41:13Z,2026-01-23T17:41:13Z,2026-01-22T17:38:18Z,6706,-38.46252762000003,-31.128496601433113,-31.101867366271193,-35.191460783728274,-35.181494557866074,-40.14905233674335,-40.11902423922294,-40.4719887378715,-40.465697118869,-40.375923956780554,-40.3930908813488,-40.29302762876665,-40.30946026116166,-40.42109984143886,-40.41025824287166,-40.514235501083476,-40.504135220757576,-40.665470484957865,-40.63483102515835,-40.76786830008186,-40.71660214701862,-40.84002493853342,-40.795161470218346,-40.837361472513976,-40.88564652996544,-40.91273122136701,-40.91190288475491,-40.89195499690126,-40.94085252142713,-40.88063310400938,-40.90757433820494,-40.812788575821116,-40.89613302226459,-40.81894156808144,-40.80060916245304,-40.70047301363701,-40.69386194032336,-40.572121945208835,-40.54569952802956,-40.53722592937132,-40.53482395739695,-31.33990904891843,-31.31007785460187,-32.89155833659734,-32.906771235922264,-34.92235699692134,-34.89883495767285,-37.800431903025924,-37.85858035562572,-40.3867547718047,-40.450958947407116,6541.787,6539.244,6537.193,6538.482,6534.943,6539.448,6536,6536.02,6536.542,6536.189,6535.589,6535.025,6535.925,6536.477,6537.349,6531.416,6536.185,6533.182,6534.608,6536.708,6537.139,6540.568,6533.895,6534.979,6534.16,-848,-886,-865,-847,-872,-913,-834,-950,-893,-918,-916,-938,-909,-907,-889,-939,-824,-828,-890,-902,-876,-885,-897,-895,-873
231710,2026-01-24T17:41:05Z,2026-01-24T17:41:05Z,2026-01-23T17:38:18Z,6706,-38.43519514000002,-31.144130033708706,-31.11764873577539,-35.192819909503356,-35.18265510046871,-40.27394623616922,-40.24400055843486,-40.450100175823394,-40.44385308649524,-40.34616483071318,-40.363411924978436,-40.33852060346331,-40.35495700166112,-40.5036474927403,-40.49278707102977,-40.59362738333209,-40.58332459787766,-40.69266143980394,-40.662107300993654,-40.789964628314266,-40.73856656983844,-40.846700574776946,-40.80182488444751,-40.84293358037854,-40.89126057464111,-40.91431202750982,-40.91344288122502,-40.89280113019896,-40.94176789275923,-40.88081403860977,-40.907866029584994,-40.81309828664237,-40.89626722748423,-40.81909348532082,-40.800761129138436,-40.700660384263074,-40.693914644631064,-40.57236843984052,-40.54596962815015,-40.537343382514564,-40.53494141568686,-31.29016968843203,-31.26035073649652,-32.83177890247265,-32.846912741821,-34.85212701333674,-34.82846614414228,-37.732026363322746,-37.79006697279857,-40.37132948001718,-40.43544602925155,6541.787,6539.249,6537.191,6538.471,6534.935,6539.447,6535.997,6536.025,6536.539,6536.184,6535.585,6535.03,6535.922,6536.472,6537.352,6531.418,6536.18,6533.184,6534.603,6536.707,6537.136,6540.566,6533.884,6534.974,6534.161,-842,-883,-865,-854,-880,-917,-844,-945,-891,-925,-925,-931,-911,-913,-894,-940,-817,-825,-905,-899,-882,-885,-894,-895,-876
231710,2026-01-25T17:41:23Z,2026-01-25T17:41:23Z,2026-01-24T17:38:18Z,6706,-38.44715310000001,-31.1218358158373,-31.095245788213305,-35.137094893623726,-35.126881648527245,-40.096025644063985,-40.06573028539472,-40.468296174833426,-40.46210410188439,-40.3816723923008,-40.398919917345836,-40.291605904295324,-40.30789153387266,-40.40863946841776,-40.397754160407345,-40.49619000043427,-40.48598057566065,-40.660437351710755,-40.62975993173737,-40.76199631227212,-40.71068379454607,-40.838681539349125,-40.79378777355208,-40.83638600507814,-40.88481779859964,-40.912387054801655,-40.91160538063539,-40.89179743965397,-40.94071259075835,-40.88060975756727,-40.90754516898468,-40.812771044969026,-40.89605133197571,-40.818871452294445,-40.80052148917861,-40.700426170882,-40.69372725131035,-40.57194587693857,-40.5455938363161,-40.53717894804356,-40.53484157615648,-31.246756150322142,-31.216910768140252,-32.77523028380995,-32.790453710957394,-34.784758729069836,-34.76113469046447,-37.66542031379987,-37.72348756532867,-40.35571711524446,-40.419858052797395,6541.782,6539.252,6537.181,6538.482,6534.941,6539.431,6535.993,6536.013,6536.548,6536.19,6535.59,6535.032,6535.918,6536.474,6537.361,6531.412,6536.178,6533.177,6534.603,6536.699,6537.126,6540.564,6533.891,6534.967,6534.161,-842,-888,-868,-866,-886,-910,-833,-950,-887,-924,-922,-945,-910,-911,-905,-939,-817,-833,-898,-899,-885,-889,-906,-898,-874
231710,2026-01-26T17:41:12Z,2026-01-26T17:41:12Z,2026-01-25T17:38:18Z,6706,-38.44452967000001,-31.098283658501458,-31.071501291879827,-35.07624544299608,-35.06596887015792,-40.185323633916454,-40.15507365071548,-40.45233530644663,-40.446023766744304,-40.348227466208925,-40.365544595113704,-40.318364573154014,-40.33465976740385,-40.480907479710595,-40.469907292039494,-40.57391780937971,-40.56355263550856,-40.686248571651475,-40.65564988520444,-40.78470884067835,-40.733399591261616,-40.84495435586905,-40.8000714308867,-40.841450074929384,-40.88986003333147,-40.9137987078181,-40.912947053575294,-40.8925385384552,-40.94151718742046,-40.880749836075694,-40.90779018997,-40.81298725843047,-40.896121352230494,-40.81901168378121,-40.80073774967505,-40.7005666990288,-40.6939849169637,-40.57220997913268,-40.54575237380993,-40.53729052863122,-40.534947288594736,-31.201097433037773,-31.17135029214859,-32.7163585688794,-32.73141696510592,-34.715304810928586,-34.69157518322314,-37.59777533579822,-37.65590838481805,-40.339504924954696,-40.40365922603414,6541.778,6539.236,6537.187,6538.472,6534.948,6539.44,6535.995,6536.021,6536.542,6536.182,6535.59,6535.038,6535.922,6536.469,6537.36,6531.407,6536.181,6533.186,6534.607,6536.698,6537.131,6540.553,6533.885,6534.976,6534.163,-845,-883,-859,-864,-888,-908,-841,-963,-901,-922,-920,-942,-908,-909,-896,-943,-823,-838,-896,-906,-878,-886,-906,-900,-871
231710,2026-01-27T17:41:04Z,2026-01-27T17:41:04Z,2026-01-26T17:38:18Z,6697,-38.44154018000003,-31.033698830012924,-31.00694335596185,-34.960644156345126,-34.95019523247814,-40.06703959599511,-40.036786756991376,-40.46205117514802,-40.45582898447637,-40.3785508792821,-40.39588183152705,-40.29319280592574,-40.309495645458554,-40.41174158642892,-40.40078036627773,-40.49667779504102,-40.486356777192384,-40.65989826963414,-40.6292615911197,-40.76172726224101,-40.71050231189716,-40.83807407879593,-40.79315060072926,-40.83614651648546,-40.88457851475721,-40.91219455395091,-40.91137204298303,-40.89177993326618,-40.9406892689469,-40.88054555480201,-40.90750433205122,-40.81280026305282,-40.895922961284555,-40.81885976632145,-40.80056824827528,-40.70034419596604,-40.6937096831542,-40.57196348379094,-40.545676040999695,-40.53718482071176,-40.53479459278512,-31.171014384089148,-31.141201229308848,-32.66801456726873,-32.683087801080376,-34.65282334635043,-34.62908649078915,-37.533631393534506,-37.5916886408628,-40.323482409750454,-40.38772054652324,6541.772,6539.231,6537.181,6538.479,6534.944,6539.44,6535.986,6536.025,6536.547,6536.185,6535.587,6535.032,6535.924,6536.47,6537.361,6531.422,6536.185,6533.19,6534.6,6536.692,6537.13,6540.555,6533.886,6534.959,6534.164,-840,-895,-865,-858,-887,-911,-839,-955,-893,-931,-921,-942,-910,-915,-895,-939,-820,-828,-911,-900,-880,-879,-895,-895,-875
231710,2026-01-28T17:41:09Z,2026-01-28T17:41:09Z,2026-01-27T17:38:18Z,6706,-38.41012003000003,-31.046067423819352,-31.019232580684815,-34.93270700213367,-34.92245717222127,-40.169396653678234,-40.139184888537955,-40.44577081930922,-40.439464400229696,-40.35278266404387,-40.37003353121699,-40.334695135099196,-40.35106198777271,-40.49563167595778,-40.48469324141479,-40.58447466262706,-40.57411147750426,-40.690031960411176,-40.65948809498059,-40.78738064286267,-40.73607969184539,-40.846104880742075,-40.801100130265695,-40.842355368318465,-40.89080540250339,-40.913962037312956,-40.913273716982815,-40.89273694121812,-40.9416104732565,-40.88079652883496,-40.90774935321241,-40.813004789215285,-40.89617970237691,-40.81907011346445,-40.800708525332226,-40.700607686338145,-40.69394978080845,-40.57226866833699,-40.54594614123593,-40.53734925516511,-40.535082365302486,-31.149815015327903,-31.119764776819267,-32.62274651549296,-32.637790449812684,-34.59125844161977,-34.56761603339854,-37.470005023873824,-37.52820462804107,-40.30727228678384,-40.371358933037186,6541.782,6539.227,6537.189,6538.481,6534.939,6539.441,6535.995,6536.019,6536.545,6536.185,6535.588,6535.04,6535.922,6536.464,6537.358,6531.411,6536.187,6533.194,6534.599,6536.703,6537.109,6540.544,6533.885,6534.951,6534.165,-836,-895,-873,-857,-893,-920,-840,-953,-887,-920,-915,-942,-915,-909,-897,-935,-822,-828,-899,-896,-874,-883,-908,-894,-876
231710,2026-01-29T17:41:11Z,2026-01-29T17:41:11Z,2026-01-28T17:38:18Z,6697,-38.421833950000035,-31.02416791036515,-30.997396721906057,-34.857479545117684,-34.84710161242421,-40.038239055774085,-40.00801699341915,-40.45640536096761,-40.45020017047281,-40.3685136970484,-40.38589498222524,-40.29792373544578,-40.31421923955014,-40.44270594401982,-40.43172156330465,-40.53729052863122,-40.5270594060286,-40.67538307575572,-40.644813566233495,-40.77596174592077,-40.72462692220924,-40.84262403324365,-40.797715872276086,-40.839499264395585,-40.8877941718564,-40.91328538349839,-40.91248622165253,-40.89231095796217,-40.941237328997914,-40.88074399947806,-40.90764434427251,-40.81298725843047,-40.89606300202419,-40.81893572510248,-40.80072021507118,-40.70051400101528,-40.69385022824818,-40.5721395520049,-40.545746502059046,-40.53729052863122,-40.5349296698692,-31.138526213842766,-31.108472579249508,-32.58463168453065,-32.59958587880092,-34.53378728813689,-34.51015446296191,-37.408472063719074,-37.466492496126364,-40.29093337417319,-40.3550630646655,6541.789,6539.213,6537.187,6538.478,6534.94,6539.439,6535.996,6536.014,6536.538,6536.187,6535.582,6535.035,6535.922,6536.472,6537.366,6531.419,6536.173,6533.181,6534.601,6536.71,6537.126,6540.539,6533.886,6534.966,6534.163,-841,-890,-868,-864,-893,-913,-840,-955,-894,-924,-924,-941,-921,-915,-894,-944,-829,-837,-894,-900,-879,-886,-898,-903,-882
231710,2026-01-30T17:41:03Z,2026-01-30T17:41:03Z,2026-01-29T17:38:18Z,6697,-38.389681680000024,-31.006433075512973,-30.979661616695182,-34.77859770214849,-34.76823088544748,-39.985835893293796,-39.95556559569988,-40.4517530049514,-40.44558257859339,-40.37241923104952,-40.38951660604539,-40.29935119072846,-40.31564626108485,-40.43602850555507,-40.42508985127208,-40.528063808605225,-40.51775459045382,-40.671651415547984,-40.64096847867762,-40.77301455684602,-40.721618498320964,-40.84177715034309,-40.79692676731622,-40.838699062152784,-40.887105534663164,-40.91307538585178,-40.91235205469539,-40.89217674339787,-40.94101577344057,-40.88060975756727,-40.907510165900675,-40.81289376081921,-40.895998816727996,-40.81895909701453,-40.8006266970915,-40.70055498836345,-40.69386194032336,-40.57202804220151,-40.54572301504933,-40.53727878331691,-40.53488855948751,-31.131247218218846,-31.101179086924418,-32.54942616304314,-32.56433913785861,-34.476109441630115,-34.452343975366574,-37.34602116629526,-37.40408285651577,-40.27401705169467,-40.33815516215628,6541.769,6539.211,6537.179,6538.484,6534.947,6539.437,6536,6536.013,6536.554,6536.195,6535.591,6535.036,6535.925,6536.472,6537.353,6531.412,6536.184,6533.184,6534.603,6536.711,6537.117,6540.543,6533.893,6534.947,6534.166,-850,-891,-870,-859,-892,-922,-843,-952,-903,-931,-922,-945,-912,-914,-900,-949,-824,-830,-907,-899,-874,-895,-901,-898,-884
231710,2026-01-31T17:41:02Z,2026-01-31T17:41:02Z,2026-01-30T17:38:18Z,6689,-38.37711362000002,-31.0457451531571,-31.01879001284945,-34.78108503186141,-34.77081280668526,-40.15293846955154,-40.122652186369265,-40.43446345404993,-40.42823221873027,-40.36906744003778,-40.38626010001951,-40.37923409378439,-40.3955933222565,-40.53895833771901,-40.52799332481479,-40.61864880133294,-40.608245116638585,-40.70183143640068,-40.67117102663764,-40.79696768414178,-40.74556434379028,-40.84907160844392,-40.8041627375641,-40.84546245857277,-40.89383981453466,-40.914895339723955,-40.913997036429436,-40.89332631004538,-40.94231011216897,-40.8809424434601,-40.907877697209074,-40.813086599472456,-40.89620304241873,-40.819116857167444,-40.80079035345395,-40.700742358713796,-40.69402005309678,-40.57245060447232,-40.54601660194842,-40.53735512781503,-40.535053000829095,-31.13182272421983,-31.101635447753637,-32.52198467640744,-32.53685999795621,-34.423952237543546,-34.40019284203308,-37.28607518076464,-37.344294351445114,-40.25737872493764,-40.321601602535594,6541.805,6539.213,6537.186,6538.479,6534.943,6539.447,6536.012,6536.052,6536.552,6536.184,6535.597,6535.032,6535.928,6536.474,6537.364,6531.417,6536.183,6533.182,6534.618,6536.717,6537.122,6540.54,6533.898,6534.951,6534.17,-844,-887,-868,-864,-885,-922,-839,-961,-896,-924,-922,-936,-914,-915,-909,-945,-832,-829,-897,-903,-886,-888,-901,-901,-879
231710,2026-02-01T17:41:09Z,2026-02-01T17:41:09Z,2026-01-31T17:38:18Z,6697,-38.39206107000001,-31.053238956246076,-31.026402801981675,-34.7276808033819,-34.7173867970036,-39.9756587308749,-39.945495327344275,-40.44768848444332,-40.44155877731896,-40.37037519346805,-40.38750265983248,-40.30388104494642,-40.32017473932211,-40.448212007031316,-40.437205206294635,-40.540843370722996,-40.53055417765461,-40.67660738063353,-40.645985795944796,-40.77749960259547,-40.726183747204345,-40.84307959258956,-40.79820102020199,-40.83989644086242,-40.888202681499024,-40.913536213005585,-40.91263205494295,-40.89253270306935,-40.94136559761182,-40.880714816480975,-40.907685181105506,-40.81287038639218,-40.89603382689856,-40.818918196162116,-40.800632541969776,-40.70057255436052,-40.693791667835484,-40.57223345482194,-40.545758245560165,-40.53730814659801,-40.534976653124744,-31.137024219219967,-31.106774656955878,-32.49906109285851,-32.51386087301219,-34.37552274788928,-34.351697252330695,-37.22796451365093,-37.28591797787544,-40.24072930445868,-40.30501934655874,6541.788,6539.205,6537.175,6538.479,6534.947,6539.438,6535.995,6536.033,6536.551,6536.184,6535.585,6535.037,6535.92,6536.464,6537.355,6531.421,6536.179,6533.184,6534.6,6536.706,6537.118,6540.543,6533.898,6534.946,6534.157,-847,-889,-868,-866,-890,-913,-842,-957,-897,-931,-920,-949,-915,-916,-905,-956,-827,-833,-903,-904,-875,-887,-896,-897,-881
231710,2026-02-02T17:41:01Z,2026-02-02T17:41:01Z,2026-02-01T17:38:18Z,6697,-38.37162272000003,-31.192751391838243,-31.166117181125855,-34.863031970671756,-34.852762667399816,-39.938410529326944,-39.90788671322227,-40.44173526608063,-40.435563701735845,-40.371058511478566,-40.3883800900702,-40.30543219609294,-40.321719523418864,-40.43888784404402,-40.42780265489512,-40.52455713002669,-40.51420025029523,-40.66967710774753,-40.639139623854675,-40.770271894656844,-40.71905477183128,-40.840708307601716,-40.79589799163631,-40.83825514945181,-40.88666200120147,-40.91280705439834,-40.91187371775311,-40.89196666779108,-40.940928317062856,-40.88056306465427,-40.90755100282996,-40.8128470119554,-40.895957971501815,-40.81886560930826,-40.80056824827528,-40.70044373691971,-40.69373896341136,-40.572039780086214,-40.545734758555454,-40.537220056707554,-40.53479459278512,-31.136097579532162,-31.105862079028753,-32.47382811905797,-32.48849597756913,-34.324753204064706,-34.300866622158594,-37.16749077863608,-37.22562204545508,-40.22286376844494,-40.28710451101486,6541.793,6539.213,6537.179,6538.478,6534.939,6539.443,6535.998,6536.02,6536.533,6536.182,6535.593,6535.037,6535.933,6536.461,6537.356,6531.41,6536.178,6533.198,6534.602,6536.71,6537.123,6540.543,6533.886,6534.937,6534.172,-846,-895,-870,-866,-893,-920,-845,-949,-899,-922,-923,-944,-914,-925,-895,-948,-821,-834,-898,-904,-881,-881,-904,-897,-880
231710,2026-02-03T17:41:01Z,2026-02-03T17:41:01Z,2026-02-02T17:38:18Z,6697,-38.37516130000003,-31.10234616033472,-31.07561221133534,-34.67958354553332,-34.669074163942156,-39.935535951180384,-39.90517089631129,-40.44030569061994,-40.43395745030108,-40.36443703109762,-40.381625276464405,-40.31622413504354,-40.33255534764993,-40.46791396850139,-40.45687586786124,-40.560682205057105,-40.55034976190899,-40.68194948640064,-40.65130154652738,-40.78150484909523,-40.7302745955694,-40.84424183633976,-40.799317429058874,-40.840778396269684,-40.889136406790016,-40.913606211740614,-40.9126962214724,-40.89241015982765,-40.941301463340864,-40.88060975756727,-40.907650178107616,-40.81287038639218,-40.895987146666386,-40.81895909701453,-40.8005799380434,-40.700549133029796,-40.69385608428607,-40.57214542093561,-40.545758245560165,-40.53729640128745,-40.53495316150199,-31.133063389376247,-31.10279502309254,-32.45176742914643,-32.46643796854278,-34.27821493945527,-34.25424269833297,-37.10890616112019,-37.16701783636651,-40.205193134017065,-40.269366632952654,6541.796,6539.199,6537.179,6538.481,6534.943,6539.439,6535.995,6536.018,6536.54,6536.176,6535.596,6535.033,6535.918,6536.465,6537.359,6531.43,6536.179,6533.189,6534.612,6536.701,6537.116,6540.535,6533.886,6534.937,6534.176,-844,-888,-873,-867,-892,-915,-843,-957,-900,-932,-920,-944,-914,-917,-893,-944,-828,-837,-900,-904,-884,-893,-903,-895,-880
231710,2026-02-04T17:41:00Z,2026-02-04T17:41:00Z,2026-02-03T17:38:18Z,6697,-38.37388009000003,-31.083720139868234,-31.056820356910237,-34.618118001625646,-34.607685090647976,-39.91921197370206,-39.88888488450118,-40.43756997834544,-40.431186113535944,-40.36226307599097,-40.37939900633444,-40.318688874512645,-40.3350075487308,-40.47294711697995,-40.46192767922963,-40.56443897535547,-40.5541483348691,-40.68310921787429,-40.65250880142972,-40.782785298308966,-40.731427470125254,-40.84455721494413,-40.7995453841653,-40.84105875007222,-40.88942235708967,-40.91367621038955,-40.91273705468075,-40.89247434917766,-40.9413481064542,-40.88066228704844,-40.90760350741027,-40.812905448029085,-40.896039661924846,-40.818982468916886,-40.8006266970915,-40.700607686338145,-40.69383851617056,-40.572186503433414,-40.54582870651396,-40.53726703800007,-40.534959034408615,-31.12863862290834,-31.098328550916705,-32.43383264638021,-32.44849685542502,-34.237612454741566,-34.21372859041679,-37.053324983916184,-37.111450909110744,-40.18758163783056,-40.25177636190179,6541.793,6539.194,6537.172,6538.473,6534.947,6539.449,6536,6536.02,6536.55,6536.19,6535.587,6535.034,6535.919,6536.461,6537.353,6531.412,6536.174,6533.198,6534.614,6536.707,6537.134,6540.536,6533.898,6534.95,6534.159,-845,-893,-872,-861,-890,-917,-852,-961,-896,-928,-928,-940,-911,-923,-896,-942,-830,-837,-904,-902,-884,-892,-900,-900,-872
231710,2026-02-05T17:41:08Z,2026-02-05T17:41:08Z,2026-02-04T17:38:18Z,6697,-38.358810620000014,-31.05876073455039,-31.032011822516637,-34.571965456125156,-34.56157317520439,-39.84397660316645,-39.813849243018495,-40.431815707772756,-40.42557828363252,-40.37054013309063,-40.38778532347811,-40.311553791893544,-40.327968959751615,-40.4522941338185,-40.44146464974489,-40.544137618647284,-40.5338901550368,-40.676191471474795,-40.64561654626121,-40.77754053356648,-40.72626568416004,-40.843365775429135,-40.798393909179026,-40.839715375466454,-40.88806262138121,-40.913454547705925,-40.912591221659284,-40.89226427467142,-40.94112072091701,-40.88059808434261,-40.90754516898468,-40.812858699174996,-40.89604549695059,-40.81896493999105,-40.80055071361858,-40.70049057965997,-40.69385608428607,-40.57221584805595,-40.54572301504933,-40.537231802034455,-40.53491792404901,-31.111464287882512,-31.081077621155032,-32.413676600512474,-32.428321112291826,-34.19923929609331,-34.17524776165072,-36.999277609631974,-37.057270433175034,-40.169775078469684,-40.23401492841535,6541.799,6539.193,6537.178,6538.48,6534.937,6539.439,6535.991,6536.02,6536.543,6536.198,6535.599,6535.04,6535.924,6536.47,6537.351,6531.413,6536.186,6533.19,6534.626,6536.701,6537.111,6540.536,6533.894,6534.948,6534.17,-844,-890,-870,-866,-892,-924,-836,-953,-897,-932,-919,-942,-918,-914,-901,-939,-819,-827,-892,-903,-877,-893,-897,-898,-877
231710,2026-02-06T17:40:59Z,2026-02-06T17:40:59Z,2026-02-05T17:38:18Z,6680,-38.34416822000003,-31.001577487916563,-30.974749258694374,-34.502784602724546,-34.49221692749066,-39.79360361520796,-39.76304731624049,-40.42526050886187,-40.41918712197787,-40.3706991815348,-40.38785010035534,-40.314525875477756,-40.33072791352029,-40.450500153317364,-40.439552648085254,-40.536198203633916,-40.525690804447464,-40.6735963623419,-40.642973115550916,-40.77433613298862,-40.722976406213775,-40.84155520651876,-40.7965585145472,-40.83929483424345,-40.88761909539562,-40.912912053813386,-40.91210705334905,-40.89215923712695,-40.94103909511867,-40.88064477722682,-40.90757433820494,-40.812747670491035,-40.89590545616781,-40.818883138264994,-40.80054486873183,-40.70048472431958,-40.693779955745555,-40.572121945208835,-40.54569952802956,-40.537155457364634,-40.53487681365857,-31.080591013956223,-31.050384030029505,-32.38689755646456,-32.40155403669851,-34.16077001032295,-34.13682064780795,-36.945635117133975,-37.00374098802217,-40.15152482569715,-40.21576904397199,6541.787,6539.18,6537.166,6538.474,6534.947,6539.45,6535.994,6536.028,6536.549,6536.2,6535.594,6535.038,6535.923,6536.482,6537.353,6531.424,6536.195,6533.183,6534.616,6536.708,6537.112,6540.52,6533.9,6534.949,6534.165,-849,-890,-870,-866,-891,-921,-844,-964,-898,-924,-931,-950,-911,-921,-902,-951,-826,-837,-898,-902,-877,-896,-908,-897,-874
231710,2026-02-07T17:41:07Z,2026-02-07T17:41:07Z,2026-02-06T17:38:18Z,6689,-38.32824461000001,-30.99331298895504,-30.966500156652103,-34.48908792177701,-34.47855678425893,-39.7257222358314,-39.694970021228244,-40.41778049444011,-40.411488479093606,-40.37511111629544,-40.39224885754129,-40.30693612108371,-40.3231758249803,-40.433616189295265,-40.42254757806373,-40.51976371861309,-40.50941180706556,-40.66838820426145,-40.637750357228384,-40.76940053042057,-40.71798359095726,-40.84071998905242,-40.79574601181588,-40.838097442784175,-40.88641688911778,-40.91260288831472,-40.9117570495965,-40.89184412332838,-40.940747573457685,-40.88051637170287,-40.90740515651936,-40.81275935773127,-40.89582376555185,-40.81879549342679,-40.800451350460804,-40.700361762029615,-40.693697971047044,-40.57198109063768,-40.545599708083245,-40.53710260330013,-40.53480633863177,-31.047476381941834,-31.01713970435671,-32.356572303107384,-32.371069813466676,-34.123501607750995,-34.09952697555241,-36.89438574420427,-36.952468629956996,-40.13323276599479,-40.197528714582546,6541.789,6539.192,6537.174,6538.475,6534.946,6539.441,6536.003,6536.015,6536.544,6536.187,6535.597,6535.033,6535.93,6536.486,6537.369,6531.425,6536.177,6533.206,6534.607,6536.709,6537.112,6540.536,6533.906,6534.935,6534.168,-844,-897,-869,-870,-889,-921,-845,-954,-890,-925,-923,-941,-925,-918,-901,-943,-825,-834,-903,-908,-882,-886,-909,-903,-884
231710,2026-02-08T17:41:06Z,2026-02-08T17:41:06Z,2026-02-07T17:38:18Z,6689,-38.32623128000003,-31.043534136526347,-31.016584580900542,-34.5404354472258,-34.52981805649668,-39.82348097097662,-39.79276980001822,-40.42005226806353,-40.413937095779204,-40.37030450490397,-40.38753210403121,-40.33405261833917,-40.35032538009614,-40.479085047283036,-40.467949249198284,-40.564374408034695,-40.55400743422831,-40.682306779987755,-40.6516648978554,-40.78096693478321,-40.72965425728637,-40.84353514826387,-40.79861602293951,-40.84079007770586,-40.8891247353186,-40.913203717839,-40.91230538785359,-40.89220592050404,-40.941126551326704,-40.880627267399746,-40.907562670518644,-40.81278273220437,-40.895957971501815,-40.81883639436825,-40.80049810961572,-40.70050229033885,-40.693809235965745,-40.57220997913268,-40.5457934760484,-40.537214184043165,-40.53491792404901,-31.019577629202672,-30.98921370234038,-32.323029370103455,-32.337649714271436,-34.08465589056112,-34.0606411624226,-36.843949515942484,-36.90204008849423,-40.11478638591021,-40.178956963550746,6541.798,6539.196,6537.181,6538.475,6534.952,6539.441,6535.999,6536.021,6536.553,6536.186,6535.594,6535.05,6535.937,6536.459,6537.372,6531.418,6536.171,6533.183,6534.618,6536.704,6537.12,6540.528,6533.892,6534.931,6534.152,-853,-890,-869,-866,-896,-913,-845,-951,-900,-923,-927,-940,-907,-923,-903,-944,-825,-843,-892,-900,-879,-897,-905,-909,-884
231710,2026-02-09T17:40:58Z,2026-02-09T17:40:58Z,2026-02-08T17:38:18Z,6697,-38.321960580000024,-31.071269147275586,-31.04441106700483,-34.52130433559415,-34.510634025790694,-39.80181596878296,-39.77116924728725,-40.41836904596917,-40.41208887131293,-40.36966830365904,-40.38691966139331,-40.32988491489755,-40.34624733765065,-40.475904462802646,-40.46486798215281,-40.56352328626255,-40.55310331318043,-40.68221306385914,-40.6516648978554,-40.781557470870894,-40.73012243776003,-40.84399070026686,-40.79904271270371,-40.840749192668596,-40.88917725692093,-40.91342538149911,-40.91256788834119,-40.89229345173263,-40.94121400740079,-40.88056306465427,-40.90750433205122,-40.8128645427839,-40.895917126246246,-40.81897078296697,-40.800474730043106,-40.70050814567736,-40.693791667835484,-40.57222758590052,-40.545746502059046,-40.53723767469697,-40.534964907314645,-31.012788471057974,-30.98242541527486,-32.29361048246696,-32.30822239211548,-34.04593842634395,-34.02189727729743,-36.79534737352583,-36.85342413144656,-40.09630393683469,-40.160627083743805,6541.799,6539.194,6537.176,6538.471,6534.947,6539.431,6535.99,6536.004,6536.549,6536.192,6535.589,6535.03,6535.918,6536.472,6537.362,6531.424,6536.177,6533.194,6534.616,6536.699,6537.117,6540.516,6533.898,6534.929,6534.164,-845,-893,-869,-865,-891,-923,-843,-959,-898,-930,-931,-938,-917,-921,-900,-950,-826,-836,-902,-902,-880,-887,-905,-897,-878
231710,2026-02-10T17:41:05Z,2026-02-10T17:41:05Z,2026-02-09T17:38:18Z,6689,-38.31134484000003,-31.079707615312543,-31.052939238761837,-34.43690219785523,-34.426348975881695,-39.77520887553874,-39.744939632895665,-40.412383178793476,-40.40617295174155,-40.37182428861948,-40.389033736893225,-40.335042916197295,-40.351380199172155,-40.47873819033936,-40.46781988653126,-40.564327449935575,-40.55396633814004,-40.68276950105815,-40.652157176501305,-40.78183811950851,-40.73058476212856,-40.84420679416402,-40.79929989401248,-40.841134678987714,-40.8895157283043,-40.9135012136058,-40.91266122155619,-40.89243933681391,-40.94133644567944,-40.88060975756727,-40.907510165900675,-40.8128470119554,-40.895957971501815,-40.818871452294445,-40.80055071361858,-40.70047886897859,-40.69380337992294,-40.57212781414148,-40.54579934779423,-40.53726116534074,-40.53490030531401,-31.037072570554187,-31.006650696140923,-32.27667034555171,-32.291124077184406,-34.00962393366518,-33.98560591692663,-36.74876411065668,-36.80675431150246,-40.07804599185792,-40.142373672079174,6541.804,6539.181,6537.184,6538.471,6534.943,6539.449,6536.02,6536.022,6536.558,6536.193,6535.602,6535.027,6535.918,6536.472,6537.367,6531.412,6536.171,6533.178,6534.608,6536.697,6537.106,6540.528,6533.895,6534.915,6534.17,-850,-896,-870,-857,-892,-915,-842,-953,-900,-931,-919,-944,-928,-916,-906,-945,-835,-831,-909,-905,-883,-893,-899,-898,-873
231710,2026-02-11T17:41:03Z,2026-02-11T17:41:03Z,2026-02-10T17:38:18Z,6697,-38.28614771000002,-31.10700653725644,-31.08008193982971,-34.35675802245373,-34.34614043385119,-39.67568594316057,-39.64486749545395,-40.402587766473204,-40.396376415267014,-40.37049300753563,-40.38779710109793,-40.32019832414622,-40.33646349020262,-40.457575739336335,-40.44645318643785,-40.542939733201905,-40.53249235824842,-40.676261766199076,-40.645534490441804,-40.77626581217845,-40.724931267349916,-40.84272916264936,-40.79787953710422,-40.83977962454432,-40.888214353159924,-40.91311038551336,-40.91229955449566,-40.89208921198946,-40.941009943019566,-40.8804988618362,-40.907469328942085,-40.812747670491035,-40.895882116003804,-40.81881302240535,-40.80045719535727,-40.70046715829477,-40.69374481946093,-40.57209260053631,-40.54571127154074,-40.5371613300353,-40.53485332199301,-31.082851801498975,-31.052167452956212,-32.273483174528195,-32.2878590311075,-33.97542499644166,-33.95144531393407,-36.70228701483882,-36.76034326639626,-40.05929582228916,-40.123622753045936,6541.797,6539.175,6537.17,6538.481,6534.958,6539.452,6536.004,6536.024,6536.545,6536.196,6535.597,6535.03,6535.935,6536.468,6537.368,6531.426,6536.19,6533.202,6534.614,6536.698,6537.12,6540.531,6533.885,6534.941,6534.16,-852,-891,-872,-862,-894,-916,-846,-954,-904,-932,-929,-941,-924,-923,-900,-949,-825,-836,-899,-906,-880,-893,-907,-897,-878
231710,2026-02-12T17:40:56Z,2026-02-12T17:40:56Z,2026-02-11T17:38:18Z,6697,-38.27553197000003,-31.14774583167585,-31.120901248462246,-34.31519913269318,-34.30450803333068,-39.6536354379291,-39.6229469485514,-40.401946058006814,-40.39576996076812,-40.37092891734855,-40.388138650955824,-40.32456723411485,-40.34087822963198,-40.46465040517816,-40.4536175241183,-40.55135960911588,-40.54100779420543,-40.67817726321843,-40.64753896211789,-40.77861057550825,-40.72721380304847,-40.843143837842916,-40.79816594940792,-40.84008334646907,-40.888465293288846,-40.913151218424645,-40.91235788804795,-40.89208921198946,-40.94100411259791,-40.88051637170287,-40.90749266435057,-40.81270676513131,-40.89594046639587,-40.81888898124936,-40.80055071361858,-40.700455447608476,-40.693779955745555,-40.572110207341694,-40.54568191275811,-40.53717307537477,-40.53487681365857,-31.130574535417708,-31.09993715314161,-32.28016722222711,-32.29443924211603,-33.944891947180906,-33.92083641814787,-36.655935511167286,-36.71401327181749,-40.04018329467743,-40.10455139226144,6541.806,6539.172,6537.157,6538.474,6534.948,6539.44,6536.005,6536.017,6536.546,6536.199,6535.589,6535.019,6535.93,6536.487,6537.366,6531.425,6536.187,6533.194,6534.614,6536.703,6537.115,6540.531,6533.89,6534.917,6534.152,-849,-886,-873,-862,-896,-924,-849,-964,-896,-932,-927,-939,-918,-918,-899,-954,-828,-839,-900,-908,-887,-892,-906,-905,-884
231710,2026-02-13T17:41:03Z,2026-02-13T17:41:03Z,2026-02-12T17:38:18Z,6697,-38.31280908000002,-31.28094729097245,-31.25418699958317,-34.43939958766114,-34.42882002143111,-39.8450178295364,-39.81445648822037,-40.40755044746322,-40.4012807925713,-40.38150159719845,-40.39872562626749,-40.38210232240857,-40.39839003094298,-40.53181106621736,-40.52075063174718,-40.60988145171868,-40.59947611468158,-40.697603822217815,-40.66690006939484,-40.79403328775902,-40.742691617741855,-40.8480379434271,-40.8031808510805,-40.844463769615146,-40.8928186362721,-40.91456285249424,-40.9137228761077,-40.8929411786327,-40.94190782084172,-40.88072648968165,-40.90767351344192,-40.812905448029085,-40.89604549695059,-40.81894156808144,-40.800655921476874,-40.70068380554699,-40.69389707653403,-40.57228040617031,-40.54588155216999,-40.537255292680726,-40.53498839893231,-31.17506743369617,-31.14433175247217,-32.29518150462496,-32.30951899112918,-33.92271806832892,-33.89865416334683,-36.612790730124345,-36.67081536290527,-40.02181090675981,-40.086154179258386,6541.808,6539.182,6537.183,6538.485,6534.944,6539.443,6535.997,6536.025,6536.547,6536.182,6535.588,6535.035,6535.936,6536.469,6537.362,6531.419,6536.186,6533.191,6534.609,6536.69,6537.142,6540.528,6533.905,6534.919,6534.163,-850,-898,-875,-861,-893,-916,-842,-960,-900,-930,-917,-952,-919,-911,-904,-947,-831,-828,-907,-903,-888,-888,-896,-904,-883
231710,2026-02-14T17:41:02Z,2026-02-14T17:41:02Z,2026-02-13T17:38:18Z,6689,-38.25558170000002,-31.25543771085043,-31.228692884053487,-34.31759637896877,-34.30706223413108,-39.56219586838276,-39.53181068053334,-40.38508818092916,-40.37889248761397,-40.372189501581744,-40.389387056208506,-40.31453766913231,-40.330910659729454,-40.44074103857204,-40.429732723241926,-40.52253055509152,-40.512243795927304,-40.66797809233387,-40.63734588064642,-40.770868391230636,-40.71954060118941,-40.84061485590922,-40.79575770258589,-40.838214262580266,-40.88664449323059,-40.91271955473789,-40.911943718532314,-40.891960832346456,-40.94087001273661,-40.88042298568479,-40.90745182737942,-40.812677546999,-40.895882116003804,-40.818807179413085,-40.80048641983066,-40.700391038789945,-40.69375067550993,-40.57197522168943,-40.5456114516158,-40.537061494548084,-40.53480046570874,-31.211588359109356,-31.1807691774616,-32.30819357821909,-32.32243174762229,-33.90255030035297,-33.87834874342764,-36.56909440575379,-36.627162524436386,-40.00264907222302,-40.06705144481052,6541.809,6539.173,6537.163,6538.467,6534.942,6539.441,6535.994,6536.005,6536.531,6536.188,6535.589,6535.024,6535.906,6536.461,6537.366,6531.409,6536.185,6533.185,6534.596,6536.671,6537.127,6540.526,6533.9,6534.908,6534.152,-847,-898,-875,-872,-898,-921,-849,-961,-900,-934,-927,-950,-915,-925,-903,-946,-829,-838,-907,-902,-883,-896,-910,-909,-873
231710,2026-02-15T17:40:54Z,2026-02-15T17:40:54Z,2026-02-14T17:38:18Z,6689,-38.228615280000014,-31.26512158990232,-31.23828819580885,-34.241376034681196,-34.230819306864646,-39.49114451602489,-39.46128557180384,-40.37147085436658,-40.365314836363666,-40.37088179213319,-40.38815631726908,-40.315787781813356,-40.33231955318911,-40.43819361520744,-40.42748489315687,-40.522037116794365,-40.512091036784824,-40.666191140729495,-40.635610701200164,-40.770383007244334,-40.71911330571291,-40.84046299657933,-40.795611567786324,-40.83779371018383,-40.886142595769456,-40.912707888106326,-40.91191455155146,-40.891820781495966,-40.9407067603064,-40.880393802522605,-40.907445993523964,-40.812700921506035,-40.895893786087015,-40.81878965043276,-40.80046304025316,-40.70040274948977,-40.69376238760603,-40.57202804220151,-40.5455938363161,-40.53709673062315,-40.53482395739695,-31.251663090997084,-31.220860990997693,-32.32082603305878,-32.33489315330624,-33.88428211550249,-33.86010229434814,-36.52612572715131,-36.584076578365256,-39.98303514686299,-40.04746762043905,6541.813,6539.151,6537.165,6538.464,6534.937,6539.453,6536.009,6536.025,6536.543,6536.19,6535.594,6535.031,6535.915,6536.468,6537.36,6531.414,6536.188,6533.186,6534.598,6536.672,6537.127,6540.528,6533.888,6534.919,6534.145,-846,-895,-872,-865,-893,-916,-840,-961,-899,-930,-919,-945,-915,-915,-908,-947,-831,-837,-909,-903,-884,-889,-903,-907,-880
231710,2026-02-16T17:41:00Z,2026-02-16T17:41:00Z,2026-02-15T17:38:18Z,6697,-38.262231790000016,-31.354754672197174,-31.327849245810285,-34.28669146792828,-34.276073396063566,-39.57699576353875,-39.54632629238628,-40.38839775630453,-40.382167106100695,-40.372201282603896,-40.389375278935205,-40.32574636618136,-40.342009853490254,-40.46291563873041,-40.45190593322067,-40.54644523600027,-40.53608074803708,-40.67612703456612,-40.645516907036125,-40.777400198684546,-40.72597890428938,-40.842372889982926,-40.79744699331064,-40.839569354563196,-40.88799259119273,-40.91297622002722,-40.91214205360592,-40.89206587025774,-40.94090499533948,-40.880440495574874,-40.90745766123425,-40.8127126087559,-40.895876280961346,-40.81879549342679,-40.80046304025316,-40.700432026228526,-40.69375067550993,-40.57209260053631,-40.54564081043608,-40.53703213113485,-40.534859194910354,-31.304704339183303,-31.27382782932918,-32.34177332570141,-32.355817048375314,-33.87204300139467,-33.84776523518093,-36.48621441609515,-36.544120278558466,-39.963775930907815,-40.02817290675321,6541.813,6539.174,6537.161,6538.468,6534.943,6539.453,6536.011,6536.008,6536.539,6536.191,6535.578,6535.028,6535.92,6536.467,6537.357,6531.4,6536.171,6533.201,6534.597,6536.685,6537.131,6540.533,6533.897,6534.918,6534.164,-848,-901,-877,-868,-897,-918,-850,-959,-900,-928,-927,-944,-911,-922,-905,-951,-826,-834,-904,-912,-879,-896,-904,-899,-886
231710,2026-02-17T17:40:55Z,2026-02-17T17:40:55Z,2026-02-16T17:38:18Z,6697,-38.238498900000025,-31.43196515485718,-31.4052293567199,-34.30986756830282,-34.299269990621724,-39.48459530182669,-39.45404288549611,-40.3644900532978,-40.358291993962126,-40.36750045047643,-40.38471127692432,-40.317503690952464,-40.33380504102428,-40.44053513119184,-40.429597385322126,-40.51657962752151,-40.50623886522064,-40.665218546180654,-40.6345554979159,-40.767359496781836,-40.71601677910249,-40.83976210207581,-40.79475228748572,-40.83767688951809,-40.88604338295545,-40.912445388264274,-40.911599547205725,-40.891733249539044,-40.94066594712589,-40.88037629261811,-40.90735265175604,-40.812584048873845,-40.89584710573982,-40.8187487494574,-40.80043966066597,-40.70036761738291,-40.693697971047044,-40.571992828532416,-40.545599708083245,-40.53705562186667,-40.5347887198609,-31.357878783692655,-31.326995081892107,-32.36489333636163,-32.378977453688435,-33.86158134774831,-33.8372412278311,-36.44746351139611,-36.5055085515213,-39.94436705048534,-40.008770237593836,6541.815,6539.177,6537.156,6538.467,6534.941,6539.438,6535.992,6536.017,6536.547,6536.185,6535.584,6535.041,6535.931,6536.464,6537.345,6531.402,6536.172,6533.184,6534.613,6536.682,6537.127,6540.535,6533.892,6534.906,6534.162,-852,-894,-874,-868,-894,-912,-846,-960,-904,-928,-928,-947,-920,-919,-903,-946,-828,-833,-902,-907,-876,-894,-910,-899,-881
231710,2026-02-18T17:40:54Z,2026-02-18T17:40:54Z,2026-02-17T17:38:18Z,6689,-38.20079472000003,-31.449327584693094,-31.422569474809762,-34.246003398646025,-34.23533233448762,-39.39111651734879,-39.360560436879126,-40.35297712057567,-40.34677184308123,-40.36843711512364,-40.38571242240275,-40.311984282450965,-40.32827551716605,-40.431327331570344,-40.42034064702344,-40.511468245095784,-40.50115002202023,-40.66306237220809,-40.63246848106937,-40.767002746887954,-40.715665555405394,-40.83920722109471,-40.794296337505756,-40.83699932489304,-40.88535472452645,-40.912136220231304,-40.9113312087955,-40.89147065285911,-40.94040940646616,-40.880329599512976,-40.9073234824221,-40.81265417248224,-40.89579459030341,-40.81871953445682,-40.80042797086875,-40.700285642380805,-40.69365697865251,-40.57194587693857,-40.545558605699654,-40.537014513079384,-40.5347887198609,-31.404095732055225,-31.373071940328998,-32.387386211489456,-32.40139601159032,-33.851446855565996,-33.82713408979393,-36.40879069653553,-36.46669931654725,-39.924243966833075,-39.98866615553183,6541.825,6539.161,6537.157,6538.466,6534.944,6539.445,6535.994,6536.021,6536.542,6536.191,6535.583,6535.03,6535.923,6536.459,6537.359,6531.412,6536.17,6533.19,6534.601,6536.67,6537.131,6540.526,6533.887,6534.903,6534.15,-854,-896,-876,-862,-898,-925,-849,-965,-905,-935,-924,-944,-922,-921,-905,-955,-825,-834,-904,-906,-879,-898,-892,-907,-880
231710,2026-02-19T17:40:59Z,2026-02-19T17:40:59Z,2026-02-18T17:38:18Z,6689,-38.25222615000001,-31.518076681469807,-31.49126590619767,-34.27377534272546,-34.26312621216297,-39.60440054045847,-39.57385548783685,-40.384022242492335,-40.37785587634832,-40.37640105310322,-40.39362081967812,-40.363252855040486,-40.379505021279215,-40.51040478251346,-40.49931063528254,-40.59002514775807,-40.57965713915067,-40.69026621751303,-40.65950567395652,-40.78809972766558,-40.73677017729631,-40.84585959313887,-40.80093062995729,-40.84267659797095,-40.891103015467706,-40.9136937100383,-40.91287705402985,-40.892480184569536,-40.94140641029222,-40.880551391420056,-40.907539335138836,-40.812841168344704,-40.895987146666386,-40.81888898124936,-40.80056240339033,-40.70053156702531,-40.69385022824818,-40.57219237235921,-40.54585219347851,-40.53720831137815,-40.534882686573326,-31.453559432268776,-31.42253244925945,-32.41339656817513,-32.42733066035143,-33.846891223370534,-33.82261660088574,-36.373764737309074,-36.4316984044809,-39.90511146764945,-39.96948025140665,6541.835,6539.168,6537.168,6538.47,6534.943,6539.445,6535.99,6536.019,6536.556,6536.199,6535.583,6535.029,6535.921,6536.47,6537.369,6531.412,6536.184,6533.183,6534.61,6536.678,6537.139,6540.526,6533.883,6534.902,6534.148,-842,-899,-874,-870,-897,-917,-852,-958,-905,-928,-931,-952,-918,-923,-893,-952,-829,-846,-903,-905,-885,-893,-904,-902,-883
231710,2026-02-20T17:40:50Z,2026-02-20T17:40:50Z,2026-02-19T17:38:18Z,6689,-38.221294080000035,-31.597128584022812,-31.570450967930725,-34.29706176530843,-34.28654193959872,-39.539191722064544,-39.50873265609181,-40.37425114129525,-40.368060094831804,-40.371087964646506,-40.38835064633349,-40.3430648355436,-40.35944681950366,-40.48539863380549,-40.474440508490716,-40.56705682285613,-40.55671970806526,-40.68261135631525,-40.65196964229443,-40.782358485147284,-40.73096515272826,-40.84439952586189,-40.7994927792227,-40.84101202453505,-40.88938734284463,-40.91344288122502,-40.91260288831472,-40.89221175592348,-40.941149872959556,-40.880487188588745,-40.907480996647536,-40.81278273220437,-40.8958646108745,-40.81884808034607,-40.80049810961572,-40.70047886897859,-40.69380337992294,-40.5721395520049,-40.54571127154074,-40.537155457364634,-40.53484157615648,-31.511852402087555,-31.48070523517859,-32.442284737073436,-32.456192226316944,-33.84490224873332,-33.82048849541292,-36.3407028562568,-36.398678099081394,-39.88581730861665,-39.95027538594269,6541.842,6539.164,6537.145,6538.471,6534.932,6539.441,6535.993,6536.025,6536.535,6536.183,6535.581,6535.026,6535.918,6536.465,6537.346,6531.419,6536.185,6533.183,6534.594,6536.691,6537.146,6540.528,6533.89,6534.902,6534.162,-847,-891,-880,-868,-894,-915,-851,-963,-906,-936,-921,-947,-921,-920,-905,-949,-834,-836,-906,-908,-883,-895,-900,-907,-879
231710,2026-02-21T17:40:55Z,2026-02-21T17:40:55Z,2026-02-20T17:38:18Z,6602,-38.220867010000035,-31.630368713283133,-31.60369692892158,-34.240525350751795,-34.22981179556987,-39.49698595231419,-39.46659100903048,-40.368731660392854,-40.36256354655211,-40.37270786412253,-40.3900112480205,-40.339428301772585,-40.35581139215054,-40.477979800519904,-40.467055464498316,-40.55996017134299,-40.549633463674724,-40.68012198166261,-40.649490614882325,-40.7805693426329,-40.729262153121425,-40.843716201422666,-40.798820600627494,-40.84045131507551,-40.888838783520384,-40.913343716040544,-40.91249788832948,-40.89216507255122,-40.94098079090554,-40.880487188588745,-40.90741099037896,-40.812700921506035,-40.895852940785346,-40.81882470838798,-40.800509799398384,-40.70051985635254,-40.693779955745555,-40.57208086266286,-40.545693656273016,-40.53714958469331,-40.53490030531401,-31.577039573123784,-31.54584583345718,-32.47653718563703,-32.49046600225941,-33.845576723429645,-33.821115232534254,-36.30919131866128,-36.36711597223851,-39.866355351201946,-39.930891151060536,6541.843,6539.169,6537.165,6538.471,6534.935,6539.45,6536.006,6536.023,6536.535,6536.189,6535.593,6535.034,6535.922,6536.474,6537.362,6531.418,6536.171,6533.178,6534.608,6536.691,6537.148,6540.533,6533.883,6534.902,6534.161,-847,-904,-880,-866,-894,-924,-853,-965,-908,-926,-928,-945,-918,-916,-906,-948,-826,-832,-905,-908,-894,-898,-908,-907,-888
231710,2026-02-22T17:40:55Z,2026-02-22T17:40:55Z,2026-02-21T17:38:18Z,6697,-38.15137662000001,-31.688073620230966,-31.661442843970292,-34.214205335481495,-34.20353152333186,-39.37547450463538,-39.34516712458881,-40.32813992467928,-40.321961260419954,-40.36395393753887,-40.381236569246056,-40.336823048625405,-40.35310086527579,-40.46301560982357,-40.45202945189337,-40.53612185752462,-40.52582003009337,-40.66981185502149,-40.63918651832256,-40.77053505569171,-40.71924208003645,-40.84059733369969,-40.795751857201225,-40.83865233466426,-40.887017995438555,-40.912573721671606,-40.91173371593649,-40.89179160419201,-40.940683438492556,-40.8804113124217,-40.907317648553544,-40.81268339062666,-40.89584710573982,-40.81874290645851,-40.80038121165552,-40.700361762029615,-40.69373310736117,-40.571992828532416,-40.545617323381094,-40.53709085794554,-40.53479459278512,-31.643637389178167,-31.61239126944733,-32.51189224883345,-32.52571308153031,-33.84656088249568,-33.82205187359165,-36.27775143131751,-36.335683282924265,-39.84641006497483,-39.910828191975895,6541.84,6539.159,6537.155,6538.471,6534.95,6539.437,6535.989,6536.013,6536.535,6536.186,6535.589,6535.021,6535.924,6536.465,6537.348,6531.411,6536.17,6533.178,6534.596,6536.683,6537.162,6540.538,6533.888,6534.895,6534.15,-859,-892,-874,-862,-897,-918,-846,-965,-908,-933,-927,-955,-916,-922,-898,-950,-830,-845,-899,-908,-887,-896,-906,-900,-889
231710,2026-02-23T17:40:55Z,2026-02-23T17:40:55Z,2026-02-22T17:38:18Z,6689,-38.18133253000002,-31.795011665587054,-31.768374796530424,-34.28709247262222,-34.27639293611119,-39.40701165398701,-39.37630927082509,-40.33885657150631,-40.33257892703915,-40.366622680789675,-40.38391623641496,-40.33725333669247,-40.353519238108674,-40.46520316660124,-40.45420568724683,-40.53985094709387,-40.52946759187358,-40.67226654162437,-40.64163083748275,-40.772049669653995,-40.72068199087724,-40.84152016267737,-40.79656435984805,-40.83883924438635,-40.88722225341934,-40.91266705487709,-40.91183871733122,-40.89179743965397,-40.94065428621181,-40.88035878270816,-40.907317648553544,-40.81265417248224,-40.89580626040461,-40.81875459245569,-40.80045719535727,-40.70037932808765,-40.69367454682529,-40.57196348379094,-40.5456114516158,-40.53709085794554,-40.534765228157596,-31.712524940192623,-31.68124357194887,-32.5517429065504,-32.56552559501202,-33.85121977620523,-33.82667961283079,-36.24861506571577,-36.30657657293227,-39.826742728333755,-39.891215169072325,6541.848,6539.17,6537.159,6538.477,6534.942,6539.436,6536.001,6536.026,6536.537,6536.188,6535.579,6535.027,6535.92,6536.466,6537.357,6531.412,6536.179,6533.192,6534.598,6536.677,6537.157,6540.532,6533.881,6534.901,6534.159,-849,-899,-877,-861,-899,-919,-847,-956,-901,-938,-924,-946,-920,-925,-898,-953,-826,-837,-900,-906,-887,-894,-904,-904,-883
231710,2026-02-24T17:40:47Z,2026-02-24T17:40:47Z,2026-02-23T17:38:18Z,6697,-38.20299108000003,-31.86577935308796,-31.839135536489295,-34.283931889464185,-34.27328579740316,-39.49893893625057,-39.46850322555429,-40.36514398947892,-40.358904761617225,-40.37431004412966,-40.39153047721169,-40.35802095989186,-40.37438661771833,-40.502313563759316,-40.49131181464824,-40.581353002428045,-40.57105378904129,-40.68733793286566,-40.656687107007855,-40.78654462213592,-40.73527801583697,-40.845736948938196,-40.800796198315226,-40.842168470225914,-40.89055447271397,-40.9138278738337,-40.91298205331577,-40.89245684299851,-40.94136559761182,-40.8804988618362,-40.907475162795095,-40.812776888586995,-40.89591129120737,-40.81881302240535,-40.80053317895644,-40.70047886897859,-40.693791667835484,-40.57219237235921,-40.545822834771286,-40.5371613300353,-40.53488855948751,-31.786030242301848,-31.75468163396974,-32.59539453128494,-32.609080491261494,-33.86014357110707,-33.83565787797954,-36.22243916697715,-36.28034229866725,-39.80759777106306,-39.87201095813478,6541.849,6539.168,6537.154,6538.461,6534.938,6539.448,6535.992,6536.011,6536.531,6536.188,6535.586,6535.024,6535.919,6536.468,6537.351,6531.415,6536.18,6533.181,6534.592,6536.676,6537.151,6540.538,6533.892,6534.897,6534.148,-851,-898,-875,-866,-896,-920,-848,-962,-905,-932,-931,-949,-918,-922,-907,-948,-826,-842,-901,-912,-883,-893,-910,-903,-880
231710,2026-02-25T17:40:55Z,2026-02-25T17:40:55Z,2026-02-24T17:38:18Z,6689,-38.14545865000002,-31.934285369293093,-31.907756712986583,-34.23733340310534,-34.2267073918982,-39.30014918986902,-39.26997583650578,-40.323399867869114,-40.317244244293676,-40.36361812605128,-40.38088319661952,-40.32714360417222,-40.343601159270776,-40.45247646950634,-40.44154701138112,-40.53053655751654,-40.520339420103966,-40.669735693559005,-40.639086867530835,-40.77292684051406,-40.7216419108058,-40.84168370041803,-40.796774790275094,-40.838739948673464,-40.88700632353175,-40.91292955369701,-40.912153720353444,-40.891902477867404,-40.94090499533948,-40.880364619345414,-40.90740515651936,-40.812613267054616,-40.895788755251914,-40.81875459245569,-40.800369521846136,-40.700373472735606,-40.69367454682529,-40.571951745890004,-40.545623195145794,-40.537120221327285,-40.53482983031742,-31.871467610283133,-31.840041804616106,-32.64236148027544,-32.656056529323195,-33.870846363486976,-33.846147952002866,-36.19739550033833,-36.255232108058294,-39.78817166065207,-39.85259732183616,6541.861,6539.166,6537.14,6538.472,6534.952,6539.441,6536.001,6536.019,6536.535,6536.175,6535.589,6535.03,6535.917,6536.472,6537.346,6531.408,6536.176,6533.19,6534.597,6536.689,6537.164,6540.546,6533.893,6534.893,6534.149,-851,-899,-873,-867,-898,-920,-843,-960,-905,-930,-931,-946,-918,-926,-910,-953,-838,-847,-915,-912,-882,-897,-906,-896,-883
231710,2026-02-26T17:40:46Z,2026-02-26T17:40:46Z,2026-02-25T17:38:18Z,6697,-38.03924024000003,-32.012599122165994,-31.986003984409507,-34.1892425247778,-34.178493021123046,-39.096219582837136,-39.0653087576089,-40.25655228054882,-40.25030630830099,-40.33687020365005,-40.35405545769166,-40.308210001019546,-40.32457902556365,-40.42070553248823,-40.40971669462297,-40.48818484457854,-40.47778579212701,-40.652836982684505,-40.62214948808668,-40.75557970203835,-40.70422616140368,-40.837349790368904,-40.79244911771315,-40.8352352823139,-40.88366222339957,-40.91168121516645,-40.91085869678085,-40.891056331184274,-40.94003625435781,-40.88019535662178,-40.90708429332008,-40.812519768822824,-40.89565454890234,-40.81859683128917,-40.80024677870114,-40.70021537799727,-40.693510576997056,-40.57180502191662,-40.54545291371474,-40.53699102232994,-40.53475935523022,-31.961644039259653,-31.930080444320993,-32.69230929671511,-32.70595525249976,-33.88043206995948,-33.855740441697606,-36.17103050260968,-36.228854091331726,-39.76760600601986,-39.83213488700832,6541.853,6539.152,6537.134,6538.452,6534.93,6539.429,6535.986,6536.008,6536.536,6536.181,6535.586,6535.028,6535.924,6536.464,6537.354,6531.413,6536.175,6533.186,6534.593,6536.676,6537.171,6540.542,6533.885,6534.885,6534.155,-851,-897,-881,-861,-893,-917,-840,-963,-908,-925,-936,-946,-909,-927,-907,-954,-832,-843,-909,-905,-884,-893,-909,-901,-888
231710,2026-02-27T17:40:47Z,2026-02-27T17:40:47Z,2026-02-26T17:38:18Z,6697,-38.142530170000015,-32.15440425898859,-32.12782413652721,-34.264629251961225,-34.25396377721222,-39.3541140966112,-39.32381159505499,-40.33928094919253,-40.333026933468574,-40.37285512529962,-40.39010546502632,-40.354102597619516,-40.370557805163145,-40.49191132603511,-40.48097214554855,-40.57166416653399,-40.56144531980809,-40.68237120973461,-40.65173522364378,-40.783568755125685,-40.73222334934388,-40.843932296369104,-40.799071937911606,-40.84090105122942,-40.889270628538554,-40.91332038303085,-40.91248622165253,-40.89220592050404,-40.94103909511867,-40.88042882231542,-40.90741099037896,-40.8127126087559,-40.895876280961346,-40.818807179413085,-40.80044550556369,-40.70044373691971,-40.69378581179086,-40.5721336830735,-40.545734758555454,-40.53714371202133,-40.534894432401074,-32.059300261882726,-32.02773045304076,-32.750662139149654,-32.76416336621912,-33.89614583840594,-33.87147219647272,-36.14804283097328,-36.205842008219975,-39.74790238995365,-39.812390634455994,6541.856,6539.144,6537.157,6538.473,6534.947,6539.442,6535.998,6536.018,6536.532,6536.188,6535.589,6535.024,6535.922,6536.466,6537.368,6531.405,6536.172,6533.182,6534.597,6536.684,6537.178,6540.544,6533.884,6534.885,6534.153,-850,-893,-869,-870,-901,-919,-848,-960,-905,-926,-931,-950,-921,-922,-904,-948,-827,-839,-905,-913,-889,-891,-907,-907,-890
231710,2026-02-28T17:40:52Z,2026-02-28T17:40:52Z,2026-02-27T17:38:18Z,6689,-38.12056657000002,-32.30132794232185,-32.27488210696765,-34.27569266375164,-34.265037306105995,-39.25940023077794,-39.228665610926356,-40.319997852810786,-40.31375338546056,-40.366711047512325,-40.3840045748272,-40.332525873398936,-40.34883445531722,-40.46185122923498,-40.450782488600055,-40.53897595514988,-40.5285689397825,-40.67312184846935,-40.64252764695959,-40.775371150983574,-40.72404163843112,-40.84183555646774,-40.797002755682826,-40.8392889933711,-40.88763660306597,-40.91280705439834,-40.9119262183456,-40.89194916145547,-40.94085252142713,-40.88035878270816,-40.90729431307324,-40.812619110688985,-40.895771250093844,-40.81871369145489,-40.800322762584386,-40.700432026228526,-40.69371553920689,-40.57201043536975,-40.54563493867332,-40.53708498526731,-40.53479459278512,-32.16863749795317,-32.136978673437426,-32.815808268967544,-32.829354014659145,-33.91732007077147,-33.89257889661695,-36.128140795020556,-36.185975632508445,-39.72880537878456,-39.79325817913559,6541.879,6539.17,6537.149,6538.466,6534.926,6539.443,6535.999,6536.017,6536.532,6536.184,6535.584,6535.033,6535.909,6536.462,6537.355,6531.414,6536.175,6533.188,6534.599,6536.69,6537.183,6540.558,6533.889,6534.885,6534.156,-851,-897,-876,-862,-894,-915,-845,-963,-902,-935,-927,-947,-922,-914,-906,-950,-834,-842,-898,-901,-884,-898,-904,-899,-890
231710,2026-03-01T17:40:43Z,2026-03-01T17:40:43Z,2026-03-01T17:38:18Z,6689,-38.077859570000015,-32.49013647907674,-32.46362052878868,-34.29367102377839,-34.28291908412456,-39.1567814375029,-39.12599389344365,-40.29128143906303,-40.28498642435676,-40.35855124266661,-40.37580615457023,-40.32390101305262,-40.340153270587706,-40.44420604853755,-40.43321020357976,-40.51914688886697,-40.50879486057411,-40.66605638467021,-40.635411386565124,-40.76948825226506,-40.718129928354585,-40.840194321380494,-40.79529591532369,-40.8378754845061,-40.886224300309664,-40.91242788823175,-40.911529546003294,-40.8916107045728,-40.94051435505722,-40.880242049837335,-40.90721263881696,-40.81256651795809,-40.895724569646006,-40.81864357538453,-40.80028769311255,-40.700320774539335,-40.69360427410089,-40.57193413903386,-40.545546862155874,-40.537038003818736,-40.53481808447583,-32.29486442367764,-32.263104682159906,-32.88702850865576,-32.90045341597278,-33.93993665106632,-33.91510843695602,-36.1082675092247,-36.166086312780465,-39.70894355916181,-39.77340955257529,6541.883,6539.16,6537.143,6538.459,6534.937,6539.435,6535.995,6536.009,6536.534,6536.175,6535.587,6535.021,6535.924,6536.465,6537.35,6531.417,6536.173,6533.187,6534.597,6536.676,6537.193,6540.566,6533.885,6534.897,6534.147,-847,-895,-872,-868,-906,-921,-852,-966,-903,-930,-923,-952,-925,-925,-904,-946,-827,-836,-897,-907,-886,-897,-906,-901,-884
231710,2026-03-02T17:40:42Z,2026-03-02T17:40:42Z,2026-03-02T17:38:18Z,6697,-38.10952376000003,-32.694943538731536,-32.66864869306167,-34.321270033032334,-34.31068263612673,-39.32759291493463,-39.29718983461456,-40.333168408407374,-40.326990322454265,-40.37596518749342,-40.39322631052704,-40.36704094866394,-40.383433317207704,-40.507037993851156,-40.496166492150365,-40.58456267679725,-40.57426406403138,-40.68755463120908,-40.656927364659055,-40.78735725783656,-40.7360445821879,-40.84568438705648,-40.800778663729574,-40.84229696273093,-40.890706197835414,-40.913781208201584,-40.912964553448234,-40.89237514742433,-40.94131895451284,-40.88046967871301,-40.90740515651936,-40.81275351411145,-40.895893786087015,-40.81885976632145,-40.80052733406785,-40.70051400101528,-40.69382094804956,-40.57222171697856,-40.54585806521803,-40.53714958469331,-40.53486506782704,-32.44399211078186,-32.41197482863501,-32.970582976265405,-32.98403090967446,-33.96761419425681,-33.94270950699158,-36.09051476412279,-36.148385546730225,-39.68950962973594,-39.75401812020809,6541.898,6539.165,6537.141,6538.459,6534.941,6539.442,6536.003,6536.023,6536.546,6536.179,6535.592,6535.021,6535.915,6536.471,6537.357,6531.414,6536.173,6533.18,6534.601,6536.677,6537.193,6540.564,6533.891,6534.881,6534.148,-851,-887,-872,-875,-900,-916,-847,-962,-904,-931,-931,-946,-920,-925,-902,-948,-833,-837,-911,-911,-881,-890,-903,-899,-885
231710,2026-03-07T17:40:50Z,2026-03-07T17:40:50Z,2026-03-07T17:38:18Z,NA,-38.045524270000016,-33.61726434847813,-33.59150423981848,-34.61140329664556,-34.60077979961528,-39.100405157626966,-39.069569540597996,-40.260949998201795,-40.254739961259844,-40.3511857368737,-40.36850780613494,-40.3320483882803,-40.3483276493489,-40.451988279033685,-40.440994009427726,-40.519687349593056,-40.5093765531679,-40.66467365142671,-40.63405133813413,-40.76723668150072,-40.7158411675303,-40.83939996984262,-40.794500930902615,NA,NA,NA,NA,NA,NA,NA,NA,NA,NA,NA,NA,NA,NA,NA,NA,NA,NA,NA,NA,NA,NA,NA,NA,NA,NA,NA,NA,6541.949,6539.2,6537.137,6538.452,6534.93,6539.443,6535.999,6536.001,6536.537,6536.19,6535.576,NA,NA,NA,NA,NA,NA,NA,NA,NA,NA,NA,NA,NA,NA,-856,-895,-879,-864,-893,-922,-853,-961,-900,-931,-936,NA,NA,NA,NA,NA,NA,NA,NA,NA,NA,NA,NA,NA,NA
231710,2026-03-08T17:41:41Z,2026-03-08T17:41:41Z,2026-03-08T17:38:18Z,NA,-38.10061630000001,-33.773492407481484,-33.747772406111835,-34.63954689066341,-34.62879027076116,-39.42817523195106,-39.39732391234202,-40.33767183274256,-40.33137636500118,-40.41410190254189,-40.43127437485052,-40.43625208065819,-40.45248235129253,-40.57375935313436,-40.562672151310636,-40.63945616074213,-40.62895672170515,-40.704694555240906,-40.67398300027912,-40.80046888514846,-40.74910385438878,-40.850379722401186,-40.8054192935011,NA,NA,NA,NA,NA,NA,NA,NA,NA,NA,NA,NA,NA,NA,NA,NA,NA,NA,NA,NA,NA,NA,NA,NA,NA,NA,NA,NA,6541.965,6539.193,6537.148,6538.466,6534.936,6539.448,6536,6536.023,6536.545,6536.173,6535.587,NA,NA,NA,NA,NA,NA,NA,NA,NA,NA,NA,NA,NA,NA,-857,-895,-878,-865,-893,-920,-851,-966,-901,-940,-935,NA,NA,NA,NA,NA,NA,NA,NA,NA,NA,NA,NA,NA,NA
231710,2026-03-09T17:40:45Z,2026-03-09T17:40:45Z,2026-03-09T17:38:18Z,NA,-38.10049428000002,-33.91337749559756,-33.88772617177807,-34.71193980089842,-34.701318835246894,-39.37262778565869,-39.34200014370188,-40.32830499374833,-40.322085076511314,-40.396558939076016,-40.41377228851513,-40.40933407574744,-40.425643015301915,-40.547607815613276,-40.53652120522753,-40.61531795882385,-40.60485499213701,-40.698862771341794,-40.668230018591004,-40.79601489891104,-40.74475695299745,-40.84926432356099,-40.80433807263418,NA,NA,NA,NA,NA,NA,NA,NA,NA,NA,NA,NA,NA,NA,NA,NA,NA,NA,NA,NA,NA,NA,NA,NA,NA,NA,NA,NA,6541.972,6539.208,6537.148,6538.471,6534.935,6539.442,6535.998,6536.019,6536.545,6536.187,6535.573,NA,NA,NA,NA,NA,NA,NA,NA,NA,NA,NA,NA,NA,NA,-852,-898,-880,-865,-900,-917,-852,-958,-900,-932,-930,NA,NA,NA,NA,NA,NA,NA,NA,NA,NA,NA,NA,NA,NA
231710,2026-03-10T17:40:46Z,2026-03-10T17:40:46Z,2026-03-10T17:38:18Z,NA,-37.958279970000035,-34.05182983600872,-34.02620426026306,-34.7185351964078,-34.70782882730393,-38.96336022296617,-38.932381678952424,-40.21198795479066,-40.20574266052162,-40.33535532780803,-40.352605884769304,-40.32830499374833,-40.344667897167426,-40.4466237768811,-40.43560488704509,-40.51354810661505,-40.503177389326424,-40.66280456319279,-40.63216362932437,-40.766277543387844,-40.71495724755823,-40.840200162159306,-40.79528422445773,NA,NA,NA,NA,NA,NA,NA,NA,NA,NA,NA,NA,NA,NA,NA,NA,NA,NA,NA,NA,NA,NA,NA,NA,NA,NA,NA,NA,6541.986,6539.201,6537.131,6538.455,6534.934,6539.436,6535.997,6536.012,6536.527,6536.184,6535.582,NA,NA,NA,NA,NA,NA,NA,NA,NA,NA,NA,NA,NA,NA,-855,-902,-864,-868,-891,-915,-839,-970,-904,-928,-926,NA,NA,NA,NA,NA,NA,NA,NA,NA,NA,NA,NA,NA,NA
231710,2026-03-11T17:40:43Z,2026-03-11T17:40:43Z,2026-03-11T17:38:18Z,NA,-37.90257784000002,-34.18211972413229,-34.15665678555442,-34.767204772500776,-34.756526119239396,-38.861138674199395,-38.83016010003266,-40.18260444395776,-40.17631430466517,-40.324478798166325,-40.341715162069505,-40.320917656305596,-40.33718260464394,-40.433716214295146,-40.422700588618795,-40.49681296626943,-40.48647433963896,-40.656024928095064,-40.625397833284865,-40.76137047651255,-40.709981277784834,-40.83768857159555,-40.792811551697355,NA,NA,NA,NA,NA,NA,NA,NA,NA,NA,NA,NA,NA,NA,NA,NA,NA,NA,NA,NA,NA,NA,NA,NA,NA,NA,NA,NA,6541.985,6539.197,6537.126,6538.453,6534.94,6539.433,6535.987,6536.022,6536.538,6536.183,6535.584,NA,NA,NA,NA,NA,NA,NA,NA,NA,NA,NA,NA,NA,NA,-847,-899,-874,-867,-904,-922,-846,-957,-904,-932,-923,NA,NA,NA,NA,NA,NA,NA,NA,NA,NA,NA,NA,NA,NA
231710,2026-03-12T17:40:44Z,2026-03-12T17:40:44Z,2026-03-12T17:38:18Z,NA,-37.95498543000002,-34.32443409728015,-34.298998216428174,-34.81421539014647,-34.80353037898553,-38.967502902144815,-38.93727851434298,-40.23407398554414,-40.22802619543731,-40.351315378484,-40.36870220593832,-40.34532207403595,-40.361738721392044,-40.47302943096378,-40.462139386346706,-40.546867995072944,-40.536673896227484,-40.673239012765265,-40.6426565987623,-40.77685639770408,-40.7256277432588,-40.84223271651493,-40.797300862899164,NA,NA,NA,NA,NA,NA,NA,NA,NA,NA,NA,NA,NA,NA,NA,NA,NA,NA,NA,NA,NA,NA,NA,NA,NA,NA,NA,NA,6541.999,6539.206,6537.131,6538.454,6534.942,6539.438,6535.998,6536.013,6536.532,6536.185,6535.583,NA,NA,NA,NA,NA,NA,NA,NA,NA,NA,NA,NA,NA,NA,-857,-897,-877,-871,-897,-920,-857,-966,-892,-923,-926,NA,NA,NA,NA,NA,NA,NA,NA,NA,NA,NA,NA,NA,NA
231710,2026-03-13T17:40:43Z,2026-03-13T17:40:43Z,2026-03-13T17:38:18Z,NA,-38.012761900000015,-34.46785350171834,-34.442485552872654,-34.9023765853845,-34.89182420053234,-39.05191958477377,-39.02124037432256,-40.25530078325167,-40.2490605685133,-40.36093745057866,-40.37819159922162,-40.356565601459835,-40.37291402965795,-40.485786595732094,-40.474757995898216,-40.55522269036737,-40.54485398862096,-40.67701157105952,-40.64639607048528,-40.7791485123891,-40.727840020897844,-40.84289853739176,-40.79798474995661,NA,NA,NA,NA,NA,NA,NA,NA,NA,NA,NA,NA,NA,NA,NA,NA,NA,NA,NA,NA,NA,NA,NA,NA,NA,NA,NA,NA,6542.006,6539.218,6537.136,6538.455,6534.944,6539.446,6535.997,6536.015,6536.528,6536.178,6535.583,NA,NA,NA,NA,NA,NA,NA,NA,NA,NA,NA,NA,NA,NA,-847,-897,-871,-870,-892,-924,-844,-958,-907,-933,-925,NA,NA,NA,NA,NA,NA,NA,NA,NA,NA,NA,NA,NA,NA
231710,2026-03-14T17:40:35Z,2026-03-14T17:40:35Z,2026-03-14T17:38:18Z,NA,-37.86090801000003,-34.65351630710006,-34.628298809462336,-34.933181029397645,-34.92255066892167,-38.84987167221399,-38.8188371021063,-40.15112261049347,-40.144893798884596,-40.30861692851059,-40.32587606912844,-40.32858796811553,-40.34493899845623,-40.45264115927944,-40.44164113881243,-40.51524013899913,-40.504799229012605,-40.659611147695045,-40.62896258459435,-40.75932915056478,-40.70799662011834,-40.83875747145905,-40.79381115590371,NA,NA,NA,NA,NA,NA,NA,NA,NA,NA,NA,NA,NA,NA,NA,NA,NA,NA,NA,NA,NA,NA,NA,NA,NA,NA,NA,NA,6542.032,6539.211,6537.123,6538.454,6534.933,6539.425,6535.998,6536.011,6536.53,6536.181,6535.575,NA,NA,NA,NA,NA,NA,NA,NA,NA,NA,NA,NA,NA,NA,-845,-904,-872,-868,-885,-919,-851,-958,-912,-920,-931,NA,NA,NA,NA,NA,NA,NA,NA,NA,NA,NA,NA,NA,NA
231710,2026-03-15T17:40:41Z,2026-03-15T17:40:41Z,2026-03-15T17:38:18Z,NA,-37.85718640000002,-34.84711499656464,-34.82195755995204,-34.99183318445273,-34.981199736110256,-38.734911013421964,-38.703757776378296,-40.115615043263574,-40.10923996488137,-40.290903877044656,-40.30806256276074,-40.30930692893875,-40.3255989760886,-40.42537820343844,-40.414331453982925,-40.478408968147875,-40.46811977224428,-40.6475917103935,-40.616959948534486,-40.75147315380724,-40.7001509689012,-40.83492569299946,-40.790052318044445,NA,NA,NA,NA,NA,NA,NA,NA,NA,NA,NA,NA,NA,NA,NA,NA,NA,NA,NA,NA,NA,NA,NA,NA,NA,NA,NA,NA,6542.041,6539.228,6537.129,6538.451,6534.94,6539.437,6535.981,6536.01,6536.534,6536.176,6535.586,NA,NA,NA,NA,NA,NA,NA,NA,NA,NA,NA,NA,NA,NA,-849,-902,-871,-873,-900,-918,-849,-960,-902,-931,-933,NA,NA,NA,NA,NA,NA,NA,NA,NA,NA,NA,NA,NA,NA
231710,2026-03-16T17:40:35Z,2026-03-16T17:40:35Z,2026-03-16T17:38:18Z,NA,-37.990615270000035,-34.96435994930724,-34.93908249133307,-35.11280561458304,-35.10227333207126,-39.08610143265656,-39.055413823452966,-40.26770229846335,-40.26149304692777,-40.375882726036195,-40.3931497636419,-40.385594641544685,-40.40187541073817,-40.519998699544885,-40.50906514275107,-40.58858770790678,-40.57816074581572,-40.68740235678567,-40.65673984658139,-40.78770218598481,-40.73640738091905,-40.84539821595436,-40.80049226472346,NA,NA,NA,NA,NA,NA,NA,NA,NA,NA,NA,NA,NA,NA,NA,NA,NA,NA,NA,NA,NA,NA,NA,NA,NA,NA,NA,NA,6542.039,6539.227,6537.132,6538.467,6534.943,6539.441,6535.989,6536.027,6536.539,6536.183,6535.581,NA,NA,NA,NA,NA,NA,NA,NA,NA,NA,NA,NA,NA,NA,-858,-893,-879,-869,-899,-916,-849,-954,-914,-931,-927,NA,NA,NA,NA,NA,NA,NA,NA,NA,NA,NA,NA,NA,NA
231710,2026-03-17T17:40:44Z,2026-03-17T17:40:44Z,2026-03-17T17:38:18Z,NA,-37.95956118000001,-35.144749667670425,-35.11954869370095,-35.157360344010044,-35.146767663120244,-38.98653401338012,-38.95568562521527,-40.23494211778009,-40.22875858158466,-40.35869265052517,-40.375923956780554,-40.36328231247185,-40.379587477203444,-40.49387438586774,-40.48285329999629,-40.56369351167129,-40.553279441824856,-40.67967095362425,-40.64897486948078,-40.78147561475416,-40.7301341422216,-40.84380964798734,-40.79891996666467,NA,NA,NA,NA,NA,NA,NA,NA,NA,NA,NA,NA,NA,NA,NA,NA,NA,NA,NA,NA,NA,NA,NA,NA,NA,NA,NA,NA,6542.051,6539.24,6537.132,6538.465,6534.943,6539.443,6535.992,6536.017,6536.537,6536.194,6535.58,NA,NA,NA,NA,NA,NA,NA,NA,NA,NA,NA,NA,NA,NA,-855,-902,-877,-865,-899,-914,-841,-964,-900,-932,-924,NA,NA,NA,NA,NA,NA,NA,NA,NA,NA,NA,NA,NA,NA
231710,2026-03-18T17:40:30Z,2026-03-18T17:40:30Z,2026-03-18T17:38:18Z,NA,-37.90489622000001,-35.36275189456137,-35.337638039725874,-35.21506275567123,-35.204440070412716,-38.993925219632786,-38.96300286974795,-40.23330623776093,-40.226945316823276,-40.36834286029773,-40.385535751019404,-40.38460527219917,-40.400886339290906,-40.516009761412846,-40.50499314140566,-40.588270879386016,-40.57785559394611,-40.68630128316903,-40.65563230500672,-40.78612953030171,-40.73478061983434,-40.84597055671017,-40.80102999226895,NA,NA,NA,NA,NA,NA,NA,NA,NA,NA,NA,NA,NA,NA,NA,NA,NA,NA,NA,NA,NA,NA,NA,NA,NA,NA,NA,NA,6542.062,6539.24,6537.131,6538.46,6534.939,6539.437,6536,6536.009,6536.542,6536.181,6535.584,NA,NA,NA,NA,NA,NA,NA,NA,NA,NA,NA,NA,NA,NA,-849,-897,-885,-871,-896,-923,-848,-963,-903,-927,-939,NA,NA,NA,NA,NA,NA,NA,NA,NA,NA,NA,NA,NA,NA
231710,2026-03-19T17:40:35Z,2026-03-19T17:40:35Z,2026-03-19T17:38:18Z,NA,-37.84229996000002,-35.58751002040475,-35.56230860557372,-35.290646432222644,-35.28006503788444,-38.864319173889754,-38.8338285573042,-40.17243580140604,-40.16634550494402,-40.329318978333134,-40.34671291014166,-40.34639467115301,-40.36280510010252,-40.472006376903096,-40.46106908081188,-40.53749607122458,-40.52728260819299,-40.66903851839524,-40.638465511490466,-40.772049669653995,-40.72081661478907,-40.84146175622672,-40.7965585145472,NA,NA,NA,NA,NA,NA,NA,NA,NA,NA,NA,NA,NA,NA,NA,NA,NA,NA,NA,NA,NA,NA,NA,NA,NA,NA,NA,NA,6542.075,6539.249,6537.124,6538.45,6534.94,6539.439,6535.994,6536.018,6536.548,6536.191,6535.574,NA,NA,NA,NA,NA,NA,NA,NA,NA,NA,NA,NA,NA,NA,-852,-901,-880,-859,-888,-929,-843,-966,-902,-927,-924,NA,NA,NA,NA,NA,NA,NA,NA,NA,NA,NA,NA,NA,NA
231710,2026-03-20T17:40:36Z,2026-03-20T17:40:36Z,2026-03-20T17:38:18Z,NA,-37.81710283000001,-35.78605834006257,-35.76108529993226,-35.37022867594598,-35.359788487245794,-38.78017626387566,-38.74947292702444,-40.140569282046584,-40.134374726247415,-40.31338187866734,-40.33067485805287,-40.332508188840535,-40.34885213450906,-40.451694186271794,-40.440735155514886,-40.51403574631641,-40.503670997804875,-40.66034359868232,-40.62966612678761,-40.7657687256571,-40.714453816679736,-40.83940581070351,-40.79448923987144,NA,NA,NA,NA,NA,NA,NA,NA,NA,NA,NA,NA,NA,NA,NA,NA,NA,NA,NA,NA,NA,NA,NA,NA,NA,NA,NA,NA,6542.088,6539.254,6537.111,6538.448,6534.937,6539.439,6535.997,6536.006,6536.534,6536.186,6535.585,NA,NA,NA,NA,NA,NA,NA,NA,NA,NA,NA,NA,NA,NA,-862,-895,-867,-867,-899,-927,-848,-962,-902,-924,-926,NA,NA,NA,NA,NA,NA,NA,NA,NA,NA,NA,NA,NA,NA
231710,2026-03-21T17:40:27Z,2026-03-21T17:40:27Z,2026-03-21T17:38:18Z,NA,-37.76542736000002,-36.02201815622655,-35.99744342415829,-35.43985052860475,-35.429317602322214,-38.679628213009636,-38.64874292169014,-40.10334958226596,-40.09712696428096,-40.298690554994664,-40.31592340549463,-40.32374182626586,-40.34005896625408,-40.441852924936484,-40.430850719231245,-40.50154374851394,-40.491300059457245,-40.65611868842154,-40.625444739399086,-40.76164537719265,-40.71029741142249,-40.83761847909466,-40.79272971196963,NA,NA,NA,NA,NA,NA,NA,NA,NA,NA,NA,NA,NA,NA,NA,NA,NA,NA,NA,NA,NA,NA,NA,NA,NA,NA,NA,NA,6542.106,6539.268,6537.115,6538.442,6534.933,6539.433,6535.993,6536.004,6536.532,6536.184,6535.584,NA,NA,NA,NA,NA,NA,NA,NA,NA,NA,NA,NA,NA,NA,-847,-892,-869,-863,-895,-920,-845,-963,-909,-933,-929,NA,NA,NA,NA,NA,NA,NA,NA,NA,NA,NA,NA,NA,NA
231710,2026-03-22T17:40:34Z,2026-03-22T17:40:34Z,2026-03-22T17:38:18Z,NA,-37.88769140000002,-36.200579297066014,-36.17605807485023,-35.53368081596403,-35.52320681219314,-38.99635843799544,-38.96650360456516,-40.243510473604744,-40.23748147097777,-40.37664254469601,-40.39405065473002,-40.40098053735062,-40.41753330089173,-40.535229187433345,-40.52448076769349,-40.60453239158534,-40.594390041449714,-40.692140238836515,-40.66154479737372,-40.79211006445183,-40.740854399932175,-40.84719698167888,-40.80226908401096,NA,NA,NA,NA,NA,NA,NA,NA,NA,NA,NA,NA,NA,NA,NA,NA,NA,NA,NA,NA,NA,NA,NA,NA,NA,NA,NA,NA,6542.105,6539.281,6537.137,6538.456,6534.939,6539.439,6535.988,6536.01,6536.538,6536.183,6535.575,NA,NA,NA,NA,NA,NA,NA,NA,NA,NA,NA,NA,NA,NA,-847,-897,-878,-869,-905,-924,-855,-964,-899,-933,-930,NA,NA,NA,NA,NA,NA,NA,NA,NA,NA,NA,NA,NA,NA
231710,2026-03-23T17:40:35Z,2026-03-23T17:40:35Z,2026-03-23T17:38:18Z,NA,-37.79330893000002,-36.43743130568538,-36.41292109098825,-35.62834161094648,-35.6178018424892,-38.80183534937885,-38.77081168433176,-40.16508005443998,-40.15884697330759,-40.335219753181036,-40.35245267559529,-40.352099114299364,-40.36845478788513,-40.47845600001125,-40.467431796686384,-40.54606357570654,-40.53568139712533,-40.673654944020456,-40.643020006773156,-40.77645877644932,-40.725124408598305,-40.842641554824866,-40.797739252994944,NA,NA,NA,NA,NA,NA,NA,NA,NA,NA,NA,NA,NA,NA,NA,NA,NA,NA,NA,NA,NA,NA,NA,NA,NA,NA,NA,NA,6542.13,6539.279,6537.124,6538.442,6534.941,6539.437,6535.997,6536.023,6536.529,6536.184,6535.579,NA,NA,NA,NA,NA,NA,NA,NA,NA,NA,NA,NA,NA,NA,-855,-894,-881,-875,-904,-927,-847,-958,-906,-940,-930,NA,NA,NA,NA,NA,NA,NA,NA,NA,NA,NA,NA,NA,NA
231710,2026-03-24T17:40:30Z,2026-03-24T17:40:30Z,2026-03-24T17:38:18Z,NA,-37.75737404000003,-36.64230202586481,-36.61776296442065,-35.72582122657067,-35.71542596735205,-38.72760096699875,-38.69664386695007,-40.126498839590994,-40.120284875603545,-40.31648358663361,-40.33376967274336,-40.340330090767736,-40.356612739191064,-40.46196296380634,-40.45098835715265,-40.5248684522831,-40.5146526336861,-40.665581806378924,-40.634907234579,-40.76986837867281,-40.71859235200844,-40.8402293660441,-40.79533098790699,NA,NA,NA,NA,NA,NA,NA,NA,NA,NA,NA,NA,NA,NA,NA,NA,NA,NA,NA,NA,NA,NA,NA,NA,NA,NA,NA,NA,6542.148,6539.289,6537.116,6538.45,6534.931,6539.431,6535.996,6536.003,6536.534,6536.181,6535.577,NA,NA,NA,NA,NA,NA,NA,NA,NA,NA,NA,NA,NA,NA,-851,-899,-875,-871,-900,-922,-845,-952,-907,-927,-924,NA,NA,NA,NA,NA,NA,NA,NA,NA,NA,NA,NA,NA,NA
231710,2026-03-25T17:40:34Z,2026-03-25T17:40:34Z,2026-03-25T17:38:18Z,NA,-37.68373497000002,-36.89927301051853,-36.87460860407339,-35.84869067729059,-35.83817861996624,-38.6155978265586,-38.58471267611142,-40.06562364327229,-40.05943802890599,-40.284107305274176,-40.30138023527118,-40.324850228171556,-40.341131668293855,-40.44670024828528,-40.43581669671332,-40.505363335881924,-40.49510273171367,-40.656212448589486,-40.62557373100802,-40.76146990882904,-40.7101686164531,-40.83773529988113,-40.792858317202615,NA,NA,NA,NA,NA,NA,NA,NA,NA,NA,NA,NA,NA,NA,NA,NA,NA,NA,NA,NA,NA,NA,NA,NA,NA,NA,NA,NA,6542.151,6539.297,6537.12,6538.446,6534.935,6539.44,6535.982,6536.004,6536.532,6536.183,6535.583,NA,NA,NA,NA,NA,NA,NA,NA,NA,NA,NA,NA,NA,NA,-855,-893,-876,-870,-892,-925,-849,-959,-907,-925,-931,NA,NA,NA,NA,NA,NA,NA,NA,NA,NA,NA,NA,NA,NA
231710,2026-03-26T17:40:31Z,2026-03-26T17:40:31Z,2026-03-26T17:38:18Z,NA,-37.79251580000002,-37.04933489406912,-37.02514586372499,-35.93474564301016,-35.9243544647141,-38.797033886295225,-38.76611044812341,-40.157327030923625,-40.1511285254451,-40.33704703462419,-40.35427937198148,-40.362539980294116,-40.378827699992996,-40.49032436977288,-40.47934959770561,-40.55671970806526,-40.54633954572316,-40.67566425820905,-40.64500112465382,-40.778470243300575,-40.72713772002783,-40.84278756779028,-40.79788538226785,NA,NA,NA,NA,NA,NA,NA,NA,NA,NA,NA,NA,NA,NA,NA,NA,NA,NA,NA,NA,NA,NA,NA,NA,NA,NA,NA,NA,6542.166,6539.303,6537.116,6538.451,6534.929,6539.445,6535.998,6536.006,6536.533,6536.175,6535.578,NA,NA,NA,NA,NA,NA,NA,NA,NA,NA,NA,NA,NA,NA,-860,-897,-880,-870,-895,-925,-853,-956,-906,-931,-923,NA,NA,NA,NA,NA,NA,NA,NA,NA,NA,NA,NA,NA,NA
231710,2026-03-27T17:40:26Z,2026-03-27T17:40:26Z,2026-03-27T17:38:18Z,NA,-37.652436840000036,-37.248222680636474,-37.22415478788665,-36.04399058193647,-36.033557166056084,-38.55868235373231,-38.52842551426383,-40.009683605699905,-40.00385319544853,-40.24892477521354,-40.266451062505325,-40.30596299796551,-40.32243883519905,-40.42950323700492,-40.418739830150685,-40.48391729924825,-40.47390547922973,-40.644901484322105,-40.61422718153881,-40.75105195234849,-40.6998113560723,-40.83485559707003,-40.79000555020542,NA,NA,NA,NA,NA,NA,NA,NA,NA,NA,NA,NA,NA,NA,NA,NA,NA,NA,NA,NA,NA,NA,NA,NA,NA,NA,NA,NA,6542.179,6539.32,6537.11,6538.444,6534.93,6539.439,6535.985,6536.017,6536.529,6536.189,6535.582,NA,NA,NA,NA,NA,NA,NA,NA,NA,NA,NA,NA,NA,NA,-851,-901,-872,-865,-901,-927,-854,-957,-909,-933,-931,NA,NA,NA,NA,NA,NA,NA,NA,NA,NA,NA,NA,NA,NA
231710,2026-03-28T17:40:26Z,2026-03-28T17:40:26Z,2026-03-28T17:38:18Z,NA,-37.85828458000003,-37.29959244039924,-37.27527083553127,-36.115626521791654,-36.10539343041333,-38.9586720204139,-38.92789044994055,-40.19968573710511,-40.193474456911275,-40.3618565543305,-40.37904562168177,-40.387973765087054,-40.40425970508349,-40.51640925580173,-40.50541034452485,-40.578530446776085,-40.568136795372396,-40.68175619547051,-40.651119869970415,-40.7829080795768,-40.731515251477504,-40.843640275975076,-40.798767995007324,NA,NA,NA,NA,NA,NA,NA,NA,NA,NA,NA,NA,NA,NA,NA,NA,NA,NA,NA,NA,NA,NA,NA,NA,NA,NA,NA,NA,6542.185,6539.328,6537.13,6538.453,6534.937,6539.439,6535.994,6536.011,6536.539,6536.182,6535.587,NA,NA,NA,NA,NA,NA,NA,NA,NA,NA,NA,NA,NA,NA,-861,-893,-872,-866,-892,-930,-845,-963,-901,-933,-935,NA,NA,NA,NA,NA,NA,NA,NA,NA,NA,NA,NA,NA,NA
231710,2026-03-29T17:40:19Z,2026-03-29T17:40:19Z,2026-03-29T17:38:18Z,NA,-37.73864397000003,-37.592475277499204,-37.56834521600817,-36.25694100843319,-36.24649944251587,-38.71120551244607,-38.68079812361793,-40.05642198085397,-40.050484184245164,-40.27691450650269,-40.29438442604902,-40.32835215624635,-40.344909530991,-40.45549962373906,-40.44459430413562,-40.51215566570488,-40.502090259690505,-40.65850366344094,-40.62789552852499,-40.76182084500698,-40.710578417596025,-40.83890933537273,-40.79398067766206,NA,NA,NA,NA,NA,NA,NA,NA,NA,NA,NA,NA,NA,NA,NA,NA,NA,NA,NA,NA,NA,NA,NA,NA,NA,NA,NA,NA,6542.205,6539.345,6537.116,6538.448,6534.927,6539.438,6535.988,6536.002,6536.53,6536.182,6535.587,NA,NA,NA,NA,NA,NA,NA,NA,NA,NA,NA,NA,NA,NA,-854,-898,-871,-866,-895,-921,-852,-954,-911,-935,-934,NA,NA,NA,NA,NA,NA,NA,NA,NA,NA,NA,NA,NA,NA
231710,2026-03-30T17:40:23Z,2026-03-30T17:40:23Z,2026-03-30T17:38:18Z,NA,-37.62748375000001,-37.81346535955464,-37.7895387180661,-36.39252833603507,-36.382141631172544,-38.53772284922616,-38.50668773923297,-39.99876958948698,-39.99242180055583,-40.25159334538844,-40.268888584736516,-40.31289242928264,-40.329260026264905,-40.43526952004686,-40.424307173377116,-40.48794972680378,-40.477597662116835,-40.64930307165514,-40.61868398521736,-40.75624069948012,-40.704858492154074,-40.83568505999233,-40.79085905714493,NA,NA,NA,NA,NA,NA,NA,NA,NA,NA,NA,NA,NA,NA,NA,NA,NA,NA,NA,NA,NA,NA,NA,NA,NA,NA,NA,NA,6542.214,6539.354,6537.102,6538.447,6534.939,6539.435,6535.995,6536.008,6536.533,6536.188,6535.58,NA,NA,NA,NA,NA,NA,NA,NA,NA,NA,NA,NA,NA,NA,-850,-897,-883,-855,-891,-917,-836,-958,-902,-922,-926,NA,NA,NA,NA,NA,NA,NA,NA,NA,NA,NA,NA,NA,NA
231710,2026-03-31T17:40:34Z,2026-03-31T17:40:34Z,2026-03-31T17:38:18Z,NA,-37.71564320000002,-37.90928324591337,-37.88478869563829,-36.48554760911804,-36.475255576778494,-38.68817641504074,-38.65762598860286,-40.0996670181155,-40.093627528291364,-40.31630079132569,-40.33367535721382,-40.35314211344598,-40.36953870618919,-40.47916735199652,-40.4682550142804,-40.54390861315801,-40.533643487605985,-40.67035084084836,-40.63972580184881,-40.77518987802392,-40.72388361075937,-40.84121060780123,-40.79626040339724,NA,NA,NA,NA,NA,NA,NA,NA,NA,NA,NA,NA,NA,NA,NA,NA,NA,NA,NA,NA,NA,NA,NA,NA,NA,NA,NA,NA,6542.223,6539.358,6537.123,6538.449,6534.935,6539.441,6535.994,6536.006,6536.529,6536.18,6535.589,NA,NA,NA,NA,NA,NA,NA,NA,NA,NA,NA,NA,NA,NA,-855,-897,-873,-864,-896,-919,-854,-958,-905,-932,-931,NA,NA,NA,NA,NA,NA,NA,NA,NA,NA,NA,NA,NA,NA
231710,2026-04-01T17:40:26Z,2026-04-01T17:40:26Z,2026-04-01T17:38:18Z,NA,-37.906726520000035,-37.9672199508949,-37.943544087264684,-36.54702682877806,-36.53675052925897,-39.13875904146636,-39.107845282698804,-40.254267685536604,-40.24795649992217,-40.4175156441666,-40.43465173331046,-40.45971058577834,-40.475845670214795,-40.590236360250145,-40.57915834589198,-40.64287933298726,-40.63231605540682,-40.70538542896648,-40.674750410034164,-40.802169723886664,-40.75082965030134,-40.850508196247716,-40.80562969082419,NA,NA,NA,NA,NA,NA,NA,NA,NA,NA,NA,NA,NA,NA,NA,NA,NA,NA,NA,NA,NA,NA,NA,NA,NA,NA,NA,NA,6542.223,6539.372,6537.132,6538.464,6534.941,6539.453,6535.996,6536.018,6536.536,6536.184,6535.577,NA,NA,NA,NA,NA,NA,NA,NA,NA,NA,NA,NA,NA,NA,-856,-899,-874,-867,-901,-922,-851,-958,-895,-930,-931,NA,NA,NA,NA,NA,NA,NA,NA,NA,NA,NA,NA,NA,NA
231710,2026-04-02T17:40:19Z,2026-04-02T17:40:19Z,2026-04-02T17:38:18Z,NA,-37.644749580000024,-38.06656514961989,-38.04296080568892,-36.65900001957752,-36.648745776123405,-38.59786884800192,-38.56677030142768,-39.997072966506664,-39.990748703057335,-40.24862366709806,-40.26590216201063,-40.31495634218879,-40.331193620375615,-40.43790533113321,-40.426967055224424,-40.48678000081446,-40.476480626807074,-40.64868183018294,-40.61805067186978,-40.75418748722464,-40.702838521556004,-40.83594207420043,-40.79107535479099,NA,NA,NA,NA,NA,NA,NA,NA,NA,NA,NA,NA,NA,NA,NA,NA,NA,NA,NA,NA,NA,NA,NA,NA,NA,NA,NA,NA,6542.226,6539.384,6537.108,6538.438,6534.932,6539.437,6536,6536.005,6536.529,6536.189,6535.582,NA,NA,NA,NA,NA,NA,NA,NA,NA,NA,NA,NA,NA,NA,-847,-903,-872,-864,-898,-924,-853,-959,-899,-933,-927,NA,NA,NA,NA,NA,NA,NA,NA,NA,NA,NA,NA,NA,NA
231710,2026-04-03T17:40:22Z,2026-04-03T17:40:22Z,2026-04-03T17:38:18Z,NA,-37.58935250000002,-38.16166520745523,-38.13787676935894,-36.779952825174945,-36.76956984535107,-38.512106327463954,-38.48100498098799,-39.94981224425885,-39.94352379595881,-40.22385022055144,-40.24114855580754,-40.30291966258025,-40.31923133786037,-40.43226877574119,-40.42131759291368,-40.48163643562518,-40.4712772921695,-40.64524143295205,-40.614614234008485,-40.74996968407174,-40.69863440593883,-40.83450511611778,-40.78954371570546,NA,NA,NA,NA,NA,NA,NA,NA,NA,NA,NA,NA,NA,NA,NA,NA,NA,NA,NA,NA,NA,NA,NA,NA,NA,NA,NA,NA,6542.233,6539.395,6537.11,6538.434,6534.928,6539.441,6535.982,6536.012,6536.533,6536.18,6535.586,NA,NA,NA,NA,NA,NA,NA,NA,NA,NA,NA,NA,NA,NA,-854,-897,-864,-875,-893,-926,-839,-964,-903,-936,-935,NA,NA,NA,NA,NA,NA,NA,NA,NA,NA,NA,NA,NA,NA
231710,2026-04-04T17:40:23Z,2026-04-04T17:40:23Z,2026-04-04T17:38:18Z,NA,-37.716375320000026,-38.22466615047034,-38.20100341854763,-36.90158315265552,-36.891383278583874,-38.784845694697054,-38.75388989721287,-40.13210261518941,-40.125853805024065,-40.345092229015336,-40.36235144985926,-40.3928259102361,-40.40909273014307,-40.522477686915266,-40.51149762222164,-40.58709155721334,-40.576752338456004,-40.684456350338024,-40.653827375053424,-40.78672001213042,-40.735383346187405,-40.84495435586905,-40.80008312075799,NA,NA,NA,NA,NA,NA,NA,NA,NA,NA,NA,NA,NA,NA,NA,NA,NA,NA,NA,NA,NA,NA,NA,NA,NA,NA,NA,NA,6542.241,6539.398,6537.121,6538.454,6534.939,6539.439,6535.995,6536.019,6536.536,6536.174,6535.584,NA,NA,NA,NA,NA,NA,NA,NA,NA,NA,NA,NA,NA,NA,-850,-891,-871,-861,-896,-924,-849,-963,-899,-926,-928,NA,NA,NA,NA,NA,NA,NA,NA,NA,NA,NA,NA,NA,NA
231710,2026-04-05T17:40:15Z,2026-04-05T17:40:15Z,2026-04-05T17:38:18Z,NA,-37.64877624000002,-38.28346756961315,-38.25995864608089,-36.99345233591018,-36.983338474577636,-38.61170474512679,-38.58063991550796,-40.029998948165456,-40.02374982762802,-40.279912115266114,-40.29716280365935,-40.341479407770606,-40.35777349281102,-40.46949569728602,-40.45852260994178,-40.52697129966069,-40.516632501395605,-40.665294713838506,-40.63469619284933,-40.76911397143948,-40.71784896021282,-40.8402702514575,-40.795383596741004,NA,NA,NA,NA,NA,NA,NA,NA,NA,NA,NA,NA,NA,NA,NA,NA,NA,NA,NA,NA,NA,NA,NA,NA,NA,NA,NA,NA,6542.25,6539.413,6537.116,6538.447,6534.935,6539.43,6535.997,6536.004,6536.531,6536.184,6535.582,NA,NA,NA,NA,NA,NA,NA,NA,NA,NA,NA,NA,NA,NA,-852,-896,-876,-870,-898,-930,-849,-968,-902,-929,-936,NA,NA,NA,NA,NA,NA,NA,NA,NA,NA,NA,NA,NA,NA
231710,2026-04-06T17:40:14Z,2026-04-06T17:40:14Z,2026-04-06T17:38:18Z,NA,-37.57037839000003,-38.31030592945939,-38.28692156508737,-37.083816613030194,-37.07364257815178,-38.60605980703056,-38.575351508658656,-40.01553115500931,-40.00955905644548,-40.271125341429894,-40.288496856579144,-40.34526313950883,-40.361603213194314,-40.47712145512642,-40.46624986966461,-40.53828887115202,-40.527975703853,-40.665142378418295,-40.63454377332195,-40.769459011665475,-40.71820017016904,-40.84060317443678,-40.79567586714492,NA,NA,NA,NA,NA,NA,NA,NA,NA,NA,NA,NA,NA,NA,NA,NA,NA,NA,NA,NA,NA,NA,NA,NA,NA,NA,NA,NA,6542.242,6539.404,6537.112,6538.439,6534.941,6539.446,6535.997,6536.01,6536.534,6536.184,6535.578,NA,NA,NA,NA,NA,NA,NA,NA,NA,NA,NA,NA,NA,NA,-852,-897,-871,-867,-892,-923,-846,-961,-901,-930,-932,NA,NA,NA,NA,NA,NA,NA,NA,NA,NA,NA,NA,NA,NA
231710,2026-04-07T17:40:18Z,2026-04-07T17:40:18Z,2026-04-07T17:38:18Z,NA,-37.70423433000002,-38.29474432087079,-38.27112444943273,-37.105647646794495,-37.095485257204984,-38.78054716010226,-38.74960678071784,-40.10601957608634,-40.09981503611755,-40.32716718593616,-40.34446751707614,-40.38013521693222,-40.396441181850406,-40.50781360752603,-40.496830597274595,-40.56938108523585,-40.55907962958213,-40.677515340519506,-40.646935283833386,-40.7804524032295,-40.7291919252192,-40.84361691427836,-40.79869200902476,NA,NA,NA,NA,NA,NA,NA,NA,NA,NA,NA,NA,NA,NA,NA,NA,NA,NA,NA,NA,NA,NA,NA,NA,NA,NA,NA,NA,6542.24,6539.418,6537.116,6538.444,6534.932,6539.443,6535.987,6536.009,6536.532,6536.18,6535.577,NA,NA,NA,NA,NA,NA,NA,NA,NA,NA,NA,NA,NA,NA,-856,-898,-870,-868,-897,-918,-851,-956,-911,-932,-928,NA,NA,NA,NA,NA,NA,NA,NA,NA,NA,NA,NA,NA,NA
231710,2026-04-08T17:40:17Z,2026-04-08T17:40:17Z,2026-04-08T17:38:18Z,NA,-37.60545914000002,-38.39395110644284,-38.37051772931184,-37.20912661803888,-37.19886330723298,-38.57486294173256,-38.543858919573495,-39.99406518087392,-39.987776152547895,-40.26345860103186,-40.28077950220623,-40.33603319581499,-40.352376070844855,-40.46362131310866,-40.45262939574076,-40.51878266232367,-40.5083953105605,-40.66163268894013,-40.63099696963454,-40.76696765661191,-40.715583602891286,-40.83915465314024,-40.79423788211281,NA,NA,NA,NA,NA,NA,NA,NA,NA,NA,NA,NA,NA,NA,NA,NA,NA,NA,NA,NA,NA,NA,NA,NA,NA,NA,NA,NA,6542.241,6539.42,6537.115,6538.433,6534.93,6539.445,6535.987,6536.004,6536.53,6536.187,6535.583,NA,NA,NA,NA,NA,NA,NA,NA,NA,NA,NA,NA,NA,NA,-853,-900,-882,-874,-898,-924,-849,-961,-900,-929,-941,NA,NA,NA,NA,NA,NA,NA,NA,NA,NA,NA,NA,NA,NA
231710,2026-04-09T17:40:13Z,2026-04-09T17:40:13Z,2026-04-09T17:38:18Z,NA,-37.66445581000002,-38.442117031610735,-38.418714484616714,-37.259663167306,-37.24961987032262,-38.731691325097444,-38.70056639620151,-40.095001277131416,-40.08861777784924,-40.32821066862809,-40.34542815602208,-40.38227900502221,-40.39854899740885,-40.512185042461454,-40.50116765162542,-40.574187770820686,-40.56377568926618,-40.68059057834685,-40.6499829128349,-40.78238187225381,-40.73104123053747,-40.844078306000455,-40.799112853177206,NA,NA,NA,NA,NA,NA,NA,NA,NA,NA,NA,NA,NA,NA,NA,NA,NA,NA,NA,NA,NA,NA,NA,NA,NA,NA,NA,NA,6542.243,6539.433,6537.117,6538.446,6534.936,6539.44,6535.998,6536.016,6536.538,6536.184,6535.585,NA,NA,NA,NA,NA,NA,NA,NA,NA,NA,NA,NA,NA,NA,-858,-896,-869,-862,-902,-914,-845,-963,-898,-932,-931,NA,NA,NA,NA,NA,NA,NA,NA,NA,NA,NA,NA,NA,NA
231710,2026-04-10T17:40:12Z,2026-04-10T17:40:12Z,2026-04-10T17:38:18Z,NA,-37.59905309000001,-38.57734847233155,-38.55415517299093,-37.34308239936638,-37.33300866847236,-38.569879264334986,-38.53887800847917,-39.983029212918154,-39.97673291606375,-40.25891351627931,-40.276247692728845,-40.33515491302123,-40.3514980547688,-40.462315808315225,-40.45141773762509,-40.51566313891769,-40.50535158371483,-40.660273283807015,-40.629724754899826,-40.76612548340026,-40.71478163265141,-40.83878667608954,-40.79391053078953,NA,NA,NA,NA,NA,NA,NA,NA,NA,NA,NA,NA,NA,NA,NA,NA,NA,NA,NA,NA,NA,NA,NA,NA,NA,NA,NA,NA,6542.258,6539.446,6537.108,6538.441,6534.943,6539.435,6535.986,6536,6536.532,6536.177,6535.582,NA,NA,NA,NA,NA,NA,NA,NA,NA,NA,NA,NA,NA,NA,-850,-902,-871,-862,-896,-922,-842,-960,-904,-937,-919,NA,NA,NA,NA,NA,NA,NA,NA,NA,NA,NA,NA,NA,NA
231710,2026-04-11T17:40:54Z,2026-04-11T17:40:54Z,2026-04-11T17:38:18Z,NA,-37.508697280000035,-38.689090242774085,-38.666068513562976,-37.419041925331356,-37.40903008762791,-38.513928689002256,-38.48345886106202,-39.940305050469334,-39.93444903400561,-40.23380822794877,-40.251309963741846,-40.325080159744715,-40.34156192189275,-40.45509968301948,-40.44418251780607,-40.510774940344504,-40.50057999505353,-40.65580224668457,-40.62513984894551,-40.76362228280607,-40.71235223639104,-40.83824346749154,-40.79336104392789,NA,NA,NA,NA,NA,NA,NA,NA,NA,NA,NA,NA,NA,NA,NA,NA,NA,NA,NA,NA,NA,NA,NA,NA,NA,NA,NA,NA,6542.263,6539.441,6537.113,6538.437,6534.94,6539.431,6535.994,6536.001,6536.544,6536.183,6535.582,NA,NA,NA,NA,NA,NA,NA,NA,NA,NA,NA,NA,NA,NA,-850,-891,-870,-867,-889,-922,-847,-962,-897,-930,-924,NA,NA,NA,NA,NA,NA,NA,NA,NA,NA,NA,NA,NA,NA
231710,2026-04-12T17:40:08Z,2026-04-12T17:40:08Z,2026-04-12T17:38:18Z,NA,-37.52071625000002,-38.814000916105414,-38.79127756284072,-37.48875866549875,-37.47856912220007,-38.510552982503015,-38.479719854336594,-39.935969523800026,-39.929816016472046,-40.23302866468413,-40.250388962992076,-40.32449648536769,-40.34084875994267,-40.45548786081869,-40.444488416520414,-40.5087361034023,-40.49845262539546,-40.655790526585605,-40.62516330211699,-40.76279760580252,-40.71147411532536,-40.83781707428798,-40.79289339130602,NA,NA,NA,NA,NA,NA,NA,NA,NA,NA,NA,NA,NA,NA,NA,NA,NA,NA,NA,NA,NA,NA,NA,NA,NA,NA,NA,NA,6542.271,6539.453,6537.108,6538.437,6534.929,6539.434,6535.996,6536.005,6536.528,6536.174,6535.582,NA,NA,NA,NA,NA,NA,NA,NA,NA,NA,NA,NA,NA,NA,-854,-885,-876,-865,-902,-930,-846,-962,-907,-932,-927,NA,NA,NA,NA,NA,NA,NA,NA,NA,NA,NA,NA,NA,NA
231710,2026-04-13T17:40:09Z,2026-04-13T17:40:09Z,2026-04-13T17:38:18Z,NA,-37.65030149000003,-38.869459720463,-38.846089096993694,-37.52769817827644,-37.51780557766517,-38.71580266406738,-38.68515456391992,-40.06049271593466,-40.05441316095147,-40.313081133188746,-40.330385999589026,-40.37918108607201,-40.39545789900686,-40.50851870131751,-40.49759460202898,-40.56573030584522,-40.555434036516004,-40.677251740790126,-40.64667153882945,-40.780434862297966,-40.729086583200484,-40.84293942087422,-40.798054891748905,NA,NA,NA,NA,NA,NA,NA,NA,NA,NA,NA,NA,NA,NA,NA,NA,NA,NA,NA,NA,NA,NA,NA,NA,NA,NA,NA,NA,6542.275,6539.451,6537.123,6538.438,6534.931,6539.438,6536,6536.008,6536.544,6536.183,6535.579,NA,NA,NA,NA,NA,NA,NA,NA,NA,NA,NA,NA,NA,NA,-847,-892,-877,-875,-893,-920,-845,-967,-903,-939,-925,NA,NA,NA,NA,NA,NA,NA,NA,NA,NA,NA,NA,NA,NA
231710,2026-04-14T17:41:50Z,2026-04-14T17:41:50Z,2026-04-14T17:38:18Z,NA,-37.50601284000001,-39.049591966409764,-39.0264910376589,-37.6248460381355,-37.61498198807169,-38.53661044631204,-38.50597214435007,-39.9353993453567,-39.929370512172994,-40.234711798362014,-40.25215420045896,-40.32956068113674,-40.34599981645877,-40.46305089369497,-40.45212356116991,-40.5189236535312,-40.50871260051588,-40.65935332264698,-40.628769108922654,-40.76519556912126,-40.71388013409461,-40.839224743735315,-40.794296337505756,NA,NA,NA,NA,NA,NA,NA,NA,NA,NA,NA,NA,NA,NA,NA,NA,NA,NA,NA,NA,NA,NA,NA,NA,NA,NA,NA,NA,6542.279,6539.467,6537.105,6538.43,6534.932,6539.445,6536,6536.009,6536.535,6536.183,6535.574,NA,NA,NA,NA,NA,NA,NA,NA,NA,NA,NA,NA,NA,NA,-854,-898,-875,-870,-897,-920,-844,-952,-906,-933,-933,NA,NA,NA,NA,NA,NA,NA,NA,NA,NA,NA,NA,NA,NA
231710,2026-04-15T17:40:04Z,2026-04-15T17:40:04Z,2026-04-15T17:38:18Z,NA,-37.49759346000002,-39.21109168546374,-39.1880377485121,-37.69669647007859,-37.68661206245039,-38.54937701922253,-38.51888783799714,-39.94023378446988,-39.93421739297122,-40.240829688884816,-40.2583409262092,-40.33757752405782,-40.35399653272387,-40.4709362653154,-40.460081087787415,-40.52623120057427,-40.516039136099636,-40.66146862457026,-40.63089144141432,-40.76709632085016,-40.71580019141726,-40.83906703977408,-40.794144353357694,NA,NA,NA,NA,NA,NA,NA,NA,NA,NA,NA,NA,NA,NA,NA,NA,NA,NA,NA,NA,NA,NA,NA,NA,NA,NA,NA,NA,6542.295,6539.471,6537.111,6538.434,6534.936,6539.429,6535.998,6536.011,6536.537,6536.185,6535.587,NA,NA,NA,NA,NA,NA,NA,NA,NA,NA,NA,NA,NA,NA,-851,-898,-877,-872,-899,-925,-847,-962,-913,-924,-930,NA,NA,NA,NA,NA,NA,NA,NA,NA,NA,NA,NA,NA,NA
231710,2026-04-16T17:39:58Z,2026-04-16T17:39:58Z,2026-04-16T17:38:18Z,NA,-37.493566800000025,-39.397137821894944,-39.37411122300722,-37.78470955219751,-37.774800942735396,-38.55333033519918,-38.522807083625196,-39.92736866554475,-39.92146959903266,-40.228593204948396,-40.24609074916867,-40.33028578302455,-40.34673648332526,-40.46698490192347,-40.45617010599463,-40.52195487664574,-40.51186189727116,-40.65931816459303,-40.62876324601291,-40.765061051942666,-40.713733785551995,-40.838535515774,-40.79368255284962,NA,NA,NA,NA,NA,NA,NA,NA,NA,NA,NA,NA,NA,NA,NA,NA,NA,NA,NA,NA,NA,NA,NA,NA,NA,NA,NA,NA,6542.304,6539.477,6537.106,6538.432,6534.94,6539.433,6535.987,6536.014,6536.529,6536.184,6535.582,NA,NA,NA,NA,NA,NA,NA,NA,NA,NA,NA,NA,NA,NA,-856,-902,-863,-866,-896,-917,-849,-958,-898,-928,-925,NA,NA,NA,NA,NA,NA,NA,NA,NA,NA,NA,NA,NA,NA
231710,2026-04-17T17:41:33Z,2026-04-17T17:41:33Z,2026-04-17T17:38:18Z,NA,-37.47239633000001,-39.592640381876436,-39.5687528683911,-37.877408519471146,-37.8676821594826,-38.6025443416672,-38.57225512849695,-39.945311241743326,-39.93973491973006,-40.23650117688092,-40.254267685536604,-40.34111398656552,-40.357791169068776,-40.48462270167403,-40.473876081865285,-40.54946319468664,-40.53942813393806,-40.666361050077285,-40.63576311778979,-40.767517401748194,-40.716268488058915,-40.84115804171043,-40.79635392863398,NA,NA,NA,NA,NA,NA,NA,NA,NA,NA,NA,NA,NA,NA,NA,NA,NA,NA,NA,NA,NA,NA,NA,NA,NA,NA,NA,NA,6542.311,6539.489,6537.12,6538.427,6534.933,6539.445,6535.992,6536.019,6536.534,6536.182,6535.581,NA,NA,NA,NA,NA,NA,NA,NA,NA,NA,NA,NA,NA,NA,-854,-894,-871,-866,-895,-919,-850,-959,-895,-932,-927,NA,NA,NA,NA,NA,NA,NA,NA,NA,NA,NA,NA,NA,NA
231710,2026-04-18T17:39:57Z,2026-04-18T17:39:57Z,2026-04-18T17:38:18Z,NA,-37.51882494000003,-39.70656319842726,-39.68342194246466,-37.92402548467578,-37.91409871862757,-38.61346826605302,-38.582374088262725,-39.95381412693936,-39.94760929579118,-40.25116236853793,-40.26849315890561,-40.35096180972073,-40.36727070005958,-40.48826713556039,-40.477250795708244,-40.54302194186258,-40.532656806779926,-40.668247594798856,-40.637674151721455,-40.770856695280344,-40.71950548113662,-40.840866006982395,-40.79599736283532,NA,NA,NA,NA,NA,NA,NA,NA,NA,NA,NA,NA,NA,NA,NA,NA,NA,NA,NA,NA,NA,NA,NA,NA,NA,NA,NA,NA,6542.329,6539.482,6537.115,6538.438,6534.93,6539.447,6535.989,6536.016,6536.53,6536.186,6535.583,NA,NA,NA,NA,NA,NA,NA,NA,NA,NA,NA,NA,NA,NA,-856,-904,-863,-872,-894,-927,-858,-966,-905,-938,-935,NA,NA,NA,NA,NA,NA,NA,NA,NA,NA,NA,NA,NA,NA
231710,2026-04-19T17:40:01Z,2026-04-19T17:40:01Z,2026-04-19T17:38:18Z,NA,-37.55976265000001,-39.890489938725864,-39.86755669926754,-38.0063526915217,-37.99603613958092,-38.673083484228556,-38.642657316476885,-40.0077560243958,-40.00183642161562,-40.290650201068104,-40.30813333317559,-40.37673678502455,-40.39328519267269,-40.50841881358326,-40.49753583281196,-40.566399437895285,-40.55609155266643,-40.67592200754157,-40.64533521151742,-40.78017174766808,-40.72891101272785,-40.84285765387972,-40.79797890480333,NA,NA,NA,NA,NA,NA,NA,NA,NA,NA,NA,NA,NA,NA,NA,NA,NA,NA,NA,NA,NA,NA,NA,NA,NA,NA,NA,NA,6542.334,6539.496,6537.123,6538.441,6534.94,6539.45,6535.997,6536.014,6536.533,6536.182,6535.578,NA,NA,NA,NA,NA,NA,NA,NA,NA,NA,NA,NA,NA,NA,-863,-896,-875,-873,-894,-921,-858,-958,-908,-939,-931,NA,NA,NA,NA,NA,NA,NA,NA,NA,NA,NA,NA,NA,NA
231710,2026-04-20T17:39:59Z,2026-04-20T17:39:59Z,2026-04-20T17:38:18Z,NA,-37.48606257000003,-40.09953676192907,-40.076689569429305,-38.091934675404616,-38.08210716302639,-38.642846360284096,-38.612125799466696,-39.97116590366886,-39.96519464977749,-40.26777902424297,-40.28515162633056,-40.36676995858028,-40.38325074906564,-40.498323335065834,-40.48741483009155,-40.55771769719729,-40.54741992562728,-40.67172757438399,-40.64113260372147,-40.777768577001495,-40.72648223125003,-40.84222687594624,-40.79738269597635,NA,NA,NA,NA,NA,NA,NA,NA,NA,NA,NA,NA,NA,NA,NA,NA,NA,NA,NA,NA,NA,NA,NA,NA,NA,NA,NA,NA,6542.343,6539.504,6537.117,6538.437,6534.934,6539.445,6535.992,6536.006,6536.533,6536.176,6535.585,NA,NA,NA,NA,NA,NA,NA,NA,NA,NA,NA,NA,NA,NA,-856,-900,-876,-870,-905,-918,-849,-965,-899,-931,-929,NA,NA,NA,NA,NA,NA,NA,NA,NA,NA,NA,NA,NA,NA
231710,2026-04-21T17:40:05Z,2026-04-21T17:40:05Z,2026-04-21T17:38:18Z,NA,-37.484232270000035,-40.26270898382771,-40.23946562550762,-38.189179703180486,-38.17907165596017,-38.618819440106876,-38.58787538249044,-39.96632247395368,-39.960190376593374,-40.27103681721886,-40.28840246141425,-40.36471981556252,-40.38104810413299,-40.498229305542964,-40.48726787952708,-40.55650249626325,-40.54619862503702,-40.673502631527754,-40.642844164484984,-40.77782120227806,-40.726575872974905,-40.84271748161396,-40.797844466109694,NA,NA,NA,NA,NA,NA,NA,NA,NA,NA,NA,NA,NA,NA,NA,NA,NA,NA,NA,NA,NA,NA,NA,NA,NA,NA,NA,NA,6542.357,6539.515,6537.118,6538.438,6534.926,6539.438,6535.996,6536.008,6536.537,6536.184,6535.587,NA,NA,NA,NA,NA,NA,NA,NA,NA,NA,NA,NA,NA,NA,-852,-898,-887,-868,-893,-915,-853,-958,-898,-928,-931,NA,NA,NA,NA,NA,NA,NA,NA,NA,NA,NA,NA,NA,NA
231710,2026-04-22T17:39:50Z,2026-04-22T17:39:50Z,2026-04-22T17:38:18Z,NA,-37.45494747000001,-40.464285814784574,-40.44189998840753,-38.27532935661742,-38.26493317998393,-38.521993913422506,-38.490825833390545,-39.85165143366771,-39.84529151982332,-40.18577878904142,-40.20304224441065,-40.31247374012085,-40.328694083119046,-40.452035333727906,-40.4410763717776,-40.50059174824696,-40.49020681562146,-40.653510920243065,-40.62278275447298,-40.75952802226382,-40.70814298371576,-40.837542545453886,-40.79259526072977,NA,NA,NA,NA,NA,NA,NA,NA,NA,NA,NA,NA,NA,NA,NA,NA,NA,NA,NA,NA,NA,NA,NA,NA,NA,NA,NA,NA,6542.377,6539.52,6537.104,6538.425,6534.925,6539.432,6535.983,6536.011,6536.525,6536.178,6535.574,NA,NA,NA,NA,NA,NA,NA,NA,NA,NA,NA,NA,NA,NA,-853,-903,-882,-857,-897,-920,-848,-961,-898,-939,-924,NA,NA,NA,NA,NA,NA,NA,NA,NA,NA,NA,NA,NA,NA
231710,2026-04-23T17:39:58Z,2026-04-23T17:39:58Z,2026-04-23T17:38:18Z,NA,-37.40992209000001,-40.61602167467521,-40.59377404917413,-38.368082322063316,-38.358247350309085,-38.54304000915474,-38.51231425155282,-39.85903365862015,-39.8530434894613,-40.19213281945807,-40.20951237724674,-40.31874194182117,-40.33511954562837,-40.458875476759715,-40.44800612796351,-40.51022851599893,-40.49994531885528,-40.654735707534286,-40.62414307996215,-40.76145821091862,-40.710121781845004,-40.83778202812812,-40.79285247151657,NA,NA,NA,NA,NA,NA,NA,NA,NA,NA,NA,NA,NA,NA,NA,NA,NA,NA,NA,NA,NA,NA,NA,NA,NA,NA,NA,NA,6542.375,6539.528,6537.109,6538.431,6534.934,6539.434,6535.989,6536.012,6536.523,6536.185,6535.575,NA,NA,NA,NA,NA,NA,NA,NA,NA,NA,NA,NA,NA,NA,-850,-889,-867,-871,-899,-919,-844,-966,-901,-938,-928,NA,NA,NA,NA,NA,NA,NA,NA,NA,NA,NA,NA,NA,NA
231710,2026-04-24T17:39:57Z,2026-04-24T17:39:57Z,2026-04-24T17:38:18Z,NA,-37.48301207000003,-40.83320247617945,-40.81034589119423,-38.482846933161,-38.47324471684658,-38.62067420709613,-38.58965202047693,-39.94439674229619,-39.93816702785631,-40.260584027466535,-40.2779707697087,-40.364089439827524,-40.38037669182202,-40.497835555157536,-40.4868740500624,-40.55306221641544,-40.54268136232341,-40.67214351695392,-40.641531191089,-40.7769674972572,-40.72568627025052,-40.8419231655416,-40.79703198195031,NA,NA,NA,NA,NA,NA,NA,NA,NA,NA,NA,NA,NA,NA,NA,NA,NA,NA,NA,NA,NA,NA,NA,NA,NA,NA,NA,NA,6542.394,6539.541,6537.11,6538.428,6534.938,6539.445,6535.989,6536.018,6536.528,6536.174,6535.577,NA,NA,NA,NA,NA,NA,NA,NA,NA,NA,NA,NA,NA,NA,-855,-894,-877,-862,-897,-919,-843,-956,-904,-932,-931,NA,NA,NA,NA,NA,NA,NA,NA,NA,NA,NA,NA,NA,NA
231710,2026-04-25T17:39:46Z,2026-04-25T17:39:46Z,2026-04-25T17:38:18Z,NA,-37.49228559000002,-41.07801271052307,-41.05587069812185,-38.58159860354712,-38.571277924079396,-38.65247438210287,-38.621314816636385,-39.945762547215,-39.9394023405691,-40.25842947146691,-40.27562807955556,-40.36483764198513,-40.38105988322184,-40.5012087873487,-40.49017742704402,-40.554248139270925,-40.543802917994356,-40.672840653151184,-40.64217595869914,-40.77613716896272,-40.72482006451003,-40.842250238217474,-40.79733008901184,NA,NA,NA,NA,NA,NA,NA,NA,NA,NA,NA,NA,NA,NA,NA,NA,NA,NA,NA,NA,NA,NA,NA,NA,NA,NA,NA,NA,6542.411,6539.546,6537.114,6538.432,6534.94,6539.44,6536,6536.01,6536.528,6536.185,6535.576,NA,NA,NA,NA,NA,NA,NA,NA,NA,NA,NA,NA,NA,NA,-858,-894,-879,-868,-890,-922,-853,-965,-898,-932,-926,NA,NA,NA,NA,NA,NA,NA,NA,NA,NA,NA,NA,NA,NA
231710,2026-04-26T17:39:54Z,2026-04-26T17:39:54Z,2026-04-26T17:38:18Z,NA,-37.42901822000002,-41.271359573975474,-41.24845556405273,-38.716782925363475,-38.70700983653231,-38.571717668622085,-38.54073598174236,-39.86677166311128,-39.8605385269463,-40.203438156457366,-40.220819923231716,-40.33219576068305,-40.348504442670446,-40.47102446212031,-40.46009873067729,-40.523000492191926,-40.5127549484167,-40.661749877478854,-40.63111422297652,-40.76871629532627,-40.71736311613017,-40.84005414250882,-40.795155624771695,NA,NA,NA,NA,NA,NA,NA,NA,NA,NA,NA,NA,NA,NA,NA,NA,NA,NA,NA,NA,NA,NA,NA,NA,NA,NA,NA,NA,6542.42,6539.564,6537.105,6538.426,6534.932,6539.437,6535.991,6536.01,6536.527,6536.183,6535.577,NA,NA,NA,NA,NA,NA,NA,NA,NA,NA,NA,NA,NA,NA,-846,-899,-875,-871,-894,-918,-850,-961,-898,-937,-930,NA,NA,NA,NA,NA,NA,NA,NA,NA,NA,NA,NA,NA,NA
231710,2026-04-27T17:39:51Z,2026-04-27T17:39:51Z,2026-04-27T17:38:18Z,NA,-37.40571240000003,-41.39660114172531,-41.374399306059445,-38.79971425708112,-38.789921958675876,-38.58654438566688,-38.55541378597829,-39.887220331077344,-39.88081129878054,-40.22672677585621,-40.24395332153901,-40.34785030448043,-40.36408354843073,-40.4867564884772,-40.47579275683148,-40.54018567186358,-40.52976713929462,-40.667937080974525,-40.637281398599384,-40.772575973815236,-40.721243897228504,-40.84100034314474,-40.79606166175296,NA,NA,NA,NA,NA,NA,NA,NA,NA,NA,NA,NA,NA,NA,NA,NA,NA,NA,NA,NA,NA,NA,NA,NA,NA,NA,NA,NA,6542.422,6539.569,6537.11,6538.439,6534.93,6539.445,6535.992,6536.014,6536.534,6536.183,6535.592,NA,NA,NA,NA,NA,NA,NA,NA,NA,NA,NA,NA,NA,NA,-855,-901,-873,-861,-892,-922,-850,-970,-907,-927,-919,NA,NA,NA,NA,NA,NA,NA,NA,NA,NA,NA,NA,NA,NA
231710,2026-04-28T17:39:50Z,2026-04-28T17:39:50Z,2026-04-28T17:38:18Z,NA,-37.37685467000003,-41.58907342883134,-41.56649213388553,-38.927647996364044,-38.91754870663658,-38.573598750864505,-38.542612214352346,-39.86279872079879,-39.85658294880116,-40.20960100373182,-40.22697484931754,-40.34128490969624,-40.357632082540164,-40.48137777496453,-40.4704835194689,-40.536057256887545,-40.52569667834706,-40.666114974301394,-40.63547587079029,-40.772441474332425,-40.72111512752255,-40.84110547557074,-40.79613180594285,NA,NA,NA,NA,NA,NA,NA,NA,NA,NA,NA,NA,NA,NA,NA,NA,NA,NA,NA,NA,NA,NA,NA,NA,NA,NA,NA,NA,6542.438,6539.579,6537.11,6538.418,6534.928,6539.439,6535.989,6536.008,6536.525,6536.178,6535.583,NA,NA,NA,NA,NA,NA,NA,NA,NA,NA,NA,NA,NA,NA,-857,-900,-877,-875,-889,-920,-849,-955,-902,-924,-921,NA,NA,NA,NA,NA,NA,NA,NA,NA,NA,NA,NA,NA,NA
231710,2026-04-29T17:39:50Z,2026-04-29T17:39:50Z,2026-04-29T17:38:18Z,NA,-37.461963620000034,-41.67504855286441,-41.652521868606186,-38.96902300560026,-38.95907180760116,-38.6862938735124,-38.65591901054873,-39.93403920685526,-39.92829534600952,-40.25330541081394,-40.27093058797209,-40.36942678085106,-40.386065763436164,-40.505574874456755,-40.49482062602152,-40.56180926311106,-40.551758845911166,-40.67338546778771,-40.64286174873894,-40.77852871509643,-40.727243065721154,-40.84286933488616,-40.798013975714014,NA,NA,NA,NA,NA,NA,NA,NA,NA,NA,NA,NA,NA,NA,NA,NA,NA,NA,NA,NA,NA,NA,NA,NA,NA,NA,NA,NA,6542.449,6539.587,6537.121,6538.425,6534.932,6539.442,6535.995,6536.014,6536.536,6536.182,6535.579,NA,NA,NA,NA,NA,NA,NA,NA,NA,NA,NA,NA,NA,NA,-854,-899,-880,-869,-901,-923,-851,-960,-913,-930,-927,NA,NA,NA,NA,NA,NA,NA,NA,NA,NA,NA,NA,NA,NA
231710,2026-04-30T17:39:41Z,2026-04-30T17:39:41Z,2026-04-30T17:38:18Z,NA,-37.349095120000015,-41.85202323374878,-41.83122050009828,-39.12115251593258,-39.11178832540216,-38.53121919059282,-38.5001919315842,-39.76507940997038,-39.75877429204084,-40.129564125363686,-40.146905081404356,-40.29224303030304,-40.308540261248396,-40.44345306007506,-40.43251001818109,-40.49073580730888,-40.48040190778815,-40.647767537616204,-40.61710655238579,-40.754667161781526,-40.7033479123491,-40.836123151690316,-40.791198117949676,NA,NA,NA,NA,NA,NA,NA,NA,NA,NA,NA,NA,NA,NA,NA,NA,NA,NA,NA,NA,NA,NA,NA,NA,NA,NA,NA,NA,6542.448,6539.601,6537.109,6538.415,6534.93,6539.435,6535.999,6536.008,6536.515,6536.177,6535.58,NA,NA,NA,NA,NA,NA,NA,NA,NA,NA,NA,NA,NA,NA,-853,-906,-874,-859,-899,-925,-846,-965,-904,-926,-930,NA,NA,NA,NA,NA,NA,NA,NA,NA,NA,NA,NA,NA,NA
231710,2026-05-01T17:39:39Z,2026-05-01T17:39:39Z,2026-05-01T17:38:18Z,NA,-37.29992106000003,-42.05247049902371,-42.03062781683721,-39.25587853370129,-39.246323522508305,-38.50755622406015,-38.47635999620209,-39.73268140552034,-39.72627089389786,-40.11034100849591,-40.12762911048998,-40.283234072019894,-40.29951634838923,-40.438540730735184,-40.42756139152323,-40.48647433963896,-40.4761219948262,-40.64544657335762,-40.61480775922632,-40.752473494575554,-40.70107611058967,-40.83513598026582,-40.79024523496943,NA,NA,NA,NA,NA,NA,NA,NA,NA,NA,NA,NA,NA,NA,NA,NA,NA,NA,NA,NA,NA,NA,NA,NA,NA,NA,NA,NA,6542.474,6539.612,6537.101,6538.418,6534.927,6539.434,6535.997,6536.005,6536.53,6536.183,6535.575,NA,NA,NA,NA,NA,NA,NA,NA,NA,NA,NA,NA,NA,NA,-855,-894,-871,-868,-892,-928,-851,-960,-911,-936,-921,NA,NA,NA,NA,NA,NA,NA,NA,NA,NA,NA,NA,NA,NA
231710,2026-05-02T17:39:44Z,2026-05-02T17:39:44Z,2026-05-02T17:38:18Z,NA,-37.38948374000003,-42.16573983555847,-42.14443249619654,-39.34901289946001,-39.33879689873234,-38.622669219138714,-38.591910877590266,-39.85111601755821,-39.845107076529246,-40.20041851384997,-40.21795486347517,-40.34068372938401,-40.35709000639716,-40.48536924263803,-40.47449342318711,-40.53946336849222,-40.52920328396536,-40.665400176576895,-40.63480171381474,-40.77045903151952,-40.71923622666458,-40.84074335194654,-40.795822001777424,NA,NA,NA,NA,NA,NA,NA,NA,NA,NA,NA,NA,NA,NA,NA,NA,NA,NA,NA,NA,NA,NA,NA,NA,NA,NA,NA,NA,6542.479,6539.616,6537.112,6538.426,6534.935,6539.441,6536.005,6536.012,6536.535,6536.177,6535.583,NA,NA,NA,NA,NA,NA,NA,NA,NA,NA,NA,NA,NA,NA,-853,-900,-880,-859,-901,-925,-850,-961,-910,-933,-927,NA,NA,NA,NA,NA,NA,NA,NA,NA,NA,NA,NA,NA,NA
231710,2026-05-03T17:39:41Z,2026-05-03T17:39:41Z,2026-05-03T17:38:18Z,NA,-37.345434520000026,-42.3895033687877,-42.36730487519446,-39.478398820396706,-39.46928247765641,-38.58546979151299,-38.554381237073386,-39.788880468157174,-39.78251871797988,-40.15202167554568,-40.169272482454005,-40.309330518540065,-40.325652036568584,-40.46249222971181,-40.45151184796052,-40.51260219070201,-40.502196035415835,-40.65644684831605,-40.6258434397636,-40.76108387649583,-40.70974710356455,-40.837922212637096,-40.793057070166014,NA,NA,NA,NA,NA,NA,NA,NA,NA,NA,NA,NA,NA,NA,NA,NA,NA,NA,NA,NA,NA,NA,NA,NA,NA,NA,NA,NA,6542.488,6539.634,6537.105,6538.418,6534.931,6539.432,6535.998,6536.01,6536.538,6536.18,6535.582,NA,NA,NA,NA,NA,NA,NA,NA,NA,NA,NA,NA,NA,NA,-857,-902,-872,-869,-908,-926,-854,-964,-899,-930,-927,NA,NA,NA,NA,NA,NA,NA,NA,NA,NA,NA,NA,NA,NA
231710,2026-05-04T17:39:42Z,2026-05-04T17:39:42Z,2026-05-04T17:38:18Z,NA,-37.40784775000003,-42.50550978501164,-42.48353120579799,-39.50588758397373,-39.49601542263534,-38.7209777245867,-38.68962025466158,-39.87810000265057,-39.8713865525373,-40.21920133112198,-40.23630039152664,-40.354297049385764,-40.37043410053403,-40.502007989540346,-40.49092389200649,-40.55803470171546,-40.54756671473379,-40.67070235052657,-40.64013026104726,-40.77189762531063,-40.720512247221336,-40.841631134767255,-40.79673387330928,NA,NA,NA,NA,NA,NA,NA,NA,NA,NA,NA,NA,NA,NA,NA,NA,NA,NA,NA,NA,NA,NA,NA,NA,NA,NA,NA,NA,6542.491,6539.641,6537.11,6538.425,6534.933,6539.431,6535.998,6536.013,6536.533,6536.183,6535.575,NA,NA,NA,NA,NA,NA,NA,NA,NA,NA,NA,NA,NA,NA,-851,-898,-881,-871,-905,-920,-847,-975,-908,-925,-939,NA,NA,NA,NA,NA,NA,NA,NA,NA,NA,NA,NA,NA,NA
231710,2026-05-05T17:39:39Z,2026-05-05T17:39:39Z,2026-05-05T17:38:18Z,NA,-37.41059320000002,-42.356188636711636,-42.3347999426928,-39.40276824859123,-39.39213112554944,-38.682875861273686,-38.65177932881869,-39.81987374957865,-39.81350989697739,-40.16270873157683,-40.179908761417835,-40.311235344600675,-40.327408898419804,-40.458675519177206,-40.44768848444332,-40.50125579956597,-40.49097091307962,-40.64949647559794,-40.618906815965516,-40.75391839969922,-40.70256918661127,-40.83546309223502,-40.790543378005964,NA,NA,NA,NA,NA,NA,NA,NA,NA,NA,NA,NA,NA,NA,NA,NA,NA,NA,NA,NA,NA,NA,NA,NA,NA,NA,NA,NA,6542.485,6539.627,6537.112,6538.42,6534.933,6539.43,6535.984,6536.014,6536.53,6536.191,6535.568,NA,NA,NA,NA,NA,NA,NA,NA,NA,NA,NA,NA,NA,NA,-856,-895,-881,-862,-897,-914,-849,-958,-897,-942,-929,NA,NA,NA,NA,NA,NA,NA,NA,NA,NA,NA,NA,NA,NA
231710,2026-05-06T17:39:31Z,2026-05-06T17:39:31Z,2026-05-06T17:38:18Z,NA,-37.434997200000026,-42.490060121657564,-42.46799123923873,-39.54050858172525,-39.5298709559998,-38.742901457655734,-38.71246596852217,-39.89177394615743,-39.885989715975796,-40.2242282572293,-40.24200476310435,-40.356324019939876,-40.37297882437784,-40.49650148424027,-40.48578071754167,-40.546697717504856,-40.53657993258551,-40.666302460705765,-40.63576897995793,-40.77110815767455,-40.71986253397699,-40.84032281837412,-40.795523886724396,NA,NA,NA,NA,NA,NA,NA,NA,NA,NA,NA,NA,NA,NA,NA,NA,NA,NA,NA,NA,NA,NA,NA,NA,NA,NA,NA,NA,6542.498,6539.633,6537.117,6538.434,6534.936,6539.442,6535.99,6536.012,6536.532,6536.177,6535.581,NA,NA,NA,NA,NA,NA,NA,NA,NA,NA,NA,NA,NA,NA,-863,-901,-879,-869,-895,-918,-847,-964,-917,-933,-927,NA,NA,NA,NA,NA,NA,NA,NA,NA,NA,NA,NA,NA,NA
231710,2026-05-07T17:39:30Z,2026-05-07T17:39:30Z,2026-05-07T17:38:18Z,NA,-37.43731558000002,-42.61870896974318,-42.596772155376016,-39.78311442107213,-39.7740589844006,-38.75086620357905,-38.71976620291636,-39.900374783420034,-39.89402088229045,-40.23700904233988,-40.25418503685529,-40.371211667776294,-40.38743788253876,-40.5123495520067,-40.50135570039333,-40.564573979508395,-40.5541659474238,-40.67340304236447,-40.64280313453742,-40.77695580257776,-40.725616037853115,-40.84223271651493,-40.7972950176748,NA,NA,NA,NA,NA,NA,NA,NA,NA,NA,NA,NA,NA,NA,NA,NA,NA,NA,NA,NA,NA,NA,NA,NA,NA,NA,NA,NA,6542.503,6539.658,6537.124,6538.427,6534.924,6539.434,6536,6536.005,6536.525,6536.18,6535.58,NA,NA,NA,NA,NA,NA,NA,NA,NA,NA,NA,NA,NA,NA,-853,-903,-879,-869,-900,-918,-853,-963,-905,-934,-921,NA,NA,NA,NA,NA,NA,NA,NA,NA,NA,NA,NA,NA,NA
231710,2026-05-08T17:39:37Z,2026-05-08T17:39:37Z,2026-05-08T17:38:18Z,NA,-37.37203488000003,-42.605260435637234,-42.58345566782589,-39.91180270559681,-39.90169420460467,-38.66887828540112,-38.63790657622724,-39.81864152174526,-39.81231919133734,-40.18197191672792,-40.19926615876949,-40.336923253003334,-40.353254072605836,-40.48361750045453,-40.4726061005791,-40.53535251771933,-40.52507404148196,-40.664913874504236,-40.634285831627125,-40.7705175116611,-40.71919525304409,-40.84057397074517,-40.79574601181588,NA,NA,NA,NA,NA,NA,NA,NA,NA,NA,NA,NA,NA,NA,NA,NA,NA,NA,NA,NA,NA,NA,NA,NA,NA,NA,NA,NA,6542.5,6539.669,6537.107,6538.423,6534.937,6539.44,6535.995,6536.016,6536.528,6536.182,6535.576,NA,NA,NA,NA,NA,NA,NA,NA,NA,NA,NA,NA,NA,NA,-850,-901,-873,-869,-895,-923,-843,-965,-908,-936,-923,NA,NA,NA,NA,NA,NA,NA,NA,NA,NA,NA,NA,NA,NA
231710,2026-05-09T17:39:28Z,2026-05-09T17:39:28Z,2026-05-09T17:38:18Z,NA,-37.36184621000001,-42.483838329067055,-42.461869840818764,-39.95199134921904,-39.94143935443509,-38.747568512633876,-38.71733697700893,-39.873604644776805,-39.86812762713646,-40.2173759254365,-40.23513109707147,-40.36344138232286,-40.3800880997546,-40.505298698931824,-40.49449737812387,-40.56159207142994,-40.55152987222189,-40.669190843127694,-40.638647229544375,-40.775347760957146,-40.72411772566912,-40.841654497284765,-40.796728028025996,NA,NA,NA,NA,NA,NA,NA,NA,NA,NA,NA,NA,NA,NA,NA,NA,NA,NA,NA,NA,NA,NA,NA,NA,NA,NA,NA,NA,6542.492,6539.671,6537.115,6538.422,6534.928,6539.442,6535.996,6536.021,6536.53,6536.183,6535.581,NA,NA,NA,NA,NA,NA,NA,NA,NA,NA,NA,NA,NA,NA,-849,-899,-871,-868,-897,-921,-843,-957,-905,-928,-933,NA,NA,NA,NA,NA,NA,NA,NA,NA,NA,NA,NA,NA,NA
231710,2026-05-10T17:39:26Z,2026-05-10T17:39:26Z,2026-05-10T17:38:18Z,NA,-37.43084852000001,-42.388033948550145,-42.367048498804195,-39.99884670740073,-39.989259482401195,-38.77030083539867,-38.73921372963545,-39.87205258490545,-39.86556434929986,-40.21779536076707,-40.23499526827359,-40.36105528526889,-40.377325783350074,-40.507790104243014,-40.49667779504102,-40.55649075506031,-40.546116421136304,-40.671540106292156,-40.64089227759908,-40.775131402750816,-40.72373728844241,-40.84142087167535,-40.79651175211836,NA,NA,NA,NA,NA,NA,NA,NA,NA,NA,NA,NA,NA,NA,NA,NA,NA,NA,NA,NA,NA,NA,NA,NA,NA,NA,NA,NA,6542.482,6539.678,6537.118,6538.428,6534.931,6539.44,6535.994,6536.018,6536.531,6536.176,6535.574,NA,NA,NA,NA,NA,NA,NA,NA,NA,NA,NA,NA,NA,NA,-855,-904,-874,-872,-893,-930,-854,-959,-907,-934,-931,NA,NA,NA,NA,NA,NA,NA,NA,NA,NA,NA,NA,NA,NA
231710,2026-05-11T17:39:34Z,2026-05-11T17:39:34Z,2026-05-11T17:38:18Z,NA,-37.26252193000002,-42.364581538264076,-42.3431556239797,-40.077204895616745,-40.06726472303026,-38.62820843625812,-38.597050893330476,-39.624255637852315,-39.617855285980966,-40.00363965838329,-40.02104006194878,-40.21569815102404,-40.23200104112402,-40.40017984861544,-40.38923984010788,-40.454140989614075,-40.44384720377511,-40.62869875396515,-40.598033055061876,-40.73257446892583,-40.681293465968935,-40.83099434521776,-40.78614122307144,NA,NA,NA,NA,NA,NA,NA,NA,NA,NA,NA,NA,NA,NA,NA,NA,NA,NA,NA,NA,NA,NA,NA,NA,NA,NA,NA,NA,6542.48,6539.685,6537.103,6538.411,6534.935,6539.42,6535.991,6536.007,6536.526,6536.183,6535.579,NA,NA,NA,NA,NA,NA,NA,NA,NA,NA,NA,NA,NA,NA,-849,-900,-874,-869,-896,-925,-852,-960,-908,-933,-937,NA,NA,NA,NA,NA,NA,NA,NA,NA,NA,NA,NA,NA,NA
231710,2026-05-12T17:39:24Z,2026-05-12T17:39:24Z,2026-05-12T17:38:18Z,NA,-37.463122810000016,-42.27982362420292,-42.25827919558435,-40.062519077507375,-40.05288427292845,-38.86524172158664,-38.8349096045624,-39.97118964485958,-39.96543208848095,-40.29717460113392,-40.31472047044605,-40.41716839406905,-40.43365149225744,-40.55240466399226,-40.54155391152011,-40.607306694710275,-40.59704166295535,-40.68712123367834,-40.656564047807876,-40.79000555020542,-40.73871285333536,-40.84579535097171,-40.800878026309505,NA,NA,NA,NA,NA,NA,NA,NA,NA,NA,NA,NA,NA,NA,NA,NA,NA,NA,NA,NA,NA,NA,NA,NA,NA,NA,NA,NA,6542.479,6539.676,6537.121,6538.434,6534.934,6539.443,6535.998,6536.007,6536.524,6536.184,6535.588,NA,NA,NA,NA,NA,NA,NA,NA,NA,NA,NA,NA,NA,NA,-846,-890,-864,-874,-902,-931,-848,-963,-911,-931,-930,NA,NA,NA,NA,NA,NA,NA,NA,NA,NA,NA,NA,NA,NA
231710,2026-05-13T17:39:30Z,2026-05-13T17:39:30Z,2026-05-13T17:38:18Z,NA,-37.361602170000026,-42.381535082085804,-42.359818282158074,-40.236235431397006,-40.22638419631801,-38.75017869674062,-38.719273061996574,-39.750620582901405,-39.744504444808456,-40.113182304983354,-40.13067066159121,-40.298631569265154,-40.31506838090337,-40.462627485728575,-40.451694186271794,-40.514018120860726,-40.503706255382696,-40.655415482110044,-40.624752870179805,-40.76114821540264,-40.709870045152826,-40.83832524116278,-40.793366889561014,NA,NA,NA,NA,NA,NA,NA,NA,NA,NA,NA,NA,NA,NA,NA,NA,NA,NA,NA,NA,NA,NA,NA,NA,NA,NA,NA,NA,6542.48,6539.704,6537.119,6538.421,6534.929,6539.426,6535.987,6536.006,6536.537,6536.194,6535.588,NA,NA,NA,NA,NA,NA,NA,NA,NA,NA,NA,NA,NA,NA,-853,-900,-869,-870,-902,-919,-855,-962,-908,-923,-932,NA,NA,NA,NA,NA,NA,NA,NA,NA,NA,NA,NA,NA,NA
231710,2026-05-14T17:39:21Z,2026-05-14T17:39:21Z,2026-05-14T17:38:18Z,NA,-37.245561150000015,-42.444065730789845,-42.42259672501797,-40.32002733393645,-40.31082253974071,-38.681980190993016,-38.65096842020077,-39.66898164816857,-39.662706387344855,-40.057192304333114,-40.07457490208324,-40.26816265148807,-40.284508515774746,-40.43948793300518,-40.42856174484612,-40.49156455064363,-40.48123080813343,-40.6457923797507,-40.615171350226575,-40.753561564247946,-40.70227057460738,-40.8357668373672,-40.79088244071437,NA,NA,NA,NA,NA,NA,NA,NA,NA,NA,NA,NA,NA,NA,NA,NA,NA,NA,NA,NA,NA,NA,NA,NA,NA,NA,NA,NA,6542.491,6539.712,6537.113,6538.414,6534.932,6539.424,6535.986,6536.01,6536.53,6536.185,6535.572,NA,NA,NA,NA,NA,NA,NA,NA,NA,NA,NA,NA,NA,NA,-856,-908,-876,-872,-896,-921,-845,-965,-912,-928,-930,NA,NA,NA,NA,NA,NA,NA,NA,NA,NA,NA,NA,NA,NA
231710,2026-05-15T17:39:24Z,2026-05-15T17:39:24Z,2026-05-15T17:38:18Z,NA,-37.291440670000014,-42.41330010696606,-42.39194663624019,-40.28253193494416,-40.27270694928592,-38.7444713924163,-38.713580256467736,-39.76755237674277,-39.761372714823324,-40.14579296994836,-40.16321730353849,-40.326524579166374,-40.342988217431895,-40.482371260353204,-40.4713948871414,-40.536215821951714,-40.52589639055893,-40.6617674557383,-40.63117871220871,-40.76802035534473,-40.71676604893477,-40.83954599118363,-40.79461199557784,NA,NA,NA,NA,NA,NA,NA,NA,NA,NA,NA,NA,NA,NA,NA,NA,NA,NA,NA,NA,NA,NA,NA,NA,NA,NA,NA,NA,6542.498,6539.704,6537.105,6538.428,6534.931,6539.437,6535.994,6536.019,6536.539,6536.178,6535.576,NA,NA,NA,NA,NA,NA,NA,NA,NA,NA,NA,NA,NA,NA,-856,-903,-878,-870,-897,-922,-855,-967,-908,-935,-924,NA,NA,NA,NA,NA,NA,NA,NA,NA,NA,NA,NA,NA,NA
231710,2026-05-16T17:39:25Z,2026-05-16T17:39:25Z,2026-05-16T17:38:18Z,NA,-37.53358936000001,-42.27972093957072,-42.25839903297617,-40.156652801246054,-40.146514661964744,-39.010682863695905,-38.98006804045676,-40.03071630411853,-40.024722225667944,-40.33935167848131,-40.3567600443354,-40.451411855723734,-40.46781400640276,-40.58494993747499,-40.57401757789265,-40.63586863672137,-40.62545060266055,-40.69718221429059,-40.66650166431677,-40.79773340781614,-40.74643607874353,-40.84897817057498,-40.80411013693666,NA,NA,NA,NA,NA,NA,NA,NA,NA,NA,NA,NA,NA,NA,NA,NA,NA,NA,NA,NA,NA,NA,NA,NA,NA,NA,NA,NA,6542.479,6539.7,6537.122,6538.436,6534.936,6539.445,6536.001,6536.016,6536.527,6536.183,6535.579,NA,NA,NA,NA,NA,NA,NA,NA,NA,NA,NA,NA,NA,NA,-855,-892,-882,-865,-895,-920,-846,-958,-903,-929,-928,NA,NA,NA,NA,NA,NA,NA,NA,NA,NA,NA,NA,NA,NA
231710,2026-05-17T17:39:25Z,2026-05-17T17:39:25Z,2026-05-17T17:38:18Z,NA,-37.43902386000002,-42.404121788447696,-42.38293629294864,-40.32700800882867,-40.31647769002049,-38.87621380501437,-38.84517831936927,-39.840555282231946,-39.83412258184251,-40.18639353781194,-40.2036213386443,-40.347355275701375,-40.363529754259474,-40.50395305779054,-40.49292812931242,-40.55334989312442,-40.54302194186258,-40.66972397640163,-40.639045834799816,-40.77213153951436,-40.720746376266874,-40.841257333174184,-40.79634223798783,NA,NA,NA,NA,NA,NA,NA,NA,NA,NA,NA,NA,NA,NA,NA,NA,NA,NA,NA,NA,NA,NA,NA,NA,NA,NA,NA,NA,6542.48,6539.708,6537.122,6538.425,6534.939,6539.432,6535.996,6536.003,6536.534,6536.185,6535.58,NA,NA,NA,NA,NA,NA,NA,NA,NA,NA,NA,NA,NA,NA,-854,-903,-880,-878,-898,-916,-844,-956,-913,-929,-932,NA,NA,NA,NA,NA,NA,NA,NA,NA,NA,NA,NA,NA,NA
231710,2026-05-18T17:39:15Z,2026-05-18T17:39:15Z,2026-05-18T17:38:18Z,NA,-37.253553460000035,-42.593052882415094,-42.57203949567358,-40.47735074049302,-40.46811977224428,-38.75189440296393,-38.72086205301798,-39.6525484868327,-39.64630702369428,-40.03914598108605,-40.05664122792058,-40.25864788247452,-40.275085174491466,-40.43613440966607,-40.425295817261656,-40.486468461522634,-40.476157270207665,-40.64331893738219,-40.61274931988936,-40.75177150292376,-40.70042031553487,-40.83456937112186,-40.789736634375714,NA,NA,NA,NA,NA,NA,NA,NA,NA,NA,NA,NA,NA,NA,NA,NA,NA,NA,NA,NA,NA,NA,NA,NA,NA,NA,NA,NA,6542.495,6539.723,6537.119,6538.414,6534.923,6539.431,6535.989,6536.002,6536.525,6536.184,6535.585,NA,NA,NA,NA,NA,NA,NA,NA,NA,NA,NA,NA,NA,NA,-855,-902,-877,-868,-900,-922,-852,-966,-908,-928,-930,NA,NA,NA,NA,NA,NA,NA,NA,NA,NA,NA,NA,NA,NA
231710,2026-05-19T17:39:21Z,2026-05-19T17:39:21Z,2026-05-19T17:38:18Z,NA,-37.27063626000003,-42.59103133122639,-42.56940953306824,-40.43143912892029,-40.42167658667864,-38.79163621391072,-38.760672726309934,-39.69258303718996,-39.68638232096109,-40.07081923232411,-40.08824469221699,-40.27662535818837,-40.29295093919819,-40.44961784610766,-40.438640746661946,-40.5018904605395,-40.491588060909294,-40.64800783391851,-40.617446671822705,-40.754322030502635,-40.70305515958873,-40.83568505999233,-40.790806444078186,NA,NA,NA,NA,NA,NA,NA,NA,NA,NA,NA,NA,NA,NA,NA,NA,NA,NA,NA,NA,NA,NA,NA,NA,NA,NA,NA,NA,6542.502,6539.719,6537.114,6538.414,6534.929,6539.43,6535.989,6536.009,6536.534,6536.178,6535.575,NA,NA,NA,NA,NA,NA,NA,NA,NA,NA,NA,NA,NA,NA,-850,-896,-871,-868,-900,-918,-847,-962,-905,-923,-933,NA,NA,NA,NA,NA,NA,NA,NA,NA,NA,NA,NA,NA,NA
231710,2026-05-20T17:39:12Z,2026-05-20T17:39:12Z,2026-05-20T17:38:18Z,NA,-37.31932224000002,-42.65563507514497,-42.6350321879614,-40.5073905468858,-40.49768863264467,-38.83685907103674,-38.80619270916824,-39.811664291440735,-39.80588294827123,-40.185376834067824,-40.20306588103361,-40.35819182935583,-40.374763593801475,-40.50725540182464,-40.496489730166616,-40.56139835920638,-40.55125392830175,-40.671376071192896,-40.64086883109229,-40.777517144443834,-40.726218863057255,-40.84212174560625,-40.797189803532575,NA,NA,NA,NA,NA,NA,NA,NA,NA,NA,NA,NA,NA,NA,NA,NA,NA,NA,NA,NA,NA,NA,NA,NA,NA,NA,NA,NA,6542.499,6539.719,6537.119,6538.419,6534.931,6539.434,6535.997,6536.021,6536.529,6536.176,6535.585,NA,NA,NA,NA,NA,NA,NA,NA,NA,NA,NA,NA,NA,NA,-848,-906,-875,-876,-896,-924,-851,-967,-909,-938,-933,NA,NA,NA,NA,NA,NA,NA,NA,NA,NA,NA,NA,NA,NA
231710,2026-05-21T17:39:15Z,2026-05-21T17:39:15Z,2026-05-21T17:38:18Z,NA,-37.45018869000003,-42.63831793645218,-42.61714228421445,-40.45542904617869,-40.445964941864446,-39.02225667663913,-38.99174611300941,-40.00272618439618,-39.99695431947609,-40.326960845150694,-40.34452645247458,-40.45215297028548,-40.46863721821879,-40.58746706552,-40.57659389037272,-40.641109157316436,-40.630750736807585,-40.69777949124557,-40.6671520005425,-40.799229753772096,-40.74796889520064,-40.84958551396363,-40.804735496771514,NA,NA,NA,NA,NA,NA,NA,NA,NA,NA,NA,NA,NA,NA,NA,NA,NA,NA,NA,NA,NA,NA,NA,NA,NA,NA,NA,NA,6542.497,6539.721,6537.126,6538.432,6534.934,6539.439,6536,6536.012,6536.544,6536.18,6535.574,NA,NA,NA,NA,NA,NA,NA,NA,NA,NA,NA,NA,NA,NA,-852,-895,-877,-874,-906,-928,-848,-957,-906,-932,-936,NA,NA,NA,NA,NA,NA,NA,NA,NA,NA,NA,NA,NA,NA
231710,2026-05-22T17:39:20Z,2026-05-22T17:39:20Z,2026-05-22T17:38:18Z,NA,-37.33646605000001,-42.76316999236147,-42.74186765524567,-40.58743772902571,-40.577116180476565,-38.862188748310984,-38.831362705188525,-39.76202229983548,-39.75572276413453,-40.1321617859893,-40.14949597366177,-40.32383026342782,-40.34018274065812,-40.48398196151709,-40.473070587909035,-40.53433062983058,-40.524016717378544,-40.66304479435868,-40.6323570931265,-40.76975141697551,-40.718364067392315,-40.84048051883053,-40.79556480457029,NA,NA,NA,NA,NA,NA,NA,NA,NA,NA,NA,NA,NA,NA,NA,NA,NA,NA,NA,NA,NA,NA,NA,NA,NA,NA,NA,NA,6542.504,6539.735,6537.115,6538.42,6534.925,6539.432,6535.999,6536.009,6536.528,6536.178,6535.585,NA,NA,NA,NA,NA,NA,NA,NA,NA,NA,NA,NA,NA,NA,-853,-898,-872,-869,-894,-920,-848,-957,-894,-938,-928,NA,NA,NA,NA,NA,NA,NA,NA,NA,NA,NA,NA,NA,NA
231710,2026-05-23T17:39:13Z,2026-05-23T17:39:13Z,2026-05-23T17:38:18Z,NA,-37.40760371000002,-42.773161754330516,-42.751924743588205,-40.574369700609964,-40.56467963470115,-38.94216272696255,-38.91117037843037,-39.88668528464086,-39.880359425995465,-40.23993803236158,-40.257195727640436,-40.393467726916526,-40.4097755588254,-40.53726703800007,-40.52630168663248,-40.58769002236619,-40.57726289028824,-40.681246607070506,-40.65063344270962,-40.78430542843509,-40.73301921722992,-40.84465066011862,-40.79975580344396,NA,NA,NA,NA,NA,NA,NA,NA,NA,NA,NA,NA,NA,NA,NA,NA,NA,NA,NA,NA,NA,NA,NA,NA,NA,NA,NA,NA,6542.493,6539.731,6537.12,6538.427,6534.924,6539.438,6535.988,6536.012,6536.537,6536.181,6535.571,NA,NA,NA,NA,NA,NA,NA,NA,NA,NA,NA,NA,NA,NA,-854,-897,-874,-866,-890,-921,-844,-961,-901,-928,-931,NA,NA,NA,NA,NA,NA,NA,NA,NA,NA,NA,NA,NA,NA
231710,2026-05-24T17:39:07Z,2026-05-24T17:39:07Z,2026-05-24T17:38:18Z,NA,-37.345007450000026,-42.87152053675959,-42.85069184925402,-40.67005791441733,-40.659886550400444,-38.89698583458565,-38.86605500529828,-39.766193749591395,-39.76006160060831,-40.13416763684472,-40.151548485319694,-40.326218011760574,-40.34265816893412,-40.48743834214514,-40.47650414357582,-40.53885263301501,-40.52849845664207,-40.66483770632391,-40.63427410697608,-40.77054675170905,-40.719283053622576,-40.84128653651268,-40.796406536511256,NA,NA,NA,NA,NA,NA,NA,NA,NA,NA,NA,NA,NA,NA,NA,NA,NA,NA,NA,NA,NA,NA,NA,NA,NA,NA,NA,NA,6542.515,6539.739,6537.12,6538.416,6534.938,6539.435,6535.995,6536.009,6536.535,6536.18,6535.577,NA,NA,NA,NA,NA,NA,NA,NA,NA,NA,NA,NA,NA,NA,-854,-888,-870,-865,-902,-927,-856,-960,-906,-932,-932,NA,NA,NA,NA,NA,NA,NA,NA,NA,NA,NA,NA,NA,NA
231710,2026-05-25T17:39:14Z,2026-05-25T17:39:14Z,2026-05-25T17:38:18Z,NA,-37.189492960000024,-43.00242510648053,-42.98160010723117,-40.825578801221326,-40.816534209497206,-38.87689340798073,-38.84600409182488,-39.55706214388195,-39.550760944812225,-39.93975273641061,-39.95715670930278,-40.191766375134904,-40.208058881796376,-40.39687688230438,-40.38596565037798,-40.4600634448918,-40.449811954922495,-40.63039311098839,-40.59984567265815,-40.73590414333742,-40.684608632824904,-40.83173624012122,-40.78686617004101,NA,NA,NA,NA,NA,NA,NA,NA,NA,NA,NA,NA,NA,NA,NA,NA,NA,NA,NA,NA,NA,NA,NA,NA,NA,NA,NA,NA,6542.515,6539.751,6537.118,6538.408,6534.93,6539.421,6535.989,6536.006,6536.53,6536.178,6535.571,NA,NA,NA,NA,NA,NA,NA,NA,NA,NA,NA,NA,NA,NA,-857,-897,-871,-865,-893,-918,-850,-969,-906,-933,-936,NA,NA,NA,NA,NA,NA,NA,NA,NA,NA,NA,NA,NA,NA
231710,2026-05-26T17:39:03Z,2026-05-26T17:39:03Z,2026-05-26T17:38:18Z,NA,-37.346471690000016,-43.03229142715301,-43.01072973867383,-40.78131774904924,-40.772371300561275,-38.93760576013241,-38.906786296897735,-39.814188586812406,-39.80813364141062,-40.18551278976764,-40.20302451693655,-40.36404820003662,-40.3804944840594,-40.51562201406915,-40.50475809599226,-40.56801940808285,-40.557794013267,-40.6739595677534,-40.64332479875054,-40.77920698347873,-40.72793366034682,-40.84293942087422,-40.798072427183286,NA,NA,NA,NA,NA,NA,NA,NA,NA,NA,NA,NA,NA,NA,NA,NA,NA,NA,NA,NA,NA,NA,NA,NA,NA,NA,NA,NA,6542.512,6539.747,6537.113,6538.422,6534.921,6539.441,6535.986,6536.008,6536.535,6536.186,6535.578,NA,NA,NA,NA,NA,NA,NA,NA,NA,NA,NA,NA,NA,NA,-859,-903,-873,-875,-903,-919,-843,-961,-910,-933,-933,NA,NA,NA,NA,NA,NA,NA,NA,NA,NA,NA,NA,NA,NA
231710,2026-05-27T17:39:02Z,2026-05-27T17:39:02Z,2026-05-27T17:38:18Z,NA,-37.38271163000002,-43.075976833274666,-43.05507673490885,-40.80443158444831,-40.79519654288552,-38.97130004208816,-38.94059328896208,-39.7966469253214,-39.790685202572234,-40.154630060618985,-40.172175647728295,-40.339776052261044,-40.35630634320074,-40.49961622459,-40.488719733741874,-40.54921072590446,-40.53899944504883,-40.66622043548173,-40.635587252456816,-40.772225104922825,-40.72091026601453,-40.84041042979314,-40.79550050508476,NA,NA,NA,NA,NA,NA,NA,NA,NA,NA,NA,NA,NA,NA,NA,NA,NA,NA,NA,NA,NA,NA,NA,NA,NA,NA,NA,NA,6542.519,6539.758,6537.115,6538.425,6534.932,6539.438,6535.986,6536.014,6536.525,6536.184,6535.582,NA,NA,NA,NA,NA,NA,NA,NA,NA,NA,NA,NA,NA,NA,-857,-893,-884,-865,-895,-914,-854,-967,-913,-930,-934,NA,NA,NA,NA,NA,NA,NA,NA,NA,NA,NA,NA,NA,NA
231710,2026-05-28T17:39:06Z,2026-05-28T17:39:06Z,2026-05-28T17:38:18Z,NA,-37.44061012000003,-43.140411367470506,-43.11990706252891,-40.81239120850077,-40.80297628924086,-39.0607151502179,-39.03015043408669,-39.922004285340364,-39.916152140006375,-40.260784721406225,-40.27834252218594,-40.412218366801426,-40.4286853166235,-40.55379021169887,-40.54296322140323,-40.60544739914823,-40.59518202140538,-40.686061152517965,-40.65545650272304,-40.789999704222765,-40.73875381264594,-40.84626840521969,-40.80145081893832,NA,NA,NA,NA,NA,NA,NA,NA,NA,NA,NA,NA,NA,NA,NA,NA,NA,NA,NA,NA,NA,NA,NA,NA,NA,NA,NA,NA,6542.521,6539.758,6537.115,6538.431,6534.929,6539.438,6535.991,6536.019,6536.537,6536.181,6535.57,NA,NA,NA,NA,NA,NA,NA,NA,NA,NA,NA,NA,NA,NA,-855,-907,-889,-872,-899,-921,-856,-965,-904,-935,-929,NA,NA,NA,NA,NA,NA,NA,NA,NA,NA,NA,NA,NA,NA
231710,2026-05-29T17:38:59Z,2026-05-29T17:38:59Z,2026-05-29T17:38:18Z,NA,-37.24177853000003,-43.35216218141167,-43.33142276232414,-40.995807140263025,-40.986474981428444,-38.96039835016154,-38.92952091813859,-39.63958090887536,-39.63340356259749,-40.01295143463517,-40.03035466309208,-40.247944691578425,-40.26439708332754,-40.43772882992414,-40.42680817214037,-40.49274592896205,-40.48241828879864,-40.64589787957664,-40.61532968749478,-40.752619741728864,-40.70132203174526,-40.83620492843096,-40.79127995990649,NA,NA,NA,NA,NA,NA,NA,NA,NA,NA,NA,NA,NA,NA,NA,NA,NA,NA,NA,NA,NA,NA,NA,NA,NA,NA,NA,NA,6542.54,6539.775,6537.121,6538.411,6534.926,6539.432,6535.997,6536.015,6536.526,6536.181,6535.582,NA,NA,NA,NA,NA,NA,NA,NA,NA,NA,NA,NA,NA,NA,-859,-898,-877,-875,-897,-924,-851,-965,-908,-934,-932,NA,NA,NA,NA,NA,NA,NA,NA,NA,NA,NA,NA,NA,NA
231710,2026-05-30T17:39:05Z,2026-05-30T17:39:05Z,2026-05-30T17:38:18Z,NA,-37.340919780000036,-43.44529741133138,-43.424397600372146,-40.99577801603499,-40.98617203947961,-39.00838349828442,-38.97766426741421,-39.80226853298794,-39.79609306826711,-40.170472792086684,-40.187906735186516,-40.3585983786607,-40.374916739583114,-40.51530476419836,-40.50433501170062,-40.56700986704817,-40.5566199081548,-40.67312184846935,-40.642533508411674,-40.778376688300654,-40.727096752204545,-40.84280508932076,-40.79792629839625,NA,NA,NA,NA,NA,NA,NA,NA,NA,NA,NA,NA,NA,NA,NA,NA,NA,NA,NA,NA,NA,NA,NA,NA,NA,NA,NA,NA,6542.538,6539.768,6537.123,6538.432,6534.932,6539.437,6535.997,6536.007,6536.528,6536.183,6535.572,NA,NA,NA,NA,NA,NA,NA,NA,NA,NA,NA,NA,NA,NA,-857,-902,-877,-872,-902,-914,-852,-958,-910,-931,-934,NA,NA,NA,NA,NA,NA,NA,NA,NA,NA,NA,NA,NA,NA
231710,2026-05-31T17:39:09Z,2026-05-31T17:39:09Z,2026-05-31T17:38:18Z,NA,-37.244523980000025,-43.57802728612623,-43.557016858351716,-41.06479018967025,-41.05407848808815,-38.99558369533543,-38.96485017532737,-39.65348613284522,-39.64764497165086,-40.02345929055434,-40.04118502370483,-40.25618627965903,-40.272624329138665,-40.44285301492167,-40.431986344204944,-40.49772977098809,-40.48750300024025,-40.645821685278094,-40.61513616410528,-40.75394764840587,-40.70270970935357,-40.8360588984539,-40.791174734511486,NA,NA,NA,NA,NA,NA,NA,NA,NA,NA,NA,NA,NA,NA,NA,NA,NA,NA,NA,NA,NA,NA,NA,NA,NA,NA,NA,NA,6542.55,6539.774,6537.125,6538.414,6534.932,6539.431,6535.983,6536.007,6536.531,6536.182,6535.576,NA,NA,NA,NA,NA,NA,NA,NA,NA,NA,NA,NA,NA,NA,-851,-891,-882,-869,-895,-921,-842,-961,-902,-934,-934,NA,NA,NA,NA,NA,NA,NA,NA,NA,NA,NA,NA,NA,NA
231710,2026-06-01T17:38:55Z,2026-06-01T17:38:55Z,2026-06-01T17:38:18Z,NA,-37.282838260000034,-43.58470642393107,-43.56465612580362,-41.04928929041449,-41.039604935724924,-39.0178222946754,-38.98694567490841,-39.72820307734733,-39.72207828038654,-40.09755327559094,-40.115017227483094,-40.309265647111516,-40.32568151459037,-40.47937899211777,-40.4684549366751,-40.53326761129074,-40.52304748568014,-40.65999788302105,-40.62944920223205,-40.76656411685926,-40.71528506057214,-40.84001325693902,-40.79513224297901,NA,NA,NA,NA,NA,NA,NA,NA,NA,NA,NA,NA,NA,NA,NA,NA,NA,NA,NA,NA,NA,NA,NA,NA,NA,NA,NA,NA,6542.554,6539.775,6537.12,6538.422,6534.928,6539.43,6535.99,6536.007,6536.537,6536.174,6535.578,NA,NA,NA,NA,NA,NA,NA,NA,NA,NA,NA,NA,NA,NA,-846,-899,-878,-870,-895,-924,-845,-961,-900,-924,-927,NA,NA,NA,NA,NA,NA,NA,NA,NA,NA,NA,NA,NA,NA
231710,2026-06-02T17:38:53Z,2026-06-02T17:38:53Z,2026-06-02T17:38:18Z,NA,-37.21353090000002,-43.61723124326525,-43.596830548028095,-41.072160968749415,-41.063312430337305,-39.02811814262219,-38.99753263341242,-39.646091993037544,-39.64043516319717,-40.00960057289666,-40.027259862113794,-40.246858312763266,-40.26332874683666,-40.43456936121436,-40.42377753531002,-40.492369771476035,-40.482083210239864,-40.639901654037175,-40.609271497358264,-40.747933793003284,-40.69657907517964,-40.833973549189096,-40.78904095484802,NA,NA,NA,NA,NA,NA,NA,NA,NA,NA,NA,NA,NA,NA,NA,NA,NA,NA,NA,NA,NA,NA,NA,NA,NA,NA,NA,NA,6542.555,6539.775,6537.123,6538.411,6534.926,6539.437,6535.994,6536.016,6536.523,6536.178,6535.579,NA,NA,NA,NA,NA,NA,NA,NA,NA,NA,NA,NA,NA,NA,-857,-893,-886,-861,-899,-924,-849,-956,-905,-933,-936,NA,NA,NA,NA,NA,NA,NA,NA,NA,NA,NA,NA,NA,NA
231710,2026-06-03T17:39:00Z,2026-06-03T17:39:00Z,2026-06-03T17:38:18Z,NA,-37.226770070000015,-43.71836316406663,-43.69796557085027,-41.182262210669506,-41.172559339525975,-39.04812278817644,-39.017217299424146,-39.584579466931274,-39.57820396965758,-39.94541813023636,-39.96277864926162,-40.19953208908541,-40.21576313622995,-40.40684993051485,-40.39591127116202,-40.46774932494705,-40.45744635201095,-40.633652696916045,-40.60303080783601,-40.740140560176485,-40.68890165603861,-40.83234961043539,-40.78744495163426,NA,NA,NA,NA,NA,NA,NA,NA,NA,NA,NA,NA,NA,NA,NA,NA,NA,NA,NA,NA,NA,NA,NA,NA,NA,NA,NA,NA,6542.558,6539.787,6537.131,6538.403,6534.925,6539.417,6535.987,6535.999,6536.521,6536.179,6535.582,NA,NA,NA,NA,NA,NA,NA,NA,NA,NA,NA,NA,NA,NA,-857,-908,-878,-871,-897,-924,-851,-963,-904,-933,-933,NA,NA,NA,NA,NA,NA,NA,NA,NA,NA,NA,NA,NA,NA
231710,2026-06-04T17:38:50Z,2026-06-04T17:38:50Z,2026-06-04T17:38:18Z,NA,-37.27155141000003,-43.637481179453374,-43.61686158978097,-41.154403504716726,-41.144614668775745,-39.055534726817,-39.02471870063823,-39.66317213278441,-39.65702155877412,-40.03413102060264,-40.05170498384231,-40.26989779262084,-40.28630212593285,-40.45287054777498,-40.441988232305675,-40.50662667910345,-40.4963251728702,-40.64830087677967,-40.61768709981686,-40.75683734534189,-40.70554936384775,-40.83623997556927,-40.79129165160492,NA,NA,NA,NA,NA,NA,NA,NA,NA,NA,NA,NA,NA,NA,NA,NA,NA,NA,NA,NA,NA,NA,NA,NA,NA,NA,NA,NA,6542.553,6539.787,6537.131,6538.415,6534.927,6539.436,6535.982,6536.007,6536.53,6536.186,6535.571,NA,NA,NA,NA,NA,NA,NA,NA,NA,NA,NA,NA,NA,NA,-848,-902,-883,-867,-887,-924,-852,-966,-908,-933,-933,NA,NA,NA,NA,NA,NA,NA,NA,NA,NA,NA,NA,NA,NA
231710,2026-06-05T17:38:49Z,2026-06-05T17:38:49Z,2026-06-05T17:38:18Z,NA,-37.37862396000003,-43.585742985073836,-43.56568734279705,-41.2608712197885,-41.25105953083491,-39.13645975298809,-39.10564114448047,-39.85964036972263,-39.853305239333025,-40.21952032762522,-40.23669015064064,-40.39589360738296,-40.412124188295024,-40.54800120818811,-40.537020385765146,-40.59911828634489,-40.58869331700885,-40.68117631864894,-40.65048106702719,-40.78459775643657,-40.73328255337367,-40.844078306000455,-40.799089473029085,NA,NA,NA,NA,NA,NA,NA,NA,NA,NA,NA,NA,NA,NA,NA,NA,NA,NA,NA,NA,NA,NA,NA,NA,NA,NA,NA,NA,6542.553,6539.806,6537.128,6538.421,6534.936,6539.442,6535.99,6536.011,6536.525,6536.189,6535.58,NA,NA,NA,NA,NA,NA,NA,NA,NA,NA,NA,NA,NA,NA,-857,-901,-871,-865,-900,-926,-851,-957,-904,-932,-934,NA,NA,NA,NA,NA,NA,NA,NA,NA,NA,NA,NA,NA,NA
231710,2026-06-06T17:38:56Z,2026-06-06T17:38:56Z,2026-06-06T17:38:18Z,NA,-37.500826990000036,-43.420051892845805,-43.40020678285282,-41.26862315688331,-41.25960135900783,-39.16839258652027,-39.137624498081266,-39.878896757976804,-39.872778074650256,-40.22342492607797,-40.24081787896213,-40.39304377546813,-40.409404713281816,-40.54159501690435,-40.53063640489063,-40.58893387031907,-40.57851871027583,-40.68056714860643,-40.6499770521707,-40.7849017759448,-40.733639518165745,-40.84444624859876,-40.79956291913524,NA,NA,NA,NA,NA,NA,NA,NA,NA,NA,NA,NA,NA,NA,NA,NA,NA,NA,NA,NA,NA,NA,NA,NA,NA,NA,NA,NA,6542.532,6539.792,6537.128,6538.427,6534.93,6539.438,6535.997,6536.009,6536.527,6536.187,6535.575,NA,NA,NA,NA,NA,NA,NA,NA,NA,NA,NA,NA,NA,NA,-854,-899,-875,-879,-905,-920,-856,-963,-897,-930,-932,NA,NA,NA,NA,NA,NA,NA,NA,NA,NA,NA,NA,NA,NA
231710,2026-06-07T17:38:46Z,2026-06-07T17:38:46Z,2026-06-07T17:38:18Z,NA,-37.40046554000003,-43.36844630476713,-43.348099043824135,-41.37277883394427,-41.3636165526743,-39.15614198951846,-39.12531781998928,-39.84818302815944,-39.84182863525146,-40.20353270218115,-40.22073722263926,-40.38509407003332,-40.40126313054563,-40.53996252224414,-40.52893897478188,-40.59062358104987,-40.58015005981355,-40.68098302503128,-40.65031110904113,-40.7839020132954,-40.73255106102229,-40.8448433903032,-40.799849322870784,NA,NA,NA,NA,NA,NA,NA,NA,NA,NA,NA,NA,NA,NA,NA,NA,NA,NA,NA,NA,NA,NA,NA,NA,NA,NA,NA,NA,6542.534,6539.804,6537.134,6538.426,6534.924,6539.446,6536.001,6536.01,6536.528,6536.188,6535.578,NA,NA,NA,NA,NA,NA,NA,NA,NA,NA,NA,NA,NA,NA,-860,-902,-878,-867,-898,-927,-855,-961,-900,-940,-938,NA,NA,NA,NA,NA,NA,NA,NA,NA,NA,NA,NA,NA,NA
231710,2026-06-08T17:38:44Z,2026-06-08T17:38:44Z,2026-06-08T17:38:18Z,NA,-37.30034813000003,-43.31694682004175,-43.29666466388872,-41.46118105767562,-41.45209005461015,-39.12871016466781,-39.09782017021473,-39.72338440901464,-39.717074125368725,-40.09448020421152,-40.111809030826805,-40.31910751518771,-40.335402484119896,-40.490342002873746,-40.47942602314424,-40.54243473444046,-40.532116474037366,-40.664462722989356,-40.63391650392583,-40.77172218901802,-40.72039518233041,-40.84085432556185,-40.79595059994,NA,NA,NA,NA,NA,NA,NA,NA,NA,NA,NA,NA,NA,NA,NA,NA,NA,NA,NA,NA,NA,NA,NA,NA,NA,NA,NA,NA,6542.538,6539.807,6537.13,6538.422,6534.921,6539.436,6535.989,6536.004,6536.53,6536.176,6535.575,NA,NA,NA,NA,NA,NA,NA,NA,NA,NA,NA,NA,NA,NA,-856,-896,-878,-875,-899,-914,-844,-964,-901,-939,-930,NA,NA,NA,NA,NA,NA,NA,NA,NA,NA,NA,NA,NA,NA
231710,2026-06-09T17:38:51Z,2026-06-09T17:38:51Z,2026-06-09T17:38:18Z,NA,-37.32218971000003,-43.27012723584534,-43.249770739636176,-41.49171519554926,-41.48272121459627,-39.14597604564494,-39.11522388409139,-39.75700418969757,-39.75099015056952,-40.1272148778948,-40.14473999177457,-40.34195680915366,-40.358433402500964,-40.50611546931722,-40.495273169863,-40.55815211033203,-40.54785442024371,-40.66908538758818,-40.63848309713464,-40.77661080843808,-40.72532925464702,-40.84177130972728,-40.79687415992535,NA,NA,NA,NA,NA,NA,NA,NA,NA,NA,NA,NA,NA,NA,NA,NA,NA,NA,NA,NA,NA,NA,NA,NA,NA,NA,NA,NA,6542.522,6539.81,6537.126,6538.417,6534.931,6539.432,6535.991,6536.012,6536.53,6536.176,6535.578,NA,NA,NA,NA,NA,NA,NA,NA,NA,NA,NA,NA,NA,NA,-862,-903,-868,-871,-900,-929,-852,-965,-907,-932,-929,NA,NA,NA,NA,NA,NA,NA,NA,NA,NA,NA,NA,NA,NA
231710,2026-06-10T17:39:00Z,2026-06-10T17:39:00Z,2026-06-10T17:38:18Z,NA,-37.329449900000014,-43.215735408079155,-43.19535303279591,-41.45649413177148,-41.447292596738805,-39.1547967081826,-39.12396564470325,-39.71943610022336,-39.71314918694145,-40.0862903908519,-40.10357455371329,-40.31200197376981,-40.32825783120896,-40.48514586924756,-40.47425236693192,-40.53555806757936,-40.525267882019676,-40.661890503398666,-40.63120216281996,-40.76935959351292,-40.718071393441676,-40.840042460920444,-40.795126397529344,NA,NA,NA,NA,NA,NA,NA,NA,NA,NA,NA,NA,NA,NA,NA,NA,NA,NA,NA,NA,NA,NA,NA,NA,NA,NA,NA,NA,6542.518,6539.81,6537.128,6538.415,6534.929,6539.432,6535.991,6536.011,6536.536,6536.18,6535.577,NA,NA,NA,NA,NA,NA,NA,NA,NA,NA,NA,NA,NA,NA,-860,-901,-869,-867,-897,-928,-849,-959,-917,-935,-930,NA,NA,NA,NA,NA,NA,NA,NA,NA,NA,NA,NA,NA,NA
231710,2026-06-11T17:38:49Z,2026-06-11T17:38:49Z,2026-06-11T17:38:18Z,NA,-37.33024303000002,-43.21804356242677,-43.1971437493543,-41.48468533217138,-41.475337872955464,-39.175665479624286,-39.14487787530476,-39.74182765821607,-39.73556140031394,-40.10809154001288,-40.12542772281648,-40.32747374792555,-40.34373671277308,-40.49713032349081,-40.486109895229816,-40.54652743940835,-40.536157094203645,-40.66561110145267,-40.6349775816434,-40.7724941046032,-40.721208778247245,-40.84064990031203,-40.795786929500224,NA,NA,NA,NA,NA,NA,NA,NA,NA,NA,NA,NA,NA,NA,NA,NA,NA,NA,NA,NA,NA,NA,NA,NA,NA,NA,NA,NA,6542.517,6539.815,6537.135,6538.419,6534.927,6539.433,6535.991,6536.012,6536.527,6536.189,6535.572,NA,NA,NA,NA,NA,NA,NA,NA,NA,NA,NA,NA,NA,NA,-863,-906,-875,-866,-895,-922,-852,-965,-919,-942,-933,NA,NA,NA,NA,NA,NA,NA,NA,NA,NA,NA,NA,NA,NA
231710,2026-06-12T17:38:40Z,2026-06-12T17:38:40Z,2026-06-12T17:38:18Z,NA,-37.32249476000001,-43.264011856794184,-43.24338359564075,-41.50436342979191,-41.49476487430249,-39.19348729969752,-39.16275926470584,-39.7265929295711,-39.720801939624636,-40.089962048553275,-40.107795550160574,-40.31760982786051,-40.33419998524718,-40.490430168292676,-40.479631783408024,-40.54316287070853,-40.53296808300635,-40.662816281810365,-40.63221639224656,-40.771575991688536,-40.72030738350111,-40.840159276695175,-40.79529591532369,NA,NA,NA,NA,NA,NA,NA,NA,NA,NA,NA,NA,NA,NA,NA,NA,NA,NA,NA,NA,NA,NA,NA,NA,NA,NA,NA,NA,6542.525,6539.821,6537.132,6538.418,6534.923,6539.439,6535.989,6536.02,6536.534,6536.186,6535.577,NA,NA,NA,NA,NA,NA,NA,NA,NA,NA,NA,NA,NA,NA,-853,-901,-881,-867,-898,-920,-849,-966,-901,-931,-934,NA,NA,NA,NA,NA,NA,NA,NA,NA,NA,NA,NA,NA,NA
231710,2026-06-13T17:38:37Z,2026-06-13T17:38:37Z,2026-06-13T17:38:18Z,NA,-37.320969510000026,-43.340494837540206,-43.32038756297348,-41.51606791623274,-41.506015013588126,-39.215189019428124,-39.18440839407421,-39.730576461490244,-39.72421935950413,-40.09016931190112,-40.10741668072052,-40.315663951196285,-40.33190691039354,-40.491923081094484,-40.480925115855825,-40.54255804852056,-40.53215171329174,-40.66433968103081,-40.63364097213088,-40.77080991145479,-40.7194762144091,-40.84031113684131,-40.79543036010767,NA,NA,NA,NA,NA,NA,NA,NA,NA,NA,NA,NA,NA,NA,NA,NA,NA,NA,NA,NA,NA,NA,NA,NA,NA,NA,NA,NA,6542.532,6539.818,6537.13,6538.42,6534.919,6539.431,6535.992,6536.008,6536.54,6536.176,6535.581,NA,NA,NA,NA,NA,NA,NA,NA,NA,NA,NA,NA,NA,NA,-858,-897,-876,-868,-903,-920,-844,-958,-903,-931,-930,NA,NA,NA,NA,NA,NA,NA,NA,NA,NA,NA,NA,NA,NA
231710,2026-06-14T17:38:43Z,2026-06-14T17:38:43Z,2026-06-14T17:38:18Z,NA,-37.28045887000002,-43.52067685365006,-43.50001583357647,-41.60109031871298,-41.592054806035634,-39.238212035700116,-39.207476104287196,-39.68786841350729,-39.68157161805249,-40.04849884255381,-40.06586655001328,-40.29049681501078,-40.30678278164339,-40.476380680426644,-40.46544426291092,-40.53038384941593,-40.51995170343923,-40.659025179943995,-40.62834697783558,-40.76668108520235,-40.71534359840766,-40.83911960781006,-40.79423203657015,NA,NA,NA,NA,NA,NA,NA,NA,NA,NA,NA,NA,NA,NA,NA,NA,NA,NA,NA,NA,NA,NA,NA,NA,NA,NA,NA,NA,6542.54,6539.822,6537.134,6538.414,6534.926,6539.429,6535.989,6536.002,6536.536,6536.181,6535.583,NA,NA,NA,NA,NA,NA,NA,NA,NA,NA,NA,NA,NA,NA,-861,-894,-880,-872,-894,-923,-847,-965,-903,-938,-939,NA,NA,NA,NA,NA,NA,NA,NA,NA,NA,NA,NA,NA,NA
231710,2026-06-15T17:38:33Z,2026-06-15T17:38:33Z,2026-06-15T17:38:18Z,NA,-37.345312500000034,-43.67434474986459,-43.65339307570656,-41.581651072138214,-41.57168397428765,-39.24648007840335,-39.21571321227111,-39.78238766236771,-39.77619788036614,-40.146763111032925,-40.16416938441566,-40.35782652156689,-40.37416867721896,-40.52191375652512,-40.5110217108398,-40.57463965983385,-40.56430984063809,-40.675254199989126,-40.64464945209491,-40.78062781224324,-40.729338233249166,-40.843803807581565,-40.79889658643643,NA,NA,NA,NA,NA,NA,NA,NA,NA,NA,NA,NA,NA,NA,NA,NA,NA,NA,NA,NA,NA,NA,NA,NA,NA,NA,NA,NA,6542.548,6539.833,6537.129,6538.414,6534.93,6539.44,6535.991,6536.014,6536.535,6536.183,6535.575,NA,NA,NA,NA,NA,NA,NA,NA,NA,NA,NA,NA,NA,NA,-870,-907,-877,-873,-898,-914,-856,-958,-901,-931,-930,NA,NA,NA,NA,NA,NA,NA,NA,NA,NA,NA,NA,NA,NA
231710,2026-06-16T17:38:33Z,2026-06-16T17:38:33Z,2026-06-16T17:38:18Z,NA,-37.26966010000001,-43.87701875079338,-43.855755593171295,-41.65854169249286,-41.6491804688597,-39.2832267254241,-39.25245291294098,-39.64631896981504,-39.64000505094043,-39.99298542058716,-40.01038937919057,-40.24929082592692,-40.26557163856168,-40.44921197998221,-40.438205381871825,-40.505809916357464,-40.49542009887506,-40.64906864172889,-40.618531521556264,-40.757580219054745,-40.70622851750588,-40.836619651507135,-40.79173008853999,NA,NA,NA,NA,NA,NA,NA,NA,NA,NA,NA,NA,NA,NA,NA,NA,NA,NA,NA,NA,NA,NA,NA,NA,NA,NA,NA,NA,6542.564,6539.831,6537.136,6538.415,6534.919,6539.428,6536,6536.006,6536.532,6536.188,6535.574,NA,NA,NA,NA,NA,NA,NA,NA,NA,NA,NA,NA,NA,NA,-856,-904,-870,-870,-900,-932,-849,-960,-905,-940,-929,NA,NA,NA,NA,NA,NA,NA,NA,NA,NA,NA,NA,NA,NA
231710,2026-06-17T17:38:38Z,2026-06-17T17:38:38Z,2026-06-17T17:38:18Z,NA,-37.259837490000024,-43.97993630650052,-43.95883291004952,-41.638521345676196,-41.628194641375416,-39.31443218428569,-39.28363586925033,-39.634580542799824,-39.628856695782474,-39.96848307925896,-39.98648858796619,-40.228534141739516,-40.24535269682917,-40.434292825405976,-40.42363041270664,-40.501108886252695,-40.49110609843919,-40.64289691723005,-40.612338795746865,-40.751666203417074,-40.70048472431958,-40.83528201262905,-40.790449843105876,NA,NA,NA,NA,NA,NA,NA,NA,NA,NA,NA,NA,NA,NA,NA,NA,NA,NA,NA,NA,NA,NA,NA,NA,NA,NA,NA,NA,6542.566,6539.828,6537.143,6538.408,6534.922,6539.424,6535.987,6536.003,6536.522,6536.184,6535.576,NA,NA,NA,NA,NA,NA,NA,NA,NA,NA,NA,NA,NA,NA,-857,-903,-881,-864,-892,-925,-850,-970,-906,-940,-930,NA,NA,NA,NA,NA,NA,NA,NA,NA,NA,NA,NA,NA,NA
231710,2026-06-18T17:38:40Z,2026-06-18T17:38:40Z,2026-06-18T17:38:18Z,NA,-37.382162540000024,-43.94963478737762,-43.929477986176124,-41.553268253438716,-41.544312235378385,-39.298916146891344,-39.26832072765626,-39.79989252627183,-39.7941753663398,-40.150483791818345,-40.16824362396116,-40.359164007373636,-40.375770813856946,-40.52045690946014,-40.509605703096526,-40.57337788252386,-40.56313000485386,-40.6722372500609,-40.64155463731541,-40.77933561966151,-40.72806826677973,-40.842390411641986,-40.797470374141255,NA,NA,NA,NA,NA,NA,NA,NA,NA,NA,NA,NA,NA,NA,NA,NA,NA,NA,NA,NA,NA,NA,NA,NA,NA,NA,NA,NA,6542.572,6539.816,6537.135,6538.422,6534.928,6539.434,6536.003,6536.003,6536.53,6536.183,6535.581,NA,NA,NA,NA,NA,NA,NA,NA,NA,NA,NA,NA,NA,NA,-856,-900,-880,-864,-898,-928,-851,-965,-903,-930,-936,NA,NA,NA,NA,NA,NA,NA,NA,NA,NA,NA,NA,NA,NA
231710,2026-06-19T17:38:34Z,2026-06-19T17:38:34Z,2026-06-19T17:38:18Z,NA,-37.43755962000003,-44.05314995864751,-44.03258843042062,-41.65192849531698,-41.642733360065876,-39.35355533400411,-39.32282563869538,-39.90345932348228,-39.897260340256906,-40.24347504561106,-40.26077291590124,-40.42051720481311,-40.43680513090476,-40.572069124786935,-40.56101680282947,-40.62356846379521,-40.61311292443884,-40.69060003217962,-40.659956865765736,-40.79372931763058,-40.74249268624189,-40.84767002420105,-40.80273665871192,NA,NA,NA,NA,NA,NA,NA,NA,NA,NA,NA,NA,NA,NA,NA,NA,NA,NA,NA,NA,NA,NA,NA,NA,NA,NA,NA,NA,6542.574,6539.836,6537.137,6538.421,6534.938,6539.438,6535.995,6536.008,6536.536,6536.183,6535.576,NA,NA,NA,NA,NA,NA,NA,NA,NA,NA,NA,NA,NA,NA,-853,-904,-875,-865,-899,-926,-852,-963,-907,-937,-930,NA,NA,NA,NA,NA,NA,NA,NA,NA,NA,NA,NA,NA,NA
231710,2026-06-20T17:38:34Z,2026-06-20T17:38:34Z,2026-06-20T17:38:18Z,NA,-37.38984980000001,-44.16257353378623,-44.14272798662955,-41.7712032240712,-41.76174970407027,-39.345455568128244,-39.314702769311054,-39.74870117222508,-39.74250133936084,-40.08788937010391,-40.10538613083165,-40.31665458813225,-40.3329856698746,-40.49623701697166,-40.48528694728478,-40.54685625180937,-40.536544696178254,-40.66527713669595,-40.634690330567594,-40.772540887024746,-40.721238044066524,-40.840813440571054,-40.79595059994,NA,NA,NA,NA,NA,NA,NA,NA,NA,NA,NA,NA,NA,NA,NA,NA,NA,NA,NA,NA,NA,NA,NA,NA,NA,NA,NA,NA,6542.584,6539.843,6537.143,6538.418,6534.934,6539.433,6535.989,6536.006,6536.53,6536.171,6535.581,NA,NA,NA,NA,NA,NA,NA,NA,NA,NA,NA,NA,NA,NA,-856,-904,-884,-868,-901,-920,-856,-960,-918,-937,-933,NA,NA,NA,NA,NA,NA,NA,NA,NA,NA,NA,NA,NA,NA
231710,2026-06-21T17:38:33Z,2026-06-21T17:38:33Z,2026-06-21T17:38:18Z,NA,-37.28491260000001,-44.147692576081084,-44.127955002110696,-41.87857667885993,-41.86854222231901,-39.39961696937843,-39.36880187289319,-39.60996577802919,-39.603730996714575,-39.918261365139784,-39.93579728305673,-40.18686050567169,-40.20330224668453,-40.40896322718015,-40.39811331042489,-40.47775639685568,-40.46750823884432,-40.63649588399679,-40.60584037850899,-40.74462238673286,-40.693270477448834,-40.83364642859206,-40.78877203440405,NA,NA,NA,NA,NA,NA,NA,NA,NA,NA,NA,NA,NA,NA,NA,NA,NA,NA,NA,NA,NA,NA,NA,NA,NA,NA,NA,NA,6542.578,6539.849,6537.134,6538.41,6534.919,6539.424,6535.985,6536.01,6536.524,6536.178,6535.574,NA,NA,NA,NA,NA,NA,NA,NA,NA,NA,NA,NA,NA,NA,-855,-903,-884,-862,-890,-928,-847,-953,-911,-936,-933,NA,NA,NA,NA,NA,NA,NA,NA,NA,NA,NA,NA,NA,NA
231710,2026-06-22T17:38:30Z,2026-06-22T17:38:30Z,2026-06-22T17:38:18Z,NA,-37.39259525000003,-44.089964617170125,-44.07031425223735,-41.87109117092288,-41.8614000264227,-39.37027341292881,-39.33951208783523,-39.77271244683726,-39.76656916334184,-40.11924914369865,-40.13692481769036,-40.34109041091867,-40.357632082540164,-40.5135892330228,-40.50283068546739,-40.5658887852247,-40.555733442167735,-40.67093668907637,-40.64026508012364,-40.77727155806795,-40.72601402027101,-40.842250238217474,-40.79733593423251,NA,NA,NA,NA,NA,NA,NA,NA,NA,NA,NA,NA,NA,NA,NA,NA,NA,NA,NA,NA,NA,NA,NA,NA,NA,NA,NA,NA,6542.57,6539.843,6537.142,6538.418,6534.935,6539.427,6535.994,6536.014,6536.533,6536.181,6535.581,NA,NA,NA,NA,NA,NA,NA,NA,NA,NA,NA,NA,NA,NA,-860,-899,-880,-869,-902,-927,-852,-959,-913,-930,-930,NA,NA,NA,NA,NA,NA,NA,NA,NA,NA,NA,NA,NA,NA
231710,2026-06-23T17:38:30Z,2026-06-23T17:38:30Z,2026-06-23T17:38:18Z,NA,-37.46202463000003,-44.08547572482618,-44.06530069157097,-41.892035739318686,-41.88245111499492,-39.41449524579605,-39.384019680844546,-39.912943576250086,-39.90734593830396,-40.24961554623087,-40.26739539424301,-40.42700236251321,-40.443706018300816,-40.57644717877767,-40.56576552352462,-40.62921468824217,-40.61907100646812,-40.6915311888267,-40.66084165983156,-40.79568755792951,-40.74443516356561,-40.848143062766354,-40.80332696622517,NA,NA,NA,NA,NA,NA,NA,NA,NA,NA,NA,NA,NA,NA,NA,NA,NA,NA,NA,NA,NA,NA,NA,NA,NA,NA,NA,NA,6542.58,6539.853,6537.136,6538.43,6534.935,6539.436,6535.991,6536.011,6536.526,6536.183,6535.573,NA,NA,NA,NA,NA,NA,NA,NA,NA,NA,NA,NA,NA,NA,-863,-899,-874,-864,-894,-928,-855,-955,-910,-933,-937,NA,NA,NA,NA,NA,NA,NA,NA,NA,NA,NA,NA,NA,NA
231710,2026-06-24T17:38:24Z,2026-06-24T17:38:24Z,2026-06-24T17:38:18Z,NA,-37.43365498000003,-44.192878625475544,-44.1724668107409,-41.95165178236587,-41.94184102553629,-39.40776786623479,-39.3770539424134,-39.78497892687315,-39.778938396096976,-40.118976890789924,-40.136528407852865,-40.3389626662418,-40.355446068220374,-40.51308983883675,-40.50215490043584,-40.56389308561711,-40.553572988310066,-40.671604548520094,-40.64101537159692,-40.77793814716054,-40.72668707231935,-40.84298614481793,-40.798089962612266,NA,NA,NA,NA,NA,NA,NA,NA,NA,NA,NA,NA,NA,NA,NA,NA,NA,NA,NA,NA,NA,NA,NA,NA,NA,NA,NA,NA,6542.582,6539.854,6537.14,6538.421,6534.925,6539.442,6535.998,6536.017,6536.522,6536.179,6535.575,NA,NA,NA,NA,NA,NA,NA,NA,NA,NA,NA,NA,NA,NA,-861,-900,-875,-872,-895,-925,-853,-965,-907,-935,-929,NA,NA,NA,NA,NA,NA,NA,NA,NA,NA,NA,NA,NA,NA
231710,2026-06-25T17:38:26Z,2026-06-25T17:38:26Z,2026-06-25T17:38:18Z,NA,-37.313709320000015,-44.32769398118273,-44.30766289068734,-42.05461142890127,-42.044885083418706,-39.507720427972856,-39.47697843503201,-39.60557222057051,-39.59927112975279,-39.85325764854636,-39.870738352052655,-40.10870127386224,-40.124972047755705,-40.354526855113505,-40.34354811650297,-40.43885254448688,-40.42859116672341,-40.61984504083901,-40.58919789103612,-40.72388946364407,-40.672594606080395,-40.828873757203155,-40.7840481785357,NA,NA,NA,NA,NA,NA,NA,NA,NA,NA,NA,NA,NA,NA,NA,NA,NA,NA,NA,NA,NA,NA,NA,NA,NA,NA,NA,NA,6542.596,6539.862,6537.141,6538.402,6534.926,6539.426,6535.986,6535.996,6536.521,6536.186,6535.576,NA,NA,NA,NA,NA,NA,NA,NA,NA,NA,NA,NA,NA,NA,-856,-902,-880,-876,-904,-926,-856,-963,-912,-937,-941,NA,NA,NA,NA,NA,NA,NA,NA,NA,NA,NA,NA,NA,NA
231710,2026-06-26T17:38:24Z,2026-06-26T17:38:24Z,2026-06-26T17:38:18Z,NA,-37.34775290000002,-44.45963057861459,-44.43978361388079,-42.09309602791919,-42.084279491260475,-39.46214287290192,-39.431420674246425,-39.74235825738529,-39.73596685233062,-40.06885835782464,-40.08613049024956,-40.301692842862025,-40.31788696213093,-40.4909767907109,-40.47997863466617,-40.54808340926547,-40.53770161304732,-40.66369517107816,-40.633043004793336,-40.76886834829065,-40.717562137109184,-40.83993732651672,-40.79502117933109,NA,NA,NA,NA,NA,NA,NA,NA,NA,NA,NA,NA,NA,NA,NA,NA,NA,NA,NA,NA,NA,NA,NA,NA,NA,NA,NA,NA,6542.603,6539.865,6537.146,6538.423,6534.925,6539.44,6535.993,6536,6536.531,6536.181,6535.584,NA,NA,NA,NA,NA,NA,NA,NA,NA,NA,NA,NA,NA,NA,-849,-904,-878,-873,-900,-926,-850,-965,-901,-938,-935,NA,NA,NA,NA,NA,NA,NA,NA,NA,NA,NA,NA,NA,NA
231710,2026-06-27T17:38:22Z,2026-06-27T17:38:22Z,2026-06-27T17:38:18Z,NA,-37.50351143000003,-44.48897725025955,-44.46833239729634,-42.01959201812866,-42.01059360835313,-39.503874971816344,-39.47317855503499,-39.83918073957321,-39.83295020827171,-40.13957536217811,-40.157025402920226,-40.33851470926837,-40.35496289405572,-40.516097885425864,-40.50526344238136,-40.57546713529024,-40.56511399280447,-40.672084933681816,-40.641478437043276,-40.776376912900275,-40.72514196686046,-40.84302702823703,-40.79807827232693,NA,NA,NA,NA,NA,NA,NA,NA,NA,NA,NA,NA,NA,NA,NA,NA,NA,NA,NA,NA,NA,NA,NA,NA,NA,NA,NA,NA,6542.596,6539.858,6537.146,6538.419,6534.921,6539.43,6535.993,6536.009,6536.533,6536.175,6535.571,NA,NA,NA,NA,NA,NA,NA,NA,NA,NA,NA,NA,NA,NA,-854,-896,-875,-880,-899,-924,-853,-966,-909,-932,-934,NA,NA,NA,NA,NA,NA,NA,NA,NA,NA,NA,NA,NA,NA
231710,2026-06-28T17:38:26Z,2026-06-28T17:38:26Z,2026-06-28T17:38:18Z,NA,-37.311818010000025,-44.84955084512589,-44.82836954742544,-42.27764439410572,-42.26891534814146,-39.571624277301765,-39.540933560854455,-39.61072489807768,-39.60440651848745,-39.846255374010894,-39.863684927615026,-40.1049598830036,-40.12136201518797,-40.35560516120418,-40.34467968420836,-40.439982118935234,-40.42965034367876,-40.62066011076993,-40.590001679653426,-40.72586770353519,-40.674533661787905,-40.82851739712842,-40.78359798837758,NA,NA,NA,NA,NA,NA,NA,NA,NA,NA,NA,NA,NA,NA,NA,NA,NA,NA,NA,NA,NA,NA,NA,NA,NA,NA,NA,NA,6542.625,6539.884,6537.141,6538.404,6534.925,6539.412,6535.989,6536.004,6536.523,6536.182,6535.58,NA,NA,NA,NA,NA,NA,NA,NA,NA,NA,NA,NA,NA,NA,-849,-899,-878,-870,-899,-921,-856,-965,-905,-932,-929,NA,NA,NA,NA,NA,NA,NA,NA,NA,NA,NA,NA,NA,NA
231710,2026-06-29T17:38:19Z,2026-06-29T17:38:19Z,2026-06-29T17:38:18Z,NA,-37.35647733000002,-44.971364925506634,-44.94981720862137,-42.3138947728919,-42.30500510187284,-39.5616873060882,-39.5310623389357,-39.70632455961638,-39.70125321960299,-39.985533277532,-40.004327719128526,-40.23461730805619,-40.252018415035565,-40.43985857287433,-40.42961503811344,-40.521437935739584,-40.511885398803884,-40.64519454360985,-40.61464942046214,-40.75337437097099,-40.702247153990385,-40.835293695201784,-40.790373845885,NA,NA,NA,NA,NA,NA,NA,NA,NA,NA,NA,NA,NA,NA,NA,NA,NA,NA,NA,NA,NA,NA,NA,NA,NA,NA,NA,NA,6542.635,6539.892,6537.144,6538.419,6534.925,6539.428,6535.992,6536.009,6536.529,6536.182,6535.576,NA,NA,NA,NA,NA,NA,NA,NA,NA,NA,NA,NA,NA,NA,-848,-902,-882,-866,-901,-928,-848,-965,-908,-932,-927,NA,NA,NA,NA,NA,NA,NA,NA,NA,NA,NA,NA,NA,NA
231710,2026-06-30T17:38:17Z,2026-06-30T17:38:17Z,2026-06-30T17:38:18Z,NA,-37.43353296000001,-44.90926431437694,-44.88705190641534,-42.16727703388304,-42.15839621615248,-39.508439171946236,-39.47777553392024,-39.82059402363126,-39.81424812057969,-40.1373389740414,-40.15459457325048,-40.34590552237191,-40.36210989427602,-40.51796020637295,-40.50699686251565,-40.56598856830328,-40.55558667489535,-40.66845265014615,-40.63780311482557,-40.77358763350787,-40.72223892585194,-40.840241047593764,-40.795325142477964,NA,NA,NA,NA,NA,NA,NA,NA,NA,NA,NA,NA,NA,NA,NA,NA,NA,NA,NA,NA,NA,NA,NA,NA,NA,NA,NA,NA,6542.63,6539.872,6537.142,6538.423,6534.936,6539.43,6535.994,6536.006,6536.537,6536.188,6535.575,NA,NA,NA,NA,NA,NA,NA,NA,NA,NA,NA,NA,NA,NA,-859,-901,-877,-874,-901,-929,-853,-962,-908,-926,-931,NA,NA,NA,NA,NA,NA,NA,NA,NA,NA,NA,NA,NA,NA
231710,2026-07-01T17:38:15Z,2026-07-01T17:38:15Z,2026-07-01T17:38:18Z,NA,-37.52584109000003,-44.952714411629586,-44.93326019189752,-42.19350671973564,-42.18417812694946,-39.535995200331826,-39.50530058048264,-39.90269266309667,-39.89629744003852,-40.21956167888371,-40.236766921038964,-40.40247590958174,-40.418751601035524,-40.56054132117498,-40.54953952222937,-40.604444409289414,-40.59396178088252,-40.68483119878667,-40.654155548504946,-40.78804126583003,-40.73669410728317,-40.845369014740044,-40.80045719535727,NA,NA,NA,NA,NA,NA,NA,NA,NA,NA,NA,NA,NA,NA,NA,NA,NA,NA,NA,NA,NA,NA,NA,NA,NA,NA,NA,NA,6542.63,6539.876,6537.146,6538.428,6534.928,6539.44,6535.986,6536.01,6536.533,6536.18,6535.574,NA,NA,NA,NA,NA,NA,NA,NA,NA,NA,NA,NA,NA,NA,-862,-900,-876,-873,-901,-918,-854,-967,-908,-945,-933,NA,NA,NA,NA,NA,NA,NA,NA,NA,NA,NA,NA,NA,NA
231710,2026-07-02T17:38:59Z,2026-07-02T17:38:59Z,2026-07-02T17:38:18Z,NA,-37.403577050000024,-44.97248495237352,-44.95239986211712,-42.25859305496118,-42.249193749490786,-39.563877078777665,-39.53318161328471,-39.740033118928665,-39.73385011871224,-40.03666227236164,-40.054093164826185,-40.27890309643152,-40.29523978058302,-40.47488734208946,-40.46396238577864,-40.53603376572789,-40.5257143000421,-40.658322010474194,-40.62770791214331,-40.76637111855993,-40.71511530050179,-40.839475900987026,-40.79462368658352,NA,NA,NA,NA,NA,NA,NA,NA,NA,NA,NA,NA,NA,NA,NA,NA,NA,NA,NA,NA,NA,NA,NA,NA,NA,NA,NA,NA,6542.63,6539.878,6537.141,6538.417,6534.923,6539.432,6535.998,6536.006,6536.531,6536.182,6535.577,NA,NA,NA,NA,NA,NA,NA,NA,NA,NA,NA,NA,NA,NA,-859,-907,-883,-871,-899,-930,-861,-963,-910,-936,-931,NA,NA,NA,NA,NA,NA,NA,NA,NA,NA,NA,NA,NA,NA
231710,2026-07-03T17:38:04Z,2026-07-03T17:38:04Z,2026-07-03T17:38:18Z,NA,-37.367154080000034,-44.99931782713037,-44.97955242761799,-42.459622535120644,-42.450126138070544,-39.61723970974458,-39.58645727335386,-39.66700541308944,-39.66068213617089,-39.94136808999525,-39.9588071412833,-40.20484450672757,-40.22115072431566,-40.428926574996694,-40.4180041447741,-40.49774740169721,-40.48747948821452,-40.644262609702,-40.613558629976126,-40.75286543608672,-40.70157380704205,-40.835468933502995,-40.79059014539766,NA,NA,NA,NA,NA,NA,NA,NA,NA,NA,NA,NA,NA,NA,NA,NA,NA,NA,NA,NA,NA,NA,NA,NA,NA,NA,NA,NA,6542.628,6539.902,6537.14,6538.41,6534.93,6539.421,6535.994,6536.003,6536.524,6536.185,6535.577,NA,NA,NA,NA,NA,NA,NA,NA,NA,NA,NA,NA,NA,NA,-858,-889,-878,-869,-897,-923,-851,-960,-911,-935,-921,NA,NA,NA,NA,NA,NA,NA,NA,NA,NA,NA,NA,NA,NA
231710,2026-07-04T17:38:04Z,2026-07-04T17:38:04Z,2026-07-04T17:38:18Z,NA,-37.400221500000015,-44.860559598535815,-44.84165119721885,-42.52369009250472,-42.51485067640536,-39.60371904049532,-39.57310777418061,-39.71963292650565,-39.71329235111901,-40.02226154922437,-40.03959054657304,-40.27368067711316,-40.28995996034942,-40.47545763754417,-40.464497512729764,-40.534882686573326,-40.524510137834255,-40.65886696759026,-40.62821799269423,-40.76675126609109,-40.71548994272786,-40.83897358536717,-40.79406251556941,NA,NA,NA,NA,NA,NA,NA,NA,NA,NA,NA,NA,NA,NA,NA,NA,NA,NA,NA,NA,NA,NA,NA,NA,NA,NA,NA,NA,6542.614,6539.909,6537.15,6538.409,6534.932,6539.422,6536.005,6536.008,6536.531,6536.184,6535.57,NA,NA,NA,NA,NA,NA,NA,NA,NA,NA,NA,NA,NA,NA,-857,-901,-877,-876,-901,-923,-853,-970,-903,-940,-932,NA,NA,NA,NA,NA,NA,NA,NA,NA,NA,NA,NA,NA,NA
231710,2026-07-05T17:38:07Z,2026-07-05T17:38:07Z,2026-07-05T17:38:18Z,NA,-37.45793696000001,-44.60142684215032,-44.58225783673137,-42.45530408629094,-42.44576156117651,-39.59299914625197,-39.562423223975,-39.7985704898139,-39.792317151794435,-40.10597221595722,-40.12335052273286,-40.33106982527622,-40.34740242149553,-40.51326022089506,-40.502319440169856,-40.566757478893294,-40.556349860429066,-40.670965981325594,-40.64044679227257,-40.776868092404214,-40.725633595960716,-40.841993252702935,-40.79710212493046,NA,NA,NA,NA,NA,NA,NA,NA,NA,NA,NA,NA,NA,NA,NA,NA,NA,NA,NA,NA,NA,NA,NA,NA,NA,NA,NA,NA,6542.598,6539.901,6537.135,6538.416,6534.925,6539.435,6535.999,6536.007,6536.529,6536.179,6535.574,NA,NA,NA,NA,NA,NA,NA,NA,NA,NA,NA,NA,NA,NA,-849,-898,-877,-872,-904,-927,-854,-971,-903,-942,-930,NA,NA,NA,NA,NA,NA,NA,NA,NA,NA,NA,NA,NA,NA
231710,2026-07-06T17:38:08Z,2026-07-06T17:38:08Z,2026-07-06T17:38:18Z,NA,-37.40986108000001,-44.4422134031968,-44.422845434627135,-42.558371686021644,-42.549508317094165,-39.652070698732246,-39.62138723335016,-39.708382782471915,-39.70211239992142,-39.98829828947672,-40.005686019285776,-40.24330971466247,-40.25969860401966,-40.45605247812654,-40.44514138686017,-40.51847130545349,-40.50808389455432,-40.65266117153956,-40.621985306728334,-40.76119500728851,-40.709846627728325,-40.83744324746198,-40.792519266408505,NA,NA,NA,NA,NA,NA,NA,NA,NA,NA,NA,NA,NA,NA,NA,NA,NA,NA,NA,NA,NA,NA,NA,NA,NA,NA,NA,NA,6542.587,6539.915,6537.145,6538.422,6534.922,6539.425,6535.988,6536.004,6536.533,6536.178,6535.576,NA,NA,NA,NA,NA,NA,NA,NA,NA,NA,NA,NA,NA,NA,-854,-901,-872,-871,-904,-932,-854,-959,-907,-938,-934,NA,NA,NA,NA,NA,NA,NA,NA,NA,NA,NA,NA,NA,NA
231710,2026-07-07T17:37:58Z,2026-07-07T17:37:58Z,2026-07-07T17:38:18Z,NA,-37.40052655000002,-44.27085543595476,-44.25129534705968,-42.56758042875677,-42.55854780552369,-39.70053722489024,-39.66973988101617,-39.67886166611194,-39.67261151029655,-39.91186212656487,-39.92929923112945,-40.16239530688625,-40.17864363504597,-40.39787780248585,-40.386978550410134,-40.472288600631856,-40.46201000987304,-40.63397512753505,-40.60338274519336,-40.741047486169776,-40.68974499411772,-40.831964064158626,-40.787082483051165,NA,NA,NA,NA,NA,NA,NA,NA,NA,NA,NA,NA,NA,NA,NA,NA,NA,NA,NA,NA,NA,NA,NA,NA,NA,NA,NA,NA,6542.576,6539.918,6537.148,6538.411,6534.917,6539.422,6535.987,6536.013,6536.525,6536.194,6535.579,NA,NA,NA,NA,NA,NA,NA,NA,NA,NA,NA,NA,NA,NA,-861,-899,-875,-871,-893,-925,-850,-966,-910,-941,-925,NA,NA,NA,NA,NA,NA,NA,NA,NA,NA,NA,NA,NA,NA
231710,2026-07-09T17:37:59Z,2026-07-09T17:37:59Z,2026-07-09T17:38:18Z,NA,-37.486123580000026,-43.921415038204884,-43.90186547136824,-42.50603854871588,-42.49785078179161,-39.65816215862861,-39.62751227423067,-39.854001249556205,-39.847814161662654,-40.15888837190525,-40.17637342599258,-40.36960350496301,-40.386112875399334,-40.54201194120401,-40.531153258976985,-40.596672086189585,-40.58634053292138,-40.68005754930974,-40.649402704073594,-40.78472053374364,-40.733411295036916,-40.84466234075455,-40.79973242356294,NA,NA,NA,NA,NA,NA,NA,NA,NA,NA,NA,NA,NA,NA,NA,NA,NA,NA,NA,NA,NA,NA,NA,NA,NA,NA,NA,NA,6542.553,6539.919,6537.14,6538.428,6534.931,6539.44,6535.997,6536.01,6536.543,6536.181,6535.586,NA,NA,NA,NA,NA,NA,NA,NA,NA,NA,NA,NA,NA,NA,-857,-898,-875,-868,-909,-932,-856,-967,-917,-930,-931,NA,NA,NA,NA,NA,NA,NA,NA,NA,NA,NA,NA,NA,NA
231710,2026-07-10T17:38:02Z,2026-07-10T17:38:02Z,2026-07-10T17:38:18Z,NA,-37.44902950000002,-43.740131391085896,-43.720623033580296,-42.48092060223635,-42.47180830134732,-39.69939161233165,-39.66863536482066,-39.747938156591886,-39.74169053618337,-40.023263621818415,-40.0407760360643,-40.266669440703595,-40.283021661775905,-40.47104798124417,-40.460145778355695,-40.52920328396536,-40.518841408704276,-40.655749506219564,-40.62509294257271,-40.76466919571385,-40.71331815359761,-40.83777034606999,-40.792858317202615,NA,NA,NA,NA,NA,NA,NA,NA,NA,NA,NA,NA,NA,NA,NA,NA,NA,NA,NA,NA,NA,NA,NA,NA,NA,NA,NA,NA,6542.555,6539.908,6537.147,6538.417,6534.923,6539.425,6536,6536.009,6536.535,6536.172,6535.579,NA,NA,NA,NA,NA,NA,NA,NA,NA,NA,NA,NA,NA,NA,-862,-900,-876,-870,-894,-924,-845,-964,-907,-932,-935,NA,NA,NA,NA,NA,NA,NA,NA,NA,NA,NA,NA,NA,NA
231710,2026-07-11T17:37:58Z,2026-07-11T17:37:58Z,2026-07-11T17:38:18Z,NA,-37.43261781000001,-43.59278564229615,-43.57312404020891,-42.54578649857058,-42.53604063102563,-39.71514748376134,-39.6845321046718,-39.75365453493188,-39.747497032965924,-40.044640545261245,-40.062116181446925,-40.29306302391507,-40.30944846639085,-40.49008926121678,-40.47910856292813,-40.54879385630372,-40.5384767924171,-40.663390491041184,-40.63273229372399,-40.77188592957489,-40.72063516509269,-40.8403753852418,-40.795541422947736,NA,NA,NA,NA,NA,NA,NA,NA,NA,NA,NA,NA,NA,NA,NA,NA,NA,NA,NA,NA,NA,NA,NA,NA,NA,NA,NA,NA,6542.539,6539.904,6537.148,6538.409,6534.924,6539.435,6535.995,6536.006,6536.531,6536.181,6535.574,NA,NA,NA,NA,NA,NA,NA,NA,NA,NA,NA,NA,NA,NA,-854,-904,-886,-873,-897,-926,-856,-963,-907,-929,-933,NA,NA,NA,NA,NA,NA,NA,NA,NA,NA,NA,NA,NA,NA
231710,2026-07-12T17:37:58Z,2026-07-12T17:37:58Z,2026-07-12T17:38:18Z,NA,-37.46818664000003,-43.43641721838645,-43.41671103568419,-42.49641213545374,-42.487648817731184,-39.73042738283132,-39.69963625051909,-39.78477639598958,-39.77856903081039,-40.0705230324177,-40.08793082447423,-40.30739613677375,-40.3238125760071,-40.50070340345803,-40.48978361857951,-40.55917942502404,-40.54885844194209,-40.66716371824248,-40.63649588399679,-40.77440045669704,-40.72304078895772,-40.84128653651268,-40.79638900055764,NA,NA,NA,NA,NA,NA,NA,NA,NA,NA,NA,NA,NA,NA,NA,NA,NA,NA,NA,NA,NA,NA,NA,NA,NA,NA,NA,NA,6542.521,6539.902,6537.146,6538.416,6534.926,6539.432,6535.988,6536.011,6536.526,6536.171,6535.579,NA,NA,NA,NA,NA,NA,NA,NA,NA,NA,NA,NA,NA,NA,-855,-896,-881,-865,-900,-922,-855,-965,-904,-939,-934,NA,NA,NA,NA,NA,NA,NA,NA,NA,NA,NA,NA,NA,NA
231710,2026-07-13T17:37:55Z,2026-07-13T17:37:55Z,2026-07-13T17:38:18Z,NA,-37.47044401000002,-43.30231631715611,-43.28237339684583,-42.46734840446996,-42.458712212968095,-39.736753897024585,-39.70613961376631,-39.782792742264775,-39.77660300934437,-40.073686360963535,-40.09114639952932,-40.3131460000032,-40.32956068113674,-40.50405295368637,-40.49315734824427,-40.56074677671566,-40.55050828566482,-40.66840578041922,-40.63775621918609,-40.77574539008074,-40.724386956602075,-40.84182971585801,-40.79696768414178,NA,NA,NA,NA,NA,NA,NA,NA,NA,NA,NA,NA,NA,NA,NA,NA,NA,NA,NA,NA,NA,NA,NA,NA,NA,NA,NA,NA,6542.508,6539.909,6537.15,6538.416,6534.936,6539.437,6535.995,6536.017,6536.527,6536.18,6535.576,NA,NA,NA,NA,NA,NA,NA,NA,NA,NA,NA,NA,NA,NA,-864,-893,-875,-867,-901,-923,-852,-965,-909,-938,-935,NA,NA,NA,NA,NA,NA,NA,NA,NA,NA,NA,NA,NA,NA
231710,2026-07-14T17:37:47Z,2026-07-14T17:37:47Z,2026-07-14T17:38:18Z,NA,-37.48343914000003,-43.21411402825393,-43.194232405508615,-42.406012213980006,-42.396445661921774,-39.74578019113994,-39.715117659013515,-39.82565946695814,-39.81977255323994,-40.12142711632538,-40.13916122337602,-40.34750260617096,-40.36413067958691,-40.526413289372385,-40.51565726394122,-40.584345574923134,-40.57413495238214,-40.675558814955735,-40.644936651518464,-40.78191412827323,-40.73064913610435,-40.84383885000716,-40.79893165677518,NA,NA,NA,NA,NA,NA,NA,NA,NA,NA,NA,NA,NA,NA,NA,NA,NA,NA,NA,NA,NA,NA,NA,NA,NA,NA,NA,NA,6542.509,6539.903,6537.141,6538.427,6534.927,6539.434,6535.995,6536.015,6536.531,6536.188,6535.572,NA,NA,NA,NA,NA,NA,NA,NA,NA,NA,NA,NA,NA,NA,-852,-902,-880,-856,-899,-930,-846,-957,-914,-928,-933,NA,NA,NA,NA,NA,NA,NA,NA,NA,NA,NA,NA,NA,NA
231710,2026-07-15T17:37:47Z,2026-07-15T17:37:47Z,2026-07-15T17:38:18Z,NA,-37.51101566000003,-43.210111097856355,-43.19010452404632,-42.380897122773575,-42.37180554605183,-39.76530585528599,-39.7347266359902,-39.805549503837824,-39.799213646951046,-40.08810848569101,-40.10532100985915,-40.31834098752421,-40.33449471785133,-40.50862446460184,-40.497612232781734,-40.563963523307336,-40.55348492452924,-40.67060861482989,-40.63997785647871,-40.77668682427807,-40.72535266557617,-40.84251890364237,-40.797616504112455,NA,NA,NA,NA,NA,NA,NA,NA,NA,NA,NA,NA,NA,NA,NA,NA,NA,NA,NA,NA,NA,NA,NA,NA,NA,NA,NA,NA,6542.507,6539.893,6537.137,6538.416,6534.929,6539.44,6535.99,6536.007,6536.515,6536.18,6535.567,NA,NA,NA,NA,NA,NA,NA,NA,NA,NA,NA,NA,NA,NA,-860,-898,-880,-866,-910,-923,-851,-961,-909,-934,-934,NA,NA,NA,NA,NA,NA,NA,NA,NA,NA,NA,NA,NA,NA
231710,2026-07-16T17:37:51Z,2026-07-16T17:37:51Z,2026-07-16T17:38:18Z,NA,-37.475080770000034,-43.260101582431986,-43.239843704677696,-42.37263158586035,-42.364154226435545,-39.826355851896835,-39.795735737953464,-39.77013843550131,-39.7637743502755,-40.01969402102978,-40.037047580968846,-40.258435374478864,-40.274754707839975,-40.46897237946493,-40.45803447373737,-40.53659755078061,-40.526237074415945,-40.65842162669091,-40.62769618609829,-40.765224811943455,-40.71388013409461,-40.83954599118363,-40.79468214157549,NA,NA,NA,NA,NA,NA,NA,NA,NA,NA,NA,NA,NA,NA,NA,NA,NA,NA,NA,NA,NA,NA,NA,NA,NA,NA,NA,NA,6542.509,6539.895,6537.152,6538.421,6534.924,6539.421,6535.989,6536.013,6536.531,6536.171,6535.575,NA,NA,NA,NA,NA,NA,NA,NA,NA,NA,NA,NA,NA,NA,-856,-903,-878,-870,-902,-922,-853,-962,-908,-936,-937,NA,NA,NA,NA,NA,NA,NA,NA,NA,NA,NA,NA,NA,NA
231710,2026-07-17T17:37:49Z,2026-07-17T17:37:49Z,2026-07-17T17:38:18Z,NA,-37.47721612000001,-43.352774724393555,-43.33277745858061,-42.34513894792104,-42.3364985216088,-39.85255567932697,-39.8219214443472,-39.75524594640078,-39.74897537817708,-40.00245332542488,-40.019925281630265,-40.251794073143884,-40.26815674955134,-40.46549718634816,-40.45460563454071,-40.53153502306918,-40.52122645850727,-40.656106968389395,-40.62553855150816,-40.76526575186895,-40.713967943035925,-40.83856472051923,-40.79367670724929,NA,NA,NA,NA,NA,NA,NA,NA,NA,NA,NA,NA,NA,NA,NA,NA,NA,NA,NA,NA,NA,NA,NA,NA,NA,NA,NA,NA,6542.52,6539.894,6537.152,6538.418,6534.923,6539.428,6535.993,6536.005,6536.53,6536.183,6535.569,NA,NA,NA,NA,NA,NA,NA,NA,NA,NA,NA,NA,NA,NA,-862,-902,-879,-865,-900,-920,-863,-967,-906,-935,-925,NA,NA,NA,NA,NA,NA,NA,NA,NA,NA,NA,NA,NA,NA
231710,2026-07-18T17:37:41Z,2026-07-18T17:37:41Z,2026-07-18T17:38:18Z,NA,-37.49612922000003,-43.41120813511367,-43.390855251588334,-42.29534429637343,-42.28672024596432,-39.85262706646495,-39.82203454138468,-39.76751066504383,-39.7612594835617,-40.01373425981424,-40.03114315588027,-40.257490884261216,-40.2739226309732,-40.46901353947578,-40.45814033497291,-40.53014891304545,-40.51981071488018,-40.65670468687125,-40.62610728401256,-40.76575702864349,-40.71448893991169,-40.83839533278683,-40.79351887581004,NA,NA,NA,NA,NA,NA,NA,NA,NA,NA,NA,NA,NA,NA,NA,NA,NA,NA,NA,NA,NA,NA,NA,NA,NA,NA,NA,NA,6542.528,6539.891,6537.156,6538.421,6534.917,6539.426,6535.988,6536.006,6536.523,6536.183,6535.578,NA,NA,NA,NA,NA,NA,NA,NA,NA,NA,NA,NA,NA,NA,-856,-901,-881,-868,-897,-926,-850,-967,-900,-937,-931,NA,NA,NA,NA,NA,NA,NA,NA,NA,NA,NA,NA,NA,NA
231710,2026-07-19T17:37:44Z,2026-07-19T17:37:44Z,2026-07-19T17:38:18Z,NA,-37.52230251000003,-43.419046843313964,-43.398959977059064,-42.19411220423112,-42.18544067774039,-39.87094054390491,-39.84022801350673,-39.77071640767889,-39.76445965975694,-39.99802806526077,-40.01539475919432,-40.23214868940735,-40.24854691377709,-40.44939432600768,-40.4385171975492,-40.515786513277874,-40.50549848562139,-40.6505455337132,-40.61997404551363,-40.75800722074729,-40.706714458579796,-40.83687082034044,-40.791987303284145,NA,NA,NA,NA,NA,NA,NA,NA,NA,NA,NA,NA,NA,NA,NA,NA,NA,NA,NA,NA,NA,NA,NA,NA,NA,NA,NA,NA,6542.518,6539.884,6537.155,6538.414,6534.923,6539.433,6535.989,6536.006,6536.524,6536.18,6535.573,NA,NA,NA,NA,NA,NA,NA,NA,NA,NA,NA,NA,NA,NA,-850,-900,-883,-865,-895,-924,-852,-964,-905,-938,-930,NA,NA,NA,NA,NA,NA,NA,NA,NA,NA,NA,NA,NA,NA
231710,2026-07-20T17:37:43Z,2026-07-20T17:37:43Z,2026-07-20T17:38:18Z,NA,-37.58483776000003,-43.49248252660769,-43.47266699529635,-42.2044331448339,-42.194923316241386,-39.83086724501638,-39.800172412493055,-39.89132811386466,-39.884955263175954,-40.17410903201181,-40.191399928280106,-40.37617134058536,-40.39244906019442,-40.54931641065224,-40.53828887115202,-40.60166996226653,-40.591245475428565,-40.681480901167674,-40.65096163506476,-40.78597167767279,-40.73468114010279,-40.844895952966795,-40.79996622193579,NA,NA,NA,NA,NA,NA,NA,NA,NA,NA,NA,NA,NA,NA,NA,NA,NA,NA,NA,NA,NA,NA,NA,NA,NA,NA,NA,NA,6542.524,6539.887,6537.148,6538.431,6534.929,6539.442,6535.992,6536.009,6536.528,6536.184,6535.565,NA,NA,NA,NA,NA,NA,NA,NA,NA,NA,NA,NA,NA,NA,-857,-896,-884,-873,-899,-928,-856,-967,-905,-938,-929,NA,NA,NA,NA,NA,NA,NA,NA,NA,NA,NA,NA,NA,NA
231710,2026-07-21T17:37:34Z,2026-07-21T17:37:34Z,2026-07-21T17:38:18Z,NA,-37.58233635000002,-43.52788787235676,-43.50782884662357,-42.2184298018866,-42.20883633027148,-39.84329235720625,-39.81245017031216,-39.871005958746025,-39.865409715928905,-40.150418726519916,-40.16832640641883,-40.362410365691005,-40.37913396806181,-40.53665627805685,-40.525984498656186,-40.5920551009921,-40.582045416015234,-40.678042536228304,-40.64746277007566,-40.783744154408765,-40.73251594914868,-40.84436448378386,-40.79944601923245,NA,NA,NA,NA,NA,NA,NA,NA,NA,NA,NA,NA,NA,NA,NA,NA,NA,NA,NA,NA,NA,NA,NA,NA,NA,NA,NA,NA,6542.526,6539.878,6537.154,6538.424,6534.921,6539.428,6535.993,6536.008,6536.533,6536.171,6535.579,NA,NA,NA,NA,NA,NA,NA,NA,NA,NA,NA,NA,NA,NA,-853,-899,-880,-860,-889,-919,-854,-963,-917,-927,-936,NA,NA,NA,NA,NA,NA,NA,NA,NA,NA,NA,NA,NA,NA
231710,2026-07-22T17:37:44Z,2026-07-22T17:37:44Z,2026-07-22T17:38:18Z,NA,-37.57995696000003,-43.418766100905884,-43.398488207488214,-42.07838587583399,-42.06961884759903,-39.88893244238122,-39.858343664750095,-39.802852096715014,-39.79700424927154,-40.011688214690224,-40.02973216038143,-40.222414838076475,-40.23930618724907,-40.43082718271094,-40.42039361442073,-40.499022674562895,-40.48907828288293,-40.63849482089435,-40.60814541006607,-40.74585687381165,-40.694447540939905,-40.83320247617945,-40.787906803377496,NA,NA,NA,NA,NA,NA,NA,NA,NA,NA,NA,NA,NA,NA,NA,NA,NA,NA,NA,NA,NA,NA,NA,NA,NA,NA,NA,NA,6542.481,6539.842,6537.143,6538.429,6535.012,6539.4,6536.017,6536.012,6536.542,6536.161,6535.635,NA,NA,NA,NA,NA,NA,NA,NA,NA,NA,NA,NA,NA,NA,-855,-881,-870,-882,-888,-921,-860,-936,-883,-890,-930,NA,NA,NA,NA,NA,NA,NA,NA,NA,NA,NA,NA,NA,NA
231710,2026-07-23T17:37:36Z,2026-07-23T17:37:36Z,2026-07-23T17:38:18Z,NA,-37.66372369000001,-43.35637682834226,-43.336279322198095,-42.03927416543709,-42.02934508100461,-39.853590783128226,-39.82288573740104,-39.96967612225865,-39.96365720790644,-40.246126175423996,-40.263753723028344,-40.42034653229234,-40.43673452905932,-40.578242901799285,-40.567373773511065,-40.6255678677596,-40.615265179773616,-40.69009638121247,-40.65954669154533,-40.79327920499978,-40.74200120538623,-40.84723202200138,-40.80243858028879,NA,NA,NA,NA,NA,NA,NA,NA,NA,NA,NA,NA,NA,NA,NA,NA,NA,NA,NA,NA,NA,NA,NA,NA,NA,NA,NA,NA,6542.498,6539.867,6537.158,6538.416,6534.933,6539.426,6535.996,6536.008,6536.531,6536.189,6535.566,NA,NA,NA,NA,NA,NA,NA,NA,NA,NA,NA,NA,NA,NA,-836,-886,-875,-854,-886,-912,-833,-943,-891,-920,-921,NA,NA,NA,NA,NA,NA,NA,NA,NA,NA,NA,NA,NA,NA
231710,2026-07-24T17:37:29Z,2026-07-24T17:37:29Z,2026-07-24T17:38:18Z,NA,-37.55390569000002,-43.41687387069777,-43.39671342963584,-42.28101589527378,-42.272441336080306,-40.07545750469862,-40.04498430679382,-39.78645023008451,-39.78026094022297,-39.88420616371249,-39.90164665848076,-40.04088865616842,-40.05706786823055,-40.29098056954513,-40.279864910131096,-40.394645352386505,-40.384187140421375,-40.605113071220615,-40.57451641774381,-40.70606458462183,-40.65472984737241,-40.82424674312608,-40.77939409055628,NA,NA,NA,NA,NA,NA,NA,NA,NA,NA,NA,NA,NA,NA,NA,NA,NA,NA,NA,NA,NA,NA,NA,NA,NA,NA,NA,NA,6542.522,6539.893,6537.161,6538.42,6534.923,6539.418,6535.981,6535.996,6536.521,6536.179,6535.576,NA,NA,NA,NA,NA,NA,NA,NA,NA,NA,NA,NA,NA,NA,-850,-888,-873,-859,-889,-912,-845,-959,-894,-923,-921,NA,NA,NA,NA,NA,NA,NA,NA,NA,NA,NA,NA,NA,NA
231710,2026-07-25T17:37:27Z,2026-07-25T17:37:27Z,2026-07-25T17:38:18Z,NA,-37.56006770000002,-43.348357562411934,-43.32855027763057,-42.323313454513055,-42.314687316005916,-40.06192065724247,-40.03119651210534,-39.780820926067605,-39.77456541633083,-39.9158669424007,-39.9333323958908,-40.12148629910777,-40.13788920530885,-40.36594519777216,-40.35508074181257,-40.45685234261319,-40.44661789446096,-40.6257203120166,-40.59515855549614,-40.7336453700286,-40.682412210443715,-40.83076067551275,-40.78589567439704,NA,NA,NA,NA,NA,NA,NA,NA,NA,NA,NA,NA,NA,NA,NA,NA,NA,NA,NA,NA,NA,NA,NA,NA,NA,NA,NA,NA,6542.507,6539.891,6537.174,6538.419,6534.926,6539.42,6535.996,6536.005,6536.525,6536.181,6535.577,NA,NA,NA,NA,NA,NA,NA,NA,NA,NA,NA,NA,NA,NA,-848,-884,-869,-854,-893,-928,-842,-963,-892,-927,-919,NA,NA,NA,NA,NA,NA,NA,NA,NA,NA,NA,NA,NA,NA
231710,2026-07-26T17:37:42Z,2026-07-26T17:37:42Z,2026-07-26T17:38:18Z,NA,-37.54969600000001,-43.22195037535647,-43.20202576998582,-42.28945816070146,-42.280793415690596,-39.97339752819994,-39.94271615904657,-39.80375124821259,-39.79742112405964,-40.03168857250222,-40.04903815177559,-40.26854627597842,-40.28484482225892,-40.47801507469899,-40.467073105127696,-40.539886181376374,-40.529602682089774,-40.658808370307725,-40.62811832215169,-40.768049596694226,-40.71675434167102,-40.83859976619354,-40.79367670724929,NA,NA,NA,NA,NA,NA,NA,NA,NA,NA,NA,NA,NA,NA,NA,NA,NA,NA,NA,NA,NA,NA,NA,NA,NA,NA,NA,NA,6542.505,6539.896,6537.161,6538.418,6534.928,6539.431,6535.998,6535.998,6536.532,6536.191,6535.575,NA,NA,NA,NA,NA,NA,NA,NA,NA,NA,NA,NA,NA,NA,-855,-897,-872,-865,-889,-917,-843,-962,-907,-931,-933,NA,NA,NA,NA,NA,NA,NA,NA,NA,NA,NA,NA,NA,NA
