modem,recv_time_utc,start_time_utc,time_utc,adc_temp_C,n1.ntc1_temp_C,n1.ntc2_temp_C,n2.ntc1_temp_C,n2.ntc2_temp_C,n3.ntc1_temp_C,n3.ntc2_temp_C,n4.ntc1_temp_C,n4.ntc2_temp_C,n5.ntc1_temp_C,n5.ntc2_temp_C,n6.ntc1_temp_C,n6.ntc2_temp_C,n7.ntc1_temp_C,n7.ntc2_temp_C,n8.ntc1_temp_C,n8.ntc2_temp_C,n9.ntc1_temp_C,n9.ntc2_temp_C,n10.ntc1_temp_C,n10.ntc2_temp_C,n11.ntc1_temp_C,n11.ntc2_temp_C,n12.ntc1_temp_C,n13.ntc1_temp_C,n14.ntc1_temp_C,n15.ntc1_temp_C,n16.ntc1_temp_C,n1.pressure_hPa,n2.pressure_hPa,n3.pressure_hPa,n4.pressure_hPa,n5.pressure_hPa,n6.pressure_hPa,n7.pressure_hPa,n8.pressure_hPa,n9.pressure_hPa,n10.pressure_hPa,n11.pressure_hPa,n12.pressure_hPa,n13.pressure_hPa,n14.pressure_hPa,n15.pressure_hPa,n1.gnd,n2.gnd,n3.gnd,n4.gnd,n5.gnd,n6.gnd,n7.gnd,n8.gnd,n9.gnd,n10.gnd,n11.gnd,n12.gnd,n13.gnd,n14.gnd,n15.gnd,n16.gnd
231709,2026-03-06T21:06:46Z,2026-03-06T21:06:37Z,2026-03-06T21:03:14Z,-37.02818252000003,-31.86885361989289,-31.790363892587038,-40.35485683085412,-40.29697404371365,-40.35354870086172,-40.37360909622993,-40.3924019537545,-40.33092244978607,-40.48525167780974,-40.51890602965014,-40.51119797479748,-40.496430959760545,-40.655380321560415,-40.68062572293891,-40.80156771467702,-40.74617865506934,-40.7899821662713,-40.838523833871704,-40.7966988016006,-40.86181859123451,-40.83501331278893,-40.88903719920677,-34.163580098070724,-33.652356416774154,-33.386615758440456,-33.503370958539136,-33.74424545997553,680.239,683.731,682.86,683.547,683.602,684.455,685.94,686.865,687.323,685.809,690.554,3631.084,3598.895,3608.031,3654.545,-833,-779,-839,-830,-814,-789,-868,-873,-844,-800,-810,25010,24917,25068,24781,24894
231709,2026-03-07T09:06:46Z,2026-03-07T09:06:33Z,2026-03-07T09:03:14Z,-37.03245322000001,-34.78877389865977,-34.6922136403941,-40.39067076361212,-40.33267913932781,-40.35752013247924,-40.377478921862036,-40.39980893731749,-40.33827304672019,-40.49691875221484,-40.5305306841359,-40.52763503081104,-40.512819576552204,-40.66531229097549,-40.690465335274354,-40.805203050988695,-40.74972397700887,-40.792723866270194,-40.841163882389594,-40.798411444507764,-40.863406653705226,-40.83600632756975,-40.889924225563334,-34.19489203496255,-33.75394887536885,-33.491531843851476,-33.583162906245434,-33.79906245609297,678.906,682.592,681.914,682.409,682.463,683.322,684.81,685.735,686.313,684.656,689.435,3645.816,3613.994,3619.542,3662.493,-835,-789,-836,-821,-825,-790,-860,-875,-847,-798,-802,23863,23767,23928,23640,23749
231709,2026-03-07T21:06:47Z,2026-03-07T21:06:37Z,2026-03-07T21:03:14Z,-37.02574212000002,-37.9400696517998,-37.85880373535983,-40.371229339628854,-40.31330521821525,-40.35489218527786,-40.37486961785041,-40.39475722547209,-40.333256830055035,-40.48889606967947,-40.52244831568416,-40.516920369369444,-40.50199036020632,-40.658603279331516,-40.683771073987856,-40.8023158416558,-40.74686316540965,-40.790508302436706,-40.83890349446048,-40.796961838882794,-40.86201126295188,-40.83508340852268,-40.88908972089007,-34.232854664805956,-33.84481965909873,-33.597091735148354,-33.66837419448703,-33.861092923091036,680.773,684.614,683.565,684.421,684.482,685.349,686.844,687.774,688.031,686.67,691.493,3658.961,3629.208,3631.817,3671.519,-835,-784,-839,-828,-821,-793,-861,-869,-852,-798,-803,25819,25718,25872,25587,25701
231709,2026-03-08T09:06:38Z,2026-03-08T09:06:30Z,2026-03-08T09:03:14Z,-37.04782774000003,-38.247762879120955,-38.16168985852735,-40.44738260374328,-40.38879230069924,-40.38170772915109,-40.40117482033074,-40.43088013986724,-40.36941499922301,-40.52703003725506,-40.56075851700908,-40.558345834000846,-40.54366786276668,-40.68013955410959,-40.70526247748913,-40.809983570101,-40.75441562563586,-40.79742361247031,-40.845579263146476,-40.80164954154961,-40.86654761674086,-40.8381208067627,-40.89199584500514,-34.22646910408767,-33.901739499846656,-33.67813344539701,-33.744990910935684,-33.92019773286779,677.842,681.762,681.286,681.571,681.634,682.495,683.992,684.923,685.569,683.804,688.64,3667.262,3640.943,3642.923,3680.127,-835,-784,-840,-824,-816,-788,-861,-862,-845,-799,-814,22957,22863,23025,22738,22854
231709,2026-03-08T21:06:43Z,2026-03-08T21:06:33Z,2026-03-08T21:03:14Z,-37.027084340000016,-42.29887458766757,-42.21763610924077,-40.45649946267193,-40.400750929292826,-40.37818570936463,-40.398083871988604,-40.43500475516362,-40.374669350027546,-40.53360237625955,-40.56873546665108,-40.56651095911192,-40.55279802219178,-40.682722643403395,-40.708125420104324,-40.81094780656892,-40.7554393121971,-40.798130878591905,-40.846461129889775,-40.80228077342579,-40.86720147562312,-40.8384537424071,-40.89233429959313,-34.25518829268245,-33.96242203172176,-33.76040021512455,-33.82232046454362,-33.98210291655337,672.171,676.314,676.747,676.102,676.171,677.028,678.513,679.442,680.752,678.309,683.136,3676.089,3652.845,3654.116,3689.165,-838,-787,-847,-832,-820,-789,-865,-874,-846,-803,-802,17448,17345,17505,17217,17332
231709,2026-03-09T09:06:45Z,2026-03-09T09:06:36Z,2026-03-09T09:03:14Z,-37.00518175000002,-41.41930366240001,-41.33793383347282,-40.445947294388105,-40.38770876888674,-40.385912649272086,-40.40544886942203,-40.43758174514497,-40.376130110029976,-40.534189678281734,-40.567943106210294,-40.564033960907324,-40.54940448112001,-40.684268925166464,-40.70940754919843,-40.81318594033931,-40.75762701391949,-40.79960967902835,-40.84778682421472,-40.80317500646683,-40.86808884346678,-40.83905535798169,-40.89295868466263,-34.26554736720627,-34.00352676269253,-33.82255461906891,-33.88912157101879,-34.038540266247054,657.844,666.804,668.919,666.584,666.658,667.505,668.971,669.89,672.401,668.756,673.546,3682.086,3661.88,3663.829,3697.416,-834,-784,-837,-827,-821,-788,-870,-859,-854,-805,-806,7929,7821,7980,7687,7800
231709,2026-03-09T21:06:44Z,2026-03-09T21:06:32Z,2026-03-09T21:03:14Z,-37.01000154000002,-40.16968638540192,-40.09118192964618,-40.43090367636455,-40.373131975224595,-40.37960514631371,-40.39935559783302,-40.43092132873082,-40.36957994178155,-40.5289977102662,-40.56303608648929,-40.559132462485735,-40.54458388300816,-40.68189091346247,-40.70710086653111,-40.812519768822824,-40.756919237415275,-40.79893165677518,-40.847132741031146,-40.802672367420826,-40.86756342997424,-40.83872826681343,-40.89260856303889,-34.329376537524524,-34.05996397250118,-33.889939537777366,-33.95630979599562,-34.09632912772955,653.557,659.911,663.153,659.687,659.773,660.615,662.071,662.983,666.275,661.833,666.613,3690.315,3671.661,3673.583,3705.892,-836,-784,-841,-824,-823,-793,-860,-865,-845,-803,-800,1072,961,1116,826,934
231709,2026-03-10T09:06:35Z,2026-03-10T09:06:26Z,2026-03-10T09:03:14Z,-36.98767188000002,-35.249838695887604,-35.173973365794865,-40.3068948374314,-40.24869451621939,-40.356206174902866,-40.376283251934126,-40.396606041894444,-40.3350075487308,-40.48528694728478,-40.51870629193456,-40.50544560098055,-40.49031849207134,-40.6502407814462,-40.675365501805146,-40.800509799398384,-40.745090441910776,-40.78920464492313,-40.837711935743215,-40.796710492172565,-40.861789398492874,-40.835118456356895,-40.889054706439964,-34.394474147187594,-34.10994530370587,-33.94344386524776,-34.01341871730921,-34.14705740173801,651.763,660.404,663.408,660.166,660.258,661.118,662.584,663.489,666.531,662.319,667.127,3697.643,3679.462,3681.921,3713.297,-841,-791,-841,-831,-814,-796,-861,-862,-847,-802,-807,1556,1446,1603,1317,1426
231709,2026-03-10T21:06:43Z,2026-03-10T21:06:32Z,2026-03-10T21:03:14Z,-36.97766624000002,-39.3594430515642,-39.278978647743116,-40.29969330246081,-40.24191028573304,-40.35227589523751,-40.37228374968683,-40.393491279677306,-40.33190691039354,-40.482524102652604,-40.51604501103506,-40.50542209667927,-40.4903772690584,-40.649601968373275,-40.67472697783205,-40.79908362799051,-40.74370381706618,-40.78825757431778,-40.83678320343236,-40.79599736283532,-40.86111212266249,-40.83473877032765,-40.88868705341008,-34.515186177447134,-34.18444416378114,-34.00759622790389,-34.07247278524591,-34.19915072085536,658.12,664.65,666.849,664.423,664.513,665.389,666.869,667.783,670.137,666.587,671.459,3708.539,3688.814,3690.512,3720.952,-844,-780,-842,-825,-822,-784,-858,-859,-856,-798,-805,5771,5659,5823,5532,5644
231709,2026-03-11T09:06:35Z,2026-03-11T09:06:28Z,2026-03-11T09:03:14Z,-36.96528121000003,-33.672316958875456,-33.57737201543165,-40.26940204376146,-40.21147394221052,-40.34817442800056,-40.36831929656552,-40.38935761302045,-40.327821575756644,-40.47631012993011,-40.509787847226505,-40.49717733921858,-40.48220666047476,-40.64341271920165,-40.66854638948129,-40.795985672115165,-40.74065546189945,-40.786088605588645,-40.83465115011222,-40.79462368658352,-40.85974586918013,-40.83387424492244,-40.88789921747377,-34.6239157569388,-34.25948736870939,-34.06595562541233,-34.125713830716506,-34.24627557776793,660.057,669.587,670.912,669.36,669.45,670.345,671.842,672.762,674.386,671.533,676.468,3719.539,3697.357,3698.339,3727.881,-840,-780,-841,-826,-824,-792,-864,-865,-852,-810,-806,10628,10524,10691,10403,10517
231709,2026-03-11T21:08:18Z,2026-03-11T21:08:06Z,2026-03-11T21:03:14Z,-36.96046142000003,-35.60276058978209,-35.525743442075736,-40.32868229257343,-40.27058829229583,-40.35399653272387,-40.37399785837445,-40.39545201103178,-40.3338934616248,-40.48626272705263,-40.519775467683644,-40.512566938861085,-40.49757697127052,-40.65545064263736,-40.68056129116977,-40.800761129138436,-40.745382974409125,-40.78969571228885,-40.838144170731596,-40.796640348704216,-40.86173685152002,-40.83505420197753,-40.88901385622083,-34.756338275742905,-34.35434983650333,-34.13862935648842,-34.183639829480086,-34.29568919938927,669.337,673.626,674.315,673.41,673.496,674.409,675.91,676.843,677.921,675.597,680.593,3733.472,3707.993,3706.809,3735.157,-842,-789,-841,-828,-827,-793,-868,-867,-849,-803,-810,14644,14541,14703,14412,14528
231709,2026-03-12T09:06:34Z,2026-03-12T09:06:30Z,2026-03-12T09:03:14Z,-36.930993590000014,-33.83385414836275,-33.75174065497731,-40.32332322172289,-40.2650227290292,-40.35332478353422,-40.373302796810094,-40.39530481144669,-40.33371072555681,-40.48670358568117,-40.5201279386273,-40.51344822806752,-40.49847025587127,-40.65635308854431,-40.68149847318517,-40.800913095413506,-40.745377123774176,-40.78986524645475,-40.83829603629377,-40.796751409155405,-40.8617952370424,-40.83507756721485,-40.889025527715006,-34.8550308588558,-34.44088846365517,-34.206535773431966,-34.2386946098722,-34.34168892761974,670.843,677.359,677.474,677.143,677.233,678.155,679.674,680.611,681.199,679.336,684.387,3746.247,3717.976,3714.89,3741.932,-832,-785,-838,-823,-818,-796,-870,-872,-847,-806,-808,18273,18171,18332,18042,18158
231709,2026-03-12T21:06:38Z,2026-03-12T21:06:30Z,2026-03-12T21:03:14Z,-36.93965701000002,-41.6974058485869,-41.62450611268244,-40.33059232722164,-40.273633466476156,-40.35581139215054,-40.37584149526029,-40.40435978427732,-40.34286444948248,-40.498822864191766,-40.53266855308473,-40.52478034239013,-40.51001699543136,-40.65994514654437,-40.685141618246206,-40.80260223138319,-40.74718494088245,-40.79111043000651,-40.83952262779445,-40.797797704749655,-40.862875358349925,-40.8356266475092,-40.88965578483837,-34.960464027594014,-34.537087897986595,-34.28646037842705,-34.300085300768416,-34.39181098352813,672.314,677.088,677.381,676.849,676.942,677.864,679.392,680.328,681.035,679.034,684.107,3760.451,3729.729,3723.899,3749.339,-838,-786,-837,-827,-823,-795,-860,-857,-849,-802,-805,17964,17865,18028,17741,17859
231709,2026-03-13T09:06:26Z,2026-03-13T09:06:23Z,2026-03-13T09:03:14Z,-36.94899154000001,-41.01638845316981,-40.91906001531831,-40.379864292599564,-40.32125373442108,-40.36861973338003,-40.38841542253306,-40.415932401088895,-40.354344189102136,-40.51180314339504,-40.545212170100115,-40.5386059879132,-40.5236583973558,-40.67164555717167,-40.696702045819734,-40.80789725652656,-40.75232724704037,-40.79539528758633,-40.84375124390249,-40.800264313452516,-40.86528658187285,-40.83731474391914,-40.891173041820934,-35.022076761427854,-34.6151480600621,-34.35747705496925,-34.358792982677784,-34.43975150937993,667.287,672.703,673.98,672.473,672.567,673.494,675.006,675.948,677.375,674.646,679.718,3772.016,3740.212,3732.549,3756.424,-837,-783,-845,-823,-826,-791,-860,-866,-849,-804,-811,13589,13484,13650,13360,13476
231709,2026-03-13T21:06:34Z,2026-03-13T21:06:27Z,2026-03-13T21:03:14Z,-36.93630146000001,-45.5872699712869,-45.50669234565498,-40.37709607476762,-40.31930209354502,-40.36421905039364,-40.38414591598627,-40.41283640918593,-40.35145091256106,-40.510175635933734,-40.54397320454663,-40.5383887044043,-40.5237406349454,-40.670637907252114,-40.695847101465574,-40.807336217842874,-40.75184170248488,-40.79489257904365,-40.843254806744966,-40.79993115224178,-40.864901260064556,-40.83704605374879,-40.89090460699808,-35.10343634913707,-34.697058828737596,-34.435216869108984,-34.42192097794694,-34.491358674391165,665.901,669.991,671.835,669.751,669.85,670.78,672.294,673.225,675.075,671.916,676.991,3784.161,3751.683,3741.853,3764.059,-830,-791,-845,-833,-824,-794,-861,-870,-848,-800,-809,10844,10745,10909,10620,10735
231709,2026-03-14T09:06:35Z,2026-03-14T09:06:28Z,2026-03-14T09:03:14Z,-36.92904127000003,-47.47435652552042,-47.375347576610295,-40.320929448555745,-40.26315757491511,-40.35487450806886,-40.37485783741084,-40.39975594978159,-40.33814926792127,-40.491693856979424,-40.52516802485866,-40.517196486206956,-40.50214314757875,-40.65767157078017,-40.682722643403395,-40.802093742496794,-40.746670099238145,-40.79056091578238,-40.83897942627215,-40.797318398568535,-40.862349896503105,-40.83544556842759,-40.889463207014984,-35.168255182744616,-34.76511221743485,-34.50133882527004,-34.48018600010923,-34.53948385697697,674.474,671.364,673.002,671.117,671.224,672.165,673.69,674.629,676.297,673.288,678.406,3794.304,3761.471,3750.459,3771.193,-838,-786,-840,-828,-826,-793,-861,-869,-848,-800,-802,12206,12099,12263,11971,12094
231709,2026-03-14T21:06:39Z,2026-03-14T21:06:30Z,2026-03-14T21:03:14Z,-36.91458190000003,-49.22203677615221,-49.14220352064626,-40.12318481663641,-40.063864016930324,-40.33378735688672,-40.35416152247129,-40.37458099634003,-40.31302216328939,-40.46155718979307,-40.49478536270752,-40.475057843417886,-40.459981111303335,-40.6260838312414,-40.6511257305138,-40.78815234326558,-40.73291973436389,-40.77987354959728,-40.82861671081801,-40.790332924261946,-40.855530127109915,-40.83188228127659,-40.88589748144332,-35.26897120543305,-34.845776558311854,-34.574743417950856,-34.54143425253588,-34.59001839167237,675.55,676.448,677.309,676.177,676.277,677.243,678.784,679.723,680.737,678.354,683.535,3806.315,3772.345,3759.513,3778.696,-833,-783,-842,-829,-824,-793,-862,-865,-846,-804,-809,17192,17091,17256,16965,17080
231709,2026-03-15T09:06:33Z,2026-03-15T09:06:27Z,2026-03-15T09:03:14Z,-36.91037221000002,-44.353701142224594,-44.244346290932555,-40.27073583380445,-40.21189933228669,-40.350354844596666,-40.37041642842101,-40.393444174145486,-40.33183617131044,-40.48150710544826,-40.51488176150872,-40.502730787337015,-40.487608804230604,-40.648781463718024,-40.67385997940906,-40.79838221895682,-40.74291980300322,-40.78802957345562,-40.836473622602256,-40.79552973213276,-40.86065086983092,-40.83442333691593,-40.888418606837234,-35.36754301277318,-34.921081407571194,-34.6399305158825,-34.59836095183658,-34.637702740828644,681.693,679.39,679.86,679.151,679.25,680.23,681.777,682.727,683.445,681.34,686.57,3817.578,3782.051,3767.954,3785.777,-829,-789,-842,-830,-823,-792,-867,-869,-846,-801,-800,20112,20013,20178,19884,20001
231709,2026-03-15T21:06:40Z,2026-03-15T21:06:29Z,2026-03-15T21:03:14Z,-36.920621890000035,-43.227624464905006,-43.15129248334762,-40.34483880900862,-40.28667382051796,-40.357637974642216,-40.37750248159455,-40.40547830385151,-40.343960669985194,-40.50036843714014,-40.53384904387542,-40.5277113887461,-40.51288420461128,-40.66386508806474,-40.68905978290189,-40.80344385806785,-40.747886990039206,-40.79203406947485,-40.840357862958,-40.798025666012734,-40.86300964226203,-40.83586613830613,-40.88979000535943,-35.514853135817276,-35.01644836103512,-34.71550629865888,-34.65926131646066,-34.68831551651516,678.218,681.243,681.55,681.021,681.115,682.096,683.658,684.613,685.223,683.205,688.477,3831.842,3793.289,3776.987,3793.312,-837,-784,-845,-826,-825,-790,-860,-866,-846,-799,-807,21914,21812,21974,21688,21809
231709,2026-03-16T09:06:27Z,2026-03-16T09:06:20Z,2026-03-16T09:03:14Z,-36.91647321000002,-37.42987237183746,-37.33800187067894,-40.367677180900216,-40.309601798209144,-40.36429563830899,-40.384169472810186,-40.41534382309317,-40.35384332750584,-40.512026407788454,-40.54568191275811,-40.53988030899754,-40.52512103319049,-40.67067305813836,-40.69574755229732,-40.80635438669759,-40.75082380023554,-40.79437232942573,-40.842670757448104,-40.799603834043864,-40.86456264176638,-40.83680072682489,-40.89072954012579,-35.66696257086048,-35.11533690405557,-34.7877684719179,-34.71718531968679,-34.736313974504895,685.66,680.919,681.508,680.688,680.785,681.777,683.336,684.294,685.155,682.869,688.166,3846.701,3804.078,3785.611,3800.464,-834,-782,-842,-825,-820,-789,-860,-870,-849,-800,-802,21560,21457,21622,21336,21458
231709,2026-03-16T21:06:34Z,2026-03-16T21:06:28Z,2026-03-16T21:03:14Z,-36.908541910000025,-35.93240494430475,-35.85490011569803,-40.37618312073829,-40.31790465150388,-40.36897318631338,-40.388739302365934,-40.42094094116203,-40.35937611661029,-40.51776046520507,-40.55137135141601,-40.54515345198513,-40.53033686222247,-40.67403572342573,-40.69919653447761,-40.80820699423876,-40.75260804197063,-40.795903837005824,-40.84411918862958,-40.80057409315964,-40.86553762345923,-40.83749581700886,-40.891348107326365,-35.85366873236197,-35.23800751420052,-34.87491668637634,-34.780950948328325,-34.78772155132722,669.247,677.16,678.661,676.919,677.023,678.014,679.567,680.518,682.153,679.086,684.376,3865.157,3817.089,3795.1,3808.134,-840,-781,-833,-826,-825,-795,-864,-868,-852,-800,-811,17764,17665,17833,17541,17658
231709,2026-03-17T09:06:24Z,2026-03-17T09:06:19Z,2026-03-17T09:03:14Z,-36.89853627000002,-38.98105494498313,-38.856422157909776,-40.36278153395014,-40.30427620938502,-40.367859801729765,-40.38768521360609,-40.417762837795465,-40.35612368322356,-40.51364210978727,-40.547155704245995,-40.53961605129871,-40.5246334922534,-40.6718154498343,-40.69682501618826,-40.8078446593874,-40.75235649657793,-40.795547268354284,-40.84379212676822,-40.80041628106906,-40.86537999282564,-40.83731474391914,-40.89121972600847,-36.01277281281986,-35.35943207064415,-34.96123123653234,-34.843782194575056,-34.83716253772644,666.17,673.758,676.091,673.504,673.613,674.6,676.155,677.105,679.429,675.66,680.953,3883.509,3830.033,3804.48,3815.524,-837,-786,-839,-826,-824,-791,-869,-868,-842,-801,-806,14350,14246,14416,14130,14246
231709,2026-03-17T21:06:36Z,2026-03-17T21:06:24Z,2026-03-17T21:03:14Z,-36.89524173000001,-45.01467299086249,-44.93431992117209,-40.29883212048048,-40.2413257032735,-40.355416606505116,-40.37549397746932,-40.402846802597224,-40.34136153023371,-40.49402131864423,-40.527623283427005,-40.51844193207239,-40.503612235124564,-40.65857398055874,-40.68381793075932,-40.803151628006106,-40.74775828168623,-40.791250730649864,-40.83969785297799,-40.79779185957693,-40.86284616615299,-40.8356967424817,-40.88966745620061,-36.16818039837179,-35.491471467500105,-35.06101913455231,-34.91353382147858,-34.89075475860395,660.864,672.033,674.808,671.761,671.876,672.872,674.425,675.369,678.107,673.912,679.213,3903.495,3845.04,3814.897,3823.54,-833,-788,-842,-823,-825,-797,-862,-861,-844,-802,-810,12590,12488,12657,12366,12484
231709,2026-03-18T09:06:37Z,2026-03-18T09:06:27Z,2026-03-18T09:03:14Z,-36.87785388000003,-46.55263008009737,-46.45188715090683,-40.29709201875767,-40.23979631074519,-40.355010033189416,-40.37505221433531,-40.40309995033863,-40.341603178906325,-40.49413886458072,-40.527764251869485,-40.51720823582872,-40.50234294580571,-40.65643512835328,-40.681603905173546,-40.80190086620033,-40.74647118188008,-40.79050245650632,-40.83897358536717,-40.79732424379051,-40.8623907659327,-40.83543972715722,-40.88943402849992,-36.27269810816995,-35.60605260020239,-35.155535379013486,-34.98269327061155,-34.94312084237478,663.075,671.74,674.737,671.472,671.589,672.594,674.16,675.096,678.046,673.624,678.95,3920.946,3859.273,3825.265,3831.388,-837,-785,-836,-836,-823,-799,-866,-865,-848,-806,-812,12276,12173,12350,12059,12179
231709,2026-03-18T21:06:33Z,2026-03-18T21:06:22Z,2026-03-18T21:03:14Z,-36.87291207000001,-50.01530366121136,-49.936199177325136,-40.305272954506364,-40.246958685647115,-40.35792668685224,-40.3779265550215,-40.40453050718082,-40.34290570549729,-40.49543185317893,-40.52886261855812,-40.51986358563238,-40.50488737109475,-40.660677593123154,-40.68584444835781,-40.804040002690186,-40.748548078279754,-40.79226205409762,-40.84071414832738,-40.79832376780939,-40.86339497693777,-40.83607058086599,-40.890017595952855,-36.38176879074041,-35.719623637341726,-35.25653056120575,-35.05771894327427,-34.999957873699344,656.167,671.09,674.394,670.823,670.942,671.945,673.518,674.452,677.703,672.971,678.312,3938.251,3874.512,3836.521,3839.924,-833,-780,-847,-828,-825,-791,-864,-872,-847,-802,-806,11588,11481,11656,11368,11485
231709,2026-03-19T09:06:26Z,2026-03-19T09:06:17Z,2026-03-19T09:03:14Z,-36.85229069000002,-49.045469511076476,-48.90399155637857,-40.31979148447769,-40.261652418875,-40.35985335934035,-40.379787726780904,-40.40753278748349,-40.34600570983369,-40.50015687840738,-40.533661106745,-40.52579066065513,-40.51083957081997,-40.66410531464109,-40.68919448320881,-40.805203050988695,-40.749759078083855,-40.79320905725234,-40.84160777224017,-40.79897257214276,-40.86398465068464,-40.83643857560892,-40.89035606232818,-36.4744410789107,-35.81705461805157,-35.34707420704265,-35.13030851170299,-35.055889073377074,653.748,669.397,673.203,669.125,669.243,670.252,671.823,672.757,676.473,671.26,676.611,3953.173,3888.243,3847.436,3848.322,-837,-782,-839,-826,-818,-788,-867,-868,-852,-806,-804,9883,9778,9952,9665,9783
231709,2026-03-19T21:06:33Z,2026-03-19T21:06:22Z,2026-03-19T21:03:14Z,-36.85991694000003,-51.3993610039287,-51.3207561267769,-40.30959590083967,-40.25286854416831,-40.35678361312114,-40.376907595200635,-40.40882783738775,-40.34745546046457,-40.50153787201998,-40.535499339126545,-40.52665411556262,-40.51213216428826,-40.66122252710602,-40.686506271929204,-40.80332696622517,-40.74787528929207,-40.79181777551679,-40.84032865913957,-40.79821855559089,-40.863249017141754,-40.83602385120324,-40.88999425336985,-36.60260788490905,-35.92291066425153,-35.44196466466889,-35.2059909191062,-35.1151508834061,653.003,670.06,673.863,669.786,669.905,670.922,672.501,673.437,677.209,671.922,677.304,3969.396,3902.646,3858.833,3857.252,-833,-785,-840,-834,-820,-796,-864,-869,-847,-796,-807,10495,10397,10565,10281,10403
231709,2026-03-20T09:06:27Z,2026-03-20T09:06:17Z,2026-03-20T09:03:14Z,-36.85424301000003,-45.460513936209594,-45.354495148506146,-40.32030445572664,-40.262673568581334,-40.35856891866919,-40.378486091251204,-40.40780357320676,-40.34632984446171,-40.50058587165057,-40.53432475685659,-40.52688906692276,-40.51223204523919,-40.66338463179332,-40.688597114147115,-40.804174426585774,-40.74871773683489,-40.79258941501638,-40.841017865229304,-40.7984991210696,-40.86351174450385,-40.83615819887936,-40.89014014435617,-36.7359136414145,-36.02498269046387,-35.52847702963888,-35.27771027122182,-35.172600285908345,661.426,670.592,674.472,670.328,670.447,671.469,673.058,673.997,677.868,672.466,677.871,3985.11,3915.804,3869.674,3865.912,-838,-786,-847,-830,-827,-795,-867,-869,-848,-804,-806,11002,10904,11078,10793,10910
231709,2026-03-20T21:06:26Z,2026-03-20T21:06:16Z,2026-03-20T21:03:14Z,-36.845762620000016,-46.295470726207384,-46.218135824195116,-40.30961359294625,-40.25122731047796,-40.35719606520212,-40.377113744693276,-40.40689702437544,-40.34531618058611,-40.498899262361135,-40.532392514256316,-40.52414594697527,-40.50914152660238,-40.662031128962155,-40.68710952018472,-40.803648418208496,-40.74806835130701,-40.792139293261755,-40.84044547432268,-40.79821271046188,-40.86323150194096,-40.835977121501855,-40.889924225563334,-36.91667839181659,-36.14731859162595,-35.62469103796863,-35.35302259583929,-35.232895179480465,661.909,672.59,676.241,672.326,672.449,673.488,675.086,676.025,679.754,674.477,679.927,4003.953,3930.467,3881.04,3875.013,-839,-784,-841,-831,-827,-790,-865,-876,-837,-797,-809,12961,12865,13037,12751,12872
231709,2026-03-21T09:06:32Z,2026-03-21T09:06:22Z,2026-03-21T09:03:14Z,-36.84051576000002,-40.400226948280846,-40.31865349627785,-40.2393711436342,-40.18147534800511,-40.34815674858618,-40.36821915058883,-40.397742384956615,-40.33613340166488,-40.485522076536,-40.51895890127636,-40.50690872383538,-40.491899570973175,-40.650557254920784,-40.67561739456559,-40.79922390874813,-40.743721369494125,-40.788386189780766,-40.83690002594625,-40.79607335245731,-40.861065413685964,-40.834633626052806,-40.8885995166236,-37.10156151432534,-36.276262572707424,-35.72049972861484,-35.42665591034822,-35.291162198841704,674.125,675.875,679.044,675.599,675.723,676.782,678.388,679.33,682.717,677.763,683.256,4023.909,3945.133,3892.208,3883.838,-837,-785,-850,-823,-823,-790,-864,-865,-851,-796,-809,16195,16101,16276,15991,16116
231709,2026-03-21T21:06:28Z,2026-03-21T21:06:22Z,2026-03-21T21:03:14Z,-36.81098692000003,-38.819377800611676,-38.744355778859244,-40.27203418151541,-40.2147233634023,-40.35021341484696,-40.37028683274849,-40.40135732794931,-40.339846780898824,-40.492281609190286,-40.52603736344648,-40.5173022327119,-40.50246047383317,-40.65685118551647,-40.682049060254,-40.800913095413506,-40.74546488323469,-40.79011077778861,-40.838547197673904,-40.79703782720202,-40.86205797114832,-40.83519439325647,-40.88916558545799,-37.305343822873425,-36.424995068132034,-35.83063007210484,-35.50614258490077,-35.352989588508365,669.63,679.473,682.124,679.218,679.339,680.411,682.032,682.982,685.969,681.397,686.942,4046.988,3962.011,3904.275,3893.197,-840,-781,-839,-836,-822,-792,-865,-868,-846,-805,-811,19753,19665,19838,19560,19684
231709,2026-03-22T09:06:18Z,2026-03-22T09:06:14Z,2026-03-22T09:03:14Z,-36.83185234000001,-40.45497617132057,-40.40521339340978,-40.36286401543845,-40.3057506778471,-40.36764772586983,-40.38754388170622,-40.42677874929598,-40.365615289916775,-40.523916857935774,-40.5581873328681,-40.55158271238881,-40.53729052863122,-40.67540064970072,-40.70063696296927,-40.80792647713818,-40.75232724704037,-40.79600320819452,-40.84427103813633,-40.800878026309505,-40.86586455967148,-40.83760095595582,-40.891499830327945,-37.47820605928689,-36.569247966055514,-35.939738662307036,-35.585837005854245,-35.41443211841758,667.617,677.142,680.504,676.879,677.003,678.073,679.697,680.642,684.294,679.048,684.593,4069.464,3978.808,3916.409,3902.518,-835,-789,-845,-838,-827,-792,-862,-866,-854,-803,-804,17358,17258,17435,17155,17277
231709,2026-03-22T21:06:22Z,2026-03-22T21:06:14Z,2026-03-22T21:03:14Z,-36.82703255000001,-47.12918990596779,-47.04798965378967,-40.33817873908973,-40.27976459908078,-40.367394411944076,-40.38719055033937,-40.4208997447179,-40.3593289812965,-40.51532238923943,-40.54885844194209,-40.540526266900486,-40.52569667834706,-40.671668990673254,-40.696830871913335,-40.80783297112757,-40.752309697310494,-40.79564664017289,-40.844025742576605,-40.8005799380434,-40.865578490588916,-40.8374257242688,-40.891307258756655,-37.63989045923074,-36.7178065249353,-36.05860176183029,-35.6716630709619,-35.47988707114138,655.508,672.915,677.415,672.648,672.778,673.841,675.455,676.394,680.978,674.792,680.33,4092.685,3997.116,3929.491,3912.47,-836,-787,-835,-833,-820,-793,-865,-866,-851,-791,-810,13120,13022,13199,12914,13040
231709,2026-03-23T09:06:23Z,2026-03-23T09:06:13Z,2026-03-23T09:03:14Z,-36.81916226000001,-45.99665183356183,-45.91231818139576,-40.32285744663574,-40.26482795332285,-40.36241625727067,-40.382343788502425,-40.41550862557651,-40.35398474772256,-40.50947643915228,-40.5430924063308,-40.534947288594736,-40.52003394659761,-40.66865770473629,-40.69383266013088,-40.80683361594268,-40.751332753672955,-40.79462953208545,-40.842980304327085,-40.79991361738661,-40.86494212765331,-40.837005166002115,-40.89089877144437,-37.75339091187456,-36.84803575184324,-36.171353630661685,-35.75700319705322,-35.54509773819652,655.124,670.012,675.246,669.736,669.866,670.934,672.55,673.481,678.706,671.877,677.409,4113.14,4014.568,3942.544,3922.385,-839,-787,-843,-827,-823,-796,-866,-860,-842,-803,-807,10213,10119,10296,10012,10136
231709,2026-03-23T21:06:22Z,2026-03-23T21:06:13Z,2026-03-23T21:03:14Z,-36.80818046000002,-47.90665092814481,-47.82481652028795,-40.291464319708496,-40.232337678612566,-40.359959412706445,-40.379858402925066,-40.41142373051548,-40.349812695205344,-40.502395833449356,-40.53573425256013,-40.52418706541937,-40.50910039684953,-40.66247644089606,-40.68749020746543,-40.80440820650932,-40.74892834673986,-40.79300445915581,-40.84135078380427,-40.79887320619844,-40.86386788409354,-40.836356799206584,-40.89030354181597,-37.864760109048575,-36.97307009253717,-36.287475976276994,-35.84680093357366,-35.61392735274242,654.173,670.03,675.415,669.753,669.889,670.966,672.584,673.519,678.86,671.892,677.448,4132.811,4032.565,3956.294,3932.904,-830,-787,-840,-832,-830,-792,-872,-875,-855,-799,-806,10232,10132,10304,10025,10150
231709,2026-03-24T09:06:29Z,2026-03-24T09:06:21Z,2026-03-24T09:03:14Z,-36.80750935000003,-46.85496398985478,-46.78437408688828,-40.2452346075066,-40.186736375376114,-40.35293587227912,-40.37296115309829,-40.40312349890547,-40.34153834644215,-40.490888626175064,-40.52432216866114,-40.51157400267502,-40.49653086941325,-40.65455404222823,-40.679641665962805,-40.80178981591163,-40.74636002187211,-40.79056091578238,-40.83904951708459,-40.797388541191594,-40.86250753556902,-40.83541052079633,-40.88942819279512,-37.96210074842014,-37.083178439176976,-36.39435344296476,-35.93463511318842,-35.68250868000419,655.541,670.349,675.837,670.053,670.193,671.276,672.906,673.835,679.269,672.195,677.772,4150.202,4049.197,3969.775,3943.379,-832,-788,-843,-831,-822,-793,-861,-867,-846,-803,-811,10484,10383,10563,10280,10409
231709,2026-03-24T21:06:19Z,2026-03-24T21:06:12Z,2026-03-24T21:03:14Z,-36.797869770000034,-48.61966132360186,-48.53592183021823,-40.262472881741644,-40.204336334036725,-40.35253517289701,-40.37251347875335,-40.40488372527156,-40.343253433507584,-40.49472659046688,-40.52819302865211,-40.51787208535936,-40.50288944898813,-40.65785908570854,-40.68296278846657,-40.80204698466741,-40.746535537573266,-40.790829827669455,-40.839259789000266,-40.797569742562985,-40.862577597235315,-40.83553902867121,-40.889463207014984,-38.080143870335405,-37.195655901819975,-36.501599193190316,-36.023698302824556,-35.753652283219765,654.779,672.142,677.352,671.866,672.005,673.1,674.742,675.673,680.888,674.023,679.639,4168.01,4065.919,3983.484,3954.266,-842,-785,-842,-826,-831,-788,-864,-868,-854,-802,-805,12276,12175,12355,12076,12200
231709,2026-03-25T09:06:20Z,2026-03-25T09:06:11Z,2026-03-25T09:03:14Z,-36.77883465000002,-46.92522643330014,-46.833119500194414,-40.168734403782906,-40.11024629597202,-40.34059531994794,-40.360660538042566,-40.39418019339061,-40.33257892703915,-40.4806370581027,-40.51398286993239,-40.498041246011525,-40.48287093551218,-40.643178264355356,-40.66824173606352,-40.795968136030325,-40.7406262062467,-40.786164608603485,-40.83469203956298,-40.794734751016364,-40.85984512802227,-40.8338800863547,-40.8878175153437,-38.19419900376565,-37.30165422816265,-36.59996746923284,-36.108733556222916,-35.82308656905437,659.296,676.626,681.097,676.336,676.474,677.587,679.248,680.183,684.734,678.506,684.176,4184.833,4081.287,3996.594,3964.903,-840,-789,-836,-829,-829,-793,-864,-872,-847,-807,-807,16671,16576,16753,16473,16604
231709,2026-03-25T21:06:29Z,2026-03-25T21:06:19Z,2026-03-25T21:03:14Z,-36.76956113000003,-52.18223878127097,-52.09812568735657,-40.11446675744648,-40.05573460572367,-40.33404672365444,-40.354361866485164,-40.3870021059989,-40.32536315109894,-40.47399955068923,-40.50748456064437,-40.488431717151656,-40.47337632424359,-40.635264831228596,-40.66039633478027,-40.79269463776413,-40.73733777335815,-40.78379677408691,-40.83249565000423,-40.79291092834953,-40.8580584422391,-40.8330505969212,-40.88708219088312,-38.32965066240561,-37.41692314792684,-36.703122439157795,-36.19536109403879,-35.89440737150278,655.087,680.538,684.528,680.234,680.373,681.504,683.178,684.115,688.155,682.413,688.14,4203.168,4097.457,4009.984,3975.864,-841,-789,-841,-828,-827,-791,-862,-870,-857,-803,-810,20520,20428,20604,20326,20455
231709,2026-03-26T09:06:27Z,2026-03-26T09:06:18Z,2026-03-26T09:03:14Z,-36.76419225000001,-47.76678180740248,-47.68858281793379,-40.3318833307095,-40.272954808961344,-40.36768896290789,-40.38734366088201,-40.42440133071415,-40.36272261852406,-40.517055490549126,-40.55042021696809,-40.54080813705548,-40.52582590397907,-40.67021023635422,-40.69527322734558,-40.80568229003211,-40.75013933831926,-40.794518467444874,-40.84278756779028,-40.800012981493836,-40.86498883343293,-40.836993483783345,-40.89086959366679,-38.45716920783323,-37.52896741763877,-36.80151247722537,-36.27929823816706,-35.96425886005923,662.154,680.179,684.277,679.93,680.067,681.197,682.88,683.826,688.064,682.116,687.859,4221.052,4112.936,4022.988,3986.614,-834,-792,-850,-835,-824,-798,-862,-868,-843,-810,-811,20187,20098,20273,19996,20123
231709,2026-03-26T21:06:25Z,2026-03-26T21:06:14Z,2026-03-26T21:03:14Z,-36.779078690000034,-45.41268501012544,-45.33040683495119,-40.226354663495925,-40.167421705392,-40.35168662318691,-40.37162990006692,-40.40405365910172,-40.34241063123207,-40.49138234574144,-40.5247333503892,-40.50866559471274,-40.49356876442576,-40.651096427790634,-40.676185613577104,-40.79981425310393,-40.7443766561974,-40.78927479766662,-40.83777034606999,-40.79639484587611,-40.86143324583324,-40.8348848037179,-40.88878626160499,-38.6082873511443,-37.651619229858426,-36.90701528394138,-36.36613206654846,-36.03619658416298,667.115,679.404,683.96,679.12,679.266,680.399,682.076,683.013,687.551,681.295,687.051,4240.659,4129.549,4036.462,3997.715,-833,-779,-842,-831,-828,-793,-865,-869,-849,-799,-806,19345,19255,19433,19156,19286
231709,2026-03-27T09:06:19Z,2026-03-27T09:06:09Z,2026-03-27T09:03:14Z,-36.76693770000003,-43.257760947984394,-43.19577537544026,-40.10530916967372,-40.04771653798218,-40.33121720036226,-40.35165126665879,-40.387261216797555,-40.325693305794545,-40.47434643779255,-40.50783711079896,-40.48844935086413,-40.4735174327424,-40.63446170109489,-40.65962872663198,-40.79177685494466,-40.7366238887177,-40.78291392629714,-40.83156683190771,-40.79206329832431,-40.85725266353461,-40.832746837179144,-40.88678455684652,-38.76190752154989,-37.77567751644102,-37.01167258659612,-36.45204552520681,-36.106908173863076,673.681,683.109,687.043,682.801,682.945,684.098,685.793,686.735,690.673,684.992,690.794,4260.574,4146.087,4049.84,4008.628,-838,-792,-838,-825,-828,-789,-862,-864,-851,-799,-809,22976,22885,23063,22786,22914
231709,2026-03-27T21:06:20Z,2026-03-27T21:06:11Z,2026-03-27T21:03:14Z,-36.75510176000003,-41.4507895766323,-41.37114095499598,-40.21464065332685,-40.15612050858476,-40.34410211616529,-40.36410711401399,-40.400415346532355,-40.338821206548005,-40.48874324523317,-40.522172225341734,-40.50897113171061,-40.493880263186355,-40.650387297168294,-40.675465087451556,-40.79756389736656,-40.74205971523827,-40.787573568956674,-40.83603553362255,-40.795301760755734,-40.860370613110916,-40.83414295018207,-40.888097636443035,-38.932775626181694,-37.91213416847583,-37.12415338551037,-36.54141840719225,-36.179799257858036,680.366,688.824,691.596,688.578,688.724,689.893,691.611,692.563,695.505,690.798,696.669,4282.516,4163.907,4063.763,4019.911,-832,-781,-836,-828,-814,-789,-857,-862,-850,-806,-808,28688,28601,28780,28506,28637
231709,2026-03-28T09:06:11Z,2026-03-28T09:06:08Z,2026-03-28T09:03:14Z,-36.78993847000001,-39.93242362476386,-39.844155100614074,-40.32207918051341,-40.264668590853006,-40.360365948676275,-40.38022945116404,-40.42085854824248,-40.359488062815274,-40.51523426397722,-40.549187240377336,-40.54006822480861,-40.52558507414673,-40.66807183247002,-40.69328218964594,-40.80433222814062,-40.74876453910446,-40.793103835467065,-40.84150264074853,-40.79883229075861,-40.863797824023294,-40.83615819887936,-40.89012263745761,-39.07900235730591,-38.04398653592861,-37.233776042046514,-36.62895145240918,-36.251510964065886,684.274,690.169,692.862,689.924,690.067,691.241,692.964,693.915,696.768,692.143,698.041,4303.819,4181.298,4077.438,4031.027,-840,-783,-842,-832,-830,-795,-859,-868,-847,-808,-806,29927,29841,30023,29750,29875
231709,2026-03-28T21:06:19Z,2026-03-28T21:06:08Z,2026-03-28T21:03:14Z,-36.77932273000002,-43.00566577505137,-42.92421025639672,-40.37673089500882,-40.31990940933659,-40.37365032871136,-40.393402956771524,-40.44004683342641,-40.37892193650691,-40.534589040062,-40.56896436865293,-40.55981341536281,-40.54557622101072,-40.676888556893175,-40.70213590592522,-40.80779790633352,-40.75218099912331,-40.79602074426842,-40.844288559207,-40.801059216444884,-40.86600467461349,-40.83749581700886,-40.89135977834087,-39.211893102918026,-38.17332981433029,-37.343572208006805,-36.71727740328001,-36.324457739086085,675.435,687.822,691.148,687.571,687.718,688.889,690.613,691.565,694.965,689.782,695.683,4324.729,4198.76,4091.269,4042.359,-831,-782,-844,-827,-818,-781,-861,-873,-850,-804,-808,27577,27491,27676,27395,27531
231709,2026-03-29T09:06:25Z,2026-03-29T09:06:13Z,2026-03-29T09:03:14Z,-36.784630600000014,-42.402698240348315,-42.31294827023666,-40.347154905615525,-40.29026673510086,-40.37111152716929,-40.39090041447372,-40.43365737608224,-40.372489916842795,-40.52755867276957,-40.56186796341805,-40.55159445464116,-40.53743147220686,-40.6737662490396,-40.69894474843764,-40.807517387195446,-40.75192360186168,-40.795582340780896,-40.843920615582306,-40.80053317895644,-40.86554346162242,-40.837308902842125,-40.891173041820934,-39.30264525511441,-38.28440791833202,-37.44487250729276,-36.80287389193191,-36.3959664081338,672.039,682.2,686.964,681.924,682.072,683.234,684.949,685.895,690.409,684.107,689.981,4342.783,4214.927,4104.706,4053.481,-835,-784,-841,-828,-820,-793,-867,-863,-847,-793,-810,21899,21812,21997,21719,21846
231709,2026-03-29T21:06:17Z,2026-03-29T21:06:12Z,2026-03-29T21:03:14Z,-36.74497410000001,-41.1467236190951,-41.063062254744295,-40.08751035720087,-40.02954837244886,-40.328623339806654,-40.349076070436524,-40.38911028960757,-40.32750322494772,-40.47703326819018,-40.51043416021062,-40.48930164017327,-40.47422884919135,-40.634373766430855,-40.659493954639885,-40.791315034994454,-40.73607384023734,-40.78233509803104,-40.831058604217105,-40.792314665802394,-40.85746286778067,-40.832641689195384,-40.88668534515429,-39.39123659041226,-38.3962502527755,-37.55580648127335,-36.89557905237746,-36.471939761578,674.836,682.704,687.515,682.391,682.545,683.728,685.451,686.384,690.751,684.585,690.482,4360.969,4232.678,4119.274,4065.308,-842,-792,-840,-832,-823,-797,-864,-866,-850,-805,-814,22429,22337,22524,22249,22384
231709,2026-03-30T09:06:17Z,2026-03-30T09:06:06Z,2026-03-30T09:03:14Z,-36.735090480000025,-40.3470665068111,-40.27084206343841,-40.185926565839054,-40.1286646777406,-40.34116113782824,-40.36140878779386,-40.40123369382337,-40.339699429465185,-40.49075344027679,-40.52438090909703,-40.50969383742873,-40.49486176652576,-40.64979537127323,-40.67497301546115,-40.797622349303424,-40.742276201158944,-40.78766126241686,-40.83622245200283,-40.79555895916556,-40.86062167648734,-40.83438828865036,-40.88836608453323,-39.453119487006745,-38.49368297083589,-37.662004737039354,-36.98783523641174,-36.54756458159707,680.144,686.862,690.833,686.589,686.738,687.932,689.675,690.614,694.162,688.796,694.746,4376.873,4249.716,4133.832,4077.144,-838,-784,-844,-825,-820,-794,-861,-865,-848,-797,-807,26524,26435,26627,26352,26486
231709,2026-03-30T21:06:09Z,2026-03-30T21:06:05Z,2026-03-30T21:03:14Z,-36.70604972000001,-39.08962943492011,-39.004062812915066,-40.12104242661954,-40.06279162308613,-40.334017250221166,-40.354267587042045,-40.39418019339061,-40.33262019094536,-40.481383653629536,-40.514746634960204,-40.49581386667765,-40.480784026534224,-40.64089813922422,-40.666021230861816,-40.794325565179406,-40.739017121783405,-40.785340262723025,-40.83390929350702,-40.79402744219513,-40.85914447365093,-40.833482867582944,-40.887502377455206,-39.51827294565766,-38.585738442389356,-37.76410656890593,-37.07999374233924,-36.625092380533204,680.758,690.559,693.91,690.276,690.433,691.642,693.399,694.339,697.189,692.504,698.501,4391.921,4266.132,4148.379,4089.273,-834,-784,-839,-827,-829,-796,-862,-868,-844,-801,-811,30175,30089,30271,29999,30133
231709,2026-03-31T09:06:11Z,2026-03-31T09:06:05Z,2026-03-31T09:03:14Z,-36.71642142000002,-38.128737763369145,-38.0463592188558,-40.2391349382176,-40.18224975672126,-40.34713133261525,-40.36721178953866,-40.40947535072402,-40.3480094199069,-40.50134394736429,-40.53519982303865,-40.5252561341278,-40.510639803648985,-40.65954669154533,-40.68474334390817,-40.80137483657805,-40.745897827892634,-40.790636912750415,-40.83909040335169,-40.79740023162026,-40.86243747381613,-40.83531706034003,-40.88927646425955,-39.562692459526914,-38.66285626745298,-37.85374018220705,-37.166696232572974,-36.70045667408854,683.163,691.994,695.07,691.742,691.897,693.11,694.882,695.832,698.381,693.977,700.008,4404.563,4280.563,4162.111,4101.081,-841,-791,-847,-827,-820,-791,-865,-875,-851,-804,-810,31608,31516,31702,31428,31561
231709,2026-03-31T21:06:21Z,2026-03-31T21:06:12Z,2026-03-31T21:03:14Z,-36.72179030000001,-44.82793858252535,-44.74671810565425,-40.298554887719746,-40.24079425910895,-40.35934076512885,-40.379128078307616,-40.422994838472505,-40.36142057117141,-40.51719061139514,-40.55088991505136,-40.541976708287194,-40.52722387086948,-40.66945448110059,-40.69454709243226,-40.80560046902076,-40.75006328647876,-40.794091743364646,-40.84240793329559,-40.799697353723246,-40.86465605391285,-40.83663717495034,-40.89054863712428,-39.60101686204527,-38.73478320392638,-37.93924590418956,-37.250777866283784,-36.77569427652074,669.166,690.247,693.861,689.999,690.151,691.368,693.139,694.085,696.979,692.228,698.267,4416.356,4294.353,4175.449,4112.901,-833,-787,-843,-832,-820,-797,-868,-870,-845,-802,-803,29822,29730,29910,29633,29769
231709,2026-04-01T09:06:22Z,2026-04-01T09:06:12Z,2026-04-01T09:03:14Z,-36.72191232000003,-45.11845983190673,-45.036267871884775,-40.33523743684742,-40.27697351617064,-40.372902248791405,-40.392555049534195,-40.436181478093516,-40.37465756954424,-40.529884608424396,-40.56361720379462,-40.55336750593517,-40.53876454560603,-40.67611531875656,-40.70119907130311,-40.80865698750273,-40.753076030392805,-40.796704646886894,-40.844983557297525,-40.80148588768546,-40.86637247468764,-40.83776450504004,-40.89166322387646,-39.605918937004674,-38.78854199861959,-38.01163373852626,-37.32813423277747,-36.847508313470854,666.038,684.909,689.84,684.648,684.808,686.01,687.771,688.711,692.617,686.86,692.86,4425.196,4306.044,4187.734,4124.194,-840,-785,-849,-828,-821,-794,-870,-864,-850,-808,-806,24461,24367,24548,24273,24407
231709,2026-04-01T21:06:20Z,2026-04-01T21:06:10Z,2026-04-01T21:03:14Z,-36.74753652000001,-40.57759151884727,-40.49971025172525,-40.4462943603713,-40.38946949704973,-40.39999733702473,-40.419351912773124,-40.47033652325487,-40.409375280987035,-40.56256062230574,-40.59715898839477,-40.584292766229765,-40.570120602665554,-40.68999682176084,-40.715255791631336,-40.813425526415415,-40.757749850253646,-40.80115273370589,-40.849299362602636,-40.80495758550876,-40.86988105062164,-40.83994900812678,-40.893758120949116,-39.608788222701975,-38.83365242928207,-38.07956350940455,-37.4029415884786,-36.91864499772973,668.917,675.486,682.431,675.236,675.397,676.581,678.331,679.253,684.923,677.415,683.358,4432.619,4317.039,4199.636,4135.4,-837,-783,-847,-824,-823,-794,-868,-868,-844,-805,-815,15070,14976,15157,14877,15011
231709,2026-04-02T09:06:09Z,2026-04-02T09:06:02Z,2026-04-02T09:03:14Z,-36.73258907000002,-28.245994086985718,-28.164579176698965,-40.192960265069416,-40.134504896313075,-40.35249392426195,-40.372619507223334,-40.41137075434855,-40.3498068022472,-40.498264566633026,-40.531746460498795,-40.5123495520067,-40.4973477708925,-40.65193447956,-40.67707600694274,-40.80039874636503,-40.74504363656911,-40.789724942353956,-40.83825514945181,-40.79673387330928,-40.86184194541701,-40.835293695201784,-40.889270628538554,-39.6192417990747,-38.8707887674143,-38.14011498645186,-37.47496965537499,-36.98833555014008,663.537,669.964,678.324,669.65,669.816,670.996,672.737,673.648,680.195,671.804,677.714,4438.738,4326.907,4211.123,4146.363,-831,-791,-837,-826,-828,-783,-861,-864,-849,-801,-797,9556,9451,9629,9355,9490
231709,2026-04-02T21:06:09Z,2026-04-02T21:06:02Z,2026-04-02T21:03:14Z,-36.684391170000026,-30.03817044393304,-29.959416859740713,-40.05896993066983,-39.99999753039907,-40.32844648111825,-40.348740166195995,-40.39167179868659,-40.3300735590945,-40.47874406928901,-40.512061659977746,-40.488778512451034,-40.4736879383575,-40.63402202637769,-40.65909549640085,-40.79146702678915,-40.736179169088615,-40.7829080795768,-40.831572673578705,-40.79260110644253,-40.857772333722494,-40.8328811926512,-40.886877932398505,-39.653677243273535,-38.91674236831972,-38.206600124986835,-37.548039003155736,-37.057858424813276,670.122,676.755,683.551,676.443,676.61,677.821,679.589,680.499,685.425,678.634,684.618,4446.333,4337.676,4222.793,4157.399,-833,-783,-842,-827,-822,-795,-859,-875,-846,-799,-811,16293,16186,16367,16098,16232
231709,2026-04-03T09:06:10Z,2026-04-03T09:06:01Z,2026-04-03T09:03:14Z,-36.683842080000034,-34.81206524077618,-34.73114505882444,-40.08730900548392,-40.02928751104761,-40.32697263607406,-40.34732580955907,-40.392831798497156,-40.33129383524724,-40.481436561586094,-40.51488763656846,-40.49552001037742,-40.480601785620166,-40.63838930696778,-40.663525253571464,-40.79237312319438,-40.737074456313906,-40.78360968167402,-40.832302877693564,-40.793092144145504,-40.85823944892121,-40.832957132559216,-40.88700632353175,-39.66414540748323,-38.958829512736344,-38.26502540968244,-37.615693323251804,-37.12436800648865,677.491,684.323,689.374,684.047,684.219,685.455,687.248,688.167,691.405,686.276,692.343,4453.277,4347.177,4233.621,4167.931,-842,-784,-839,-836,-826,-791,-870,-867,-856,-799,-806,23798,23702,23881,23603,23736
231709,2026-04-03T21:06:09Z,2026-04-03T21:06:00Z,2026-04-03T21:03:14Z,-36.66187848000001,-36.675876205322595,-36.59936647885152,-40.15528657263957,-40.09659999135664,-40.33774845842717,-40.357808845320704,-40.40245236073304,-40.340895911437855,-40.492369771476035,-40.52585527339835,-40.51007575122665,-40.49516738072947,-40.64990086347976,-40.6750491697446,-40.79688585046091,-40.741462911876084,-40.78768464731647,-40.83613483408908,-40.795412823849716,-40.860440677420996,-40.83432987482601,-40.88829605471901,-39.62734496592907,-38.98943373012804,-38.31878792109481,-37.67898646947262,-37.18843361610723,682.136,689.713,693.595,689.483,689.65,690.897,692.71,693.643,695.7,691.722,697.852,4458.323,4355.912,4243.77,4178.086,-837,-789,-847,-830,-827,-782,-863,-867,-854,-799,-807,29137,29044,29226,28950,29087
231709,2026-04-04T09:06:11Z,2026-04-04T09:06:00Z,2026-04-04T09:03:14Z,-36.66218353000002,-35.27681727324688,-35.242503406955166,-40.26567787846477,-40.20773981649651,-40.35528697476667,-40.375175908377344,-40.422753553710294,-40.36123203682115,-40.51659725215188,-40.550326276869185,-40.53977460607081,-40.52502117576171,-40.667937080974525,-40.69303037686515,-40.80449002925323,-40.74895759805287,-40.79353056704298,-40.841823875247655,-40.799253133861924,-40.86425321293089,-40.836491146090765,-40.89040274718721,-39.531200034630615,-38.98862255360666,-38.356431053241465,-37.734465712094845,-37.247694002179884,680.869,688.106,692.42,687.87,688.041,689.29,691.104,692.042,694.401,690.121,696.25,4458.206,4362.042,4252.669,4187.493,-836,-782,-839,-830,-821,-789,-864,-868,-849,-798,-805,27539,27439,27621,27345,27478
231709,2026-04-04T21:06:11Z,2026-04-04T21:06:04Z,2026-04-04T21:03:14Z,-36.666637260000016,-46.21748063401074,-46.13596742100529,-40.319809173223035,-40.262655860949366,-40.36719411636983,-40.386978550410134,-40.43791121449695,-40.37656008427362,-40.53238664107465,-40.566422916064994,-40.55593304502878,-40.5414482118191,-40.675570530882624,-40.70078920120295,-40.807558296323435,-40.75191190195807,-40.79609673385883,-40.84437032413172,-40.80116442335259,-40.866080570062365,-40.83768857159555,-40.89154651424687,-39.42380164725816,-38.96711529829577,-38.38380895575014,-37.785728880055586,-37.305067271574046,674.367,683.791,689.087,683.555,683.728,684.965,686.777,687.708,690.879,685.786,691.902,4454.66,4366.49,4260.883,4196.61,-838,-785,-837,-831,-826,-789,-863,-872,-852,-802,-810,23228,23129,23305,23033,23167
231709,2026-04-05T09:06:08Z,2026-04-05T09:06:01Z,2026-04-05T09:03:14Z,-36.66804049000001,-46.256502841866904,-46.22247638232952,-40.23285739546807,-40.17445786141417,-40.354297049385764,-40.374239360720594,-40.41888108060019,-40.35729033952015,-40.50986423006816,-40.54339775131382,-40.530442583351174,-40.51557501420439,-40.66399399025934,-40.68910077868199,-40.80451925163294,-40.749074603152195,-40.79316813769259,-40.84157856906762,-40.79902517757168,-40.86406638715525,-40.83640936976454,-40.89036189793765,-39.30800986177056,-38.925884109387994,-38.394582616839415,-37.82868064245886,-37.35778047463606,677.767,680.463,686.625,680.194,680.365,681.605,683.409,684.333,688.085,682.411,688.512,4447.885,4368.23,4267.793,4205.005,-840,-781,-840,-829,-825,-786,-870,-868,-851,-800,-805,19864,19764,19936,19664,19796
231709,2026-04-05T21:06:02Z,2026-04-05T21:05:59Z,2026-04-05T21:03:14Z,-36.65144577000001,-47.15854547089771,-47.077156630486655,-40.209754622622455,-40.1509510766077,-40.34866355616339,-40.36859027886439,-40.41467283637837,-40.35293587227912,-40.50556312233516,-40.53892310284033,-40.52556745241009,-40.51046941342645,-40.660730328903725,-40.6857390244071,-40.80270159074402,-40.74707378229189,-40.79181777551679,-40.84016511747757,-40.79821271046188,-40.86329572431745,-40.83588950320757,-40.88984252634654,-39.21192925677778,-38.88069172360167,-38.3985615444912,-37.86681983360839,-37.408183643999365,672.941,680.826,686.8,680.575,680.756,681.998,683.815,684.731,688.235,682.803,688.927,4440.434,4368.864,4273.922,4213.041,-843,-782,-839,-833,-825,-791,-867,-867,-850,-799,-811,20247,20150,20319,20046,20178
231709,2026-04-06T09:06:02Z,2026-04-06T09:05:58Z,2026-04-06T09:03:14Z,-36.63106843000003,-43.07346687699575,-43.052283966484396,-40.201423110689774,-40.14322555938577,-40.34536922161115,-40.365308945100765,-40.41287761176079,-40.351238772115664,-40.50441140216222,-40.53801286062625,-40.52552046108468,-40.5105986750232,-40.66017953050144,-40.685247043328985,-40.80160862812818,-40.746120149523705,-40.79127995990649,-40.83962192213184,-40.79790291775507,-40.86295125799154,-40.83570258372549,-40.889649949156336,-39.14720089855604,-38.83417473805321,-38.39278616142363,-37.897201963261836,-37.453422855625405,679.046,683.143,688.522,682.91,683.092,684.346,686.176,687.099,689.998,685.154,691.308,4432.804,4367.928,4278.806,4220.259,-840,-782,-837,-828,-817,-796,-863,-864,-842,-807,-815,22495,22389,22559,22282,22414
231709,2026-04-06T21:06:11Z,2026-04-06T21:06:03Z,2026-04-06T21:03:14Z,-36.62667571000003,-49.88912119627935,-49.80724224067532,-40.205210860767295,-40.15040098142461,-40.33590941186023,-40.356235636186256,-40.41503187416296,-40.35376083220797,-40.50903576431827,-40.54316287070853,-40.531241358618985,-40.51673237412953,-40.65802902056487,-40.68337864697719,-40.800100655560385,-40.744616536018384,-40.78922218311723,-40.837723617813396,-40.79713135114636,-40.862198095506415,-40.835276171341775,-40.88927646425955,-39.14294696593339,-38.80441213525958,-38.385188764151195,-37.92170819995215,-37.494434465560204,664.362,684.736,689.779,684.48,684.663,685.933,687.773,688.696,691.219,686.737,692.922,4427.905,4366.677,4282.754,4226.81,-832,-789,-841,-830,-824,-800,-865,-872,-855,-805,-807,24060,23959,24130,23850,23985
231709,2026-04-07T09:06:16Z,2026-04-07T09:06:04Z,2026-04-07T09:03:14Z,-36.658644950000024,-48.74094285606003,-48.656233147484215,-40.24802734992994,-40.19085025325083,-40.35190465459712,-40.371841960271325,-40.422482842698855,-40.361014043156615,-40.514135623791105,-40.54787203481777,-40.53547584772784,-40.52081525043883,-40.664081877947694,-40.68929990061292,-40.80377115393611,-40.748249711987285,-40.79252511212917,-40.84095945825956,-40.7987972203579,-40.8638036623658,-40.83613483408908,-40.89008762364426,-39.17422425493183,-38.792523711585176,-38.37637566948845,-37.93941313239142,-37.529436338939604,665.413,682.591,688.142,682.339,682.523,683.788,685.626,686.549,689.511,684.584,690.77,4425.946,4365.226,4285.593,4232.404,-844,-783,-833,-829,-826,-795,-864,-873,-851,-798,-804,21908,21809,21979,21707,21838
231709,2026-04-07T21:06:16Z,2026-04-07T21:06:05Z,2026-04-07T21:03:14Z,-36.655411420000036,-47.119704190111946,-47.038059905494265,-40.24253029042535,-40.18583789980994,-40.350142699832816,-40.37019258115478,-40.420823236952884,-40.35939379234233,-40.512237920583544,-40.54602834539173,-40.533919520133225,-40.51925263160291,-40.663167839187395,-40.68844484257639,-40.80343801348147,-40.74791624189635,-40.79219190508135,-40.840632378113355,-40.798522501463,-40.86354093635771,-40.836012168781565,-40.88995340382655,-39.24168080979763,-38.80408396753404,-38.37733863051818,-37.956448510035244,-37.561573378854064,668.562,682.014,687.659,681.758,681.944,683.209,685.058,685.976,689.011,684.005,690.195,4427.842,4365.374,4288.335,4237.555,-838,-788,-840,-823,-827,-796,-862,-870,-853,-806,-812,21299,21200,21370,21096,21225
231709,2026-04-08T09:06:10Z,2026-04-08T09:06:02Z,2026-04-08T09:03:14Z,-36.65358112000001,-45.69715091779912,-45.61355929008528,-40.20173039533819,-40.14345036068855,-40.34713133261525,-40.367158770014754,-40.41411956037956,-40.35253517289701,-40.504205735291436,-40.53771335827105,-40.522618668605105,-40.50774897347347,-40.65859155982429,-40.68374178848566,-40.802140500287294,-40.746646697232734,-40.7912331930886,-40.83974457960184,-40.79772171745671,-40.86275275102173,-40.83557991747921,-40.88955074247022,-39.33496835668191,-38.834733480573504,-38.38838362693073,-37.97485741778539,-37.5916886408628,671.422,682.035,687.664,681.771,681.959,683.23,685.08,685.996,688.997,684.013,690.224,4432.854,4367.184,4291.308,4242.347,-838,-784,-845,-828,-824,-797,-863,-866,-849,-801,-804,21245,21146,21320,21039,21170
231709,2026-04-08T21:06:02Z,2026-04-08T21:05:55Z,2026-04-08T21:03:14Z,-36.613497550000034,-36.056631450810954,-35.97717237951895,-40.198941131018415,-40.14207787466063,-40.34303536705198,-40.36314091665466,-40.41396063963319,-40.35243499758562,-40.5059333129507,-40.53969239254246,-40.52744119865173,-40.512737322548304,-40.66052524503104,-40.68569802615008,-40.802134655565595,-40.746728604208926,-40.79143195179611,-40.83985555517856,-40.798019820863715,-40.86300964226203,-40.83571426621123,-40.8897199773011,-39.45858767464074,-38.88950676855066,-38.41464538562724,-37.99857220518112,-37.622263259883056,686.38,683.155,688.413,682.906,683.092,684.37,686.237,687.153,689.88,685.162,691.395,4441.866,4371.468,4295.135,4247.263,-840,-787,-845,-832,-828,-796,-866,-864,-843,-795,-808,22377,22280,22454,22181,22309
231709,2026-04-09T09:06:02Z,2026-04-09T09:05:55Z,2026-04-09T09:03:14Z,-36.627041770000034,-39.65349210505707,-39.56647357053865,-40.16221789586095,-40.10313053019544,-40.34354222285893,-40.36354742862943,-40.41078212678465,-40.34908785651217,-40.50046246298058,-40.53385491690037,-40.516186009296945,-40.50105012081676,-40.65492323238732,-40.67995211438935,-40.80093062995729,-40.745476584485715,-40.79050245650632,-40.83893269901549,-40.79733593423251,-40.862425796848896,-40.8353229016231,-40.88932898572159,-39.58454956498724,-38.95836914910083,-38.45077661732506,-38.025334321697784,-37.652136694068275,675.885,682.267,687.799,681.998,682.189,683.473,685.336,686.254,689.231,684.26,690.501,4453.201,4377.383,4299.467,4252.039,-837,-786,-847,-833,-825,-792,-861,-864,-852,-801,-808,21469,21376,21548,21274,21405
231709,2026-04-09T21:06:03Z,2026-04-09T21:05:54Z,2026-04-09T21:03:14Z,-36.61105715000002,-43.818090660054565,-43.73379504027176,-40.23983764625558,-40.1823798089836,-40.35222875371076,-40.37213059643247,-40.42248872773524,-40.36100815142373,-40.515122638441284,-40.54894651314467,-40.53707323990892,-40.52246006417849,-40.66668329051575,-40.69185328341209,-40.805109540455874,-40.7495835724888,-40.79379946472912,-40.842156789074636,-40.799504469214185,-40.86443419981342,-40.83657292229864,-40.890536965943085,-39.706879393123614,-39.039143499758296,-38.49852195713555,-38.057318877626045,-37.683254225553924,665.565,680.391,686.255,680.138,680.337,681.611,683.481,684.397,687.816,682.397,688.639,4466.526,4385.185,4304.626,4257.03,-835,-785,-845,-827,-830,-797,-862,-866,-849,-801,-811,19573,19479,19655,19378,19506
231709,2026-04-10T09:06:12Z,2026-04-10T09:06:02Z,2026-04-10T09:03:14Z,-36.60959291000003,-41.494637807418854,-41.413699685344596,-40.14035038463487,-40.08086534291928,-40.34246367512122,-40.3624751730315,-40.41111764528014,-40.3494237585833,-40.50140271248415,-40.53482395739695,-40.51609201049607,-40.50113826894696,-40.654700546553755,-40.679741243948826,-40.801252095625415,-40.74580421852065,-40.79085905714493,-40.83934740206752,-40.797680801179524,-40.862688528029565,-40.835609123752505,-40.88960909936537,-39.79886824875257,-39.11849015520585,-38.552071665440565,-38.093551809889476,-37.715550954511116,670.126,678.461,684.767,678.168,678.362,679.642,681.508,682.421,686.307,680.413,686.646,4479.637,4393.965,4310.492,4262.213,-836,-779,-839,-823,-826,-795,-862,-872,-852,-799,-808,17581,17483,17660,17380,17514
231709,2026-04-10T21:06:08Z,2026-04-10T21:06:00Z,2026-04-10T21:03:14Z,-36.59952626000003,-39.53655191262703,-39.45573373952817,-40.12921499948962,-40.070570424515125,-40.3367641047864,-40.35687199597572,-40.40773293358342,-40.346064643547635,-40.49792958535835,-40.531417557477994,-40.51412387350945,-40.49911082596486,-40.65320032395101,-40.67830613220781,-40.79994284214223,-40.74442346209685,-40.789871092451335,-40.83829603629377,-40.79707289869933,-40.86206964819141,-40.835171028067464,-40.88918892838154,-39.87478798468098,-39.19481945320189,-38.61274822062245,-38.13603308503184,-37.7510770289239,673.723,679.451,685.349,679.184,679.384,680.674,682.55,683.462,687.121,681.441,687.705,4492.28,4403.917,4317.386,4267.93,-841,-793,-838,-832,-823,-792,-859,-871,-845,-803,-813,18585,18487,18663,18389,18519
231709,2026-04-11T09:06:02Z,2026-04-11T09:05:58Z,2026-04-11T09:03:14Z,-36.60843372000002,-44.463263367896815,-44.37902364719196,-40.09340251428344,-40.03465862182907,-40.33134099512219,-40.351521625857146,-40.40317648314354,-40.341550134168756,-40.49260487020857,-40.52599037252429,-40.506409268629255,-40.49139410091479,-40.64776167671775,-40.67280550363631,-40.79780354992181,-40.74239907117368,-40.78811142002533,-40.83658460460438,-40.79593890921012,-40.861059575061205,-40.834534322946865,-40.88855866607702,-39.93426490916528,-39.26172380985187,-38.67172445421687,-38.18064252551363,-37.78782961487039,663.548,681.401,686.79,681.121,681.32,682.623,684.512,685.424,688.723,683.39,689.68,4503.373,4413.596,4324.616,4273.838,-835,-783,-843,-831,-825,-794,-871,-870,-856,-805,-811,20466,20374,20546,20275,20405
231709,2026-04-11T21:06:02Z,2026-04-11T21:05:51Z,2026-04-11T21:03:14Z,-36.59214405000003,-45.932744662696535,-45.84727986337103,-40.04612225989351,-39.986702195353956,-40.32452596402365,-40.344673790688205,-40.396676696045176,-40.33495449748733,-40.486932830760026,-40.520274800850586,-40.498746465915474,-40.483623378878065,-40.642117343772014,-40.6671578593928,-40.79509717027176,-40.739654909889936,-40.78637507795429,-40.83483807307408,-40.794816587826546,-40.85993270920906,-40.83390345207778,-40.88791672505775,-39.98471442605958,-39.32379355944565,-38.73002966021528,-38.22725081551056,-37.826730897474334,663.323,684.816,689.381,684.538,684.743,686.058,687.967,688.878,691.504,686.827,693.169,4513.688,4423.169,4332.184,4280.1,-841,-788,-847,-825,-821,-801,-860,-862,-848,-801,-808,23882,23795,23970,23699,23830
231709,2026-04-12T09:06:08Z,2026-04-12T09:05:57Z,2026-04-12T09:03:14Z,-36.57524428000002,-45.87775050280703,-45.793716773372495,-40.06766757952275,-40.00867534128889,-40.326660175730126,-40.346801309526796,-40.40013274890907,-40.33845576728356,-40.489742474247635,-40.5230533598633,-40.503518214704684,-40.48837881598001,-40.64560482400873,-40.67066134117874,-40.796482525580586,-40.741000677446095,-40.787240332560145,-40.83569090123734,-40.79537775131743,-40.86045235479756,-40.83411374315054,-40.8881443231586,-40.01617161754717,-39.37554657133825,-38.78375133845449,-38.273552769548104,-37.86624907623664,665.937,687.455,691.316,687.194,687.399,688.723,690.647,691.564,693.72,689.497,695.876,4522.296,4432,4339.697,4286.47,-837,-794,-845,-827,-827,-795,-863,-870,-851,-802,-807,26462,26366,26547,26271,26401
231709,2026-04-12T21:06:01Z,2026-04-12T21:05:50Z,2026-04-12T21:03:14Z,-36.57975902000001,-44.947267602307136,-44.870197483901535,-40.26354713780205,-40.20677079161487,-40.35126823611637,-40.371087964646506,-40.43139205637999,-40.37005709420029,-40.52603736344648,-40.560030614074236,-40.54754910006176,-40.53285062048715,-40.66975912786623,-40.69487502550115,-40.80432053915172,-40.74878208994548,-40.793875457320496,-40.84211006444531,-40.79965059390298,-40.86457431829311,-40.83664885724281,-40.89058365065338,-40.052742048517416,-39.42238569897424,-38.83518897230044,-38.320083726607976,-37.9069899786621,668.944,688.565,691.978,688.382,688.595,689.921,691.863,692.787,694.818,690.715,697.114,4530.08,4440.466,4347.274,4293.048,-835,-790,-849,-830,-827,-796,-864,-874,-845,-803,-809,27617,27523,27701,27423,27554
231709,2026-04-13T09:06:08Z,2026-04-13T09:05:58Z,2026-04-13T09:03:14Z,-36.59110688000001,-47.93786854653399,-47.846868671373215,-40.279434161349116,-40.22084945912644,-40.36203919487613,-40.3816723923008,-40.4387819453037,-40.377225654088164,-40.53225743091866,-40.5659592203578,-40.55258079487774,-40.537889536325196,-40.67432277079098,-40.69938976485278,-40.807096605868566,-40.75147315380724,-40.79603243498133,-40.844282718850735,-40.80107090611099,-40.86602218895686,-40.837624320139724,-40.891517336802025,-40.09977359111895,-39.46594359617626,-38.880958686408746,-38.36425411395322,-37.94709256004194,661.178,685.926,690.017,685.724,685.927,687.25,689.179,690.102,692.958,688.025,694.42,4537.354,4448.013,4354.457,4299.531,-834,-786,-841,-829,-824,-797,-866,-862,-848,-808,-809,24887,24792,24968,24692,24821
231709,2026-04-13T21:06:02Z,2026-04-13T21:05:52Z,2026-04-13T21:03:14Z,-36.584639820000035,-47.588206492246286,-47.505333660889676,-40.16112976188839,-40.10253849300844,-40.34292928034861,-40.36296417136168,-40.41681525609448,-40.35521037404729,-40.50756094670413,-40.5409549438541,-40.523746509054206,-40.508718476238414,-40.65869117555701,-40.68386478749136,-40.802339220463665,-40.746845613967054,-40.79163655561405,-40.84009502804898,-40.79818348480768,-40.86320814833144,-40.83583693216576,-40.88979584102705,-40.165464423447474,-39.51418276230049,-38.925005172209836,-38.40713130796951,-37.987152580073825,659.646,682.321,687.257,682.071,682.274,683.598,685.52,686.439,690.26,684.364,690.739,4545.395,4455.285,4361.442,4305.99,-834,-791,-838,-828,-823,-793,-863,-869,-852,-800,-807,21297,21203,21383,21105,21238
231709,2026-04-14T09:06:02Z,2026-04-14T09:05:55Z,2026-04-14T09:03:14Z,-36.57420711000003,-49.037177673913845,-48.95140515398069,-40.13100202621166,-40.074379424328015,-40.330951924916434,-40.351191629680955,-40.410311220126886,-40.34885213450906,-40.50300109950351,-40.5367326234219,-40.52058614746065,-40.50586280064584,-40.654682966055134,-40.6799345418832,-40.79967397381796,-40.74423038750919,-40.789724942353956,-40.83815001172229,-40.7970436724531,-40.86204629410281,-40.83513598026582,-40.889148078258984,-40.24560068355507,-39.570236450184524,-38.973274193242474,-38.451082796200296,-38.027621462209595,657.827,684.478,688.716,684.243,684.453,685.787,687.729,688.645,692.022,686.559,692.966,4554.747,4463.26,4368.611,4312.548,-836,-794,-843,-830,-828,-798,-867,-871,-857,-797,-813,23442,23353,23532,23256,23386
231709,2026-04-14T21:06:02Z,2026-04-14T21:05:54Z,2026-04-14T21:03:14Z,-36.57304792000002,-50.60858575227155,-50.52566634668014,-40.17921708392046,-40.121421198043464,-40.33932220795563,-40.35929362978413,-40.417762837795465,-40.35630634320074,-40.511591628918325,-40.54525327274328,-40.53142343076354,-40.5167147495427,-40.66199597260467,-40.68716808762821,-40.8019476241511,-40.74638927452719,-40.79176516334712,-40.84011255041426,-40.798130878591905,-40.86318479471234,-40.83588950320757,-40.88987170465177,-40.34324753983128,-39.63618764400513,-39.0261583514052,-38.49613617417211,-38.06851668918415,657.008,686.959,690.5,686.772,686.979,688.32,690.282,691.194,694.123,689.096,695.537,4565.761,4471.998,4375.971,4319.153,-836,-792,-844,-827,-825,-796,-865,-861,-848,-797,-808,25866,25772,25953,25678,25810
231709,2026-04-15T09:06:05Z,2026-04-15T09:05:55Z,2026-04-15T09:03:14Z,-36.56127299000002,-51.7750094039059,-51.67775633519622,-40.173636039321394,-40.116248365450645,-40.336310235062086,-40.35628866645581,-40.41786877757693,-40.35632991218495,-40.511920651084125,-40.5455938363161,-40.53201662936041,-40.5173551058877,-40.661117056430214,-40.68631885366378,-40.801474198105524,-40.74593293136681,-40.79130918914794,-40.83965696715043,-40.797996440261386,-40.862992126987166,-40.83570258372549,-40.88971414162563,-40.45221178846879,-39.70859158302699,-39.080095985194674,-38.54083376773656,-38.10859699442406,654.879,688.851,691.863,688.656,688.865,690.215,692.187,693.108,695.75,690.989,697.467,4577.877,4480.932,4383.276,4325.668,-844,-792,-851,-838,-830,-792,-871,-871,-855,-798,-818,27727,27637,27820,27546,27679
231709,2026-04-15T21:06:04Z,2026-04-15T21:05:54Z,2026-04-15T21:03:14Z,-36.55486694000001,-49.681300858760864,-49.59746944027762,-40.12148038083251,-40.06458683355228,-40.33091655475806,-40.351179844065854,-40.4095930795896,-40.348245145600146,-40.502002113096324,-40.535787107943975,-40.51907639359618,-40.504611192095524,-40.654536461683136,-40.67975881651611,-40.79970319869801,-40.74428304428099,-40.78987693844732,-40.83834276407697,-40.796973529400105,-40.8619995858968,-40.83513013896345,-40.889072213667674,-40.57843655470393,-39.79130463468607,-39.139513377394394,-38.58739915866411,-38.149485920853124,660.534,689.481,692.372,689.264,689.466,690.825,692.801,693.721,696.415,691.593,698.086,4591.721,4490.784,4390.885,4332.294,-836,-789,-844,-826,-829,-799,-860,-872,-854,-805,-807,28270,28180,28359,28086,28221
231709,2026-04-16T09:06:05Z,2026-04-16T09:05:53Z,2026-04-16T09:03:14Z,-36.54559342000002,-49.64823424260132,-49.56016699951837,-40.2276659050051,-40.17208104607397,-40.346206084197746,-40.366204409671155,-40.42923255968276,-40.368154350151826,-40.52336469067026,-40.55768834483456,-40.5450066564226,-40.53067751846234,-40.66780232915207,-40.69305965747958,-40.80441989548004,-40.748986849350615,-40.793705935244986,-40.84203997742887,-40.79960967902835,-40.864533450438955,-40.836689745247384,-40.890653677646924,-40.719201106420314,-39.883748375350194,-39.20481245426711,-38.63643063768089,-38.191187490659445,658.971,686.781,690.231,686.592,686.794,688.145,690.128,691.045,694.546,688.921,695.41,4607.238,4501.625,4398.922,4339.06,-845,-786,-843,-831,-821,-790,-863,-864,-851,-807,-805,25636,25548,25737,25460,25597
231709,2026-04-16T21:05:54Z,2026-04-16T21:05:46Z,2026-04-16T21:03:14Z,-36.53162213000002,-50.50517705938992,-50.42662893499403,-40.02563531466288,-39.96682108315281,-40.319390538019746,-40.339675853198344,-40.39880216526049,-40.33719439332515,-40.49095328018197,-40.5243691610149,-40.50266614727295,-40.48764407218175,-40.64434466740502,-40.66940175360608,-40.79619610470678,-40.74084269771453,-40.78715263844319,-40.83566169500634,-40.7955063504956,-40.860534096366166,-40.83416631579638,-40.888237696474505,-40.87434672747776,-39.987396413309995,-39.276854470623704,-38.68835918201876,-38.234062544142546,659.08,687.298,690.585,687.043,687.244,688.604,690.585,691.498,694.995,689.36,695.864,4624.66,4513.598,4407.431,4346.032,-840,-791,-839,-827,-826,-788,-867,-872,-845,-805,-817,26027,25937,26124,25852,25981
231709,2026-04-17T09:06:04Z,2026-04-17T09:05:53Z,2026-04-17T09:03:14Z,-36.52607022000001,-51.673234028967585,-51.586516232700546,-40.238491273142415,-40.18407637062356,-40.34347149907947,-40.36356510299356,-40.43164507080405,-40.3709524799408,-40.52708877478642,-40.56193840370369,-40.5499622574674,-40.536133603086796,-40.66903265974332,-40.69451195663174,-40.80381791033335,-40.7482848139866,-40.79348964771714,-40.84183555646774,-40.799504469214185,-40.86440500841988,-40.83673647435921,-40.89064784206741,-41.03118800417667,-40.09890915941784,-39.35505736963856,-38.74342477508509,-38.27826764162066,655.746,688.179,691.03,688.039,688.235,689.599,691.599,692.523,695.862,690.374,696.902,4643.456,4526.63,4416.473,4353.214,-842,-793,-843,-832,-823,-798,-865,-871,-848,-803,-804,26969,26875,27067,26792,26925
231709,2026-04-17T21:06:02Z,2026-04-17T21:05:52Z,2026-04-17T21:03:14Z,-36.518810030000026,-49.57944697459433,-49.49008089489604,-40.14184715152376,-40.081599770857196,-40.340035390144834,-40.359800332579056,-40.41836316048551,-40.35664809246248,-40.511615130567264,-40.54489509153245,-40.52603736344648,-40.511051088205534,-40.65863843783842,-40.683636360550025,-40.80121118191511,-40.74568720658547,-40.79156640581746,-40.83988475924147,-40.7980490466029,-40.86308554172362,-40.83593039176182,-40.88984252634654,-41.19055279802842,-40.217559059579344,-39.44095180800167,-38.80316022388078,-38.32484902491777,661.464,688.36,691.245,688.188,688.38,689.745,691.748,692.667,696.143,690.511,697.054,4663.5,4540.951,4426.293,4360.811,-836,-794,-842,-826,-823,-793,-865,-872,-848,-802,-811,27095,27004,27199,26920,27057
231709,2026-04-18T09:05:59Z,2026-04-18T09:05:48Z,2026-04-18T09:03:14Z,-36.53015789000003,-38.767995864573834,-38.68920599301032,-40.1762729196968,-40.11822522871577,-40.340954850748744,-40.36086085789188,-40.42252403794001,-40.36099636795595,-40.515639639008015,-40.54920485452365,-40.53447745397514,-40.51963447867058,-40.66370688950775,-40.68880795101873,-40.80325098639727,-40.74768222661129,-40.79271802057022,-40.84101202453505,-40.798820600627494,-40.863850369084076,-40.83631591096096,-40.89026269249507,-41.36120854374951,-40.344190519839,-39.53513916826094,-38.8688710439082,-38.37504466437855,681.218,684.098,687.874,683.935,684.125,685.483,687.481,688.399,692.986,686.243,692.762,4684.935,4556.685,4437.112,4368.996,-830,-789,-847,-831,-827,-795,-866,-868,-850,-801,-815,22861,22766,22994,22690,22825
231709,2026-04-18T21:06:00Z,2026-04-18T21:05:49Z,2026-04-18T21:03:14Z,-36.51582054000002,-43.05956751076587,-42.985954196673134,-40.136759154239854,-40.07948530134084,-40.333486725658304,-40.353531023211815,-40.41711542351959,-40.35555213026177,-40.510798442344424,-40.544489932918054,-40.529455844882506,-40.51477601032522,-40.660859238378634,-40.686031868221306,-40.802309996952346,-40.74685731492943,-40.79195807439518,-40.84029945530608,-40.79846405046126,-40.86347087588311,-40.83602385120324,-40.889982582074765,-41.53383109945125,-40.47624545856141,-39.63418025312251,-38.93793300367193,-38.42723758312067,669.296,683.786,687.552,683.618,683.803,685.167,687.164,688.085,692.799,685.921,692.45,4707.341,4573.265,4448.498,4377.511,-843,-785,-848,-829,-820,-798,-865,-870,-853,-802,-808,22464,22374,22663,22293,22428
231709,2026-04-19T09:06:01Z,2026-04-19T09:05:49Z,2026-04-19T09:03:14Z,-36.508926410000015,-48.657151328401284,-48.56984708684618,-40.11836727591384,-40.0602794101583,-40.33073970361707,-40.35076145305766,-40.415443881803554,-40.353813864913946,-40.50914740227884,-40.54268136232341,-40.52570255224606,-40.51073381182033,-40.65807003924533,-40.68317364669153,-40.801421594965745,-40.74592708078927,-40.79114550520018,-40.83954599118363,-40.79806658203913,-40.86310889538373,-40.83574931365399,-40.889737484323746,-41.67621181499845,-40.60642690966381,-39.734070740129255,-39.00865579732198,-38.4809131874195,656.508,682.186,686.218,682.021,682.19,683.555,685.556,686.468,691.615,684.308,690.836,4729.486,4590.019,4460.183,4386.288,-838,-793,-841,-832,-821,-795,-863,-865,-849,-798,-809,20860,20767,21156,20690,20829
231709,2026-04-19T21:05:55Z,2026-04-19T21:05:43Z,2026-04-19T21:03:14Z,-36.50758419000002,-51.64907162188089,-51.57100255474725,-40.23625314780389,-40.17818841863334,-40.35030180848403,-40.37003942196378,-40.4369463343202,-40.375329052988974,-40.53046020351945,-40.564098528627966,-40.55130089757759,-40.53652120522753,-40.671985341977376,-40.69709437890407,-40.80592190802432,-40.750244640697076,-40.79521992465146,-40.843435860801605,-40.800743594541814,-40.865666062910464,-40.83741404213697,-40.89130142324433,-41.766723905886664,-40.72412357852926,-39.8352175664792,-39.08248254543801,-38.53703218463971,648.251,679.954,684.398,679.859,680.027,681.391,683.395,684.31,690,682.15,688.673,4749.559,4607.012,4472.374,4395.462,-843,-787,-842,-827,-824,-798,-857,-876,-851,-805,-808,18728,18632,19162,18560,18695
231709,2026-04-20T09:06:48Z,2026-04-20T09:06:38Z,2026-04-20T09:03:14Z,-36.50044602000003,-53.2385475671021,-53.148224525893085,-40.04169477193966,-39.982922401795264,-40.320994305885506,-40.34122597074696,-40.4032647900917,-40.34162675432847,-40.49849376316345,-40.531899164801644,-40.5102520182337,-40.495232029668756,-40.64810160780263,-40.67315699778405,-40.79734762467211,-40.74200705637415,-40.78840957437882,-40.83690586706561,-40.79621948605728,-40.86129895818337,-40.834914010350616,-40.888838783520384,-41.82375235531225,-40.82122612644184,-39.932477082330365,-39.15834382679233,-38.595427149492195,643.59,680.428,684.722,680.262,680.42,681.787,683.797,684.707,690.298,682.536,689.073,4766.148,4623.372,4484.942,4405.017,-842,-785,-847,-831,-829,-797,-864,-866,-850,-804,-811,19069,18982,19681,18910,19049
231709,2026-04-20T21:05:56Z,2026-04-20T21:05:46Z,2026-04-20T21:03:14Z,-36.500751070000035,-52.47182445940527,-52.38705829756094,-40.01935009311384,-39.96037440941501,-40.317432932897134,-40.337724881305064,-40.40061551895576,-40.33903929008724,-40.49506159139102,-40.52850433024054,-40.50598032110341,-40.4909767907109,-40.64569860195908,-40.67079608606511,-40.79692676731622,-40.74147461396399,-40.787895110975114,-40.836432734441274,-40.79586876477967,-40.86091360924618,-40.83455768839926,-40.88857033766473,-41.88024128045268,-40.904027251357945,-40.0230442347881,-39.23489960795237,-38.65601045738825,646.235,679.813,684.159,679.644,679.791,681.159,683.172,684.082,689.819,681.901,688.447,4780.323,4638.656,4497.628,4414.961,-844,-787,-841,-829,-817,-800,-865,-867,-857,-801,-813,18387,18302,19199,18230,18362
231709,2026-04-21T09:05:52Z,2026-04-21T09:05:41Z,2026-04-21T09:03:14Z,-36.48244807000003,-52.91051375442996,-52.82320265995406,-40.0504782579641,-39.992208216634424,-40.320227805161835,-40.3404538645479,-40.40679106313152,-40.345127589851614,-40.5001627550499,-40.53358475710169,-40.5146232582548,-40.49962797799077,-40.65208099080624,-40.67715801614065,-40.79943432922883,-40.74394369977142,-40.78946187122111,-40.83793973567626,-40.79696768414178,-40.86204629410281,-40.835141821567646,-40.88910722810704,-41.95362980620095,-40.98126648749624,-40.1063510957967,-39.30963957562835,-38.71750745311803,644.868,679.459,683.718,679.326,679.467,680.839,682.858,683.773,689.526,681.584,688.143,4793.568,4652.721,4510.058,4425.066,-833,-793,-847,-828,-822,-796,-863,-867,-855,-794,-809,18059,17978,19115,17903,18041
231709,2026-04-21T21:05:56Z,2026-04-21T21:05:45Z,2026-04-21T21:03:14Z,-36.48165494000003,-53.37710728213273,-53.29350344909716,-40.10539205091604,-40.048344753184125,-40.32727330374584,-40.34738474182754,-40.41374874457935,-40.352317144039546,-40.50798988182649,-40.5416478666389,-40.5257143000421,-40.51102758631421,-40.65890798565124,-40.6840814993634,-40.80187748721036,-40.74631321759213,-40.79147287261924,-40.83992564490424,-40.7981542591383,-40.86320814833144,-40.83585445585183,-40.8898191836916,-42.051646164881504,-41.06200917817176,-40.185211322310465,-39.38208618649654,-38.779093959796455,644.26,679.213,683.453,679.121,679.256,680.624,682.654,683.57,689.333,681.376,687.943,4807.415,4666.062,4522.097,4435.188,-838,-786,-844,-831,-822,-798,-867,-870,-854,-812,-806,17805,17739,19146,17656,17791
231709,2026-04-22T09:06:44Z,2026-04-22T09:06:31Z,2026-04-22T09:03:14Z,-36.48726786000003,-52.5878105235974,-52.50587174494274,-40.13770579552377,-40.079953216499064,-40.334017250221166,-40.35399064022357,-40.4192930589752,-40.357808845320704,-40.513659735364115,-40.54728487930245,-40.53178757323761,-40.517131863242184,-40.66279284457275,-40.68794117210476,-40.80310487105544,-40.747664675425455,-40.79278232323685,-40.84121060780123,-40.798949191936345,-40.86390875242779,-40.836380163905034,-40.890326884271815,-42.16953990713702,-41.150168654951244,-40.2626971787482,-39.45219007508595,-38.839986551604085,644.058,677.926,682.408,677.868,677.987,679.359,681.392,682.304,688.33,680.109,686.677,4822.544,4679.175,4533.777,4445.223,-841,-787,-842,-826,-820,-800,-862,-868,-851,-803,-813,16510,16452,18147,16357,16494
231709,2026-04-22T21:05:42Z,2026-04-22T21:05:38Z,2026-04-22T21:03:14Z,-36.48421736000003,-49.69691136539478,-49.613117078593774,-40.159053965971935,-40.10348574930953,-40.33096371496407,-40.351103237504674,-40.42184725501184,-40.36072534748703,-40.51691449452795,-40.55106605079649,-40.5367854778431,-40.52250118388881,-40.663208854069666,-40.688433129361414,-40.802397667440886,-40.746886567324594,-40.79224451685175,-40.84067910396439,-40.79872707949099,-40.86373360221609,-40.83616988127088,-40.89014597998781,-42.30531874094211,-41.248258377030936,-40.342728893782635,-39.52179394791668,-38.90076434659284,651.624,678.504,682.705,678.472,678.586,679.965,682.01,682.924,688.676,680.715,687.303,4839.428,4692.745,4545.385,4455.236,-838,-787,-842,-831,-832,-800,-866,-874,-844,-806,-813,17081,17046,19036,16940,17073
231709,2026-04-23T09:05:52Z,2026-04-23T09:05:47Z,2026-04-23T09:03:14Z,-36.48440039000002,-48.5600046750246,-48.47904854831492,-40.13265881808806,-40.07755436681856,-40.32551054183884,-40.34568746666335,-40.41711542351959,-40.35605297596939,-40.51283720239405,-40.54709111660378,-40.53231616284552,-40.51818344563898,-40.66047836861088,-40.68581516394707,-40.801234561181786,-40.74574571258364,-40.79132088084029,-40.83975626125175,-40.79810749803573,-40.863126410622414,-40.835796043543866,-40.88981334802642,-42.45402386104854,-41.356988505419,-40.4285440917121,-39.59308285757112,-38.962021648836526,655.551,680.087,683.803,680.063,680.166,681.555,683.608,684.529,689.773,682.304,688.923,4858.154,4707.344,4557.285,4465.349,-834,-787,-845,-829,-822,-789,-861,-868,-855,-807,-811,18594,18589,20863,18456,18594
231709,2026-04-23T21:05:54Z,2026-04-23T21:05:44Z,2026-04-23T21:03:14Z,-36.486474730000026,-47.05929306881447,-46.97869310025564,-40.13626807738436,-40.079787373629046,-40.3276211328747,-40.34772654771251,-40.41786877757693,-40.356483110330885,-40.51341885198946,-40.5473377235561,-40.53223393813033,-40.51770759242095,-40.66136315436205,-40.68656484000769,-40.8017547473539,-40.74626641327308,-40.79176516334712,-40.840182639821165,-40.79831792269127,-40.86338330016795,-40.83596543907052,-40.889924225563334,-42.60671384302756,-41.47493921618894,-40.520903366713526,-39.66707108981561,-39.02440414933659,660.389,681.444,684.769,681.44,681.54,682.935,685.002,685.919,690.732,683.691,690.333,4878.517,4723.058,4569.661,4475.657,-841,-786,-846,-825,-828,-801,-867,-869,-859,-807,-806,19994,20024,22572,19861,20000
231709,2026-04-24T09:05:55Z,2026-04-24T09:05:47Z,2026-04-24T09:03:14Z,-36.456762860000026,-50.86002579196398,-50.77923617360713,-40.150690817234874,-40.093432121444806,-40.333209671861056,-40.35314800603916,-40.42283594374982,-40.36137343764571,-40.51846543077855,-40.552240274655986,-40.53788366373249,-40.5233705648194,-40.66538259946773,-40.69057075027138,-40.80380037668894,-40.74821460996603,-40.79343703711163,-40.84174210663929,-40.799405104209114,-40.864340787301074,-40.83657292229864,-40.8905252947595,-42.74612296968789,-41.59447670779875,-40.61622692344346,-39.742215175007686,-39.0869834574446,651.428,680.238,683.852,680.239,680.323,681.716,683.78,684.702,689.76,682.467,689.109,4899.202,4739.317,4582.248,4486.016,-841,-788,-849,-834,-819,-795,-866,-874,-851,-810,-812,18685,18753,21591,18548,18686
231709,2026-04-24T21:06:35Z,2026-04-24T21:06:31Z,2026-04-24T21:03:14Z,-36.457372960000015,-54.19503152832729,-54.112009590576776,-40.142409167658,-40.08565078552181,-40.331824381454226,-40.3519223327809,-40.422588773255626,-40.3612025782694,-40.51823631796333,-40.55207001375314,-40.537067367228815,-40.52257167474883,-40.66442170903349,-40.689645434037544,-40.803730242056645,-40.74827311332257,-40.793255822427,-40.841712903536205,-40.79934665412415,-40.86439333185825,-40.83661381035819,-40.890507787979686,-42.866588269777054,-41.71007504963265,-40.71269177283051,-39.81869509748435,-39.15032021158126,643.261,677.887,682.042,677.886,677.959,679.348,681.41,682.33,687.888,680.092,686.73,4919.248,4755.781,4595.078,4496.504,-838,-786,-838,-830,-827,-793,-857,-867,-848,-800,-805,16320,16450,19551,16193,16330
231709,2026-04-25T09:05:52Z,2026-04-25T09:05:43Z,2026-04-25T09:03:14Z,-36.46322992000003,-55.36424414166393,-55.28678166025233,-40.144278567756686,-40.08685892238455,-40.33318609274855,-40.35317157640537,-40.42337147595501,-40.36187422924908,-40.51878266232367,-40.552522084645375,-40.538071586386394,-40.5234645511201,-40.66583374350782,-40.69093384484424,-40.804291316668895,-40.748729437405956,-40.79374100881978,-40.842063339777326,-40.7996915087478,-40.86463853914711,-40.836794885694644,-40.89073537569689,-42.97080694566597,-41.81888034942122,-40.809124509164036,-39.89682049917539,-39.21484557967739,637.869,675.285,679.999,675.308,675.365,676.751,678.816,679.731,685.805,677.499,684.119,4938.145,4772.281,4608.213,4507.223,-831,-790,-837,-827,-822,-805,-867,-866,-849,-802,-809,13738,13935,17256,13607,13749
231709,2026-04-25T21:05:44Z,2026-04-25T21:05:33Z,2026-04-25T21:03:14Z,-36.47085617000002,-54.25314194142126,-54.1680766994258,-40.17503726788584,-40.11814828632356,-40.337117766851065,-40.35703697691633,-40.42991513468661,-40.368519587961174,-40.525044671643684,-40.55886829745958,-40.54441947024489,-40.529849367711876,-40.668200724898895,-40.69339931148147,-40.80513876251405,-40.74953092070302,-40.79439571153432,-40.842746684198005,-40.80024093378279,-40.865210685360296,-40.83706941816217,-40.89100964686247,-43.07538460406761,-41.92244442954541,-40.904715683536864,-39.976400573845666,-39.28089213346394,638.817,673.207,678.372,673.248,673.302,674.686,676.752,677.666,684.114,675.435,682.052,4956.166,4788.65,4621.597,4518.187,-843,-792,-843,-833,-826,-793,-868,-869,-843,-806,-812,11709,11984,15467,11579,11717
231709,2026-04-26T09:06:39Z,2026-04-26T09:06:29Z,2026-04-26T09:03:14Z,-36.46664648000001,-51.58237045228495,-51.50034051745405,-40.11816604227019,-40.059562459379094,-40.33249639913174,-40.35245856826387,-40.42235925678776,-40.36076658982023,-40.51736098068187,-40.55087817264828,-40.53349666122719,-40.518671044026746,-40.663777200033195,-40.688930938824996,-40.80441989548004,-40.748863993797386,-40.793705935244986,-40.842045818016885,-40.79970904367224,-40.86465605391285,-40.83682409133971,-40.890752882406616,-43.195088363532534,-42.0260636808207,-40.99890004920573,-40.05646938570288,-39.34797336807429,642.308,669.702,675.678,669.717,669.754,671.132,673.189,674.096,681.311,671.866,678.459,4974.224,4804.827,4635.092,4529.35,-842,-789,-845,-828,-821,-794,-869,-868,-850,-802,-811,8114,8485,12074,7972,8111
231709,2026-04-26T21:06:28Z,2026-04-26T21:06:20Z,2026-04-26T21:03:14Z,-36.42973543000002,-38.07272826496134,-37.991594582440655,-39.956254292649135,-39.89664218415595,-40.30565631308011,-40.3258406956285,-40.39705940442431,-40.33514312389286,-40.49478536270752,-40.52805206131313,-40.50339481265809,-40.488225990085,-40.644022297158415,-40.668974073190356,-40.796751409155405,-40.74128152920065,-40.78781326409043,-40.83627502268581,-40.796055816399814,-40.861129638518804,-40.834621943343564,-40.888663710280184,-43.336773954617314,-42.136411869596515,-41.09416882533097,-40.137457303830445,-39.41640347066141,670.871,669.84,675.626,669.828,669.853,671.237,673.299,674.208,681.154,671.966,678.578,4993.485,4821.212,4648.757,4540.742,-844,-786,-848,-832,-832,-797,-872,-872,-844,-806,-813,8230,8730,12265,8093,8233
231709,2026-04-27T09:05:43Z,2026-04-27T09:05:36Z,2026-04-27T09:03:14Z,-36.41881464000002,-40.81964272115607,-40.74070227091198,-40.0172331075932,-39.960386282477856,-40.3080153824323,-40.32838752809275,-40.40488372527156,-40.343324157573704,-40.50156137799209,-40.53519395015783,-40.51616250961189,-40.50134394736429,-40.651811409813945,-40.677023286680196,-40.79902517757168,-40.74359850238298,-40.789420948934236,-40.83792805365073,-40.79701444619164,-40.862052132625905,-40.83521775843576,-40.88918892838154,-43.488095712498335,-42.25535167205999,-41.192433692425624,-40.21914225748549,-39.48537430197953,664.724,671.89,677.046,671.945,671.969,673.359,675.439,676.352,682.526,674.098,680.744,5014.273,4838.131,4662.577,4552.241,-843,-791,-843,-832,-829,-791,-863,-871,-851,-805,-803,10295,10953,14287,10154,10299
231709,2026-04-27T21:05:48Z,2026-04-27T21:05:39Z,2026-04-27T21:03:14Z,-36.42027888000001,-44.613332840812006,-44.52282096812661,-40.05795076561432,-40.0006737753574,-40.31649537985791,-40.336669794509675,-40.41146493416505,-40.34996001894973,-40.50793699959604,-40.541624377874314,-40.52482733435065,-40.510158009233976,-40.657964562577206,-40.683120932210244,-40.801170268175014,-40.74570475839133,-40.791367647585275,-40.83977378372211,-40.7981542591383,-40.86319063311805,-40.83587197953241,-40.88987170465177,-43.616469531197936,-42.37701797228681,-41.293901211852585,-40.301881586184976,-39.55484215373221,657.791,672.652,677.585,672.741,672.753,674.15,676.244,677.152,682.978,674.888,681.555,5035.6,4855.629,4676.577,4563.845,-841,-790,-842,-834,-833,-797,-867,-869,-847,-805,-812,11058,11897,14960,10903,11045
231709,2026-04-28T09:05:41Z,2026-04-28T09:05:31Z,2026-04-28T09:03:14Z,-36.430284520000015,-48.82066828801268,-48.73556952358254,-40.14034446847603,-40.08436562904146,-40.32502709869979,-40.345127589851614,-40.4242012461776,-40.36297595439922,-40.52137331778306,-40.55531662208935,-40.54182990422356,-40.52742357751234,-40.66578687157042,-40.691004120939596,-40.80337372299138,-40.74781678551969,-40.793296741922944,-40.841654497284765,-40.79952784918993,-40.864533450438955,-40.83677736230035,-40.89065951322581,-43.69575543193008,-42.48716540929934,-41.394784568858626,-40.38503517896237,-39.62459625004195,651.404,672.229,677.229,672.372,672.382,673.78,675.875,676.792,682.55,674.527,681.198,5054.935,4873.074,4690.681,4575.527,-845,-783,-839,-831,-830,-801,-862,-868,-848,-801,-807,10695,11732,14483,10506,10656
231709,2026-04-28T21:05:36Z,2026-04-28T21:05:30Z,2026-04-28T21:03:14Z,-36.41710636000002,-46.908429910975116,-46.856361465462356,-40.04403006662821,-39.985551078507825,-40.31469688321474,-40.33468924048489,-40.410817444618914,-40.349111428655704,-40.50774897347347,-40.541160472711965,-40.52235432763882,-40.50729065709018,-40.656060088236075,-40.6810591710821,-40.8009014057146,-40.74534787059005,-40.79093505371,-40.83930651598635,-40.79800813056377,-40.863073864890026,-40.83570258372549,-40.88968496323949,-43.72973459670453,-42.57709465021631,-41.49155924194184,-40.468725418746715,-39.695268386332486,650.344,672.386,677.311,672.494,672.493,673.896,675.995,676.913,682.496,674.631,681.324,5070.753,4889.817,4704.875,4587.344,-837,-781,-843,-833,-822,-794,-863,-871,-848,-813,-811,10842,12099,14535,10610,10762
231709,2026-04-29T09:06:35Z,2026-04-29T09:05:39Z,2026-04-29T09:03:14Z,-36.44840449000003,-50.66541841342638,-50.58506485545084,-40.19464466804271,-40.13740405545818,-40.33890372474795,-40.358651406604736,-40.435946135548164,-40.374492642507875,-40.53151152997114,-40.565337040226524,-40.55196433430646,-40.53733750986336,-40.67200291699703,-40.6971529358438,-40.806360230981255,-40.75074189925033,-40.79562910398235,-40.84394981754477,-40.80114688888162,-40.86611559869684,-40.83766520743825,-40.891587362644486,-43.73682625949783,-42.64412294774169,-41.57858843888391,-40.550220594065735,-39.765949431222566,639.533,668.727,674.618,668.899,668.883,670.279,672.373,673.298,679.731,671.02,677.684,5082.567,4904.891,4718.748,4599.209,-837,-790,-840,-831,-823,-794,-867,-877,-851,-807,-810,7273,8752,11072,6973,7128
231709,2026-04-29T21:05:45Z,2026-04-29T21:05:36Z,2026-04-29T21:03:14Z,-36.43266391000003,-54.934688403939276,-54.85403008711151,-40.059787618531715,-40.00404893698993,-40.312485534226454,-40.33285598408739,-40.41254799028408,-40.35116805844811,-40.51032840042694,-40.54421395359796,-40.526906688234135,-40.51250231042707,-40.65736685766987,-40.68267578570919,-40.80119949227813,-40.74573986198658,-40.79106950891958,-40.83954015033723,-40.798142568866325,-40.863219825137435,-40.83590702687732,-40.88986586899193,-43.74478966681252,-42.694100998926245,-41.653005780461655,-40.627303362154805,-39.835443701701195,631.193,667.76,673.752,667.877,667.852,669.246,671.343,672.255,678.759,669.978,676.645,5091.381,4917.808,4731.883,4610.875,-843,-785,-847,-830,-827,-796,-866,-876,-848,-807,-806,6270,7985,10167,5906,6057
231709,2026-04-30T09:05:44Z,2026-04-30T09:05:34Z,2026-04-30T09:03:14Z,-36.424000490000026,-52.02244956407006,-51.940550011378235,-40.00753657216072,-39.95003194018847,-40.30356255208474,-40.323794888580494,-40.40444808929465,-40.34291159921108,-40.50243109185001,-40.535957419389575,-40.515951011991945,-40.50100310842251,-40.650914750561526,-40.67608602922172,-40.79843482493763,-40.74297246100829,-40.78887726429616,-40.83741988320318,-40.79673387330928,-40.86180107559133,-40.83494321696824,-40.88896133446735,-43.775103949678964,-42.74092136542285,-41.720445638212226,-40.70172018750557,-39.90484998072509,638.601,670.01,675.34,670.154,670.124,671.529,673.639,674.557,680.26,672.257,678.961,5099.639,4929.53,4744.561,4622.556,-835,-794,-841,-834,-818,-796,-868,-865,-853,-805,-804,8579,10546,12447,8134,8288
231709,2026-04-30T21:05:47Z,2026-04-30T21:05:36Z,2026-04-30T21:03:14Z,-36.415276060000025,-51.15889815655311,-51.07737290301935,-39.94985380842502,-39.890709886711136,-40.29552292941938,-40.3157052281004,-40.396317536487544,-40.334524191022865,-40.495496501805064,-40.528868492117596,-40.505686519485636,-40.490518333569185,-40.64433880614456,-40.669384177763504,-40.795547268354284,-40.740076197127905,-40.78697724979884,-40.83543388588626,-40.795512195905786,-40.86058664445511,-40.83422472978992,-40.888237696474505,-43.828833856510784,-42.79287493453097,-41.784909440700915,-40.7733595730883,-39.97345687860832,641.676,673.151,677.618,673.303,673.267,674.686,676.81,677.733,682.435,675.423,682.171,5108.81,4940.739,4756.818,4634.098,-836,-783,-844,-827,-824,-801,-870,-873,-853,-797,-803,11821,14039,15688,11275,11427
231709,2026-05-01T09:05:38Z,2026-05-01T09:05:27Z,2026-05-01T09:03:14Z,-36.39929144000001,-52.55681639487318,-52.474912381738534,-39.98450674428997,-39.92639444511886,-40.29611281802093,-40.316253618241944,-40.40023283573615,-40.338620804678214,-40.49942229311233,-40.53285062048715,-40.51353635620717,-40.498552531349645,-40.64915069231586,-40.674264189816455,-40.796488370889335,-40.74102408181278,-40.78774895574023,-40.836175722465725,-40.79589799163631,-40.86097199561729,-40.83443501966633,-40.888465293288846,-43.90509707120705,-42.8531359406968,-41.84883607049363,-40.842437136039564,-40.04037297265208,642.207,677.395,680.749,677.608,677.571,679.004,681.151,682.08,685.497,679.745,686.551,5119.453,4951.866,4768.601,4645.405,-844,-785,-841,-833,-820,-797,-863,-874,-848,-804,-805,16137,18617,20141,15474,15637
231709,2026-05-01T21:05:36Z,2026-05-01T21:05:26Z,2026-05-01T21:03:14Z,-36.41057829000002,-53.81998499830365,-53.73903813482994,-39.993436312220354,-39.93581510109124,-40.29715100618225,-40.317397553834525,-40.40108650997172,-40.339569759869676,-40.5008444412932,-40.534448089177715,-40.515181388751756,-40.50045070975935,-40.64992430616505,-40.675142897950224,-40.796640348704216,-40.7411586567315,-40.788146497090196,-40.83662549265546,-40.79602074426842,-40.86112379990061,-40.83461610198799,-40.888587845041855,-43.99515829667334,-42.92234508870476,-41.9139257254478,-40.909295295733784,-40.10544533164577,641.672,681.563,683.916,681.806,681.761,683.209,685.379,686.31,688.539,683.959,690.817,5131.668,4963.219,4780.05,4656.377,-841,-792,-838,-834,-820,-795,-869,-869,-855,-812,-810,20420,23150,24784,19616,19780
231709,2026-05-02T09:06:26Z,2026-05-02T09:06:19Z,2026-05-02T09:03:14Z,-36.39380054000003,-48.03669499335243,-47.95671441487062,-40.11894137943722,-40.061233354249964,-40.319691248143926,-40.33955797170913,-40.42271824365503,-40.36116722798599,-40.52131457412003,-40.555023084924585,-40.54096081611786,-40.52629581279777,-40.66511894216268,-40.69028964316897,-40.8025262505771,-40.74690411875437,-40.792846625829924,-40.841134678987714,-40.799253133861924,-40.86418899164002,-40.836473622602256,-40.89038524036957,-44.08948009527981,-42.99752431107305,-41.97998042192859,-40.973866582893834,-40.16827910217316,654.475,681.6,684.068,681.89,681.84,683.286,685.451,686.398,688.627,684.036,690.907,5144.964,4974.732,4791.129,4666.995,-843,-789,-846,-830,-822,-790,-870,-861,-853,-800,-809,20589,23548,25676,19616,19784
231709,2026-05-02T21:05:43Z,2026-05-02T21:05:32Z,2026-05-02T21:03:14Z,-36.40209790000003,-52.16237137635588,-52.08101672621402,-40.1098082483324,-40.05098791568386,-40.321967156430816,-40.34180356966519,-40.42278297873878,-40.3612025782694,-40.521079598837446,-40.55458277623558,-40.53897595514988,-40.52414007290935,-40.665031056116106,-40.69007881191041,-40.802958755334345,-40.74737800527825,-40.79323243984453,-40.84152016267737,-40.79939341419697,-40.86435246387356,-40.83659044575634,-40.89058948623949,-44.188372742774504,-43.0772740807067,-42.048606341910414,-41.03798683819011,-40.22986895426422,644.783,679.993,682.922,680.285,680.227,681.66,683.829,684.771,687.427,682.409,689.282,5159.076,4986.709,4802.115,4677.415,-838,-791,-849,-833,-827,-803,-868,-871,-849,-809,-811,19146,22324,25095,17997,18167
231709,2026-05-03T09:05:33Z,2026-05-03T09:05:24Z,2026-05-03T09:03:14Z,-36.39886437000001,-56.13361061949786,-56.05054757353534,-40.09619735679868,-40.03774112930677,-40.318541465047076,-40.33841450785576,-40.42073495862837,-40.359281845941524,-40.51942299446995,-40.55292131298765,-40.53709673062315,-40.52224859089486,-40.66390024323843,-40.68896607814824,-40.80278926062272,-40.747237594874605,-40.79288754562364,-40.841175563746106,-40.79916545847496,-40.86418899164002,-40.836467781438245,-40.890379404762484,-44.28825527717402,-43.160645260193235,-42.11974433931954,-41.10238473407193,-40.29062660324175,636.651,678.781,682.039,679.076,679.01,680.441,682.605,683.553,686.5,681.185,688.061,5173.851,4999.164,4813.188,4687.702,-840,-780,-845,-826,-824,-795,-868,-873,-856,-801,-808,18113,21494,24874,16765,16930
231709,2026-05-03T21:05:42Z,2026-05-03T21:05:31Z,2026-05-03T21:03:14Z,-36.39977952000001,-58.356839237940676,-58.27139265880177,-40.03402431408924,-39.976905021020514,-40.303745390810775,-40.323954075210025,-40.409981583029975,-40.348457297841435,-40.50976434479219,-40.54341536731869,-40.52602561571973,-40.511291982009254,-40.656722266729105,-40.68190262805501,-40.80021755410331,-40.744639938872695,-40.79043815123245,-40.83890349446048,-40.797715872276086,-40.86278778171402,-40.835486457303205,-40.889498221213245,-44.382937156291405,-43.24580908539224,-42.193809462679695,-41.16808188878386,-40.35137430638554,631.989,679.155,682.284,679.43,679.37,680.798,682.962,683.923,686.699,681.54,688.43,5188.948,5012.112,4824.475,4698.013,-838,-795,-845,-822,-821,-789,-866,-867,-850,-799,-812,18659,22243,26036,17088,17253
231709,2026-05-04T09:05:38Z,2026-05-04T09:05:29Z,2026-05-04T09:03:14Z,-36.40167083000003,-55.527627737036966,-55.47438233896116,-40.034059882951226,-39.9752789031771,-40.30354485798139,-40.32344113882567,-40.410870421327104,-40.34894642343414,-40.510951205097655,-40.54430203225522,-40.525491091485804,-40.51028139601294,-40.655415482110044,-40.68039728269312,-40.79930573902854,-40.7436862646328,-40.78991201441053,-40.838249308471944,-40.7975872781486,-40.86260095110475,-40.835387155696765,-40.88931147857295,-44.479240413151416,-43.3302928936711,-42.26864147716961,-41.23400696853844,-40.411700382989835,652.536,680.114,683.006,680.425,680.356,681.786,683.954,684.914,687.382,682.524,689.44,5203.959,5025.235,4835.842,4708.25,-834,-792,-840,-830,-828,-796,-869,-866,-853,-804,-816,19884,23667,27690,18078,18241
231709,2026-05-04T21:05:31Z,2026-05-04T21:05:22Z,2026-05-04T21:03:14Z,-36.41594717000001,-39.28188495035255,-39.19835762029817,-40.15324603559077,-40.09751774978051,-40.32148368139332,-40.34134974246584,-40.43065654263356,-40.369497470565335,-40.52941473039397,-40.56351154655974,-40.54844744112813,-40.533872535971426,-40.66740393054724,-40.692638015146144,-40.80290615358189,-40.74732535141814,-40.79333766138913,-40.84166033791263,-40.799837632950926,-40.8648603924463,-40.83685329696968,-40.890776224677836,-44.59802643840345,-43.421382580951445,-42.347777589734534,-41.30337552941501,-40.474099501436996,675.365,680.176,683.159,680.551,680.498,681.916,684.1,685.063,687.529,682.667,689.594,5220.168,5039.121,4847.79,4718.856,-829,-793,-847,-837,-822,-800,-869,-870,-853,-802,-812,20226,24199,28420,18169,18323
231709,2026-05-05T09:05:36Z,2026-05-05T09:05:29Z,2026-05-05T09:03:14Z,-36.41277465000002,-29.376087856107063,-29.296748701859542,-40.05646346009914,-39.99890602879509,-40.30803307506034,-40.32816940133594,-40.41277754831026,-40.351285914509106,-40.51204403388596,-40.54564081043608,-40.52610784975414,-40.51136836274986,-40.65648786816635,-40.681639049125266,-40.80012403528838,-40.744569730280375,-40.790484918711655,-40.83886844897458,-40.7975405165748,-40.862635981890946,-40.835468933502995,-40.88943402849992,-44.74187394466071,-43.525779586406,-42.434100449120564,-41.37680099645729,-40.53850615505655,670.261,679.212,682.461,679.545,679.491,680.899,683.09,684.05,686.812,681.638,688.564,5238.771,5054.284,4860.442,4729.835,-829,-781,-841,-827,-818,-792,-869,-869,-848,-799,-804,19479,23616,28097,17145,17280
231709,2026-05-05T21:05:40Z,2026-05-05T21:05:30Z,2026-05-05T21:03:14Z,-36.41478798000003,-28.119383781874404,-28.041702597830295,-39.907506388595436,-39.848902905150226,-40.280071432289276,-40.30044240155746,-40.38971093021834,-40.3280161225446,-40.49341595306319,-40.526818581620546,-40.50339481265809,-40.48839057180038,-40.64122638924249,-40.666331755399256,-40.7935948687805,-40.73817452817994,-40.7854981171256,-40.83404364621333,-40.79439571153432,-40.859512318276984,-40.83364642859206,-40.88767161839053,-44.88941527722707,-43.643707460156605,-42.53009582610537,-41.454280574120844,-40.60510134037938,674.42,683.122,685.262,683.409,683.346,684.764,686.991,687.926,689.563,685.493,692.48,5259.777,5071.197,4873.857,4741.182,-840,-784,-836,-822,-823,-802,-869,-860,-850,-803,-808,23664,27963,32251,20952,21066
231709,2026-05-06T09:05:35Z,2026-05-06T09:05:23Z,2026-05-06T09:03:14Z,-36.39026196000003,-29.678780734194703,-29.59868703271124,-40.03446299502923,-39.977035583021575,-40.303515367796166,-40.32360032650371,-40.410311220126886,-40.34885802757168,-40.510939454131744,-40.54458388300816,-40.52665411556262,-40.511997030946645,-40.65723208018338,-40.68236535248795,-40.79989608252595,-40.74441176062567,-40.790677834152206,-40.8390845624582,-40.79768664636384,-40.86277610481898,-40.835527346149235,-40.8895565781624,-44.96464450862649,-43.75309897172849,-42.6253329347164,-41.53143565264966,-40.671329203932714,674.2,683.77,685.892,684.14,684.083,685.493,687.781,688.674,690.214,686.242,693.245,5279.321,5087.982,4887.219,4752.49,-840,-789,-844,-833,-820,-798,-860,-866,-846,-806,-811,24754,29170,-31487,21640,21734
231709,2026-05-06T21:05:39Z,2026-05-06T21:05:27Z,2026-05-06T21:03:14Z,-36.389651860000015,-31.06934452698752,-30.9908805105203,-40.08284945929947,-40.0260444207878,-40.30845769638182,-40.32843469051832,-40.41815128264835,-40.35673058333876,-40.51875916375374,-40.55258079487774,-40.53642136857451,-40.5218785106828,-40.661697142667066,-40.68693967425,-40.801392370977965,-40.745827620878316,-40.79179439233633,-40.840194321380494,-40.798534191656074,-40.86356428983001,-40.83603553362255,-40.889988417722634,-44.92642136218822,-43.829297520177334,-42.71625102419267,-41.60972095977516,-40.73879477192651,672.29,682.374,684.902,682.767,682.723,684.114,686.462,687.296,689.297,684.859,691.862,5292.944,5104.007,4900.796,4763.997,-843,-788,-848,-830,-825,-798,-857,-868,-846,-807,-809,23842,28341,-31344,20307,20361
231709,2026-05-07T09:05:37Z,2026-05-07T09:05:27Z,2026-05-07T09:03:14Z,-36.37995127000002,-25.999280387317782,-25.922482251481483,-40.03540555378598,-39.97848361232812,-40.30014748190314,-40.32032214430296,-40.41117650795974,-40.349653585108655,-40.51265506842077,-40.54632780234644,-40.52897421608003,-40.51425312646907,-40.657812207035875,-40.68296278846657,-40.80025262361886,-40.74468089384419,-40.79074798505738,-40.83911960781006,-40.79789122743085,-40.862986288561046,-40.835614965005334,-40.88956241385404,-44.78152160214776,-43.85095835122655,-42.79102334005438,-41.68638654715994,-40.80626087807673,674.642,682.523,685.032,682.904,682.861,684.245,686.681,687.435,689.466,684.995,692.008,5296.853,5117.213,4914.083,4775.539,-832,-784,-845,-822,-819,-790,-872,-875,-848,-803,-807,24415,29018,-29709,20474,20479
231709,2026-05-07T21:05:27Z,2026-05-07T21:05:19Z,2026-05-07T21:03:14Z,-36.39495973000001,-31.327106495893247,-31.247217837566268,-39.96024380554425,-39.90391099404201,-40.282992160286426,-40.3035035717175,-40.399691187167264,-40.338172844857326,-40.50415284939956,-40.537819065171476,-40.51771346717726,-40.50276016915899,-40.64926204648964,-40.674416500221724,-40.79718395829673,-40.74176716536604,-40.788146497090196,-40.8366021280585,-40.79644160840215,-40.86150914740753,-40.834703722257785,-40.88872206808688,-44.564442323919764,-43.812698984963845,-42.83302628527039,-41.751794360291854,-40.869840186594786,672.455,682.285,684.862,682.625,682.583,683.958,686.499,687.157,689.347,684.702,691.734,5290.036,5124.607,4925.441,4786.421,-833,-795,-844,-825,-825,-790,-871,-866,-851,-803,-808,24496,29214,-28406,20224,20167
231709,2026-05-08T09:05:27Z,2026-05-08T09:05:19Z,2026-05-08T09:03:14Z,-36.38165955000002,-50.29909016439481,-50.22104668206984,-40.04043817429698,-39.98035886905831,-40.30848128635668,-40.32820477330259,-40.41502598831681,-40.353177468995284,-40.51652087871253,-40.54978611818058,-40.53019002698301,-40.515052137985435,-40.659470515999146,-40.68446220736445,-40.8012170267327,-40.74565210295722,-40.79192299970839,-40.840194321380494,-40.79866278361948,-40.86366354197983,-40.83611731049004,-40.89004093852623,-44.30924620800366,-43.72920884961937,-42.846476727415194,-41.807434246708596,-40.9318496161122,665.354,680.787,683.887,681.212,681.159,682.527,685.181,685.724,688.444,683.27,690.297,5275.147,5126.958,4935.091,4797.035,-840,-789,-842,-831,-827,-797,-871,-867,-852,-805,-813,23324,28177,-28251,18840,18715
231709,2026-05-08T21:06:22Z,2026-05-08T21:06:11Z,2026-05-08T21:03:14Z,-36.38007329000001,-52.31491367002158,-52.235102055345436,-39.99997380234646,-39.94179567516471,-40.29481505452188,-40.314873787196774,-40.407226680252336,-40.34548709036841,-40.509605703096526,-40.54307479022225,-40.524275176267054,-40.509247288681905,-40.655397901838,-40.680502716769354,-40.79946355423337,-40.743891042680275,-40.79013416166924,-40.83845958336579,-40.797616504112455,-40.8625951126383,-40.835398838247755,-40.889323150005964,-44.03121748753111,-43.60942335229865,-42.83040606921065,-41.848439817328455,-40.98790228254754,659.364,680.972,683.976,681.395,681.359,682.712,685.495,685.922,688.64,683.455,690.505,5253.79,5124.092,4942.211,4806.661,-838,-786,-845,-831,-826,-802,-866,-867,-855,-805,-807,23713,28702,-27023,19091,18887
231709,2026-05-09T09:05:34Z,2026-05-09T09:05:22Z,2026-05-09T09:03:14Z,-36.36610200000001,-49.20231898791445,-49.12258737386031,-39.793585747882105,-39.73300340060956,-40.25698911703461,-40.27735707742485,-40.36560350745603,-40.30360973633185,-40.477456564183086,-40.510428284672486,-40.481830430315426,-40.46646155997257,-40.62675809444508,-40.65171764220506,-40.787240332560145,-40.73188978369805,-40.780733057388545,-40.82934111126795,-40.791578097456295,-40.85675050578695,-40.83191148946236,-40.88596167815484,-43.76547749544363,-43.46435106372269,-42.78605720501142,-41.87204987051612,-41.03529766920755,667.972,685.428,687.24,685.792,685.735,687.1,690.035,690.321,691.851,687.829,694.929,5227.962,5116.239,4946.315,4814.779,-837,-790,-841,-827,-828,-799,-865,-868,-852,-805,-810,28163,-32198,-22719,23461,23179
231709,2026-05-09T21:05:28Z,2026-05-09T21:05:19Z,2026-05-09T21:03:14Z,-36.38385591000002,-51.69793700626073,-51.61624466030787,-39.953392578174686,-39.896469812384964,-40.28020124580917,-40.30060165749592,-40.39606435700534,-40.334624399685254,-40.500738662950965,-40.534342375776646,-40.51353635620717,-40.49888750880359,-40.64704664245812,-40.67226068331291,-40.79506209754268,-40.73964905865594,-40.78682524586435,-40.83535210802927,-40.79520823376967,-40.86027719389605,-40.83406701186874,-40.888074293070844,-43.563344667535034,-43.31588982882715,-42.72116537791646,-41.879839484073045,-41.07382464536897,663.49,687.668,688.938,688.114,688.085,689.447,692.566,692.699,693.704,690.19,697.328,5201.58,5104.759,4947.65,4821.402,-842,-792,-841,-829,-828,-801,-867,-867,-854,-801,-808,30419,-29759,-20399,25755,25389
231709,2026-05-10T09:05:29Z,2026-05-10T09:05:18Z,2026-05-10T09:03:14Z,-36.40600254000003,-50.62162533210275,-50.53910845550803,-39.990036730368814,-39.93222761321462,-40.290508613953904,-40.31073408114315,-40.40291156143448,-40.341461726156524,-40.506685438542604,-40.54032073566577,-40.519746095002546,-40.50510478762294,-40.65163559541716,-40.67686512559254,-40.79725410108733,-40.74176131435297,-40.78871357326773,-40.837139511344304,-40.796359773956056,-40.861392375712626,-40.83476797703591,-40.88871623230892,-43.44443862507194,-43.18849948859122,-42.65034733515441,-41.87694073467242,-41.10539636127291,665.634,688.146,689.434,688.611,688.581,689.936,693.257,693.199,694.26,690.678,697.843,5178.957,5092.243,4947.127,4826.824,-840,-787,-844,-832,-823,-795,-860,-870,-856,-805,-807,30875,-29117,-19765,26340,25881
231709,2026-05-10T21:05:28Z,2026-05-10T21:05:18Z,2026-05-10T21:03:14Z,-36.387150450000036,-50.22366631145525,-50.138947665237225,-40.19297799590555,-40.14020248046447,-40.319502567478594,-40.33960512433583,-40.439429101047295,-40.37917519632299,-40.53932243013969,-40.57425819532659,-40.55897983395889,-40.545206298291475,-40.67075507678649,-40.6962043058399,-40.80357243881443,-40.747998147014954,-40.79419696330157,-40.84247801985575,-40.80041628106906,-40.86542669824428,-40.83722712769966,-40.89114969971283,-43.39679205989265,-43.094812893998665,-42.58430186626529,-41.866693596247416,-41.12989055961603,663.679,685.376,687.536,685.919,685.899,687.247,690.787,690.51,692.562,687.993,695.141,5162.346,5080.595,4945.338,4831.025,-843,-790,-840,-829,-828,-797,-867,-865,-851,-806,-810,28063,-31761,-21760,23712,23168
231709,2026-05-11T09:05:18Z,2026-05-11T09:05:13Z,2026-05-11T09:03:14Z,-36.393007410000024,-48.274931826531656,-48.19406142031781,-40.04412489872783,-39.98712347402159,-40.299416074155886,-40.31957921907886,-40.41394886770743,-40.35252338757593,-40.51642688048702,-40.55009142591854,-40.53150565669503,-40.51677937300008,-40.658603279331516,-40.68381793075932,-40.80065007660096,-40.7451489485328,-40.79089997838503,-40.839376606393046,-40.79803735630898,-40.86310889538373,-40.83567921874672,-40.8896791275605,-43.401290701367486,-43.03537276476615,-42.52818610468114,-41.85193709631682,-41.14753115839815,665.784,682.03,685.046,682.499,682.475,683.796,687.559,687.046,690.24,684.535,691.659,5151.801,5070.706,4942.755,4834.043,-837,-789,-837,-825,-822,-791,-870,-871,-846,-803,-804,24546,30405,-24520,20401,19770
231709,2026-05-11T21:05:33Z,2026-05-11T21:05:20Z,2026-05-11T21:03:14Z,-36.35621838000003,-43.15117415760719,-43.072304935842254,-39.716143620278274,-39.65935647644102,-40.21781308331384,-40.239235325647655,-40.34475629991164,-40.28329897498182,-40.464309336819184,-40.497894324052,-40.4710832599109,-40.45624068259335,-40.616355936564645,-40.641666006755344,-40.78130020838796,-40.726218863057255,-40.77518403049936,-40.824083154875865,-40.788204958816294,-40.8535155688478,-40.83012392065751,-40.88428670382814,-43.44341705005817,-43.00789012319703,-42.48946299063945,-41.83949187315261,-41.16219854317464,679.991,688.327,689.456,688.713,688.692,690.034,694.016,693.312,694.668,690.764,697.963,5146.928,5063.887,4940.57,4836.582,-839,-789,-838,-827,-825,-795,-859,-866,-859,-804,-810,30685,-28753,-19996,26707,25980
231709,2026-05-12T09:05:20Z,2026-05-12T09:05:11Z,2026-05-12T09:03:14Z,-36.35414404000002,-33.28584663181181,-33.20641539170035,-39.989164550556495,-39.934502489481815,-40.27285448494547,-40.29323999930614,-40.39873151388619,-40.337506792435676,-40.50616835330999,-40.5401974165552,-40.523705390279304,-40.50928254266293,-40.651026101191945,-40.676343776598344,-40.79492765187845,-40.73939160375491,-40.78687201634949,-40.83531121905639,-40.79542451468896,-40.86042900004202,-40.83416631579638,-40.88816183066703,-43.508025143532734,-43.006281147151725,-42.466102539290006,-41.82959481784965,-41.17356396038497,688.236,695.477,694.893,696.043,696.047,697.421,701.603,700.756,700.14,698.177,705.468,5146.648,5059.78,4938.848,4838.52,-835,-793,-845,-828,-825,-798,-865,-868,-850,-798,-819,-27620,-21302,-14407,-31492,-32314
231709,2026-05-12T21:05:15Z,2026-05-12T21:05:10Z,2026-05-12T21:03:14Z,-36.38946883000003,-41.53992607637707,-41.45680044014162,-40.20278815004926,-40.149354010253205,-40.32371824299804,-40.3436895637675,-40.443288342457635,-40.38287383223951,-40.543802917994356,-40.57864194340374,-40.56355263550856,-40.54970979098073,-40.67382483053905,-40.69921410090308,-40.804589385282384,-40.74898099909231,-40.795120552079055,-40.84340081812624,-40.8009014057146,-40.86585288341067,-40.83760095595582,-40.89154651424687,-43.57991565599983,-43.02365622225298,-42.45607789964569,-41.8228905892812,-41.18277314913837,669.246,690.19,691.381,690.792,690.795,692.126,696.537,695.442,696.807,692.883,700.13,5149.715,5058.025,4937.681,4840.102,-836,-785,-841,-828,-830,-797,-865,-865,-853,-806,-808,32539,-26580,-18133,28818,27911
231709,2026-05-13T09:05:25Z,2026-05-13T09:05:18Z,2026-05-13T09:03:14Z,-36.38837065000001,-42.879376397038385,-42.795343652244156,-40.05757746182479,-40.00129069292842,-40.30637584023327,-40.32670733967211,-40.41986982343937,-40.35854535066443,-40.52313559836173,-40.55709542374896,-40.53612185752462,-40.52170228113107,-40.66057798095642,-40.68586201899683,-40.802286618132314,-40.746804660579556,-40.79236143172082,-40.840830962713596,-40.79902517757168,-40.864072225470096,-40.8364794637657,-40.89046693880567,-43.62787765479172,-43.04866731540983,-42.45578772066892,-41.81964449793506,-41.190634072490695,659.106,679.215,683.445,679.685,679.661,680.943,685.585,684.207,689.147,681.671,688.819,5154.123,5057.976,4937.102,4841.458,-838,-781,-839,-823,-826,-799,-867,-869,-852,-800,-804,21431,27851,-26277,17855,16879
231709,2026-05-13T21:05:19Z,2026-05-13T21:05:09Z,2026-05-13T21:03:14Z,-36.36244140000002,-45.13159404902365,-45.035479373377854,-40.01748809919275,-39.96239279110583,-40.284077804383344,-40.30450033120488,-40.40893968115364,-40.347702974962516,-40.51596863682482,-40.550026841730954,-40.532110600826115,-40.51771346717726,-40.656077668298195,-40.68139304099694,-40.79869785410395,-40.74322404857077,-40.78975417240383,-40.838214262580266,-40.79762819449374,-40.862688528029565,-40.83557991747921,-40.88953907108396,-43.62736244794226,-43.06743135289318,-42.46374727985733,-41.82255162474169,-41.20058353773649,657.966,678.429,682.627,678.973,678.959,680.253,685.056,683.528,688.614,680.993,688.146,5157.451,5059.37,4937.612,4843.14,-840,-787,-846,-836,-826,-791,-865,-875,-849,-803,-810,20837,27315,-26817,17286,16235
231709,2026-05-14T09:05:18Z,2026-05-14T09:05:09Z,2026-05-14T09:03:14Z,-36.362258370000035,-49.89521096376046,-49.81273771182899,-39.97129648008365,-39.913300093166356,-40.281581970114104,-40.301663351657766,-40.40275260778648,-40.34111398656552,-40.509423558359714,-40.54296322140323,-40.523928606114964,-40.50904751569328,-40.654278613048604,-40.679419079231536,-40.798142568866325,-40.74264481039373,-40.78941510289084,-40.837776187099365,-40.79711966066182,-40.86216306444939,-40.8352352823139,-40.88917142118976,-43.58669548887735,-43.06951281821026,-42.47295736016204,-41.82996821147765,-41.212080789319714,650.882,681.211,684.655,681.785,681.779,683.076,688.023,686.364,690.697,683.812,691.011,5157.828,5060.994,4938.901,4845.13,-842,-785,-841,-832,-822,-794,-871,-869,-860,-802,-813,23750,30301,-24537,20180,19038
231709,2026-05-14T21:05:24Z,2026-05-14T21:05:12Z,2026-05-14T21:03:14Z,-36.34718890000002,-48.79458196408223,-48.70803790066134,-39.871725516515085,-39.813849243018495,-40.25675889284588,-40.27719185137576,-40.384811392307085,-40.323069699075205,-40.49509685452662,-40.52854544541242,-40.506879344243714,-40.491899570973175,-40.642117343772014,-40.66722816554821,-40.79323243984453,-40.73773567231714,-40.78529933743519,-40.83379830624776,-40.794553540512965,-40.85963493262125,-40.83365227004791,-40.8876482748432,-43.537228699118,-43.05636306544193,-42.47723487429272,-41.8391702289301,-41.22536860023391,656.419,685.318,687.597,685.862,685.856,687.17,692.249,690.484,693.711,687.904,695.158,5155.508,5061.753,4940.494,4847.411,-840,-793,-832,-827,-825,-795,-862,-862,-852,-801,-808,27876,-31003,-21253,24285,23061
231709,2026-05-15T09:05:25Z,2026-05-15T09:05:15Z,2026-05-15T09:03:14Z,-36.338830530000024,-47.47593936050515,-47.39124208381014,-39.751127247571304,-39.69330511171654,-40.22703391425691,-40.24802144576623,-40.354379543862365,-40.29292144318106,-40.473740853784705,-40.5072318983016,-40.4822242961998,-40.46736711477669,-40.62426034783397,-40.64947303273175,-40.784796538608845,-40.72954891613924,-40.77896140449329,-40.82772872338913,-40.79049661057536,-40.85571114187715,-40.83147920677021,-40.88557649679689,-43.50621358497082,-43.03827339334708,-42.476887905083515,-41.84858338760324,-41.239906321224396,664.097,690.892,691.731,691.407,691.393,692.721,697.918,696.06,697.812,693.445,700.774,5152.317,5061.67,4942.127,4849.916,-838,-784,-838,-838,-826,-792,-863,-875,-853,-802,-808,-32135,-25334,-16810,29833,28516
231709,2026-05-15T21:05:14Z,2026-05-15T21:05:08Z,2026-05-15T21:03:14Z,-36.35444909000003,-46.055466391372505,-45.97247218505092,-39.84433359744156,-39.785699692037326,-40.25322866422982,-40.27380460483684,-40.37787943591633,-40.316330274482,-40.49072992965159,-40.524157695105316,-40.499769018602564,-40.48481080744676,-40.63744553457133,-40.66262292430392,-40.79127411405639,-40.73598021442518,-40.784165110454154,-40.83274099562965,-40.7936124056053,-40.858729915731715,-40.833214159182376,-40.887210581554484,-43.506634229206014,-43.02534947958901,-42.47301993211585,-41.855882070169486,-41.25388374795418,669.669,693.558,693.886,694.1,694.091,695.426,700.729,698.792,699.998,696.155,703.528,5150.031,5060.995,4943.419,4852.316,-838,-785,-842,-829,-824,-807,-867,-869,-852,-805,-814,-29459,-22509,-14193,32583,31196
231709,2026-05-16T09:05:16Z,2026-05-16T09:05:09Z,2026-05-16T09:03:14Z,-36.38013430000001,-43.68814538065672,-43.6042923592818,-40.225929389040715,-40.17018306466733,-40.32515090772304,-40.344750406399896,-40.44766495521981,-40.38683721666192,-40.548236068082474,-40.582632200375,-40.56707443127377,-40.55286847410903,-40.67562325252317,-40.700859464862816,-40.80513291810365,-40.749525070501534,-40.795839537907824,-40.844025742576605,-40.801526801196104,-40.86647755998453,-40.83789300755976,-40.89177993326618,-43.53415072102692,-43.02364493373989,-42.468378074938386,-41.86045839056359,-41.26610113488687,671.694,688.517,690.408,689.238,689.244,690.562,695.961,693.931,696.876,691.315,698.647,5149.711,5060.173,4944.18,4854.409,-840,-789,-845,-831,-825,-794,-865,-861,-851,-803,-805,31214,-27287,-16896,27849,26403
231709,2026-05-16T21:05:19Z,2026-05-16T21:05:12Z,2026-05-16T21:03:14Z,-36.38269672000001,-42.628085639527825,-42.54888897498472,-40.06443871620402,-40.00878803063176,-40.3000413104302,-40.32017473932211,-40.4192930589752,-40.35820950547634,-40.52367014559047,-40.557764660945026,-40.538547262725444,-40.524216435717676,-40.66194909742674,-40.687209084801935,-40.80194177940933,-40.74646533135885,-40.79226205409762,-40.84072582977686,-40.7987972203579,-40.863815339048955,-40.83625165794385,-40.890192665019526,-43.57671604755805,-43.034588333910136,-42.46897539045608,-41.865390339807476,-41.27810731568434,669.846,683.062,686.471,683.67,683.663,684.95,690.456,688.284,693.137,685.669,692.957,5151.644,5060.292,4945.043,4856.478,-836,-792,-849,-832,-826,-795,-861,-867,-850,-807,-810,25546,32653,-20363,22330,20829
231709,2026-05-17T09:05:10Z,2026-05-17T09:05:04Z,2026-05-17T09:03:14Z,-36.38269672000001,-45.18197834590919,-45.098017030714374,-40.0670869912407,-40.0092743713185,-40.303185076613005,-40.32309328262778,-40.42268881859138,-40.36113776939874,-40.52685382428302,-40.56050022997462,-40.541471700659116,-40.52664236796815,-40.664240075436055,-40.68933503970325,-40.80327436481679,-40.74773488013571,-40.7933201244787,-40.84160777224017,-40.799697353723246,-40.86472611292166,-40.836707268668846,-40.89063033532531,-43.622675034184624,-43.055449096051404,-42.47721781027448,-41.87303725850984,-41.290505155112925,659.923,678.144,682.909,678.751,678.739,680.01,685.594,683.328,689.808,680.735,687.985,5155.333,5061.737,4946.368,4858.64,-844,-789,-850,-831,-829,-794,-863,-864,-852,-796,-802,20668,27843,-23331,17566,16020
231709,2026-05-17T21:06:10Z,2026-05-17T21:05:11Z,2026-05-17T21:03:14Z,-36.362563420000015,-50.97979781004008,-50.89829403323819,-40.01655114719409,-39.95780976420167,-40.2944493154925,-40.31443152614821,-40.4139724115563,-40.352370178167206,-40.52003394659761,-40.55349666637488,-40.53367285283451,-40.51878853696459,-40.66052524503104,-40.685604315734935,-40.8018657977118,-40.7462956659771,-40.79236143172082,-40.84077255555067,-40.799031022616276,-40.86404887220718,-40.836356799206584,-40.89035606232818,-43.66101758230394,-43.08066937733389,-42.49094727810865,-41.88325467208526,-41.30360150383237,644.549,674.943,680.538,675.56,675.548,676.803,682.429,680.115,687.63,677.522,684.753,5159.795,5064.145,4948.149,4860.885,-839,-787,-845,-828,-826,-797,-867,-865,-851,-800,-815,17489,24735,-25173,14483,12881
231709,2026-05-18T09:05:22Z,2026-05-18T09:05:10Z,2026-05-18T09:03:14Z,-36.34761597000002,-47.04425791160014,-46.97649778711863,-39.82523686977956,-39.766908821021985,-40.24883621417962,-40.269573195673274,-40.3766484347214,-40.314997619637154,-40.49192895862325,-40.525379486866484,-40.500286164396954,-40.48528694728478,-40.638190002335705,-40.663331898534665,-40.792384814665496,-40.73705690180017,-40.78503624558721,-40.83371068457316,-40.79448923987144,-40.85959989997855,-40.83381583056638,-40.88782335121405,-43.685688748863925,-43.10452795166856,-42.50735191186806,-41.89533549934845,-41.31701936562351,654.046,676.67,681.669,677.225,677.209,678.473,684.105,681.794,688.814,679.181,686.443,5164.027,5067.029,4950.267,4863.208,-839,-790,-848,-833,-830,-799,-868,-871,-846,-808,-806,19163,26530,-23734,16205,14540
231709,2026-05-18T21:05:11Z,2026-05-18T21:05:02Z,2026-05-18T21:03:14Z,-36.34322325000002,-54.4247441399541,-54.340254968355936,-40.09092729661114,-40.0392408220404,-40.28028385424864,-40.300755014619,-40.418039457900335,-40.357614406230226,-40.52606673275233,-40.560870049671394,-40.54578760430192,-40.53201075613845,-40.6603728965207,-40.68592644462578,-40.798592642584964,-40.743089478619936,-40.79030369451297,-40.83878083516461,-40.79818348480768,-40.8632023099276,-40.835895344431435,-40.88987170465177,-43.70700133803865,-43.1255719539904,-42.5252247947341,-41.9096458651571,-41.33181258046167,663.244,679.472,683.695,680.2,680.206,681.505,687.078,684.863,690.984,682.237,689.544,5167.762,5070.186,4952.757,4865.757,-843,-789,-846,-834,-828,-797,-870,-868,-852,-801,-816,22235,29742,-21205,19334,17607
231709,2026-05-19T09:05:17Z,2026-05-19T09:05:10Z,2026-05-19T09:03:14Z,-36.313755420000035,-48.870019715837856,-48.77801494164359,-39.739913878196745,-39.68070612052799,-40.224872094763214,-40.24578372063664,-40.35316568381478,-40.291594105594044,-40.476027927030685,-40.5093648018636,-40.48091335842631,-40.465926452327096,-40.624453839278715,-40.64958438625797,-40.78560335314762,-40.730385787552706,-40.780013878298405,-40.82880365375968,-40.791215655521825,-40.85636512588951,-40.83202832205424,-40.88608423531164,-43.744890322912795,-43.14843007489,-42.54433180947561,-41.926184268154316,-41.348188562915055,669.67,683.544,686.73,684.106,684.086,685.375,690.915,688.746,693.834,686.086,693.45,5171.804,5073.549,4955.627,4868.591,-840,-784,-844,-826,-824,-799,-868,-869,-850,-808,-814,26044,-31816,-18206,23200,21414
231709,2026-05-19T21:05:10Z,2026-05-19T21:05:00Z,2026-05-19T21:03:14Z,-36.346700820000024,-41.23502794107432,-41.15221350416877,-39.93725240235548,-39.88015727109871,-40.26654549643038,-40.28681541777607,-40.396517724076176,-40.33502523246696,-40.50699098660806,-40.54055562844252,-40.52096798522484,-40.50615660131601,-40.651453919954804,-40.67662495419145,-40.79691507678919,-40.741433656645626,-40.788438805112634,-40.83688834370571,-40.79643576308851,-40.86151498598596,-40.83477965971497,-40.888774590061615,-43.81291130625371,-43.1800964285664,-42.565813763375104,-41.94394550540011,-41.365393554692844,678.587,685.598,688.275,686.261,686.276,687.574,693.026,690.972,695.499,688.305,695.706,5177.413,5077.343,4958.726,4871.563,-837,-793,-840,-837,-827,-799,-867,-871,-852,-808,-815,28206,-29479,-16171,25483,23645
231709,2026-05-20T09:05:10Z,2026-05-20T09:05:00Z,2026-05-20T09:03:14Z,-36.34017275000002,-43.0907133562022,-43.014562763031734,-39.83849642972913,-39.777937529134164,-40.25328770007357,-40.27342691944904,-40.37617723066214,-40.31437845457742,-40.493680433997184,-40.52683620295463,-40.501484983545794,-40.48632738654112,-40.6396144285074,-40.66463849674278,-40.792425734795216,-40.737015941246796,-40.7855858138243,-40.83406701186874,-40.794670450581975,-40.8597750629753,-40.83385087918725,-40.88786420228959,-43.90967914460069,-43.226177837623624,-42.5915935100912,-41.96278525258941,-41.38324168045861,674.894,686.901,689.357,687.536,687.533,688.828,694.204,692.228,696.532,689.544,696.972,5185.599,5081.876,4962.008,4874.648,-836,-791,-843,-826,-823,-792,-868,-867,-853,-805,-804,29374,-28121,-14884,26803,24902
231709,2026-05-20T21:05:57Z,2026-05-20T21:05:50Z,2026-05-20T21:03:14Z,-36.349873340000016,-45.968681577341044,-45.88622909196636,-40.03359748585726,-39.97737979036211,-40.28662072144954,-40.30665893023681,-40.41385469220987,-40.352770878776965,-40.52241894443736,-40.55637921350703,-40.54039120360443,-40.526125471316874,-40.662611205645504,-40.6879118887976,-40.80106506127822,-40.74557604502047,-40.79221528809654,-40.84052724480716,-40.79882644569335,-40.8638036623658,-40.83622829319225,-40.89017515813711,-44.00745100449032,-43.28492701100262,-42.62382315758876,-41.98336159565403,-41.4015877562606,672.096,685.162,688.171,685.883,685.902,687.197,692.484,690.608,695.544,687.929,695.349,5196.021,5087.573,4965.599,4877.805,-841,-788,-841,-831,-826,-796,-864,-870,-848,-802,-811,27690,-29670,-15522,25246,23301
231709,2026-05-21T09:05:17Z,2026-05-21T09:05:06Z,2026-05-21T09:03:14Z,-36.33010610000002,-47.711913379406155,-47.62857315467096,-39.90483809492437,-39.847451242042126,-40.26374191817982,-40.28421940851106,-40.39097107608106,-40.329643213552345,-40.504293878330856,-40.53793064445637,-40.51541051435973,-40.50082681158369,-40.64808402521143,-40.67329173661781,-40.796301320707414,-40.740895357674646,-40.78831603592835,-40.83691170818432,-40.7963188566884,-40.861392375712626,-40.834832231740904,-40.8888154404529,-44.07669219654912,-43.34573861662966,-42.66303270071785,-42.007443008430926,-41.42131610865155,669.569,683.286,686.885,683.921,683.924,685.211,690.405,688.609,694.297,685.921,693.338,5206.822,5094.469,4969.798,4881.224,-832,-793,-840,-835,-827,-798,-866,-867,-852,-806,-805,25716,-31558,-16532,23344,21361
231709,2026-05-21T21:05:08Z,2026-05-21T21:04:58Z,2026-05-21T21:03:14Z,-36.363722610000025,-44.84121476498089,-44.75966234819688,-40.03991063138372,-39.97841239871471,-40.30110891399721,-40.320675914605914,-40.417297877416445,-40.35557569957595,-40.524897822215905,-40.558058183458854,-40.536544696178254,-40.52156717142378,-40.662359253891395,-40.687361359754306,-40.80252040589545,-40.746939221597444,-40.793390272087635,-40.84168370041803,-40.79972073361881,-40.864737789414676,-40.83688250258453,-40.890752882406616,-44.11584642180907,-43.397449181070385,-42.70405718439318,-42.034235374630526,-41.44230977242822,669.197,678.21,683.388,678.919,678.917,680.174,685.287,683.565,690.951,680.896,688.274,5216.01,5101.716,4974.475,4884.85,-837,-785,-847,-827,-825,-800,-867,-869,-860,-801,-811,20842,29120,-19404,18498,16485
231709,2026-05-22T09:05:10Z,2026-05-22T09:05:01Z,2026-05-22T09:03:14Z,-36.366040990000016,-36.607638901733736,-36.52807926170681,-40.022071805502776,-39.96440515828459,-40.290903877044656,-40.31099355928242,-40.41539679537465,-40.353825649952626,-40.52309447912796,-40.55683711949251,-40.53794826221741,-40.52330594914409,-40.66268737688091,-40.687800612089745,-40.802648988751315,-40.747126436388584,-40.79302784183312,-40.84141503102276,-40.79945770923365,-40.86447506773911,-40.836607969208615,-40.890595321824975,-44.14102482290559,-43.43844931105636,-42.74287626158801,-42.06327746416517,-41.46531287922389,670.604,672.946,679.467,673.632,673.632,674.882,679.882,678.254,687.283,675.587,682.923,5223.32,5108.567,4979.545,4888.823,-843,-788,-846,-833,-832,-800,-869,-875,-851,-808,-810,15635,23930,-22718,13330,11291
231709,2026-05-22T21:05:11Z,2026-05-22T21:05:00Z,2026-05-22T21:03:14Z,-36.333583670000024,-44.83155752500025,-44.73949601574387,-40.00152796697279,-39.942324213069156,-40.28389489849707,-40.30377488086947,-40.411865196558125,-40.35014859275424,-40.52102085485919,-40.55443013506607,-40.53484744907507,-40.51990470729325,-40.66017367091453,-40.6852587572148,-40.80118780263871,-40.74566965477413,-40.792162676298744,-40.84048051883053,-40.79901348748061,-40.86404303388997,-40.83640936976454,-40.890291870584406,-44.16497740169737,-43.474440049052276,-42.782234686997555,-42.095292824283405,-41.491097154821915,661.2,672.541,679.101,673.264,673.268,674.517,679.345,677.9,686.978,675.226,682.576,5229.732,5115.529,4985.145,4893.299,-834,-796,-845,-836,-824,-796,-862,-872,-853,-804,-812,15349,23728,-22719,13076,10987
231709,2026-05-23T09:05:06Z,2026-05-23T09:04:55Z,2026-05-23T09:03:14Z,-36.343772340000015,-47.69677691640652,-47.614618125006416,-40.01294550409662,-39.9557793302138,-40.279994724152175,-40.30002951358691,-40.41228900057371,-40.35068484590121,-40.52226033943208,-40.55592717436676,-40.53855900776804,-40.52375238316242,-40.661304559715376,-40.68644184697169,-40.80122871636604,-40.745710608992084,-40.79203406947485,-40.84032865913957,-40.799031022616276,-40.86399632733051,-40.83631006978064,-40.890256856875425,-44.183065520089,-43.50568637436686,-42.81713373777711,-42.12642901612966,-41.517453596540236,659.321,671.827,678.524,672.557,672.57,673.822,678.467,677.213,686.481,674.537,681.889,5235.292,5121.691,4990.586,4897.859,-844,-792,-842,-826,-831,-804,-872,-867,-854,-806,-799,14748,23207,-22842,12505,10367
231709,2026-05-23T21:06:03Z,2026-05-23T21:05:03Z,2026-05-23T21:03:14Z,-36.36335655000002,-48.60931750130666,-48.52554931716952,-40.07165450705085,-40.01302260104592,-40.29860797495519,-40.31831740188406,-40.424042354990235,-40.36240447411075,-40.531546769614465,-40.56509051407579,-40.547484512882534,-40.53258045573739,-40.66769101218259,-40.69277856294539,-40.80426793867167,-40.748729437405956,-40.794571077038796,-40.84281092982974,-40.8005799380434,-40.86550259446747,-40.83732058499564,-40.89120221944262,-44.18502934084998,-43.53039419254907,-42.84815714796136,-42.15616725059962,-41.54386786259107,657.275,668.772,676.457,669.521,669.53,670.769,675.257,674.147,684.436,671.479,678.808,5239.705,5127.174,4995.782,4902.439,-830,-789,-846,-838,-827,-800,-866,-879,-851,-804,-814,11783,20282,-24443,9569,7394
231709,2026-05-24T09:05:15Z,2026-05-24T09:05:03Z,2026-05-24T09:03:14Z,-36.34883617000003,-51.35489742243047,-51.273262724510516,-40.074675602460815,-40.015661620237836,-40.30166924989993,-40.32130679919442,-40.426502173778204,-40.36487298986168,-40.534036980361435,-40.56747942332339,-40.5492694396784,-40.5344363432543,-40.669179125855436,-40.694225013431094,-40.80522642859768,-40.74963037403464,-40.795342678763234,-40.843599392999494,-40.80105337161092,-40.866010512728536,-40.83763600222804,-40.89158152716092,-44.18025601230008,-43.54677023374467,-42.87432023971013,-42.18420097876296,-41.57003417059346,653.111,663.824,672.886,664.567,664.57,665.795,670.131,669.15,681.008,666.494,673.785,5242.626,5131.804,5000.69,4906.972,-837,-788,-846,-826,-832,-801,-868,-868,-853,-808,-812,6899,15411,-27346,4720,2523
231709,2026-05-24T21:05:11Z,2026-05-24T21:05:00Z,2026-05-24T21:03:14Z,-36.34255214000001,-50.24803757209577,-50.16487071885203,-39.930326856684275,-39.871987171393556,-40.266026107776725,-40.28623722661354,-40.39853133449128,-40.33690556989137,-40.511139220208065,-40.54462498612199,-40.5234645511201,-40.50857158298527,-40.653540221690264,-40.67860487280706,-40.798808910493904,-40.74331766225876,-40.78998801225572,-40.838430378566215,-40.797634039683516,-40.862717720307785,-40.83558575873508,-40.88956241385404,-44.18427274651296,-43.56010516104442,-42.897692100184685,-42.211463252866594,-41.59656407966702,653.478,663.471,672.418,664.181,664.186,665.408,669.532,668.771,680.594,666.099,673.404,5244.996,5135.924,5005.46,4911.573,-836,-784,-842,-825,-823,-793,-869,-876,-851,-803,-806,6588,15201,-27473,4472,2228
231709,2026-05-25T09:04:59Z,2026-05-25T09:04:53Z,2026-05-25T09:03:14Z,-36.32406611000002,-47.72861391259491,-47.642224053628865,-39.87746377873225,-39.81974278957287,-40.23292826555527,-40.253388060857986,-40.37693115518246,-40.31523349016163,-40.496413328626375,-40.52996096322366,-40.510763189340736,-40.495778604005096,-40.6426565987623,-40.667773035234376,-40.79180608392778,-40.73630205249762,-40.784165110454154,-40.83271178787302,-40.79430218304165,-40.85932547686082,-40.83350039199942,-40.887566572352114,-44.205766410548534,-43.57671604755805,-42.92076248453208,-42.23868001412461,-41.623589709528346,660.569,670.029,676.845,670.775,670.804,672.074,675.878,675.477,684.968,672.779,680.167,5247.959,5140.021,5010.216,4916.268,-838,-795,-848,-829,-825,-796,-865,-870,-861,-808,-810,13254,22080,-23036,11215,8910
231709,2026-05-25T21:05:07Z,2026-05-25T21:05:00Z,2026-05-25T21:03:14Z,-36.315829760000014,-49.95376768511409,-49.86361801376077,-39.85180015937536,-39.7955808940425,-40.2253859778462,-40.24612027104976,-40.37392128423417,-40.31241476955387,-40.49514387200534,-40.52882150362433,-40.50930016964489,-40.49447974636533,-40.64113846532118,-40.66634933220794,-40.79156640581746,-40.73614991109429,-40.78421772973806,-40.832805252641066,-40.79421449993859,-40.85929628283387,-40.83345950168584,-40.887479033838304,-44.248071052130456,-43.600455103130315,-42.94435101260356,-42.26482998893536,-41.65007920796688,664.254,677.024,682.058,677.752,677.789,679.077,682.573,682.525,689.815,679.779,687.262,5252.199,5144.195,5014.806,4920.85,-839,-787,-847,-834,-823,-794,-866,-868,-855,-804,-808,20126,29188,-18161,18199,15814
231709,2026-05-26T09:04:59Z,2026-05-26T09:04:50Z,2026-05-26T09:03:14Z,-36.32406611000002,-54.083634795575534,-54.00159398282898,-40.00116019174354,-39.94330407245647,-40.272175817539335,-40.2920660516169,-40.40789187260626,-40.34626501769225,-40.52088574346993,-40.55448884325838,-40.53828887115202,-40.52343518041849,-40.660964709544515,-40.68606700937548,-40.80003051631803,-40.74444101429907,-40.79140856845521,-40.83970953463759,-40.79858095240405,-40.86349422938429,-40.836053057247,-40.889970910777265,-44.30559064755184,-43.63222878121093,-42.967852809037595,-42.28890488283952,-41.67484699532051,661.366,677.225,682.434,678.036,678.074,679.358,682.671,682.818,690.119,680.073,687.574,5257.877,5148.357,5019.002,4925.159,-838,-796,-848,-833,-824,-806,-863,-872,-853,-808,-816,20411,29635,-17451,18634,16200
231709,2026-05-26T21:05:03Z,2026-05-26T21:04:51Z,2026-05-26T21:03:14Z,-36.344077390000024,-51.88054248791909,-51.79851983914327,-40.024532490886685,-39.965538935543464,-40.2822369166166,-40.30197005938879,-40.414154876037685,-40.352405534223266,-40.52545584794635,-40.5589093898804,-40.54127204519801,-40.52633105579659,-40.66351353510362,-40.68858540096414,-40.80188333195878,-40.746283964897316,-40.792788168930144,-40.84105875007222,-40.79941094921429,-40.86433494901394,-40.836508669573874,-40.890461103207,-44.36970826791156,-43.671322400803405,-42.99408000750256,-42.312275446942095,-41.698752901540956,661.082,674.386,680.505,675.19,675.218,676.486,679.657,679.939,688.207,677.19,684.676,5264.843,5152.993,5023.11,4929.297,-835,-793,-846,-841,-827,-799,-864,-873,-856,-799,-808,17494,26829,-18965,15876,13413
231709,2026-05-27T09:05:08Z,2026-05-27T09:04:57Z,2026-05-27T09:03:14Z,-36.35267980000003,-49.15197371361225,-49.069988386838986,-40.079698529018856,-40.02462735836346,-40.286449624093024,-40.30649969229373,-40.4220414631512,-40.36116133626982,-40.53276839657383,-40.567103778624016,-40.550478929448275,-40.53629804069331,-40.66691764602365,-40.692210513408895,-40.802742503371064,-40.74717323998857,-40.79352472142679,-40.841812194025096,-40.79994284214223,-40.86493628942813,-40.83692923153694,-40.890887100335135,-44.44046041091059,-43.71598575863436,-43.02412469401793,-42.33640732383475,-41.7220914215938,662.041,672.532,679.2,673.359,673.394,674.659,677.68,678.108,686.932,675.362,682.839,5272.791,5158.313,5027.332,4933.363,-838,-797,-847,-835,-826,-796,-875,-875,-855,-808,-811,15619,25078,-19881,14172,11671
231709,2026-05-27T21:04:59Z,2026-05-27T21:04:55Z,2026-05-27T21:03:14Z,-36.34883617000003,-51.144697726745505,-51.06187220038203,-40.11877565947486,-40.06110300266556,-40.29505691283072,-40.314732264057824,-40.43062712187631,-40.369191147801075,-40.53990379850916,-40.5737652218923,-40.557218704897736,-40.54268723440234,-40.67076093525671,-40.69594665045594,-40.803917267548684,-40.748302364977974,-40.794670450581975,-40.84289853739176,-40.800907250564364,-40.86578282579532,-40.8375016580666,-40.891394791370004,-44.52329208865385,-43.766321672016204,-43.0567523452664,-42.361493437014985,-41.74534640708475,659.297,670.172,677.479,671.04,671.07,672.325,675.228,675.777,685.268,673.03,680.496,5281.787,5164.099,5031.724,4937.404,-836,-794,-837,-831,-823,-795,-870,-875,-851,-800,-806,13248,22835,-21271,11975,9444
231709,2026-05-28T09:04:53Z,2026-05-28T09:04:49Z,2026-05-28T09:03:14Z,-36.36408867000003,-51.218514181379135,-51.13877840972344,-39.997339921337584,-39.94122556082161,-40.27664306119135,-40.29687966349135,-40.40982265014128,-40.34859283911351,-40.52257167474883,-40.55646727264687,-40.536215821951714,-40.521890259299454,-40.66020882842642,-40.68545789289524,-40.801579404237515,-40.74610844840723,-40.79236143172082,-40.84083680342658,-40.79910700814108,-40.86416563842528,-40.83651451073368,-40.890513623573526,-44.61455658282779,-43.82540378237863,-43.09600267621431,-42.38995899646898,-41.770185486748176,656.245,665.342,674.119,666.099,666.114,667.346,670.155,670.77,681.871,668.027,675.454,5292.343,5171.06,5036.727,4941.718,-837,-786,-842,-823,-825,-799,-867,-871,-849,-799,-805,8183,17862,-24393,7113,4554
231709,2026-05-28T21:05:18Z,2026-05-28T21:04:55Z,2026-05-28T21:03:14Z,-36.354388080000035,-49.68022129927621,-49.596524863622534,-40.08916851846416,-40.03182492576829,-40.29334028510149,-40.31319317581901,-40.426443327741396,-40.36514398947892,-40.536632787153906,-40.57044927388705,-40.55255731079231,-40.538071586386394,-40.66920841903152,-40.69445339691495,-40.804507562682915,-40.74897514883335,-40.79489257904365,-40.84317304020669,-40.80092478510997,-40.86585872154137,-40.83756590966189,-40.891499830327945,-44.70585043684201,-43.89133260895767,-43.142248476842155,-42.42219824338062,-41.79713556866636,653.952,660.637,670.656,661.463,661.48,662.699,665.469,666.108,678.564,663.38,670.77,5304.149,5179.284,5042.399,4946.4,-844,-797,-844,-831,-821,-796,-865,-875,-854,-800,-807,3508,13271,-27430,2630,49
231709,2026-05-29T09:04:50Z,2026-05-29T09:04:47Z,2026-05-29T09:03:14Z,-36.32437116000003,-52.89647941790943,-52.8136905545031,-39.97768838810981,-39.92122007686484,-40.26184130352979,-40.282124809225536,-40.403700435593606,-40.34221613652437,-40.51921150945208,-40.55304460350675,-40.534771101084374,-40.52014556211495,-40.65825755282688,-40.683466504011164,-40.79989608252595,-40.744294745779115,-40.79097012901306,-40.83931819772687,-40.7984991210696,-40.86356428983001,-40.8360764220711,-40.8900467741681,-44.796567076529016,-43.96123686419412,-43.19433376946628,-42.458683765204626,-41.82625141007557,651.565,660.678,670.458,661.474,661.496,662.724,665.37,666.141,678.357,663.401,670.8,5316.667,5188.548,5048.804,4951.474,-834,-788,-845,-831,-831,-796,-867,-871,-850,-805,-814,3461,13363,-27637,2764,124
231709,2026-05-29T21:05:02Z,2026-05-29T21:04:54Z,2026-05-29T21:03:14Z,-36.32437116000003,-52.71179859648342,-52.628757460543824,-40.037172064681215,-39.981682189925095,-40.26516438364217,-40.285375828193565,-40.41144138922627,-40.35039020197604,-40.52713576476614,-40.56138074897038,-40.544683704802594,-40.53046607690763,-40.66156823513836,-40.686922103951304,-40.799656438882636,-40.74411922305052,-40.791326726685554,-40.839668648818474,-40.79881475556101,-40.86387956076345,-40.83631006978064,-40.89028603496777,-44.88556648859117,-44.03302868793901,-43.24955690561953,-42.49802137026015,-41.85704197194093,653.781,663.821,672.66,664.702,664.734,665.982,668.497,669.43,680.399,666.667,674.127,5329.519,5198.372,5055.719,4956.845,-843,-795,-843,-835,-827,-798,-867,-876,-853,-798,-808,6705,16801,-25648,6188,3480
231709,2026-05-30T09:05:04Z,2026-05-30T09:04:53Z,2026-05-30T09:03:14Z,-36.32418813000001,-55.04792672228032,-54.96139750771303,-39.87074429888315,-39.81215249033963,-40.241851237290916,-40.262165947469015,-40.384293145967064,-40.322633401483955,-40.504135220757576,-40.5375371796508,-40.51637988131367,-40.501437971525746,-40.64800783391851,-40.67312770669005,-40.7961201152506,-40.74064375964019,-40.78811142002533,-40.83656123999049,-40.79657020514833,-40.86163175742806,-40.8348848037179,-40.88886212657826,-44.970614555871975,-44.104571407766656,-43.30584206267815,-42.538961694809586,-41.88914902588965,651.481,665.354,673.833,666.13,666.151,667.393,669.791,670.842,681.292,668.064,675.547,5342.353,5208.374,5062.916,4962.426,-846,-779,-841,-832,-821,-801,-863,-871,-851,-806,-806,8044,18301,-24773,7707,4936
231709,2026-05-30T21:05:02Z,2026-05-30T21:04:52Z,2026-05-30T21:03:14Z,-36.351642630000015,-54.7229300092383,-54.63936783341691,-40.02010317370278,-39.96232155544047,-40.27666076418842,-40.2965434325981,-40.41328374975049,-40.35186929821219,-40.52758804125966,-40.56133378831345,-40.542869268537544,-40.52826351218556,-40.66438655419003,-40.68962200811046,-40.80218141332216,-40.74665254773498,-40.793290896282485,-40.84156688779444,-40.7997382685341,-40.864737789414676,-40.83684745584489,-40.89085792255156,-45.05609417542931,-44.175560318730476,-43.36274331874509,-42.581252095808196,-41.92246163789471,652.262,663.465,672.578,664.331,664.354,665.592,668.018,669.045,680.02,666.269,673.745,5355.096,5218.499,5070.35,4968.245,-847,-786,-844,-838,-829,-800,-865,-866,-858,-805,-812,6173,16553,-25839,6035,3203
231709,2026-05-31T09:04:53Z,2026-05-31T09:04:43Z,2026-05-31T09:03:14Z,-36.341453960000024,-52.721171956629235,-52.638709377812745,-40.06350260488156,-40.00518778228971,-40.28072639728762,-40.30051908040173,-40.4207173029462,-40.35919935897107,-40.53441285139996,-40.56811331793452,-40.54873514202109,-40.53399586931016,-40.6666012658543,-40.69178300838874,-40.802672367420826,-40.747038679533205,-40.7937117808423,-40.842004933888006,-40.80038121165552,-40.865333287368514,-40.83719208117381,-40.89115553524073,-45.14778371440653,-44.24817111820252,-43.42080426781396,-42.62518536396064,-41.957407948261704,651.993,660.992,670.723,661.89,661.911,663.145,665.613,666.596,678.238,663.823,671.291,5368.145,5228.849,5078.096,4974.334,-840,-797,-847,-823,-826,-800,-872,-873,-850,-800,-811,3694,14214,-27439,3788,912
231709,2026-05-31T21:05:02Z,2026-05-31T21:04:52Z,2026-05-31T21:03:14Z,-36.32772671000001,-39.89487683223001,-39.81959992373058,-39.89144105840981,-39.83417019035582,-40.24275467129834,-40.26312806245937,-40.38769699124771,-40.326023458460895,-40.50743755378531,-40.54100779420543,-40.52072713402225,-40.50577466013678,-40.65043418211755,-40.675570530882624,-40.79696768414178,-40.74149801813243,-40.788807111056656,-40.837279697447684,-40.79695014836304,-40.86206380967016,-40.835124297660485,-40.889130571054636,-45.25185400447464,-44.32662754547283,-43.483444974019676,-42.67269835743815,-41.995033871826195,660.929,663.528,672.499,664.351,664.372,665.617,668.029,669.083,679.735,666.289,673.794,5382.246,5240.021,5086.46,4980.904,-843,-789,-844,-826,-830,-797,-871,-874,-853,-810,-808,6037,16778,-26156,6391,3435
231709,2026-06-01T09:05:03Z,2026-06-01T09:04:43Z,2026-06-01T09:03:14Z,-36.34627375000002,-37.19534712097686,-37.11710815521772,-39.914672660343484,-39.85623793658783,-40.248511489130124,-40.26861709866,-40.39217230927207,-40.33049800611647,-40.51098058250125,-40.544489932918054,-40.524239931944976,-40.50925316434697,-40.65276079792346,-40.67783165854473,-40.79776263370414,-40.742217691533256,-40.789473563297605,-40.837922212637096,-40.79746452893451,-40.86250753556902,-40.835381314420346,-40.88931147857295,-45.36705135061865,-44.41233587849257,-43.55040266740204,-42.723098149789024,-42.03482516251586,660.282,663.996,672.807,664.843,664.858,666.105,668.553,669.581,679.949,666.773,674.298,5397.669,5251.962,5095.35,4987.84,-841,-785,-847,-831,-828,-794,-862,-875,-853,-808,-814,6389,17335,-26030,7034,4005
231709,2026-06-01T21:04:52Z,2026-06-01T21:04:41Z,2026-06-01T21:03:14Z,-36.33279054000002,-38.771760389039684,-38.69131990736204,-39.884729345436114,-39.825165444560355,-40.243156192608154,-40.26316347740428,-40.38461705051225,-40.32275721602548,-40.50582754445924,-40.53901706246651,-40.51732573190745,-40.502196035415835,-40.6483419026566,-40.67336789320541,-40.79602074426842,-40.74053843919674,-40.788351112865485,-40.83686497921747,-40.796722182742116,-40.86180107559133,-40.834960740931564,-40.88893215569442,-45.47428317063677,-44.502699147527835,-43.6214261311774,-42.77550089218067,-42.07587949657304,659.293,665.669,674.076,666.528,666.541,667.783,670.259,671.271,680.965,668.45,676.008,5413.955,5264.666,5104.608,4995.027,-838,-788,-846,-830,-823,-799,-867,-867,-853,-807,-817,7968,19083,-25073,8878,5754
231709,2026-06-02T09:05:08Z,2026-06-02T09:04:58Z,2026-06-02T09:03:14Z,-36.33132630000003,-38.794067674496745,-38.72053938870968,-39.68437095360272,-39.62598855312703,-40.174446036726266,-40.19575575371442,-40.32515680338372,-40.26353533290782,-40.464079996548634,-40.49749469432243,-40.47532829270662,-40.460333968662525,-40.617663643473236,-40.64289691723005,-40.782329251250445,-40.727219655584264,-40.77714291715671,-40.825958548864975,-40.78970740431669,-40.85494620455975,-40.831081971107835,-40.88521465738299,-45.54207295195488,-44.58719307453498,-43.6931647370202,-42.82975524473002,-42.118406178006694,662.605,670.605,677.523,671.389,671.389,672.658,675.098,676.168,684.093,673.306,680.936,5429.172,5277.491,5114.182,5002.456,-850,-785,-844,-828,-830,-795,-868,-869,-852,-803,-807,12837,24113,-22315,13932,10700
231709,2026-06-02T21:04:50Z,2026-06-02T21:04:43Z,2026-06-02T21:03:14Z,-36.326140450000025,-33.43350073654915,-33.35523025029397,-39.763154584208706,-39.706002395442056,-40.19040696278731,-40.211391227077996,-40.34931768447149,-40.287641394315386,-40.48094275199537,-40.514476380861794,-40.495014573841445,-40.48003742279627,-40.63058658098086,-40.655778806484136,-40.78701817386482,-40.731585476460054,-40.780493332048394,-40.82920674737065,-40.79181777551679,-40.8569782290385,-40.832075055023324,-40.886195120130225,-45.553692149177635,-44.65402913070599,-43.764689216791226,-42.8867337728482,-42.163128230148686,671.673,677.981,682.702,678.814,678.848,680.161,682.585,683.719,689.004,680.827,688.553,5441.286,5290.308,5124.261,5010.281,-841,-786,-844,-829,-829,-796,-865,-868,-854,-808,-810,20404,31794,-17803,21583,18224
231709,2026-06-03T09:04:59Z,2026-06-03T09:04:47Z,2026-06-03T09:03:14Z,-36.35200869000002,-28.99722715018575,-28.918613880947504,-39.86874612518457,-39.80915773359081,-40.23648346055657,-40.25648734509028,-40.38017055478841,-40.31834098752421,-40.503576977486034,-40.536891186532614,-40.51599801153367,-40.501038367722,-40.647579988558846,-40.672577031247926,-40.795348524190445,-40.73985385148103,-40.78780741787983,-40.836199087239095,-40.79627793939093,-40.8612872809814,-40.83466283281544,-40.88864620292648,-45.51070579745584,-44.691936377290546,-43.82519707958173,-42.941842199420876,-42.20824240283247,667.483,677.599,682.737,678.467,678.489,679.786,682.376,683.35,688.837,680.447,688.186,5448.12,5301.103,5134.003,5018.181,-848,-792,-836,-838,-824,-795,-865,-874,-859,-803,-809,20210,31531,-17612,21394,17926
231709,2026-06-03T21:04:55Z,2026-06-03T21:04:46Z,2026-06-03T21:03:14Z,-36.33675619000002,-29.120747192312933,-29.04238688099997,-39.71198596303864,-39.65287696353073,-40.18420050714792,-40.205151771576965,-40.33319788230608,-40.27141451949731,-40.46999549051054,-40.50320677090832,-40.48063117935715,-40.46552658823552,-40.62231366895742,-40.64736899511061,-40.78410664452534,-40.72873544170358,-40.77910758259014,-40.82784556463855,-40.79074798505738,-40.855933030156905,-40.831718715157166,-40.88573990738911,-45.42821814411889,-44.70055613614991,-43.87117862072199,-42.99369604231248,-42.253770869766214,669.75,680.468,684.783,681.3,681.307,682.607,685.297,686.19,690.606,683.26,691.047,5449.683,5309.338,5143.18,5026.167,-837,-787,-844,-831,-826,-796,-864,-872,-854,-804,-813,23301,-30944,-15753,24464,20882
231709,2026-06-04T09:04:46Z,2026-06-04T09:04:37Z,2026-06-04T09:03:14Z,-36.32681156000001,-37.68268106229573,-37.60612675551289,-39.72140432874431,-39.66176294112887,-40.18878153271882,-40.209536010990576,-40.3368053654805,-40.275002558020134,-40.47409362198633,-40.507214270652696,-40.4837291903938,-40.46866073837356,-40.625644089940664,-40.65072135156669,-40.78525841211754,-40.72995857504043,-40.78029453464873,-40.82894970250197,-40.79162486398738,-40.8567329885758,-40.83206337178467,-40.886142595769456,-45.30402523980908,-44.68088116590749,-43.90153616494362,-43.04019203431807,-42.29811037244781,666.978,685.044,688.144,685.9,685.91,687.234,690.014,690.847,693.645,687.884,695.743,5446.141,5314.771,5151.407,5033.929,-840,-795,-851,-826,-822,-802,-866,-865,-852,-811,-810,28188,-26094,-12436,29300,25568
231709,2026-06-04T21:04:53Z,2026-06-04T21:04:46Z,2026-06-04T21:03:14Z,-36.35267980000003,-43.925488457479446,-43.84664115639535,-39.79330582562906,-39.734368875659555,-40.20496268572617,-40.22541551120591,-40.358073988404215,-40.29618950306201,-40.48832003684029,-40.52159654312766,-40.499757265232176,-40.484681484797704,-40.63479585154417,-40.659822094570615,-40.788544035628576,-40.73312455183631,-40.78238771902895,-40.83085998525556,-40.79278232323685,-40.857900790786374,-40.832513174727154,-40.88653944529193,-45.13448622430127,-44.628924693600396,-43.90872479905178,-43.074888255941715,-42.33755868662436,667.857,689.702,691.395,690.602,690.636,691.984,694.875,695.632,696.761,692.65,700.58,5436.782,5316.043,5157.545,5040.854,-833,-792,-843,-829,-831,-799,-871,-871,-853,-810,-814,-32211,-21041,-8849,-31233,30434
231709,2026-06-05T09:04:56Z,2026-06-05T09:04:44Z,2026-06-05T09:03:14Z,-36.34438244000003,-43.63005044742249,-43.548373457941096,-39.89950109408474,-39.84096585277493,-40.225846696390846,-40.24591361753906,-40.37995852730421,-40.318282023404436,-40.504799229012605,-40.53828299860214,-40.5208328737051,-40.5059333129507,-40.648306737621084,-40.673414758745906,-40.79304537883468,-40.73751331736551,-40.785995063275465,-40.83436492312788,-40.79506209754268,-40.86011954862141,-40.833845037751956,-40.88780584360123,-44.93254266063232,-44.54640181813548,-43.895357244600746,-43.09941966990553,-42.372574617923135,677.42,694.566,694.843,695.539,695.587,696.968,699.975,700.653,700.065,697.641,705.641,5421.913,5313.63,5161.886,5046.986,-840,-780,-847,-826,-825,-796,-873,-878,-855,-809,-804,-26893,-15867,-5077,-26114,-30127
231709,2026-06-05T21:04:44Z,2026-06-05T21:04:37Z,2026-06-05T21:03:14Z,-36.35926888000003,-43.049761921178856,-42.96957559923999,-40.057595238256,-39.99760687480065,-40.27080665358389,-40.29008385036451,-40.413683998703135,-40.35166305217072,-40.53040146960316,-40.56376394961728,-40.5457641173098,-40.53054830427587,-40.66348423892302,-40.68841555953426,-40.799837632950926,-40.744195282967155,-40.79185285026918,-40.84007166488678,-40.7989842622423,-40.86387956076345,-40.83616404007543,-40.89009345928136,-44.7305644429139,-44.441714136617236,-43.863288773793556,-43.11381893803477,-42.402595743727915,679.104,693.894,694.763,694.961,695.001,696.367,699.653,700.062,699.788,697.049,705.056,5403.068,5307.863,5164.423,5052.259,-834,-789,-839,-830,-821,-797,-862,-876,-850,-807,-809,-27041,-16228,-4357,-26435,-30533
231709,2026-06-06T09:05:29Z,2026-06-06T09:04:47Z,2026-06-06T09:03:14Z,-36.391238120000025,-41.12186452727829,-41.03948852734564,-40.219555771562995,-40.16338879763245,-40.299828966853255,-40.319225441549065,-40.444800196130046,-40.3841105807312,-40.55421291420865,-40.588710918506195,-40.57183436674262,-40.557817495113284,-40.676367208118734,-40.701591372717985,-40.80449002925323,-40.74883474243546,-40.79584538328342,-40.84403158295942,-40.80194177940933,-40.866833680930284,-40.83803319179333,-40.89194332600903,-44.55774956398409,-44.32769398118273,-43.812386089441304,-43.11389222397318,-42.42420201301974,676.218,687.302,690.151,688.417,688.454,689.801,693.52,693.469,695.459,690.475,698.42,5382.548,5298.714,5164.423,5056.029,-841,-790,-841,-829,-820,-798,-863,-867,-854,-806,-811,32153,-22820,-7219,32673,28520
231709,2026-06-06T21:04:44Z,2026-06-06T21:04:37Z,2026-06-06T21:03:14Z,-36.39068903000003,-44.463695965418225,-44.378557345606254,-40.01831236584158,-39.95849843137705,-40.27301972440068,-40.292791660512734,-40.4097755588254,-40.348050671977745,-40.526571882348435,-40.559954301111276,-40.53782493777106,-40.522853637281344,-40.66094713103075,-40.68600258390927,-40.801298854115146,-40.74573986198658,-40.792478346346826,-40.840830962713596,-40.799071937911606,-40.864124770276334,-40.83643857560892,-40.890344391107476,-44.42522018450532,-44.218635642217805,-43.75108043592215,-43.104110732102725,-42.43964954427497,663.379,680.504,685.442,681.481,681.478,682.774,686.967,686.405,690.735,683.427,691.308,5362.941,5287.727,5162.677,5058.736,-839,-788,-841,-830,-826,-804,-868,-871,-854,-805,-807,25404,-29792,-10862,25901,21725
231709,2026-06-07T09:04:47Z,2026-06-07T09:04:39Z,2026-06-07T09:03:14Z,-36.36671210000003,-46.20872809296654,-46.12604602593569,-40.001266965464595,-39.942828991430105,-40.26594937947928,-40.285824229101394,-40.408680674185945,-40.3470841865836,-40.52656600854269,-40.560177369474246,-40.541225067336796,-40.52641916319453,-40.66294518644048,-40.688034878584205,-40.80171967877433,-40.746149402304184,-40.79273555766841,-40.841035387308466,-40.799416794218814,-40.864399170139336,-40.8365261930515,-40.890461103207,-44.326616436701585,-44.12477074705549,-43.69383060384371,-43.09202162394189,-42.45303380367423,657.71,676.69,682.542,677.69,677.684,678.979,683.529,682.596,688.017,679.619,687.473,5346.096,5277.467,5160.527,5061.102,-844,-792,-844,-826,-828,-790,-871,-873,-859,-806,-811,21699,31907,-12865,22275,18054
231709,2026-06-07T21:04:43Z,2026-06-07T21:04:37Z,2026-06-07T21:03:14Z,-36.349141220000035,-45.801445153179856,-45.716132520902136,-39.924647930895674,-39.864559224086236,-40.24843473564769,-40.26844594368541,-40.38713755043503,-40.32544568996312,-40.511538750171354,-40.54484224492634,-40.52174340141056,-40.50676770165131,-40.651090567244154,-40.676226618848034,-40.79721318447008,-40.7417203572445,-40.78965479017222,-40.838097442784175,-40.79749375496215,-40.8625659202969,-40.83554486993134,-40.88958575661448,-44.25165112421297,-44.04620193598868,-43.64087993718263,-43.07732484210089,-42.462928040095875,657.535,674.47,681.001,675.456,675.433,676.708,681.617,680.313,686.364,677.337,685.177,5332.01,5268.025,5157.928,5062.819,-841,-792,-841,-831,-829,-805,-871,-873,-853,-804,-808,19438,29550,-13941,20133,15861
231709,2026-06-08T09:04:50Z,2026-06-08T09:04:39Z,2026-06-08T09:03:14Z,-36.35188667000003,-42.60034928307758,-42.511888790869534,-39.84439904612296,-39.78523506772376,-40.225149710378446,-40.24550621255739,-40.3746870207477,-40.31293960532139,-40.50240170985103,-40.53581059920933,-40.51375373834449,-40.49872883552888,-40.645815824173866,-40.67091325526593,-40.795214079210865,-40.739771934440995,-40.78762033881915,-40.8360764220711,-40.79627209406033,-40.86135150556254,-40.83469203956298,-40.88872206808688,-44.19919203859763,-43.981034833948286,-43.591950864856386,-43.05992856631596,-42.46859424687301,663.714,673.384,680.029,674.341,674.321,675.594,680.802,679.201,685.431,676.221,684.061,5320.32,5259.282,5154.813,5063.815,-838,-796,-848,-829,-828,-799,-869,-871,-851,-796,-806,18335,28397,-14368,19204,14878
231709,2026-06-08T21:04:49Z,2026-06-08T21:04:38Z,2026-06-08T21:03:14Z,-36.326872570000035,-40.87596946148312,-40.79934080911232,-39.7918168517285,-39.733575831292285,-40.20505722873571,-40.22581125664442,-40.36096690927536,-40.29933939373322,-40.49364516994666,-40.5270770272852,-40.50516354869828,-40.49020681562146,-40.63948546962169,-40.66462091939249,-40.792519266408505,-40.73708615931997,-40.78542795966811,-40.83398523203249,-40.79502117933109,-40.86015458094258,-40.8340027562931,-40.88803344214651,-44.17042481351777,-43.929003716393254,-43.546775839480006,-43.04013560441439,-42.470096054018796,664.993,674.195,680.564,675.149,675.125,676.414,681.871,680.027,685.821,677.034,684.9,5311.014,5251.211,5151.305,5064.059,-841,-789,-838,-837,-828,-790,-871,-869,-848,-808,-811,19119,29189,-13641,20193,15800
231709,2026-06-09T09:04:51Z,2026-06-09T09:04:45Z,2026-06-09T09:03:14Z,-36.35036142000001,-39.42802525258551,-39.3512060584078,-39.885086057204546,-39.8273022060209,-40.232136877559725,-40.25247890333088,-40.38519418470668,-40.323694659719905,-40.51049291555768,-40.544026051989874,-40.52497418396749,-40.51019913819124,-40.65308897768682,-40.67824755543148,-40.79762819449374,-40.742170883788646,-40.78961971404851,-40.838044873797116,-40.79749960016585,-40.8625951126383,-40.83542804461467,-40.88941652138368,-44.15610168374431,-43.89052319295226,-43.507587681181974,-43.01977287146346,-42.46873646487717,667.544,673.977,680.371,675.003,674.99,676.28,682,679.906,685.643,676.907,684.786,5304.109,5244.216,5147.713,5063.82,-844,-791,-842,-829,-829,-797,-864,-874,-857,-801,-812,19001,28985,-13525,20179,15739
231709,2026-06-09T21:04:46Z,2026-06-09T21:04:37Z,2026-06-09T21:03:14Z,-36.35292384000002,-46.08914589458186,-46.01438040099828,-39.910400350924306,-39.85381683750836,-40.23120373331844,-40.251711420630215,-40.38462293966779,-40.32321709610903,-40.51147412052225,-40.54523565732853,-40.52649552282472,-40.51194415259167,-40.652291966320774,-40.67753877154607,-40.79722487493518,-40.7417203572445,-40.78927479766662,-40.837787869156244,-40.79742361247031,-40.86250169709294,-40.83542220334252,-40.88945737131314,-44.13912681394106,-43.86083735360148,-43.4750460202807,-43.0004320806145,-42.4655108875738,651.5,673.03,679.738,674.071,674.053,675.335,681.363,678.962,684.944,675.955,683.841,5298.794,5238.404,5144.276,5063.242,-843,-787,-841,-837,-826,-796,-869,-868,-851,-812,-811,18194,27973,-13945,19369,14887
231709,2026-06-10T09:04:43Z,2026-06-10T09:04:36Z,2026-06-10T09:03:14Z,-36.34956829000001,-49.26830514820301,-49.18664393256577,-39.95376662865823,-39.89764074033263,-40.241042267045316,-40.26128055025805,-40.39424496260452,-40.333026933468574,-40.5183714358935,-40.55229311413919,-40.53485332199301,-40.52049803067521,-40.65737857743582,-40.68265235684731,-40.79872707949099,-40.74328255714411,-40.79063106683344,-40.83904951708459,-40.798160104273364,-40.863213986734735,-40.83584277339503,-40.88984252634654,-44.11080207699797,-43.833090527160664,-43.44674553936815,-42.98213661734664,-42.46064094360227,644.33,671.748,678.73,672.837,672.818,674.1,680.414,677.734,684.025,674.724,682.613,5293.827,5233.358,5141.026,5062.386,-840,-791,-846,-838,-831,-797,-863,-868,-849,-805,-811,17120,26695,-14575,18270,13752
231709,2026-06-10T21:04:35Z,2026-06-10T21:04:28Z,2026-06-10T21:03:14Z,-36.35902484000002,-52.18920848926271,-52.107513532919995,-39.89470445456416,-39.8374074656991,-40.230170168390856,-40.250448001978754,-40.384870283622064,-40.32343524297664,-40.51038128034435,-40.54400843618109,-40.52487432627089,-40.51013450695879,-40.65233884965937,-40.677532913790344,-40.79713135114636,-40.74163259191107,-40.7890760313328,-40.837542545453886,-40.79713719638772,-40.86222728803739,-40.83513598026582,-40.8891422425248,-44.072547978669434,-43.80296514648873,-43.4200125894763,-42.96463870803882,-42.45487734722019,639.372,672.617,679.261,673.682,673.667,674.952,681.493,678.588,684.45,675.57,683.48,5288.44,5228.583,5137.916,5061.366,-839,-791,-848,-834,-834,-801,-865,-877,-853,-803,-818,18092,27525,-14032,19231,14669
231709,2026-06-11T09:04:37Z,2026-06-11T09:04:26Z,2026-06-11T09:03:14Z,-36.36280746000003,-52.43018774152583,-52.34461213952133,-39.86627208841608,-39.807829982235376,-40.222999628204434,-40.24349275961086,-40.375812044686825,-40.314207445825645,-40.50457593510157,-40.53803635093786,-40.516791122711396,-40.501908089905754,-40.64682978598242,-40.671909183494705,-40.7951439338766,-40.73967246358822,-40.78766126241686,-40.83616988127088,-40.79619610470678,-40.861228894935266,-40.83461026063182,-40.888628695567405,-44.03998334374103,-43.7717666825923,-43.39476449711887,-42.948809027823785,-42.44936363766786,659.168,673.66,680.082,674.721,674.695,675.983,682.756,679.632,685.056,676.593,684.529,5282.865,5224.091,5135.122,5060.389,-841,-796,-843,-831,-821,-801,-871,-868,-850,-810,-811,19240,28528,-13324,20368,15766
231709,2026-06-11T21:04:41Z,2026-06-11T21:04:33Z,2026-06-11T21:03:14Z,-36.36573594000001,-53.986346976662816,-53.90213227101984,-39.998022133024364,-39.94296557767109,-40.24779708706052,-40.2680800243142,-40.40276438214681,-40.34175641896559,-40.52522089043717,-40.55939075594986,-40.54354455118147,-40.529267892682924,-40.6618201904833,-40.6870802364399,-40.800276003283756,-40.744704296671614,-40.79178854653969,-40.84014175434436,-40.798949191936345,-40.86398465068464,-40.836199087239095,-40.89021017189651,-44.03039268210688,-43.74487913890778,-43.37010936237215,-42.933354535896115,-42.44354217728733,658.707,672.395,679.106,673.526,673.516,674.802,681.81,678.461,684.249,675.423,683.361,5278.07,5219.692,5132.387,5059.355,-840,-793,-846,-835,-827,-801,-868,-867,-856,-802,-807,18150,27265,-13889,19288,14665
231709,2026-06-12T09:04:45Z,2026-06-12T09:04:30Z,2026-06-12T09:03:14Z,-36.37824299000002,-52.82371684827635,-52.743397452660446,-39.79941016557524,-39.74027159955463,-40.206433992241756,-40.22690987780848,-40.3612025782694,-40.299321698235474,-40.494991065051494,-40.52822239680211,-40.50495200853129,-40.48978949633869,-40.63962029026777,-40.66462677850987,-40.79275309476111,-40.737343624833926,-40.78575536038713,-40.83425977815702,-40.79521992465146,-40.8603122261197,-40.83397939061106,-40.88799259119273,-44.05465426849116,-43.73019322438341,-43.34889707667324,-42.91901592765771,-42.43791941353206,659.821,672.632,679.307,673.665,673.625,674.906,682.178,678.557,684.22,675.498,683.451,5275.425,5215.924,5129.841,5058.375,-838,-787,-840,-834,-828,-797,-869,-876,-854,-799,-815,18236,27260,-13868,19489,14841
