"modem","recv_time_utc","start_time_utc","time_utc","battery_mv","adc_temp_C","n1.ntc1_temp_C","n1.ntc2_temp_C","n2.ntc1_temp_C","n2.ntc2_temp_C","n3.ntc1_temp_C","n3.ntc2_temp_C","n4.ntc1_temp_C","n4.ntc2_temp_C","n5.ntc1_temp_C","n5.ntc2_temp_C","n6.ntc1_temp_C","n6.ntc2_temp_C","n7.ntc1_temp_C","n7.ntc2_temp_C","n8.ntc1_temp_C","n8.ntc2_temp_C","n9.ntc1_temp_C","n9.ntc2_temp_C","n10.ntc1_temp_C","n10.ntc2_temp_C","n11.ntc1_temp_C","n11.ntc2_temp_C","n12.ntc1_temp_C","n12.ntc2_temp_C","n13.ntc1_temp_C","n13.ntc2_temp_C","n14.ntc1_temp_C","n14.ntc2_temp_C","n15.ntc1_temp_C","n15.ntc2_temp_C","n16.ntc1_temp_C","n16.ntc2_temp_C","n17.ntc1_temp_C","n17.ntc2_temp_C","n18.ntc1_temp_C","n18.ntc2_temp_C","n19.ntc1_temp_C","n19.ntc2_temp_C","n20.ntc1_temp_C","n20.ntc2_temp_C","n21.ntc1_temp_C","n21.ntc2_temp_C","n22.ntc1_temp_C","n22.ntc2_temp_C","n23.ntc1_temp_C","n23.ntc2_temp_C","n24.ntc1_temp_C","n24.ntc2_temp_C","n25.ntc1_temp_C","n25.ntc2_temp_C","n26.ntc1_temp_C","n26.ntc2_temp_C","n27.ntc1_temp_C","n27.ntc2_temp_C","n28.ntc1_temp_C","n28.ntc2_temp_C","n29.ntc1_temp_C","n29.ntc2_temp_C","n30.ntc1_temp_C","n30.ntc2_temp_C","n31.ntc1_temp_C","n31.ntc2_temp_C","n32.ntc1_temp_C","n32.ntc2_temp_C","n33.ntc1_temp_C","n33.ntc2_temp_C","n34.ntc1_temp_C","n34.ntc2_temp_C","n35.ntc1_temp_C","n35.ntc2_temp_C","n1.pressure_hPa","n2.pressure_hPa","n3.pressure_hPa","n4.pressure_hPa","n5.pressure_hPa","n6.pressure_hPa","n7.pressure_hPa","n8.pressure_hPa","n9.pressure_hPa","n10.pressure_hPa","n11.pressure_hPa","n12.pressure_hPa","n13.pressure_hPa","n14.pressure_hPa","n15.pressure_hPa","n16.pressure_hPa","n17.pressure_hPa","n18.pressure_hPa","n19.pressure_hPa","n20.pressure_hPa","n21.pressure_hPa","n22.pressure_hPa","n23.pressure_hPa","n24.pressure_hPa","n25.pressure_hPa","n26.pressure_hPa","n27.pressure_hPa","n28.pressure_hPa","n29.pressure_hPa","n30.pressure_hPa","n31.pressure_hPa","n32.pressure_hPa","n33.pressure_hPa","n34.pressure_hPa","n35.pressure_hPa","n1.gnd","n2.gnd","n3.gnd","n4.gnd","n5.gnd","n6.gnd","n7.gnd","n8.gnd","n9.gnd","n10.gnd","n11.gnd","n12.gnd","n13.gnd","n14.gnd","n15.gnd","n16.gnd","n17.gnd","n18.gnd","n19.gnd","n20.gnd","n21.gnd","n22.gnd","n23.gnd","n24.gnd","n25.gnd","n26.gnd","n27.gnd","n28.gnd","n29.gnd","n30.gnd","n31.gnd","n32.gnd","n33.gnd","n34.gnd","n35.gnd","druckkorrigiert"
231709,"2026-01-19T09:07:13Z","2026-01-19T09:07:01Z","2026-01-18T09:03:14Z",6724,-37.27679827,-20.6176483253377,-20.5273787748345,-44.0209107588375,-44.0206666574092,-43.8703111827544,-43.8695081679992,-43.8906611913377,-43.8888470535544,-43.9872125909272,-43.9870852955061,-44.1049106341272,-44.1050391629906,-44.2432047329754,-44.2432325696473,-44.327001011248,-44.3269491528539,-44.3818434260859,-44.3818317640692,-44.4361433883436,-44.4360182167029,-44.4800085717699,-44.4802680535423,-44.5098970443672,-44.5091848003774,-24.6968925896339,-24.7428469229935,-28.1378220968529,-28.161641391896,-31.1070730181734,-31.1249204367622,-34.0645405187162,-34.0818700546693,-36.7931054195315,-36.8064898693308,-40.5754480581639,-40.5811124153303,-42.669381508111,-42.6729846398426,-43.6874836007308,-43.6881409910051,-44.0496497029567,-44.0495172765355,-44.1095270508368,-44.1084713498363,-44.0484676268375,-44.0477465390397,-43.9669994758945,-43.9665873305352,-43.901308659375,-43.9013613122916,-25.0947240046693,-25.0921678116274,-26.5771784292516,-26.5787438014289,-27.1811095921964,-27.1793979084205,-27.7800123093282,-27.7774559930925,-29.1646707847679,-29.1689830057731,-30.6750155193379,-30.6739716332985,-31.8822205174202,-31.8823615069264,-33.0956190065188,-33.1006958540872,-34.8424042567284,-34.8474644356971,-36.2822631424419,-36.2860699635277,676.869,677.443,676.198,677.86,678.163,678.6,679.246,679.747,680.502,680.893,682.157,683.312,677.32,677.127,677.092,677.013,677.04,676.975,677.479,677.304,677.359,677.466,677.392,677.717,677.75,677.245,676.995,677.109,677.13,677.084,677.192,677.064,677.204,676.873,676.957,-801,-755,-812,-807,-783,-771,-831,-834,-824,-762,-792,-810,-724,-806,-868,-732,-787,-816,-806,-828,-769,-736,-779,-794,-800,-820,-775,-796,-800,-746,-781,-735,-838,-803,-750,FALSE
231709,"2026-01-19T21:07:06Z","2026-01-19T21:06:54Z","2026-01-18T21:03:14Z",6706,-37.4386578,-22.6631757109879,-22.5817615716757,-44.0285950706111,-44.0283241340175,-43.8706634979728,-43.8699389298328,-43.8918857082077,-43.8902472393788,-43.9956093810249,-43.995730341511,-44.1181846847298,-44.1185259859138,-44.2525889221184,-44.2526941793189,-44.3308396580825,-44.3305434489701,-44.3845222876415,-44.3845434848913,-44.4377924562375,-44.4375882146319,-44.4810772774976,-44.4812324636653,-44.5107523951004,-44.5100837099766,-23.3799612519325,-23.4302606911764,-27.7947024974414,-27.8228722122638,-31.1625418014528,-31.1801131032218,-34.0635207869474,-34.0805681784693,-36.7607165641406,-36.7741382366542,-40.5394644120594,-40.5449543941757,-42.6438163587723,-42.6476406953414,-43.6731494749994,-43.6741088299321,-44.0430432698104,-44.0428783519217,-44.1077864751688,-44.1067423118073,-44.0491857169599,-44.0485493744888,-43.9690058380537,-43.9683761362187,-43.9034693268885,-43.9036754532407,-24.2030850921338,-24.2034557171938,-26.0651843072328,-26.0667181946687,-26.9365749731634,-26.9356297100295,-27.6434307066016,-27.6419593716055,-29.2270615724991,-29.2298176721032,-30.7361345014727,-30.7355153695924,-31.9087047575382,-31.9092063879368,-33.0946458934686,-33.0997222691723,-34.8191508397395,-34.8243861060002,-36.2505430165315,-36.2539667407228,678.3,678.592,677.406,679.013,679.317,679.75,680.418,680.924,681.629,682.05,683.339,684.493,678.467,678.29,678.251,678.171,678.208,678.139,678.723,678.471,678.525,678.628,678.556,678.888,678.92,678.396,678.153,678.272,678.295,678.248,678.353,678.235,678.355,678.036,678.114,-811,-765,-812,-798,-801,-761,-833,-843,-821,-771,-778,-805,-720,-816,-863,-741,-805,-836,-810,-811,-791,-739,-784,-798,-809,-806,-766,-789,-810,-736,-778,-730,-838,-798,-742,TRUE
231709,"2026-01-20T09:07:07Z","2026-01-20T09:06:59Z","2026-01-19T09:03:15Z",6697,-37.47026098,-22.454090625478,-22.3588548146376,-43.9518952148111,-43.9510582477175,-43.860881217255,-43.8601897014003,-43.8943380916114,-43.8931949587857,-44.0074955693337,-44.0085310408791,-44.1237529321596,-44.1245252468171,-44.2535238037269,-44.2538169025153,-44.3305746606157,-44.3303139517445,-44.3843427357856,-44.3841825309218,-44.4377265836096,-44.4375402011484,-44.4811078635046,-44.481294844062,-44.5107849189798,-44.510198007649,-25.3248437286003,-25.3392051266414,-27.4608824649174,-27.489686187874,-31.1471157545207,-31.1659934054954,-34.0485290561747,-34.0652737217846,-36.7215926824177,-36.7349049203169,-40.5006725213244,-40.5062152502562,-42.6173795106925,-42.6212245878384,-43.6587925135757,-43.6597255383089,-44.0363578431817,-44.0362387775757,-44.10601325874,-44.1048109570797,-44.0501649184973,-44.0495219022468,-43.9709729297403,-43.9704194949839,-43.9056495660442,-43.9058130208947,-24.3419218294031,-24.3402419638467,-25.629724945836,-25.6306712753505,-26.3950915927253,-26.3923706015361,-27.318514680146,-27.3134384766447,-29.119123774933,-29.1241054266179,-30.72859106519,-30.7275804616788,-31.917175334956,-31.9171241838053,-33.0985963991517,-33.1030007299242,-34.8080938846026,-34.8128455960524,-36.2257415603989,-36.2293566656206,677.074,677.344,676.34,677.761,678.06,678.496,679.175,679.678,680.341,680.788,682.096,683.241,677.197,677.03,676.984,676.91,676.939,676.878,677.538,677.205,677.253,677.358,677.284,677.614,677.647,677.103,676.877,677.001,677.024,676.984,677.084,676.961,677.088,676.759,676.842,-809,-770,-814,-810,-791,-776,-838,-843,-821,-780,-783,-807,-727,-816,-869,-736,-798,-840,-809,-808,-785,-764,-788,-800,-806,-808,-763,-786,-806,-737,-783,-730,-828,-794,-751,TRUE
231709,"2026-01-20T21:07:07Z","2026-01-20T21:07:01Z","2026-01-19T21:03:14Z",6689,-37.47788723,-24.2353155937291,-24.1522629137384,-44.0179554118754,-44.0176786569302,-43.8704540443148,-43.8697886044885,-43.8923080095964,-43.8907255123131,-43.9951755002578,-43.9952810774337,-44.1144770934003,-44.1147199547002,-44.2508655169998,-44.2510293028784,-44.3307260884858,-44.3305540106862,-44.3845821067883,-44.3845709402169,-44.4378541429974,-44.4377403724348,-44.4811514618848,-44.4814167541903,-44.5108233500611,-44.5101604786088,-23.6749738439941,-23.7127501205316,-27.4676209838501,-27.4941982452049,-31.1250559620208,-31.144106514674,-34.0485209596214,-34.0650795679747,-36.692062790686,-36.7053305023864,-40.4637815850088,-40.469336542433,-42.5911445215656,-42.5950639111192,-43.6440055518732,-43.6448791924533,-44.0293779184171,-44.029291663502,-44.104037893457,-44.1027620952568,-44.0507981279569,-44.0500701667748,-43.9727439165069,-43.9721951431638,-43.9075351209573,-43.9077871053805,-24.1995746514871,-24.1989377531119,-25.7491454608176,-25.7500242032637,-26.5412875848551,-26.5400472157675,-27.3015168502046,-27.2992388398324,-29.1298846924782,-29.132453521541,-30.784275290734,-30.7831467023032,-31.9605452004064,-31.9607806574846,-33.1331756029731,-33.1378217883135,-34.812591618022,-34.8175509394621,-36.2128537038779,-36.2162281459644,676.012,676.353,675.601,676.773,677.068,677.501,678.189,678.69,679.305,679.791,681.117,682.261,676.221,676.06,676.014,675.935,675.967,675.903,676.652,676.226,676.277,676.387,676.311,676.639,676.672,676.142,675.906,676.021,676.046,676.004,676.109,675.987,676.112,675.785,675.869,-817,-765,-817,-807,-809,-765,-846,-852,-830,-787,-782,-814,-731,-827,-876,-749,-808,-848,-821,-826,-788,-766,-792,-810,-815,-808,-784,-798,-812,-752,-791,-740,-838,-802,-753,TRUE
231709,"2026-01-21T09:07:07Z","2026-01-21T09:07:02Z","2026-01-20T09:03:14Z",6671,-37.49368882,-24.480514323464,-24.3751794149821,-43.963559928016,-43.9627187980931,-43.8631738222838,-43.8624626940466,-43.8905392985518,-43.8891416535995,-44.000233226071,-44.0009058278026,-44.1215267706234,-44.1223735257703,-44.2525583801861,-44.2528841936738,-44.3305596216376,-44.3303310024289,-44.3844162731676,-44.3844314063078,-44.4377511418461,-44.437519516062,-44.4811910656655,-44.4813326778132,-44.5108481584832,-44.5102290075549,-26.2209101746966,-26.2203387968686,-27.3274832177622,-27.3525207038157,-31.0635648694469,-31.0836815392302,-34.0279337021047,-34.0445176853237,-36.656766526114,-36.6699943966947,-40.425258265934,-40.430810501995,-42.5642968829676,-42.5681367142638,-43.6287882937955,-43.629792902372,-44.022149116919,-44.0221087476946,-44.1016778109942,-44.1005369876096,-44.0513138302582,-44.0506706418809,-43.9743972310284,-43.9738924103209,-43.9095450115799,-43.909748058893,-24.8665553055372,-24.8658017211343,-25.6409054282721,-25.6417977941765,-26.2505922927528,-26.2481483739743,-27.1284905594234,-27.1232140812501,-29.0062059104234,-29.0107459627624,-30.7410853266443,-30.7393708085063,-31.9612586784863,-31.9610210333057,-33.1421058238392,-33.1461747256002,-34.8085698606855,-34.8130515661564,-36.1938313721602,-36.1970778282212,675.295,675.628,675.195,676.044,676.331,676.766,677.468,677.961,678.519,679.048,680.399,681.541,675.45,675.302,675.265,675.192,675.219,675.157,675.997,675.482,675.529,675.642,675.561,675.897,675.935,675.375,675.165,675.292,675.316,675.278,675.379,675.256,675.39,675.063,675.148,-820,-776,-828,-809,-803,-778,-850,-856,-831,-785,-783,-812,-731,-821,-874,-742,-805,-834,-817,-824,-786,-762,-791,-807,-811,-815,-783,-794,-814,-740,-784,-739,-841,-812,-753,TRUE
231709,"2026-01-21T21:07:07Z","2026-01-21T21:06:58Z","2026-01-20T21:03:14Z",6680,-37.4941769,-24.671123244445,-24.5892873142048,-43.9823771968599,-43.9819775045861,-43.8659113155946,-43.8652394568404,-43.8909613140983,-43.8893317947251,-43.9987488429028,-43.9990015791596,-44.1200601901795,-44.1204127735086,-44.252628236611,-44.2528435922206,-44.3304965887876,-44.3302672543649,-44.3844893479622,-44.3843874539665,-44.4379154558322,-44.437612659709,-44.481199588181,-44.4812959191191,-44.510812028057,-44.5102193847296,-24.1725632676941,-24.2117367295013,-27.5532890211097,-27.5750438634339,-31.0296166778655,-31.0494074021163,-34.0168739766658,-34.0334915476072,-36.6299054772894,-36.6430748455445,-40.3885486261166,-40.3941827010738,-42.5375372902292,-42.5414045161789,-43.6132652636329,-43.6143153186468,-44.0145080792495,-44.0145266798077,-44.0991546489619,-44.0979920539571,-44.051509665547,-44.0509056089519,-43.9759394166053,-43.9753089429793,-43.9113388043237,-43.9115128680108,-24.7493435917897,-24.7492981287187,-25.9945271660599,-25.9955834233294,-26.6204311627946,-26.619576293874,-27.2647694313855,-27.2630530728244,-29.0407449047501,-29.042960524851,-30.7727937850256,-30.7711764283704,-31.9876210436317,-31.9875978058735,-33.1681857429819,-33.1724092056005,-34.8114811165818,-34.8160696910917,-36.1819731816749,-36.1850554454934,675.714,676.083,675.991,676.496,676.786,677.224,677.933,678.426,678.899,679.498,680.876,682.026,675.941,675.776,675.734,675.658,675.687,675.621,676.558,675.946,675.993,676.105,676.025,676.361,676.398,675.866,675.633,675.752,675.777,675.736,675.842,675.719,675.855,675.529,675.611,-819,-761,-818,-812,-811,-776,-843,-846,-829,-785,-789,-816,-742,-826,-890,-750,-820,-840,-824,-827,-796,-766,-796,-809,-816,-819,-781,-797,-814,-749,-785,-739,-840,-810,-760,TRUE
231709,"2026-01-22T09:07:11Z","2026-01-22T09:06:59Z","2026-01-21T09:03:14Z",6680,-37.48941812,-24.13507390013,-24.0407866806234,-44.0715905073983,-44.0710128808127,-43.8893801076553,-43.8886168109762,-43.9079630979018,-43.9065130611223,-44.0026588120179,-44.0030631606198,-44.1180352817588,-44.1186204697746,-44.2492233597282,-44.249622366761,-44.3300456499376,-44.3300456022091,-44.3843440897516,-44.3845207962178,-44.4379034588437,-44.4377912395708,-44.4813632225149,-44.4815641425847,-44.5110563996137,-44.510421272288,-26.8520310861372,-26.8448125030273,-27.4886085614774,-27.5107794268056,-30.9843244102589,-31.0046587044971,-33.9860186150478,-34.0025244262484,-36.5961073720563,-36.6092829233991,-40.3505245140105,-40.3561978946866,-42.5103912461853,-42.5142255501886,-43.5977188157057,-43.5987748874376,-44.0068792403272,-44.0068653811959,-44.0964553488582,-44.0954078701386,-44.0517316115235,-44.0511144678865,-43.9773312740569,-43.9768429425722,-43.9131521882461,-43.9132907028202,-25.3592367945847,-25.3580896737113,-25.9170286498632,-25.9182092770339,-26.4163250177788,-26.4141871621424,-27.1922150586437,-27.1872757896236,-28.9623004648768,-28.9665717829118,-30.721348796658,-30.7193229077539,-31.971898893717,-31.9712440131188,-33.1640188989465,-33.1679412511336,-34.8028022112359,-34.8071334374821,-36.1622705573729,-36.1653161884599,675.141,675.47,675.776,675.89,676.166,676.603,677.325,677.821,678.213,678.88,680.28,681.424,675.29,675.154,675.112,675.032,675.067,675.002,676.033,675.325,675.365,675.481,675.392,675.731,675.768,675.201,674.992,675.12,675.148,675.105,675.209,675.086,675.22,674.891,674.972,-818,-767,-822,-808,-801,-782,-843,-848,-835,-779,-790,-813,-727,-823,-876,-746,-807,-839,-817,-828,-781,-759,-800,-804,-817,-818,-783,-802,-807,-757,-793,-747,-844,-810,-761,TRUE
231709,"2026-01-22T21:07:12Z","2026-01-22T21:07:01Z","2026-01-21T21:03:14Z",6680,-37.4801446,-24.740977135964,-24.6584368105979,-44.0154938989371,-44.0150711894942,-43.8751718861397,-43.8744216180617,-43.8958074234018,-43.8942214513657,-43.9983449752536,-43.9986827259419,-44.1194577425636,-44.1199661251001,-44.2522899446694,-44.2525838126786,-44.3304411265125,-44.330210220647,-44.3843577068337,-44.3843205076653,-44.4378488810319,-44.4376962143812,-44.4812165445681,-44.4814299268314,-44.5108905317697,-44.5102275789916,-24.4529301562736,-24.4945510404817,-27.727321066117,-27.7466436369542,-30.9726396534052,-30.9921188606432,-33.9665563819965,-33.983151525072,-36.569001666246,-36.5821336232682,-40.3144706651901,-40.3201357752648,-42.4831658229318,-42.4873017029259,-43.5818268442432,-43.5828098699472,-43.9989163725279,-43.9988961868337,-44.0936190124152,-44.0924385478988,-44.0517316115235,-44.0510753068853,-43.9785924157827,-43.9780440073263,-43.9147036726631,-43.9149116287753,-25.1348275661342,-25.1347320645653,-26.2914907485461,-26.2926642028987,-26.831859827156,-26.8313579117865,-27.3859843409854,-27.3845046606335,-29.0370541769511,-29.0390751326262,-30.7562892887964,-30.7544498483597,-31.9865817167518,-31.9863196454168,-33.1779534880251,-33.1820324886942,-34.8008265679869,-34.8053110685241,-36.149224455121,-36.1522966958856,675.893,676.273,676.97,676.69,676.967,677.401,678.139,678.631,678.932,679.683,681.111,682.253,676.118,675.945,675.915,675.834,675.865,675.797,676.925,676.121,676.162,676.278,676.192,676.537,676.572,676.036,675.801,675.917,675.948,675.909,676.01,675.891,676.019,675.693,675.78,-822,-779,-830,-810,-810,-784,-846,-844,-838,-786,-794,-817,-739,-820,-886,-755,-819,-840,-823,-836,-788,-766,-800,-806,-824,-816,-782,-794,-823,-744,-787,-751,-849,-821,-768,TRUE
231709,"2026-01-23T09:07:07Z","2026-01-23T09:06:59Z","2026-01-22T09:03:14Z",6680,-37.49948477,-21.3721719442446,-21.2858802708202,-44.1333806112996,-44.1329547973381,-43.9062554488459,-43.9055184862003,-43.9211647229906,-43.9195095407692,-44.0067647388839,-44.0069305646406,-44.118495587013,-44.118765749145,-44.24859014854,-44.2488794141631,-44.3295207902717,-44.3294975658684,-44.3843953657597,-44.3845975443283,-44.4380658131343,-44.4379681781336,-44.48145330885,-44.4817067278856,-44.511091610464,-44.5104459459036,-25.7276405474296,-25.7586640082109,-27.62807733473,-27.6497219003878,-30.9496917960761,-30.9693721029187,-33.9320845074857,-33.9486194862449,-36.534356660497,-36.54746400583,-40.2768224504974,-40.282485210123,-42.4556735486695,-42.4597296436188,-43.5655496416753,-43.5666238612426,-43.9906128233536,-43.9906843202208,-44.0904108756258,-44.0894038319447,-44.0514900820436,-44.0508990820998,-43.9796967121683,-43.9791667224825,-43.9161896598794,-43.9163756572584,-25.3078711425641,-25.3068785157146,-26.1301031744698,-26.1312250105588,-26.628542987848,-26.6268317083365,-27.3416987641138,-27.3373876173772,-28.9971420152878,-29.001124911765,-30.7145861149561,-30.712462296714,-31.9646883212072,-31.9638882420598,-33.1625163903464,-33.1661887949429,-34.7848033588024,-34.7889850434314,-36.1261288948632,-36.1289948710167,677.658,677.927,679.018,678.349,678.613,679.057,679.809,680.299,680.512,681.345,682.798,683.946,677.788,677.61,677.577,677.501,677.535,677.468,678.688,677.79,677.831,677.947,677.857,678.2,678.235,677.699,677.463,677.586,677.613,677.573,677.675,677.55,677.686,677.359,677.446,-820,-775,-822,-815,-801,-780,-847,-858,-836,-787,-790,-815,-732,-820,-879,-752,-809,-846,-819,-827,-791,-769,-800,-808,-817,-820,-792,-801,-820,-755,-786,-745,-849,-813,-757,TRUE
231709,"2026-01-23T21:07:07Z","2026-01-23T21:07:00Z","2026-01-22T21:03:14Z",6671,-37.48770984,-25.0528146541506,-24.9731264323878,-44.0536343659235,-44.0532665715216,-43.8835938588502,-43.882915621257,-43.8995739193052,-43.8979568292778,-43.9977050733016,-43.9979467096481,-44.1192763055505,-44.1196912099532,-44.2529761829942,-44.253218416883,-44.3300920710776,-44.3299175731702,-44.3844553807806,-44.3844893558566,-44.4378828485551,-44.4376986703789,-44.4811682273322,-44.4814079425706,-44.5108568638526,-44.5102926161162,-23.4816545913541,-23.5259687881571,-27.5867252993616,-27.6113734188387,-30.952021854716,-30.970984108236,-33.9103421074408,-33.9269441559059,-36.5049484616025,-36.5180792802978,-40.2404712258235,-40.2461742568696,-42.4277868418231,-42.4318834698777,-43.5489724070559,-43.5500653623592,-43.9820338093028,-43.9821251460124,-44.0869156601038,-44.0858860025152,-44.0510200762639,-44.0504291470976,-43.9805918977036,-43.9800936011848,-43.9174988723797,-43.9177285480306,-24.4326916466013,-24.431800082802,-26.068880392045,-26.0698133861922,-26.8069274641346,-26.8059693383763,-27.4549817280773,-27.4535330314152,-29.0950879890679,-29.0968650460117,-30.7666912058343,-30.7647893067971,-31.9826044940267,-31.9821588567847,-33.1758375107706,-33.1797161657348,-34.782795015585,-34.7871935042882,-36.1146335400336,-36.1174039620367,680.925,681.342,682.81,681.761,682.024,682.467,683.234,683.729,683.829,684.764,686.246,687.409,681.17,681.006,680.957,680.885,680.915,680.85,682.16,681.172,681.209,681.328,681.233,681.586,681.619,681.09,680.848,680.963,680.991,680.946,681.052,680.927,681.059,680.736,680.824,-824,-775,-836,-816,-819,-778,-852,-854,-840,-788,-800,-819,-740,-833,-892,-754,-817,-849,-840,-840,-797,-768,-807,-817,-823,-825,-791,-802,-815,-756,-797,-739,-845,-816,-759,TRUE
231709,"2026-01-24T09:07:49Z","2026-01-24T09:06:52Z","2026-01-23T09:03:14Z",6671,-37.47416562,-25.1648643808753,-25.0634767861897,-43.974334432588,-43.9737096018969,-43.8733579275999,-43.8725098475877,-43.8983132078558,-43.8966721159537,-44.0041816055175,-44.0045979935958,-44.1243390279049,-44.1248529907863,-44.2540604738545,-44.2542952151602,-44.3300396516021,-44.3298231195147,-44.3845677154406,-44.3844723516594,-44.4377976847735,-44.4375468216959,-44.4812437551297,-44.4813724672696,-44.5108439289319,-44.5102122074903,-26.429751616318,-26.4227788941078,-27.363177302043,-27.3879606892048,-30.9227733847083,-30.9423725417624,-33.8761095884518,-33.8926512222373,-36.4686916734184,-36.4818046315578,-40.2032627197346,-40.2089775508843,-42.4001078510002,-42.404064275646,-43.5323843451833,-43.5335092110234,-43.9734994472586,-43.9735714202084,-44.0836876429334,-44.0825768577025,-44.0507393768129,-44.0501419629915,-43.9815785482476,-43.9810400487265,-43.9189651599825,-43.9192251925111,-25.1150294409186,-25.1138055012955,-25.8371842687866,-25.8378642895253,-26.4254539542398,-26.4229400298827,-27.2685654392474,-27.263471309734,-29.0258666323769,-29.0299134538749,-30.7348877726158,-30.7326390765429,-31.9673956886538,-31.9665406234933,-33.1634876324939,-33.166977826267,-34.7700041914251,-34.7740635143593,-36.094560407952,-36.0974011167219,681.562,681.962,683.858,682.378,682.635,683.078,683.858,684.349,684.391,685.374,686.89,688.052,681.749,681.606,681.566,681.492,681.521,681.451,682.856,681.775,681.801,681.926,681.831,682.183,682.221,681.647,681.438,681.563,681.587,681.545,681.643,681.523,681.654,681.327,681.416,-826,-778,-837,-816,-813,-790,-849,-855,-832,-788,-797,-822,-742,-826,-879,-751,-812,-853,-820,-829,-795,-772,-799,-807,-823,-822,-777,-792,-819,-778,-799,-751,-854,-813,-784,TRUE
231709,"2026-01-24T21:07:11Z","2026-01-24T21:07:00Z","2026-01-23T21:03:14Z",6663,-37.48661166,-26.5359775154605,-26.4515089778546,-43.9413181819404,-43.9406115537134,-43.8655869176267,-43.8648958990308,-43.893801985478,-43.8923139425342,-44.002826128238,-44.0034595045948,-44.1227807058304,-44.1234893148579,-44.2526471725288,-44.2529467057081,-44.3303289786142,-44.3300816406743,-44.3844836105065,-44.3844079663066,-44.4377968694286,-44.4376490746148,-44.4812391569143,-44.4813870369244,-44.5109410472934,-44.5102820539658,-24.7228786814358,-24.7503904577892,-27.5966967350703,-27.6168603760498,-30.9100820735725,-30.9293211448299,-33.8600717850416,-33.8765456723046,-36.4413257158795,-36.4544251671528,-40.1688905789162,-40.1745839876191,-42.372898154253,-42.3770965818902,-43.5160552166743,-43.5172055522204,-43.9650097534407,-43.9651146451528,-44.08036816847,-44.0792936613436,-44.0504325644548,-44.0497895081065,-43.9826762616436,-43.9822410389599,-43.9205492381812,-43.9207544803359,-25.2150481098627,-25.2149070569607,-26.2618554776739,-26.2629504268622,-26.8180648930761,-26.8174313089048,-27.4181942460167,-27.4163439716527,-29.093409947724,-29.0950194460433,-30.7875918155065,-30.7856006906825,-31.9941397310934,-31.9935504827713,-33.1852464149078,-33.1888560413979,-34.7736092470355,-34.7776794765045,-36.0879386505247,-36.0906085868931,678.568,679.04,681.448,679.454,679.71,680.147,680.945,681.423,681.46,682.434,683.965,685.125,678.82,678.675,678.634,678.561,678.594,678.526,680.029,678.843,678.868,678.996,678.895,679.253,679.289,678.74,678.513,678.632,678.662,678.619,678.722,678.597,678.73,678.407,678.492,-838,-774,-831,-820,-809,-785,-857,-859,-849,-794,-795,-825,-739,-837,-890,-751,-823,-854,-829,-831,-795,-769,-807,-819,-823,-823,-800,-806,-809,-755,-796,-752,-856,-826,-755,TRUE
231709,"2026-01-25T09:07:19Z","2026-01-25T09:07:00Z","2026-01-24T09:03:14Z",6671,-37.48966216,-27.6118284625031,-27.5027546147564,-43.933835756815,-43.9332673444832,-43.871235008162,-43.8704987176036,-43.9037869455689,-43.9026648559551,-44.0104154898743,-44.0115804972705,-44.1296665896633,-44.1308344900677,-44.2530762707539,-44.2535252955346,-44.3299596062374,-44.3297190240952,-44.384067779252,-44.3839726718212,-44.4379341568094,-44.4376886290282,-44.4813133292813,-44.4814545845317,-44.5110092935344,-44.510382165548,-27.9269060242605,-27.9058693399087,-27.6460520589262,-27.6640188590086,-30.8761168568741,-30.8957555694303,-33.8282436434712,-33.8447200267167,-36.4066775900962,-36.4196838049281,-40.1331034273815,-40.1387744467325,-42.3455215749919,-42.3498012317197,-43.4995245065987,-43.5006739025328,-43.9564797656094,-43.9565783682566,-44.0770289657518,-44.0759841955349,-44.0500213031574,-44.0494696863461,-43.9838196940481,-43.9832527261468,-43.9220743689721,-43.9223098740858,-26.2270045017193,-26.2270857789387,-26.3756897140884,-26.3770574460654,-26.7267033533329,-26.7253063857181,-27.4012428409402,-27.3965921067458,-29.0415055348496,-29.0453346933014,-30.7517324027996,-30.7492343902749,-31.9822007325851,-31.9810606666373,-33.1766839168815,-33.1798905179099,-34.7630710298384,-34.7668939990607,-36.0701755526397,-36.0728781319737,675.906,676.373,679.257,676.79,677.036,677.469,678.283,678.758,678.788,679.747,681.302,682.461,676.111,675.983,675.955,675.88,675.92,675.856,677.443,676.162,676.186,676.315,676.207,676.567,676.602,676.006,675.815,675.945,675.974,675.932,676.042,675.907,676.042,675.718,675.807,-836,-775,-826,-824,-817,-784,-847,-858,-840,-791,-794,-823,-729,-826,-886,-759,-824,-843,-827,-830,-792,-765,-800,-814,-819,-823,-781,-810,-824,-757,-797,-746,-850,-816,-774,TRUE
231709,"2026-01-25T21:07:12Z","2026-01-25T21:06:59Z","2026-01-24T21:03:14Z",6663,-37.46946785,-26.0666247383059,-25.990365855223,-44.1594452270042,-44.1590464857514,-43.9204301401022,-43.9196738833752,-43.9324105012319,-43.9307308670299,-44.012031769408,-44.0122660546749,-44.1204041092044,-44.1206537168105,-44.248039352151,-44.2483096696157,-44.3293772189689,-44.3292672951797,-44.384175305932,-44.3843576395084,-44.4381504330978,-44.4381446782087,-44.4815200495823,-44.4817349137746,-44.5112332044352,-44.5105369305154,-25.7512640234986,-25.7817469108537,-28.0501165658008,-28.0635178649575,-30.877537587111,-30.8962438163585,-33.8079303103948,-33.8243505995096,-36.3779983137313,-36.3910359598054,-40.0984376734677,-40.1041499235609,-42.3178571378276,-42.3220435504467,-43.4824102244511,-43.48354525019,-43.9472949266822,-43.9474264852614,-44.073050404505,-44.0720478753841,-44.0491661327848,-44.0485885369502,-43.9843685346985,-43.9838858388206,-43.9231805579859,-43.9234339177207,-26.2966719901503,-26.2975948633969,-26.977950622156,-26.9797342834578,-27.3083417382092,-27.3089794453309,-27.6927431902652,-27.6918035571231,-29.1453780303894,-29.1470105674145,-30.7911124767524,-30.7889079494581,-31.9957971158294,-31.9950513531967,-33.1819942375762,-33.1854610320825,-34.7534911527083,-34.757366895318,-36.053677971171,-36.0562524635448,679.072,679.517,682.731,679.935,680.177,680.615,681.443,681.922,681.874,682.904,684.49,685.659,679.291,679.134,679.109,679.036,679.07,678.999,680.672,679.319,679.336,679.469,679.365,679.729,679.764,679.211,678.984,679.109,679.14,679.101,679.206,679.08,679.216,678.894,678.978,-829,-776,-833,-819,-806,-781,-846,-857,-838,-792,-797,-824,-740,-831,-893,-754,-823,-846,-828,-836,-796,-770,-807,-819,-817,-825,-786,-808,-812,-756,-791,-749,-849,-820,-768,TRUE
231709,"2026-01-26T09:07:07Z","2026-01-26T09:06:58Z","2026-01-25T09:03:14Z",6663,-37.47215229,-24.6783965726756,-24.5823412123595,-44.0582484267219,-44.0576810577215,-43.8915433544099,-43.8908261833915,-43.9070559275628,-43.9055088860371,-44.0016735574698,-44.0020900694085,-44.1208009545102,-44.1214038575217,-44.2522294963955,-44.2525891091447,-44.3301965810772,-44.330106041977,-44.3843318362557,-44.3844176629301,-44.4379297018199,-44.437791252809,-44.4812065844363,-44.4814269422761,-44.5109670184307,-44.5102604094259,-27.9267892031841,-27.9218751269929,-28.0793345487267,-28.094476696326,-30.8749802283107,-30.89352729566,-33.7729316587054,-33.789234845678,-36.3415814100352,-36.354639063614,-40.0622003722455,-40.0678618028537,-42.289703115183,-42.2939705349762,-43.4650740780446,-43.4662868662019,-43.9379911345629,-43.9381425876751,-44.0691237925898,-44.0680395139199,-44.048317479759,-44.0476943217702,-43.9850153768596,-43.9844406234078,-43.9243587273768,-43.9245710124792,-26.7417829047693,-26.7411386392694,-26.9736438646057,-26.9754883450635,-27.238180288751,-27.2375470369784,-27.7577786302064,-27.7536579976171,-29.1531545721986,-29.156998249856,-30.7625183790066,-30.760118269092,-31.9746056851164,-31.9735611367857,-33.1599179787245,-33.1632484597817,-34.7331317476753,-34.7366781726843,-36.0291605364075,-36.0315581047936,681.858,682.276,685.802,682.689,682.922,683.364,684.213,684.688,684.596,685.661,687.283,688.457,682.008,681.858,681.834,681.761,681.793,681.726,683.468,682.044,682.065,682.194,682.087,682.457,682.491,681.899,681.698,681.829,681.861,681.819,681.923,681.801,681.931,681.612,681.698,-830,-775,-826,-826,-811,-781,-853,-857,-840,-796,-792,-828,-744,-831,-885,-760,-819,-850,-822,-832,-801,-769,-793,-819,-817,-829,-793,-810,-819,-758,-801,-754,-865,-823,-762,TRUE
231709,"2026-01-26T21:07:01Z","2026-01-26T21:06:51Z","2026-01-25T21:03:14Z",6671,-37.47440966,-26.5906826311101,-26.5088478357085,-43.9075838118516,-43.9069672852495,-43.8690995913278,-43.8681933350481,-43.9019667935372,-43.9004951489511,-44.0099668192814,-44.0107227697576,-44.129803249074,-44.1306176931878,-44.253825473298,-44.2541309784478,-44.3294706753202,-44.3291529335012,-44.3843462653376,-44.384121481118,-44.4378622980993,-44.4375707485501,-44.4813013901873,-44.4814359224294,-44.5110887073068,-44.5104475124523,-25.3056990449482,-25.3431753018846,-28.2938371451087,-28.3088826841965,-30.9153064156065,-30.9327440920944,-33.7571581202256,-33.7733278301318,-36.3141136285451,-36.3271728811212,-40.0287877575399,-40.0344490991904,-42.2626027571148,-42.266830889429,-43.4480823498353,-43.4492479002868,-43.9289149327457,-43.9289947315499,-44.0652230462492,-44.0641810792199,-44.047540626515,-44.0469567485396,-43.985714482101,-43.9851781535232,-43.9255630568924,-43.9258257153793,-26.2253741922375,-26.2256652180287,-27.2604136873412,-27.26224902935,-27.6665506535396,-27.6672046454016,-28.0290000136461,-28.0284292406811,-29.3155616118827,-29.3172353313962,-30.8358345919525,-30.8337008746012,-31.9981757078189,-31.9974611834507,-33.1719205438958,-33.1753902957518,-34.7293240588351,-34.7332646674502,-36.017775306176,-36.0200538872099,680.258,680.785,684.672,681.198,681.423,681.865,682.726,683.199,683.149,684.154,685.801,686.977,680.507,680.355,680.32,680.254,680.284,680.216,682.039,680.53,680.549,680.682,680.572,680.944,680.974,680.427,680.189,680.308,680.34,680.299,680.409,680.285,680.419,680.096,680.183,-820,-773,-829,-819,-815,-789,-855,-863,-830,-794,-801,-834,-743,-828,-888,-764,-818,-851,-826,-838,-801,-777,-801,-820,-826,-822,-781,-813,-819,-755,-794,-747,-856,-814,-777,TRUE
231709,"2026-01-27T09:07:55Z","2026-01-27T09:07:41Z","2026-01-26T09:03:14Z",6593,-37.4630618,-26.7097228224613,-26.6117408041441,-44.0442293821004,-44.0438189160463,-43.8910661969668,-43.8903426952818,-43.9063076903291,-43.9047374497702,-43.9994242276978,-43.9997417984322,-44.1148753796761,-44.11524766391,-44.2491836082685,-44.2494521221827,-44.3305297674097,-44.3304597655515,-44.3844213093945,-44.384578736468,-44.4379063909107,-44.4378778847828,-44.4813579617594,-44.4815586300881,-44.5109605765046,-44.5103894901671,-28.2675803461671,-28.254192937032,-28.196883513923,-28.2129281601947,-30.9360536489726,-30.9535489945787,-33.7311203528982,-33.7473038091808,-36.2800423903652,-36.293031243849,-39.9942307161802,-39.9999052254324,-42.2353687908761,-42.2395911643435,-43.4311124691098,-43.4323823804213,-43.9197720960761,-43.9199633510337,-44.0613807875963,-44.0603550711411,-44.0468551603716,-44.0462844402782,-43.9865311846318,-43.9860201028571,-43.9269571721761,-43.9272045545463,-26.8966448977404,-26.8962983909511,-27.1326310017193,-27.1343438394169,-27.4465155616866,-27.4457849005417,-27.9982968573688,-27.9943895645737,-29.3362942393449,-29.3401766425174,-30.8357014224155,-30.8335144382597,-31.9949555523557,-31.9937820499669,-33.1624167742565,-33.1654744987488,-34.7158867415107,-34.7194725310473,-35.9980449372929,-36.00043985274,677.389,677.883,682.181,678.289,678.517,678.951,679.831,680.298,680.326,681.234,682.901,684.075,677.577,677.436,677.413,677.342,677.377,677.308,679.208,677.615,677.632,677.769,677.651,678.029,678.062,677.473,677.27,677.403,677.435,677.393,677.503,677.378,677.515,677.192,677.28,-836,-781,-835,-820,-815,-786,-848,-858,-843,-793,-798,-827,-731,-842,-889,-754,-825,-848,-825,-836,-791,-769,-796,-819,-821,-826,-800,-804,-825,-753,-797,-750,-855,-820,-772,TRUE
231709,"2026-01-27T21:07:02Z","2026-01-27T21:06:50Z","2026-01-26T21:03:14Z",6663,-37.45927918,-27.382711751583,-27.2944195820455,-44.0266343835567,-44.02604613533,-43.8860747701911,-43.8854559368983,-43.9021739443795,-43.9006296631395,-43.9991916020315,-43.9997147717396,-44.1195577167832,-44.1200819200357,-44.2524391644491,-44.2527072196566,-44.3302691127617,-44.3301217292331,-44.3844009582946,-44.3844675676139,-44.4378708037913,-44.4377250492101,-44.481259283795,-44.481433885738,-44.510895948471,-44.5102465748666,-25.797668819575,-25.8308846284369,-28.4614451839115,-28.4753580338749,-30.9760569895815,-30.992756145201,-33.7211052113331,-33.7371011860919,-36.2515397222229,-36.2646289210653,-39.95989483368,-39.9656106994599,-42.2074164256031,-42.2116999618293,-43.4134131479223,-43.4146552884227,-43.9100523738055,-43.910302808352,-44.0569772524016,-44.056013008713,-44.0456996445976,-44.0451160440219,-43.9869362654092,-43.9864182302904,-43.927965106004,-43.9282043586043,-26.625574921666,-26.6255861997034,-27.5322980430289,-27.5341568024695,-27.9038471650867,-27.9044245560733,-28.2491817751071,-28.2486514615469,-29.4939747868108,-29.4956474070376,-30.9305497700965,-30.9286103556184,-32.0388006901824,-32.0380338461828,-33.1892116751614,-33.192441613939,-34.7211588789445,-34.7249359988854,-35.9929283367976,-35.9952293193243,679.865,680.426,684.895,680.833,681.053,681.493,682.389,682.854,682.874,683.782,685.49,686.668,680.145,679.978,679.948,679.882,679.918,679.849,681.804,680.157,680.175,680.309,680.192,680.574,680.601,680.048,679.815,679.936,679.974,679.931,680.044,679.921,680.055,679.733,679.821,-825,-773,-833,-818,-814,-782,-859,-862,-839,-788,-800,-821,-739,-841,-874,-752,-820,-855,-830,-840,-797,-771,-800,-823,-828,-828,-788,-810,-822,-763,-799,-751,-854,-820,-763,TRUE
231709,"2026-01-28T09:06:58Z","2026-01-28T09:06:50Z","2026-01-27T09:03:14Z",6628,-37.45946221,-26.1958820459589,-26.1262548735438,-44.0092990860709,-44.0087589615188,-43.8864822920002,-43.8857196217681,-43.9052812873147,-43.9037754043627,-44.0025141438433,-44.0030578550477,-44.1204485784752,-44.1210674912755,-44.2511230468942,-44.2514431264319,-44.3300117113314,-44.3297801463819,-44.3843845459385,-44.3844577353789,-44.4378893861459,-44.4377303545739,-44.4813484701847,-44.4814904902705,-44.5110355228637,-44.510404891359,-28.0278369843783,-28.0395336947979,-28.4354268785835,-28.4493075373334,-30.996500462155,-31.0133019521213,-33.7022028206154,-33.71793693546,-36.218309318313,-36.2312825656159,-39.9251135962756,-39.930828394021,-42.1797059266614,-42.1840911813752,-43.3958869104215,-43.397140922879,-43.900422829139,-43.9006343295026,-44.0526973945272,-44.0517359685869,-44.0445963371264,-44.0439998477623,-43.9874001452399,-43.9868620417183,-43.9290646528896,-43.9292760274723,-27.3230475519359,-27.3229286062442,-27.5124053787955,-27.5142568802796,-27.762456420523,-27.7620294267505,-28.2490663307284,-28.2455281308094,-29.5123148194341,-29.5159265413749,-30.9363829640805,-30.9341868248864,-32.0452924052128,-32.0441318402865,-33.1825086324902,-33.1854112251169,-34.707678860695,-34.7110534202433,-35.9722554564559,-35.974587931942,679.975,680.498,685.156,680.903,681.119,681.554,682.47,682.93,683.011,683.847,685.58,686.768,680.207,680.031,680.009,679.945,679.982,679.916,681.929,680.222,680.239,680.378,680.256,680.647,680.67,680.098,679.878,680.017,680.047,680.012,680.123,679.997,680.128,679.805,679.892,-819,-783,-833,-817,-815,-789,-854,-866,-841,-799,-798,-832,-740,-837,-890,-759,-820,-857,-824,-841,-798,-772,-809,-817,-825,-825,-785,-812,-827,-767,-803,-751,-856,-825,-758,TRUE
231709,"2026-01-28T21:07:10Z","2026-01-28T21:06:59Z","2026-01-27T21:03:14Z",6663,-37.45824201,-27.8296537095831,-27.744940776167,-43.9700148234394,-43.969107775207,-43.8801596703152,-43.8795216010618,-43.9018859651329,-43.9005894158045,-44.0019612351404,-44.0029405081762,-44.1208531834156,-44.1219259782518,-44.2511520936821,-44.2515301946276,-44.3302688349313,-44.3300460480794,-44.3843529826154,-44.3843875267821,-44.4378055142463,-44.437664921913,-44.4813048764741,-44.4814659660751,-44.5110695259542,-44.5103853752128,-25.7925535939502,-25.8239222420929,-28.5848852295058,-28.6000548369609,-31.0407157494629,-31.0566078412782,-33.6993171461874,-33.7149066298113,-36.193326301132,-36.2063252756154,-39.8925416119225,-39.8983340282223,-42.1528563910541,-42.1571151041515,-43.3786064265899,-43.3798856309281,-43.8910339938183,-43.8911149421025,-44.0485216629588,-44.0474978411919,-44.0435974692965,-44.0429946026332,-43.9879946907697,-43.9874559612826,-43.9303016215729,-43.9305241080768,-26.6182044300566,-26.6183751789611,-27.6707394038804,-27.6724331523548,-28.1097819511076,-28.110310752277,-28.470678913422,-28.470183711481,-29.660191134249,-29.661787823422,-31.0264315731285,-31.0246326523587,-32.0902715499646,-32.089447121352,-33.2081027690402,-33.2113843312673,-34.711600097941,-34.7151599586176,-35.9655517434505,-35.9676819977406,676.916,677.566,682.471,677.971,678.174,678.608,679.531,679.988,680.194,680.883,682.645,683.828,677.238,677.063,677.04,676.967,677.003,676.934,679.004,677.237,677.251,677.391,677.261,677.651,677.675,677.119,676.89,677.007,677.041,677.001,677.11,676.988,677.125,676.799,676.892,-833,-784,-832,-825,-820,-787,-859,-865,-849,-794,-803,-829,-747,-837,-892,-761,-830,-854,-831,-847,-800,-777,-806,-824,-828,-829,-793,-818,-820,-766,-797,-751,-855,-823,-770,TRUE
231709,"2026-01-29T09:07:07Z","2026-01-29T09:06:58Z","2026-01-28T09:03:14Z",6663,-37.45702181,-28.7582610363716,-28.6749466960719,-44.0043150008165,-44.0039613358296,-43.8853857449574,-43.8846821224365,-43.9017469080839,-43.9001422973372,-43.9976340255543,-43.9978797635272,-44.1132999787135,-44.1136080967392,-44.2494989858592,-44.2497018747706,-44.3306944020451,-44.3304834772495,-44.3845951236247,-44.3845775001258,-44.4379880556954,-44.4378480846154,-44.4813647729308,-44.4815261176124,-44.5109227162673,-44.51020756155,-28.5687873781391,-28.5469964293755,-28.4577487844763,-28.4741822199816,-31.0620108899432,-31.0783056570564,-33.6860138905086,-33.7013855828363,-36.1631545869764,-36.1761154654266,-39.858949566501,-39.8646431468276,-42.1258193083139,-42.1301667286536,-43.361242101944,-43.3626256675959,-43.8813428058589,-43.8816400059985,-44.0442738969327,-44.0432725103232,-44.0426116441148,-44.0420350365394,-43.9885892310469,-43.9880564021387,-43.9315123889165,-43.9317983025732,-27.149472044426,-27.1480567051414,-27.4834991814962,-27.4845254575537,-27.8363932326313,-27.8352922111449,-28.3976012145926,-28.3937283072119,-29.6633951794407,-29.6670416095473,-31.0330949983933,-31.0310136160638,-32.1014278602187,-32.1002898772962,-33.2084343925629,-33.2113594460496,-34.7026037087303,-34.7059772123098,-35.9483798280885,-35.9504657330715,673.523,674.294,679.39,674.692,674.89,675.327,676.266,676.721,677.047,677.59,679.376,680.563,673.908,673.789,673.763,673.698,673.73,673.669,675.792,673.963,673.976,674.12,673.994,674.383,674.402,673.818,673.621,673.754,673.784,673.745,673.859,673.732,673.868,673.547,673.637,-827,-784,-840,-832,-815,-791,-855,-858,-847,-798,-802,-834,-735,-843,-891,-759,-821,-855,-829,-839,-798,-774,-808,-816,-820,-829,-795,-809,-826,-751,-796,-755,-855,-817,-777,TRUE
231709,"2026-01-29T21:07:00Z","2026-01-29T21:06:50Z","2026-01-28T21:03:14Z",6654,-37.44542991,-30.6797446978783,-30.5933369515967,-44.049684349357,-44.0492988445016,-43.8968615377183,-43.8961644922707,-43.9092494932536,-43.9075754501331,-43.9985609534421,-43.9988158908823,-44.1125890504123,-44.112800442209,-44.248970411881,-44.2491869879403,-44.3301058877671,-44.3299440974037,-44.3844959827648,-44.3845883872423,-44.4380025542943,-44.4379287639903,-44.4813616074079,-44.4816401979765,-44.5110259932146,-44.5103578611053,-26.8459158077387,-26.8605071079229,-28.7382638557658,-28.7502690033383,-31.0978485476364,-31.1135110223398,-33.6867171975118,-33.7020066001627,-36.1404112532593,-36.1532764259049,-39.8265302024709,-39.8322944617912,-42.0987021043824,-42.1030709591847,-43.3435233595227,-43.3449055846127,-43.8713753127359,-43.8717055834502,-44.0396408529282,-44.0387595396238,-44.041207960973,-44.0406707320753,-43.9888832325399,-43.9883370411474,-43.932461353439,-43.9327261623333,-27.2896214357033,-27.2898472837156,-27.9391075947619,-27.9403023747733,-28.258289073601,-28.258646049579,-28.5940737152409,-28.5934405526878,-29.7803238883588,-29.7818282002359,-31.1133298584318,-31.1114773366951,-32.1436910540858,-32.1429176952881,-33.2293286951991,-33.2324226654723,-34.7011955901079,-34.7048172936438,-35.9368943982367,-35.9389532599265,674.287,675.003,680.073,675.391,675.59,676.025,676.98,677.437,677.82,678.289,680.115,681.302,674.617,674.481,674.463,674.392,674.425,674.363,676.518,674.657,674.676,674.815,674.691,675.084,675.098,674.539,674.322,674.444,674.476,674.446,674.553,674.435,674.568,674.247,674.334,-835,-786,-834,-828,-819,-785,-853,-865,-848,-798,-800,-833,-750,-843,-884,-759,-830,-850,-840,-836,-803,-779,-812,-824,-831,-829,-790,-810,-823,-763,-804,-751,-858,-825,-770,TRUE
231709,"2026-01-30T09:07:02Z","2026-01-30T09:06:50Z","2026-01-29T09:03:14Z",6663,-37.44622304,-27.1141626632147,-27.0292768676674,-44.025230788366,-44.0249728515939,-43.8932725143694,-43.8925362669136,-43.9081585918775,-43.9065407349386,-44.0008201618229,-44.0010881129738,-44.1173074937195,-44.1176130088912,-44.2510709127481,-44.2512349996487,-44.3300433374534,-44.3298500289988,-44.3844129168771,-44.3844340166112,-44.4379518055103,-44.4378190886001,-44.4813326609623,-44.4815007836951,-44.5109648914047,-44.5102960924263,-28.8283656711101,-28.8315236546607,-28.8321301499763,-28.8426603549716,-31.1136326393987,-31.1294513662791,-33.6750127049777,-33.690082829854,-36.1113641783182,-36.1242376648478,-39.7923010914157,-39.7980715203658,-42.0709927564977,-42.0753760927941,-43.3255158908696,-43.3269362691496,-43.8612295811519,-43.8615209371813,-44.0348508655747,-44.0339654031949,-44.0397520170094,-44.0391627846177,-43.9889877660946,-43.9884936763673,-43.9333644934057,-43.9335886683653,-28.1258309887446,-28.1258699979341,-28.1186853321418,-28.1204225488471,-28.2479402448169,-28.2478841944036,-28.6415083607172,-28.638227841468,-29.7863956598153,-29.789683449653,-31.1159971848312,-31.1139421856343,-32.1527528455298,-32.1516519954975,-33.2280775392723,-33.2309304091219,-34.6921728272848,-34.6954651306064,-35.9193020619838,-35.9212778398902,676.362,676.997,681.958,677.392,677.58,678.016,678.991,679.448,679.866,680.29,682.145,683.348,676.61,676.446,676.432,676.369,676.403,676.336,678.519,676.63,676.644,676.783,676.656,677.055,677.064,676.48,676.264,676.394,676.434,676.395,676.503,676.379,676.514,676.197,676.284,-820,-781,-839,-819,-824,-787,-859,-864,-840,-800,-804,-831,-746,-830,-892,-757,-824,-849,-824,-838,-798,-768,-807,-822,-824,-829,-790,-815,-827,-762,-804,-751,-858,-820,-776,TRUE
231709,"2026-01-30T21:07:02Z","2026-01-30T21:06:53Z","2026-01-29T21:03:14Z",6663,-37.43841376,-25.6916113758301,-25.6019689631676,-43.9775062723009,-43.9768328960818,-43.8823709092472,-43.8817197195487,-43.9023570407832,-43.9010713442011,-44.0012828222069,-44.0021216510089,-44.122272829538,-44.1230831307338,-44.25236887417,-44.2526819645302,-44.3297397316897,-44.3294834518323,-44.3843177655715,-44.384280752405,-44.4379027352336,-44.4377104491412,-44.4813550027648,-44.4814772612425,-44.5109578736471,-44.5103262498101,-26.6786088204866,-26.7070556159165,-29.0181507225288,-29.0300981478771,-31.1607107755064,-31.1755010972892,-33.6764442765953,-33.6913988065225,-36.0901092943841,-36.1029413467922,-39.7601681599529,-39.7659531200628,-42.0438696430734,-42.048355410987,-43.3076023231588,-43.3090080930085,-43.851003735396,-43.8513085463543,-44.030008326548,-44.0290729436717,-44.0382176923931,-44.0376548035566,-43.9891576327746,-43.9885980996461,-43.9342283550338,-43.9344380953036,-27.4825603802902,-27.4828277341933,-28.313978795807,-28.3156837978415,-28.6417618128654,-28.6426668014152,-28.9081272446132,-28.9078661543212,-29.9385909651823,-29.9399351094641,-31.1973748148788,-31.1955833687593,-32.1957464234781,-32.194923380363,-33.2548227578885,-33.2578145409173,-34.6957853761432,-34.6992317030524,-35.9115346212981,-35.9135307963483,676.867,677.512,682.367,677.898,678.08,678.518,679.507,679.964,680.459,680.787,682.685,683.894,677.111,676.941,676.915,676.849,676.89,676.819,679.035,677.114,677.132,677.264,677.143,677.545,677.552,676.996,676.766,676.89,676.924,676.89,677.001,676.88,677.014,676.694,676.784,-834,-778,-839,-824,-817,-793,-859,-863,-845,-800,-802,-832,-744,-823,-887,-757,-825,-858,-833,-839,-805,-778,-812,-822,-825,-826,-790,-816,-825,-757,-798,-753,-856,-823,-772,TRUE
231709,"2026-01-31T09:07:06Z","2026-01-31T09:06:58Z","2026-01-30T09:03:14Z",6663,-37.4258457,-24.3007820969537,-24.2210915617802,-43.9478047384479,-43.9473199455622,-43.8795316903743,-43.8788153295906,-43.9008123093734,-43.8993098257193,-44.0009487061121,-44.0014290309791,-44.1192857159728,-44.1197933514293,-44.2510073158669,-44.2512355067211,-44.3299413449101,-44.3295827444127,-44.3844783606804,-44.38442213681,-44.4378212802512,-44.4377385748059,-44.4813818195102,-44.4815037576513,-44.5110007112789,-44.5103613219061,-26.776875017061,-26.8060797540496,-28.8233108958921,-28.8406481956613,-31.1945331645805,-31.2092840960769,-33.6681485492319,-33.682929941036,-36.0641940666006,-36.0769285375524,-39.7272384231788,-39.7330373759657,-42.0168683996746,-42.0213286306821,-43.2898817775382,-43.291292844643,-43.8409400184893,-43.8412582861139,-44.0252633461502,-44.0243891761101,-44.0367747426096,-44.036270825993,-43.9894516317846,-43.9889309477719,-43.9352754451167,-43.9354639273697,-26.9888493512418,-26.9869761188795,-27.9717979999741,-27.9730282835095,-28.3745120714294,-28.3735282269902,-28.8693972285557,-28.8660745081314,-29.9650583518614,-29.9684918981171,-31.2102014927943,-31.2082870956804,-32.2075595262943,-32.20640600114,-33.2557252326928,-33.2584689862975,-34.6892602542434,-34.6924611367912,-35.8959797470965,-35.8979859060384,675.359,675.967,680.771,676.354,676.53,676.963,677.964,678.425,679.052,679.223,681.149,682.362,675.568,675.367,675.342,675.279,675.311,675.241,677.483,675.529,675.548,675.671,675.56,675.961,675.961,675.416,675.184,675.301,675.336,675.3,675.408,675.288,675.424,675.1,675.191,-831,-777,-832,-827,-817,-792,-855,-864,-847,-795,-806,-831,-737,-834,-881,-758,-820,-843,-825,-841,-797,-771,-802,-814,-819,-828,-790,-815,-827,-767,-803,-761,-862,-825,-771,TRUE
231709,"2026-01-31T21:07:08Z","2026-01-31T21:06:55Z","2026-01-30T21:03:14Z",6654,-37.42682186,-30.4747211200459,-30.3917545693925,-43.9003832549353,-43.899777877367,-43.8737478272851,-43.8730121633045,-43.900300360606,-43.8989523486326,-44.0026487076367,-44.0033002737429,-44.1202698850891,-44.1209653220496,-44.2500047980504,-44.2502519839181,-44.3299845987936,-44.3296868935443,-44.3842864055675,-44.384185064533,-44.4378833098593,-44.4376630310811,-44.4814278610397,-44.4815817502406,-44.511115996821,-44.5104486528007,-25.5370157488886,-25.5575886003997,-28.6377908617486,-28.6586373279816,-31.2407937245763,-31.2551350562587,-33.6761661471451,-33.6908103011659,-36.0471892656078,-36.0598382706147,-39.6972487740414,-39.7029718423846,-41.9908997480835,-41.9953551525249,-43.2724600904651,-43.2739558958583,-43.8309795608928,-43.8313374843275,-44.0207138568232,-44.01977694831,-44.0355341729474,-44.0349455756577,-43.9898305619478,-43.9893355844663,-43.9363290630096,-43.936587750896,-26.3901838651145,-26.3899929048058,-27.7285394272689,-27.7295114639879,-28.3659751530779,-28.3652878452303,-28.8860259350787,-28.8849566230925,-30.0821877979756,-30.0835549331508,-31.2999021562077,-31.2982241482561,-32.2563136139653,-32.255506728152,-33.2855105601512,-33.288510753776,-34.6962389094018,-34.6995813234799,-35.8913351968681,-35.8932857956111,670.045,670.827,675.694,671.205,671.382,671.806,672.824,673.271,674.127,674.051,675.993,677.212,670.36,670.21,670.183,670.116,670.148,670.088,672.366,670.373,670.399,670.515,670.411,670.805,670.808,670.264,670.049,670.158,670.191,670.15,670.268,670.142,670.278,669.955,670.046,-836,-781,-833,-828,-820,-794,-860,-855,-842,-803,-802,-835,-747,-843,-887,-765,-828,-854,-834,-841,-805,-778,-810,-824,-826,-832,-794,-818,-827,-762,-798,-756,-854,-822,-778,TRUE
231709,"2026-02-01T09:07:03Z","2026-02-01T09:06:53Z","2026-01-31T09:03:14Z",6663,-37.42163601,-26.714042723414,-26.6294103246089,-43.8852920051186,-43.8847454025065,-43.8728906018383,-43.872128962234,-43.9018063187887,-43.9004899253007,-44.0040908234244,-44.0049135702448,-44.122250553451,-44.1231474838485,-44.2498446294195,-44.2501761975462,-44.3296712961338,-44.329335192465,-44.3841282900274,-44.3840595419751,-44.4378881395408,-44.4376544370091,-44.4814611030855,-44.4816667039489,-44.5111801045543,-44.5105638388827,-28.4381753355982,-28.4340206055739,-28.5555441210565,-28.5717272588354,-31.2407761606496,-31.2559604595236,-33.6741373730895,-33.6886850627995,-36.0251012923268,-36.0377466580947,-39.6660052452833,-39.6717009177822,-41.9647302163757,-41.96918748008,-43.255040194987,-43.2564952087498,-43.8209455552276,-43.8213628020273,-44.015974751629,-44.015138271286,-44.0340976954454,-44.0336072423189,-43.9901376244808,-43.9896292708752,-43.9374677370284,-43.9377050219385,-27.6282515217258,-27.6277738887601,-27.7930592194171,-27.7944547754669,-28.1150188390923,-28.1138597039478,-28.7058140205773,-28.7018301562282,-30.0198940672301,-30.0229635969836,-31.2999371721637,-31.2979790368393,-32.270550638251,-32.2694618083217,-33.2891916428181,-33.2918793423771,-34.6909712194302,-34.6940744226805,-35.8768665730121,-35.8787889666667,666.142,666.807,671.625,667.18,667.346,667.769,668.789,669.242,670.289,669.988,671.964,673.181,666.314,666.156,666.141,666.072,666.104,666.042,668.345,666.324,666.351,666.464,666.365,666.758,666.75,666.186,665.98,666.11,666.14,666.103,666.216,666.094,666.232,665.911,665.997,-830,-779,-837,-826,-818,-788,-858,-864,-846,-796,-800,-832,-745,-830,-889,-762,-820,-857,-830,-840,-804,-776,-806,-816,-824,-830,-800,-816,-823,-757,-800,-759,-856,-825,-771,TRUE
231709,"2026-02-01T21:07:09Z","2026-02-01T21:06:56Z","2026-01-31T21:03:14Z",6654,-37.41516895,-28.5803544526073,-28.4979096035741,-44.055138920126,-44.0547732973034,-43.9076269633285,-43.9069434576533,-43.91815859332,-43.9166592574317,-44.0015791478461,-44.0018546181342,-44.1105612999423,-44.1108774777712,-44.2468401849273,-44.2470897191861,-44.3298410796499,-44.3296911134561,-44.3842613627628,-44.3843860610799,-44.4381991210625,-44.4380672708048,-44.4815894129576,-44.4817837552704,-44.5110679860022,-44.5103745658619,-26.2985147146377,-26.3240271637063,-28.7920353318568,-28.8063364157116,-31.2433228327594,-31.2583575247728,-33.6807959041251,-33.6952402022743,-36.0091245550795,-36.0217463513081,-39.6356595229647,-39.6413424455049,-41.9382109793818,-41.9426902405545,-43.237060344631,-43.2385205855673,-43.8104842060093,-43.8108625510419,-44.0108827803498,-44.0100745628285,-44.0323281744089,-44.0317988181269,-43.9901049583204,-43.9896553762721,-43.9381875784466,-43.9384433253613,-27.217099653877,-27.2177120303297,-28.1067939966013,-28.1083102372421,-28.5074627055781,-28.5078889986808,-28.8849138609086,-28.8842011805918,-30.0838960094405,-30.0850623496116,-31.3564224053584,-31.3547266688354,-32.3104611058804,-32.3096444984606,-33.3150477203037,-33.3180226176682,-34.6949737765948,-34.6981907683694,-35.8697998242104,-35.8716349196985,666.274,667.034,671.584,667.398,667.564,667.994,669.035,669.479,670.614,670.215,672.225,673.455,666.542,666.386,666.361,666.291,666.326,666.267,668.565,666.544,666.578,666.688,666.598,666.992,666.982,666.45,666.231,666.346,666.38,666.349,666.465,666.34,666.476,666.156,666.25,-832,-789,-843,-827,-819,-796,-862,-871,-846,-807,-807,-831,-752,-842,-897,-766,-826,-862,-833,-841,-805,-789,-813,-826,-831,-829,-795,-811,-823,-763,-807,-757,-864,-823,-777,TRUE
231709,"2026-02-02T09:07:44Z","2026-02-02T09:06:52Z","2026-02-01T09:03:14Z",6654,-37.41230148,-20.61699108318,-20.5275943678344,-44.0701844215735,-44.0696991173412,-43.9114721359301,-43.9107231062426,-43.922758463188,-43.9212457033981,-44.0080172161974,-44.0085451552183,-44.122210709054,-44.1226245636183,-44.2514532787159,-44.2517287816269,-44.3298789291405,-44.3297279273957,-44.3840712178623,-44.3841437473379,-44.4379398901119,-44.4378672013852,-44.4813173047814,-44.4813627835244,-44.5110536221929,-44.5103351089791,-26.4871785777291,-26.522932910068,-28.6557611906934,-28.6741893118335,-31.2358491113051,-31.2511833727601,-33.6724030076714,-33.6868621621962,-35.9869999484946,-35.9995488453552,-39.6034217387023,-39.6092037688454,-41.910929501112,-41.9154372309569,-43.2185068306037,-43.2200646473232,-43.7995691002334,-43.7999937277127,-44.0054052182474,-44.0045726579187,-44.0301276353254,-44.0297226614061,-43.9898828280097,-43.9893421108448,-43.9387961656192,-43.9389137445521,-26.8770311266494,-26.8748670999792,-27.8524794063587,-27.8537806341622,-28.275506944875,-28.2745261451551,-28.8208649398228,-28.8173569634939,-30.0429920689499,-30.0461828912665,-31.3298623269034,-31.327956774892,-32.3078404288566,-32.3066362544247,-33.3093026345881,-33.3119269998088,-34.6831638073546,-34.6862219141177,-35.8503732176643,-35.8521551258713,670.602,671.404,675.458,671.763,671.924,672.354,673.418,673.869,674.981,674.591,676.645,677.895,670.906,670.73,670.706,670.644,670.678,670.615,672.885,670.894,670.929,671.039,670.954,671.351,671.34,670.832,670.59,670.713,670.744,670.711,670.82,670.692,670.836,670.518,670.6,-823,-776,-839,-813,-811,-783,-846,-851,-849,-794,-803,-833,-735,-827,-883,-756,-813,-847,-829,-837,-793,-767,-799,-812,-832,-828,-791,-806,-818,-765,-786,-756,-853,-819,-772,TRUE
231709,"2026-02-02T21:07:02Z","2026-02-02T21:06:56Z","2026-02-01T21:03:14Z",6645,-37.40308897,-20.494131212355,-20.4156573167457,-44.064546000758,-44.0641881183353,-43.9085828107098,-43.9078534241941,-43.9180591581547,-43.9165120129992,-44.0028995065481,-44.0033058435545,-44.1172063593493,-44.1175662045248,-44.2506014345507,-44.2509158846945,-44.3300822117751,-44.3297954553855,-44.3842865150045,-44.3843656769673,-44.4379857835895,-44.4378607887405,-44.481351379936,-44.4815459119448,-44.5109223428172,-44.5101971213226,-23.9868117561216,-24.0491359068236,-28.4591756856192,-28.4825075454058,-31.2523312111929,-31.2672330587744,-33.6749145379771,-33.689191861807,-35.9722689611084,-35.9848179487697,-39.5737717745863,-39.5794707064562,-41.8844119042789,-41.8888808915705,-43.2003049111914,-43.2018017529022,-43.7887439375582,-43.789221416111,-43.9999272113141,-43.999044163644,-44.0282469991792,-44.0276921445785,-43.9896084307316,-43.9891136872237,-43.9393523963779,-43.9395540320506,-25.47351396722,-25.4720531627583,-27.4033639854633,-27.4040522835479,-28.1865063822473,-28.1855647789135,-28.7943161591216,-28.7930831874665,-30.1017268512274,-30.1027918849925,-31.3719132833465,-31.3700952132678,-32.3284770888357,-32.3277223959006,-33.3186926810844,-33.3217357171494,-34.6776315760255,-34.6809674437751,-35.837085139195,-35.8388545772884,673.62,674.319,677.926,674.677,674.826,675.265,676.341,676.801,677.933,677.499,679.604,680.868,673.819,673.609,673.573,673.508,673.548,673.484,675.732,673.764,673.809,673.904,673.826,674.225,674.206,673.739,673.481,673.582,673.608,673.569,673.68,673.556,673.699,673.378,673.474,-815,-772,-841,-822,-798,-783,-847,-842,-835,-789,-798,-828,-734,-837,-885,-756,-819,-849,-824,-838,-792,-771,-799,-814,-823,-832,-790,-808,-823,-759,-800,-742,-857,-804,-761,TRUE
231709,"2026-02-03T09:07:02Z","2026-02-03T09:06:52Z","2026-02-02T09:03:14Z",6654,-37.39723201,-20.3793623404862,-20.2921054008097,-44.0258333229086,-44.0254808866491,-43.8984030379846,-43.8977521388735,-43.9108754076308,-43.9093044698691,-44.0011307031476,-44.0014846348909,-44.1172458902229,-44.1175693489947,-44.2513097850014,-44.2514739521192,-44.3301671184187,-44.3299540029354,-44.3844943531656,-44.3845413916406,-44.4379346765912,-44.4377956631707,-44.481190457056,-44.4814625026228,-44.5108575350079,-44.5101892239809,-24.0906645444403,-24.1358758314997,-27.9443113178676,-27.974844569031,-31.2322829105001,-31.2480041207596,-33.6667084645462,-33.6809677572647,-35.9532166312252,-35.9656249210497,-39.5434594408542,-39.5491738308259,-41.8579426051274,-41.8625216687528,-43.1822035335704,-43.1836725063833,-43.7778907819595,-43.7784014716248,-43.9945532392442,-43.9935544299176,-44.0262226448645,-44.0256942131795,-43.9893732321742,-43.9888591571381,-43.9399478853727,-43.9401943134516,-24.4955784234484,-24.4916687189017,-26.5039299907006,-26.503618503552,-27.4483031646712,-27.4446746887161,-28.4013156997391,-28.3963473544286,-29.9842679232721,-29.9870875220083,-31.3366573601393,-31.3347081037628,-32.3162803341787,-32.3152523844888,-33.3050118129217,-33.3078406128536,-34.6628298285582,-34.6659551501605,-35.816878348081,-35.8186559706452,675.146,675.828,679.063,676.18,676.33,676.762,677.858,678.32,679.508,679.004,681.144,682.423,675.283,675.102,675.051,674.986,675.022,674.959,677.178,675.237,675.285,675.373,675.3,675.696,675.675,675.189,674.945,675.048,675.071,675.026,675.137,675.015,675.15,674.829,674.922,-799,-776,-823,-816,-808,-787,-848,-852,-839,-786,-793,-823,-742,-832,-877,-746,-819,-849,-823,-837,-796,-766,-799,-818,-831,-823,-787,-804,-816,-755,-790,-743,-849,-826,-768,TRUE
231709,"2026-02-03T21:07:08Z","2026-02-03T21:06:55Z","2026-02-02T21:03:14Z",6654,-37.3929003,-27.5996255551492,-27.5166194672338,-43.9451967209391,-43.9446358642909,-43.8851425415367,-43.8844984846775,-43.9078179609238,-43.9066615401936,-44.005046078931,-44.0060062816091,-44.125725288972,-44.1267469885792,-44.2523647959563,-44.2527881860689,-44.3292839776219,-44.329035113098,-44.3841935662982,-44.3840982762173,-44.4378210101528,-44.4376410950671,-44.4813442096164,-44.481466220558,-44.5110660552521,-44.5104332276491,-23.4619680680401,-23.4882849769317,-27.5680741903509,-27.5999242949605,-31.1952454910083,-31.2114031808169,-33.6663484343536,-33.6805589555071,-35.9392580593531,-35.9517206888804,-39.5148059322838,-39.5204660042033,-41.8318801465975,-41.8364680926329,-43.1640572159679,-43.1655578678473,-43.7670817280444,-43.767619086644,-43.9889959838347,-43.9882080450028,-44.0241329252028,-44.0236635753176,-43.9892098993591,-43.9887025227636,-43.94064152523,-43.940860722312,-24.197315334885,-24.1954355562543,-26.0983288330793,-26.0976450327678,-27.1486583245834,-27.1453551346103,-28.1223060882248,-28.1192972004785,-29.9221393037451,-29.9230735444716,-31.360293615955,-31.3583095097901,-32.3370819502935,-32.3363077595623,-33.3247502575625,-33.3277304367943,-34.6676874223413,-34.671020882174,-35.8123479472522,-35.8140081241834,674.954,675.854,678.769,676.2,676.342,676.784,677.885,678.349,679.627,679.012,681.192,682.479,675.234,675.085,675.034,674.974,675.007,674.945,677.138,675.219,675.273,675.356,675.292,675.683,675.656,675.159,674.934,675.032,675.052,675.011,675.121,675.004,675.139,674.819,674.915,-832,-777,-831,-820,-815,-779,-846,-861,-841,-790,-799,-824,-742,-832,-895,-768,-821,-856,-829,-843,-799,-767,-808,-820,-826,-831,-787,-811,-823,-759,-800,-756,-862,-815,-767,TRUE
231709,"2026-02-04T09:06:59Z","2026-02-04T09:06:51Z","2026-02-03T09:03:14Z",6654,-37.38637223,-25.1622809927592,-25.0875299993675,-43.9648917442625,-43.9643906821081,-43.8878310061419,-43.8872130078477,-43.9064139187293,-43.9049437572907,-44.0021796393792,-44.0027880432531,-44.1209996087524,-44.1216140488654,-44.2515865993502,-44.2518736548242,-44.3298572841779,-44.3295753151422,-44.3843022527321,-44.3841873265891,-44.4379804752483,-44.437768513554,-44.4812833706995,-44.481502907333,-44.5108916395515,-44.5102340124551,-26.9535661294346,-26.93973033308,-27.4484602340709,-27.473577461369,-31.1029196801778,-31.1205740384972,-33.6512075341519,-33.6654054843768,-35.9198817768133,-35.9322573046034,-39.4851574313495,-39.4908049635183,-41.8057649123566,-41.8102805130486,-43.1460181349129,-43.1475836475824,-43.7562840133206,-43.7567693780258,-43.9834643940945,-43.9827566482636,-44.0221345703341,-44.021645935776,-43.989007366118,-43.9885132557444,-43.9413155269011,-43.9415728578142,-25.6234328541771,-25.622302191834,-26.1655062964192,-26.1655403249364,-26.818327137248,-26.8150522010044,-27.793334933141,-27.7876452234361,-29.7058734256775,-29.7085352919999,-31.2871276245472,-31.2845827024149,-32.3217838703398,-32.3206215009439,-33.3234611463967,-33.3260933586419,-34.6644544055845,-34.6674741465109,-35.8010698424213,-35.8028263286686,674.515,675.331,677.953,675.661,675.803,676.24,677.365,677.83,679.198,678.466,680.685,681.979,674.668,674.526,674.487,674.421,674.454,674.392,676.56,674.663,674.729,674.799,674.749,675.129,675.103,674.561,674.362,674.479,674.505,674.461,674.571,674.445,674.582,674.265,674.355,-825,-779,-828,-818,-809,-785,-852,-858,-833,-789,-807,-821,-747,-828,-887,-752,-820,-849,-829,-837,-795,-769,-808,-815,-820,-828,-794,-818,-820,-764,-791,-749,-857,-819,-774,TRUE
231709,"2026-02-04T21:07:50Z","2026-02-04T21:06:55Z","2026-02-03T21:03:14Z",6654,-37.39027687,-25.0576459204185,-24.9736659767016,-43.9679533124727,-43.967577772467,-43.8875302064914,-43.8868729031259,-43.903803009981,-43.9022122473241,-43.9993087406486,-43.9996982948382,-44.1168723876344,-44.117391382053,-44.2506085294484,-44.250863128215,-44.3298433278927,-44.3296198314754,-44.3843724919172,-44.3843615087408,-44.4379563506821,-44.437750913347,-44.4813525788085,-44.4815137084921,-44.5109074256838,-44.5102173799091,-24.9770195459754,-25.009126114994,-27.7714098318054,-27.7907653882274,-31.0223154063453,-31.0403759139083,-33.6394341410293,-33.6538705000146,-35.9060654509151,-35.918387529686,-39.4573194368264,-39.4630478012428,-41.7799894893855,-41.7845683203003,-43.1279672113306,-43.1294982783947,-43.7453599320092,-43.7459178843415,-43.978049918549,-43.9772329002316,-44.0201100329093,-44.0195825268615,-43.9887394986371,-43.9882326174661,-43.941950260149,-43.9421673871822,-25.7929863537601,-25.7926265864854,-26.729207018726,-26.7296386448784,-27.2773093573863,-27.2762703122406,-27.9195119826092,-27.9173783363248,-29.6484494089942,-29.6491420483437,-31.2658316581594,-31.2633388889008,-32.3235444750711,-32.3226431972471,-33.3381178956369,-33.3408821999844,-34.6696382454707,-34.6727384629271,-35.7980201065294,-35.7996441848319,673.774,674.644,676.968,674.971,675.108,675.549,676.682,677.15,678.617,677.763,680.019,681.322,673.98,673.814,673.774,673.709,673.744,673.683,675.813,673.949,674.02,674.086,674.042,674.419,674.386,673.876,673.65,673.76,673.784,673.748,673.856,673.73,673.869,673.551,673.644,-830,-777,-835,-828,-819,-785,-861,-868,-841,-795,-800,-827,-752,-841,-892,-752,-826,-856,-834,-845,-800,-770,-812,-815,-830,-825,-792,-803,-817,-762,-804,-748,-860,-823,-773,TRUE
231709,"2026-02-05T09:07:48Z","2026-02-05T09:06:55Z","2026-02-04T09:03:14Z",6645,-37.37575649,-25.7120330278704,-25.6197424093086,-44.0161443770143,-44.0157608586737,-43.9018657702455,-43.9011758429327,-43.9140436579332,-43.9124956732319,-44.0008914649785,-44.0011998515485,-44.1119324541437,-44.1122640685787,-44.2480353759331,-44.2482193081085,-44.3296527612421,-44.3294847887601,-44.3844910447468,-44.3844861138527,-44.4380136078747,-44.4378680356959,-44.4814430655004,-44.4816047126648,-44.5109914511106,-44.5103358084203,-26.7236686163118,-26.7187936024548,-27.7362459483165,-27.7575773439586,-30.9521990387201,-30.9705058291972,-33.6101312609382,-33.6247547865294,-35.8860331829414,-35.8984450153366,-39.4287273694883,-39.4344154617187,-41.75410728402,-41.7587155033167,-43.1098315835097,-43.1115202860253,-43.7344733872917,-43.7350646031272,-43.9724390432192,-43.971662934037,-44.0179809377741,-44.0175125248292,-43.9885304305942,-43.9880890346413,-43.9425980744894,-43.9428468428814,-25.9796343368836,-25.9784585499204,-26.6711569399651,-26.6717563717286,-27.1894784032116,-27.1875476033489,-27.9134820628737,-27.9092600299726,-29.560289052917,-29.5625848059699,-31.1854479589632,-31.1826551634832,-32.287651091102,-32.2863109447426,-33.3245601992419,-33.3270938042587,-34.6629174301008,-34.6658119954921,-35.7867687784075,-35.7883964786205,672.799,673.663,675.681,673.982,674.114,674.559,675.702,676.171,677.748,676.76,679.054,680.364,672.955,672.807,672.772,672.711,672.743,672.681,674.781,672.946,673.027,673.088,673.058,673.426,673.389,672.853,672.65,672.768,672.793,672.754,672.861,672.738,672.876,672.559,672.651,-831,-778,-832,-820,-818,-788,-857,-860,-844,-803,-800,-828,-736,-834,-896,-759,-820,-850,-834,-832,-802,-771,-808,-823,-823,-827,-792,-809,-821,-760,-793,-753,-861,-826,-771,TRUE
231709,"2026-02-05T21:07:06Z","2026-02-05T21:06:54Z","2026-02-04T21:03:14Z",6645,-37.37227892,-29.5029464868236,-29.4225711715118,-44.0035371303333,-44.0031493737633,-43.897197338301,-43.8965466571509,-43.90839061625,-43.9068413715718,-43.9981775962388,-43.9985174176013,-44.1140059711294,-44.1143634288117,-44.2496496083551,-44.2499047734352,-44.3298048389345,-44.329618404872,-44.3842271157724,-44.3843132466336,-44.4379275106856,-44.4378074722232,-44.481347102346,-44.4815410434214,-44.5108569724708,-44.5102592316837,-25.4505094549145,-25.4680937859602,-27.9071830152089,-27.9254913953374,-30.9244403618121,-30.9420888709248,-33.5864962025762,-33.6010977705753,-35.8702390267189,-35.8825731990795,-39.4015943147867,-39.4073069467563,-41.7284163005072,-41.7330743853429,-43.0916442910656,-43.0932521335843,-43.7233816836611,-43.7239471515262,-43.9666186533067,-43.965889817726,-44.0156754308482,-44.0152204296165,-43.9880796254166,-43.987612598541,-43.9431542737317,-43.9433433638592,-26.2057517534644,-26.2059143416799,-27.0133348133344,-27.014141205135,-27.5082892741661,-27.5077825783795,-28.0539798744483,-28.0524206935061,-29.6008854802127,-29.6015786464764,-31.1814421014545,-31.178693135066,-32.2751246541607,-32.273927934386,-33.3236594742374,-33.3264488921309,-34.6610777545875,-34.6641259103986,-35.7811766646139,-35.782709595287,673.417,674.46,676.051,674.772,674.9,675.344,676.502,676.98,678.597,677.544,679.881,681.198,673.699,673.567,673.535,673.467,673.501,673.44,675.483,673.706,673.791,673.847,673.821,674.187,674.147,673.623,673.403,673.517,673.548,673.512,673.617,673.495,673.63,673.314,673.406,-834,-777,-826,-820,-814,-785,-848,-864,-849,-801,-804,-820,-754,-839,-896,-765,-829,-855,-830,-847,-805,-782,-797,-824,-832,-816,-796,-815,-824,-769,-799,-759,-858,-819,-779,TRUE
231709,"2026-02-06T09:07:00Z","2026-02-06T09:06:52Z","2026-02-05T09:03:14Z",6645,-37.38136941,-31.2153105801834,-31.1301244010347,-44.0547108776255,-44.0545056936449,-43.9152580621901,-43.9145747839396,-43.9233747420582,-43.9218564773126,-44.0036290358711,-44.004134897666,-44.1152602628761,-44.1157332981967,-44.2488175668589,-44.2491192939463,-44.3292076243697,-44.3290561667148,-44.3840746869167,-44.3842966483116,-44.4378894391917,-44.4378427124534,-44.4813732064582,-44.4816002772175,-44.5110090807906,-44.5103489420204,-29.5680322531669,-29.5233162249341,-28.0530279806728,-28.0659593019651,-30.8877827793827,-30.9056433713099,-33.5500005247393,-33.5648037321048,-35.8460383060332,-35.8584524237108,-39.3728193726278,-39.3784630618107,-41.7021371109776,-41.7068516648367,-43.0731601147104,-43.0747134450824,-43.712019105938,-43.7125850758409,-43.9606605603171,-43.9599919658504,-44.0131804309799,-44.0127911155522,-43.9876353506929,-43.9871296324966,-43.9435141649026,-43.9437222852974,-27.6666311777024,-27.6673321077332,-27.341198282252,-27.3428939575088,-27.5538108340605,-27.5532118863746,-28.0895305067085,-28.0861049884088,-29.5640296469055,-29.5665629556013,-31.129708950655,-31.1269588243986,-32.2389331744162,-32.2375524687351,-33.2996868349731,-33.3022479522442,-34.6474565600147,-34.6503719345729,-35.7669688014996,-35.7685892621011,676.216,677.295,678.315,677.595,677.726,678.173,679.349,679.832,681.426,680.374,682.758,684.086,676.438,676.346,676.329,676.267,676.299,676.236,678.205,676.498,676.598,676.647,676.63,676.99,676.942,676.356,676.179,676.311,676.349,676.308,676.419,676.297,676.43,676.117,676.216,-828,-775,-834,-827,-824,-789,-860,-857,-842,-791,-802,-829,-740,-832,-882,-758,-824,-858,-828,-833,-801,-777,-801,-822,-830,-824,-794,-808,-829,-760,-801,-755,-859,-813,-766,TRUE
231709,"2026-02-06T21:07:06Z","2026-02-06T21:06:53Z","2026-02-05T21:03:14Z",6654,-37.36733711,-35.4440599875839,-35.3611646952677,-43.9633935407015,-43.9629421919724,-43.8920286688214,-43.8914959935039,-43.9082438718188,-43.9069056118991,-44.0017242928857,-44.0023730652525,-44.1192126234566,-44.1199486396675,-44.2506905776375,-44.2509191896698,-44.3293122014113,-44.329068611306,-44.3842172369549,-44.3841542320267,-44.4377401303177,-44.4375349434958,-44.4812535437699,-44.4813952943186,-44.5109444930275,-44.5102933952095,-28.7844803294288,-28.7639561730352,-28.6979332738917,-28.7023947436951,-30.8899574729448,-30.9067083067212,-33.5263092829236,-33.5411235176838,-35.8268475975544,-35.839267139165,-39.3462652495072,-39.3519124765462,-41.6767407788463,-41.6813969032565,-43.0548361220733,-43.0565206563879,-43.700707054229,-43.7013653934155,-43.9547280741327,-43.9539955033343,-44.0108029107475,-44.0104008986329,-43.9870604025787,-43.9866792961886,-43.9439329449267,-43.9442514651131,-28.5779306279146,-28.5793885165029,-28.2374222375945,-28.2392130123986,-28.2676538710717,-28.2690278948511,-28.463151560293,-28.4630243732743,-29.6718732893072,-29.672680871353,-31.1540293848308,-31.1515523688792,-32.2354031582251,-32.2341802056154,-33.2972225219031,-33.30001395088,-34.642899121917,-34.6458365478007,-35.7605546483316,-35.7620799815218,676.282,677.575,678.228,677.87,677.991,678.44,679.624,680.115,681.789,680.634,683.064,684.399,676.658,676.584,676.57,676.51,676.545,676.48,678.391,676.742,676.849,676.893,676.888,677.237,677.187,676.606,676.422,676.549,676.589,676.553,676.665,676.545,676.676,676.363,676.457,-830,-776,-836,-822,-820,-786,-858,-861,-854,-798,-803,-827,-746,-840,-917,-757,-827,-851,-834,-842,-803,-779,-816,-825,-836,-819,-793,-814,-830,-758,-803,-755,-855,-818,-771,TRUE
231709,"2026-02-07T09:06:58Z","2026-02-07T09:06:49Z","2026-02-06T09:03:14Z",6645,-37.36001591,-34.2725029252398,-34.1952780011397,-44.0065535353922,-44.0060772557203,-43.9020697991113,-43.9013734670447,-43.912685275498,-43.9111574584311,-43.999221175538,-43.9995230360495,-44.1120822037891,-44.1125268454896,-44.2483912350045,-44.2486271183276,-44.3295436578901,-44.3293369382752,-44.3842568991913,-44.3843559348485,-44.4378046842884,-44.4376980142677,-44.4812810518747,-44.4814686486982,-44.5108589021984,-44.5101578793559,-32.9281281038111,-32.8662860836412,-29.2510316778601,-29.247633752134,-30.9117142155008,-30.9280529674941,-33.4946855446928,-33.5095419338693,-35.8011372522389,-35.8135201786233,-39.3189069387583,-39.3245571386818,-41.6513531080461,-41.6560594042796,-43.0367917891081,-43.0383490516687,-43.6895899434261,-43.6901831692611,-43.9488930800713,-43.9482208677993,-44.0085036906407,-44.0080497829959,-43.9866879903834,-43.9862289568847,-43.9445283932745,-43.944800239784,-30.4513163189792,-30.4532799514769,-29.0614769731114,-29.0641052807837,-28.7183016248006,-28.7199572290975,-28.7925013223261,-28.7908290434112,-29.7448606760079,-29.7473687060055,-31.1366682682951,-31.1340854433983,-32.211604403867,-32.2101900731102,-33.2748539464947,-33.2773515701627,-34.6273980763765,-34.6302927059854,-35.7454270003209,-35.7469622106041,675.604,676.844,677.191,677.124,677.245,677.698,678.891,679.39,681.171,679.875,682.342,683.679,675.828,675.781,675.789,675.729,675.761,675.698,677.551,675.958,676.078,676.106,676.111,676.453,676.397,675.751,675.602,675.75,675.794,675.76,675.874,675.753,675.886,675.57,675.665,-830,-788,-840,-823,-821,-784,-857,-867,-845,-802,-802,-827,-742,-835,-890,-757,-823,-848,-832,-840,-804,-775,-808,-816,-827,-829,-794,-810,-827,-764,-803,-750,-860,-826,-770,TRUE
231709,"2026-02-07T21:07:01Z","2026-02-07T21:06:51Z","2026-02-06T21:03:14Z",6654,-37.36038197,-35.4395514029409,-35.3696282241381,-44.0558682990701,-44.0556698531656,-43.9198973305051,-43.9192337834297,-43.9279829581733,-43.9264855607067,-44.0064569296921,-44.0070282433498,-44.1159807341131,-44.1166863736122,-44.2475080791197,-44.2479858675754,-44.3284704383742,-44.3283631870814,-44.3838357030418,-44.3840705030219,-44.4378077010737,-44.4377549406564,-44.4813192700691,-44.4815594893267,-44.5110814642216,-44.5104087871061,-30.9655868248916,-30.951800735372,-30.1025789060999,-30.09380668478,-31.0012422385797,-31.0152390726941,-33.4780981844125,-33.4928037195109,-35.7799540866225,-35.7923413803227,-39.292578455565,-39.2981967012925,-41.6259197795831,-41.630615172474,-43.018218250839,-43.0199000714545,-43.6779523592813,-43.6786642709207,-43.9426720122323,-43.9419682669182,-44.0057993939969,-44.0053393674558,-43.9859758279894,-43.9855305987049,-43.9448032138071,-43.9450811584189,-30.8332695006892,-30.8346319693854,-30.0599913019652,-30.0623067848819,-29.6755199556,-29.678572387405,-29.4304959450321,-29.4321664409171,-29.9918774487698,-29.9928252943249,-31.206725347713,-31.2045739316004,-32.2220642497423,-32.2209093360315,-33.2713617194408,-33.2740312833847,-34.6177036630515,-34.6207785631271,-35.734438980651,-35.7358463390763,678.409,679.747,679.529,680.018,680.14,680.594,681.807,682.308,684.067,682.772,685.294,686.642,678.719,678.639,678.647,678.591,678.629,678.563,680.321,678.819,678.948,678.972,678.989,679.324,679.26,678.649,678.464,678.601,678.652,678.625,678.741,678.621,678.753,678.44,678.536,-835,-778,-831,-820,-823,-793,-864,-866,-847,-798,-800,-832,-745,-841,-896,-759,-833,-859,-838,-848,-808,-781,-805,-827,-832,-828,-796,-818,-825,-763,-805,-751,-865,-823,-775,TRUE
231709,"2026-02-08T09:07:12Z","2026-02-08T09:07:02Z","2026-02-07T09:03:14Z",6645,-37.35781955,-34.0419445607086,-34.0106874770405,-44.022885374728,-44.0226712550135,-43.9099058419679,-43.9092684885685,-43.9203657133295,-43.918786130132,-44.0043487197109,-44.0048409945932,-44.1176333666149,-44.1180241025929,-44.2495736733923,-44.2499075033248,-44.3290062260427,-44.3288755890246,-44.3839212457887,-44.3840459718418,-44.4377363858522,-44.4376046097222,-44.4811326548709,-44.4813011640159,-44.5108105508818,-44.5101561769835,-33.8910582069105,-33.8445363026757,-30.5431009988965,-30.533221392304,-31.1245183788951,-31.1370132834815,-33.4596843381242,-33.4742568054055,-35.7529370416299,-35.7654030168419,-39.2652457845885,-39.2707814725185,-41.6004882593841,-41.6052135386376,-42.9998580355423,-43.001525216696,-43.6665227979755,-43.6671761713338,-43.93650265215,-43.9358262846166,-44.0031799115138,-44.0027660046693,-43.985342062456,-43.9849105550299,-43.9451761827304,-43.9453947406257,-31.8643822341109,-31.8655395105063,-30.566707869696,-30.569239867874,-30.0553496304373,-30.0577189635884,-29.8528198753664,-29.8523596222815,-30.1998417524543,-30.2022878963701,-31.2517641005244,-31.2496918856514,-32.2208529144617,-32.2194780231771,-33.2523056424485,-33.2546995465371,-34.5993922082625,-34.6022767669882,-35.7158892175931,-35.7173670353047,680.24,681.544,680.871,681.806,681.925,682.388,683.613,684.122,685.903,684.567,687.135,688.495,680.458,680.389,680.413,680.362,680.398,680.337,682.003,680.584,680.726,680.743,680.774,681.094,681.027,680.371,680.21,680.358,680.411,680.381,680.502,680.382,680.516,680.201,680.297,-830,-789,-838,-825,-823,-792,-861,-863,-842,-800,-802,-835,-739,-838,-898,-754,-825,-850,-832,-835,-796,-767,-806,-822,-828,-835,-799,-815,-824,-764,-801,-755,-864,-820,-770,TRUE
231709,"2026-02-08T21:07:02Z","2026-02-08T21:06:49Z","2026-02-07T21:03:14Z",6602,-37.3678862,-29.3669513361945,-29.2775492445916,-43.9889996018767,-43.9886706274877,-43.9021640756136,-43.9014614148398,-43.9149484937058,-43.9133344492883,-44.0026769501313,-44.003005223298,-44.1163801393157,-44.1165705852048,-44.2498111752086,-44.250079334633,-44.3292746508688,-44.329074850837,-44.3840057311625,-44.3840138829193,-44.4376613874009,-44.4375415086003,-44.4810048791777,-44.4813222169085,-44.5106814463161,-44.509967348532,-31.136455894453,-31.1516930241559,-31.1262374369261,-31.1162538797872,-31.3029117385033,-31.3128374129988,-33.4660208273549,-33.480152414088,-35.733453095143,-35.7459243710906,-39.2399412020148,-39.2455808819122,-41.575826421065,-41.5805683726296,-42.981764414625,-42.9834303513298,-43.6550058672588,-43.6557845483876,-43.9303654050985,-43.9297229904044,-44.0005668600338,-44.0001533531413,-43.9847082909525,-43.9842774519426,-43.9456080388947,-43.9457475188612,-31.6685560662476,-31.6688455368233,-31.1989537398772,-31.200983806742,-30.796942877182,-30.8001304394473,-30.4276863542602,-30.4299862788243,-30.5304164580719,-30.5311801963929,-31.3876763516718,-31.3861027695253,-32.263735327638,-32.2627657815057,-33.2604359435534,-33.2631408780354,-34.5910868819853,-34.5940224696168,-35.7039951055269,-35.7055381658666,680.422,681.629,680.643,681.877,681.999,682.465,683.695,684.214,686.083,684.633,687.242,688.602,680.582,680.441,680.459,680.412,680.453,680.389,681.979,680.643,680.793,680.799,680.85,681.158,681.085,680.488,680.278,680.417,680.469,680.446,680.563,680.447,680.578,680.263,680.358,-829,-775,-839,-820,-817,-780,-858,-865,-846,-800,-800,-832,-742,-837,-888,-762,-819,-851,-829,-840,-802,-777,-811,-826,-832,-828,-796,-809,-825,-759,-799,-756,-865,-821,-766,TRUE
231709,"2026-02-09T09:07:00Z","2026-02-09T09:06:50Z","2026-02-08T09:03:14Z",6654,-37.37246195,-25.4755195454522,-25.3834904825282,-43.9805624691486,-43.9801727743487,-43.9010813204074,-43.9004113964285,-43.9145159757462,-43.9129355127182,-44.0024586157141,-44.0030404636854,-44.1173165964205,-44.1178814767151,-44.2496693376597,-44.249943948756,-44.3291419266002,-44.3289747983318,-44.3837837192085,-44.3838698366902,-44.4375971640028,-44.4374707036568,-44.4810392701533,-44.4812462644539,-44.5106684967681,-44.5100060807445,-31.0177367901144,-31.0364093898298,-31.10570260089,-31.104293603648,-31.4800457007281,-31.4889295717525,-33.4762802606442,-33.4899105087962,-35.710445048662,-35.7228810602058,-39.2139958466546,-39.2196108191669,-41.5513914146517,-41.5561977850279,-42.9637185656886,-42.9654430548335,-43.6436642322163,-43.6444172083459,-43.9241491533291,-43.9235537149577,-43.9979929053135,-43.9975993883963,-43.9840679796589,-43.983592127492,-43.945974460128,-43.9462048212281,-30.9807707218698,-30.9783573356877,-31.0014592727815,-31.0027820234777,-30.7922292483508,-30.7932819098898,-30.6779046334305,-30.6772098640972,-30.7532426471342,-30.7558208673805,-31.4781979964976,-31.476789469964,-32.2921887709541,-32.2911574704684,-33.2493908642427,-33.2518908460001,-34.5705988797725,-34.5734265674934,-35.6809317322354,-35.6823577353156,680.5,681.615,680.317,681.848,681.97,682.438,683.681,684.204,686.176,684.593,687.246,688.613,680.549,680.384,680.393,680.353,680.388,680.323,681.828,680.569,680.733,680.728,680.794,681.092,681.011,680.426,680.205,680.342,680.394,680.367,680.487,680.373,680.504,680.195,680.284,-823,-775,-832,-820,-812,-789,-859,-869,-845,-797,-798,-827,-745,-833,-884,-756,-826,-843,-821,-833,-793,-770,-804,-808,-820,-823,-791,-808,-824,-760,-800,-751,-853,-824,-775,TRUE
231709,"2026-02-09T21:07:05Z","2026-02-09T21:06:52Z","2026-02-08T21:03:14Z",6654,-37.34830199,-27.542343086575,-27.4588715079946,-43.9455887990485,-43.9450941799618,-43.8945691274695,-43.8939255319394,-43.9103370732038,-43.908990510899,-44.0014145822016,-44.0020808560783,-44.1164836311864,-44.1172523258273,-44.248600375101,-44.2489786957909,-44.3289805705023,-44.3288022264193,-44.3837752112562,-44.3838161608198,-44.4375212458074,-44.437367878226,-44.4810547794991,-44.4812613907181,-44.510709429435,-44.5101038088719,-27.6971858920107,-27.746128234944,-30.91430252931,-30.9218274528416,-31.6692597330093,-31.6766634909586,-33.5123910558459,-33.525549710755,-35.6965934425092,-35.7088982267162,-39.189626004128,-39.1952172865971,-41.5274555874977,-41.5322109965903,-42.9458267618185,-42.9475434866584,-43.6322877760399,-43.6330675934555,-43.9180042359622,-43.9173904136981,-43.995360052982,-43.9949342785059,-43.9834995349341,-43.9830373359486,-43.9463801384463,-43.9466229235292,-29.4512137476929,-29.4492283643949,-30.6078863149994,-30.6084578791403,-30.8392287508216,-30.8399197506279,-30.856205921898,-30.857310542054,-31.0407078443266,-31.0413133724249,-31.6530097729275,-31.6519641903596,-32.3699170338366,-32.3692535830598,-33.2769309136475,-33.2796035577495,-34.5684193212514,-34.5713296746853,-35.6703748651618,-35.6717348974354,678.766,680.046,678.589,680.267,680.389,680.854,682.103,682.632,684.771,682.991,685.683,687.047,678.964,678.79,678.772,678.732,678.771,678.706,680.144,678.946,679.126,679.105,679.19,679.473,679.384,678.845,678.603,678.717,678.76,678.732,678.855,678.74,678.868,678.559,678.652,-830,-784,-839,-820,-814,-793,-856,-866,-845,-794,-796,-829,-740,-837,-894,-763,-832,-860,-833,-843,-800,-774,-808,-817,-829,-830,-796,-814,-829,-760,-796,-754,-858,-816,-777,TRUE
231709,"2026-02-10T09:06:58Z","2026-02-10T09:06:49Z","2026-02-09T09:03:14Z",6645,-37.33597797,-27.9857213890066,-27.879875419366,-43.9100999538231,-43.9098178674414,-43.8927893070823,-43.8919630804114,-43.9150291937293,-43.9134888664449,-44.0067175486357,-44.0072970313566,-44.1209608197278,-44.1214047149584,-44.2488557961686,-44.2490447801115,-44.3284907434915,-44.3281193130753,-44.3835236167797,-44.3834609703678,-44.4375793937739,-44.437379330734,-44.4811067615782,-44.4812609968213,-44.5108341153697,-44.5101616407625,-29.6289385561535,-29.6271245247725,-30.4067828620285,-30.4209217872425,-31.7901068873596,-31.7981195078191,-33.5475294855012,-33.5600951932976,-35.6798937468001,-35.6921509626061,-39.1639023285567,-39.1694903639253,-41.5034616212874,-41.5082340971895,-42.9280027880601,-42.9297981635565,-43.6210144510344,-43.6218211182442,-43.9119568245251,-43.9113116121806,-43.9928447009485,-43.9924258434751,-43.9828984157464,-43.9825021209724,-43.9468119868654,-43.9471063510761,-29.1725397106267,-29.1703652921856,-29.8985268985932,-29.8988694929844,-30.2327335643976,-30.2314373775264,-30.6108006244207,-30.6080437113106,-31.1103676967437,-31.112695332461,-31.7489342227114,-31.7477839057717,-32.430618293326,-32.4296146983383,-33.2960730018936,-33.2984914397158,-34.5639879572876,-34.5667049313315,-35.6552820304758,-35.656799138511,676.358,677.669,676.125,677.88,677.998,678.47,679.726,680.261,682.601,680.599,683.324,684.69,676.553,676.409,676.391,676.352,676.392,676.33,677.695,676.57,676.763,676.73,676.834,677.103,677.014,676.446,676.243,676.368,676.408,676.379,676.504,676.387,676.523,676.213,676.312,-837,-782,-845,-824,-819,-792,-864,-865,-842,-792,-806,-830,-735,-835,-886,-745,-821,-847,-829,-836,-799,-760,-800,-821,-822,-828,-801,-808,-816,-757,-800,-761,-864,-821,-772,TRUE
231709,"2026-02-10T21:06:56Z","2026-02-10T21:06:45Z","2026-02-09T21:03:14Z",6645,-37.33469676,-27.1433794510076,-27.066221288594,-43.9287368549574,-43.9283778111422,-43.8965659016407,-43.8958048823236,-43.9128172882308,-43.9112608220985,-44.0019575688986,-44.0023852346338,-44.1145164295502,-44.115058161563,-44.2474267882498,-44.2476553252987,-44.3283744277579,-44.3281118594239,-44.3837454219682,-44.383708535143,-44.4374149074564,-44.437222279691,-44.4811902817199,-44.4813966813543,-44.510811064241,-44.5101528028147,-27.6686865960371,-27.7013140634974,-30.3246019877202,-30.3375585509684,-31.8758315517239,-31.8841361520144,-33.600697142894,-33.6128135471395,-35.6737728655763,-35.6859725748855,-39.1396061899088,-39.1451419281772,-41.4797089516478,-41.4844850149312,-42.9101736161014,-42.9118748834882,-43.6095091751615,-43.6103821434455,-43.9056473201322,-43.9050948277535,-43.9900744383463,-43.9897017339973,-43.9822254172383,-43.9817645616902,-43.9471325998042,-43.947406858341,-28.9456359528401,-28.9445901420848,-29.886956006112,-29.8873813556327,-30.2652030226635,-30.2648774625025,-30.5589155093988,-30.5585455523156,-31.2061128214422,-31.2067082308178,-31.884578229272,-31.8835219315848,-32.5237064926293,-32.5231592508162,-33.3481940011347,-33.3506498747272,-34.5764263768143,-34.5793657947239,-35.6517094118824,-35.6531631541856,674.739,676.079,674.397,676.277,676.4,676.873,678.132,678.674,681.185,678.977,681.741,683.105,674.94,674.776,674.758,674.712,674.756,674.691,675.988,674.925,675.127,675.088,675.205,675.461,675.365,674.828,674.605,674.718,674.755,674.729,674.854,674.736,674.872,674.559,674.656,-824,-785,-840,-816,-822,-790,-863,-865,-844,-799,-813,-831,-743,-839,-895,-763,-827,-858,-828,-837,-810,-784,-818,-824,-836,-833,-801,-813,-825,-770,-807,-754,-853,-827,-778,TRUE
231709,"2026-02-11T09:08:46Z","2026-02-11T09:07:43Z","2026-02-10T09:03:14Z",6645,-37.31865113,-24.8636473404748,-24.7710421920043,-43.9675518228143,-43.9679444391881,-43.9141393092045,-43.9133655332909,-43.934921199788,-43.9335044147401,-44.0174833430284,-44.0181552535984,-44.1258642739895,-44.1262861715252,-44.2474295655285,-44.2476783681781,-44.3266931613865,-44.3265240293723,-44.3823909137185,-44.3824767971877,-44.4376695597302,-44.4375431564005,-44.4813417269497,-44.4815097002356,-44.5113394463476,-44.5106433754143,-29.2143010654254,-29.2295083422833,-30.1281785549368,-30.1416386872624,-31.9032302592119,-31.9127252953539,-33.6419561664001,-33.6537150387737,-35.6657522817928,-35.6777228609703,-39.1138619800857,-39.1194443942123,-41.4555645140684,-41.4604871060287,-42.8921132814281,-42.8938998061219,-43.5980018589102,-43.5988294308405,-43.8992914447176,-43.8987072970269,-43.9873171298726,-43.9869448491373,-43.9814609350354,-43.9810465759049,-43.9475317280579,-43.9477530933085,-29.2158803388238,-29.2143892395784,-29.6971605822627,-29.6978622132661,-29.975153476295,-29.9741782716036,-30.389623541281,-30.3867466629029,-31.162173556194,-31.1643651545346,-31.9236893458587,-31.9224352399452,-32.580271437081,-32.5793314910987,-33.3809546367697,-33.3831316365427,-34.5832186507989,-34.585885896983,-35.642617520476,-35.6439902814443,674.334,675.649,673.758,675.834,675.959,676.438,677.704,678.255,680.874,678.531,681.332,682.696,674.497,674.302,674.28,674.239,674.277,674.214,675.414,674.443,674.655,674.599,674.737,674.971,674.87,674.315,674.103,674.221,674.263,674.228,674.351,674.232,674.365,674.056,674.148,-834,-787,-835,-833,-820,-793,-861,-860,-849,-797,-804,-832,-747,-838,-893,-765,-820,-850,-837,-845,-802,-774,-811,-815,-832,-839,-798,-823,-827,-767,-802,-755,-865,-826,-777,TRUE
231709,"2026-02-11T21:07:07Z","2026-02-11T21:06:52Z","2026-02-10T21:03:14Z",6628,-37.31370932,-30.0076428217886,-29.9278848068775,-44.0186792196104,-44.0181694900583,-43.9217083788002,-43.921084534229,-43.929145070673,-43.9275552713139,-44.0040187744185,-44.0043208542462,-44.1090419433892,-44.1092031684922,-44.2441108548576,-44.2442371457863,-44.3281122216786,-44.3280185788801,-44.3834959704421,-44.3837178713744,-44.4378430262163,-44.437757305129,-44.4811853988706,-44.4814319878433,-44.5108321501763,-44.5101398522261,-26.6085348493874,-26.6450577047731,-30.0449094585137,-30.061285280523,-31.9299443524814,-31.9395352551302,-33.687101557152,-33.6986072162499,-35.6661087872324,-35.6779865066763,-39.0893467375065,-39.0949194953642,-41.4316069171646,-41.4365126791013,-42.874001059238,-42.8757066153966,-43.5862032600619,-43.5870577454092,-43.8926733674956,-43.8921162428642,-43.9842852669934,-43.9839657186712,-43.9805200219327,-43.9801001284546,-43.9476887614746,-43.9479033456646,-28.2262219006305,-28.2245537542996,-29.5585601989826,-29.5589567537875,-30.0486742589408,-30.0482145049367,-30.4101652168142,-30.4096607579981,-31.2152499969056,-31.2157703327618,-32.004459740369,-32.0032573346384,-32.6531328631402,-32.6523952056015,-33.4346814736217,-33.4370537520036,-34.6027186067547,-34.6055030953815,-35.6436562581045,-35.6450216590507,675.095,676.604,674.404,676.782,676.899,677.385,678.662,679.221,681.898,679.468,682.322,683.693,675.378,675.242,675.212,675.169,675.208,675.147,676.244,675.381,675.61,675.534,675.7,675.924,675.816,675.298,675.073,675.185,675.22,675.188,675.314,675.195,675.333,675.027,675.122,-835,-780,-842,-822,-827,-787,-862,-864,-845,-797,-806,-831,-753,-839,-891,-765,-828,-854,-840,-845,-803,-782,-816,-830,-827,-832,-805,-816,-823,-767,-808,-755,-862,-831,-769,TRUE
231709,"2026-02-12T09:06:59Z","2026-02-12T09:06:50Z","2026-02-11T09:03:14Z",6636,-37.31877315,-32.1069475509184,-31.9975461203947,-43.971181831849,-43.9709687352162,-43.9052721702906,-43.9045959471107,-43.9168107592433,-43.9152319249369,-44.0017358731216,-44.0022472713673,-44.1158242008745,-44.1163086353814,-44.2485260443635,-44.2487487283842,-44.3282201920602,-44.3279676422554,-44.3834649018033,-44.3834599933663,-44.4374556415348,-44.437381309081,-44.4810182877182,-44.4812383024471,-44.5106517707375,-44.509996014184,-31.1451098507204,-31.1035200511693,-29.8540977329615,-29.8673718926333,-31.9215726500976,-31.9322818795495,-33.7136206272317,-33.7250828733328,-35.6625590876468,-35.6742255093434,-39.0635317207752,-39.0690724322905,-41.4073456086648,-41.4121662298384,-42.8556773041888,-42.8574946855102,-43.5743696365365,-43.5751458599719,-43.8859696060724,-43.885413251711,-43.9812532675443,-43.980855783899,-43.9795202873358,-43.9791014488558,-43.9477607350011,-43.9480339996146,-29.571273896318,-29.5712801658614,-29.4507963829051,-29.4518284927617,-29.7004050861138,-29.6993479718663,-30.1912115112366,-30.1878437961212,-31.1429878434216,-31.14541045446,-32.0075113600532,-32.0060518146459,-32.6871161488215,-32.6862176480419,-33.4628192520888,-33.46506730289,-34.6142510145781,-34.6167253594336,-35.6392142981479,-35.640554743781,677.247,678.817,676.246,678.976,679.093,679.582,680.874,681.446,684.091,681.664,684.567,685.941,677.471,677.381,677.363,677.32,677.362,677.302,678.265,677.53,677.774,677.68,677.865,678.076,677.963,677.369,677.196,677.325,677.363,677.331,677.453,677.333,677.471,677.159,677.255,-835,-782,-838,-827,-824,-785,-861,-865,-840,-804,-805,-830,-745,-840,-886,-758,-830,-848,-834,-828,-798,-766,-814,-819,-821,-831,-791,-805,-826,-769,-804,-753,-866,-823,-772,TRUE
231709,"2026-02-12T21:06:53Z","2026-02-12T21:06:42Z","2026-02-11T21:03:14Z",6636,-37.31804103,-34.8676780989958,-34.7859095730726,-43.9052468868178,-43.9048266651978,-43.8950158072779,-43.8942222992496,-43.9140653671958,-43.9125937061091,-44.004940015159,-44.0055625029115,-44.1198925510719,-44.1205421180151,-44.2487373466114,-44.2490566248187,-44.3277034144602,-44.3274413871053,-44.3834377458529,-44.3833490154024,-44.437269750398,-44.4371091348617,-44.4811308763832,-44.4813176381803,-44.5107288943225,-44.5101024170194,-29.7841566465219,-29.7755229834139,-30.3318125541051,-30.3366664306492,-31.9245068536069,-31.935250530818,-33.7462113238219,-33.7574464359521,-35.6673022817098,-35.6788549740256,-39.0400412710364,-39.0455944239929,-41.3837894569742,-41.3886616280516,-42.8376273907077,-42.8394835918938,-43.5625141191704,-43.5634027530703,-43.8793502065149,-43.8788143363948,-43.9781557822072,-43.9778175785473,-43.9785858814306,-43.9781941389208,-43.9479243109109,-43.9482430454069,-30.1805016665628,-30.1815648983687,-30.1673782673903,-30.1687679428234,-30.2431540643517,-30.2440856498591,-30.3917627824344,-30.3917720432156,-31.1888936783194,-31.1895597861907,-32.0662102793374,-32.0649396696393,-32.7430201312382,-32.7422775383767,-33.5120666560682,-33.5143095944639,-34.6379028296244,-34.6405923182103,-35.6459119288716,-35.6471618742244,677.184,678.91,676.242,679.058,679.172,679.664,680.961,681.544,684.289,681.729,684.68,686.051,677.498,677.416,677.4,677.356,677.398,677.34,678.205,677.563,677.819,677.717,677.926,678.117,677.999,677.42,677.232,677.355,677.4,677.369,677.487,677.373,677.508,677.202,677.299,-832,-787,-842,-826,-819,-796,-857,-870,-845,-799,-808,-837,-752,-838,-896,-764,-830,-860,-835,-840,-806,-792,-806,-819,-828,-829,-790,-807,-830,-759,-809,-754,-863,-821,-766,TRUE
231709,"2026-02-13T09:06:52Z","2026-02-13T09:06:42Z","2026-02-12T09:03:14Z",6645,-37.31181801,-32.8304376771706,-32.7342697456105,-43.8641529467258,-43.8648101627692,-43.8938013962625,-43.8928393241474,-43.9270357844932,-43.9261695171023,-44.0164597322982,-44.0178911106062,-44.1303237298918,-44.1317104209397,-44.2474530229373,-44.2479207439351,-44.3263026560348,-44.3258365549172,-44.38262670862,-44.382389274081,-44.4374141721915,-44.4371210370577,-44.4812439967177,-44.4813843198793,-44.5113166441124,-44.5107823606475,-33.4855317105946,-33.4413404895307,-30.6860533842152,-30.6844757693804,-31.9312605776007,-31.9421849737765,-33.7627649226968,-33.7740780877786,-35.6679997615617,-35.6794520340944,-39.0169038467629,-39.0224267085763,-41.3608370362308,-41.3656450474505,-42.8201509680042,-42.8219597336789,-43.5511299859293,-43.5520323968754,-43.8730049077218,-43.8724570249599,-43.9754110557636,-43.9751059460371,-43.9778932365045,-43.9774695877139,-43.9483234344584,-43.9486350045173,-31.8427526312668,-31.8446758783289,-30.7515279426175,-30.7540051231007,-30.4872728143081,-30.4889778439643,-30.5538360371553,-30.5524437224772,-31.1929248664916,-31.1950809031437,-32.0602456663757,-32.0586241205933,-32.7628944817701,-32.7619002353523,-33.5341142717288,-33.5361806040201,-34.6510415663728,-34.6535622893151,-35.645927431312,-35.6471231032572,673.345,674.965,672.642,675.096,675.21,675.702,676.998,677.585,680.646,677.739,680.718,682.085,673.484,673.4,673.41,673.366,673.407,673.346,674.155,673.56,673.833,673.714,673.943,674.115,673.995,673.375,673.206,673.352,673.401,673.365,673.49,673.368,673.509,673.203,673.293,-832,-780,-838,-826,-823,-786,-857,-862,-847,-799,-803,-825,-746,-835,-887,-759,-820,-855,-836,-843,-799,-779,-805,-815,-829,-830,-789,-812,-818,-755,-811,-754,-856,-827,-768,TRUE
231709,"2026-02-13T21:06:53Z","2026-02-13T21:06:46Z","2026-02-12T21:03:14Z",6645,-37.28558371,-31.9127923795067,-31.8293035545148,-43.8715691650473,-43.871227567381,-43.8902301652181,-43.8895154543939,-43.9119009255208,-43.9103967356997,-44.0038808669593,-44.0045682743042,-44.1171963676574,-44.1179564457012,-44.2465544619573,-44.2468734135081,-44.3279018947625,-44.3277134156757,-44.383289928042,-44.3832664430927,-44.4373266535038,-44.4370806308319,-44.4811603992127,-44.4812494763163,-44.5107930866748,-44.5101520707367,-30.2084139035199,-30.2302633255624,-31.2493813636793,-31.2465160171569,-31.995298022329,-32.0047028810991,-33.7860071216313,-33.7972386995419,-35.6744004938134,-35.685809768485,-38.9959241923765,-39.0014038780201,-41.3384481541888,-41.343287801342,-42.8027959549701,-42.8046571940684,-43.5396714819424,-43.5406139954155,-43.8666720890735,-43.8660925582555,-43.9725747207493,-43.9721654980434,-43.9771156360566,-43.9767254459617,-43.9487225556334,-43.9489812331658,-31.2607574655028,-31.2611614379825,-31.3598415670734,-31.3619722817491,-31.2017696892581,-31.2043891062474,-31.0225002870297,-31.0240832387084,-31.3650267631636,-31.3657121557458,-32.1288312642652,-32.1274415825393,-32.8049661060805,-32.8042874380406,-33.5696757312242,-33.5719265368269,-34.6701239447905,-34.6727623176602,-35.652298412741,-35.6534810256384,669.386,671.069,669.054,671.186,671.303,671.798,673.091,673.68,677.045,673.805,676.815,678.17,669.637,669.485,669.489,669.442,669.486,669.43,670.181,669.643,669.926,669.792,670.043,670.204,670.08,669.526,669.307,669.439,669.486,669.462,669.587,669.464,669.606,669.296,669.391,-833,-781,-845,-832,-821,-789,-865,-868,-846,-798,-807,-831,-743,-842,-896,-763,-827,-855,-841,-840,-803,-783,-812,-822,-828,-831,-788,-816,-829,-766,-808,-751,-857,-821,-775,TRUE
231709,"2026-02-14T09:07:02Z","2026-02-14T09:06:41Z","2026-02-13T09:03:14Z",6645,-37.30040914,-29.6515566322938,-29.5586609502515,-43.9927135038944,-43.9923935758273,-43.9215951857315,-43.9209650348977,-43.9298209821361,-43.9282028593284,-44.004334142828,-44.0046652626837,-44.1073197221014,-44.1076462703762,-44.2423427413161,-44.2425796352023,-44.3276821360096,-44.3276474442532,-44.3831461693973,-44.3834655898638,-44.4376444142312,-44.4376038753038,-44.4812344482498,-44.481435455887,-44.5108727568792,-44.5101797921151,-32.3602840561855,-32.3472937987168,-31.2596015359687,-31.2603087844247,-32.0785435827341,-32.0874643813173,-33.7983685783453,-33.8095670334063,-35.6738426025461,-35.6851507832465,-38.9732445499666,-38.9787371639153,-41.3152169185477,-41.3200742380705,-42.7850098847772,-42.7868035669501,-43.52791486068,-43.5288317205015,-43.8598806488739,-43.8594196909214,-43.9694114778914,-43.9689831349471,-43.9760505048781,-43.9756875503688,-43.948827242762,-43.9491249501949,-31.5908380224672,-31.5904679346571,-31.2554344309264,-31.257205951807,-31.1294326754586,-31.1306300512534,-31.1560052684838,-31.1547383848865,-31.479689740724,-31.4820981208082,-32.1622788731402,-32.1608469647952,-32.8247715995922,-32.8238166473737,-33.5822546036478,-33.5842744568334,-34.6782843423001,-34.6806573990342,-35.6509808985187,-35.6521397455334,669.652,671.306,669.235,671.41,671.529,672.026,673.336,673.93,677.349,674.025,677.075,678.43,669.822,669.68,669.688,669.646,669.688,669.632,670.27,669.843,670.142,669.987,670.266,670.406,670.284,669.687,669.5,669.638,669.683,669.654,669.785,669.663,669.801,669.494,669.594,-832,-787,-840,-825,-823,-791,-864,-869,-846,-796,-800,-838,-748,-837,-892,-764,-827,-850,-828,-842,-801,-774,-805,-818,-828,-831,-800,-812,-824,-769,-798,-758,-866,-821,-782,TRUE
231709,"2026-02-14T21:07:34Z","2026-02-14T21:07:26Z","2026-02-13T21:03:14Z",6645,-37.29156269,-28.5145847364326,-28.4346517504148,-44.0058774222457,-44.0051637325901,-43.9276430781974,-43.9269670521335,-43.9342146962274,-43.9326461120114,-44.0062365744372,-44.0064612274873,-44.1083660680955,-44.1085755034778,-44.2423871987481,-44.2425724132629,-44.3272954997186,-44.3271744370499,-44.3832908490089,-44.3834216418089,-44.4377653713152,-44.4376671371299,-44.4812180655949,-44.4814453335273,-44.5108407672262,-44.5101749774163,-29.2968730554618,-29.3337004211355,-31.4147370989164,-31.4179493361262,-32.1896427139871,-32.197230340821,-33.8255798498362,-33.836506877398,-35.6779103765982,-35.68912778362,-38.9520515126055,-38.9574791965746,-41.2919551340042,-41.296864321145,-42.7668389862549,-42.7687581223583,-43.5157941488289,-43.5167906578608,-43.8528791124798,-43.8523597361393,-43.9660062504891,-43.9657091298002,-43.9749004056356,-43.9744146377963,-43.9487879851078,-43.9490596243107,-30.7851262987347,-30.7847866816355,-31.3789141637105,-31.3804412422045,-31.4496068106545,-31.451328249932,-31.4020191998095,-31.4033486323769,-31.6804366948774,-31.6810773271975,-32.2773706717504,-32.2763063620652,-32.883292198289,-32.8826480511699,-33.6201122806858,-33.6224079262792,-34.697026612,-34.6995177563722,-35.6584203951189,-35.6595200901105,671.913,673.584,671.328,673.685,673.798,674.307,675.622,676.231,679.573,676.298,679.406,680.765,672.125,671.936,671.933,671.892,671.935,671.877,672.381,672.083,672.402,672.23,672.538,672.66,672.534,671.989,671.764,671.885,671.926,671.899,672.033,671.913,672.052,671.745,671.844,-836,-781,-837,-827,-821,-790,-856,-869,-844,-802,-809,-830,-752,-842,-902,-768,-832,-857,-841,-847,-806,-784,-810,-833,-832,-831,-803,-819,-823,-764,-811,-761,-861,-829,-777,TRUE
231709,"2026-02-15T09:06:50Z","2026-02-15T09:06:41Z","2026-02-14T09:03:14Z",6636,-37.28954936,-29.0176326968761,-28.9247605119971,-43.9686679683379,-43.9684349922099,-43.9111006720569,-43.910483577823,-43.9201427412828,-43.9186365965885,-44.0004711282867,-44.0010514125629,-44.1124222219155,-44.1131099111026,-44.2465042062375,-44.2468703909823,-44.3276548808357,-44.3274923250265,-44.3832333770325,-44.383332280239,-44.4373809670952,-44.4372550769372,-44.4810070867697,-44.4811623567509,-44.5106987938131,-44.5100433951169,-30.6125364363934,-30.616786801446,-31.1470587656924,-31.1558793528959,-32.2746122951417,-32.2824303890884,-33.8489119196718,-33.8596031366294,-35.676779190604,-35.6880424826642,-38.930124568244,-38.9355297792875,-41.2685875727952,-41.2735076303651,-42.7487691921801,-42.7506073174217,-43.5037567189334,-43.5046946923447,-43.8458833827648,-43.8454300343125,-43.9626858241878,-43.9622846502903,-43.9735934507883,-43.9731743409552,-43.9487421844824,-43.9489616353653,-30.554974244537,-30.5533814675537,-30.9580237353994,-30.9592255027389,-31.1224636371891,-31.1224832272906,-31.3327556759459,-31.331068633202,-31.7482468346152,-31.7504319877786,-32.3330781410143,-32.3319124322295,-32.9222180809714,-32.9213159063515,-33.6398821009303,-33.6418610551314,-34.7065493409334,-34.7088768519063,-35.6582886663694,-35.6594735797149,674.322,676.025,673.609,676.111,676.216,676.733,678.06,678.686,681.924,678.723,681.881,683.242,674.472,674.307,674.304,674.265,674.31,674.252,674.628,674.458,674.79,674.6,674.935,675.04,674.914,674.337,674.135,674.263,674.299,674.274,674.407,674.286,674.427,674.123,674.219,-840,-790,-840,-825,-816,-791,-861,-862,-849,-806,-805,-834,-750,-834,-894,-763,-833,-856,-829,-839,-806,-781,-813,-830,-828,-833,-806,-820,-829,-765,-805,-763,-864,-824,-779,TRUE
231709,"2026-02-15T21:07:01Z","2026-02-15T21:06:48Z","2026-02-14T21:03:14Z",6645,-37.28112998,-27.8224262159088,-27.7455397655004,-43.9709245840666,-43.970810673254,-43.9141100134928,-43.913453652683,-43.9230403241964,-43.921475062861,-44.0017077402378,-44.0021329220296,-44.1113353091925,-44.1117184647283,-44.2454909839064,-44.2457988420914,-44.3278105582768,-44.3276019236108,-44.3832118382123,-44.3833236244092,-44.4375266575768,-44.4373555741386,-44.4810115151017,-44.4812123220676,-44.5106541645762,-44.5099993677409,-28.6703186203129,-28.6984890762292,-31.0781530155233,-31.0885335832773,-32.353517653666,-32.3608508184557,-33.8868544397639,-33.8973083841439,-35.6819932201899,-35.6931663880544,-38.9102816626403,-38.9156299302381,-41.245825138374,-41.2506332305151,-42.7308205770866,-42.7326976974409,-43.4916577835896,-43.4926425344162,-43.8388607350532,-43.8383620414145,-43.9592410352317,-43.958905746488,-43.9723452851803,-43.9719209652403,-43.9486898408722,-43.9489224397473,-30.047804043532,-30.0472157340087,-30.8812136165467,-30.8821808466494,-31.1808423027713,-31.1814230684486,-31.3615587592311,-31.3617988999589,-31.8620834854595,-31.8626302492175,-32.4401689401523,-32.4392840712254,-32.9913397803502,-32.9907673074113,-33.6848459790906,-33.6869488440454,-34.7277022951795,-34.7302240047141,-35.6670902686316,-35.6680770575015,675.675,677.432,675.023,677.514,677.618,678.14,679.477,680.106,683.327,680.115,683.326,684.686,675.859,675.683,675.667,675.629,675.674,675.62,675.873,675.82,676.168,675.959,676.324,676.41,676.278,675.73,675.504,675.624,675.663,675.633,675.766,675.651,675.786,675.479,675.579,-834,-790,-841,-827,-824,-799,-861,-866,-850,-800,-803,-830,-740,-840,-904,-764,-829,-858,-840,-844,-803,-781,-815,-833,-837,-835,-802,-813,-826,-766,-807,-758,-855,-827,-777,TRUE
231709,"2026-02-16T09:06:59Z","2026-02-16T09:06:46Z","2026-02-15T09:03:14Z",6645,-37.2727106,-28.6523815084199,-28.5569646821988,-43.956235163642,-43.9559701312123,-43.9087315150575,-43.9081014049325,-43.9180329739181,-43.9164824582734,-43.9996401791617,-44.0000223682128,-44.1107435082264,-44.1111129763947,-44.2462284429776,-44.2463926863397,-44.3279779364267,-44.3278033597127,-44.3833863805062,-44.3835438939898,-44.4372998597583,-44.4371217047925,-44.4809483996075,-44.4812138234558,-44.510601345382,-44.5099455725624,-30.5480971414063,-30.5530829376627,-30.8952935958023,-30.9058382816285,-32.3854585368852,-32.3936867912315,-33.9158601916082,-33.9261077322322,-35.6829228402002,-35.6938717443576,-38.8896623402959,-38.8950033209181,-41.222875162443,-41.2277627357678,-42.7129265886823,-42.7148894379614,-43.4796421654054,-43.4807132160556,-43.8318373440193,-43.8313588109845,-43.9559072002165,-43.9555462808754,-43.9711101665457,-43.9707850734228,-43.948683297918,-43.9489289723519,-30.4778008765069,-30.4771621066958,-30.7181516051368,-30.7195105569968,-30.8969413822978,-30.8967832591739,-31.2099040978195,-31.207503005157,-31.8378858724202,-31.8402100288738,-32.4721476368709,-32.4711361939418,-33.0336957403532,-33.0328033425288,-33.7129679121779,-33.7149149918785,-34.7431777380825,-34.7455359609114,-35.6709403456437,-35.6720138711292,676.106,677.922,675.64,677.989,678.092,678.618,679.965,680.606,683.847,680.581,683.836,685.194,676.279,676.112,676.101,676.065,676.112,676.057,676.198,676.255,676.612,676.387,676.776,676.847,676.712,676.125,675.92,676.051,676.087,676.061,676.185,676.071,676.211,675.901,675.998,-834,-784,-841,-828,-817,-794,-866,-862,-847,-793,-811,-839,-744,-843,-891,-760,-828,-856,-827,-839,-802,-782,-808,-819,-831,-837,-794,-810,-828,-767,-805,-761,-865,-820,-773,TRUE
231709,"2026-02-16T21:06:52Z","2026-02-16T21:06:48Z","2026-02-15T21:03:14Z",6628,-37.26026456,-36.2503458663431,-36.1726605811945,-43.962375133489,-43.9620266496363,-43.9133825231294,-43.9127066555744,-43.9220399458666,-43.9204305125621,-44.0002765112872,-44.0006028954294,-44.108900757408,-44.1092972435898,-44.2452646235021,-44.2454356666131,-44.3279383454084,-44.3276978490608,-44.3834300470906,-44.3835744368818,-44.4373976059849,-44.4372652653683,-44.4810466817111,-44.4811760055969,-44.5106067016222,-44.5099839823103,-29.9027637790294,-29.8925680119553,-30.9827110187771,-30.9917838420511,-32.4208212507336,-32.4289593886911,-33.9544551733464,-33.964506513366,-35.6908934223514,-35.7018545577587,-38.870850057528,-38.8761347106036,-41.2003943081532,-41.2052589600625,-42.6951272736469,-42.6969758454826,-43.4676111228789,-43.4685972923135,-43.8248066623897,-43.8243679452551,-43.9524555259683,-43.9521735742446,-43.9699273067794,-43.9694924836486,-43.9486113253805,-43.9488832441064,-30.382455830372,-30.3831372774479,-30.8500438556006,-30.8514117446715,-31.103042787894,-31.1037926102175,-31.2936015910816,-31.2937746247815,-31.9118795220917,-31.9125039412303,-32.555094838611,-32.5541014198963,-33.101533857675,-33.1009135077129,-33.7678319983519,-33.7698431186775,-34.7726722834986,-34.7751102760276,-35.6859419537973,-35.686881828516,675.756,677.855,675.771,677.909,678.01,678.544,679.894,680.543,683.82,680.489,683.79,685.145,676.084,676.007,675.992,675.955,676.003,675.946,675.985,676.136,676.52,676.274,676.691,676.743,676.608,676.016,675.824,675.944,675.983,675.953,676.084,675.967,676.103,675.796,675.902,-835,-780,-842,-824,-823,-800,-867,-865,-848,-807,-812,-840,-750,-845,-894,-773,-828,-858,-836,-845,-815,-784,-814,-826,-841,-835,-800,-820,-825,-774,-803,-760,-859,-824,-782,TRUE
231709,"2026-02-17T09:06:50Z","2026-02-17T09:06:39Z","2026-02-16T09:03:14Z",6636,-37.25574982,-34.0834089381347,-33.9783473068541,-43.9661456097015,-43.9657313982146,-43.9149793498621,-43.9143035165877,-43.9233151671911,-43.9217255027739,-44.0009723421788,-44.00131862415,-44.1084286902909,-44.1087713536382,-44.2449542751205,-44.2451579482103,-44.3281230650023,-44.327940977593,-44.3834947553877,-44.3835871442798,-44.4374285035941,-44.4373481943743,-44.4809377556312,-44.4812163754439,-44.5105800201018,-44.5099705059883,-33.8379642415745,-33.7913653204904,-31.2066506378306,-31.2073322469809,-32.4305040141131,-32.4392619643463,-33.9795864416232,-33.9894751956078,-35.6949206968301,-35.7056981256108,-38.8515847569555,-38.8568917597482,-41.1780614101917,-41.1830059312389,-42.6773626854778,-42.6792437249526,-43.4555909931712,-43.4566700919423,-43.817814518505,-43.8173501301524,-43.9489775230783,-43.9487287937979,-43.9686463964712,-43.9682651533025,-43.9485720676001,-43.9488571136665,-32.1450957015183,-32.1463869596189,-31.2566431191548,-31.2586597701589,-31.1185786194011,-31.119634891985,-31.2693081856069,-31.2675501190095,-31.8822120044954,-31.8842102098518,-32.5640693415698,-32.5629158153261,-33.1334222446025,-33.1325624897806,-33.7944294557584,-33.796251731559,-34.7890102119446,-34.7912679430619,-35.6906340979862,-35.6916222669215,676.367,678.367,676.439,678.414,678.511,679.055,680.408,681.069,684.33,680.978,684.329,685.679,676.528,676.456,676.461,676.424,676.471,676.419,676.357,676.61,677.006,676.742,677.189,677.224,677.089,676.441,676.278,676.422,676.467,676.438,676.565,676.453,676.587,676.284,676.382,-833,-780,-840,-832,-818,-794,-863,-867,-855,-796,-814,-830,-745,-839,-884,-765,-839,-856,-832,-841,-808,-775,-811,-820,-827,-829,-803,-818,-839,-774,-809,-768,-864,-830,-782,TRUE
231709,"2026-02-17T21:06:51Z","2026-02-17T21:06:46Z","2026-02-16T21:03:14Z",6645,-37.2501369,-34.842841544351,-34.7546067247821,-43.9867644270892,-43.9869074627164,-43.9261219665143,-43.9255833859108,-43.9355202387356,-43.9339088663073,-44.0091415670662,-44.0095053906088,-44.1150851042757,-44.1153809710173,-44.2460120426558,-44.2462424654856,-44.3279950369258,-44.327822796987,-44.382942177073,-44.3832159062985,-44.4375533162873,-44.4374225894509,-44.4809859401988,-44.4812132446463,-44.5106029503574,-44.5099762722613,-32.1084216051555,-32.1043627684099,-31.833323114054,-31.8281853591334,-32.4757953426498,-32.4838793145284,-34.0124167269206,-34.0221785993651,-35.7057070981242,-35.7163821837385,-38.8344811688642,-38.8397113938321,-41.1561985260762,-41.1611820871581,-42.6596061632401,-42.6615463991501,-43.4434038978969,-43.4445364493242,-43.8105466201384,-43.8101153012398,-43.9454012681439,-43.945048500779,-43.9672020754456,-43.9668223588021,-43.9483823213383,-43.9486415371498,-32.4774075706624,-32.4791025199064,-32.062021359524,-32.0642440498001,-31.8341805076163,-31.8368434671595,-31.6594728584712,-31.6610514405114,-31.9985489725648,-31.9990606027668,-32.6297721192093,-32.6286957113412,-33.1846193612555,-33.1840517563895,-33.8365944204526,-33.8386773234766,-34.8123457241016,-34.8145646196715,-35.7015105824514,-35.7024332676165,678.022,680.13,678.206,680.167,680.264,680.814,682.173,682.847,685.98,682.731,686.135,687.482,678.29,678.17,678.179,678.149,678.194,678.141,677.958,678.334,678.748,678.46,678.947,678.959,678.826,678.212,678.013,678.147,678.199,678.176,678.305,678.192,678.333,678.029,678.129,-846,-784,-837,-831,-817,-801,-862,-866,-854,-801,-809,-836,-754,-842,-899,-766,-838,-854,-841,-849,-810,-785,-813,-834,-828,-829,-798,-805,-821,-770,-816,-757,-870,-829,-783,TRUE
231709,"2026-02-18T09:06:53Z","2026-02-18T09:06:41Z","2026-02-17T09:03:14Z",6645,-37.22969855,-32.9297807877044,-32.8252600152069,-44.0390639217241,-44.0390522639371,-43.9499512944564,-43.9493732081826,-43.9571093741425,-43.9555109035767,-44.0219308279006,-44.0223722389109,-44.1221819574859,-44.122587695442,-44.2459599580288,-44.2462766143334,-44.3262815470589,-44.3263621374741,-44.382716713857,-44.3831453937932,-44.4373991298642,-44.4374729233863,-44.4811275894393,-44.4814533281882,-44.5109449252391,-44.5103286330919,-33.5985871534467,-33.581358431314,-32.0578353221342,-32.0538234139418,-32.5359644978431,-32.54360620994,-34.0297564112234,-34.0395393356339,-35.7093767374703,-35.7199609600128,-38.8156749159681,-38.8209205901426,-41.1338264807514,-41.1387940941918,-42.641590773354,-42.6435567599046,-43.4310233812325,-43.4321369429845,-43.8031273023367,-43.8027551481816,-43.9416090527181,-43.9412830185314,-43.9655616550678,-43.9653077178478,-43.9480878864221,-43.9483149047481,-32.7527983504535,-32.7522970928546,-32.2311115334606,-32.2329389679031,-31.9742216860676,-31.9759555195576,-31.8779192338652,-31.8774954021823,-32.0854083369645,-32.0875941854419,-32.6513397572108,-32.6502048899185,-33.207279793278,-33.2064186030331,-33.8548617794972,-33.8566373351503,-34.8251459353953,-34.8274429167814,-35.7049238586604,-35.7058246402849,682.637,684.711,682.489,684.742,684.832,685.395,686.777,687.462,690.262,687.311,690.782,692.128,682.818,682.697,682.706,682.68,682.724,682.671,682.325,682.862,683.289,682.985,683.497,683.495,683.359,682.712,682.526,682.669,682.72,682.693,682.824,682.71,682.846,682.546,682.647,-836,-786,-845,-829,-827,-789,-865,-867,-850,-798,-810,-838,-750,-838,-894,-762,-835,-853,-838,-840,-804,-784,-810,-826,-834,-840,-804,-819,-827,-770,-808,-761,-870,-824,-774,TRUE
231709,"2026-02-18T21:07:52Z","2026-02-18T21:06:46Z","2026-02-17T21:03:14Z",6645,-37.23226097,-33.2369789606688,-33.1531368127898,-43.9751027040995,-43.9752170246659,-43.9196989460704,-43.9190688427312,-43.9296851057287,-43.9281022704334,-44.0070501837701,-44.0075132583775,-44.1180048501391,-44.118448623757,-44.2487739955625,-44.24906884654,-44.3278487795638,-44.3276326727388,-44.3831961829256,-44.3833273013528,-44.4374181829083,-44.4373190871475,-44.4808452056452,-44.4811435849563,-44.5105218185501,-44.5098874883964,-31.11502233102,-31.1343834346972,-32.2899205451252,-32.288227496477,-32.6498907979396,-32.6561211002766,-34.0622420353697,-34.0718096307072,-35.7200894919928,-35.7307185511656,-38.7992481367167,-38.8044461877346,-41.1120961432181,-41.1170892192975,-42.6237702014934,-42.6257019423983,-43.4187063699532,-43.4198272975665,-43.7956547560635,-43.7952237428052,-43.937718539789,-43.9374323326292,-43.9640126954549,-43.9636428793407,-43.9477869071735,-43.9480405323055,-32.3450896762774,-32.3458426977616,-32.4639728829567,-32.4658035492557,-32.3604514029629,-32.3626916230943,-32.1869186333341,-32.1886796271228,-32.2899755536077,-32.2904947849258,-32.7548260915921,-32.7539704489834,-33.2632961614078,-33.2626211911688,-33.8962651606533,-33.8983005610085,-34.8492197877893,-34.8515402702612,-35.7178002958609,-35.7186286729859,685.279,687.47,685.209,687.496,687.582,688.154,689.54,690.24,692.802,690.063,693.586,694.932,685.551,685.405,685.404,685.379,685.429,685.372,684.902,685.562,686.007,685.679,686.227,686.2,686.07,685.441,685.225,685.35,685.404,685.377,685.504,685.397,685.534,685.23,685.333,-842,-787,-841,-827,-819,-797,-869,-863,-853,-800,-804,-835,-755,-844,-903,-769,-835,-861,-834,-844,-806,-780,-818,-830,-833,-833,-798,-817,-835,-772,-805,-760,-858,-827,-775,TRUE
231709,"2026-02-19T09:07:36Z","2026-02-19T09:07:31Z","2026-02-18T09:03:14Z",6636,-37.22506179,-31.6305645204801,-31.5299641457976,-43.8883174352996,-43.8880207024009,-43.9029983615686,-43.902179315506,-43.9230949983743,-43.9214370058174,-44.0093703550062,-44.0097527691162,-44.1208305881081,-44.1213317240351,-44.2486887017124,-44.2488582771952,-44.327552596099,-44.327251576026,-44.3833831006174,-44.3833138800195,-44.4373744382105,-44.4371747053655,-44.4810389295432,-44.4811608312847,-44.5106558006724,-44.5099515581258,-32.5139619857542,-32.5026279122004,-32.1327943576315,-32.1362543651516,-32.7462016209989,-32.7522195976659,-34.0886254128853,-34.0979819848263,-35.7257233457544,-35.7362085042283,-38.782865785897,-38.788052190093,-41.0911934317368,-41.0960614314791,-42.6064985143869,-42.608476392444,-43.4068352372686,-43.4079832852408,-43.7886464294271,-43.7882618369875,-43.9342986250505,-43.9340587145168,-43.9627382082149,-43.9624219716852,-43.947714933675,-43.9480470649957,-32.1673789052846,-32.1668790920915,-32.2129987358672,-32.2145378131396,-32.1944377924891,-32.1952811466918,-32.2201346780071,-32.2194328927923,-32.3862466861383,-32.3879893183117,-32.8134381677044,-32.8126170829118,-33.3024987566605,-33.3016589346319,-33.9203628059697,-33.9222248825552,-34.8655165858199,-34.8676809951011,-35.7248325696244,-35.7257255926141,683.68,685.861,684.083,685.874,685.955,686.532,687.913,688.627,691.262,688.417,691.975,693.312,683.877,683.739,683.737,683.716,683.762,683.708,683.177,683.884,684.349,684.005,684.58,684.529,684.399,683.742,683.547,683.679,683.725,683.698,683.827,683.716,683.851,683.549,683.645,-835,-786,-839,-824,-815,-790,-861,-863,-852,-800,-812,-841,-755,-847,-900,-758,-824,-851,-835,-842,-806,-780,-811,-819,-825,-841,-806,-816,-832,-764,-804,-758,-863,-824,-782,TRUE
231709,"2026-02-19T21:07:05Z","2026-02-19T21:06:52Z","2026-02-18T21:03:14Z",6628,-37.21615433,-35.0453022473992,-34.959716286018,-43.9086987704078,-43.9085461183245,-43.9056849115314,-43.9050879659508,-43.9201836529927,-43.9187760696641,-44.0040813446078,-44.0049919020283,-44.1148953901736,-44.115807316191,-44.2465821023603,-44.2469084762856,-44.3281162014098,-44.3278983178183,-44.3834003265453,-44.383532197728,-44.437440107946,-44.4372347730922,-44.480987351459,-44.4811680096686,-44.5106638491169,-44.5100452187807,-31.1052423921537,-31.1073289708663,-32.1842914224774,-32.1876888314071,-32.8493746249416,-32.8546717120912,-34.132216096146,-34.1413833628304,-35.7382727756557,-35.7487341672378,-38.7688591660816,-38.7740139968304,-41.0709341109474,-41.0758830875333,-42.5895223746412,-42.5915732779204,-43.395073975908,-43.3961436669724,-43.7815980535677,-43.7812008493996,-43.9308719961443,-43.9305868486605,-43.9615029128746,-43.9611422800741,-43.9477345628186,-43.9479686726714,-32.0646388708453,-32.0652868085926,-32.3100815611586,-32.3115986455321,-32.3621290225537,-32.3635755383183,-32.3341711084294,-32.3353410764509,-32.5368228072347,-32.5372127998839,-32.9280646980924,-32.9275713961786,-33.373487536307,-33.3729217300254,-33.9688185982111,-33.9707247077629,-34.8925092385271,-34.8947012465839,-35.7403161375149,-35.7410991178525,680.205,682.543,681.432,682.55,682.632,683.206,684.588,685.305,688.127,685.067,688.653,689.973,680.505,680.393,680.381,680.359,680.406,680.353,679.79,680.524,681,680.639,681.246,681.176,681.051,680.398,680.201,680.326,680.37,680.347,680.479,680.365,680.506,680.202,680.304,-835,-788,-845,-832,-826,-793,-864,-865,-845,-799,-806,-832,-754,-841,-895,-765,-828,-864,-837,-847,-802,-788,-813,-827,-835,-836,-796,-816,-828,-770,-806,-760,-867,-825,-781,TRUE
231709,"2026-02-20T09:06:55Z","2026-02-20T09:06:44Z","2026-02-19T09:03:14Z",6636,-37.21383595,-34.2030150688404,-34.1069452756037,-43.8814508258995,-43.8814709433764,-43.9005152719295,-43.89987927104,-43.9206379030373,-43.9194093853967,-44.0077204982324,-44.0087372545085,-44.119080798502,-44.1200961939514,-44.2475117798499,-44.2479156980564,-44.3279129531655,-44.3276057125038,-44.3833796797214,-44.3833559352106,-44.4375284419188,-44.437263677044,-44.4810759520375,-44.4812108046774,-44.5106388524327,-44.5100059272293,-34.4937054119944,-34.4552202453187,-32.2471952190685,-32.246440996129,-32.9111321453871,-32.916925327138,-34.16785504085,-34.1767255596069,-35.7458917646786,-35.7561950142181,-38.7539413683708,-38.7589703140262,-41.0507630777122,-41.0556627114173,-42.5726282347253,-42.5745784657818,-43.3833105390387,-43.3843941658232,-43.7745227183955,-43.7741391061113,-43.9273470937343,-43.9270559529438,-43.9602610586641,-43.9598821518789,-43.9477345628186,-43.9480601303742,-33.1532055428788,-33.1532191236609,-32.4622232598296,-32.4635891626378,-32.30105512511,-32.3020892130989,-32.3233655518156,-32.3225525081715,-32.5722271900423,-32.5738894696011,-32.9801961689901,-32.979420218047,-33.4224022999891,-33.4216186913737,-34.0005243613383,-34.0022863322247,-34.9116196614344,-34.9136047131734,-35.7489524111158,-35.749676880418,677.463,679.773,679.203,679.764,679.846,680.423,681.806,682.532,685.444,682.263,685.874,687.181,677.669,677.569,677.576,677.549,677.594,677.543,676.942,677.716,678.209,677.822,678.464,678.376,678.253,677.552,677.383,677.525,677.572,677.548,677.681,677.568,677.705,677.403,677.507,-828,-788,-839,-827,-825,-798,-864,-870,-848,-808,-807,-836,-749,-840,-894,-772,-826,-852,-829,-844,-810,-784,-815,-836,-832,-836,-806,-819,-833,-769,-805,-763,-865,-836,-776,TRUE
231709,"2026-02-20T21:07:00Z","2026-02-20T21:06:37Z","2026-02-19T21:03:14Z",6645,-37.22689209,-32.5728137159616,-32.4899132967957,-43.8761806199881,-43.876281139372,-43.9003910254388,-43.8996570217514,-43.922734692681,-43.9215498555948,-44.0101449950652,-44.0113072492544,-44.1218806605554,-44.122998841112,-44.2480113005102,-44.2484345695594,-44.3275612790384,-44.3272672914661,-44.3832651780572,-44.383319450554,-44.4374615288632,-44.4372549643536,-44.4811197495177,-44.4812415093053,-44.5107314689164,-44.510136856861,-31.6676461775957,-31.692599143028,-32.6602569845948,-32.6567883039156,-32.9879005989311,-32.9931641591101,-34.2145352382814,-34.2232558675204,-35.760127947754,-35.7703543231204,-38.7405090046603,-38.7455139090417,-41.0306872900917,-41.035674950827,-42.555608985452,-42.5576055312177,-43.3712613083033,-43.3724050662865,-43.7672500549405,-43.7668601947817,-43.9236650401094,-43.9234333218648,-43.9587446581507,-43.9584718250723,-43.9475317280579,-43.947831485884,-32.9719305769571,-32.9724764859517,-32.9517275917813,-32.9533237518724,-32.78638844214,-32.7884542248726,-32.6024934449089,-32.6040847289993,-32.7030366151094,-32.703414230101,-33.0766656919208,-33.0760416301929,-33.4923545337147,-33.4918780022956,-34.0507686417745,-34.0526324762425,-34.9387770094039,-34.9410579579542,-35.7635763861691,-35.7643529413004,676.32,678.629,678.393,678.615,678.699,679.283,680.665,681.394,684.275,681.095,684.749,686.045,676.553,676.391,676.393,676.367,676.418,676.364,675.69,676.532,677.04,676.636,677.306,677.198,677.077,676.422,676.201,676.332,676.38,676.361,676.496,676.381,676.521,676.22,676.321,-836,-785,-836,-836,-819,-797,-864,-869,-849,-803,-806,-834,-749,-838,-899,-767,-835,-858,-841,-851,-808,-789,-814,-832,-839,-836,-798,-823,-836,-776,-809,-761,-866,-833,-778,TRUE
231709,"2026-02-21T09:07:44Z","2026-02-21T09:07:32Z","2026-02-20T09:03:14Z",6645,-37.20578263,-26.7235239655053,-26.6362795174033,-43.9079168332748,-43.9076941135072,-43.9096191656371,-43.9089634610077,-43.9229955382764,-43.9214120108855,-44.0040095215367,-44.0045044261802,-44.1121895245822,-44.1125678952409,-44.245724659614,-44.2459926362666,-44.3280797609648,-44.3279004319657,-44.3836371116914,-44.3836715067264,-44.4375633967853,-44.4374295910425,-44.4811282959694,-44.4813284317025,-44.5107233689647,-44.509994749189,-31.8940828045627,-31.919875838974,-32.5736602225119,-32.5756301648755,-33.0646843467598,-33.069770366542,-34.2517126520993,-34.2602091670361,-35.7706876792224,-35.7807732276974,-38.7263092846058,-38.7313688511184,-41.0107480536837,-41.0157345676711,-42.5386182675583,-42.5405876098271,-43.3593681162662,-43.3605258472511,-43.7600486720522,-43.759737887032,-43.9200089462342,-43.9197712571254,-43.957352415436,-43.9569765853048,-43.9474662973593,-43.9477400278704,-32.6189960607739,-32.6180837529712,-32.7477871188671,-32.7489985529996,-32.6995449042996,-32.7003845665611,-32.6816533522209,-32.6813355671208,-32.7849370102379,-32.7863060149349,-33.128867953355,-33.1281122571801,-33.5399318910061,-33.5392972145532,-34.0854777837021,-34.0870781731635,-34.960424057369,-34.9625106907156,-35.7739149958934,-35.7746569151937,674.772,676.911,677.094,676.886,676.972,677.564,678.944,679.685,682.569,679.353,683.041,684.32,674.859,674.65,674.651,674.621,674.676,674.623,673.9,674.785,675.309,674.883,675.585,675.46,675.342,674.674,674.461,674.592,674.635,674.616,674.753,674.636,674.776,674.471,674.571,-840,-787,-851,-834,-822,-792,-864,-870,-852,-801,-811,-837,-748,-842,-898,-765,-833,-864,-835,-844,-812,-772,-817,-827,-841,-836,-802,-819,-828,-774,-812,-767,-863,-833,-779,TRUE
231709,"2026-02-21T21:06:55Z","2026-02-21T21:06:43Z","2026-02-20T21:03:14Z",6628,-37.20547758,-37.3770405800347,-37.2965035011271,-43.938683396959,-43.9387273548629,-43.9179209869161,-43.9173043220662,-43.9278422200036,-43.9263432045527,-44.0040244441404,-44.004601713235,-44.1125432851321,-44.113152100375,-44.2457876985556,-44.2461474552644,-44.3280406881721,-44.3278457692801,-44.3834299677601,-44.383665310579,-44.4376120048891,-44.4374859892851,-44.481146080508,-44.4813272491711,-44.5107560684436,-44.5100876598257,-30.7506025979714,-30.7453435032602,-32.3592793953225,-32.3679687363156,-33.1544468310564,-33.1589019135791,-34.2967021418028,-34.3048899377499,-35.785687495909,-35.7956194327472,-38.7128759484011,-38.7178393616116,-40.9905676635189,-40.9955598228198,-42.5212950076914,-42.5233373454572,-43.3471493800285,-43.3483673004052,-43.7525712436834,-43.7522212460913,-43.9161040957474,-43.9159127933836,-43.9556398519075,-43.9554094862401,-43.9470737118282,-43.9474591203371,-31.948081585001,-31.9472363913414,-32.5097696899416,-32.5103401001104,-32.6889040187313,-32.6895085552039,-32.7372970874039,-32.7381914501712,-32.9164789798205,-32.9166810151352,-33.2319162634884,-33.2312875814997,-33.6114007973533,-33.6109471130533,-34.141317128731,-34.1430792267013,-34.9944068216824,-34.9964881589052,-35.7940589566433,-35.7946773612156,674.83,677.371,677.642,677.34,677.424,678.023,679.413,680.156,682.857,679.795,683.531,684.798,675.168,675.074,675.06,675.029,675.084,675.031,674.221,675.191,675.731,675.287,676.02,675.874,675.762,675.091,674.88,675.005,675.045,675.02,675.158,675.044,675.186,674.886,674.988,-846,-787,-840,-825,-822,-793,-863,-869,-851,-811,-810,-839,-760,-844,-907,-773,-846,-866,-839,-850,-812,-785,-824,-833,-836,-843,-808,-824,-829,-771,-812,-760,-871,-837,-782,TRUE
231709,"2026-02-22T09:06:53Z","2026-02-22T09:06:43Z","2026-02-21T09:03:14Z",6636,-37.19449578,-41.2248862992675,-41.1436523158059,-43.9799620860708,-43.9792959754855,-43.9366324421846,-43.9360090722611,-43.9446117010363,-43.9429963749854,-44.0127291593477,-44.0129254945429,-44.1145130383584,-44.1147954723461,-44.244478730432,-44.2447226403003,-44.3271009868995,-44.3269852516517,-44.383588908,-44.3838430263517,-44.4377609998508,-44.4376957379404,-44.4812824367056,-44.4814579721105,-44.5109510067213,-44.510253334063,-36.4397620528337,-36.3580498977983,-32.4513939311462,-32.4492005460708,-33.2001255773084,-33.2054526409364,-34.3336358908126,-34.3417132141455,-35.7965261376173,-35.806433512926,-38.6986171343326,-38.7034620985942,-40.9703176515947,-40.9752948234739,-42.504000107783,-42.5059883627524,-43.334763297593,-43.3360414472596,-43.7449356569104,-43.7446447050029,-43.9120812725745,-43.9118775176217,-43.953966465159,-43.9536072773232,-43.9467007534473,-43.9469756953248,-33.4861668773041,-33.4892255953319,-32.6393230222802,-32.6412195466025,-32.5383668126165,-32.5391430451434,-32.6278210097078,-32.6268803837541,-32.9237913924331,-32.9251830381235,-33.2793703097858,-33.2786850650112,-33.6611454135818,-33.6604659197213,-34.1771026128132,-34.1787803267431,-35.0174737146663,-35.0194853221128,-35.805501188393,-35.8061781132952,677.456,680.163,680.214,680.122,680.204,680.816,682.219,682.973,685.3,682.58,686.37,687.64,677.781,677.794,677.807,677.785,677.831,677.782,676.853,677.939,678.502,678.034,678.802,678.634,678.526,677.748,677.607,677.749,677.792,677.772,677.9,677.793,677.935,677.631,677.735,-834,-789,-843,-831,-826,-798,-866,-866,-855,-807,-812,-844,-746,-840,-902,-761,-823,-865,-833,-838,-802,-779,-810,-830,-830,-833,-793,-823,-839,-766,-810,-762,-873,-834,-779,TRUE
231709,"2026-02-22T21:07:53Z","2026-02-22T21:07:42Z","2026-02-21T21:03:14Z",6628,-37.19309255,-44.0264544415747,-43.9406954398311,-43.9647210484113,-43.9641137516193,-43.9357827250107,-43.9350288938838,-43.9460587339501,-43.9444126819091,-44.015885244456,-44.016150513816,-44.1171426807777,-44.1174671202209,-44.2455389686814,-44.2457628749153,-44.3266956491275,-44.3265421198501,-44.3835717002986,-44.3836831290517,-44.4375213670255,-44.4374295206623,-44.4812322491788,-44.4814399441066,-44.5112461602339,-44.5105531954698,-36.2649363630848,-36.2107878520251,-33.3762788769039,-33.3604284060181,-33.2518151868572,-33.2567292783216,-34.3795203815916,-34.3874821800363,-35.8133228140027,-35.8231705111308,-38.6859108342872,-38.6907898776191,-40.9504929550825,-40.9554484373444,-42.4865863883222,-42.4886075053693,-43.3223945913078,-43.3236537937472,-43.7372270750606,-43.7369032677862,-43.9079273717747,-43.9077831313942,-43.9520838551597,-43.9517266601692,-43.9461772995936,-43.9464987996797,-34.8353815935025,-34.8386048873079,-33.6452254263047,-33.6475710954768,-33.2139329974963,-33.2170005359333,-32.9270416252593,-32.9287491717953,-33.0156342146742,-33.0157988990441,-33.3616092057963,-33.3610006825727,-33.7293257302199,-33.7288552367243,-34.2312311728202,-34.23291594873,-35.0498998818348,-35.0519240354099,-35.8244870113215,-35.8252253253767,679.684,682.534,682.448,682.498,682.572,683.198,684.604,685.368,687.374,684.948,688.792,690.058,680.078,680.092,680.115,680.097,680.146,680.096,679.066,680.242,680.82,680.332,681.136,680.946,680.839,680.05,679.885,680.033,680.086,680.063,680.194,680.083,680.219,679.915,680.017,-842,-786,-842,-829,-825,-802,-873,-868,-850,-802,-804,-838,-756,-850,-906,-769,-839,-867,-839,-854,-814,-792,-825,-833,-849,-835,-807,-819,-837,-777,-815,-758,-876,-833,-785,TRUE
231709,"2026-02-23T09:06:51Z","2026-02-23T09:06:42Z","2026-02-22T09:03:14Z",6628,-37.17619278,-30.7718376900354,-30.6873098143654,-43.9334801956005,-43.9331907186746,-43.9194824575385,-43.9188136477345,-43.9307652010113,-43.9291331414168,-44.0069943127566,-44.0073976621937,-44.1143896648761,-44.1147860566481,-44.2472060902401,-44.2474224619521,-44.3282960402212,-44.328173166265,-44.3838716960696,-44.383938250681,-44.4376234390292,-44.4375621443051,-44.4811268144589,-44.4813014382763,-44.510747354933,-44.5100592606773,-37.177672409629,-37.1711026696329,-34.102037977332,-34.0806324090114,-33.3387827474051,-33.3428545030096,-34.4156178039165,-34.423333959986,-35.8276888827004,-35.8373828467008,-38.6740301384523,-38.6788717177412,-40.9316442775525,-40.9365715801225,-42.4699438800921,-42.4719848185477,-43.3104922103612,-43.3116664153355,-43.7298191672454,-43.729554619109,-43.9041330319414,-43.9039370575751,-43.9505149731187,-43.9502247407582,-43.9459679169092,-43.9462244198315,-35.8540663799068,-35.8560616744732,-34.4167036814019,-34.4193633122396,-33.7444393766419,-33.7478579364742,-33.3186485869244,-33.319386120467,-33.1180716321863,-33.1194922201504,-33.3999152413752,-33.399217296197,-33.7715056485671,-33.7708031608803,-34.265697331908,-34.2671764407385,-35.073358460062,-35.0752180876181,-35.8368151665292,-35.8374656290049,678.755,681.218,681.435,681.17,681.246,681.875,683.284,684.061,686.07,683.608,687.484,688.737,678.878,678.724,678.764,678.749,678.802,678.753,677.678,678.9,679.497,678.985,679.828,679.618,679.522,678.723,678.545,678.703,678.765,678.75,678.878,678.771,678.912,678.612,678.713,-836,-784,-835,-830,-821,-796,-868,-872,-852,-803,-806,-840,-747,-847,-895,-761,-826,-861,-833,-836,-805,-784,-817,-833,-832,-840,-804,-814,-841,-771,-804,-760,-865,-833,-781,TRUE
231709,"2026-02-23T21:06:51Z","2026-02-23T21:06:42Z","2026-02-22T21:03:14Z",6628,-37.15508332,-29.3084703066804,-29.2252008418612,-43.9314526148638,-43.931291551794,-43.9191575708932,-43.9185410453629,-43.9300898114647,-43.9285022409131,-44.0066077290749,-44.0070120328209,-44.11529583414,-44.1157316527785,-44.24781277914,-44.2480421539654,-44.3281931825892,-44.3279985846844,-44.3839329314325,-44.3839734902375,-44.4377455778195,-44.4375804035294,-44.4811493256334,-44.4813563965567,-44.5108021433161,-44.5101464355611,-32.9583728206445,-32.9965816597911,-34.340206948489,-34.3302748164321,-33.504633578393,-33.5063649604512,-34.4601916662412,-34.4676738047027,-35.8462774555339,-35.8558434672944,-38.6628458818862,-38.6676360435994,-40.9126305489233,-40.9176121971887,-42.453015483334,-42.4550895384407,-43.298204591383,-43.2994456640829,-43.7221547085684,-43.7219229641942,-43.9000440623209,-43.8998879751615,-43.9487237879057,-43.9484354539767,-43.9455426063211,-43.9458128479611,-34.7138347917365,-34.7131930675149,-34.6361573667507,-34.6375884783278,-34.2686161232163,-34.2716021743669,-33.8065430524816,-33.8093050783116,-33.3777394433186,-33.3778485914445,-33.513281902781,-33.512850673139,-33.8379460697708,-33.8374215582485,-34.3167049748996,-34.3183183648963,-35.1055795600843,-35.1075149791104,-35.8566956259828,-35.8572226527863,679.788,682.236,682.411,682.182,682.256,682.892,684.301,685.094,686.888,684.61,688.539,689.781,679.915,679.722,679.738,679.724,679.773,679.725,678.575,679.867,680.481,679.948,680.823,680.588,680.501,679.755,679.528,679.667,679.718,679.704,679.84,679.733,679.871,679.574,679.678,-833,-786,-838,-835,-831,-798,-864,-865,-855,-805,-810,-839,-750,-847,-899,-779,-835,-869,-850,-843,-820,-787,-814,-830,-836,-838,-804,-819,-836,-777,-809,-774,-865,-825,-785,TRUE
231709,"2026-02-24T09:06:44Z","2026-02-24T09:06:35Z","2026-02-23T09:03:14Z",6523,-37.1726542,-35.3909549488819,-35.2868153956517,-43.8688573798964,-43.8685388562108,-43.9077518114099,-43.9069331695778,-43.9270367376989,-43.9254620908179,-44.0112744359654,-44.0116411411073,-44.1184611472455,-44.11886946832,-44.2479817326826,-44.2482163610992,-44.3283274104131,-44.3280142029832,-44.3839178759813,-44.3839202351871,-44.4377617559281,-44.4375356301161,-44.4813145503555,-44.4814038347447,-44.5108991748017,-44.5102784784224,-34.4961023605048,-34.4730073901142,-33.8832430887137,-33.8842001582898,-33.675240641809,-33.676308555468,-34.5044000454822,-34.5117049178414,-35.86138720923,-35.8709544829433,-38.651918550755,-38.6566646705025,-40.8943601099405,-40.8993344843507,-42.4366313229602,-42.4386650559757,-43.2863504805162,-43.2875989843719,-43.7148565774296,-43.7145595115479,-43.8962296456521,-43.896034904509,-43.9471809768752,-43.9468616259929,-43.9453463082176,-43.9456168604711,-34.0191979033835,-34.0191708204215,-34.0546498618373,-34.0556487108849,-33.9742967569522,-33.9750864291964,-33.8544369729588,-33.8545725173157,-33.5529280694572,-33.5542553913363,-33.6088968694198,-33.6085259531826,-33.8955381195437,-33.8949257465717,-34.354906384949,-34.3563570446621,-35.132598416796,-35.1344120778419,-35.8726975757462,-35.8732770736479,676.414,679.181,679.885,679.114,679.186,679.828,681.23,682.028,684.03,681.52,685.469,686.699,676.741,676.633,676.639,676.623,676.672,676.631,675.465,676.769,677.396,676.84,677.748,677.497,677.416,676.615,676.433,676.568,676.616,676.602,676.741,676.63,676.772,676.47,676.574,-838,-787,-840,-837,-823,-793,-866,-861,-854,-805,-812,-847,-752,-845,-896,-768,-835,-860,-845,-839,-808,-786,-819,-826,-832,-840,-809,-823,-837,-774,-805,-762,-872,-829,-783,TRUE
231709,"2026-02-24T21:06:54Z","2026-02-24T21:06:42Z","2026-02-23T21:03:14Z",6645,-37.17674187,-40.7450400336766,-40.655770797393,-43.8485205273506,-43.8487094570432,-43.9038902233771,-43.9031568592967,-43.9283484681357,-43.9271814517069,-44.0151039223314,-44.0162430284677,-44.1231309712503,-44.1241251992628,-44.2483588501391,-44.2486711301548,-44.3280778120459,-44.3278180102102,-44.3838557154568,-44.383838832576,-44.4377758098393,-44.4375358733138,-44.4813521978837,-44.481551429165,-44.5110568700639,-44.5104929840019,-34.6449138081972,-34.6156201495788,-33.9367966763392,-33.9333163690449,-33.8185390879377,-33.8192918854648,-34.5680954091445,-34.5749332533128,-35.8826420978735,-35.8921602957266,-38.642821246008,-38.6474307689919,-40.8766547250515,-40.8816082835273,-42.4203832489838,-42.4224571165483,-43.2745073490978,-43.2758359500059,-43.7075051676393,-43.7072871262719,-43.8924804438843,-43.8922601186577,-43.9455792922591,-43.9452551080862,-43.9451565528387,-43.9453947406257,-34.4740934158014,-34.4753624600242,-34.2008792895345,-34.2022708381646,-34.0673794141638,-34.0691497968656,-33.8960043722641,-33.8975808282607,-33.7199193593682,-33.719879978745,-33.7530874642501,-33.7529089524863,-33.9860999383845,-33.9857481670143,-34.4168654057868,-34.4184002910963,-35.170167933113,-35.1720659952614,-35.8969347775051,-35.8974311681345,672.074,674.992,676.302,674.914,674.991,675.633,677.033,677.83,680.115,677.297,681.261,682.473,672.458,672.4,672.412,672.395,672.449,672.403,671.253,672.537,673.173,672.608,673.546,673.27,673.199,672.389,672.207,672.342,672.388,672.373,672.513,672.4,672.542,672.246,672.348,-842,-786,-847,-829,-823,-797,-867,-864,-856,-808,-811,-838,-752,-852,-908,-776,-840,-869,-842,-852,-814,-793,-823,-837,-836,-842,-811,-822,-839,-774,-802,-762,-868,-832,-781,TRUE
231709,"2026-02-25T09:06:50Z","2026-02-25T09:06:38Z","2026-02-24T09:03:14Z",6645,-37.15020252,-36.8261263335492,-36.7296436496667,-43.8925306869854,-43.8918519121888,-43.9165709032247,-43.9158828748539,-43.9309307321736,-43.9292621790951,-44.0086862215464,-44.0089428068721,-44.11200464702,-44.1123227067178,-44.2456311137476,-44.2458210469375,-44.3287114181852,-44.3284673210086,-44.3843925853268,-44.3844400524041,-44.4380796218138,-44.4379130801073,-44.4815106516026,-44.4816522637503,-44.5109636579075,-44.5103254234532,-36.7467656094932,-36.7180376827772,-34.2334261420433,-34.2228351079802,-33.9068733906597,-33.908263823209,-34.6289322686052,-34.6354018847759,-35.9012586361212,-35.9105951953668,-38.6331159160021,-38.6377255528176,-40.8589433133482,-40.8639242835899,-42.4042378686066,-42.4062916161599,-43.2627478790612,-43.2639914412237,-43.7000873427479,-43.6999023350289,-43.8885543522771,-43.8883738940691,-43.944003720246,-43.9436224287116,-43.9448490171198,-43.9451791530156,-35.432056228219,-35.4328716249546,-34.5354642347032,-34.5371683734451,-34.1620465927722,-34.1639326864158,-33.9544593285891,-33.9546460128354,-33.7778125949498,-33.778929704538,-33.8337676593975,-33.8335266354173,-34.0583515988885,-34.057829100604,-34.4642135801795,-34.4656477281529,-35.1991825267214,-35.2008153023521,-35.913359221945,-35.913777246654,669.751,672.529,674.194,672.444,672.521,673.163,674.569,675.37,677.769,674.808,678.798,679.993,670.004,669.899,669.923,669.909,669.963,669.921,668.754,670.051,670.704,670.118,671.087,670.795,670.73,669.88,669.712,669.858,669.913,669.9,670.039,669.928,670.07,669.771,669.872,-837,-790,-848,-838,-834,-806,-874,-878,-854,-812,-810,-842,-750,-849,-908,-776,-834,-864,-842,-845,-812,-788,-822,-829,-832,-839,-799,-827,-833,-773,-810,-769,-866,-831,-777,TRUE
231709,"2026-02-25T21:06:52Z","2026-02-25T21:06:39Z","2026-02-24T21:03:13Z",6636,-37.14111203,-38.9121106383854,-38.8268225148093,-43.9274281060591,-43.9275868851409,-43.9227914828566,-43.9222339357056,-43.9346821080134,-43.9330966646491,-44.009195029209,-44.009768602171,-44.1171011556372,-44.1177256999354,-44.2479505392027,-44.2482711406267,-44.3286424742315,-44.3284542441673,-44.3841813311713,-44.3844037515269,-44.4380827801591,-44.4379889938375,-44.4814484391569,-44.4816619454926,-44.5109831262376,-44.5103338665001,-35.846612916662,-35.8208758571096,-34.622333756327,-34.6108990374912,-34.0132281342096,-34.0139203005997,-34.6970692716556,-34.7031600983804,-35.9254485254377,-35.9346763093673,-38.6242097112157,-38.6288128206704,-40.8411569655529,-40.8461515648037,-42.3876859009058,-42.389719356061,-43.2505302332607,-43.2518209193118,-43.6923800473135,-43.6921424835181,-43.8842681049783,-43.8841406610114,-43.9420227617795,-43.9417284710879,-43.9443648090898,-43.944604249344,-35.5653540438656,-35.5667273503285,-34.9546330378777,-34.9561382511192,-34.6002620018775,-34.6027492559912,-34.2474062861338,-34.2494717690009,-33.9321838315415,-33.932112098982,-33.9476192862202,-33.9474311276789,-34.1462721597868,-34.145923329772,-34.5287880631281,-34.5302278144945,-35.2362630411197,-35.2381062004169,-35.9355325418203,-35.9359129748915,670.734,673.626,675.102,673.537,673.614,674.27,675.676,676.483,678.66,675.895,679.933,681.121,671.021,670.95,670.972,670.954,671.009,670.967,669.728,671.095,671.767,671.16,672.164,671.847,671.792,670.939,670.753,670.903,670.956,670.944,671.086,670.975,671.12,670.819,670.922,-834,-793,-844,-837,-834,-802,-869,-875,-862,-808,-809,-846,-761,-852,-905,-777,-833,-869,-842,-855,-817,-795,-821,-842,-844,-841,-810,-828,-834,-773,-812,-764,-868,-835,-786,TRUE
231709,"2026-02-26T09:06:50Z","2026-02-26T09:06:41Z","2026-02-25T09:03:14Z",6645,-37.13037427,-40.9409067684315,-40.7833555095673,-43.9655703203226,-43.9656827611087,-43.9381433829491,-43.937513600691,-43.9484811647233,-43.9467588823099,-44.0151248545787,-44.0155077014879,-44.1211896375486,-44.1215571905713,-44.2489574661242,-44.249324665604,-44.3281353155188,-44.3279620111761,-44.3840990593285,-44.3843402924747,-44.4382290892178,-44.4380984536333,-44.4815195486884,-44.4817533105458,-44.5110778369564,-44.510444548041,-38.7470251781891,-38.6865903832424,-34.9224056866855,-34.9068802752733,-34.123919893888,-34.1243640789225,-34.7549243147014,-34.7607463531926,-35.9464765041701,-35.9555321373909,-38.6139516851825,-38.6185039194333,-40.8227166556424,-40.8276419090118,-42.3707471073962,-42.3728003472977,-43.2380259935161,-43.2393374112967,-43.6842978907677,-43.6841059310093,-43.8797983351801,-43.8796519625038,-43.9398194487346,-43.9395340260317,-43.9435926863562,-43.9438790797508,-36.537903905086,-36.5394953425796,-35.2887047969204,-35.2902995720945,-34.7708941767198,-34.7731756059378,-34.4250439773545,-34.425720023832,-34.0427141803287,-34.0436722031784,-34.0233200107698,-34.0231023930934,-34.2133379976832,-34.2128013592014,-34.5787240618341,-34.5800251243636,-35.2679785723697,-35.2696395256755,-35.9530945807052,-35.9535356712024,675.219,678.207,678.993,678.12,678.192,678.869,680.289,681.113,682.757,680.489,684.593,685.78,675.498,675.478,675.514,675.504,675.559,675.519,674.149,675.641,676.335,675.701,676.75,676.407,676.366,675.432,675.282,675.443,675.498,675.482,675.626,675.516,675.664,675.361,675.463,-838,-795,-846,-831,-825,-799,-875,-872,-857,-809,-816,-846,-750,-844,-901,-767,-832,-860,-846,-846,-809,-785,-819,-826,-831,-842,-811,-817,-835,-777,-814,-762,-861,-828,-788,TRUE
231709,"2026-02-26T21:06:51Z","2026-02-26T21:06:38Z","2026-02-25T21:03:14Z",6645,-37.12695771,-39.29284732697,-39.2076888202738,-43.9693440567881,-43.9685095278052,-43.9402138810767,-43.9395316916973,-43.9509260478889,-43.9492425219749,-44.017956971069,-44.0181764513759,-44.123542343636,-44.1236936259215,-44.2507054472409,-44.2507667190079,-44.3281149844988,-44.3278695102426,-44.3843901891624,-44.384514424247,-44.4382969238477,-44.4381665620277,-44.4814753153763,-44.4816313762418,-44.511061236267,-44.5104219710392,-38.3857121975551,-38.3403195538802,-35.5512686989285,-35.5302391121676,-34.2660250427538,-34.2652991094761,-34.8215558541701,-34.8271451242777,-35.9731302138333,-35.9820173027606,-38.6048178411511,-38.6093705861745,-40.8044421500682,-40.8094153438765,-42.3536491522302,-42.3557288398503,-43.225294485136,-43.2266663283019,-43.6760375765452,-43.6758910804999,-43.8751319158416,-43.8750255383074,-43.937524526332,-43.937208881258,-43.9427027711696,-43.9430167057337,-37.3326640805681,-37.3350593048733,-36.0276891717887,-36.0295080583333,-35.3856064452189,-35.389025357342,-34.8195106823015,-34.8222455346544,-34.2462166943788,-34.2460088041722,-34.1490054820191,-34.1488900197773,-34.3009197711805,-34.3006046506779,-34.644582470263,-34.6459938267928,-35.3081165387421,-35.3098661795545,-35.9774208457943,-35.9777021283653,681.069,684.073,684.031,683.995,684.063,684.755,686.192,687.029,688.054,686.379,690.555,691.741,681.291,681.295,681.333,681.327,681.384,681.342,679.831,681.463,682.178,681.517,682.61,682.252,682.212,681.267,681.106,681.261,681.327,681.317,681.455,681.351,681.5,681.2,681.306,-844,-791,-849,-827,-827,-806,-870,-877,-856,-814,-812,-843,-758,-850,-908,-774,-842,-867,-847,-850,-813,-796,-821,-839,-844,-839,-797,-815,-834,-765,-809,-752,-866,-830,-775,TRUE
231709,"2026-02-27T09:06:49Z","2026-02-27T09:06:41Z","2026-02-26T09:03:15Z",6645,-37.11902641,-41.9906929838127,-41.9019296161597,-43.9154504613355,-43.9153466719132,-43.9194359677485,-43.9187804280465,-43.9365733404987,-43.9350546108204,-44.016048912493,-44.01669519267,-44.1260293798686,-44.1266157646338,-44.2522352509104,-44.2525421726879,-44.3287696373272,-44.3284982722124,-44.3845653569432,-44.384684099864,-44.438047994226,-44.4379405656626,-44.4813592731823,-44.4815855371363,-44.5110314902392,-44.5103422413185,-41.3842677695952,-41.317185315171,-36.131182193824,-36.1038674884446,-34.421100432904,-34.4195474169085,-34.8837000063824,-34.8889568258058,-35.9977525625187,-36.0065008429501,-38.5962816202468,-38.6007124392329,-40.7871129813191,-40.7920517389493,-42.3373511334397,-42.3394173595301,-43.2131951702488,-43.2145150207035,-43.6682815093997,-43.6680626996457,-43.8708578956478,-43.8707063797341,-43.9355433762154,-43.9352690220979,-43.9421531117766,-43.9424287171096,-38.6725852386893,-38.6752419854512,-36.698219293356,-36.7004952354295,-35.8196401087423,-35.8232384507926,-35.177207759702,-35.178860598022,-34.4236929494431,-34.4246073200543,-34.2461712439481,-34.2461887322562,-34.3748735063049,-34.37429061105,-34.6989952089706,-34.7001993593969,-35.3450449080984,-35.3466450535086,-35.999796414443,-36.0000863574476,681.556,684.721,684.622,684.621,684.69,685.39,686.828,687.675,688.66,686.996,691.217,692.393,681.833,681.841,681.894,681.897,681.951,681.909,680.353,682.029,682.76,682.073,683.203,682.821,682.794,681.757,681.625,681.799,681.868,681.859,681.997,681.891,682.037,681.736,681.839,-842,-795,-848,-834,-831,-799,-869,-876,-855,-810,-809,-842,-750,-841,-899,-771,-826,-862,-835,-842,-805,-778,-804,-824,-829,-837,-800,-819,-831,-772,-810,-766,-859,-827,-779,TRUE
231709,"2026-02-27T21:06:51Z","2026-02-27T21:06:38Z","2026-02-26T21:03:14Z",6645,-37.12976417,-45.7705716161276,-45.6824294891936,-43.8678055611018,-43.8673154986047,-43.9152584241004,-43.9143225380595,-43.9376694303225,-43.9360395964523,-44.0207229157542,-44.0211262328016,-44.1260739883059,-44.1266196277562,-44.2511373945791,-44.2513197294508,-44.3284537902188,-44.3280886646958,-44.384562132155,-44.3844931335457,-44.4382213859587,-44.4379300069287,-44.4816235135088,-44.4817061624746,-44.5111402891285,-44.5105190721953,-39.852300042091,-39.8142184229937,-36.8378919273504,-36.8089236426141,-34.625157111076,-34.621727037218,-34.9596720635355,-34.9646381843864,-36.0289101776941,-36.0375007849603,-38.5900625936097,-38.5944960465972,-40.7707300946573,-40.7756830925103,-42.3214444235258,-42.3236114639277,-43.2012588532745,-43.2026986235342,-43.6606689060164,-43.660489555226,-43.8666686968212,-43.8665898298336,-43.9337125583089,-43.9333878931838,-43.9417408642773,-43.9419648557899,-38.9563288139598,-38.9587049943963,-37.4687378179008,-37.4707640687125,-36.5837546862638,-36.5881863731279,-35.7409596568904,-35.7447873235548,-34.7179108780387,-34.7177027562809,-34.4035465806988,-34.4037472415681,-34.4748524087855,-34.4745468000578,-34.7719732988109,-34.7732758938329,-35.3909856192195,-35.3926901986052,-36.0294368735878,-36.029676802652,678.707,682.057,682.342,681.953,682.014,682.716,684.151,685.006,686.256,684.305,688.547,689.71,679.152,679.145,679.202,679.202,679.261,679.217,677.678,679.334,680.079,679.373,680.54,680.133,680.12,679.103,678.936,679.097,679.166,679.168,679.306,679.202,679.347,679.049,679.154,-844,-792,-848,-833,-830,-805,-877,-875,-857,-805,-812,-842,-761,-853,-907,-773,-841,-865,-843,-851,-806,-785,-821,-820,-838,-834,-802,-818,-831,-772,-808,-762,-862,-822,-771,TRUE
231709,"2026-02-28T09:06:46Z","2026-02-28T09:06:36Z","2026-02-27T09:03:14Z",6645,-37.12585953,-42.9241133380399,-42.7944875043397,-43.8407802325463,-43.8409733165413,-43.9117627905633,-43.9106969002809,-43.9418295159401,-43.9406766584285,-44.0272711248583,-44.0285283422998,-44.1305589706715,-44.1315932371542,-44.250414555799,-44.2507392657918,-44.3274554529661,-44.3271253326306,-44.3840758562241,-44.384033293159,-44.4382546171125,-44.4379680286693,-44.4817357019646,-44.481785236397,-44.5115681283745,-44.5109824584678,-41.9993227845104,-41.9398846936713,-37.2335483528883,-37.20402407646,-34.8484186491708,-34.8437836917119,-35.0355704176231,-35.0400107388853,-36.0580176244874,-36.0665263105794,-38.5839944230518,-38.5883077133126,-40.7549148179748,-40.7598477796314,-42.3060098783103,-42.3081638457532,-43.1896311509368,-43.191032124856,-43.6532063798009,-43.6530337795852,-43.8626494362662,-43.8625777483245,-43.9319536182259,-43.9316961386159,-43.9414464002271,-43.9417165906706,-39.667134619721,-39.669506990727,-37.8648859257335,-37.8670175566347,-36.9241173961876,-36.9280288547723,-36.1293713204987,-36.1318024045077,-34.9811197813775,-34.982019640319,-34.5433405789986,-34.5436431623562,-34.5667922862387,-34.5663496267486,-34.833758447267,-34.8349939705343,-35.4317914532806,-35.4333574560257,-36.054920705458,-36.0551704409032,674.191,677.753,678.61,677.636,677.695,678.402,679.831,680.687,682.363,679.955,684.211,685.36,674.78,674.772,674.84,674.843,674.901,674.859,673.362,674.969,675.728,675.007,676.199,675.775,675.77,674.694,674.559,674.73,674.8,674.796,674.947,674.84,674.987,674.689,674.793,-844,-803,-848,-829,-833,-809,-874,-868,-851,-805,-814,-848,-758,-843,-895,-771,-832,-854,-835,-846,-815,-780,-816,-827,-834,-828,-797,-821,-826,-773,-808,-754,-855,-827,-776,TRUE
231709,"2026-02-28T21:06:51Z","2026-02-28T21:06:39Z","2026-02-27T21:03:14Z",6645,-37.10389593,-47.6631357541319,-47.5726247034597,-43.9021132851439,-43.902357262948,-43.9210622592057,-43.9204330591979,-43.9385894641756,-43.9370931844385,-44.0158128016538,-44.0164586163545,-44.1232858222872,-44.1239487614247,-44.2502714778686,-44.2505264344108,-44.3292008073202,-44.328975446586,-44.3846033230915,-44.3846701312568,-44.4383898956203,-44.4382107209725,-44.4815766630983,-44.4817314338801,-44.5109578485662,-44.5102945379576,-40.9143139944092,-40.8718767800313,-37.7496277229546,-37.719845268556,-35.100602413972,-35.0940667968621,-35.1286472729289,-35.1325325282043,-36.0929843127083,-36.1012997446384,-38.5788719617348,-38.5831959119508,-40.7389566239302,-40.7439040219487,-42.2902355559141,-42.2924300399236,-43.1776043197723,-43.1789665180163,-43.6453556938392,-43.6452552155738,-43.8583026009646,-43.8582446902033,-43.9298611385859,-43.9296124133629,-43.9407462249629,-43.9410893904971,-39.9330155450033,-39.9355492519205,-38.4359496687664,-38.4380219340454,-37.5273523444831,-37.5318808844127,-36.6171469245828,-36.6213667728664,-35.3160288341791,-35.3156414502491,-34.7418453934025,-34.742411307963,-34.688678611258,-34.6884923376222,-34.9149816030587,-34.9160825469276,-35.4803882234053,-35.4819693717922,-36.0858307996813,-36.0860463594437,673.382,677.156,678.03,677.032,677.089,677.809,679.241,680.1,681.766,679.343,683.634,684.773,674.145,674.147,674.215,674.216,674.275,674.236,672.711,674.346,675.111,674.373,675.601,675.157,675.167,674.094,673.931,674.1,674.171,674.168,674.318,674.215,674.361,674.067,674.172,-850,-796,-843,-834,-832,-800,-872,-881,-858,-811,-809,-838,-755,-853,-903,-768,-839,-871,-834,-852,-810,-787,-823,-821,-838,-834,-808,-821,-833,-767,-800,-752,-853,-828,-773,TRUE
231709,"2026-03-01T09:06:43Z","2026-03-01T09:06:30Z","2026-03-01T09:03:14Z",6645,-37.10731249,-43.8303978436278,-43.7452585367775,-43.922405814941,-43.9223895571443,-43.9262273611977,-43.9256307181759,-43.9397077578143,-43.9381393923507,-44.0136598103802,-44.014145028821,-44.1209837491397,-44.1215717226462,-44.250081023955,-44.250349442174,-44.3291663408607,-44.3289197754777,-44.3846867226125,-44.3848117428777,-44.4383166638693,-44.4381903346616,-44.4814636976253,-44.4817226349798,-44.5109966773749,-44.5103863985458,-43.1928727884959,-43.1320648379675,-38.1297026938111,-38.0976273776667,-35.3454353101723,-35.3379830315779,-35.2241250715994,-35.2274649125224,-36.1261737900074,-36.1342721933971,-38.5731419173643,-38.5774760780745,-40.7228968091877,-40.727865531603,-42.2743830690052,-42.2765240152539,-43.1655420814016,-43.1669382820158,-43.6374581042366,-43.6373574458888,-43.853935840168,-43.853786974614,-43.9277882114194,-43.9275286235982,-43.9401049365344,-43.9403772498749,-40.7790062694005,-40.7815188395925,-38.8472178700444,-38.8494554080231,-37.8363177432867,-37.8405729982701,-36.9617867155033,-36.9645355183075,-35.5875538514137,-35.5881519345569,-34.912952464974,-34.9136684937388,-34.8040981272161,-34.8037940479219,-34.9881898805066,-34.989088921539,-35.5246266838931,-35.5260808111915,-36.1123356028668,-36.1124923190948,672.537,678.268,678.897,678.137,678.192,678.931,680.368,681.233,682.731,680.452,684.783,685.921,675.207,675.21,675.279,675.292,675.354,675.316,673.74,675.427,676.206,675.446,676.715,676.251,676.268,675.13,674.998,675.178,675.25,675.253,675.406,675.302,675.448,675.152,675.256,-840,-795,-840,-828,-830,-798,-873,-875,-857,-802,-809,-843,-758,-846,-896,-765,-833,-862,-838,-838,-808,-780,-807,-824,-835,-838,-795,-822,-822,-766,-810,-757,-866,-829,-778,TRUE
231709,"2026-03-01T21:06:59Z","2026-03-01T21:06:47Z","2026-03-01T21:03:14Z",6645,-37.08870444,-46.9454609209714,-46.8596420453254,-43.9281161837051,-43.9282987830817,-43.9310167917714,-43.9304396698122,-43.9438504762572,-43.9423123584921,-44.0143463930986,-44.0149281493138,-44.1206716618198,-44.1212072121855,-44.2493318017322,-44.2496527172011,-44.3290254047959,-44.3288423376406,-44.3846289527579,-44.3847732272868,-44.4383532481954,-44.4382665798313,-44.4815176447639,-44.4817379149969,-44.5110621893647,-44.5103815515091,-41.5725184676359,-41.5381338990812,-38.6293797930847,-38.5979295375743,-35.6076285483239,-35.5986826809325,-35.3366164161892,-35.3392814247538,-36.1667130382833,-36.1746070532182,-38.5691600824224,-38.5732453907655,-40.7072395360161,-40.7121813918613,-42.2585665391788,-42.2607480183167,-43.1533451337347,-43.1547886017698,-43.6294873288594,-43.6293995720971,-43.8493134388806,-43.8492569484088,-43.9255190345369,-43.9253337156967,-43.9393196770491,-43.939671635214,-40.863621463127,-40.865855800419,-39.3949647031922,-39.3969506606674,-38.4346914184478,-38.4393488022145,-37.446248158388,-37.4507036233107,-35.9253318191581,-35.9249096230457,-35.1314175614002,-35.1322934708412,-34.9470332536245,-34.9468865134348,-35.0824516023422,-35.083556223441,-35.5787828806438,-35.5802838977454,-36.1456350721569,-36.1457432410213,675.241,679.737,680.064,679.598,679.654,680.4,681.849,682.718,684.026,681.909,686.286,687.422,676.641,676.626,676.692,676.705,676.766,676.732,675.106,676.832,677.639,676.853,678.163,677.673,677.702,676.571,676.408,676.576,676.649,676.656,676.807,676.701,676.848,676.556,676.663,-849,-800,-854,-836,-831,-803,-875,-871,-852,-802,-817,-841,-757,-842,-903,-769,-840,-865,-842,-849,-816,-785,-817,-832,-839,-836,-801,-815,-833,-767,-806,-752,-858,-828,-773,TRUE
231709,"2026-03-02T09:06:44Z","2026-03-02T09:06:32Z","2026-03-02T09:03:14Z",6645,-37.09199898,-42.7128030153513,-42.6600542658668,-43.8790657786643,-43.8785722756135,-43.9187875100237,-43.9180670183145,-43.9369415483357,-43.9353197002009,-44.015635098452,-44.0160335625512,-44.1213723551256,-44.1217528525625,-44.2498806710146,-44.2500441690032,-44.3288897838597,-44.3285876359828,-44.3846954978855,-44.384749564203,-44.4383372405454,-44.4381248746816,-44.4815929784743,-44.4816955557088,-44.5110517978013,-44.5103806730375,-44.1400343556472,-44.0757811515108,-38.9233421183851,-38.8905781183068,-35.8625808418164,-35.8527057052492,-35.4504556197399,-35.4524494348261,-36.2074480610662,-36.2151305646747,-38.5650983922934,-38.5692095943064,-40.6920680847918,-40.6969694336682,-42.2431420923715,-42.2453172432832,-43.1414635501779,-43.1429145681542,-43.6217125836579,-43.6215787473299,-43.844972279032,-43.8448771928641,-43.9235309892125,-43.9232171295437,-43.9387176385523,-43.9390574830927,-41.654188373,-41.6569411033221,-39.6942330123087,-39.6963268839798,-38.669231947536,-38.6733271056065,-37.7534308547916,-37.7564774513398,-36.1995615029929,-36.2000000777041,-35.3189544311412,-35.3198946594413,-35.0815759431326,-35.0814696787938,-35.1716002406773,-35.1724740435933,-35.6322813476145,-35.633543054045,-36.1775455272718,-36.1775740410441,664.248,678.808,679.241,678.665,678.72,679.474,680.919,681.799,683.203,680.963,685.373,686.507,675.648,675.649,675.73,675.751,675.813,675.779,674.155,675.88,676.7,675.9,677.242,676.733,676.772,675.569,675.442,675.623,675.697,675.698,675.854,675.751,675.899,675.606,675.71,-838,-785,-849,-823,-820,-794,-866,-862,-854,-804,-806,-833,-737,-836,-890,-758,-827,-847,-838,-837,-804,-779,-810,-827,-828,-834,-796,-807,-829,-763,-806,-757,-855,-820,-773,TRUE
231709,"2026-03-02T21:06:46Z","2026-03-02T21:06:37Z","2026-03-02T21:03:14Z",6636,-37.08577596,-33.5866013637591,-33.5023444295896,-43.8714279036879,-43.8710760971971,-43.9178066231895,-43.9171253811578,-43.9357143904932,-43.9340922266449,-44.0139949576231,-44.0144464390845,-44.1193807894605,-44.1198451928412,-44.2487514503493,-44.2490125985111,-44.3289944648443,-44.328757602726,-44.3847082546534,-44.3846844007629,-44.4382602197123,-44.4381127155019,-44.4816212570412,-44.4818081099863,-44.5110379665645,-44.5103926497888,-40.811659507486,-40.828999322615,-39.3869093160694,-39.3554330328134,-36.1263214062653,-36.1154502301246,-35.5788480227461,-35.5801771014948,-36.2563806528674,-36.2638267341374,-38.5631396882388,-38.5671553936386,-40.6775556740709,-40.6824444178916,-42.2280495533154,-42.2302386859827,-43.1297319810631,-43.1311640625288,-43.6139369081038,-43.6138621539947,-43.8406046417212,-43.8404971483263,-43.9214055464353,-43.9211919384671,-43.9380828747204,-43.9384694598471,-41.3688431198442,-41.3698223658709,-40.1791654899432,-40.1808494632057,-39.2181429893638,-39.2227665731283,-38.1958160147348,-38.200366162006,-36.5244530765652,-36.5239145851234,-35.5468498011709,-35.5480749283801,-35.2400954835308,-35.2400236837845,-35.2809043876875,-35.2817800803969,-35.696396527542,-35.6977544163986,-36.2169718520863,-36.2169389389036,669.03,676.397,677.137,676.24,676.295,677.057,678.5,679.376,681.023,678.513,682.95,684.074,673.374,673.196,673.263,673.278,673.347,673.313,671.715,673.409,674.238,673.421,674.8,674.269,674.326,673.187,672.977,673.146,673.225,673.234,673.388,673.278,673.438,673.141,673.25,-834,-789,-839,-827,-825,-797,-858,-870,-838,-799,-808,-837,-748,-844,-891,-767,-831,-860,-835,-833,-808,-783,-813,-829,-825,-844,-804,-813,-825,-771,-805,-754,-864,-831,-772,TRUE
231709,"2026-03-06T21:06:46Z","2026-03-06T21:06:37Z","2026-03-06T21:03:14Z",6645,-37.02818252,-34.6130918595918,-34.5272507315521,-43.903002909168,-43.903166070155,-43.9352619312585,-43.9347568915241,-43.950836597535,-43.9492699559514,-44.0179035063156,-44.0184842008199,-44.1202762969069,-44.120880604458,-44.2481298603948,-44.248535668244,-44.3285123465644,-44.3283802241599,-44.3843236197867,-44.3845976729761,-44.4380718769171,-44.4380441761157,-44.4813049188645,-44.4815837982316,-44.5109401263584,-44.5102731979064,-37.0544407791104,-37.0720478653463,-38.0603956597545,-38.0615049510398,-37.5566086586749,-37.5480953603697,-36.6602481708647,-36.6576218379855,-36.7601208579171,-36.7654087208203,-38.5734309660761,-38.5768396924704,-40.5688098681854,-40.5735799140647,-42.108459400571,-42.1106535676696,-43.0343072890061,-43.035846525922,-43.5494298304271,-43.5494710119053,-43.8029930748273,-43.802983209599,-43.9023716452921,-43.9021652286553,-43.9310869866662,-43.9314389168289,-38.1623171170335,-38.1620844345122,-38.4783858777149,-38.4789022609478,-38.53164822473,-38.5323389703635,-38.4561377688837,-38.4574293142713,-37.9280220637373,-37.9272908149572,-37.0391142902581,-37.0404842067694,-36.5066481091396,-36.5069494589683,-36.245868805956,-36.2462018993114,-36.3210644254209,-36.3218857957805,-36.615327894817,-36.6148204837752,680.239,683.731,682.86,683.547,683.602,684.455,685.94,686.865,687.323,685.809,690.554,691.772,680.444,680.258,680.255,680.28,680.356,680.331,678.597,680.41,681.371,680.39,682.081,681.372,681.538,680.256,680.041,680.178,680.228,680.219,680.37,680.277,680.428,680.141,680.254,-833,-779,-839,-830,-814,-789,-868,-873,-844,-800,-810,-832,-751,-849,-897,-764,-831,-855,-831,-835,-806,-781,-814,-829,-833,-838,-800,-813,-826,-770,-811,-757,-858,-820,-776,TRUE
231709,"2026-03-07T09:06:46Z","2026-03-07T09:06:33Z","2026-03-07T09:03:14Z",6645,-37.03245322,-37.815409794723,-37.709231314149,-43.8851358631723,-43.8851569074838,-43.9251503973185,-43.9245344253187,-43.9440346242012,-43.9424042791463,-44.0175296130926,-44.0180581598744,-44.1230538391088,-44.1236165423256,-44.2501858643767,-44.2504930379181,-44.3288946796793,-44.3286620105015,-44.3843620737071,-44.3845262032462,-44.4380387877813,-44.4378731177652,-44.4812653850935,-44.481426886479,-44.510681622456,-44.5100451936735,-37.96294466647,-37.9486595379446,-37.8272514496923,-37.8295636675613,-37.5167568988895,-37.5103428053693,-36.7713509729974,-36.7687122888969,-36.8326955775524,-36.8376936673004,-38.579984647447,-38.5832826800528,-40.5571168216203,-40.5618615092205,-42.094456347125,-42.0965639521667,-43.0227410767161,-43.0243210809829,-43.5415073912469,-43.5415154952807,-43.7983081454733,-43.798318677903,-43.9000100166306,-43.8998453263418,-43.9302819873277,-43.9305894519723,-37.8975594638381,-37.8964810829685,-38.1149839186155,-38.1152490132067,-38.166300894699,-38.1664010388428,-38.1744280788654,-38.1742527866315,-37.7827939706808,-37.7830594485651,-37.0737933925522,-37.0748674724426,-36.6183935107843,-36.6183279664149,-36.3611355364603,-36.361285242849,-36.4087930530969,-36.4093681466034,-36.6754098613553,-36.674924396883,678.906,682.592,681.914,682.409,682.463,683.322,684.81,685.735,686.313,684.656,689.435,690.666,679.22,679.105,679.099,679.125,679.2,679.184,677.483,679.255,680.229,679.238,680.959,680.238,680.42,679.084,678.895,679.04,679.086,679.074,679.223,679.127,679.288,679,679.109,-835,-789,-836,-821,-825,-790,-860,-875,-847,-798,-802,-830,-751,-842,-892,-759,-821,-853,-834,-840,-806,-780,-811,-819,-833,-831,-799,-812,-827,-763,-805,-749,-860,-824,-774,TRUE
231709,"2026-03-07T21:06:47Z","2026-03-07T21:06:37Z","2026-03-07T21:03:14Z",6636,-37.02574212,-41.2912393983985,-41.2013431944955,-43.910009513993,-43.9101170596456,-43.9339372488047,-43.9333407042083,-43.9505372699257,-43.9489470843463,-44.0193660969929,-44.0198318062959,-44.1236303112358,-44.1240576952308,-44.250319274085,-44.250640137663,-44.328666583615,-44.3284636465398,-44.3843272554916,-44.3844389928114,-44.4379765827587,-44.4378707398342,-44.4811389779466,-44.4813983537502,-44.5106961465823,-44.5101264923968,-38.0022548696947,-37.9884061066105,-37.8378711429309,-37.8361032354285,-37.4868138062915,-37.4813422504516,-36.8692332465326,-36.8667963954441,-36.9083657790749,-36.9131523806031,-38.5876498713168,-38.5908597811337,-40.5450607503374,-40.5498423225395,-42.079897338398,-42.0820596734673,-43.0107680206654,-43.0123490474073,-43.5332683370783,-43.5332628305901,-43.7933476555012,-43.7933655281832,-43.8974127827668,-43.8972051145875,-43.9291562809824,-43.9295178040602,-38.1605362467632,-38.1607507151085,-38.1663898711411,-38.1669784632999,-38.1386641782755,-38.1396235278224,-38.045633406845,-38.0466734304358,-37.7092628368105,-37.7085819869516,-37.1157020612966,-37.1165564337085,-36.717842123262,-36.7179694402122,-36.476946607493,-36.4770968540559,-36.5021343161506,-36.5028062058355,-36.7435339238006,-36.7429447734971,680.773,684.614,683.565,684.421,684.482,685.349,686.844,687.774,688.031,686.67,691.493,692.738,681.159,681.068,681.071,681.083,681.159,681.141,679.412,681.217,682.201,681.188,682.957,682.207,682.404,681.033,680.848,680.987,681.035,681.026,681.179,681.078,681.232,680.947,681.061,-835,-784,-839,-828,-821,-793,-861,-869,-852,-798,-803,-831,-752,-842,-890,-772,-830,-860,-838,-844,-805,-787,-815,-827,-840,-838,-800,-807,-831,-769,-800,-763,-862,-824,-773,TRUE
231709,"2026-03-08T09:06:38Z","2026-03-08T09:06:30Z","2026-03-08T09:03:14Z",6645,-37.04782774,-41.6317353343369,-41.5364660604286,-43.8390818746878,-43.8384043619049,-43.9245390373589,-43.9233886291844,-43.9501093309072,-43.9485528844959,-44.0257588068349,-44.0264038237098,-44.1278844718857,-44.1286228717322,-44.2487960185836,-44.2490756892923,-44.3268306823687,-44.326498582414,-44.3837758770821,-44.3836290965671,-44.4379895735441,-44.437716908481,-44.4815227458853,-44.4816375244411,-44.5113789310611,-44.510645661671,-40.4561573183225,-40.4127374126441,-37.9847863354728,-37.9770884893364,-37.452975376698,-37.4486835587931,-36.9441955271134,-36.942033075762,-36.9791122864074,-36.9836171583509,-38.5960793889806,-38.5991873341235,-40.5338127691658,-40.5385552912986,-42.0659142220843,-42.0680776155938,-42.99928363404,-43.0008656467724,-43.525389948121,-43.5253974655629,-43.7887865592653,-43.7887854997093,-43.8950313509974,-43.8948915763031,-43.9284101628691,-43.928727126042,-39.1155121377614,-39.1157643745338,-38.3492645313699,-38.3499269545172,-38.0846967432351,-38.0856826611339,-37.945554817094,-37.945603322804,-37.6026820005744,-37.6029425129404,-37.1089893406547,-37.1095438767286,-36.7805186614526,-36.780391472917,-36.5660486337564,-36.5660241768201,-36.5864010826378,-36.5868323235727,-36.8083978411633,-36.8077641727666,677.842,681.762,681.286,681.571,681.634,682.495,683.992,684.923,685.569,683.804,688.64,689.899,678.242,678.187,678.206,678.218,678.296,678.278,676.633,678.35,679.35,678.327,680.119,679.353,679.568,678.118,677.968,678.125,678.179,678.169,678.317,678.223,678.385,678.098,678.214,-835,-784,-840,-824,-816,-788,-861,-862,-845,-799,-814,-842,-739,-834,-897,-762,-833,-853,-830,-844,-806,-779,-805,-819,-827,-831,-797,-810,-827,-761,-805,-763,-856,-824,-774,TRUE
231709,"2026-03-08T21:06:43Z","2026-03-08T21:06:33Z","2026-03-08T21:03:14Z",6645,-37.02708434,-46.1335462754338,-46.0429228003786,-43.8267711796973,-43.8292441773894,-43.9149760075791,-43.9143027700692,-43.9488407031841,-43.9485378610316,-44.0278709276052,-44.0300734230261,-44.1309297056353,-44.1327470287147,-44.2479347101107,-44.248526430689,-44.3263963896537,-44.3261302432648,-44.3833395076431,-44.3833877399258,-44.4379398097092,-44.4376924902848,-44.4814425585536,-44.4815636159576,-44.5115813973967,-44.5110476835002,-40.599094433625,-40.5581758831599,-38.4337972668254,-38.4197372329795,-37.4540441386492,-37.4497973389895,-37.0122802059648,-37.0103630513335,-37.0505242925958,-37.0549061543812,-38.6074895916979,-38.6105412593989,-40.5237685674323,-40.5286042662445,-42.0525883149581,-42.0547530401182,-42.9881222804206,-42.9897118921295,-43.5176289898426,-43.5176364692114,-43.7842185939564,-43.7842379181674,-43.8928526589755,-43.8926498515062,-43.9277033064674,-43.9280671314776,-39.7325115981851,-39.7336964054736,-38.8992704470312,-38.9002536255325,-38.4918025201527,-38.4939695308141,-38.1230867700268,-38.1250337752984,-37.6122706846302,-37.6116203720558,-37.1405327221432,-37.141083640006,-36.847061582227,-36.8469470407789,-36.6562191425441,-36.6563091345442,-36.6711514215246,-36.6716521283655,-36.8763920452017,-36.8756622329246,672.171,676.314,676.747,676.102,676.171,677.028,678.513,679.442,680.752,678.309,683.136,684.4,672.688,672.672,672.704,672.713,672.785,672.766,671.254,672.833,673.836,672.804,674.62,673.841,674.065,672.61,672.452,672.605,672.662,672.659,672.808,672.705,672.865,672.577,672.692,-838,-787,-847,-832,-820,-789,-865,-874,-846,-803,-802,-836,-751,-845,-900,-769,-833,-864,-836,-843,-802,-761,-816,-824,-833,-832,-800,-816,-828,-767,-806,-756,-866,-823,-773,TRUE
231709,"2026-03-09T09:06:45Z","2026-03-09T09:06:36Z","2026-03-09T09:03:14Z",6645,-37.00518175,-45.1531245140796,-45.0625094385334,-43.7874776146891,-43.7871916167282,-43.9166127285191,-43.9155411656269,-43.9445173342632,-43.9429748815181,-44.0221457149578,-44.0228153543436,-44.1207749312507,-44.1215714727839,-44.2446248648729,-44.2449236470719,-44.3272510081951,-44.326928500776,-44.3835732794235,-44.383452908788,-44.4380322189349,-44.4377775396786,-44.4816018681748,-44.4817484954963,-44.5114436373793,-44.510837745872,-43.5217311796278,-43.4529153020693,-38.9306253355983,-38.9088427781187,-37.4851377313561,-37.4804222145509,-37.0660547033605,-37.0644008451642,-37.115324996451,-37.1197591706986,-38.6204922583244,-38.623474448296,-40.515157670258,-40.5198166209532,-42.040129101966,-42.0423022617794,-42.9775230855985,-42.9791202545617,-43.5103801986392,-43.5105000027219,-43.7800566860437,-43.7801225454454,-43.890902898237,-43.8906760259438,-43.927218974628,-43.9276227750481,-41.2230516367774,-41.2242305431371,-39.5137351869931,-39.5149601071512,-38.8041940941849,-38.806710699597,-38.3168824051113,-38.3180893954873,-37.6350960899319,-37.635370241809,-37.1520500871254,-37.1524605099814,-36.8922088671983,-36.8920341873022,-36.724535929793,-36.7245304033159,-36.7445530884057,-36.7449333277155,-36.9383678522522,-36.9375698511681,657.844,666.804,668.919,666.584,666.658,667.505,668.971,669.89,672.401,668.756,673.546,674.811,663.135,663.148,663.206,663.209,663.28,663.264,661.96,663.329,664.327,663.295,665.119,664.328,664.565,663.028,662.913,663.082,663.144,663.14,663.289,663.181,663.34,663.047,663.16,-834,-784,-837,-827,-821,-788,-870,-859,-854,-805,-806,-823,-754,-836,-891,-758,-824,-855,-831,-837,-800,-774,-801,-823,-828,-832,-794,-814,-829,-765,-802,-751,-860,-824,-776,TRUE
231709,"2026-03-09T21:06:44Z","2026-03-09T21:06:32Z","2026-03-09T21:03:14Z",6636,-37.01000154,-43.7630967050629,-43.6758831630142,-43.7875267495922,-43.7877681105953,-43.9138309428835,-43.9129943022231,-43.9414909900779,-43.9400719262837,-44.0202543138627,-44.0212427273703,-44.1198311823873,-44.1207140127954,-44.2447590371566,-44.2451361317317,-44.3276716015857,-44.3273029364916,-44.3837314552348,-44.3836369352908,-44.4380347130908,-44.4377545633622,-44.4815594462881,-44.4816803326719,-44.5112216092252,-44.5106233854814,-42.8323755624393,-42.7976397527715,-39.6612944415811,-39.6338677827649,-37.573515831263,-37.5675143891183,-37.1226991739542,-37.1211950606043,-37.179308476501,-37.1835700965488,-38.635136528336,-38.6379133223677,-40.5068296401482,-40.511422897498,-42.0276334328344,-42.0297408043783,-42.9667295344983,-42.9683674749453,-43.5028213781426,-43.5028820699761,-43.7756323227946,-43.7757119963341,-43.8887633300483,-43.8885779555932,-43.9266691882976,-43.9269235611837,-41.8797060195951,-41.881371578999,-40.3885699900983,-40.3898393229775,-39.5470976855946,-39.5507647088361,-38.7884062388767,-38.7917056531331,-37.7928794187951,-37.7921128236018,-37.2220122066788,-37.222565771164,-36.9540788173028,-36.9539447933208,-36.7983649535313,-36.7985014378767,-36.8181323144294,-36.8186482202309,-37.0019372266751,-37.0009666226481,653.557,659.911,663.153,659.687,659.773,660.615,662.071,662.983,666.275,661.833,666.613,667.884,656.324,656.256,656.325,656.329,656.402,656.391,655.239,656.451,657.46,656.424,658.255,657.459,657.711,656.199,656.047,656.219,656.272,656.28,656.432,656.321,656.476,656.186,656.294,-836,-784,-841,-824,-823,-793,-860,-865,-845,-803,-800,-835,-745,-841,-898,-768,-831,-859,-835,-848,-801,-774,-811,-825,-838,-828,-796,-814,-828,-771,-803,-754,-862,-826,-762,TRUE
231709,"2026-03-10T09:06:35Z","2026-03-10T09:06:26Z","2026-03-10T09:03:14Z",6645,-36.98767188,-38.3226661621579,-38.2391700758148,-43.8551105407644,-43.8549496218368,-43.9395697153941,-43.9390845046604,-43.9569082816329,-43.9552089205675,-44.0191891120278,-44.0195087574389,-44.1153330145444,-44.1155327607788,-44.242534150087,-44.2428037791285,-44.3276149711979,-44.3274493134573,-44.3836833385387,-44.3839182658658,-44.4383297646517,-44.4382566192872,-44.4815790836573,-44.4817605987524,-44.51108284157,-44.5103964387402,-43.2658229161534,-43.2385818689027,-40.0304022362484,-40.0042938352757,-37.7061195787404,-37.6989189320889,-37.1758379712913,-37.1743423002683,-37.235911712057,-37.2401453212118,-38.6489897215009,-38.6516544848445,-40.4977234096264,-40.5024102408793,-42.0143255188952,-42.0165017179954,-42.9553364888745,-42.9569488795664,-43.4948208222778,-43.494881280625,-43.7707225707683,-43.7707571494572,-43.8861198542988,-43.8859046181637,-43.9255368760462,-43.9258910638463,-42.1824691983643,-42.1829085926378,-40.7464827996566,-40.7476689105142,-39.9057598584538,-39.9088785455028,-39.1626400067601,-39.1650438654108,-37.9763527524643,-37.9763722620217,-37.2934430678573,-37.2940726583132,-37.0090965653365,-37.0087787329025,-36.8571533537815,-36.8572416628159,-36.8809255706503,-36.8813118233036,-37.0573946236235,-37.0566231818126,651.763,660.404,663.408,660.166,660.258,661.118,662.584,663.489,666.531,662.319,667.127,668.416,656.848,656.728,656.796,656.804,656.877,656.865,655.708,656.929,657.951,656.897,658.765,657.948,658.216,656.67,656.515,656.688,656.751,656.758,656.916,656.806,656.963,656.677,656.786,-841,-791,-841,-831,-814,-796,-861,-862,-847,-802,-807,-836,-748,-843,-890,-756,-835,-854,-829,-839,-799,-786,-809,-824,-830,-835,-802,-818,-838,-762,-804,-753,-861,-829,-781,TRUE
231709,"2026-03-10T21:06:43Z","2026-03-10T21:06:32Z","2026-03-10T21:03:14Z",6645,-36.97766624,-42.8636003955521,-42.7743487996551,-43.8654044005524,-43.8657110580686,-43.93981309754,-43.9392490703253,-43.9582175990508,-43.9565343836295,-44.0203512097612,-44.0207848581186,-44.1202191804005,-44.1205103719356,-44.2452892530348,-44.2455589461451,-44.3271498839985,-44.3270283767728,-44.3835786926924,-44.3838329326051,-44.4381195632121,-44.438086057364,-44.4815065454178,-44.4817012707837,-44.5109731481117,-44.5103266538543,-41.6679516482644,-41.656970290467,-40.2212347491504,-40.1997350691546,-37.8796601024354,-37.8707746467269,-37.2409115384965,-37.2392497337408,-37.2918504899669,-37.2961078141707,-38.6634372528779,-38.6660987685186,-40.4885808564963,-40.4932641242862,-42.000697349843,-42.0028275322194,-42.9435826955095,-42.9451695634777,-43.4863520425923,-43.486451386956,-43.7654387708346,-43.7654807455372,-43.8831229158177,-43.8830023902977,-43.9241558219032,-43.9245840824219,-41.6667684807761,-41.6678103863927,-40.8817034236951,-40.8827945110563,-40.2356476544156,-40.2388093674846,-39.5046591586892,-39.5082352425782,-38.2289546892561,-38.228107271891,-37.4258082366545,-37.4266922075839,-37.0907674204292,-37.0905198448953,-36.9275195181548,-36.9276794676903,-36.9455241733299,-36.9461166502912,-37.1146467693442,-37.1137827987399,658.12,664.65,666.849,664.423,664.513,665.389,666.869,667.783,670.137,666.587,671.459,672.757,661.064,660.944,660.997,661.005,661.078,661.074,659.837,661.135,662.176,661.102,663.022,662.182,662.466,660.918,660.74,660.9,660.965,660.967,661.131,661.019,661.183,660.892,661.004,-844,-780,-842,-825,-822,-784,-858,-859,-856,-798,-805,-838,-754,-842,-888,-767,-832,-859,-837,-846,-817,-781,-812,-825,-837,-829,-802,-821,-827,-768,-803,-761,-865,-823,-777,TRUE
231709,"2026-03-11T09:06:35Z","2026-03-11T09:06:28Z","2026-03-11T09:03:14Z",6645,-36.96528121,-36.5889163475066,-36.4847318492323,-43.8762710338597,-43.8764345795592,-43.9464703709802,-43.9460565442207,-43.9652289717687,-43.9636000286634,-44.0237444531708,-44.0241328064273,-44.1230136911644,-44.1233811656653,-44.2457413518038,-44.2460181773749,-44.3264902961384,-44.3264243401902,-44.3834916402851,-44.3837844563035,-44.4380752057562,-44.4380495330476,-44.4814108149616,-44.4816904073124,-44.5111137308533,-44.5103910624043,-42.344826174151,-42.3284601231821,-40.217791821987,-40.1986460228098,-38.0457718885473,-38.0363899415252,-37.3115060843795,-37.3096327014646,-37.343729713508,-37.3478292875334,-38.6779883136461,-38.6804229880237,-40.4796795024119,-40.4843037729554,-41.9870996434383,-41.9892648263356,-42.9318133542154,-42.9335008918972,-43.4779216341367,-43.4779545139315,-43.760206998033,-43.7602235849001,-43.8801781942585,-43.8801131106494,-43.9227812847686,-43.9231790490118,-41.7872276273717,-41.7874215274008,-40.8374709137756,-40.8384282131862,-40.2194752440199,-40.2219657312172,-39.6141485604456,-39.6162963467267,-38.4045219544423,-38.40437135105,-37.545310495199,-37.546172523285,-37.1730551991076,-37.1728694515199,-36.9916938843724,-36.9917638734614,-37.004290184423,-37.0045483777815,-37.166401510706,-37.1654954634759,660.057,669.587,670.912,669.36,669.45,670.345,671.842,672.762,674.386,671.533,676.468,677.785,665.968,665.823,665.873,665.889,665.96,665.953,664.634,666.007,667.075,665.976,667.944,667.078,667.379,665.778,665.607,665.768,665.834,665.832,665.988,665.884,666.051,665.763,665.877,-840,-780,-841,-826,-824,-792,-864,-865,-852,-810,-806,-831,-755,-835,-893,-762,-831,-854,-835,-844,-800,-783,-808,-820,-830,-838,-803,-818,-831,-762,-803,-759,-858,-816,-775,TRUE
231709,"2026-03-11T21:08:18Z","2026-03-11T21:08:06Z","2026-03-11T21:03:14Z",6645,-36.96046142,-38.7112427600659,-38.6264227531311,-43.8693107018276,-43.869254889393,-43.9345968854441,-43.9340264456895,-43.9530202508539,-43.951365404389,-44.0179593517314,-44.0183823158165,-44.1205578233301,-44.1209153160745,-44.2476708825046,-44.2479269715164,-44.3272215143027,-44.3271016219946,-44.383731415081,-44.3839014680628,-44.4378521965234,-44.4377985910227,-44.4812693993408,-44.4814769008489,-44.5108222562787,-44.5101489610689,-39.7196528323706,-39.739445101897,-40.1510649716552,-40.1381944132492,-38.1983356193136,-38.1884533210059,-37.3950703900666,-37.3928567986676,-37.3977061455678,-37.4016795029404,-38.6937022440178,-38.6960914382199,-40.4714844329576,-40.476084677037,-41.9736876842133,-41.9759554987177,-42.92010817922,-42.9217104160595,-43.4694966992611,-43.4696212151664,-43.7549026836984,-43.7549725602806,-43.8772071654146,-43.8770472002427,-43.9214132650401,-43.9218066624053,-40.8077628233183,-40.8080814598799,-40.6883870562573,-40.6892862238562,-40.3014967026772,-40.3037122557141,-39.7493518536419,-39.7522752707848,-38.5848037709381,-38.5839075035288,-37.6906701025276,-37.6917207585175,-37.2770513857634,-37.2769841227676,-37.0714519215818,-37.071576356255,-37.0677901453383,-37.0681282819392,-37.2206793094263,-37.2197245261812,669.337,673.626,674.315,673.41,673.496,674.409,675.91,676.843,677.921,675.597,680.593,681.921,670.033,669.833,669.859,669.88,669.958,669.947,668.575,670.016,671.095,669.972,671.991,671.099,671.416,669.846,669.638,669.783,669.843,669.846,670.004,669.901,670.063,669.772,669.888,-842,-789,-841,-828,-827,-793,-868,-867,-849,-803,-810,-833,-754,-846,-896,-770,-831,-864,-836,-852,-805,-779,-814,-825,-840,-836,-803,-819,-829,-760,-804,-759,-862,-826,-769,TRUE
231709,"2026-03-12T09:06:34Z","2026-03-12T09:06:30Z","2026-03-12T09:03:14Z",6619,-36.93099359,-36.7662159544207,-36.6760833360362,-43.859424559289,-43.8591426663129,-43.9328604257508,-43.9322637610657,-43.9518318617112,-43.9501375881495,-44.0175393670591,-44.0178639642902,-44.1204807228899,-44.1208522058397,-44.2481579482684,-44.2484530019585,-44.3271168044011,-44.3268214687096,-44.3837186521766,-44.3838692472513,-44.437842416185,-44.4377302881773,-44.4812099548541,-44.4814044686224,-44.5107741667447,-44.5101461870536,-41.0095386775961,-40.9854583351357,-39.804269293636,-39.7960928114092,-38.3168748437488,-38.3075390069087,-37.4795447588902,-37.4770812150378,-37.4499227245135,-37.4538579908752,-38.7093819089525,-38.7117400378469,-40.4637738883989,-40.4683225167129,-41.9606641686244,-41.9627511170188,-42.9084804956726,-42.9101502188419,-43.461083822677,-43.4611814100799,-43.7496044992311,-43.7497014474806,-43.8742949049191,-43.8741445885287,-43.9200124886093,-43.9204799953439,-40.5833591872275,-40.5831222277951,-40.2465449452994,-40.2471928645554,-39.9683965204179,-39.9696862402437,-39.6305359158899,-39.6317541003746,-38.6702865483986,-38.6701240508988,-37.7991834553075,-37.8002188614132,-37.3721779538161,-37.3719788468978,-37.1461741337691,-37.146162780624,-37.1282834349115,-37.1285629722412,-37.2711566924915,-37.2702114355097,670.843,677.359,677.474,677.143,677.233,678.155,679.674,680.611,681.199,679.336,684.387,685.728,673.629,673.504,673.525,673.552,673.628,673.618,672.19,673.673,674.77,673.623,675.691,674.77,675.1,673.438,673.272,673.426,673.479,673.479,673.633,673.531,673.692,673.402,673.518,-832,-785,-838,-823,-818,-796,-870,-872,-847,-806,-808,-835,-747,-836,-898,-762,-825,-855,-831,-836,-802,-775,-809,-820,-825,-834,-804,-816,-834,-772,-803,-759,-860,-827,-776,TRUE
231709,"2026-03-12T21:06:38Z","2026-03-12T21:06:30Z","2026-03-12T21:03:14Z",6645,-36.93965701,-45.4629326450693,-45.3817055737019,-43.8353445563218,-43.8365479410952,-43.9275227740549,-43.9269851884589,-43.953505285561,-43.9519192813398,-44.0235673467776,-44.0243547244151,-44.1244347834235,-44.1250532850859,-44.2467370426479,-44.2470903149282,-44.3269046073915,-44.3267409651987,-44.3833706184853,-44.3835019598099,-44.4379601498416,-44.4378859429337,-44.4811989463494,-44.481483928385,-44.5109029973329,-44.5102150494465,-41.5127744751632,-41.4779073810136,-39.8640491612498,-39.8519124977304,-38.403153154671,-38.3942274400068,-37.5708004230133,-37.5680495648376,-37.5066453016085,-37.5104715326293,-38.7267846006119,-38.7291058084372,-40.4573394380589,-40.4618369378424,-41.9481846987405,-41.950415233486,-42.8973490607503,-42.8989998617331,-43.4530319670188,-43.453109517137,-43.7446009951281,-43.7447118582325,-43.8715984961788,-43.8714183723635,-43.9189324306989,-43.9192840119181,-41.0337314855251,-41.0346231433917,-40.3892375249457,-40.3899853550308,-40.0230759390788,-40.0249723250909,-39.6126655850901,-39.6148252663814,-38.7402397627285,-38.7393867014652,-37.9150173883779,-37.9161490912015,-37.4776936494683,-37.4775960262712,-37.2339734638818,-37.2339614605404,-37.1956202768984,-37.1959599023069,-37.3262736168307,-37.3252276623076,672.314,677.088,677.381,676.849,676.942,677.864,679.392,680.328,681.035,679.034,684.107,685.458,673.222,673.167,673.196,673.217,673.294,673.287,671.905,673.343,674.451,673.293,675.396,674.458,674.808,673.111,672.954,673.111,673.167,673.168,673.324,673.225,673.388,673.101,673.219,-838,-786,-837,-827,-823,-795,-860,-857,-849,-802,-805,-837,-748,-840,-896,-766,-826,-862,-836,-843,-810,-780,-812,-827,-830,-831,-794,-817,-828,-765,-809,-757,-865,-827,-778,TRUE
231709,"2026-03-13T09:06:26Z","2026-03-13T09:06:23Z","2026-03-13T09:03:14Z",6645,-36.94899154,-44.704569734083,-44.5962690214576,-43.8029069038643,-43.8022471092069,-43.9197886660844,-43.9189969236453,-43.9436352633667,-43.9419444217298,-44.0178237133999,-44.0181204507399,-44.1163847963143,-44.1168087764117,-44.245401553379,-44.2456039744403,-44.327204841566,-44.3268707276505,-44.3836208974498,-44.383694588727,-44.4377597728762,-44.4376247474293,-44.4813862999527,-44.4814821216105,-44.5108587801513,-44.5101737024714,-42.7482789861955,-42.7187210609938,-40.1292481137992,-40.1113538422245,-38.4615071804428,-38.4533308449425,-37.654593677922,-37.6516249558444,-37.56244898473,-37.5660917681479,-38.7445117747872,-38.7466162166064,-40.4518691642094,-40.4562811777196,-41.9364657978132,-41.938597008918,-42.8865878444796,-42.8883060956145,-43.445321513281,-43.4454386275135,-43.7399184720654,-43.7400497578444,-43.8690590598643,-43.8688685732786,-43.917917814972,-43.9183363596403,-41.7961523971226,-41.7961535631672,-40.7307511213606,-40.7315909089628,-40.1487124212722,-40.1508237895412,-39.6663060152888,-39.6677133162802,-38.7621423363772,-38.7619687753352,-37.982934087632,-37.9839065203399,-37.5634114105463,-37.5633117990112,-37.31213038489,-37.311985353836,-37.260171928902,-37.2604184222953,-37.3789271880079,-37.3778540930472,667.287,672.703,673.98,672.473,672.567,673.494,675.006,675.948,677.375,674.646,679.718,681.077,668.884,668.781,668.826,668.848,668.926,668.919,667.675,668.976,670.092,668.928,671.043,670.098,670.455,668.725,668.566,668.73,668.792,668.793,668.949,668.844,669.01,668.72,668.836,-837,-783,-845,-823,-826,-791,-860,-866,-849,-804,-811,-838,-746,-837,-895,-768,-826,-853,-841,-837,-799,-779,-798,-824,-832,-837,-797,-823,-823,-768,-803,-757,-864,-824,-773,TRUE
231709,"2026-03-13T21:06:34Z","2026-03-13T21:06:27Z","2026-03-13T21:03:14Z",6654,-36.93630146,-49.813945841938,-49.7234780309709,-43.8105473354715,-43.8107959033018,-43.9176010710534,-43.9169529049528,-43.9429904821445,-43.9415251463428,-44.0184942339266,-44.0192232673139,-44.119020903025,-44.1197776863801,-44.2462080231974,-44.2465797411348,-44.3273135815469,-44.3270634606118,-44.3836346346429,-44.3837147258555,-44.4377450351993,-44.4375519234317,-44.4812836158931,-44.4813796048756,-44.5106884986838,-44.5100366526549,-43.0503482375995,-43.0069554896119,-40.4502870462517,-40.4304954035631,-38.5424681077595,-38.5339062051114,-37.7376184230137,-37.7346614647226,-37.621452212222,-37.6249290054117,-38.762721368926,-38.764854435406,-40.4464955014838,-40.4509540201269,-41.9246363529657,-41.926783065795,-42.8757316414479,-42.8774575478151,-43.4373796294339,-43.4374108860031,-43.7349273483456,-43.7350791092662,-43.8663886201817,-43.8662336787943,-43.916863907515,-43.917244909052,-42.1303571770803,-42.1314656165451,-41.0710796513295,-41.0718810577417,-40.4786583127014,-40.4811808845343,-39.8905821240841,-39.8933922824788,-38.8686473103144,-38.8677497081208,-38.0723703433253,-38.0733920000406,-37.6532424010962,-37.6532689966812,-37.3974872960305,-37.3974073530599,-37.3294934423436,-37.3297380008499,-37.4355949330559,-37.4345107484427,665.901,669.991,671.835,669.751,669.85,670.78,672.294,673.225,675.075,671.916,676.991,678.355,666.063,666.042,666.094,666.111,666.187,666.183,665.031,666.234,667.361,666.189,668.335,667.373,667.744,665.972,665.824,665.989,666.05,666.051,666.204,666.105,666.269,665.98,666.095,-830,-791,-845,-833,-824,-794,-861,-870,-848,-800,-809,-833,-750,-846,-903,-769,-824,-866,-842,-849,-814,-779,-820,-826,-836,-840,-801,-815,-820,-762,-802,-760,-867,-826,-784,TRUE
231709,"2026-03-14T09:06:35Z","2026-03-14T09:06:28Z","2026-03-14T09:03:14Z",6602,-36.92904127,-51.9367909436192,-51.8252145850309,-43.8356318634781,-43.8359383005599,-43.9292584071789,-43.9286684045019,-43.9512661303011,-43.9495572069388,-44.0181953570596,-44.018573133665,-44.1189696215989,-44.1192601166373,-44.2459672249498,-44.2461580027519,-44.3271330728396,-44.3269624376866,-44.383363738156,-44.3835014717911,-44.43777621863,-44.437650556563,-44.4812263904442,-44.4814985127632,-44.5106913161568,-44.5099330087274,-45.8613527767359,-45.7883918467424,-40.8945042469806,-40.8674536684393,-38.6385760464034,-38.6297174798842,-37.812160858569,-37.8091145540783,-37.677585581725,-37.6810498154363,-38.7801252301962,-38.7820918873759,-40.4409962781137,-40.4453901186593,-41.9124462473398,-41.9146421309719,-42.8646008541787,-42.8663344485312,-43.4291535360214,-43.4293293979453,-43.7297915386887,-43.7298719842095,-43.863574070118,-43.8633829068151,-43.9155939597151,-43.9159639024773,-43.5090687001007,-43.5101005050202,-41.6264466970006,-41.6273977671284,-40.7693577664026,-40.7722699526427,-40.0917608325992,-40.0938885045934,-38.9634431933912,-38.9631882142313,-38.1439032709997,-38.144694336096,-37.7281209729766,-37.728017818785,-37.4701846105463,-37.4700729730865,-37.3935128696303,-37.3937247722687,-37.4884758878346,-37.4873495818702,674.474,671.364,673.002,671.117,671.224,672.165,673.69,674.629,676.297,673.288,678.406,679.774,667.319,667.368,667.437,667.457,667.534,667.535,666.375,667.589,668.725,667.536,669.719,668.739,669.123,667.261,667.152,667.337,667.401,667.408,667.566,667.459,667.623,667.331,667.454,-838,-786,-840,-828,-826,-793,-861,-869,-848,-800,-802,-834,-751,-834,-895,-762,-824,-857,-835,-846,-802,-782,-809,-823,-824,-831,-797,-810,-828,-769,-806,-751,-858,-825,-775,TRUE
231709,"2026-03-14T21:06:39Z","2026-03-14T21:06:30Z","2026-03-14T21:03:14Z",6645,-36.9145819,-53.9099451306679,-53.8196617009097,-43.830190183428,-43.8288946582371,-43.9597893748687,-43.9596232276693,-43.9791345860615,-43.9774825522386,-44.0342588977559,-44.0343764397059,-44.1296748406694,-44.1299079555668,-44.2455676297247,-44.2457355017792,-44.3251923488553,-44.3252359363047,-44.3825955919175,-44.3830821820224,-44.4370595483325,-44.4371159643057,-44.4815107450779,-44.4817786108901,-44.5113054371569,-44.5105938684263,-46.2104819349031,-46.147791533035,-41.6563328715812,-41.6222954281525,-38.7718414765509,-38.7619219083619,-37.8905264944581,-37.8873243928332,-37.7355315992548,-37.7389255439128,-38.7978603958979,-38.799711390949,-40.4354895112511,-40.4398325525033,-41.900043953303,-41.9022280885941,-42.8530623082044,-42.8547770344379,-43.4206101852349,-43.4207787812963,-43.7242289314595,-43.724382413942,-43.8603273713283,-43.8602246849396,-43.9139835788837,-43.9144148975653,-44.4185904687705,-44.4202492634309,-42.505585003284,-42.506624774023,-41.4788753391349,-41.4827319494992,-40.5530930655841,-40.5568996616688,-39.1541138566982,-39.1530542450268,-38.2544606971994,-38.2555014531233,-37.8166209341964,-37.8166304053852,-37.5508019089849,-37.550752231338,-37.4607603460343,-37.46099511237,-37.5440212385843,-37.5428387979297,675.55,676.448,677.309,676.177,676.277,677.243,678.784,679.723,680.737,678.354,683.535,684.91,672.276,672.348,672.423,672.452,672.53,672.53,671.283,672.581,673.738,672.527,674.759,673.757,674.158,672.253,672.136,672.313,672.39,672.399,672.552,672.451,672.616,672.325,672.44,-833,-783,-842,-829,-824,-793,-862,-865,-846,-804,-809,-839,-746,-842,-895,-764,-832,-866,-841,-849,-812,-784,-815,-827,-840,-836,-799,-816,-828,-765,-801,-757,-864,-823,-781,TRUE
231709,"2026-03-15T09:06:33Z","2026-03-15T09:06:27Z","2026-03-15T09:03:14Z",6645,-36.91037221,-48.430540819317,-48.3080651238014,-43.8345037973714,-43.8336580838752,-43.9379985897867,-43.9374933104853,-43.9584949419778,-43.9567854980431,-44.0195137737782,-44.0197854122161,-44.1175692205129,-44.117772643788,-44.2448351401329,-44.2450528363066,-44.3264559866077,-44.3262427539487,-44.3834435844052,-44.3836068259725,-44.4376029143263,-44.4375763560248,-44.4811535728685,-44.4814003883414,-44.5107989483538,-44.510081654773,-48.2336781283513,-48.1646424005389,-42.3581027731352,-42.3181785962345,-38.945511994781,-38.934251924987,-37.9671885936374,-37.9638390558018,-37.7910157510167,-37.7942347528949,-38.8157827308634,-38.81756144728,-40.4307877986122,-40.4350942450145,-41.8882068388849,-41.8902915252011,-42.8418874427797,-42.843596567821,-43.4123358107056,-43.4124380235617,-43.7189479540618,-43.7190498109188,-43.8572899933677,-43.8571840197887,-43.9125630075243,-43.9128854652097,-45.7054126722196,-45.7065216905,-43.2911383855648,-43.2920467859256,-42.0487851284884,-42.0528234146108,-41.0122978821853,-41.0157094134888,-39.3722925395739,-39.3718317469664,-38.3628472446447,-38.3639695405631,-37.8994445674003,-37.8993672442777,-37.6226311287961,-37.6224086908943,-37.5233588483592,-37.5235257783476,-37.5963762363358,-37.5952031223766,681.693,679.39,679.86,679.151,679.25,680.23,681.777,682.727,683.445,681.34,686.57,687.947,674.977,675.243,675.339,675.371,675.455,675.448,674.179,675.504,676.677,675.445,677.719,676.694,677.111,675.107,675.025,675.221,675.299,675.31,675.472,675.373,675.538,675.244,675.361,-829,-789,-842,-830,-823,-792,-867,-869,-846,-801,-800,-829,-739,-836,-892,-755,-828,-849,-832,-843,-806,-779,-811,-822,-829,-843,-799,-818,-829,-766,-802,-755,-850,-827,-773,TRUE
231709,"2026-03-15T21:06:40Z","2026-03-15T21:06:29Z","2026-03-15T21:03:14Z",6645,-36.92062189,-47.1706093961869,-47.0853044587124,-43.8294553178758,-43.8293110916737,-43.9240815866085,-43.9233609359917,-43.9490878205446,-43.9474768943101,-44.0202610102794,-44.0206421957898,-44.1218596458507,-44.1224093665803,-44.2480236413229,-44.2483765179213,-44.326442849064,-44.326123943959,-44.3833056591405,-44.3833397293393,-44.4374283181229,-44.4372500435203,-44.4810229334432,-44.4811910087895,-44.5106335946605,-44.5099712762296,-46.7251841807193,-46.6916877616067,-43.0085118207558,-42.9693230528455,-39.173062692876,-39.1598901100028,-38.0549495902343,-38.0512901699809,-37.8487653073772,-37.8519069515268,-38.8348332181958,-38.8364758722766,-40.4266413163085,-40.4309739187039,-41.8766241945317,-41.8787921531697,-42.8307970096899,-42.8325404455188,-43.4040076481538,-43.4041950954593,-43.713607502245,-43.7137954937716,-43.8542852091327,-43.8541170582247,-43.9111554992426,-43.9115128680108,-45.7051508760109,-45.7066173976694,-43.9381664575272,-43.9391030092294,-42.7620176028061,-42.7664075146747,-41.5984299352387,-41.6031889130626,-39.68867622542,-39.6874623581542,-38.5247710691323,-38.5261060732007,-38.0041094039777,-38.0041625807268,-37.7056473065998,-37.7054955395587,-37.5902456807554,-37.59042852631,-37.652017711351,-37.6507883229611,678.218,681.243,681.55,681.021,681.115,682.096,683.658,684.613,685.223,683.205,688.477,689.857,676.82,677.062,677.147,677.187,677.268,677.27,675.995,677.317,678.506,677.257,679.572,678.524,678.961,676.947,676.833,677.018,677.097,677.108,677.274,677.172,677.334,677.048,677.169,-837,-784,-845,-826,-825,-790,-860,-866,-846,-799,-807,-832,-755,-848,-900,-764,-829,-865,-832,-841,-809,-783,-817,-827,-834,-833,-803,-819,-826,-768,-801,-765,-855,-823,-768,TRUE
231709,"2026-03-16T09:06:27Z","2026-03-16T09:06:20Z","2026-03-16T09:03:14Z",6654,-36.91647321,-40.7270905859885,-40.6255632896816,-43.8026438508731,-43.8025855503572,-43.9183310443965,-43.9176240039312,-43.9464417700372,-43.9448483944469,-44.021143262406,-44.0217136926746,-44.1213655406632,-44.1219998110283,-44.2469874914082,-44.247209530638,-44.3263042701348,-44.3260141859524,-44.3831641372757,-44.3831726708462,-44.4374516210748,-44.4372458478413,-44.4810501177415,-44.4812240963338,-44.5106482311624,-44.5099577463146,-46.5864637633138,-46.5610508912294,-43.189592652162,-43.1557692326151,-39.4265123915625,-39.4116327536028,-38.1492453065777,-38.1452251352906,-37.9051463027734,-37.9081510422701,-38.8541343028029,-38.8556986882946,-40.4232863751975,-40.427555113045,-41.8655329046215,-41.8676828750231,-42.8200572432614,-42.8217950487208,-43.3959683566713,-43.3960566299157,-43.7084372154658,-43.7086129206685,-43.8514112251201,-43.8512069112048,-43.9097872418765,-43.9102513610434,-45.5809642120671,-45.5815793739892,-44.039809947081,-44.0407172491764,-42.9893699785397,-42.9929698066054,-41.9498902898014,-41.9536556061154,-39.9873346889623,-39.9867230427172,-38.6920740294086,-38.6935715062372,-38.1128730552467,-38.1128470678313,-37.7851957793384,-37.7849502106422,-37.6540062522853,-37.6540685108642,-37.704764284635,-37.7035071605466,685.66,680.919,681.508,680.688,680.785,681.777,683.336,684.294,685.155,682.869,688.166,689.548,676.521,676.702,676.781,676.825,676.908,676.903,675.687,676.955,678.161,676.893,679.247,678.181,678.63,676.584,676.476,676.661,676.742,676.75,676.92,676.817,676.982,676.696,676.818,-834,-782,-842,-825,-820,-789,-860,-870,-849,-800,-802,-835,-748,-841,-891,-757,-822,-859,-832,-841,-802,-789,-814,-824,-835,-832,-798,-818,-827,-764,-805,-765,-858,-824,-770,TRUE
231709,"2026-03-16T21:06:34Z","2026-03-16T21:06:28Z","2026-03-16T21:03:14Z",6645,-36.90854191,-39.0744236808848,-38.9890135419704,-43.7787473640584,-43.7784585064124,-43.9151262544174,-43.9143018315951,-43.9439658306453,-43.9423002033261,-44.0198006913606,-44.0203190837314,-44.1182692406687,-44.1188437219561,-44.2450455312664,-44.2453648491841,-44.3262062029201,-44.32583987513,-44.3831226163856,-44.3830404999273,-44.4374222052071,-44.4372219770769,-44.4811918176345,-44.4812810402002,-44.5106347962121,-44.5099947887334,-43.5572790010218,-43.5758586940763,-43.1044566245472,-43.0801491096641,-39.6792058751413,-39.6633005069892,-38.2599117624663,-38.2553259344624,-37.9654628264743,-37.9683190653843,-38.8749849722903,-38.8764508078579,-40.4211051964825,-40.4253939194035,-41.8551970913543,-41.8573564442459,-42.8097415435441,-42.8114137832401,-43.3882048635151,-43.3883854698512,-43.7035486883743,-43.7036923769121,-43.8486484170631,-43.8485320799696,-43.9087004720635,-43.9090421222371,-44.3345713117839,-44.3351094662823,-43.8162093012428,-43.8169703407345,-43.1002219824123,-43.1033421988822,-42.1916679702588,-42.1959275606971,-40.2866614584675,-40.2853181434313,-38.8975110919422,-38.8991911010943,-38.2475905347268,-38.2476969664909,-37.8809323348254,-37.8807865765652,-37.7240525144805,-37.7241344169679,-37.761259377161,-37.7599755664901,669.247,677.16,678.661,676.919,677.023,678.014,679.567,680.518,682.153,679.086,684.376,685.759,672.914,672.942,672.995,673.035,673.118,673.121,672.037,673.172,674.374,673.106,675.476,674.397,674.857,672.883,672.719,672.877,672.944,672.953,673.124,673.025,673.193,672.901,673.018,-840,-781,-833,-826,-825,-795,-864,-868,-852,-800,-811,-834,-751,-844,-892,-764,-826,-865,-836,-842,-813,-786,-814,-826,-835,-834,-800,-818,-833,-765,-802,-753,-869,-822,-784,TRUE
231709,"2026-03-17T09:06:24Z","2026-03-17T09:06:19Z","2026-03-17T09:03:14Z",6645,-36.89853627,-42.4440099463679,-42.3058726189597,-43.770905613632,-43.7703728335269,-43.9156648121412,-43.9149057179887,-43.9422736768044,-43.940526007322,-44.0168544583188,-44.0172665559285,-44.1140099009931,-44.1143957595589,-44.2434939593095,-44.2436443036637,-44.326307443552,-44.3260643154171,-44.3831097690965,-44.3830600639317,-44.4375052200031,-44.4373051455775,-44.4811288821802,-44.4812765946473,-44.5105406257484,-44.5099335409359,-44.0714670224069,-44.0517371794459,-42.6367709131932,-42.6208794592276,-39.8864157504058,-39.8706461105841,-38.3773117419309,-38.3721260321092,-38.0259080746193,-38.0284771188477,-38.8955606716903,-38.8969637155626,-40.4191462230915,-40.4233716255441,-41.845035288042,-41.8471973310651,-42.7994573653297,-42.8012304267117,-43.3804140557128,-43.3806935924295,-43.698587608609,-43.6987386560266,-43.8458985886986,-43.8457721173222,-43.9074827451498,-43.9079113008045,-43.7294462945611,-43.7294810804163,-43.2075900763634,-43.2081074198654,-42.7111132141678,-42.7130346337531,-42.0905255659104,-42.09302467321,-40.4633703676853,-40.4627264117774,-39.0727399348778,-39.0744689477027,-38.3811418063583,-38.3812071045917,-37.9759662435997,-37.9757212639972,-37.7931820511658,-37.7931816622448,-37.8156221816361,-37.8142888391359,666.17,673.758,676.091,673.504,673.613,674.6,676.155,677.105,679.429,675.66,680.953,682.332,669.406,669.537,669.575,669.612,669.696,669.695,668.733,669.739,670.951,669.679,672.071,670.979,671.46,669.439,669.316,669.472,669.529,669.535,669.71,669.606,669.776,669.49,669.606,-837,-786,-839,-826,-824,-791,-869,-868,-842,-801,-806,-829,-757,-839,-892,-761,-825,-856,-838,-843,-808,-781,-818,-828,-827,-830,-809,-817,-831,-766,-799,-759,-857,-826,-775,TRUE
231709,"2026-03-17T21:06:36Z","2026-03-17T21:06:24Z","2026-03-17T21:03:14Z",6654,-36.89524173,-49.1713797909069,-49.081265947376,-43.7854146145299,-43.7860288689453,-43.9233947796046,-43.9229095097835,-43.9480077128908,-43.9464331054395,-44.0148428255041,-44.0153615505289,-44.1134598889826,-44.1139999143277,-44.2425663509304,-44.2429718328037,-44.3267199119297,-44.3265828112106,-44.3827862377405,-44.3829565847352,-44.437451241732,-44.4373510791653,-44.4809957193756,-44.4812157925034,-44.5104937182931,-44.5097996476283,-44.2053685632722,-44.175662924343,-42.5129759301869,-42.4961101744277,-40.0355630964532,-40.0205565075606,-38.5043557333249,-38.4987316689458,-38.0916407669608,-38.0941026092208,-38.9168228091403,-38.918099043621,-40.4174581105085,-40.4216897937287,-41.8349190088477,-41.8370499140112,-42.7890981933755,-42.7908323146563,-43.3725695529461,-43.3727170687134,-43.6934686401002,-43.693666444688,-43.8429391222932,-43.8428354440759,-43.9061536953082,-43.9065778221156,-43.8244463206989,-43.8253423858273,-43.1297351555949,-43.1304435662856,-42.6277201430322,-42.629947655914,-42.0177771948061,-42.0208783839058,-40.5794704184484,-40.5781987639244,-39.2438896811316,-39.2457247616873,-38.5261285893734,-38.5264225237831,-38.0858873703681,-38.085493611281,-37.8698244589189,-37.8698432887845,-37.8745128932764,-37.8731680451544,660.864,672.033,674.808,671.761,671.876,672.872,674.425,675.369,678.107,673.912,679.213,680.586,667.627,667.769,667.816,667.851,667.94,667.943,667.062,667.995,669.21,667.931,670.344,669.241,669.728,667.674,667.555,667.712,667.772,667.77,667.95,667.848,668.017,667.726,667.844,-833,-788,-842,-823,-825,-797,-862,-861,-844,-802,-810,-837,-746,-845,-895,-769,-825,-864,-836,-846,-811,-783,-816,-823,-829,-843,-800,-824,-835,-776,-811,-753,-866,-828,-774,TRUE
231709,"2026-03-18T09:06:37Z","2026-03-18T09:06:27Z","2026-03-18T09:03:14Z",6645,-36.87785388,-50.898917611182,-50.7855952469924,-43.7966880270817,-43.7975372450153,-43.9262695432685,-43.9257449835254,-43.9517304948252,-43.9501430841786,-44.018028662482,-44.0185733537796,-44.1156356581453,-44.1161351990511,-44.2423322625174,-44.2426533443828,-44.3260971424113,-44.3259198182418,-44.382636497863,-44.3828326896499,-44.4373686849149,-44.437281959491,-44.4809728860534,-44.4812190659106,-44.5105854651582,-44.5099112265672,-46.6473873537252,-46.5865537440567,-42.6660606759766,-42.6429979374655,-40.1325640848228,-40.1187247010978,-38.6255642024405,-38.6195197403725,-38.1583474869191,-38.1606665647381,-38.9375733045352,-38.9388587330633,-40.4158810983113,-40.4200218060361,-41.8248076659286,-41.8269277409278,-42.7786972841681,-42.7804523877042,-43.3645196898696,-43.3647593392272,-43.6883164532672,-43.6884232151749,-43.8399926197177,-43.8399051824928,-43.9047198631473,-43.9052181694659,-44.8097094014443,-44.8100105081436,-43.3681344509671,-43.368641059861,-42.6455993914337,-42.6479871045232,-41.998781385683,-42.001032660591,-40.621951389208,-40.6213547191962,-39.3591318000847,-39.3609289899952,-38.6523423053532,-38.6524662292201,-38.1898846764994,-38.189485395373,-37.9459718021783,-37.9458637987005,-37.9320920613737,-37.9307057884483,663.075,671.74,674.737,671.472,671.589,672.594,674.16,675.096,678.046,673.624,678.95,680.319,667.466,667.443,667.509,667.542,667.632,667.634,666.793,667.686,668.91,667.622,670.063,668.945,669.447,667.273,667.218,667.397,667.462,667.464,667.636,667.533,667.71,667.419,667.539,-837,-785,-836,-836,-823,-799,-866,-865,-848,-806,-812,-840,-751,-841,-898,-769,-831,-858,-835,-843,-805,-781,-812,-822,-834,-829,-796,-824,-835,-765,-809,-756,-859,-828,-774,TRUE
231709,"2026-03-18T21:06:33Z","2026-03-18T21:06:22Z","2026-03-18T21:03:14Z",6645,-36.87291207,-54.8078384013981,-54.718236224711,-43.7710566954909,-43.7707702312883,-43.9207636839544,-43.9201935438914,-43.9442706743178,-43.9425409204801,-44.0114333964617,-44.0117613500646,-44.109262493097,-44.1096407055265,-44.2412846416144,-44.2416052966136,-44.3262747736589,-44.3260279771947,-44.3828192581108,-44.3829962929356,-44.4373228725318,-44.4372416617579,-44.4809998290722,-44.4811937227323,-44.5104592509193,-44.5097643671201,-47.0829265401022,-47.0264272788536,-43.1883749741679,-43.1586277654567,-40.2331170873931,-40.219352300763,-38.7436443695277,-38.7374993904951,-38.2300304565447,-38.2321231901184,-38.9594608713529,-38.9606129457436,-40.4147903605775,-40.41888198276,-41.8149314337954,-41.8171152695847,-42.7683545213505,-42.7701439321995,-43.3565545283513,-43.3567610132073,-43.6830850915524,-43.6832517584354,-43.8369543110873,-43.8368439681955,-43.9034104005191,-43.903832341259,-45.5734879951982,-45.5744858668499,-43.9869237630915,-43.9874339234691,-43.098341642882,-43.1015513750494,-42.2532456849969,-42.256814165929,-40.7303068035083,-40.7290512419728,-39.4795211870457,-39.4811757250992,-38.7771520206297,-38.7774251278794,-38.300960847728,-38.3006256212143,-38.0284902251561,-38.0283434580727,-37.9946326156161,-37.9931623362406,656.167,671.09,674.394,670.823,670.942,671.945,673.518,674.452,677.703,672.971,678.312,679.676,667.091,666.751,666.821,666.86,666.941,666.951,666.167,666.998,668.235,666.934,669.405,668.27,668.787,666.555,666.521,666.703,666.773,666.775,666.948,666.841,667.016,666.728,666.845,-833,-780,-847,-828,-825,-791,-864,-872,-847,-802,-806,-842,-750,-843,-901,-768,-832,-857,-839,-851,-810,-784,-815,-825,-833,-830,-803,-815,-828,-764,-806,-753,-859,-823,-783,TRUE
231709,"2026-03-19T09:06:26Z","2026-03-19T09:06:17Z","2026-03-19T09:03:14Z",6645,-36.85229069,-53.7102845945219,-53.5503537537449,-43.7648372069932,-43.7647366389699,-43.917274543493,-43.9166325804911,-43.9417800795308,-43.9401583621736,-44.0115139441034,-44.0119214593277,-44.1098459369166,-44.1102564902189,-44.2415488186296,-44.2417845215795,-44.3261210552664,-44.3259274033541,-44.3826896888773,-44.3828084362488,-44.4372966094625,-44.4371498631696,-44.4809684072478,-44.4811296389622,-44.5104240763766,-44.5097412917054,-49.7805407483091,-49.6963551706678,-43.767706192489,-43.7307001734871,-40.3589993104519,-40.3449126112847,-38.8506653280341,-38.8443356171317,-38.3014153679973,-38.3034131910913,-38.981423971455,-38.9824356902329,-40.4142484566229,-40.418332912366,-41.8055341899228,-41.8076058885539,-42.7582964266736,-42.7600268797995,-43.3487466436877,-43.349005896934,-43.6779846030359,-43.678152091336,-43.8340402851541,-43.8339330678596,-43.9020092470995,-43.9024399472572,-46.9737142811544,-46.9743704662464,-44.6661017269099,-44.6664706491135,-43.5239496186029,-43.5273334547618,-42.5602807370076,-42.5634621051265,-40.8644023891308,-40.8637162535033,-39.5816410732839,-39.5833630766762,-38.8844997444941,-38.8846465141232,-38.4008071125687,-38.4002820042176,-38.1083600000126,-38.1081558432979,-38.0560748285838,-38.054629905451,653.748,669.397,673.203,669.125,669.243,670.252,671.823,672.757,676.473,671.26,676.611,677.969,670.438,664.994,665.092,665.127,665.221,665.229,664.532,665.274,666.52,665.213,667.714,666.562,667.096,664.537,664.78,664.98,665.057,665.07,665.243,665.138,665.312,665.025,665.143,-837,-782,-839,-826,-818,-788,-867,-868,-852,-806,-804,-839,-750,-844,-899,-765,-823,-862,-832,-841,-800,-780,-814,-821,-843,-832,-803,-818,-827,-765,-807,-759,-860,-825,-770,TRUE
231709,"2026-03-19T21:06:33Z","2026-03-19T21:06:22Z","2026-03-19T21:03:14Z",6645,-36.85991694,-56.3778871305761,-56.2886014451214,-43.7759555376274,-43.7774283636364,-43.9195188041563,-43.9190859810801,-43.9490671213682,-43.9476169484817,-44.0182408432246,-44.019155655746,-44.1168319500722,-44.1177201905303,-44.242139855294,-44.2425906274225,-44.3253800959793,-44.3251781333778,-44.382268543738,-44.3825104589266,-44.4371999748964,-44.4370734347286,-44.4809539918199,-44.4811738605568,-44.5105380376894,-44.5098689459443,-50.0019120352483,-49.9345153916174,-44.5936640012794,-44.5501960649828,-40.5346524800719,-40.519115637615,-38.9579590875495,-38.9514672263444,-38.3753500361219,-38.377029753848,-39.004185488482,-39.0051364003117,-40.4137690751917,-40.4177768856294,-41.7959728316607,-41.7980948868805,-42.7480167797781,-42.749834845365,-43.3406277969935,-43.3409461700518,-43.6725817207578,-43.6727828995707,-43.8308445318999,-43.830799619621,-43.9004640158121,-43.9008906297722,-47.9070777290776,-47.908360563312,-45.6065406513772,-45.6069985460894,-44.2989421247048,-44.3031140047899,-43.0970501102434,-43.1017632656556,-41.102769153892,-41.1014010148951,-39.7229008478462,-39.7247185620685,-39.0009212390426,-39.0011614869365,-38.5052997928347,-38.5047405156342,-38.1916017263053,-38.1913801962446,-38.1213149554259,-38.1197647121202,653.003,670.06,673.863,669.786,669.905,670.922,672.501,673.437,677.209,671.922,677.304,678.654,674.336,665.602,665.707,665.744,665.835,665.841,665.162,665.892,667.148,665.827,668.36,667.191,667.735,665.144,665.382,665.577,665.662,665.68,665.855,665.757,665.925,665.641,665.763,-833,-785,-840,-834,-820,-796,-864,-869,-847,-796,-807,-842,-754,-843,-901,-778,-836,-855,-842,-845,-804,-778,-811,-828,-839,-830,-803,-821,-823,-767,-797,-763,-861,-820,-776,TRUE
231709,"2026-03-20T09:06:27Z","2026-03-20T09:06:17Z","2026-03-20T09:03:14Z",6636,-36.85424301,-49.671638124157,-49.5526392609362,-43.775551051173,-43.7760143913213,-43.9184032327023,-43.9177415414208,-43.9447243693503,-43.9431618356776,-44.0143374118565,-44.0150053943967,-44.1137900716101,-44.1145283383438,-44.2426600667749,-44.243032516933,-44.3255750619781,-44.3253674130574,-44.3825285552733,-44.3826796665901,-44.4370867403467,-44.4369404556914,-44.4808500545344,-44.4810828122477,-44.5103277614346,-44.5097817509613,-50.9631707170843,-50.9070853671316,-45.2482209269344,-45.2018261555475,-40.756557608134,-40.7395410753661,-39.0638648056373,-39.0571117621696,-38.4473934101671,-38.4488924437662,-39.0269787076717,-39.0278688752419,-40.4135467518211,-40.4175683740246,-41.7866333482975,-41.7887042298111,-42.7378819764495,-42.7397077158176,-43.3326662268418,-43.3329646429496,-43.667296573453,-43.6674854769024,-43.8277992547544,-43.8276136871876,-43.8989645835001,-43.8993674261684,-48.7618558952385,-48.7622529180637,-46.3076903733763,-46.3081189119437,-44.8827574107403,-44.8871241100173,-43.6064536332552,-43.6108782878006,-41.3772232192301,-41.3763207216741,-39.8699405560712,-39.8717778647301,-39.1134095932304,-39.1135330631838,-38.6005473550033,-38.5999920699309,-38.2706366990393,-38.2702572982705,-38.1844902354724,-38.1829143229763,661.426,670.592,674.472,670.328,670.447,671.469,673.058,673.997,677.868,672.466,677.871,679.218,681.613,666.098,666.219,666.26,666.353,666.361,665.711,666.407,667.676,666.343,668.908,667.72,668.281,666.752,665.868,666.073,666.162,666.184,666.362,666.264,666.438,666.153,666.27,-838,-786,-847,-830,-827,-795,-867,-869,-848,-804,-806,-838,-749,-849,-892,-762,-832,-849,-841,-841,-805,-781,-809,-828,-830,-838,-808,-820,-826,-773,-807,-761,-866,-827,-778,TRUE
231709,"2026-03-20T21:06:26Z","2026-03-20T21:06:16Z","2026-03-20T21:03:14Z",6645,-36.84576262,-50.6096924927401,-50.5227433733355,-43.7739803100781,-43.7736113147671,-43.919474344736,-43.9188125465754,-43.9464034916641,-43.9447221821472,-44.0148472834368,-44.0152431489815,-44.1135099850497,-44.1138600305168,-44.2428772324165,-44.243100123646,-44.3256771192592,-44.3253323994683,-44.3825716576734,-44.382586258738,-44.4371239694698,-44.4369844543983,-44.4808507766898,-44.4810447287072,-44.5102441824472,-44.5096015659327,-49.2783026889026,-49.2451374366382,-45.6463864560149,-45.6053522438813,-41.0250261999391,-41.006084604556,-39.1807198379136,-39.1736133109319,-38.5214845297284,-38.5228555363166,-39.0506760209269,-39.0515562935784,-40.4135467518211,-40.417498869965,-41.7773193948069,-41.7793865378256,-42.7276254913731,-42.7294789159749,-43.3245519137504,-43.3247245906599,-43.6618271442744,-43.662056321195,-43.8244918596959,-43.8244145175601,-43.8973472541597,-43.8977591993553,-48.3522729961134,-48.3534324201474,-46.6432854862758,-46.6437309202076,-45.4127027173159,-45.4168532362936,-44.1276601761615,-44.13293928707,-41.7274445333242,-41.7258042234419,-40.06911799779,-40.0712514685951,-39.2479374831994,-39.2482412685159,-38.7064523756133,-38.7059431479674,-38.353347679846,-38.3530972099952,-38.2507853269383,-38.24919899034,661.909,672.59,676.241,672.326,672.449,673.488,675.086,676.025,679.754,674.477,679.927,681.259,682.023,668.079,668.182,668.232,668.32,668.331,667.668,668.379,669.664,668.311,670.916,669.707,670.286,669.038,667.847,668.035,668.119,668.144,668.321,668.225,668.397,668.111,668.232,-839,-784,-841,-831,-827,-790,-865,-876,-837,-797,-809,-835,-758,-841,-901,-769,-830,-858,-833,-841,-811,-785,-815,-826,-833,-832,-802,-821,-834,-767,-813,-761,-856,-822,-769,TRUE
231709,"2026-03-21T09:06:32Z","2026-03-21T09:06:22Z","2026-03-21T09:03:14Z",6654,-36.84051576,-44.0192891463576,-43.9286261288816,-43.7701619329999,-43.7703791439072,-43.9281267350507,-43.9276212911074,-43.9555778406949,-43.9538666641981,-44.0171493956745,-44.0174883556416,-44.114287522126,-44.1146194761064,-44.2420398867085,-44.2422378770645,-44.3255580648584,-44.3253001193129,-44.3822545547005,-44.3824958251335,-44.4372439268897,-44.4370740459021,-44.4808084864105,-44.4810227372962,-44.5103135984091,-44.5096091848585,-49.3921224495749,-49.3633917936798,-45.7136136501773,-45.6769270240611,-41.2976772088704,-41.2776597395311,-39.3049268446314,-39.2972263420615,-38.5945431194236,-38.5957061540127,-39.0747114176676,-39.0754103774318,-40.4138038131297,-40.4177143322384,-41.7682274718256,-41.7702977449687,-42.7174739080784,-42.7191750543803,-43.3163441828311,-43.3166353534114,-43.6562915887077,-43.6565479250405,-43.8211450007022,-43.8210974248386,-43.8956382117842,-43.8960201789276,-48.3115730527266,-48.3117079307165,-46.6679344083781,-46.6682567319565,-45.5341459352796,-45.5376997375951,-44.3870989099891,-44.3913416220777,-42.0302577979592,-42.0291758412359,-40.2731055196294,-40.2753398619655,-39.3899898691838,-39.3902589823858,-38.8121318616531,-38.8114665899968,-38.43446802434,-38.4341014429168,-38.3149753038835,-38.3132613733747,674.125,675.875,679.044,675.599,675.723,676.782,678.388,679.33,682.717,677.763,683.256,684.583,685.745,671.295,671.395,671.45,671.545,671.554,670.846,671.602,672.898,671.537,674.184,672.954,673.55,672.817,671.069,671.272,671.354,671.374,671.555,671.461,671.636,671.351,671.476,-837,-785,-850,-823,-823,-790,-864,-865,-851,-796,-809,-833,-747,-841,-892,-761,-830,-856,-825,-842,-801,-780,-812,-821,-825,-833,-802,-828,-826,-768,-810,-760,-859,-822,-773,TRUE
231709,"2026-03-21T21:06:28Z","2026-03-21T21:06:22Z","2026-03-21T21:03:14Z",6645,-36.81098692,-42.2648206897668,-42.1816914737416,-43.7706250053968,-43.7714722758064,-43.9213894821813,-43.9208972798248,-43.950257203484,-43.9486547609522,-44.0163745473508,-44.0170648462759,-44.1162155764634,-44.1167413448796,-44.2435078097817,-44.243861395014,-44.3250565720483,-44.3248587862259,-44.3823087395998,-44.3824658777765,-44.4371045579335,-44.4369661887427,-44.4807190083726,-44.4809393954153,-44.5103051684409,-44.5096316617808,-46.4864873725397,-46.5022290497017,-45.6402064758755,-45.6117936856279,-41.5532671676736,-41.5325048591366,-39.4442004557575,-39.435993758129,-38.6713999102479,-38.6723799464127,-39.099698721721,-39.1003245245049,-40.4144707768987,-40.4184163158484,-41.7592153799638,-41.761261701643,-42.7072472639958,-42.7090560870857,-43.3081023893319,-43.3083931710159,-43.6506636203416,-43.6509208705093,-43.8177521216144,-43.8176427620835,-43.8937981594241,-43.8941961202386,-47.3054866490508,-47.3058131330245,-46.5062804652621,-46.5066516550943,-45.6372766344042,-45.6403613527797,-44.5918026165569,-44.5965161181282,-42.3125929154862,-42.3108673116838,-40.4979289530981,-40.5003730362282,-39.5537398295262,-39.5541138705311,-38.933447897321,-38.9327869420407,-38.5219529004964,-38.5215573591326,-38.382948284236,-38.3812458220433,669.63,679.473,682.124,679.218,679.339,680.411,682.032,682.982,685.969,681.397,686.942,688.263,690.316,674.896,674.967,675.026,675.125,675.137,674.377,675.184,676.493,675.113,677.803,676.546,677.158,676.349,674.648,674.835,674.907,674.928,675.113,675.025,675.198,674.92,675.044,-840,-781,-839,-836,-822,-792,-865,-868,-846,-805,-811,-839,-751,-845,-899,-764,-829,-853,-836,-848,-810,-782,-808,-829,-836,-837,-796,-816,-830,-769,-805,-761,-862,-830,-773,TRUE
231709,"2026-03-22T09:06:18Z","2026-03-22T09:06:14Z","2026-03-22T09:03:14Z",6654,-36.83185234,-44.0801469659842,-44.0248316836761,-43.7423876462664,-43.7434004173817,-43.908223559687,-43.9075429513846,-43.9448281477824,-43.943607231229,-44.0216536006806,-44.0229020267389,-44.119621589057,-44.1207838296764,-44.2431404639852,-44.2435442383962,-44.3243948281047,-44.3240282293562,-44.3820570513904,-44.3820334185683,-44.4370574554437,-44.4368828914434,-44.48088942815,-44.4810304758382,-44.5104751871329,-44.5098671261965,-46.7523234131038,-46.7304693016146,-45.1422722028808,-45.1229325058041,-41.7608701851814,-41.740678407462,-39.5874370600838,-39.578635374454,-38.7497175345076,-38.7504657046801,-39.1256292680488,-39.126175567925,-40.416249303811,-40.4201677571585,-41.7512049099075,-41.7532480177242,-42.6977723916105,-42.6995688376206,-43.3004601170536,-43.3007642305,-43.6455605963743,-43.6457727076213,-43.8147193430733,-43.8146197850911,-43.8923444167291,-43.8927642974117,-46.511609060146,-46.5114989410166,-45.8864588752196,-45.8867145626917,-45.2704032480786,-45.2724796162887,-44.4975238038754,-44.5007887655361,-42.4869231673078,-42.4857104569046,-40.6888760043193,-40.6913295901829,-39.7126708130133,-39.7130770375128,-39.0538640152761,-39.0530060924217,-38.6097516787109,-38.6092547680308,-38.4505425005243,-38.4488148148123,667.617,677.142,680.504,676.879,677.003,678.073,679.697,680.642,684.294,679.048,684.593,685.897,681.61,672.532,672.588,672.647,672.741,672.757,672.115,672.803,674.117,672.735,675.441,674.17,674.799,673.318,672.264,672.461,672.522,672.54,672.718,672.618,672.795,672.515,672.637,-835,-789,-845,-838,-827,-792,-862,-866,-854,-803,-804,-835,-744,-848,-898,-764,-831,-857,-838,-845,-798,-779,-815,-823,-835,-831,-803,-824,-823,-766,-806,-754,-867,-826,-776,TRUE
231709,"2026-03-22T21:06:22Z","2026-03-22T21:06:14Z","2026-03-22T21:03:14Z",6654,-36.82703255,-51.547906941878,-51.4564610162384,-43.7256855743498,-43.7252686709797,-43.9106426143817,-43.9098507734024,-43.9410947187901,-43.9394225045525,-44.0145833008008,-44.0150196196738,-44.1102176178801,-44.1107742050896,-44.2402534589917,-44.240573013035,-44.3251272748111,-44.324845119748,-44.3822749179081,-44.382374641559,-44.4370947558076,-44.4369334623765,-44.4809089076957,-44.4810306056083,-44.5104026637306,-44.5097433613838,-46.953591998349,-46.9233223901771,-44.9768838464651,-44.9566640790721,-41.9060063557206,-41.8868122748736,-39.7349772018502,-39.7257959734227,-38.8328667743624,-38.8334879599833,-39.1530080960639,-39.1534832414467,-40.418854454586,-40.422697509599,-41.7437355621252,-41.7457349870751,-42.6885694593106,-42.6903801746152,-43.2929291310622,-43.293134367005,-43.6405294245404,-43.6406963780834,-43.8117322805788,-43.8116751949542,-43.8909823227827,-43.891384749639,-46.5742427564155,-46.5748941972898,-45.7374146195351,-45.7377413389138,-45.1206306461794,-45.1228643940726,-44.3864886349457,-44.3900155990413,-42.5925950145609,-42.5910443208424,-40.8675329094226,-40.869994763065,-39.8763188928662,-39.8768296154012,-39.1847558903966,-39.1840006949861,-38.7042186561974,-38.7037140439376,-38.5226001814333,-38.5208047936356,655.508,672.915,677.415,672.648,672.778,673.841,675.455,676.394,680.978,674.792,680.33,681.619,674.234,668.293,668.35,668.402,668.502,668.514,668.033,668.563,669.885,668.497,671.213,669.935,670.574,669.033,668.019,668.225,668.287,668.301,668.48,668.382,668.559,668.274,668.4,-836,-787,-835,-833,-820,-793,-865,-866,-851,-791,-810,-840,-756,-846,-899,-771,-829,-856,-841,-841,-806,-783,-810,-833,-832,-839,-801,-817,-828,-766,-801,-759,-854,-828,-771,TRUE
231709,"2026-03-23T09:06:23Z","2026-03-23T09:06:13Z","2026-03-23T09:03:14Z",6654,-36.81916226,-50.273798360192,-50.1790371713319,-43.7299463305784,-43.729965596792,-43.9104747624914,-43.9098264560475,-43.9406549884517,-43.9390356305014,-44.0130102834655,-44.0135378953734,-44.1097343317311,-44.1101936618334,-44.2403984538781,-44.2407313244811,-44.3254640446143,-44.3252069363785,-44.3822584585368,-44.3823255071143,-44.4370652712923,-44.4369370779212,-44.4808524538908,-44.4809873866359,-44.5102643165162,-44.5096256591286,-48.7759060599729,-48.7247869035687,-45.0852906340729,-45.0597961432763,-41.9994799199863,-41.9815087211306,-39.8744704471264,-39.8649055272926,-38.9175075854997,-38.917773474274,-39.1805704935824,-39.1809033139165,-40.421584508172,-40.4254078180503,-41.7362787671576,-41.7383362354186,-42.6793651088372,-42.6811367438581,-43.2853708388725,-43.2856423295027,-43.635340210702,-43.6355605421877,-43.8087581852086,-43.8086454028373,-43.8895547137256,-43.8899659433529,-47.1827491631865,-47.1830029808763,-45.8561312661544,-45.8563768509334,-45.0921343122893,-45.094512213876,-44.3405404777756,-44.3434393408062,-42.6307534997662,-42.6296178912057,-40.9931186571346,-40.9954481829336,-40.0200174430137,-40.0204155514459,-39.3091861087596,-39.3082870061102,-38.7982802047526,-38.7976533991553,-38.5942753090115,-38.592534805165,655.124,670.012,675.246,669.736,669.866,670.934,672.55,673.481,678.706,671.877,677.409,678.693,667.671,665.366,665.437,665.489,665.586,665.605,665.236,665.649,666.975,665.591,668.323,667.036,667.683,666.255,665.088,665.317,665.384,665.392,665.573,665.479,665.656,665.372,665.496,-839,-787,-843,-827,-823,-796,-866,-860,-842,-803,-807,-826,-754,-845,-893,-764,-828,-859,-840,-848,-798,-777,-810,-817,-833,-838,-800,-819,-826,-769,-806,-760,-861,-825,-768,TRUE
231709,"2026-03-23T21:06:22Z","2026-03-23T21:06:13Z","2026-03-23T21:03:14Z",6645,-36.80818046,-52.4242154844311,-52.3319125419777,-43.731809770443,-43.7306296110312,-43.9169991794097,-43.9163179682681,-43.9456933492765,-43.9439778454286,-44.0136408063117,-44.0138631769141,-44.1076453976988,-44.1079040444597,-44.2392986601053,-44.2394499140241,-44.3250966682371,-44.3248632327706,-44.3824027462979,-44.3824629877294,-44.4371481669001,-44.436982046779,-44.480859626849,-44.4810533417975,-44.5103308838616,-44.5096288365279,-48.9515513423255,-48.9078299447764,-45.4712584974824,-45.4410871880844,-42.0935533382997,-42.0759107343333,-40.0070828497389,-39.997354292397,-39.0055582358965,-39.0056086338905,-39.2088435303422,-39.2090561225017,-40.4244186059404,-40.4281735726691,-41.7287463860371,-41.730712658677,-42.6699325118768,-42.671831848367,-43.2775607508517,-43.277904907317,-43.6300060557281,-43.6302469552859,-43.8053974274632,-43.8054322327436,-43.8878847653055,-43.8883247980918,-47.6786530677256,-47.6795712016205,-46.2511578883999,-46.2514715983756,-45.377150397449,-45.3801722088745,-44.4988202198825,-44.5025734823677,-42.717393653189,-42.7158608691793,-41.116189063066,-41.1185721362499,-40.1578113156873,-40.1583066763442,-39.4371572917219,-39.4363157661605,-38.8971546966828,-38.896515586793,-38.6701925364422,-38.6682549984486,654.173,670.03,675.415,669.753,669.889,670.966,672.584,673.519,678.86,671.892,677.448,678.711,667.517,665.348,665.439,665.483,665.582,665.605,665.278,665.654,666.987,665.6,668.36,667.06,667.719,666.979,665.084,665.322,665.399,665.408,665.592,665.492,665.664,665.385,665.51,-830,-787,-840,-832,-830,-792,-872,-875,-855,-799,-806,-838,-751,-842,-898,-767,-832,-865,-836,-852,-806,-784,-814,-827,-834,-832,-791,-820,-830,-768,-804,-761,-862,-829,-771,TRUE
231709,"2026-03-24T09:06:29Z","2026-03-24T09:06:21Z","2026-03-24T09:03:14Z",6654,-36.80750935,-51.2391390558166,-51.1596847647673,-43.7302063779546,-43.7297513459678,-43.921729662133,-43.9211853155292,-43.9494421944975,-43.9477566668344,-44.0123624761956,-44.0126954751146,-44.1069920695407,-44.1072897241127,-44.2384346589108,-44.2386648001711,-44.3254836909969,-44.3253062598376,-44.3822876140292,-44.3825033065624,-44.4371766749427,-44.4371483001725,-44.4807770400171,-44.4810491842657,-44.5102399744454,-44.5095272751264,-50.1152146230598,-50.0638731909491,-45.8234511106082,-45.7901241121008,-42.2089482011616,-42.1912083162032,-40.1273872469216,-40.1175313388789,-39.0930765517048,-39.0929546464122,-39.2374626962906,-39.2376694935503,-40.4275512101165,-40.4312518602172,-41.721409635347,-41.723420446247,-42.66075197504,-42.6625321758917,-43.2697827092175,-43.2700872286474,-43.6246517532577,-43.6249197963086,-43.8021675323881,-43.8021469166142,-43.8862147751028,-43.8866639965602,-48.2152867446239,-48.2158843898743,-46.5774871516315,-46.5777410144212,-45.6112475412678,-45.6143596395127,-44.6905675310223,-44.6939732504771,-42.8252650395671,-42.824142670434,-41.2239456873728,-41.2262081588644,-40.2793143301118,-40.2797637329324,-39.5551150180242,-39.5541761371418,-38.9938879660872,-38.9932319510203,-38.745666097394,-38.7437116925459,655.541,670.349,675.837,670.053,670.193,671.276,672.906,673.835,679.269,672.195,677.772,679.019,666.27,665.596,665.699,665.75,665.846,665.869,665.579,665.92,667.261,665.865,668.653,667.336,668.008,667.994,665.324,665.576,665.652,665.663,665.844,665.743,665.923,665.64,665.769,-832,-788,-843,-831,-822,-793,-861,-867,-846,-803,-811,-833,-756,-839,-893,-766,-835,-855,-830,-842,-802,-779,-813,-826,-831,-833,-797,-820,-830,-769,-803,-755,-857,-832,-775,TRUE
231709,"2026-03-24T21:06:19Z","2026-03-24T21:06:12Z","2026-03-24T21:03:14Z",6584,-36.79786977,-53.2290756698914,-53.1344893671057,-43.7410494558253,-43.7409857049912,-43.9191933051924,-43.9185965800469,-43.9492324678786,-43.9474965664566,-44.0147061714438,-44.0150740536579,-44.1117585963037,-44.1121281877252,-44.2412493200577,-44.2414986600248,-44.3251877814734,-44.324919553207,-44.3821257126407,-44.3822764903679,-44.4370764200393,-44.4369245512996,-44.4807453613618,-44.4809136408403,-44.5101626572581,-44.5095016238306,-49.6564910489657,-49.6196010521159,-46.1970673241475,-46.1630280584222,-42.3564418162314,-42.337986522137,-40.2448089365623,-40.2348894006595,-39.1817423010478,-39.1814208741729,-39.2671035732089,-39.2671201446144,-40.4308641962621,-40.4344689219997,-41.714099040793,-41.7161137050468,-42.6513764933845,-42.653150981852,-43.2619112496691,-43.2622157013581,-43.6191590288302,-43.6194476728151,-43.7988260954716,-43.7987698088637,-43.8843941107171,-43.8848592993232,-48.4409251716838,-48.4418378399589,-46.93704341796,-46.9372620775497,-45.9577402165251,-45.9610813333082,-44.9626111162774,-44.9667570424939,-42.9916612153882,-42.9900684886212,-41.3545399491136,-41.3567629924807,-40.4034240628672,-40.4038599432774,-39.6734171063804,-39.6724661726888,-39.0920492692672,-39.0913177193279,-38.8239758236179,-38.8219977146135,654.779,672.142,677.352,671.866,672.005,673.1,674.742,675.673,680.888,674.023,679.639,680.867,669.455,667.366,667.487,667.538,667.641,667.662,667.362,667.711,669.068,667.665,670.481,669.145,669.835,671.027,667.108,667.366,667.439,667.457,667.636,667.535,667.715,667.436,667.56,-842,-785,-842,-826,-831,-788,-864,-868,-854,-802,-805,-834,-750,-843,-896,-773,-835,-860,-839,-852,-808,-786,-809,-827,-835,-836,-808,-815,-827,-769,-805,-749,-859,-820,-773,TRUE
231709,"2026-03-25T09:06:20Z","2026-03-25T09:06:11Z","2026-03-25T09:03:14Z",6645,-36.77883465,-51.31823583619,-51.21455023467,-43.7322485423924,-43.731850160584,-43.9299405699923,-43.9294345611414,-43.9621871865278,-43.9604851104499,-44.0210992154752,-44.0213391908549,-44.1153223251259,-44.1154685381539,-44.2402240590928,-44.2404227823565,-44.3245048083914,-44.32442582793,-44.3818999736607,-44.3821538217563,-44.4371249819457,-44.4370862193759,-44.4807760036269,-44.4809582919661,-44.510305169119,-44.509693274811,-50.6562200130329,-50.6047959033692,-46.4312352151493,-46.3969957132437,-42.5228332955427,-42.5037779675341,-40.3594464541263,-40.3494011745443,-39.268374303525,-39.2678025872152,-39.2968252954787,-39.2967159773902,-40.4341005722989,-40.4377135695852,-41.7066586038331,-41.7086431435266,-42.6418460211145,-42.6436815530261,-43.2538010302191,-43.2541184334117,-43.6134489939811,-43.6136531571643,-43.7952092909039,-43.7951503535953,-43.8824227598068,-43.8828976166485,-48.7763660936724,-48.7769055275064,-47.1434971082966,-47.1437305139611,-46.1445754734349,-46.1476767342333,-45.1671891761806,-45.170863879551,-43.1535576042059,-43.152418044919,-41.4806221259589,-41.4829349716833,-40.520387611848,-40.5208316777381,-39.7818833110233,-39.7809852746196,-39.1857272434329,-39.1849826519226,-38.9003580360517,-38.8984128173313,659.296,676.626,681.097,676.336,676.474,677.587,679.248,680.183,684.734,678.506,684.176,685.383,671.202,671.743,671.885,671.944,672.046,672.069,671.682,672.12,673.489,672.072,674.931,673.569,674.277,675.93,671.531,671.757,671.839,671.852,672.031,671.936,672.113,671.833,671.964,-840,-789,-836,-829,-829,-793,-864,-872,-847,-807,-807,-835,-752,-844,-891,-760,-835,-860,-830,-846,-805,-783,-818,-826,-828,-832,-795,-829,-827,-766,-804,-758,-857,-821,-774,TRUE
231709,"2026-03-25T21:06:29Z","2026-03-25T21:06:19Z","2026-03-25T21:03:14Z",6654,-36.76956113,-57.267919765202,-57.1722259773466,-43.7214243609777,-43.7207873172695,-43.9351212939326,-43.9348897095017,-43.9671020950344,-43.9653592574177,-44.0251613009909,-44.0255587503379,-44.1179235236741,-44.1181903197276,-44.2393094237111,-44.2395805611065,-44.3239841187288,-44.3238889791415,-44.3818683133791,-44.3823101393324,-44.4366780550948,-44.4366800201453,-44.480843761348,-44.4811303561231,-44.510632634646,-44.5099054857282,-51.1024120696161,-51.0468760456751,-46.7999122741762,-46.763417287431,-42.7020768274626,-42.6823387441263,-40.4788660871168,-40.4687167516815,-39.3557345797088,-39.3550561053465,-39.3278006686798,-39.3275950372216,-40.4378228426678,-40.4414859922517,-41.6994274664081,-41.701409105532,-42.6324675605767,-42.634230644902,-43.2457624257206,-43.2461126792912,-43.6077647436014,-43.6080683839202,-43.7916119463795,-43.7916027033195,-43.8805037476497,-43.8809293371846,-49.2774780775118,-49.2786493109745,-47.5325625570984,-47.5327981269477,-46.479168991912,-46.4826727332914,-45.4296120552051,-45.433984393263,-43.3461086798275,-43.3444272539658,-41.6304310789394,-41.6328121531957,-40.6475561811654,-40.6480601414429,-39.8957475100964,-39.8948063722426,-39.281211805968,-39.2804166924574,-38.9789342097849,-38.9769144004599,655.087,680.538,684.528,680.234,680.373,681.504,683.178,684.115,688.155,682.413,688.14,689.327,672.635,675.534,675.719,675.786,675.89,675.909,675.462,675.965,677.354,675.923,678.828,677.437,678.163,680.82,675.486,675.599,675.685,675.698,675.88,675.788,675.964,675.686,675.815,-841,-789,-841,-828,-827,-791,-862,-870,-857,-803,-810,-830,-752,-845,-898,-775,-837,-862,-848,-842,-807,-787,-812,-824,-834,-832,-800,-823,-826,-769,-813,-763,-857,-828,-780,TRUE
231709,"2026-03-26T09:06:27Z","2026-03-26T09:06:18Z","2026-03-26T09:03:14Z",6654,-36.76419225,-52.2664629689759,-52.1782847974165,-43.7379412342695,-43.7369569617181,-43.9158178801743,-43.9148690570558,-43.9499991156779,-43.9482065368523,-44.0209624009925,-44.0212076594787,-44.1156996528483,-44.1160867606369,-44.2421463862681,-44.2423554556713,-44.323849688041,-44.3235459496905,-44.3820141334368,-44.3819902141687,-44.4371280661899,-44.4369413648323,-44.4808012101975,-44.4809166910745,-44.5103110007525,-44.5096268012241,-52.4675675491801,-52.4074693167791,-47.2544199496224,-47.2134212320462,-42.8860695830492,-42.8658279363014,-40.598689707572,-40.588284589547,-39.4416136450807,-39.4408062643694,-39.3598496457286,-39.3594988735149,-40.4425377874819,-40.4461611827252,-41.6930299024741,-41.6950293382126,-42.6236217491071,-42.6254124501643,-43.2381852468129,-43.2384761817432,-43.6024611847018,-43.6027131204649,-43.7883289526881,-43.7883167031545,-43.8788204731007,-43.8793272064628,-50.0739113881819,-50.0746783719609,-48.0154088099453,-48.0156234824405,-46.8230046299021,-46.8266195229236,-45.7076106581995,-45.7117057615558,-43.5292428140014,-43.52793176041,-41.771532873152,-41.7739467018424,-40.771291925803,-40.7717557843888,-40.0044966550794,-40.0033902390938,-39.3737577720743,-39.3729015131573,-39.0558680641746,-39.053808856536,662.154,680.179,684.277,679.93,680.067,681.197,682.88,683.826,688.064,682.116,687.859,689.026,670.926,675.103,675.392,675.454,675.559,675.584,675.195,675.637,677.031,675.602,678.523,677.124,677.864,682.254,675.487,675.256,675.348,675.366,675.547,675.458,675.633,675.356,675.483,-834,-792,-850,-835,-824,-798,-862,-868,-843,-810,-811,-835,-748,-844,-903,-767,-834,-865,-830,-838,-805,-783,-820,-826,-832,-833,-802,-821,-822,-762,-811,-757,-865,-833,-776,TRUE
231709,"2026-03-26T21:06:25Z","2026-03-26T21:06:14Z","2026-03-26T21:03:14Z",6645,-36.77907869,-49.6179503304897,-49.525605243025,-43.7365890129553,-43.7356626193574,-43.9272315863546,-43.9265955345232,-43.9576032104872,-43.955853294819,-44.0192388849702,-44.0194799910234,-44.111106028714,-44.1113418290161,-44.2392118974705,-44.239442382743,-44.3250368603231,-44.324851022202,-44.3823218744645,-44.3825438215667,-44.4369513068189,-44.4368330362868,-44.4807168060892,-44.4808595474963,-44.5102192052512,-44.5095012449311,-51.3240337873066,-51.2954664165868,-47.6877035027696,-47.6473704587429,-43.0905186650099,-43.06937058216,-40.7232239043384,-40.7124885021211,-39.5287460927821,-39.5277118320638,-39.3931404338797,-39.3927593343074,-40.4480160144166,-40.4515374649887,-41.6870522937729,-41.6889475134097,-42.6149749471012,-42.6168466699619,-43.2306864395047,-43.2309776247526,-43.5970783190209,-43.5973837014881,-43.7850457956549,-43.7850109013877,-43.8770651065242,-43.8775419298455,-50.1713808356921,-50.1722546964882,-48.4536150639791,-48.4538666563505,-47.2813382224477,-47.2852412225259,-46.0900521539388,-46.0949351553951,-43.7693845910097,-43.7677345158532,-41.9386364368738,-41.9412451923873,-40.9066076600899,-40.9071919105501,-40.1209447673565,-40.1198459458676,-39.4694571130655,-39.4685932151476,-39.1351801481317,-39.1330103757554,667.115,679.404,683.96,679.12,679.266,680.399,682.076,683.013,687.551,681.295,687.051,688.197,675.584,674.195,674.541,674.611,674.714,674.742,674.423,674.795,676.191,674.768,677.709,676.291,677.045,684.441,675.416,674.4,674.498,674.523,674.705,674.615,674.793,674.516,674.646,-833,-779,-842,-831,-828,-793,-865,-869,-849,-799,-806,-834,-745,-845,-896,-760,-835,-856,-838,-839,-803,-784,-814,-826,-832,-835,-804,-825,-828,-775,-806,-758,-860,-829,-768,TRUE
231709,"2026-03-27T09:06:19Z","2026-03-27T09:06:09Z","2026-03-27T09:03:14Z",6645,-36.7669377,-47.2042919793826,-47.1350148441527,-43.7264899867058,-43.7271230263214,-43.9358165663312,-43.9357157009489,-43.9713600021582,-43.9696959904622,-44.0290711288172,-44.0294747187482,-44.1220339196512,-44.1224379773409,-44.2412505890143,-44.241560876093,-44.3240077872144,-44.324139412481,-44.381664433681,-44.3820541188648,-44.4361718639619,-44.4362200945939,-44.4808045376652,-44.4810978094653,-44.5105236485646,-44.5098427598384,-50.8296324726014,-50.8046940664691,-47.7241022918694,-47.6896982268167,-43.3096358245918,-43.2875623416776,-40.8500497331699,-40.8389515086365,-39.6149347038046,-39.6137230384373,-39.4264574178681,-39.4259537116886,-40.4532784411155,-40.456725660965,-41.6807483029077,-41.6826817198456,-42.6060864578668,-42.6078856642111,-43.222796857642,-43.2231607133508,-43.5914452202648,-43.591797526898,-43.7814282358202,-43.7814103358448,-43.875060788177,-43.8755538733803,-49.8376277547282,-49.8378952796827,-48.4407155977047,-48.4407977145295,-47.414501114956,-47.4177769147936,-46.3313085956865,-46.3355039688117,-44.006120023603,-44.0046718626025,-42.1086935956791,-42.111363109957,-41.0436889877996,-41.044212914374,-40.2365947948659,-40.2353910377335,-39.5642836632028,-39.5632859020878,-39.2130176355658,-39.2108723224217,673.681,683.109,687.043,682.801,682.945,684.098,685.793,686.735,690.673,684.992,690.794,691.916,681.021,677.886,678.168,678.244,678.345,678.374,677.989,678.436,679.851,678.412,681.39,679.95,680.718,688.457,679.913,678.015,678.125,678.15,678.336,678.245,678.423,678.146,678.274,-838,-792,-838,-825,-828,-789,-862,-864,-851,-799,-809,-832,-746,-845,-897,-764,-832,-858,-842,-843,-802,-784,-808,-824,-830,-835,-794,-824,-829,-772,-810,-761,-868,-827,-777,TRUE
231709,"2026-03-27T21:06:20Z","2026-03-27T21:06:11Z","2026-03-27T21:03:14Z",6654,-36.75510176,-45.188191695436,-45.099487830131,-43.7545001342498,-43.7540389456021,-43.9265979767032,-43.9260267851507,-43.9616221349084,-43.9599270356583,-44.0234598178393,-44.0237886747302,-44.1197485902093,-44.1199912449846,-44.2443226304068,-44.2445401668374,-44.3244590297722,-44.3241994822832,-44.3820072648065,-44.382189910951,-44.4367427572204,-44.4366580063969,-44.4804656644902,-44.4806672486812,-44.5100435473264,-44.5094115437425,-49.436770476326,-49.4301466705788,-47.6197679686938,-47.5909412951089,-43.5184007021847,-43.4959927274108,-40.9847456151538,-40.9732938184357,-39.703303322865,-39.7019728021426,-39.4605307114228,-39.4599193120844,-40.4586999726258,-40.4621563755175,-41.674477526791,-41.6763948469217,-42.5970162881748,-42.5988498400284,-43.2147410578823,-43.2151840771139,-43.5856604317801,-43.585941384375,-43.7776793955955,-43.7776589933032,-43.8729647045251,-43.8734349585999,-49.3520772244709,-49.352646689535,-48.322945379043,-48.3231411220959,-47.4595858568393,-47.4625862901288,-46.4668188400481,-46.4711642419016,-44.2291867490986,-44.2273939879856,-42.2978640632681,-42.3006400056431,-41.1943090881288,-41.1949647648063,-40.3609094500051,-40.3595987241486,-39.6627732527782,-39.661807621693,-39.29335827939,-39.2911449217975,680.366,688.824,691.596,688.578,688.724,689.893,691.611,692.563,695.505,690.798,696.669,697.766,691.207,684.3,683.887,683.964,684.071,684.1,683.584,684.163,685.596,684.144,687.165,685.695,686.485,695.574,686.408,683.716,683.842,683.864,684.048,683.961,684.14,683.866,683.997,-832,-781,-836,-828,-814,-789,-857,-862,-850,-806,-808,-831,-751,-849,-896,-764,-830,-862,-841,-843,-806,-781,-809,-823,-833,-832,-810,-815,-827,-762,-806,-760,-855,-826,-773,TRUE
231709,"2026-03-28T09:06:11Z","2026-03-28T09:06:08Z","2026-03-28T09:03:14Z",6654,-36.78993847,-43.49955290354,-43.4015378002945,-43.7561833108814,-43.7568901886915,-43.9150240373884,-43.9143036019374,-43.9536579765767,-43.9522081086049,-44.0256783996231,-44.0265778806686,-44.1227007019235,-44.1236420699103,-44.2450400593967,-44.2454120360226,-44.3243703689308,-44.3240393156006,-44.3820047000699,-44.3821234274142,-44.4367341598797,-44.4365356284204,-44.4803928025036,-44.4806061008386,-44.5100108420613,-44.5094387142045,-48.5004293358063,-48.498587842329,-47.288620935807,-47.2667338569545,-43.6819830517922,-43.6601388758294,-41.1199045091121,-41.108053267798,-39.7916647142475,-39.790046466343,-39.4954295513703,-39.4947750201261,-40.4650717850895,-40.468503045574,-41.6688440791258,-41.6707455560598,-42.588485856205,-42.590347029761,-43.2072262227452,-43.2075967308308,-43.5802630210551,-43.5804922642799,-43.7742646195731,-43.774188976168,-43.8710716223234,-43.8715318019168,-48.6227648323847,-48.6225405816583,-47.9466124762113,-47.9469173071491,-47.2599359849179,-47.2622130022493,-46.4359526989821,-46.439277587105,-44.3703459652412,-44.3689489050424,-42.4597669591448,-42.4626699474233,-41.340134324275,-41.3406668479304,-40.4819347265886,-40.4806754362043,-39.7593118667652,-39.7583170954819,-39.3723757923786,-39.3701293859693,684.274,690.169,692.862,689.924,690.067,691.241,692.964,693.915,696.768,692.143,698.041,699.112,695.072,687.181,685.153,685.239,685.341,685.368,684.86,685.431,686.873,685.424,688.465,686.969,687.78,697.05,688.094,684.949,685.087,685.114,685.287,685.201,685.383,685.11,685.235,-840,-783,-842,-832,-830,-795,-859,-868,-847,-808,-806,-839,-757,-841,-897,-768,-831,-858,-837,-840,-803,-777,-807,-829,-827,-834,-800,-817,-829,-765,-805,-764,-860,-829,-778,TRUE
231709,"2026-03-28T21:06:19Z","2026-03-28T21:06:08Z","2026-03-28T21:03:14Z",6645,-36.77932273,-46.9225943657903,-46.8316035265568,-43.7481321846065,-43.7494608145301,-43.9124556621115,-43.9116185360472,-43.9570423652202,-43.9558622891464,-44.0312782825684,-44.0326385906521,-44.1261712472069,-44.1274007527496,-44.2434278715325,-44.2438445096859,-44.3236701297743,-44.3232838989604,-44.3815763090021,-44.3815526795653,-44.4369534117258,-44.4367332410647,-44.4805524889013,-44.4806546841373,-44.510321678486,-44.5096681897162,-47.4752705061429,-47.472993644795,-46.8878318121014,-46.8713951870703,-43.7992237973528,-43.7782655726625,-41.2568941177893,-41.244796476609,-39.8831964166206,-39.8815116866558,-39.5315768402208,-39.5307526691961,-40.4722339101826,-40.4755292846596,-41.6637938489866,-41.6656118050074,-42.5803417211347,-42.582150316673,-43.1999088003991,-43.2002532610277,-43.5749046102368,-43.5752464775831,-43.7708889952717,-43.7708890177674,-43.86932915311,-43.8698248008163,-47.8523871466838,-47.8522826701312,-47.4954537034684,-47.4955903380708,-47.0016051837398,-47.0036334874227,-46.3112608251322,-46.3148640531564,-44.460959670803,-44.4592245356325,-42.607302743547,-42.6099620644899,-41.4828842603699,-41.4836315403479,-40.6031631101669,-40.6019687005197,-39.8567555223526,-39.8557167792733,-39.4527929426078,-39.4504850472554,675.435,687.822,691.148,687.571,687.718,688.889,690.613,691.565,694.965,689.782,695.683,696.732,692.19,685.938,682.803,682.879,682.989,683.017,682.637,683.083,684.532,683.089,686.133,684.639,685.45,694.728,685.914,682.581,682.729,682.757,682.937,682.851,683.036,682.755,682.891,-831,-782,-844,-827,-818,-781,-861,-873,-850,-804,-808,-839,-751,-847,-894,-765,-829,-855,-835,-840,-804,-787,-817,-834,-824,-832,-797,-818,-832,-764,-805,-758,-860,-826,-773,TRUE
231709,"2026-03-29T09:06:25Z","2026-03-29T09:06:13Z","2026-03-29T09:03:14Z",6654,-36.7846306,-46.2493849164489,-46.1492472626877,-43.7268482945131,-43.7281203723992,-43.9125514789576,-43.9117533955583,-43.9529640648006,-43.9517376853647,-44.0261430528938,-44.0274330292127,-44.1201481640187,-44.1214540448257,-44.2415140298531,-44.2418528965099,-44.3242122389457,-44.3238517476855,-44.3817341076176,-44.3817883464855,-44.436726130431,-44.4365778627055,-44.4805777836093,-44.4806800952583,-44.5103382068322,-44.5096592518102,-48.479899464739,-48.4570108691512,-46.6005653646115,-46.5839016108573,-43.8594651209583,-43.8400633648867,-41.3856945310959,-41.373406191077,-39.9751383767872,-39.9731418062144,-39.5685312759152,-39.5675029150647,-40.4801305049763,-40.4833944621742,-41.659245530778,-41.6611567346444,-42.5725974064572,-42.574460275811,-43.1929144738761,-43.1932530063014,-43.5699797406423,-43.5702237969107,-43.7678212876338,-43.767850815523,-43.8678748769981,-43.8683139703353,-47.9775240499867,-47.9779849873884,-47.2017739861766,-47.2021093176548,-46.6811643758428,-46.6829624647421,-46.0868067456016,-46.0892701646419,-44.456126857252,-44.4549490107528,-42.7077986842328,-42.710570630139,-41.6058343706301,-41.6064354173282,-40.7151443906103,-40.7138986086193,-39.9512362083319,-39.9501219438309,-39.5315876161945,-39.5292671909719,672.039,682.2,686.964,681.924,682.072,683.234,684.949,685.895,690.409,684.107,689.981,691.006,682.933,680.379,677.139,677.211,677.32,677.343,677.175,677.413,678.854,677.432,680.461,678.962,679.775,686.029,680.228,676.894,677.051,677.08,677.259,677.172,677.357,677.079,677.206,-835,-784,-841,-828,-820,-793,-867,-863,-847,-793,-810,-826,-752,-840,-893,-765,-823,-859,-835,-834,-806,-778,-815,-826,-831,-828,-797,-816,-841,-770,-812,-758,-856,-834,-767,TRUE
231709,"2026-03-29T21:06:17Z","2026-03-29T21:06:12Z","2026-03-29T21:03:14Z",6515,-36.7449741,-44.8496301166885,-44.7565125186418,-43.7088345461953,-43.7090682037827,-43.933467469728,-43.933386067836,-43.9739622925683,-43.9722545397471,-44.032544311113,-44.0328470204421,-44.1235467139761,-44.123794819044,-44.2415976706131,-44.241855875345,-44.3236263463829,-44.323659964272,-44.3810777091318,-44.3815452563446,-44.4366070092497,-44.4366095575639,-44.4807280927166,-44.4810279171878,-44.5102777880645,-44.509603998344,-47.9412329366529,-47.9230765366011,-46.5387012037236,-46.521543162997,-43.8909299438552,-43.8726007653267,-41.5065303919894,-41.494270025269,-40.0683992020808,-40.0662188537086,-39.6057609981705,-39.6047693926667,-40.4880883049111,-40.4913139424175,-41.6545746282958,-41.6564024518854,-42.5646181649648,-42.5664150646431,-43.1856350469893,-43.1858681442346,-43.5645810213539,-43.564904852313,-43.7644125559844,-43.764393381384,-43.8659423438483,-43.8664302896403,-47.7838991612155,-47.7845420508856,-47.1560129709329,-47.1563862098404,-46.6476436954161,-46.6498230423668,-46.0178747670893,-46.0212672774679,-44.4610894062035,-44.4595164816427,-42.8061962202206,-42.8088006264678,-41.7294042945337,-41.7301102821449,-40.8378166536818,-40.8364974720242,-40.0534631587028,-40.0523843768513,-39.6152344162812,-39.6129797041254,674.836,682.704,687.515,682.391,682.545,683.728,685.451,686.384,690.751,684.585,690.482,691.486,683.852,680.56,677.628,677.693,677.805,677.841,677.678,677.904,679.355,677.941,680.993,679.475,680.308,686.754,680.929,677.402,677.562,677.606,677.789,677.697,677.884,677.609,677.744,-842,-792,-840,-832,-823,-797,-864,-866,-850,-805,-814,-837,-759,-843,-904,-768,-831,-859,-837,-841,-800,-783,-817,-826,-834,-840,-794,-821,-831,-767,-808,-760,-862,-831,-777,TRUE
231709,"2026-03-30T09:06:17Z","2026-03-30T09:06:06Z","2026-03-30T09:03:14Z",6645,-36.73509048,-43.9602035251477,-43.8754937931153,-43.712561749945,-43.7135142467495,-43.920801592222,-43.9204985127562,-43.9599119822809,-43.9582832292979,-44.0233688705457,-44.0239173334408,-44.1178531438085,-44.1183840149433,-44.2416354794057,-44.2419637412861,-44.3238519223097,-44.3237680300077,-44.3815471070073,-44.3818402163858,-44.4367010555003,-44.4366095629645,-44.4805718250988,-44.4807992025778,-44.5101867422801,-44.5095605034859,-47.796937429338,-47.7947122169626,-46.4698331195329,-46.452561806513,-43.915451159614,-43.8981766244323,-41.6147046887617,-41.6025192053731,-40.1604562455487,-40.1582245941382,-39.643088869126,-39.641936093519,-40.4959754920828,-40.4991766732355,-41.6496724704518,-41.6514915267708,-42.5563236909512,-42.5581081064148,-43.1779183240779,-43.1782309072095,-43.5588727496549,-43.559177785883,-43.7606758588979,-43.7606672701421,-43.8638394220346,-43.8643045444582,-47.7279799443696,-47.7278845384623,-47.061002641661,-47.061319388692,-46.5308107159192,-46.5327849683445,-45.9377664202553,-45.9403636723509,-44.4524420199703,-44.4513480271509,-42.8750230669903,-42.8774262597831,-41.8372419322112,-41.8378723989769,-40.9552887605351,-40.9538865761903,-40.1554078236097,-40.1541691618597,-39.6987990686094,-39.6963200187736,680.144,686.862,690.833,686.589,686.738,687.932,689.675,690.614,694.162,688.796,694.746,695.72,691.127,683.904,681.737,681.803,681.917,681.953,681.71,682.025,683.502,682.074,685.154,683.621,684.48,691.276,685.172,681.486,681.664,681.706,681.884,681.795,681.987,681.712,681.846,-838,-784,-844,-825,-820,-794,-861,-865,-848,-797,-807,-838,-743,-840,-896,-772,-834,-855,-841,-844,-807,-782,-811,-821,-836,-835,-805,-823,-826,-765,-801,-758,-858,-826,-779,TRUE
231709,"2026-03-30T21:06:09Z","2026-03-30T21:06:05Z","2026-03-30T21:03:14Z",6645,-36.70604972,-42.5643758728085,-42.4695144298615,-43.6933068630991,-43.6932001377412,-43.9261676802181,-43.9258640930885,-43.9658408424361,-43.9641845734275,-44.0251721664106,-44.0254308905177,-44.116612714959,-44.1169134121131,-44.2400416375188,-44.2403056952458,-44.3235647620857,-44.323523224688,-44.3817693200894,-44.3820684937544,-44.4367798958855,-44.4367483153076,-44.4806109432749,-44.4808842939146,-44.5102366352105,-44.5095347588425,-46.5236096684222,-46.5288542831844,-46.2774631803593,-46.264673002689,-43.9426907199025,-43.9259283082616,-41.7132938008014,-41.7012707309691,-40.2524191113205,-40.2499266376602,-39.6813967038468,-39.6801543408428,-40.5044994885486,-40.5076556766499,-41.6450414995145,-41.6468654835929,-42.5482085497008,-42.5500272515319,-43.1703792150916,-43.1706787853358,-43.5532560544653,-43.5536146151338,-43.7569979551131,-43.7569736945324,-43.8616971249824,-43.8622245190155,-46.9902424526246,-46.9902972613478,-46.7623670429941,-46.7626952235138,-46.4022527225643,-46.4040041501028,-45.8769078475443,-45.8797176248172,-44.4682958333622,-44.4668342023053,-42.9474242849161,-42.9496876483806,-41.9390831978586,-41.9397054857232,-41.0682228024007,-41.0667696816207,-40.2570659171548,-40.2558637402226,-39.7842823661022,-39.7817697316098,680.758,690.559,693.91,690.276,690.433,691.642,693.399,694.339,697.189,692.504,698.501,699.451,696.822,686.76,685.39,685.459,685.572,685.603,685.281,685.675,687.16,685.727,688.846,687.286,688.15,696.26,689.034,685.135,685.316,685.366,685.535,685.449,685.631,685.359,685.493,-834,-784,-839,-827,-829,-796,-862,-868,-844,-801,-811,-838,-752,-844,-900,-768,-831,-854,-835,-845,-808,-779,-808,-826,-831,-834,-797,-817,-828,-776,-809,-763,-865,-830,-776,TRUE
231709,"2026-03-31T09:06:11Z","2026-03-31T09:06:05Z","2026-03-31T09:03:14Z",6654,-36.71642142,-41.4999974248948,-41.4088377403368,-43.7118339863754,-43.7131732140435,-43.9123634463212,-43.9118775579587,-43.9534720530935,-43.9519179262842,-44.0212974276175,-44.0220950344264,-44.1190769039704,-44.119859187876,-44.2430154156507,-44.2433687282024,-44.3242200554976,-44.3239901983394,-44.3817581593984,-44.3819348868561,-44.4367611123054,-44.4366418607902,-44.4804051197759,-44.4806124570701,-44.5100076524631,-44.5093338692936,-45.5407213724584,-45.5468970791453,-45.8695172464828,-45.8630225378936,-43.9562082428453,-43.9403624594243,-41.8006089211701,-41.788821712532,-40.3410093732663,-40.3384355162897,-39.7203578976987,-39.7189630382362,-40.5136045027174,-40.5167020869698,-41.6409670094118,-41.6427961466992,-42.5404600219571,-42.5422795561057,-43.1630376272713,-43.1633574501124,-43.5477178039158,-43.5481167318675,-43.7534444196171,-43.7534109014384,-43.8597251025406,-43.8602098413593,-46.0341990864567,-46.0334408165225,-46.2035534036873,-46.203562952097,-46.0233568673599,-46.0242909952858,-45.6654026929685,-45.6672332901848,-44.4354230983926,-44.43428790578,-42.996774312072,-42.9989583163002,-42.0244983575703,-42.0250280247791,-41.1673011432776,-41.1658858799169,-40.352838410061,-40.3515537805259,-39.8673587227433,-39.8648467864719,683.163,691.994,695.07,691.742,691.897,693.11,694.882,695.832,698.381,693.977,700.008,700.936,698.998,687.57,686.816,686.887,686.994,687.032,686.712,687.105,688.599,687.174,690.31,688.728,689.617,697.934,690.519,686.553,686.747,686.797,686.968,686.876,687.062,686.788,686.921,-841,-791,-847,-827,-820,-791,-865,-875,-851,-804,-810,-840,-749,-849,-895,-764,-835,-854,-841,-845,-809,-780,-810,-831,-835,-833,-806,-820,-825,-769,-803,-749,-868,-826,-777,TRUE
231709,"2026-03-31T21:06:21Z","2026-03-31T21:06:12Z","2026-03-31T21:03:14Z",6654,-36.7217903,-48.9619840315373,-48.8709309884683,-43.705868441222,-43.706200629387,-43.9077947717005,-43.9069891988841,-43.9497275011928,-43.9480510837388,-44.0222577170938,-44.0228745710455,-44.1183270516046,-44.1189700398957,-44.2422079648427,-44.2424496471906,-44.3242702443494,-44.3239729298758,-44.3818353099027,-44.3818632782179,-44.436933535497,-44.436727671176,-44.4804690354766,-44.4806236568801,-44.5100181625881,-44.5093283282214,-46.1585477685568,-46.1357624076084,-45.5036080878957,-45.4977653572265,-43.9432858885951,-43.9285392501385,-41.8811834263878,-41.8695904952598,-40.4278374639695,-40.4251810164986,-39.7605908223826,-39.7590869550001,-40.5235744570154,-40.5266762467876,-41.6375170386369,-41.6392224911949,-42.5331317460596,-42.534865150566,-43.1559597818712,-43.1563464319343,-43.5425540423355,-43.5428880469827,-43.7500480567924,-43.7500575091058,-43.857857851361,-43.858358639095,-46.0066299829476,-46.0070161879512,-45.8256141937218,-45.8257221946629,-45.6713477945998,-45.6722491435825,-45.3915812642495,-45.3933969564662,-44.3730868636246,-44.3716317055824,-43.0394614545492,-43.0414716006986,-42.104060859043,-42.1046186669736,-41.261805806425,-41.2604530747841,-40.4456879691071,-40.4443661500553,-39.9503778928711,-39.9477959135848,669.166,690.247,693.861,689.999,690.151,691.368,693.139,694.085,696.979,692.228,698.267,699.173,689.797,685.65,685.051,685.117,685.227,685.258,685.039,685.336,686.826,685.415,688.557,686.959,687.855,693.298,688.526,684.762,684.958,685.012,685.182,685.09,685.27,684.993,685.129,-833,-787,-843,-832,-820,-797,-868,-870,-845,-802,-803,-834,-756,-849,-903,-772,-828,-856,-846,-845,-807,-782,-809,-823,-844,-838,-796,-819,-833,-768,-801,-753,-863,-825,-778,TRUE
231709,"2026-04-01T09:06:22Z","2026-04-01T09:06:12Z","2026-04-01T09:03:14Z",6645,-36.72191232,-49.2877951135581,-49.1956003120909,-43.6891294159992,-43.6888810491688,-43.9083743394258,-43.907425949603,-43.9493869748326,-43.9477644937218,-44.0230645389245,-44.023712895257,-44.1155444810136,-44.1163625643299,-44.2398852579451,-44.240119777005,-44.3238806568304,-44.3235342712845,-44.3817053734934,-44.3816948680544,-44.4370055448141,-44.4367200589722,-44.4806185809905,-44.480759526724,-44.5103123952184,-44.5096648663734,-47.9924234495339,-47.9511793770506,-45.5706218673159,-45.5571145579019,-43.8960155515581,-43.8826725199543,-41.9505264129709,-41.9390793943895,-40.5106576601839,-40.5078880010351,-39.801522250046,-39.7998395955589,-40.5345058775482,-40.5374805356292,-41.6346645372348,-41.6364571652065,-42.526183752758,-42.5279647056213,-43.1493376295072,-43.1496789427226,-43.5375609166193,-43.5378760038809,-43.7468810198596,-43.7468938991233,-43.856265732659,-43.8567494250645,-46.8422632971655,-46.8431398178836,-45.9957562072812,-45.9961144341357,-45.5955749586315,-45.5971164601963,-45.2217513519734,-45.2234324689201,-44.2614476955866,-44.2602967656216,-43.045103547693,-43.0469097021075,-42.163627625752,-42.1641124817125,-41.3417948043821,-41.3405241214109,-40.5310561884802,-40.5297678608915,-40.0295643958091,-40.0269815145256,666.038,684.909,689.84,684.648,684.808,686.01,687.771,688.711,692.617,686.86,692.86,693.759,680.744,680.783,679.699,679.758,679.861,679.897,679.887,679.973,681.471,680.076,683.199,681.602,682.5,684.564,682.884,679.402,679.6,679.657,679.821,679.727,679.908,679.633,679.767,-840,-785,-849,-828,-821,-794,-870,-864,-850,-808,-806,-837,-744,-845,-897,-765,-833,-859,-836,-846,-804,-783,-812,-827,-835,-839,-798,-816,-836,-772,-806,-757,-859,-828,-777,TRUE
231709,"2026-04-01T21:06:20Z","2026-04-01T21:06:10Z","2026-04-01T21:03:14Z",6645,-36.74753652,-44.2164663403292,-44.1298769848443,-43.7003829833393,-43.7016666973721,-43.9102200293639,-43.9089535252407,-43.9580891538359,-43.9570862849649,-44.0334366539985,-44.0350326878653,-44.1197915436343,-44.1211115832053,-44.2365689649851,-44.2370037998817,-44.3215257760503,-44.3210734589079,-44.3805822152173,-44.380429668328,-44.4371450616858,-44.4369016278903,-44.4808843737153,-44.4809266666854,-44.5114897049039,-44.5108803000416,-47.5731041998249,-47.5590857506236,-45.8713463596946,-45.8532622609862,-43.8578410623377,-43.8448594951484,-42.0095305408541,-41.9985323953436,-40.5907027612824,-40.5879983382647,-39.8435513103884,-39.8418387629182,-40.5463565686009,-40.5493154651893,-41.6325929851742,-41.6342828556326,-42.5198569556802,-42.5216118389976,-43.1429860518159,-43.1433948255713,-43.5328897901082,-43.5332582648963,-43.7440417038051,-43.7440314548677,-43.8548111711617,-43.855388758513,-47.2136986364708,-47.2145681032808,-46.3626606556533,-46.3632353794072,-45.8321266443261,-45.8344416922957,-45.296907891376,-45.2996852447056,-44.2147822237465,-44.2133782269757,-43.0484116561159,-43.0500927589927,-42.2135981817879,-42.2140400107672,-41.4169131813833,-41.4156738665359,-40.6136260281063,-40.6123672548675,-40.1080151698765,-40.1054307763099,668.917,675.486,682.431,675.236,675.397,676.581,678.331,679.253,684.923,677.415,683.358,684.249,678.402,672.543,670.331,670.378,670.481,670.519,670.839,670.592,672.069,670.719,673.799,672.205,673.114,676.379,673.552,670.029,670.218,670.268,670.43,670.336,670.517,670.237,670.371,-837,-783,-847,-824,-823,-794,-868,-868,-844,-805,-815,-842,-751,-846,-890,-772,-832,-859,-839,-850,-805,-782,-821,-827,-835,-840,-797,-828,-833,-767,-804,-753,-859,-820,-778,TRUE
231709,"2026-04-02T09:06:09Z","2026-04-02T09:06:02Z","2026-04-02T09:03:14Z",6645,-36.73258907,-30.6637949822366,-30.5753442330212,-43.6816706920754,-43.6812942749347,-43.9236373058196,-43.9232041656548,-43.9610805965986,-43.9594173694907,-44.022761589762,-44.0231451129742,-44.1104106183311,-44.1107548173059,-44.2368952911699,-44.2371842791858,-44.324553922852,-44.3244596951638,-44.3818527889571,-44.3821138006552,-44.4367067946442,-44.4366660786821,-44.4808637194519,-44.4810905309862,-44.510295147691,-44.5096346185215,-44.2964360341175,-44.354783154897,-45.7805622147917,-45.769845458379,-43.8534860309086,-43.8404827125867,-42.0567042160084,-42.0461131023904,-40.6655647818552,-40.6628383893669,-39.8855791416716,-39.8837030631478,-40.5583569106094,-40.5613001224221,-41.6304806009283,-41.6322375673344,-42.5133756310067,-42.5151378988268,-43.1365610354318,-43.1368650278213,-43.5280998890094,-43.5283112599098,-43.741005532646,-43.7409265124537,-43.8531993226269,-43.8537925565891,-45.887184987804,-45.8858486197194,-46.1379833399918,-46.1384543416918,-45.8294060130528,-45.8309452620299,-45.3645150158199,-45.3666969037171,-44.2242662468943,-44.2227006844506,-43.0601046306155,-43.0616896367531,-42.2547576364477,-42.2551451512006,-41.4842429061975,-41.4826692272616,-40.6931901516976,-40.6919088375554,-40.1846445918498,-40.1822954316673,663.537,669.964,678.324,669.65,669.816,670.996,672.737,673.648,680.195,671.804,677.714,678.599,686.56,669.057,664.774,664.819,664.916,664.965,665.47,665.043,666.518,665.19,668.242,666.664,667.569,677.909,668.49,664.508,664.691,664.74,664.916,664.811,664.989,664.715,664.85,-831,-791,-837,-826,-828,-783,-861,-864,-849,-801,-797,-832,-750,-845,-890,-759,-822,-847,-831,-844,-802,-782,-812,-817,-823,-836,-797,-822,-825,-772,-803,-759,-866,-825,-774,TRUE
231709,"2026-04-02T21:06:09Z","2026-04-02T21:06:02Z","2026-04-02T21:03:14Z",6654,-36.68439117,-32.614176947418,-32.528337099735,-43.6709351035254,-43.6700643713904,-43.931707001305,-43.9314488425705,-43.9751877760047,-43.9734894358571,-44.0330086251226,-44.033218070997,-44.121298057813,-44.1215260064536,-44.2398457937269,-44.240051942354,-44.3233441204888,-44.3233258501992,-44.3814251506481,-44.3818278294276,-44.4367200173206,-44.4367482488815,-44.4808881651835,-44.4811359453126,-44.5104757680514,-44.5097364706468,-40.9030923734561,-40.9626476236727,-44.8607534922404,-44.8693206523693,-43.8681086333926,-43.8553416270341,-42.1032926816248,-42.0929933670154,-40.7373120492376,-40.7345613533855,-39.926847630464,-39.9249130005708,-40.5693431955034,-40.5722148688238,-41.6272269629172,-41.6288942746936,-42.5058700474404,-42.5076531919642,-43.1290632401132,-43.1294933463414,-43.5222501996626,-43.5225677840295,-43.7368936905232,-43.7369435878616,-43.8507945816804,-43.8513850977907,-43.0828671752048,-43.0813151460082,-44.7368194599574,-44.7366340285006,-45.106113762223,-45.1057629232194,-45.073275929929,-45.0746717857679,-44.2363325672043,-44.2350288765589,-43.0983101238243,-43.0998929178106,-42.3058044477868,-42.3060138849576,-41.5576249504932,-41.5562385283953,-40.7738955125932,-40.7726113278849,-40.2616652151379,-40.2589851968393,670.122,676.755,683.551,676.443,676.61,677.821,679.589,680.499,685.425,678.634,684.618,685.491,680.716,678.147,671.5,671.554,671.659,671.7,672.006,671.788,673.287,671.939,675.043,673.432,674.354,683.505,675.726,671.233,671.436,671.478,671.653,671.546,671.727,671.458,671.592,-833,-783,-842,-827,-822,-795,-859,-875,-846,-799,-811,-832,-751,-836,-896,-755,-830,-853,-836,-845,-805,-781,-811,-823,-832,-839,-801,-812,-827,-767,-812,-760,-869,-821,-776,TRUE
231709,"2026-04-03T09:06:10Z","2026-04-03T09:06:01Z","2026-04-03T09:03:14Z",6654,-36.68384208,-37.8410240333407,-37.7520383177115,-43.6870759062561,-43.6872436407965,-43.9262107190387,-43.9260179200482,-43.9724817915866,-43.9708501901928,-44.0324550737506,-44.0328116241823,-44.1246714450232,-44.1250959912081,-44.2426707505304,-44.2429480831291,-44.3233485066462,-44.3233180993909,-44.3813896857556,-44.3818249800859,-44.4367493142276,-44.4367511020234,-44.4806307952109,-44.4809369088498,-44.5104676226731,-44.5097600950259,-40.3215899299387,-40.3604252944537,-43.7880534223631,-43.8050454666349,-43.8165385764401,-43.8055759896162,-42.1467991355423,-42.1366631235859,-40.8041432118275,-40.801406037968,-39.9681443762834,-39.966052955366,-40.5807079740669,-40.5834875238625,-41.6241905132546,-41.625802227801,-42.4983568152232,-42.500147464641,-43.1216174900288,-43.1219353052087,-43.5163933976667,-43.5166987775073,-43.7328930866198,-43.7329014599239,-43.8483766482076,-43.8488990436398,-41.8226268734071,-41.8207651372657,-43.4092728932076,-43.4088872897676,-44.021452075705,-44.0198543204452,-44.3534804438568,-44.3530003136358,-44.0751494822486,-44.074139766933,-43.1102387147417,-43.111506984108,-42.3524363308206,-42.3526065140748,-41.6222846977578,-41.6208968028022,-40.8486650172582,-40.847343003974,-40.3350579034921,-40.3323604385114,677.491,684.323,689.374,684.047,684.219,685.455,687.248,688.167,691.405,686.276,692.343,693.203,683.506,686.125,679.018,679.075,679.181,679.22,679.314,679.306,680.829,679.468,682.626,680.978,681.928,687.989,682.927,678.74,678.944,678.995,679.158,679.062,679.241,678.963,679.096,-842,-784,-839,-836,-826,-791,-870,-867,-856,-799,-806,-845,-754,-848,-899,-767,-836,-861,-841,-850,-813,-785,-810,-824,-829,-824,-799,-814,-835,-773,-805,-758,-862,-834,-778,TRUE
231709,"2026-04-03T21:06:09Z","2026-04-03T21:06:00Z","2026-04-03T21:03:14Z",6654,-36.66187848,-39.8943631663037,-39.8099309343654,-43.686557383297,-43.6859466907965,-43.9190329300546,-43.9185201639732,-43.9633557994215,-43.9617022361643,-44.0270209085777,-44.0274109830148,-44.120431662146,-44.1208780033331,-44.2432015301568,-44.2434972324354,-44.3234433793392,-44.3232742297837,-44.3820155180914,-44.3821851914256,-44.4367786666588,-44.4366483732819,-44.4806616621664,-44.4808761028709,-44.5104094807763,-44.5096923498172,-41.1502778883128,-41.1620288988524,-43.137687862855,-43.1526657233936,-43.6717716765095,-43.6635159621206,-42.186140548673,-42.1763424616361,-40.8687516842004,-40.8660124912274,-40.0098478227679,-40.007726366574,-40.5926725349932,-40.5953810448342,-41.6215071575015,-41.6231109862502,-42.4911772018815,-42.4929217970697,-43.1142502819393,-43.1146877298732,-43.5106808569036,-43.5109674258918,-43.7289971822393,-43.7290752955875,-43.845991391904,-43.846484865449,-41.828200623308,-41.8272731776407,-42.7823275408215,-42.7820321573626,-43.3119876857181,-43.310641822795,-43.6989787108513,-43.6983569824532,-43.7903310898192,-43.7890958989935,-43.0696217673411,-43.0706792028924,-42.3862988015698,-42.3864892976524,-41.6816641320848,-41.6804011709102,-40.91864802364,-40.917265897515,-40.4057220556149,-40.4030481190591,682.136,689.713,693.595,689.483,689.65,690.897,692.71,693.643,695.7,691.722,697.852,698.709,684.771,690.969,684.38,684.432,684.536,684.578,684.537,684.663,686.206,684.838,688.039,686.368,687.332,689.576,687.657,684.076,684.274,684.341,684.497,684.404,684.586,684.31,684.447,-837,-789,-847,-830,-827,-782,-863,-867,-854,-799,-807,-834,-748,-843,-896,-774,-834,-862,-840,-843,-808,-783,-811,-830,-835,-837,-798,-811,-830,-766,-801,-758,-863,-824,-782,TRUE
231709,"2026-04-04T09:06:11Z","2026-04-04T09:06:00Z","2026-04-04T09:03:14Z",6645,-36.66218353,-38.3523611961403,-38.3145925480574,-43.686817537318,-43.6869722335924,-43.9076931038736,-43.9069984410206,-43.9540119896836,-43.9523941697831,-44.025639511389,-44.026289635997,-44.1205713398778,-44.1212120297644,-44.2434079601924,-44.2436497924041,-44.3240691158508,-44.3237772326668,-44.3821063036917,-44.3821081791877,-44.4369900082754,-44.4368300080403,-44.4806584849978,-44.4808131974847,-44.5102770499039,-44.5096133164106,-41.1993352737638,-41.21418774962,-42.8694248981055,-42.8807399073413,-43.4731730134511,-43.4673980452336,-42.2092857310442,-42.2000198030096,-40.9297762104835,-40.9271218834778,-40.0521670673729,-40.0498758715033,-40.6057624831461,-40.6084558746356,-41.619829144411,-41.6214458845303,-42.4847663302877,-42.4864580875157,-43.1076038194294,-43.1079760112503,-43.5054483033772,-43.5058476005534,-43.7255405212084,-43.7255830718318,-43.8440254569811,-43.8446071108152,-41.7871666331176,-41.7857358840052,-42.5668235459945,-42.5664986932023,-42.950151707621,-42.9490935175761,-43.2685169538167,-43.2676363545978,-43.4682827796914,-43.4674145125288,-42.9634118058742,-42.9640260986289,-42.3855138669304,-42.3855911960055,-41.7232968740759,-41.7220682032233,-40.9799342390424,-40.9785632613486,-40.4710930466206,-40.4684414930599,680.869,688.106,692.42,687.87,688.041,689.29,691.104,692.042,694.401,690.121,696.25,697.117,684.929,689.452,682.781,682.823,682.925,682.969,683.022,683.06,684.601,683.244,686.445,684.758,685.742,687.832,685.646,682.444,682.661,682.742,682.899,682.799,682.981,682.705,682.838,-836,-782,-839,-830,-821,-789,-864,-868,-849,-798,-805,-842,-752,-843,-904,-765,-829,-860,-831,-841,-806,-780,-809,-823,-828,-834,-802,-815,-830,-767,-807,-754,-861,-832,-774,TRUE
231709,"2026-04-04T21:06:11Z","2026-04-04T21:06:04Z","2026-04-04T21:03:14Z",6654,-36.66663726,-50.522006787326,-50.4303744548947,-43.6879368731407,-43.6889307415316,-43.9060522639599,-43.9052473229666,-43.9554633601403,-43.9540324381798,-44.0295340923484,-44.0305187107261,-44.122676660176,-44.1236279749083,-44.2420848507072,-44.2424690866774,-44.3235579873257,-44.323139011725,-44.3818122185097,-44.381795099771,-44.4371582645687,-44.4369055414271,-44.4808581816292,-44.480953770504,-44.5105410833074,-44.509945576421,-41.9009362064442,-41.8892039248975,-42.6784746004481,-42.6872969970477,-43.2790157862936,-43.2747265312867,-42.2134966091667,-42.2049303306045,-40.9874496370507,-40.9848293375369,-40.0946528282716,-40.0922902546353,-40.6196240634343,-40.6222819180216,-41.6186538253756,-41.6202225123774,-42.4786760231414,-42.4804286666935,-43.1012744534827,-43.1015882713174,-43.5005115415474,-43.5008655794339,-43.7222345497166,-43.7222479238484,-43.8422298522705,-43.8427293032432,-41.965357491596,-41.9648477128211,-42.4189523127235,-42.4187392379979,-42.7270225425612,-42.7264240381728,-42.9873241308367,-42.9869626735452,-43.2118405589014,-43.210744149583,-42.8445405610758,-42.8449129407825,-42.3617192723298,-42.3617797437292,-41.7534864380717,-41.7523745568701,-41.0364392471951,-41.0352081049478,-40.5343684382321,-40.5317594149136,674.367,683.791,689.087,683.555,683.728,684.965,686.777,687.708,690.879,685.786,691.902,692.778,672.116,685.26,678.472,678.503,678.6,678.644,678.871,678.741,680.278,678.942,682.133,680.442,681.429,680.992,680.968,678.108,678.342,678.429,678.588,678.489,678.665,678.393,678.527,-838,-785,-837,-831,-826,-789,-863,-872,-852,-802,-810,-832,-756,-847,-902,-768,-829,-864,-834,-845,-807,-785,-817,-828,-836,-836,-803,-822,-833,-769,-800,-758,-867,-824,-778,TRUE
231709,"2026-04-05T09:06:08Z","2026-04-05T09:06:01Z","2026-04-05T09:03:14Z",6654,-36.66804049,-50.5658784841945,-50.5276231934212,-43.6612732337472,-43.6609351151022,-43.9093416669479,-43.9087058167067,-43.9525555325779,-43.9508614420307,-44.0206814012872,-44.021117264839,-44.1131338598965,-44.1136407203636,-44.2402085986824,-44.2404638375996,-44.3249389334115,-44.3247446226947,-44.3822959400766,-44.3824276722862,-44.4371098019279,-44.4369954554413,-44.480801463288,-44.4810016318494,-44.510284173595,-44.5096143987391,-45.6320924061854,-45.5681579830478,-42.9012012652199,-42.8977930351474,-43.1027327880452,-43.0994203404082,-42.1994569010762,-42.1915565638105,-41.0391935968199,-41.0367679533678,-40.1367664921636,-40.1343462719529,-40.6337585888039,-40.6363602903116,-41.6176822999096,-41.6193253555075,-42.4726921827695,-42.4744588642609,-43.0948451152141,-43.095259518346,-43.495482236697,-43.4958634257384,-43.7188956117007,-43.7189977941946,-43.8403424490268,-43.8409234174442,-43.8746285962612,-43.8756545389045,-42.920006513698,-42.9201708605705,-42.7921217616508,-42.7925794573282,-42.845235693771,-42.8451188822887,-42.9894919339303,-42.9886288624487,-42.7163712441271,-42.7165184254727,-42.3162300463835,-42.3161339442747,-41.7652917236681,-41.764301042571,-41.0839268170038,-41.0826732143929,-40.5925634129975,-40.5899404688948,677.767,680.463,686.625,680.194,680.365,681.605,683.409,684.333,688.085,682.411,688.512,689.404,658.139,679.338,675.105,675.137,675.233,675.275,675.631,675.376,676.91,675.597,678.768,677.079,678.069,670.876,676.739,674.72,674.972,675.066,675.224,675.124,675.296,675.024,675.156,-840,-781,-840,-829,-825,-786,-870,-868,-851,-800,-805,-844,-748,-845,-903,-768,-831,-853,-840,-848,-802,-781,-817,-825,-832,-832,-803,-815,-831,-772,-800,-754,-866,-827,-775,TRUE
231709,"2026-04-05T21:06:02Z","2026-04-05T21:05:59Z","2026-04-05T21:03:14Z",6654,-36.65144577,-51.5809701651519,-51.4893065193365,-43.6655934934018,-43.6648206219957,-43.9106371159934,-43.9099811991748,-43.9556960706654,-43.9538402812925,-44.0228374526655,-44.0230824052474,-44.1157683419371,-44.1160153760438,-44.2416624085265,-44.2418073244097,-44.3248108655302,-44.3244132058987,-44.3823591292726,-44.3824191438937,-44.4372240528048,-44.4371559310327,-44.4808091292672,-44.4810096224848,-44.5102110592848,-44.5094843743653,-47.3821526465389,-47.3259726313122,-43.7322950129215,-43.7140670252856,-42.9726996820998,-42.9693085681355,-42.1740865402402,-42.1670074382746,-41.0850394822947,-41.0827352477237,-40.1784741548815,-40.1759819980307,-40.6479929451311,-40.6504970640446,-41.6166699928609,-41.6182446698498,-42.4664600400981,-42.4682474846274,-43.0881700801871,-43.0885854622331,-43.4902155266202,-43.4905515016408,-43.7153203323303,-43.7153608664142,-43.8383304705508,-43.8388099454103,-45.6851369377883,-45.6867653427055,-44.0861787144805,-44.0869470915683,-43.4946765629412,-43.4969622068119,-43.1293828216241,-43.1308839476866,-42.8866778612543,-42.8856178144242,-42.6098869891865,-42.6100021414571,-42.2661605608795,-42.2661069378176,-41.7695925645135,-41.7687057927714,-41.126011312666,-41.1248232721663,-40.648207767498,-40.6455772903081,672.941,680.826,686.8,680.575,680.756,681.998,683.815,684.731,688.235,682.803,688.927,689.833,658.398,677.595,675.479,675.511,675.605,675.648,675.999,675.75,677.293,675.984,679.172,677.469,678.469,670.22,676.735,675.105,675.367,675.448,675.607,675.51,675.679,675.406,675.538,-843,-782,-839,-833,-825,-791,-867,-867,-850,-799,-811,-838,-744,-845,-897,-765,-825,-855,-832,-848,-809,-778,-810,-818,-836,-833,-805,-809,-831,-766,-801,-759,-861,-824,-779,TRUE
231709,"2026-04-06T09:06:02Z","2026-04-06T09:05:58Z","2026-04-06T09:03:14Z",6654,-36.63106843,-46.9983434172935,-46.9746762734907,-43.6664390736817,-43.6663438147259,-43.9095227038443,-43.908879620946,-43.9563346765356,-43.9545880882924,-44.0238939144225,-44.0244075955866,-44.1184278968752,-44.1188708240221,-44.2428893444708,-44.2430994013846,-44.3241468953332,-44.3239042571165,-44.3822679745405,-44.382321389933,-44.4372059670506,-44.4370992057714,-44.480793898831,-44.48098802228,-44.5103467039601,-44.5096331265271,-47.4598745065893,-47.4372548734991,-44.5210987773184,-44.4966767478166,-42.9342244837246,-42.9293840005032,-42.1423408838697,-42.1358886510171,-41.1237820386454,-41.1216695067153,-40.219441931157,-40.2168563363517,-40.6623132245194,-40.6647751945433,-41.6156169019737,-41.6171639629586,-42.4602674054193,-42.4619283384883,-43.081414847229,-43.0818245124675,-43.4848430370099,-43.4851601401946,-43.7115939619907,-43.7116385415108,-43.8360562716655,-43.8366047962496,-46.4526224617807,-46.4533797217111,-44.994300353374,-44.995009030318,-44.2235647357025,-44.2264951600726,-43.6170332518549,-43.6194460412339,-42.9348564020154,-42.9340109146362,-42.5382342865309,-42.5382544721925,-42.2148430175191,-42.2146181191383,-41.7632429407649,-41.7623123423926,-41.1595230789148,-41.1584026750209,-40.6981365817004,-40.6955184623764,679.046,683.143,688.522,682.91,683.092,684.346,686.176,687.099,689.998,685.154,691.308,692.226,666.145,679.603,677.752,677.791,677.883,677.922,678.21,678.025,679.576,678.268,681.472,679.752,680.764,675.186,679.071,677.392,677.643,677.688,677.855,677.749,677.919,677.642,677.774,-840,-782,-837,-828,-817,-796,-863,-864,-842,-807,-815,-838,-751,-840,-898,-770,-832,-861,-842,-844,-805,-779,-812,-826,-835,-835,-798,-820,-832,-771,-805,-767,-867,-831,-770,TRUE
231709,"2026-04-06T21:06:11Z","2026-04-06T21:06:03Z","2026-04-06T21:03:14Z",6654,-36.62667571,-54.6649174587619,-54.5721964477269,-43.6951618806863,-43.6988247733682,-43.9051937314187,-43.9049753675328,-43.9651157076243,-43.9637771054994,-44.0347043013217,-44.0357998766934,-44.1313664031903,-44.1322724762552,-44.2448236378205,-44.2453463358406,-44.3240360349132,-44.3237984455617,-44.381075474443,-44.381303908358,-44.4371566818539,-44.4370701447298,-44.4808053641765,-44.4810581328538,-44.5104811384168,-44.5098590698903,-48.6613660132832,-48.6037526421096,-44.9737317164124,-44.9494398505668,-42.9902087444311,-42.9831710437478,-42.1160017873879,-42.1098535138239,-41.1569585436544,-41.1550267051066,-40.2600970663365,-40.2574736851706,-40.6770303860827,-40.6794434987053,-41.6148967120653,-41.6164094946172,-42.4541745531345,-42.4559030956217,-43.0747847293724,-43.0751887831438,-43.4794700973588,-43.4798012439344,-43.7078673796422,-43.7079356681093,-43.8338278744461,-43.8343864864329,-47.0223026524989,-47.0242934965292,-45.44822511916,-45.4490613121616,-44.7057003454024,-44.7087175893695,-44.0486532922419,-44.0516228090154,-43.1023256088865,-43.1011367873997,-42.5332600094732,-42.5335395443038,-42.1818692829672,-42.1816768160348,-41.7547552877568,-41.7539019966916,-41.1865969461814,-41.1854892356222,-40.7434097049189,-40.7407963252287,664.362,684.736,689.779,684.48,684.663,685.933,687.773,688.696,691.219,686.737,692.922,693.867,658.997,681.439,679.308,679.351,679.444,679.481,679.741,679.591,681.151,679.84,683.075,681.329,682.366,673.476,680.725,679.011,679.246,679.25,679.42,679.319,679.49,679.21,679.345,-832,-789,-841,-830,-824,-800,-865,-872,-855,-805,-807,-828,-750,-853,-904,-771,-829,-863,-839,-847,-805,-793,-815,-821,-840,-831,-797,-825,-828,-775,-797,-761,-862,-829,-775,TRUE
231709,"2026-04-07T09:06:16Z","2026-04-07T09:06:04Z","2026-04-07T09:03:14Z",6654,-36.65864495,-53.3660949790387,-53.2703896336693,-43.6907739649392,-43.691783882488,-43.9098717091759,-43.9092291305699,-43.9598517515515,-43.9582924968433,-44.0283548258948,-44.0290142172719,-44.1221226148787,-44.1228633023645,-44.2427673155236,-44.243146203455,-44.3248988311312,-44.3246192602453,-44.3822105143278,-44.3823681098211,-44.4372897105024,-44.4371366449376,-44.4807236831741,-44.4809240231785,-44.5102128455047,-44.5095437537595,-50.0677833992077,-50.0107430938892,-45.6071448199685,-45.5760908962288,-43.094727277031,-43.0859024179097,-42.1027804841126,-42.0966933238643,-41.1850727172474,-41.1833315659329,-40.30032194163,-40.2976883064694,-40.6923582911776,-40.69470211449,-41.6148083862379,-41.616307538642,-42.4485966941508,-42.4502856732652,-43.0685050007381,-43.0688506980351,-43.4743469487638,-43.4747974474188,-43.7044096038613,-43.7044619869849,-43.8318615794909,-43.8324036867479,-48.2309166715503,-48.2327193571472,-46.2639710408781,-46.265009153148,-45.2868457371079,-45.2904559376474,-44.4633482380586,-44.4666498274393,-43.2845436399232,-43.2836432879202,-42.5676702258227,-42.568207227192,-42.1686785020052,-42.1685192079482,-41.744909065481,-41.7441460210769,-41.2060571791706,-41.2050591446216,-40.7820377346518,-40.7794420626778,665.413,682.591,688.142,682.339,682.523,683.788,685.626,686.549,689.511,684.584,690.77,691.736,658.119,677.278,677.144,677.189,677.283,677.326,677.68,677.437,678.997,677.703,680.928,679.179,680.222,669.969,678.523,676.93,677.135,677.098,677.268,677.169,677.339,677.067,677.198,-844,-783,-833,-829,-826,-795,-864,-873,-851,-798,-804,-839,-749,-840,-892,-766,-827,-862,-845,-846,-808,-772,-810,-824,-828,-833,-802,-819,-827,-775,-806,-760,-871,-819,-778,TRUE
231709,"2026-04-07T21:06:16Z","2026-04-07T21:06:05Z","2026-04-07T21:03:14Z",6645,-36.65541142,-51.5372235766564,-51.4452793672149,-43.6927048605054,-43.6942561009032,-43.9099393869673,-43.9094210042055,-43.9601034724146,-43.958588155729,-44.0281052207441,-44.0288254295434,-44.1225516837191,-44.1232842184923,-44.2431257772982,-44.2435698416667,-44.3250794874034,-44.3247995950643,-44.382268684522,-44.3824327132527,-44.4372445390899,-44.4371047219088,-44.4807469680227,-44.4809344116788,-44.5100602201467,-44.5094825393378,-49.9291880239184,-49.888562305696,-46.2028826266012,-46.1701694619502,-43.2380599704983,-43.2273262059426,-42.1078618180768,-42.1016666568808,-41.2108988702297,-41.2092507066505,-40.3398670289763,-40.3371389355416,-40.7079026667191,-40.7102188110415,-41.6146860887038,-41.6161647999593,-42.4429714241372,-42.4446543203433,-43.0621252554325,-43.0625318548693,-43.4691509465387,-43.4695825488969,-43.7008204099888,-43.7009160215508,-43.8297182516425,-43.8302899441177,-48.7193262371093,-48.721290400042,-46.9472382986235,-46.9485785611004,-45.930907880911,-45.9350602111697,-44.9756078891255,-44.9797044507599,-43.5266776578962,-43.5253992829587,-42.6422640101259,-42.6429830218893,-42.1814451245576,-42.1813136097863,-41.7459134468257,-41.7452119978924,-41.2248457501015,-41.2238895874294,-40.8175812725233,-40.8149269765037,668.562,682.014,687.659,681.758,681.944,683.209,685.058,685.976,689.011,684.005,690.195,691.193,659.83,676.869,676.531,676.574,676.669,676.709,677.098,676.828,678.392,677.107,680.336,678.578,679.628,670.904,678.383,676.426,676.582,676.484,676.659,676.56,676.73,676.456,676.585,-838,-788,-840,-823,-827,-796,-862,-870,-853,-806,-812,-840,-757,-844,-898,-764,-829,-868,-839,-840,-805,-785,-810,-829,-828,-835,-802,-819,-828,-768,-800,-764,-864,-828,-778,TRUE
231709,"2026-04-08T09:06:10Z","2026-04-08T09:06:02Z","2026-04-08T09:03:14Z",6645,-36.65358112,-49.9373369138242,-49.8434650567211,-43.6715226906766,-43.6713356919236,-43.9126737204659,-43.9121289351224,-43.9589495095256,-43.9572631849381,-44.0247624910298,-44.0251720295207,-44.1164777890914,-44.1169764617029,-44.2417106217977,-44.242011959927,-44.325226632107,-44.3249780036663,-44.3825102069567,-44.3827520121716,-44.4371427992496,-44.4370167437313,-44.4807405226502,-44.4809606687783,-44.5101880280273,-44.5094555454359,-49.910443115029,-49.876675616758,-46.5677322978583,-46.5365140670148,-43.4177602771614,-43.4052030763912,-42.1301967750207,-42.1237246839017,-41.2355627465091,-41.2341162487747,-40.3783235607578,-40.3755141508999,-40.7236356981891,-40.7259449990839,-41.6149374777839,-41.6163823063756,-42.4374326834943,-42.4391496691881,-43.0557249729288,-43.0561593128051,-43.4639742818018,-43.4643211287694,-43.6972244570878,-43.6972846500642,-43.8276469577386,-43.8281041457982,-48.8961065012928,-48.8976472419608,-47.3184155311043,-47.3195689565244,-46.3499043219993,-46.353889364982,-45.3985176945748,-45.4025022666482,-43.7934754384401,-43.7924436380065,-42.7455127851762,-42.7464085184948,-42.2151794549648,-42.2152365542061,-41.7581952847239,-41.7574387063838,-41.2452096706473,-41.2442389736289,-40.8506257623262,-40.848181451971,671.422,682.035,687.664,681.771,681.959,683.23,685.08,685.996,688.997,684.013,690.224,691.243,660.022,676.89,676.495,676.543,676.633,676.668,677.077,676.797,678.36,677.079,680.326,678.549,679.611,671.609,678.915,676.498,676.601,676.43,676.605,676.506,676.68,676.399,676.53,-838,-784,-845,-828,-824,-797,-863,-866,-849,-801,-804,-833,-751,-849,-900,-768,-832,-864,-846,-844,-809,-785,-815,-827,-834,-829,-802,-826,-828,-774,-800,-754,-863,-824,-776,TRUE
231709,"2026-04-08T21:06:02Z","2026-04-08T21:05:55Z","2026-04-08T21:03:14Z",6645,-36.61349755,-39.2113470710584,-39.1237629830109,-43.6609982674667,-43.6623855591464,-43.9062552003468,-43.9057951854045,-43.9568375905061,-43.9552165055068,-44.0249640934635,-44.0256522023963,-44.119840812988,-44.1205274060066,-44.2428623442405,-44.2431895232228,-44.3246559729374,-44.3245048867667,-44.3822989519595,-44.3824433472937,-44.4372377767796,-44.4370659982001,-44.4807489857766,-44.4810079669729,-44.5101772012737,-44.5095092480832,-48.861550005171,-48.859985938848,-46.7947216830964,-46.7661478656093,-43.6102592937213,-43.5962958858189,-42.1701083608382,-42.1633322379909,-41.2612412966859,-41.2598805739773,-40.4157844568951,-40.4129347425202,-40.7397367023897,-40.7420186181961,-41.6153926929202,-41.616844504654,-42.4320675748467,-42.433704779417,-43.0494433046509,-43.0497993767702,-43.4587840246446,-43.4591448917182,-43.6935889314796,-43.6936596334887,-43.825398613006,-43.8258920971087,-48.6439568184237,-48.6451675902966,-47.5071822493154,-47.5082718606808,-46.6511345469353,-46.6548730868184,-45.7344595286332,-45.7387568532166,-44.0642485941428,-44.0629766932981,-42.8822092304079,-42.8834906520435,-42.2757867419461,-42.2758646667465,-41.7872537183795,-41.786511255207,-41.2714117146211,-41.2704545731278,-40.8845035381001,-40.8819451065221,686.38,683.155,688.413,682.906,683.092,684.37,686.237,687.153,689.88,685.162,691.395,692.437,668.35,678.752,677.598,677.653,677.747,677.788,678.157,677.91,679.488,678.214,681.474,679.684,680.759,677.367,680.904,677.778,677.796,677.561,677.737,677.64,677.814,677.541,677.669,-840,-787,-845,-832,-828,-796,-866,-864,-843,-795,-808,-838,-753,-846,-890,-768,-823,-855,-834,-845,-801,-775,-811,-827,-838,-837,-798,-821,-827,-766,-803,-755,-861,-834,-771,TRUE
231709,"2026-04-09T09:06:02Z","2026-04-09T09:05:55Z","2026-04-09T09:03:14Z",6654,-36.62704177,-43.1898786541451,-43.0933032642985,-43.6442201084017,-43.6431604593907,-43.9128640752877,-43.9122928413087,-43.959564559439,-43.9577567495773,-44.0244382783166,-44.0247215048083,-44.1137837048594,-44.1139816846364,-44.2400527708227,-44.2402177826927,-44.324910726262,-44.3247064540215,-44.3825651703499,-44.382715886069,-44.4372973394646,-44.4372365641758,-44.4807911388497,-44.4810503648422,-44.5101975938936,-44.5095695165852,-47.5957945744437,-47.5939273125725,-46.6129458359434,-46.5936882903234,-43.7930753648334,-43.778291806606,-42.2256230156626,-42.2183346028771,-41.2891842441263,-41.2878012483129,-40.4522380950172,-40.4493750866982,-40.7561708329705,-40.7583910185882,-41.6163302883288,-41.617762092667,-42.4270034250814,-42.4286344824515,-43.043333304397,-43.0437239972898,-43.4536789828693,-43.4540736172462,-43.6899728923252,-43.6901393086189,-43.8232419658438,-43.8237977820033,-47.4934272311847,-47.4941289670979,-47.0512156207728,-47.0520151749126,-46.5357596603846,-46.5383097920645,-45.8491816153647,-45.8527255667326,-44.2837898877572,-44.2826872433389,-43.0216500030113,-43.0232040327694,-42.3519261622161,-42.352096847711,-41.8273502657853,-41.8265119653197,-41.3010557949045,-41.3000402635235,-40.9173954710532,-40.914936327607,675.885,682.267,687.799,681.998,682.189,683.473,685.336,686.254,689.231,684.26,690.501,691.573,669.723,680.757,676.691,676.746,676.84,676.884,677.292,677.01,678.594,677.323,680.589,678.79,679.875,678.181,680.888,677.002,676.951,676.653,676.829,676.736,676.908,676.634,676.765,-837,-786,-847,-833,-825,-792,-861,-864,-852,-801,-808,-836,-755,-846,-889,-764,-832,-864,-834,-840,-806,-781,-816,-826,-836,-834,-803,-823,-833,-768,-805,-758,-868,-822,-779,TRUE
231709,"2026-04-09T21:06:03Z","2026-04-09T21:05:54Z","2026-04-09T21:03:14Z",6654,-36.61105715,-47.830916487166,-47.7366035806126,-43.6580246272344,-43.6587277370553,-43.9042741977066,-43.9035923827398,-43.9536940299705,-43.9521217002746,-44.0239796193345,-44.0247357406762,-44.117545708971,-44.1183403024791,-44.2416808047369,-44.242007365315,-44.3248646587516,-44.324579876294,-44.3824120038531,-44.382485389872,-44.4372727488703,-44.4370346215248,-44.4807524146405,-44.4809654539082,-44.5102549197479,-44.5095264137836,-47.4675195672175,-47.452608741612,-46.3429236156569,-46.3277035353138,-43.9380534544593,-43.9232125582506,-42.2935722567735,-42.2857255701753,-41.320973309444,-41.319666347486,-40.4878810626361,-40.4849276669001,-40.7730412586216,-40.7751861555068,-41.6176483301769,-41.6190195032303,-42.4221465199572,-42.4238182985313,-43.0373552557531,-43.0377873219428,-43.4486525887872,-43.4491007433194,-43.6864747911337,-43.6866122391714,-43.821209802522,-43.8216903108203,-47.1889988586889,-47.189958316253,-46.6958199113701,-46.696562295234,-46.2976393326393,-46.2997867030915,-45.7587301471979,-45.7617649461181,-44.4183870806254,-44.4171198019709,-43.1572618063996,-43.1589212962644,-42.4413050564239,-42.4415285800766,-41.880194275659,-41.8793747932897,-41.336337659695,-41.3354013552392,-40.951745998387,-40.9493034723106,665.565,680.391,686.255,680.138,680.337,681.611,683.481,684.397,687.816,682.397,688.639,689.736,666.248,679.236,674.805,674.859,674.961,675.003,675.478,675.13,676.714,675.453,678.718,676.911,678.003,675.03,679.262,675.21,675.114,674.766,674.933,674.839,675.015,674.738,674.866,-835,-785,-845,-827,-830,-797,-862,-866,-849,-801,-811,-835,-748,-843,-906,-775,-833,-858,-836,-847,-804,-783,-823,-828,-833,-835,-803,-826,-824,-772,-809,-762,-860,-828,-781,TRUE
231709,"2026-04-10T09:06:12Z","2026-04-10T09:06:02Z","2026-04-10T09:03:14Z",6654,-36.60959291,-45.2370308727854,-45.1468833544912,-43.6109312553987,-43.6094432318335,-43.9093984548167,-43.9088336837668,-43.9575902751274,-43.9557828407867,-44.0233998330233,-44.0237146340437,-44.1112612071787,-44.1116615932966,-44.2380254349721,-44.2382034873305,-44.32464938988,-44.3244519307931,-44.3824810776926,-44.3826968263949,-44.437386476463,-44.4372344994288,-44.4809603077343,-44.4812128681825,-44.5103106289772,-44.509656011076,-47.8679197107103,-47.8516851980709,-46.2657850124713,-46.2494600888525,-44.0296469237408,-44.01549917435,-42.367304972613,-42.3591564081533,-41.3567519072811,-41.3552775358392,-40.5224307105163,-40.5194625025148,-40.7900165218445,-40.7921069364225,-41.6192312974074,-41.6205759337937,-42.417510311021,-42.4192093955051,-43.0315688533543,-43.031956220073,-43.4437048607942,-43.4441406571892,-43.6829896297976,-43.683104649679,-43.8191710212527,-43.8196351348064,-47.4702976156529,-47.4708683952534,-46.7089110496201,-46.7094973270738,-46.2214927433461,-46.2236666459605,-45.6873709133309,-45.6900188100212,-44.4673877732169,-44.4662568563884,-43.2593684801597,-43.2609982536514,-42.5291150950794,-42.5293929960665,-41.9396027426988,-41.9386698048078,-41.3764264471054,-41.3754618953272,-40.9873941543084,-40.984975100333,670.126,678.461,684.767,678.168,678.362,679.642,681.508,682.421,686.307,680.413,686.646,687.773,664.649,676.191,672.813,672.868,672.964,673.007,673.559,673.143,674.723,673.48,676.74,674.928,676.024,672.416,677.292,673.318,673.165,672.771,672.941,672.843,673.02,672.74,672.874,-836,-779,-839,-823,-826,-795,-862,-872,-852,-799,-808,-829,-754,-854,-900,-769,-825,-859,-837,-848,-813,-788,-818,-821,-838,-835,-801,-821,-834,-771,-804,-764,-859,-830,-775,TRUE
231709,"2026-04-10T21:06:08Z","2026-04-10T21:06:00Z","2026-04-10T21:03:14Z",6654,-36.59952626,-43.0600991757065,-42.970424720357,-43.6182412510753,-43.6176926531212,-43.9080254928995,-43.9075650153294,-43.9589599300061,-43.9571814187298,-44.0240922721354,-44.0244826914831,-44.1143582423014,-44.114691238291,-44.2398762656355,-44.2401260698368,-44.324424401682,-44.3241476395556,-44.3823895336825,-44.3825336332157,-44.437361049025,-44.4371966839425,-44.480840017267,-44.4811123113725,-44.5103687477714,-44.5096176200422,-46.7749660521032,-46.78257352343,-46.2325815952681,-46.2177765645238,-44.0926760386463,-44.0790227969125,-42.441037841527,-42.4326753852455,-41.3967099927577,-41.3952282488144,-40.5559378361583,-40.553009467585,-40.8068759060205,-40.808898038036,-41.6208006319191,-41.6221255239719,-42.4127933276012,-42.4144728335384,-43.025516741717,-43.0259520624948,-43.4386842711321,-43.4390220769484,-43.6793467482865,-43.6794395103094,-43.8168568302057,-43.8173835314244,-46.9454789766798,-46.9454666767946,-46.6347625706268,-46.6352195512727,-46.2309678918137,-46.2329638326152,-45.7105134900179,-45.7133280581776,-44.5162637581101,-44.514970944974,-43.3437018680116,-43.3452575023441,-42.6136666650913,-42.6139286873596,-42.0068654740683,-42.00586356535,-41.4235025282333,-41.4224343391239,-41.0266870831717,-41.0242160502281,673.723,679.451,685.349,679.184,679.384,680.674,682.55,683.462,687.121,681.441,687.705,688.848,670.585,677.839,673.805,673.862,673.954,674.001,674.513,674.137,675.732,674.479,677.762,675.936,677.049,677.434,678.922,674.439,674.223,673.775,673.945,673.847,674.023,673.749,673.879,-841,-793,-838,-832,-823,-792,-859,-871,-845,-803,-813,-839,-754,-842,-901,-764,-826,-860,-836,-850,-810,-784,-819,-821,-836,-832,-798,-819,-834,-775,-803,-760,-869,-825,-775,TRUE
231709,"2026-04-11T09:06:02Z","2026-04-11T09:05:58Z","2026-04-11T09:03:14Z",6619,-36.60843372,-48.5532751661593,-48.458905374828,-43.6156020066902,-43.6149644304289,-43.9113551145985,-43.9109727880656,-43.9635768509454,-43.9618455823034,-44.0267646913326,-44.0270435883927,-44.1157581337101,-44.116083029788,-44.239847666112,-44.2400264036966,-44.3244657899964,-44.3243170357177,-44.3823751806099,-44.3825709217524,-44.4373470666768,-44.4373201084746,-44.4808631133242,-44.4811422924882,-44.5102795552647,-44.5095431611289,-46.3456621148695,-46.3418195649283,-45.9651637926519,-45.9553767304718,-44.14178420696,-44.1286635121209,-42.5095985330483,-42.5009959890372,-41.4394952401545,-41.4379124639755,-40.5886954993528,-40.5857022872093,-40.823695342077,-40.8256423336276,-41.622498995397,-41.6237974012708,-42.4081094682834,-42.4097425883578,-43.0194441452401,-43.0198477878531,-43.43342606513,-43.4338503790863,-43.6756183275783,-43.6756758090813,-43.8144507725386,-43.815059849077,-46.4722425296219,-46.4723099998375,-46.2146735830312,-46.2148304703914,-45.9653423332254,-45.9666171045879,-45.5998904398485,-45.6020297091239,-44.5443564247696,-44.5432101246484,-43.4097867566536,-43.4112763893608,-42.6877530614204,-42.6880362562519,-42.0722062923928,-42.0711817797544,-41.4728289373417,-41.4717639998469,-41.067261996216,-41.0648145450837,663.548,681.401,686.79,681.121,681.32,682.623,684.512,685.424,688.723,683.39,689.68,690.84,670.315,680.76,675.691,675.746,675.844,675.888,676.328,676.028,677.634,676.378,679.686,677.837,678.965,676.906,681.091,676.411,676.16,675.664,675.826,675.734,675.906,675.635,675.765,-835,-783,-843,-831,-825,-794,-871,-870,-856,-805,-811,-827,-756,-850,-901,-764,-831,-860,-839,-844,-812,-789,-814,-828,-837,-833,-808,-816,-834,-773,-795,-758,-858,-826,-773,TRUE
231709,"2026-04-11T21:06:02Z","2026-04-11T21:05:51Z","2026-04-11T21:03:14Z",6654,-36.59214405,-50.2019878580914,-50.1059679124981,-43.6012377864378,-43.5998779129088,-43.9133924015308,-43.9129703050436,-43.9662980811537,-43.9644613834836,-44.0292836918175,-44.0295166832496,-44.1174855181697,-44.1176847484207,-44.2397415957255,-44.2399143821849,-44.3238103556811,-44.3236199704224,-44.3824474505216,-44.3826298710001,-44.4373737563881,-44.4373414044825,-44.4809150925222,-44.4811816932209,-44.5103709798592,-44.5097073210603,-46.7938465404618,-46.7770454249834,-45.7953309109316,-45.7851441865551,-44.168463094931,-44.1560136884935,-42.5735069329492,-42.5649790524797,-41.4847399768185,-41.4829829389884,-40.6207813352663,-40.6177574327162,-40.8404059748397,-40.8423260870424,-41.6242108926704,-41.6254692277746,-42.4033649184065,-42.4050387640032,-43.0133643185033,-43.0137827235938,-43.4280883453687,-43.4284937712594,-43.6717321413004,-43.6718725468537,-43.8120052892602,-43.8126509883123,-47.096344071225,-47.0971015986039,-46.296239750372,-46.2965971457135,-45.9080138071462,-45.9097066614328,-45.5017557274743,-45.5039039737868,-44.5366393371621,-44.5353040202668,-43.4659258531887,-43.4672808796447,-42.7565608696768,-42.756797165968,-42.1367576094095,-42.135763988315,-41.5244132739925,-41.5233084569778,-41.1102341306073,-41.1077896643583,663.323,684.816,689.381,684.538,684.743,686.058,687.967,688.878,691.504,686.827,693.169,694.341,670.562,683.348,679.078,679.136,679.238,679.278,679.604,679.431,681.047,679.781,683.127,681.261,682.404,677.048,684.251,679.919,679.622,679.083,679.242,679.155,679.33,679.059,679.19,-841,-788,-847,-825,-821,-801,-860,-862,-848,-801,-808,-837,-751,-844,-892,-772,-835,-858,-837,-850,-808,-783,-814,-826,-832,-840,-804,-825,-830,-768,-804,-755,-875,-829,-775,TRUE
231709,"2026-04-12T09:06:08Z","2026-04-12T09:05:57Z","2026-04-12T09:03:14Z",6645,-36.57524428,-50.1401999001061,-50.0457979041833,-43.6076566316846,-43.6067587230593,-43.911353692112,-43.9109252041251,-43.9655737443498,-43.9637867238673,-44.0283565223114,-44.0285537737093,-44.1180861543874,-44.1182708048883,-44.2409876259026,-44.2411795975516,-44.3242958342511,-44.324061258204,-44.382498032426,-44.3826676219727,-44.4374136042317,-44.4373352697933,-44.4807843739931,-44.4810703030814,-44.5102115732618,-44.5095799113582,-47.4783694708018,-47.454224149906,-45.8308925300456,-45.8176390205235,-44.1731432114819,-44.1614850128532,-42.6313159455859,-42.6227356620641,-41.5309543787642,-41.5291738027976,-40.652514917765,-40.6494392661781,-40.8571938807287,-40.8591560848046,-41.6262623818721,-41.6274943804763,-42.3988880682738,-42.4005557073149,-43.007283890209,-43.0078431583084,-43.4228688097873,-43.4233146305225,-43.667963895074,-43.66801004291,-43.8096777347367,-43.8102224016302,-47.9638560379231,-47.9644860062382,-46.742050277854,-46.7423695283366,-46.1305514771001,-46.132750428259,-45.5806334658423,-45.5830577560818,-44.5313321389598,-44.5301386584684,-43.5008586582508,-43.5022045739613,-42.8139214292163,-42.8141354179074,-42.1962408612011,-42.1952755405212,-41.5755743697713,-41.5745186339526,-41.1539116923062,-41.151449528463,665.937,687.455,691.316,687.194,687.399,688.723,690.647,691.564,693.72,689.497,695.876,697.055,670.601,684.722,681.681,681.743,681.839,681.881,682.109,682.034,683.662,682.386,685.764,683.874,685.032,677.629,686.651,682.639,682.271,681.664,681.822,681.726,681.907,681.631,681.761,-837,-794,-845,-827,-827,-795,-863,-870,-851,-802,-807,-841,-752,-845,-903,-771,-829,-860,-836,-845,-810,-782,-816,-833,-832,-839,-805,-818,-829,-766,-811,-756,-866,-819,-777,TRUE
231709,"2026-04-12T21:06:01Z","2026-04-12T21:05:50Z","2026-04-12T21:03:14Z",6645,-36.57975902,-49.0957854652005,-49.0093645632931,-43.6810115701876,-43.6824572037949,-43.9023645479677,-43.9015910466246,-43.9627071800384,-43.961295178762,-44.0353342444279,-44.0362738067909,-44.1282846838833,-44.1289922484027,-44.2451538183949,-44.2454215015324,-44.3235596747058,-44.3232611249796,-44.3822742237413,-44.3822112029925,-44.4373199401405,-44.4370751803774,-44.4807646807686,-44.4809452405443,-44.510285371247,-44.5096733352777,-47.8456469976219,-47.8218356752887,-45.9867800121775,-45.9706479185633,-44.1787745698577,-44.1675231753471,-42.6820961584218,-42.6735969524729,-41.5775852371943,-41.5756997181024,-40.6840490577081,-40.6810045568194,-40.8741898121154,-40.8760770814035,-41.6287077656748,-41.6299747512273,-42.3946588716101,-42.3963403821232,-43.0015676060823,-43.0019826667887,-43.4177938517028,-43.4182602797447,-43.6642413893262,-43.6643440605725,-43.8073435415811,-43.8079377470698,-48.4453598688318,-48.4462394310113,-47.1830050025349,-47.1834320288931,-46.4781697577659,-46.4808110291507,-45.8089704803049,-45.8119977178766,-44.5937946571466,-44.5923833475888,-43.5415348254664,-43.5428076454393,-42.8657441437345,-42.8660343616008,-42.2532076668228,-42.2522625711956,-41.6271227682346,-41.6259866089529,-41.1989778457327,-41.1964636894007,668.944,688.565,691.978,688.382,688.595,689.921,691.863,692.787,694.818,690.715,697.114,698.301,671.416,685.23,682.843,682.903,683,683.047,683.24,683.199,684.832,683.556,686.951,685.049,686.218,679.002,688.085,684.002,683.527,682.826,682.977,682.883,683.061,682.783,682.914,-835,-790,-849,-830,-827,-796,-864,-874,-845,-803,-809,-832,-752,-849,-895,-770,-834,-862,-837,-842,-806,-780,-816,-822,-831,-844,-798,-821,-829,-774,-808,-758,-863,-825,-779,TRUE
231709,"2026-04-13T09:06:08Z","2026-04-13T09:05:58Z","2026-04-13T09:03:14Z",6645,-36.59110688,-52.4594305402719,-52.3567841947318,-43.6525305569038,-43.6519592104368,-43.9027065403353,-43.9017310787006,-43.9588910771126,-43.9572322565853,-44.0315750538486,-44.0321881649575,-44.1214881298917,-44.1222074673878,-44.2422403336259,-44.2424555071185,-44.3236738503127,-44.3232804391363,-44.3822536819465,-44.3822105666602,-44.4373665927883,-44.4371529007649,-44.4809742496928,-44.4811087964977,-44.5104869317527,-44.5097947232026,-48.2188079083532,-48.1920162072353,-46.1522141923198,-46.1345645257079,-44.2003832075815,-44.188978453037,-42.7263258028236,-42.7179674811061,-41.623605580882,-41.6217236154076,-40.7157918740022,-40.712661024827,-40.8915381151967,-40.893405761302,-41.6317847191131,-41.6329646386548,-42.3910259410005,-42.392627427197,-42.9962221999188,-42.9966260997397,-43.4131008036138,-43.4135021021964,-43.6608403958327,-43.6609139845519,-43.8052387631642,-43.8058035860911,-48.8259505861717,-48.82684033173,-47.5068443050432,-47.5072078225678,-46.7573509019691,-46.7599955093977,-46.0400681642975,-46.0431542220716,-44.6996616451742,-44.6983889804307,-43.5937275449382,-43.5950296050354,-42.9141313822958,-42.9143017881177,-42.3039431404205,-42.3029748732141,-41.6759459426464,-41.6748477472478,-41.2433559380974,-41.240775975107,661.178,685.926,690.017,685.724,685.927,687.25,689.179,690.102,692.958,688.025,694.42,695.612,668.869,682.625,680.145,680.202,680.298,680.34,680.631,680.501,682.128,680.866,684.25,682.343,683.518,675.338,685.696,681.523,680.914,680.105,680.247,680.152,680.328,680.052,680.181,-834,-786,-841,-829,-824,-797,-866,-862,-848,-808,-809,-837,-752,-841,-893,-768,-831,-856,-838,-846,-812,-779,-810,-828,-830,-833,-796,-822,-831,-773,-805,-753,-869,-828,-777,TRUE
231709,"2026-04-13T21:06:02Z","2026-04-13T21:05:52Z","2026-04-13T21:03:14Z",6645,-36.58463982,-52.0651193371662,-51.9717045918462,-43.6189614791605,-43.6184531077111,-43.9061260739408,-43.9055875163812,-43.9599953315254,-43.9582858515306,-44.0267623530935,-44.0270442281538,-44.1157243529453,-44.1160478529398,-44.2404270490177,-44.2407544126166,-44.3249296741108,-44.3246812373427,-44.3825448008671,-44.3827282138029,-44.4374357003927,-44.4373027041288,-44.4808935356606,-44.4811005482046,-44.510180652983,-44.5095386221015,-48.7135245177695,-48.6835412510495,-46.3513721175183,-46.3317523370004,-44.2403308060867,-44.2285920582745,-42.7674777789659,-42.7590935469698,-41.6686504301791,-41.6667780946255,-40.7474598553717,-40.7442841240689,-40.9089907348888,-40.9107837588012,-41.6351127972497,-41.6362737111519,-42.3875536664407,-42.3891622364266,-42.990922758226,-42.9913951964355,-43.408446962332,-43.4088424343516,-43.6574260925989,-43.6575165239363,-43.8031994903479,-43.803800292778,-49.489270602957,-49.4907087967101,-47.938645907777,-47.9392426674487,-47.0918864313619,-47.0949978318952,-46.2905938970848,-46.2941305008115,-44.835219590103,-44.8338000429384,-43.6666271592612,-43.6679780595487,-42.9675759552965,-42.9677613191294,-42.3527878157556,-42.3517820219479,-41.7233817754334,-41.7222822679178,-41.2875331870753,-41.2850445993215,659.646,682.321,687.257,682.071,682.274,683.598,685.52,686.439,690.26,684.364,690.739,691.944,665.381,678.898,676.516,676.575,676.674,676.719,677.127,676.883,678.51,677.262,680.635,678.736,679.911,670.494,682.431,678.247,677.462,676.529,676.657,676.563,676.743,676.465,676.598,-834,-791,-838,-828,-823,-793,-863,-869,-852,-800,-807,-836,-750,-843,-904,-763,-828,-854,-835,-844,-801,-792,-812,-830,-830,-836,-803,-819,-829,-770,-804,-759,-868,-836,-781,TRUE
231709,"2026-04-14T09:06:02Z","2026-04-14T09:05:55Z","2026-04-14T09:03:14Z",6645,-36.57420711,-53.7009100055808,-53.6039464221904,-43.6230632106869,-43.6247576689755,-43.9022866882101,-43.9019697921729,-43.962562051223,-43.9610153985967,-44.0303842537869,-44.0310430183347,-44.1222989316336,-44.1229587746211,-44.2423928665288,-44.2428052549128,-44.32429193848,-44.3240994617179,-44.3823417796414,-44.382485851498,-44.4374120572652,-44.4372542111026,-44.4808440355542,-44.4811098650316,-44.5103347636081,-44.5095967759832,-49.3197377265692,-49.2842301804253,-46.5959325295716,-46.5740127879268,-44.2973037429892,-44.2852390606203,-42.8081154551761,-42.7998252323636,-41.7122609746229,-41.7103361461521,-40.7786045371177,-40.7754111561582,-40.9258872332779,-40.9276467305478,-41.6381418525326,-41.639344787419,-42.3837862154967,-42.3853549811792,-42.9853243524937,-42.985811976266,-43.403370855333,-43.4038001182861,-43.6536832854304,-43.6538171580295,-43.800753591533,-43.8014106644477,-50.1261202212146,-50.1273510266806,-48.4105537835998,-48.4111346043372,-47.4735601752512,-47.4769335082603,-46.5939239488267,-46.5976377754853,-44.9980985289567,-44.9966736929618,-43.7555232014587,-43.7569804649051,-43.0296752991722,-43.0298872436434,-42.4063072086473,-42.4052727805688,-41.7720248225194,-41.7709092654446,-41.3323504124291,-41.3297684586706,657.827,684.478,688.716,684.243,684.453,685.787,687.729,688.645,692.022,686.559,692.966,694.16,665.195,679.967,678.655,678.71,678.808,678.86,679.18,679.035,680.673,679.415,682.816,680.895,682.09,670.742,685.196,680.895,679.794,678.696,678.802,678.713,678.892,678.616,678.746,-836,-794,-843,-830,-828,-798,-867,-871,-857,-797,-813,-837,-750,-852,-895,-771,-832,-861,-836,-844,-812,-785,-817,-827,-837,-832,-799,-822,-824,-768,-812,-751,-856,-830,-776,TRUE
231709,"2026-04-14T21:06:02Z","2026-04-14T21:05:54Z","2026-04-14T21:03:14Z",6654,-36.57304792,-55.480308787535,-55.3862733048208,-43.635609505451,-43.6359732464259,-43.9012548721839,-43.9006440490262,-43.9601512794365,-43.9586063900466,-44.03044586076,-44.0310232977006,-44.1233292018402,-44.1240134190513,-44.244150343563,-44.244477374647,-44.3241300008898,-44.3238096509777,-44.3824760396294,-44.3825360442,-44.4372217649369,-44.4371212715293,-44.4808790912284,-44.4811120168827,-44.5103072253305,-44.5095805078911,-49.789898621341,-49.7540247831413,-46.8900938212656,-46.8658832720241,-44.3726574803945,-44.3600871164784,-42.850861625533,-42.8426387434458,-41.7549491037888,-41.7529983292916,-40.8097235485575,-40.8064986625741,-40.9427438838047,-40.9444354711836,-41.6413405168945,-41.6424836309413,-42.3800855637279,-42.3816949558885,-42.9797851422289,-42.9802016888147,-43.3982481915539,-43.3987178504556,-43.649861460407,-43.6499863887852,-43.7983469487021,-43.7989030988598,-50.7113232778205,-50.7127755195289,-48.932327644158,-48.9328522587151,-47.9191728487002,-47.9227269635585,-46.9478480655503,-46.9520233834066,-45.1960184747257,-45.194429354556,-43.8638143593247,-43.8654495005023,-43.1027302146797,-43.1029913947596,-42.4648906765368,-42.4638835765936,-41.8219194570707,-41.8207595734183,-41.3774511878442,-41.3749669819266,657.008,686.959,690.5,686.772,686.979,688.32,690.282,691.194,694.123,689.096,695.537,696.723,666.38,681.321,681.115,681.168,681.267,681.312,681.531,681.485,683.128,681.863,685.299,683.355,684.561,673.047,688.835,683.995,682.459,681.146,681.226,681.132,681.313,681.038,681.17,-836,-792,-844,-827,-825,-796,-865,-861,-848,-797,-808,-839,-751,-844,-898,-771,-828,-863,-838,-842,-809,-784,-817,-827,-832,-827,-799,-816,-834,-773,-805,-757,-860,-823,-775,TRUE
231709,"2026-04-15T09:06:05Z","2026-04-15T09:05:55Z","2026-04-15T09:03:14Z",6654,-36.56127299,-56.8047751147876,-56.6942252167828,-43.6379553500316,-43.6387754913393,-43.9000624461969,-43.8994579388443,-43.9624955375021,-43.9608591882682,-44.0327880678627,-44.0333781830961,-44.1262824409863,-44.1270195225944,-44.2446328232631,-44.244992485762,-44.3241614370519,-44.3238601397571,-44.3823978269273,-44.3824577444134,-44.4373733549431,-44.4372080894818,-44.4808306029397,-44.4810960779453,-44.5102466088017,-44.5096111235694,-50.5406921903935,-50.4981975842068,-47.2044378400414,-47.1778848904179,-44.4670533069073,-44.4537467318178,-42.8970815616597,-42.888706615075,-41.7970015221808,-41.795044700477,-40.8407756024654,-40.8375122486442,-40.9596432193287,-40.9612807259539,-41.6446680171435,-41.6458125120416,-42.3765724084906,-42.3781419644523,-42.9743316819917,-42.9747170533426,-43.3932833632171,-43.3937670280085,-43.6461707566757,-43.646253797055,-43.7959271023901,-43.796546031692,-51.531615256559,-51.5332017935137,-49.481263079818,-49.4817443916283,-48.3594480538155,-48.3633021638279,-47.3096071284299,-47.3139202469508,-45.4126692941407,-45.4111278637451,-43.9848349291703,-43.9865144961358,-43.1829949318512,-43.1832587774246,-42.5247277158967,-42.5236679982779,-41.8713970196004,-41.8702204223747,-41.4219005895211,-41.4192682392329,654.879,688.851,691.863,688.656,688.865,690.215,692.187,693.108,695.75,690.989,697.467,698.638,667.691,682.232,682.964,683.018,683.12,683.16,683.309,683.345,685.001,683.723,687.189,685.228,686.45,671.629,692.243,686.655,684.624,683.048,683.087,682.997,683.18,682.906,683.039,-844,-792,-851,-838,-830,-792,-871,-871,-855,-798,-818,-835,-748,-850,-897,-769,-838,-857,-837,-847,-810,-783,-809,-826,-838,-838,-799,-820,-828,-773,-806,-761,-865,-824,-776,TRUE
231709,"2026-04-15T21:06:04Z","2026-04-15T21:05:54Z","2026-04-15T21:03:14Z",6654,-36.55486694,-54.4296082866568,-54.3347161639744,-43.6141006730441,-43.6155000318446,-43.9026531030997,-43.9023623879695,-43.9621844867284,-43.9607613345551,-44.0296467984785,-44.0303653883897,-44.1210543098462,-44.121999986942,-44.2424700908706,-44.2428499477855,-44.3244533517076,-44.3242869168884,-44.3826315166239,-44.3828210937835,-44.4373714793931,-44.4372396633481,-44.4808566336657,-44.4810446280344,-44.5103520254605,-44.5096918378903,-51.0523049491873,-51.0125283106511,-47.5782840491623,-47.548988097717,-44.5801174571094,-44.566033320388,-42.9481093670245,-42.9396425461957,-41.8389679971968,-41.8370050276694,-40.8720157658028,-40.86861065913,-40.9765989470546,-40.978209945476,-41.6483416154582,-41.6494400841563,-42.3733540648796,-42.3748703394218,-42.9690237117799,-42.9694842798642,-43.3884170597278,-43.3888421923962,-43.6424864113135,-43.6425537948689,-43.7935465167917,-43.794156141918,-52.17529720228,-52.1767712107699,-50.1093739528969,-50.1098697883325,-48.8962131571881,-48.9004587516836,-47.7370409861788,-47.7418016083693,-45.6597656589102,-45.658076639063,-44.12494759251,-44.1267888655603,-43.2745805564837,-43.2749685242198,-42.5906428089816,-42.589533282125,-41.9228870328164,-41.9217525709772,-41.4670699736635,-41.4644667533363,660.534,689.481,692.372,689.264,689.466,690.825,692.801,693.721,696.415,691.593,698.086,699.24,667.134,682.638,683.531,683.582,683.673,683.72,683.839,683.906,685.567,684.286,687.77,685.793,687.024,673.029,695.588,688.245,685.562,683.642,683.63,683.54,683.719,683.446,683.581,-836,-789,-844,-826,-829,-799,-860,-872,-854,-805,-807,-844,-752,-841,-896,-770,-835,-858,-841,-843,-814,-780,-808,-821,-834,-836,-798,-819,-834,-771,-806,-759,-860,-832,-779,TRUE
231709,"2026-04-16T09:06:05Z","2026-04-16T09:05:53Z","2026-04-16T09:03:14Z",6645,-36.54559342,-54.3921769549383,-54.2924971893063,-43.6467213962428,-43.6495108475604,-43.8981448368204,-43.8975672605932,-43.9617592365789,-43.9606325976387,-44.0336511915287,-44.0349589284125,-44.126954040377,-44.1280702990669,-44.2435570141223,-44.2439810811876,-44.3241246976568,-44.3239432971243,-44.3823669125499,-44.3824142956336,-44.4374564540398,-44.4372117341026,-44.48093149627,-44.4811444625653,-44.5104089929986,-44.509751528553,-51.2566875535821,-51.220053833781,-47.9079520140823,-47.8779964856418,-44.7125129885643,-44.6975914242635,-43.0047826471906,-42.9960251995446,-41.881274890843,-41.8792518117683,-40.9031820798892,-40.8998213334242,-40.9939270210565,-40.9955185858492,-41.6525988803168,-41.653671949987,-42.3705445735556,-42.3721751333613,-42.9640802506036,-42.9645698467483,-43.3838207643499,-43.3842928084202,-43.6390645775274,-43.6392013072881,-43.7914281826217,-43.7920739211285,-52.2980939441891,-52.2991814715583,-50.4573724316951,-50.4577317008871,-49.295956543706,-49.2999234994887,-48.1355118352474,-48.1403535937615,-45.9311741193842,-45.9295069685722,-44.2812668692281,-44.2832619979726,-43.3770753488078,-43.3774845811876,-42.6630901501794,-42.6619271169303,-41.9772220103665,-41.9760187649163,-41.5131550865989,-41.5105671808102,658.971,686.781,690.231,686.592,686.794,688.145,690.128,691.045,694.546,688.921,695.41,696.551,665.389,681.565,680.886,680.925,681.026,681.067,681.275,681.263,682.925,681.653,685.131,683.158,684.393,671.455,696.163,686.949,683.429,681.081,680.996,680.908,681.097,680.82,680.957,-845,-786,-843,-831,-821,-790,-863,-864,-851,-807,-805,-839,-753,-846,-899,-776,-832,-856,-832,-847,-807,-785,-814,-831,-836,-840,-800,-821,-828,-769,-813,-755,-864,-826,-771,TRUE
231709,"2026-04-16T21:05:54Z","2026-04-16T21:05:46Z","2026-04-16T21:03:14Z",6654,-36.53162213,-55.3630396744084,-55.2739796889846,-43.5653098199266,-43.564634375324,-43.9043703217317,-43.90409843711,-43.9652224553241,-43.9635124647646,-44.0307015160931,-44.0310148692505,-44.1182998489993,-44.1186142800072,-44.2400481970698,-44.2402402938912,-44.3242503812671,-44.3241586125945,-44.3826075592663,-44.382842101487,-44.437713260396,-44.4375828757618,-44.4809336624804,-44.4812649652329,-44.5104683363092,-44.5097779413053,-51.4350297604754,-51.3980823698192,-48.1668058091859,-48.1369884527466,-44.8613607459743,-44.8455411936108,-43.0684517441991,-43.0595039856146,-41.9244418863065,-41.922386350916,-40.934102671191,-40.9307584480841,-41.0109266065858,-41.012553573821,-41.6566521425319,-41.6576929405724,-42.367641066417,-42.3691713738131,-42.9589704817096,-42.9595022544377,-43.3790262827534,-43.3794859314323,-43.6354126715046,-43.6355009062702,-43.789073669647,-43.7897166110808,-52.4812279446968,-52.4826173197955,-50.6864020669604,-50.6867849196871,-49.5759138734228,-49.579789017503,-48.4429830020623,-48.4477319582271,-46.1985166079626,-46.1967289049046,-44.4536359247654,-44.4557707327165,-43.4919559798835,-43.4924473420149,-42.7430000967247,-42.7418069616071,-42.0346909033584,-42.0334968265765,-41.5606026780921,-41.5579686884471,659.08,687.298,690.585,687.043,687.244,688.604,690.585,691.498,694.995,689.36,695.864,696.984,666.086,683.591,681.301,681.328,681.426,681.47,681.637,681.672,683.336,682.061,685.557,683.569,684.813,671.145,699.129,688.977,684.431,681.567,681.387,681.297,681.484,681.212,681.341,-840,-791,-839,-827,-826,-788,-867,-872,-845,-805,-817,-838,-749,-851,-898,-769,-831,-860,-836,-847,-811,-779,-817,-830,-832,-839,-799,-824,-825,-763,-805,-756,-868,-831,-776,TRUE
231709,"2026-04-17T09:06:04Z","2026-04-17T09:05:53Z","2026-04-17T09:03:14Z",6645,-36.52607022,-56.6890851336658,-56.5905302375392,-43.660019406517,-43.6641012620969,-43.8954294786888,-43.8949564069725,-43.9647700802329,-43.9640711899981,-44.0380845028497,-44.0399749105994,-44.1328016352103,-44.1344779663828,-44.2454606749097,-44.2461319118634,-44.3234071950392,-44.3231146632132,-44.3821504790034,-44.3822108132358,-44.4373561747623,-44.4370855965075,-44.4810124005811,-44.4811669600497,-44.5105514364592,-44.5099326108999,-52.121333782562,-52.0765304944306,-48.4303266029076,-48.399366657515,-45.0166390461654,-45.0000564480387,-43.1397442388806,-43.1304480029822,-41.969081585525,-41.9669877969569,-40.9648949211317,-40.9614706983156,-41.0278657707484,-41.0294594167153,-41.6607729929264,-41.6618155100836,-42.3648715353663,-42.3663954405173,-42.9539797498693,-42.9543678172813,-43.3742182479355,-43.37461933966,-43.6317605603707,-43.6318462267076,-43.7866469250577,-43.7872478936974,-53.2167990261464,-53.2182118474888,-51.102560850501,-51.1029729729507,-49.8952696452879,-49.8992848102324,-48.7236783401011,-48.7284038283154,-46.4390291996949,-46.4372203819263,-44.6279165878233,-44.6302179323585,-43.615665995977,-43.6161589218756,-42.8298571891016,-42.8285303809127,-42.0956956931063,-42.0944533777002,-41.6094365058943,-41.6068447059063,655.746,688.179,691.03,688.039,688.235,689.599,691.599,692.523,695.862,690.374,696.902,697.992,665.394,685.189,682.27,682.285,682.386,682.428,682.546,682.63,684.304,683.022,686.54,684.536,685.791,670.501,701.307,691.888,686.076,682.631,682.329,682.235,682.427,682.152,682.285,-842,-793,-843,-832,-823,-798,-865,-871,-848,-803,-804,-836,-751,-837,-904,-766,-833,-855,-842,-850,-810,-776,-814,-829,-833,-832,-804,-822,-833,-771,-804,-757,-859,-824,-773,TRUE
231709,"2026-04-17T21:06:02Z","2026-04-17T21:05:52Z","2026-04-17T21:03:14Z",6645,-36.51881003,-54.3143179069213,-54.213182165568,-43.6037580999776,-43.6014230786022,-43.9044769001515,-43.9036370598085,-43.9633323517403,-43.9615003169221,-44.032704131941,-44.0328575837507,-44.1199367592173,-44.1203083829505,-44.2414629910453,-44.2415950935948,-44.3238901422674,-44.3236081009369,-44.3827804139145,-44.3828078980992,-44.4374699557591,-44.4373500712562,-44.4811342679626,-44.4812893302369,-44.5105816004267,-44.5098352461853,-52.5650797361199,-52.5228747093473,-48.7722134764626,-48.7391457546785,-45.1746487421672,-45.1573839403453,-43.217893425355,-43.2083293294573,-42.0157505963818,-42.0134781014823,-40.9957102988319,-40.9921923806264,-41.0449367402057,-41.0464216311084,-41.6651311189245,-41.6662161999627,-42.3622359995266,-42.363733370599,-42.9490018854135,-42.9494056681735,-43.369449425738,-43.3699238459972,-43.6280819676305,-43.6283028952679,-43.7842791235015,-43.7848969605759,-53.7678056103359,-53.7692559101926,-51.6316581295628,-51.6320946881558,-50.3487482325862,-50.3531035400824,-49.0907395882462,-49.0959113677451,-46.6871465560525,-46.6852341849462,-44.8052125752914,-44.8075266372349,-43.7473301412803,-43.7478175460265,-42.925161630123,-42.9237982721259,-42.1618754200317,-42.1605865774683,-41.6610449860466,-41.6583525490116,661.464,688.36,691.245,688.188,688.38,689.745,691.748,692.667,696.143,690.511,697.054,698.122,665.926,685.567,682.421,682.406,682.505,682.552,682.646,682.763,684.436,683.152,686.683,684.674,685.936,670.896,702.245,694.061,687.028,682.92,682.455,682.364,682.559,682.28,682.417,-836,-794,-842,-826,-823,-793,-865,-872,-848,-802,-811,-835,-751,-842,-895,-770,-824,-863,-836,-847,-800,-775,-815,-827,-833,-831,-800,-820,-831,-767,-806,-758,-855,-827,-774,TRUE
231709,"2026-04-18T09:05:59Z","2026-04-18T09:05:48Z","2026-04-18T09:03:14Z",6567,-36.53015789,-42.2078849181381,-42.120589582417,-43.6154044250073,-43.6154904150837,-43.8988022362435,-43.8981195448932,-43.9610241029479,-43.9593994864231,-44.0310262478297,-44.0314948241405,-44.1221743201527,-44.1227115236777,-44.2430499509785,-44.2432987100459,-44.3245380034096,-44.3242059058945,-44.3826385378433,-44.3826402571952,-44.4374275167528,-44.4373003893585,-44.4810235275589,-44.481217268037,-44.5104798965901,-44.5097261351314,-51.5210394234216,-51.5153557684541,-49.0410150861608,-49.0090726532512,-45.3389251758111,-45.3209895974124,-43.3007801821975,-43.290909643848,-42.0641136736118,-42.0618459533567,-41.026576269598,-41.0230884944367,-41.0624961483096,-41.0639275073966,-41.6702898259925,-41.6712412501385,-42.3603514845958,-42.361775296944,-42.944627667135,-42.9450875398976,-43.3651881832238,-43.365709476456,-43.6248695975701,-43.6250152992893,-43.7822851195325,-43.7828602908729,-52.5496446549583,-52.5490066251314,-51.6812085784547,-51.6812563583712,-50.639751764559,-50.6434781352333,-49.4443729207089,-49.4494064042445,-46.9640508844652,-46.9620920097908,-44.9949400659765,-44.9974588745162,-43.8878395615929,-43.8883659962784,-43.0296978891819,-43.0282820283374,-42.2346990479833,-42.233343788846,-41.7165940027804,-41.7138620074342,681.218,684.098,687.874,683.935,684.125,685.483,687.481,688.399,692.986,686.243,692.762,693.815,667.084,683.514,678.211,678.163,678.265,678.307,678.54,678.527,680.199,678.929,682.446,680.436,681.704,676.102,700.528,691.827,683.715,678.895,678.221,678.126,678.354,678.05,678.185,-830,-789,-847,-831,-827,-795,-866,-868,-850,-801,-815,-831,-755,-841,-900,-765,-833,-855,-840,-849,-809,-778,-822,-823,-834,-835,-804,-820,-828,-768,-807,-768,-864,-827,-779,TRUE
231709,"2026-04-18T21:06:00Z","2026-04-18T21:05:49Z","2026-04-18T21:03:14Z",6654,-36.51582054,-46.9828138875259,-46.9005739895021,-43.5877248537694,-43.5886931113615,-43.8945904723826,-43.8940577521352,-43.9592410207725,-43.9575776656107,-44.0293945067314,-44.0300054397631,-44.1209461694003,-44.1216609883814,-44.2423916401663,-44.2427187855505,-44.324544180759,-44.3243412380506,-44.3826374438185,-44.3826909887997,-44.4375904003665,-44.4374376596296,-44.4810110368243,-44.4812179326133,-44.5104896707765,-44.5098402809055,-49.8111965645369,-49.8125677179598,-48.839711673229,-48.8179246955228,-45.509779934676,-45.4912490778484,-43.3900090743469,-43.3797806560732,-42.1152173268349,-42.112814557047,-41.057238757941,-41.053698441423,-41.07967249668,-41.0810844989215,-41.6750408399212,-41.6760349934591,-42.3580242590506,-42.359535501844,-42.9399876000681,-42.9403771103659,-43.3605770116428,-43.3609803434227,-43.6213088708903,-43.6214125340737,-43.779976197633,-43.7805419475011,-50.3863789331827,-50.3859058119044,-50.4634602230324,-50.4631643608177,-50.0606513623262,-50.0622749703816,-49.3383797669613,-49.3420915644065,-47.186685589031,-47.1845366319828,-45.1870293795587,-45.1896446553379,-44.0343972561333,-44.0349705046241,-43.1396630319979,-43.1381703900187,-42.3112396666687,-42.309821289331,-41.7743236506576,-41.7715858106447,669.296,683.786,687.552,683.618,683.803,685.167,687.164,688.085,692.799,685.921,692.45,693.492,669.718,686.984,677.889,677.798,677.9,677.945,678.161,678.166,679.836,678.563,682.094,680.075,681.349,679.14,703.359,693.031,684.263,678.768,677.824,677.734,678.023,677.653,677.788,-843,-785,-848,-829,-820,-798,-865,-870,-853,-802,-808,-831,-753,-849,-899,-767,-830,-855,-840,-849,-804,-782,-818,-818,-833,-842,-803,-823,-833,-769,-808,-759,-862,-828,-780,TRUE
231709,"2026-04-19T09:06:01Z","2026-04-19T09:05:49Z","2026-04-19T09:03:14Z",6645,-36.50892641,-53.271426910828,-53.1728070642181,-43.5850001773199,-43.5850758710518,-43.8959980095976,-43.8954389006661,-43.9619975564917,-43.9602603784349,-44.031654290249,-44.0320909506709,-44.1215291963441,-44.1219200631367,-44.2420848013666,-44.2423341203431,-44.3247175701388,-44.3244682482561,-44.3826603646864,-44.3827787196283,-44.4377643873433,-44.4376509760496,-44.4810584589662,-44.4812979587457,-44.5104053940296,-44.5097828536822,-49.9258498596781,-49.9064677691756,-48.4935228358458,-48.4762872685467,-45.6503463753662,-45.632082437838,-43.4847703562204,-43.4741460867454,-42.1691552580867,-42.1666598588604,-41.0880343522396,-41.0844484716369,-41.0969118198539,-41.0983045190007,-41.6800561093564,-41.6809641031121,-42.3560524157563,-42.3575169300623,-42.9354334860875,-42.9358590086337,-43.3560776626259,-43.3565411012084,-43.6178530712166,-43.6179933326405,-43.7776803145711,-43.7782824669295,-50.3650927682448,-50.3661588257419,-49.8297328375162,-49.8296879841523,-49.4547407027902,-49.4559666156832,-48.9312426147779,-48.9339201247722,-47.2250732362569,-47.2230367041345,-45.3456951549312,-45.348210262044,-44.1789354498132,-44.1795316652006,-43.2505847803136,-43.2490222625517,-42.3896850615019,-42.3881483670223,-41.833767060149,-41.8309554087387,656.508,682.186,686.218,682.021,682.19,683.555,685.556,686.468,691.615,684.308,690.836,691.886,667.102,687.605,676.334,676.192,676.298,676.346,676.586,676.568,678.238,676.967,680.503,678.476,679.753,673.664,700.964,691.881,683.253,677.444,676.22,676.127,676.516,676.05,676.189,-838,-793,-841,-832,-821,-795,-863,-865,-849,-798,-809,-839,-753,-846,-903,-765,-831,-861,-835,-846,-803,-787,-807,-833,-836,-832,-813,-828,-832,-770,-804,-757,-867,-826,-783,TRUE
231709,"2026-04-19T21:05:55Z","2026-04-19T21:05:43Z","2026-04-19T21:03:14Z",6654,-36.50758419,-56.6616227815658,-56.5729007493838,-43.6295022902244,-43.6295338179889,-43.8959535194656,-43.8950883282526,-43.9633509959829,-43.9616247389718,-44.0353461860958,-44.0358895742812,-44.1267616594763,-44.1273817337227,-44.2438064377506,-44.2440673928955,-44.3239859471923,-44.3235328752731,-44.3826421934521,-44.3825599443867,-44.4378530468991,-44.437607223316,-44.4812309913494,-44.4813591828822,-44.5105055590143,-44.5098661533754,-50.5164371341948,-50.4859354305468,-48.4063938692074,-48.3874893962073,-45.7362840002364,-45.7189425493423,-43.5815024208933,-43.5705166860427,-42.2258725637681,-42.2231922627437,-41.1189354194255,-41.1153109185176,-41.1141866454352,-41.115594368427,-41.6852473494667,-41.6861235816758,-42.3541744075346,-42.3556257129362,-42.9310981318552,-42.9314336024535,-43.3517099538038,-43.3521345324637,-43.6143839465888,-43.6145608255662,-43.775410591704,-43.7760687560742,-51.0573654684241,-51.0596560027543,-49.9309861596074,-49.9316515877366,-49.3488261269686,-49.3512062295213,-48.7306028117971,-48.733580077704,-47.1734595813599,-47.1714760560128,-45.4466637240198,-45.4490342083167,-44.3096865240056,-44.3102602709259,-43.3628888638153,-43.3612899310894,-42.4714148529869,-42.4699243899363,-41.8958318095768,-41.8930340963837,648.251,679.954,684.398,679.859,680.027,681.391,683.395,684.31,690,682.15,688.673,689.749,664.113,686.548,674.229,674.033,674.136,674.188,674.485,674.428,676.092,674.83,678.366,676.336,677.623,667.903,696.832,689.778,681.482,675.571,674.088,673.992,674.522,673.92,674.055,-843,-787,-842,-827,-824,-798,-857,-876,-851,-805,-808,-837,-752,-848,-895,-769,-840,-864,-836,-847,-810,-773,-813,-826,-827,-839,-804,-824,-832,-767,-811,-763,-859,-830,-781,TRUE
231709,"2026-04-20T09:06:48Z","2026-04-20T09:06:38Z","2026-04-20T09:03:14Z",6654,-36.50044602,-58.4710577270885,-58.3680782208226,-43.5586309987367,-43.5579924850604,-43.8999780816529,-43.8996473865741,-43.9637898748435,-43.9620456192382,-44.0334105068188,-44.0337089653569,-44.1201453183267,-44.1204677164261,-44.240167725298,-44.2403594492166,-44.3238377375032,-44.3237600845089,-44.3826874134971,-44.3829091979485,-44.4376398497466,-44.4375671838526,-44.4813064809939,-44.4814751505518,-44.5109181295754,-44.5102386627793,-51.4293231647786,-51.3907305239003,-48.553367466777,-48.5303530981202,-45.7937485899699,-45.7770720033806,-43.674294063875,-43.6631842234139,-42.28496500383,-42.2821553812878,-41.1498115919058,-41.1461690211294,-41.1312845397471,-41.1326797846529,-41.6903024018919,-41.6911603975944,-42.3522493860882,-42.3537813817437,-42.9265433543754,-42.9269148385341,-43.3470648091779,-43.3475891127059,-43.6108423572315,-43.6110034288934,-43.7730161462892,-43.7736322786219,-52.050243487667,-52.0534546175445,-50.4242146310424,-50.4257646054984,-49.5867925341019,-49.5904911452843,-48.7800734263234,-48.7838196504019,-47.1529423254826,-47.1511722981898,-45.5103811425767,-45.5125689987548,-44.4175577241483,-44.4181368690734,-43.4708218281972,-43.4692634023738,-42.5555529053225,-42.5539659893207,-41.9604014124633,-41.9576375093121,643.59,680.428,684.722,680.262,680.42,681.787,683.797,684.707,690.298,682.536,689.073,690.173,662.803,686.222,674.635,674.377,674.479,674.53,674.781,674.776,676.448,675.177,678.733,676.689,677.984,666.726,696.076,690.203,682.16,676.163,674.429,674.342,675.041,674.27,674.409,-842,-785,-847,-831,-829,-797,-864,-866,-850,-804,-811,-841,-750,-846,-896,-776,-832,-867,-844,-843,-811,-790,-812,-836,-835,-844,-803,-820,-829,-774,-803,-754,-859,-833,-778,TRUE
231709,"2026-04-20T21:05:56Z","2026-04-20T21:05:46Z","2026-04-20T21:03:14Z",6636,-36.50075107,-57.5975008692405,-57.501007326134,-43.5502429402757,-43.5493920700305,-43.9001594789528,-43.8998940051118,-43.9651277029682,-43.9634524571127,-44.0333953373049,-44.0337367504716,-44.1198092954462,-44.1201468080717,-44.2401408486418,-44.2403783826121,-44.3245281179778,-44.3243264891963,-44.3830259567013,-44.3832931223857,-44.43781732704,-44.43770606042,-44.4812214822301,-44.4814876735338,-44.5107013180402,-44.5099905864466,-52.2818388721464,-52.23901358498,-48.8584697520255,-48.8311254720726,-45.854703706192,-45.8381951565513,-43.7597069894632,-43.7485188541586,-42.3458016359765,-42.3428438483648,-41.1810191049742,-41.1772627198767,-41.1485139088979,-41.149855640737,-41.6955808756984,-41.6964410947779,-42.3506462707535,-42.3520711315085,-42.9221741665276,-42.9225951188713,-43.3426238906915,-43.343201714515,-43.6072808608991,-43.6074720942395,-43.7707397025619,-43.7713267119392,-53.0326182928827,-53.0365870307175,-51.0584426762074,-51.0606828651425,-50.0189429681097,-50.0238330716009,-49.0216317698222,-49.0264418173618,-47.2159812573326,-47.2143561579279,-45.5733700273497,-45.5755097334093,-44.5096003774351,-44.5101412338231,-43.5714918306162,-43.5698253916992,-42.6403594069235,-42.6387892926388,-42.0275215381114,-42.0246695362624,646.235,679.813,684.159,679.644,679.791,681.159,683.172,684.082,689.819,681.901,688.447,689.599,661.284,684.694,674.043,673.704,673.809,673.858,674.099,674.112,675.784,674.512,678.075,676.027,677.328,663.321,694.206,689.484,681.853,675.72,673.747,673.662,674.559,673.59,673.722,-844,-787,-841,-829,-817,-800,-865,-867,-857,-801,-813,-836,-761,-847,-895,-768,-829,-856,-840,-842,-804,-786,-808,-829,-839,-834,-806,-825,-829,-763,-812,-766,-868,-826,-770,TRUE
231709,"2026-04-21T09:05:52Z","2026-04-21T09:05:41Z","2026-04-21T09:03:14Z",6645,-36.48244807,-58.0971490930913,-57.9976698977461,-43.5506090248495,-43.5505227339345,-43.8946503609547,-43.8943130645679,-43.9630728796941,-43.9612998568091,-44.0311531659035,-44.0314693432769,-44.1202283454357,-44.1205814633809,-44.241981595336,-44.2421989634488,-44.3252082443826,-44.3249635088337,-44.3829554854443,-44.3831579776786,-44.4379104281062,-44.4378370316063,-44.4811870210794,-44.4814009544123,-44.5104403040191,-44.5097610649346,-52.8791080465059,-52.8354920930872,-49.2192478571679,-49.1889385617669,-45.9393199788723,-45.92253105554,-43.8388778970961,-43.8276898861724,-42.4073184280701,-42.4043002846114,-41.2125094888283,-41.2087354861457,-41.1657308365843,-41.1670533484032,-41.7009809518566,-41.7018298728439,-42.3490364032851,-42.3505016811888,-42.9179773265188,-42.9183614966471,-43.3382288562986,-43.3386424567431,-43.603798027729,-43.6039208753201,-43.7683385269519,-43.7689817633741,-53.6394089842116,-53.6433182268555,-51.614293280587,-51.6167300649029,-50.4844219839458,-50.490004289582,-49.3614883615521,-49.3669537178193,-47.3590372684262,-47.3576323777758,-45.6550325214781,-45.6572906799734,-44.5954962640848,-44.5959788101616,-43.6639943447835,-43.6623412845288,-42.7233372881517,-42.7216126292091,-42.0956472837268,-42.0927204388802,644.868,679.459,683.718,679.326,679.467,680.839,682.858,683.773,689.526,681.584,688.143,689.356,660.329,683.925,673.804,673.373,673.478,673.53,673.746,673.785,675.466,674.189,677.766,675.712,677.015,662.818,692.349,690.026,682.008,675.654,673.419,673.338,674.475,673.263,673.401,-833,-793,-847,-828,-822,-796,-863,-867,-855,-794,-809,-838,-751,-845,-897,-773,-827,-857,-840,-840,-812,-780,-815,-821,-833,-833,-800,-824,-830,-774,-804,-756,-855,-825,-784,TRUE
231709,"2026-04-21T21:05:56Z","2026-04-21T21:05:45Z","2026-04-21T21:03:14Z",6645,-36.48165494,-58.6290699802354,-58.5337235680531,-43.57030928114,-43.571547489497,-43.8920778897116,-43.8916167149764,-43.9600417015216,-43.9585250476554,-44.0303025465254,-44.0308774729521,-44.1214662516736,-44.1221706367178,-44.2430537201469,-44.2433810619113,-44.325251962504,-44.3249250416281,-44.3830390952928,-44.3832159808032,-44.4378317659733,-44.4377312497498,-44.4811636399594,-44.4813771280488,-44.5104248909675,-44.5097828112827,-53.3807423559899,-53.3366265432021,-49.5763336639874,-49.5438996241164,-46.0529625053827,-46.035410437052,-43.9159520261726,-43.9047248195426,-42.4689779506173,-42.4657990681054,-41.244384889721,-41.2404908297762,-41.1829764105746,-41.1842249530789,-41.7065093779064,-41.7073334862605,-42.347587484397,-42.348985847106,-42.9136805785455,-42.9141342271981,-43.3337609183409,-43.3342676357174,-43.6002492882757,-43.6004219806429,-43.7659831905554,-43.7665712267631,-54.1924457070379,-54.1965178508455,-52.1030004341972,-52.1056987733314,-50.9161692375705,-50.92209400449,-49.7129674429536,-49.7189686634462,-47.5565359840531,-47.5551944817472,-45.7640968257289,-45.7665342270018,-44.6851860035567,-44.685723581953,-43.7516141247303,-43.7499326299404,-42.8035954466515,-42.8019058450135,-42.1638063195807,-42.160878405195,644.26,679.213,683.453,679.121,679.256,680.624,682.654,683.57,689.333,681.376,687.943,689.229,659.645,684.181,673.671,673.128,673.234,673.29,673.473,673.548,675.232,673.952,677.544,675.475,676.793,661.029,691.726,691.893,682.39,675.696,673.165,673.099,674.506,673.016,673.151,-838,-786,-844,-831,-822,-798,-867,-870,-854,-812,-806,-841,-750,-848,-894,-769,-833,-858,-837,-846,-811,-781,-818,-832,-841,-831,-803,-816,-828,-770,-800,-760,-865,-831,-770,TRUE
231709,"2026-04-22T09:06:44Z","2026-04-22T09:06:31Z","2026-04-22T09:03:14Z",6654,-36.48726786,-57.7295605716209,-57.6362632780296,-43.5792844711627,-43.5797208416633,-43.8927889309523,-43.8921777038329,-43.9591852344653,-43.9576093441165,-44.030378249019,-44.0309142491757,-44.120987737861,-44.121731111386,-44.2429875128333,-44.2432884300891,-44.3248137062152,-44.3246245357636,-44.3830908852299,-44.3832420331502,-44.4377998808237,-44.4375947452445,-44.4812276937629,-44.4814213941232,-44.5105863439251,-44.5099038845184,-53.8873284618961,-53.8427698207997,-49.9276735489409,-49.8935115237546,-46.1903557811814,-46.1719894825378,-43.9944206019951,-43.9829453842153,-42.5303185974464,-42.5270525865497,-41.2766173025372,-41.2727677492773,-41.2003600939028,-41.201582715532,-41.712152550913,-41.7129993972101,-42.3463464834504,-42.3477315651534,-42.9096226294819,-42.9100662004155,-43.3295698772522,-43.3300046984878,-43.5968055108761,-43.5970082438413,-43.7636474535711,-43.7642719645511,-54.691506108963,-54.6956302001324,-52.5626401938555,-52.5654876273401,-51.3289170445643,-51.3351074191603,-50.0643234380425,-50.0706459176463,-47.7804444684361,-47.7791464501799,-45.895341824721,-45.8979599398,-44.7830523087064,-44.7837280897,-43.8376228185985,-43.8360103660207,-42.8813582734278,-42.8796131706021,-42.231299804933,-42.2282763030458,644.058,677.926,682.408,677.868,677.987,679.359,681.392,682.304,688.33,680.109,686.677,688.049,658.407,683.955,672.528,671.842,671.944,672,672.195,672.271,673.949,672.67,676.269,674.196,675.515,659.658,689.855,692.279,681.864,674.723,671.87,671.812,673.507,671.717,671.854,-841,-787,-842,-826,-820,-800,-862,-868,-851,-803,-813,-830,-751,-850,-897,-763,-833,-856,-837,-840,-803,-789,-813,-831,-830,-837,-808,-822,-825,-763,-808,-764,-858,-832,-774,TRUE
231709,"2026-04-22T21:05:42Z","2026-04-22T21:05:38Z","2026-04-22T21:03:14Z",6636,-36.48421736,-54.4472802088859,-54.3524271344492,-43.6110443744012,-43.613892596677,-43.8914267320073,-43.8909985572507,-43.9641198542452,-43.9629458000714,-44.0358580826931,-44.0369774255065,-44.1287023490652,-44.1298623313209,-44.2451243745144,-44.2455098592307,-44.3244894360524,-44.3242215461416,-44.3828788750386,-44.3830364173329,-44.4378290561614,-44.4376760589799,-44.481138492133,-44.4813647560871,-44.5105827682309,-44.5098617671296,-53.915969181262,-53.878994666293,-50.2453307119554,-50.2107456457769,-46.3454905797465,-46.326364404295,-44.0770142897377,-44.0654422982976,-42.5914284694817,-42.5880752349381,-41.3092197814752,-41.3053533570958,-41.2176012911411,-41.2188458594843,-41.7178358382154,-41.7186172373827,-42.3450853309828,-42.346450425724,-42.9055843364416,-42.9059380719408,-43.3251805363828,-43.3256226801231,-43.5932366705387,-43.5934104968735,-43.7611804055638,-43.7618547051979,-54.7688326958283,-54.7723187074229,-52.8844872466003,-52.8872123625984,-51.688423618979,-51.6946888436643,-50.4044138883321,-50.4110386019497,-48.0242780973477,-48.0230960984644,-46.0464601078414,-46.0493614776867,-44.8921166176591,-44.8927914873131,-43.9265116826062,-43.9249297155662,-42.9585430874528,-42.956776540837,-42.2985668313416,-42.2955549672921,651.624,678.504,682.705,678.472,678.586,679.965,682.01,682.924,688.676,680.715,687.303,688.754,659.285,685.229,673.267,672.407,672.517,672.568,672.699,672.845,674.532,673.241,676.862,674.779,676.113,660.823,690.628,695.165,683.419,675.671,672.441,672.406,674.396,672.3,672.433,-838,-787,-842,-831,-832,-800,-866,-874,-844,-806,-813,-840,-753,-849,-905,-764,-836,-860,-834,-841,-807,-783,-813,-822,-836,-839,-803,-820,-826,-772,-802,-762,-864,-826,-771,TRUE
231709,"2026-04-23T09:05:52Z","2026-04-23T09:05:47Z","2026-04-23T09:03:14Z",6636,-36.48440039,-53.1616900473991,-53.0702583094929,-43.6011667326612,-43.6045451677649,-43.8902666380522,-43.8898773452429,-43.9639307603705,-43.9628234189554,-44.035823140801,-44.0370579389812,-44.1289558544616,-44.1302810043135,-44.2452841257492,-44.2457935521725,-44.3244526973996,-44.3242096983906,-44.3828673631465,-44.3830247304174,-44.4377811090358,-44.4376416965711,-44.4811007852103,-44.4813726882426,-44.5105382908834,-44.5099219219808,-53.6728497799739,-53.6423005667246,-50.4403927456963,-50.4074847626259,-46.5125671226351,-46.4926185863431,-44.1652049619609,-44.153387165066,-42.6528357434846,-42.6494422766386,-41.342205343957,-41.3382471234224,-41.2348779450197,-41.2360486904846,-41.7234642947377,-41.7242616433958,-42.3438040256784,-42.3451893813491,-42.9014527791553,-42.9018628493177,-43.320731479807,-43.3211545563649,-43.5896939254961,-43.5897665907269,-43.7586935802273,-43.7593783965958,-54.448755128247,-54.4514579454492,-52.9156447419802,-52.9179911436982,-51.854400826621,-51.8600917009969,-50.6473321016127,-50.6537759459509,-48.2641776935257,-48.2630950959961,-46.2120970340041,-46.2152231717431,-45.0128915407927,-45.0137099541455,-44.0220092005371,-44.0202900229397,-43.037568351874,-43.0358185931345,-42.3664266943116,-42.3633723451442,655.551,680.087,683.803,680.063,680.166,681.555,683.608,684.529,689.773,682.304,688.923,690.457,661.047,687.842,675.016,673.938,674.051,674.104,674.129,674.38,676.074,674.774,678.421,676.32,677.667,662.912,691.677,698.514,686.139,677.616,673.954,673.949,676.223,673.816,673.954,-834,-787,-845,-829,-822,-789,-861,-868,-855,-807,-811,-836,-751,-848,-894,-772,-836,-868,-839,-848,-808,-783,-813,-828,-833,-832,-809,-822,-834,-773,-807,-756,-858,-830,-775,TRUE
231709,"2026-04-23T21:05:54Z","2026-04-23T21:05:44Z","2026-04-23T21:03:14Z",6645,-36.48647473,-51.4691897868867,-51.3784324524664,-43.5977360773747,-43.5995849232535,-43.8907365495034,-43.8902688540257,-43.9628286248971,-43.9613623487474,-44.0347486086153,-44.035610987985,-44.1268670524469,-44.1277545655886,-44.245008780792,-44.2453684184142,-44.3245745472726,-44.3243320499859,-44.3829926184378,-44.3831305805164,-44.4377683203548,-44.4376806249991,-44.4811452663976,-44.4813521986721,-44.5104669301301,-44.509863359644,-53.2705033665471,-53.2463279785017,-50.5147193746889,-50.4843288298584,-46.6783695726676,-46.6578840801994,-44.2590759171686,-44.2469876500746,-42.7149797521231,-42.7114264096653,-41.3754777796543,-41.3714963226833,-41.2522447159472,-41.2533827781149,-41.7293701684484,-41.7300411368668,-42.3427642021506,-42.3440825911519,-42.897413943992,-42.897847191754,-43.3163547282216,-43.3168181281526,-43.5860326661652,-43.5861815759485,-43.7563050897183,-43.7568888922555,-54.0069980581518,-54.0089936456305,-52.7753724554675,-52.7772437817812,-51.8579230466322,-51.862827527074,-50.7645745392796,-50.77052511424,-48.4664217419931,-48.4652661853724,-46.3823162722865,-46.3855802160487,-45.144003755372,-45.1449115053737,-44.124649673814,-44.1229399000987,-43.1196470419526,-43.1178649292983,-42.4355140229943,-42.4324435936324,660.389,681.444,684.769,681.44,681.54,682.935,685.002,685.919,690.732,683.691,690.333,691.971,663.028,690.641,676.642,675.311,675.42,675.481,675.416,675.772,677.473,676.162,679.839,677.722,679.078,665.071,694.918,701.52,688.836,679.487,675.354,675.384,677.932,675.221,675.36,-841,-786,-846,-825,-828,-801,-867,-869,-859,-807,-806,-837,-751,-850,-899,-767,-833,-854,-837,-845,-807,-783,-812,-829,-834,-834,-810,-825,-832,-772,-809,-759,-868,-822,-779,TRUE
231709,"2026-04-24T09:05:55Z","2026-04-24T09:05:47Z","2026-04-24T09:03:14Z",6645,-36.45676286,-55.7655529309333,-55.6738859852978,-43.5801365642723,-43.5811134178851,-43.8884750497613,-43.8878244874229,-43.9595830650416,-43.9580307443365,-44.032579769516,-44.0332799848927,-44.1241166760195,-44.1250231242295,-44.2438332003894,-44.244179415891,-44.3246901297643,-44.3243390537211,-44.3831029672902,-44.3831178174006,-44.4378575946158,-44.4376260541936,-44.4811650051887,-44.4813650716188,-44.5105548248639,-44.5098848223082,-53.0932846549299,-53.066136754431,-50.4967303849641,-50.4691264803611,-46.8310437747095,-46.8104321546273,-44.3583254341193,-44.3458316655072,-42.7787575009569,-42.7750455421882,-41.4093503213982,-41.4052436603907,-41.2699475436931,-41.2710326059772,-41.7355059146912,-41.7362269697792,-42.3420665036612,-42.3433782591511,-42.8938066654965,-42.8941570740469,-43.3122483596717,-43.3126728316133,-43.5826210011264,-43.5828130579657,-43.7538837018995,-43.7545958447013,-53.7535485121853,-53.7557051605282,-52.5629328081885,-52.5644084305973,-51.7479772263937,-51.7521901536737,-50.7728030180083,-50.7781038232272,-48.608620260386,-48.6074888283505,-46.5379323154737,-46.5411647087712,-45.276958079255,-45.2779088234482,-44.2306876869209,-44.2289034938033,-43.2030136923551,-43.2012048885461,-42.504861433443,-42.5017410448783,651.428,680.238,683.852,680.239,680.323,681.716,683.78,684.702,689.76,682.467,689.109,690.862,662.178,690.9,675.483,674.042,674.153,674.204,674.168,674.51,676.205,674.89,678.571,676.446,677.808,663.814,695.55,701.6,688.764,678.667,674.045,674.113,676.951,673.908,674.046,-841,-788,-849,-834,-819,-795,-866,-874,-851,-810,-812,-838,-745,-848,-901,-767,-834,-859,-839,-837,-814,-779,-821,-832,-830,-840,-801,-825,-835,-773,-814,-757,-865,-816,-773,TRUE
231709,"2026-04-24T21:06:35Z","2026-04-24T21:06:31Z","2026-04-24T21:03:14Z",6654,-36.45737296,-59.5627365536306,-59.4678950579522,-43.5720296377762,-43.5735666750029,-43.8872113839604,-43.8867374515441,-43.9595926309595,-43.9581250648071,-44.0325772767234,-44.0333429647676,-44.1235024700276,-44.1244276600495,-44.2427780363204,-44.2431633981148,-44.3247015372895,-44.3244934602886,-44.3829491932224,-44.3831329125151,-44.4378354538527,-44.4377272839532,-44.4812391068527,-44.4813742835685,-44.5105789089858,-44.5099089064301,-53.6410656082386,-53.6015064030679,-50.5320200869581,-50.5041841762225,-46.9625964200908,-46.9421759967486,-44.4605430520168,-44.4478207467771,-42.8444102211134,-42.84062093464,-41.4437128274743,-41.4395223427811,-41.2878289724806,-41.2888543335242,-41.7418917934042,-41.7425680894018,-42.341516389322,-42.342828203466,-42.8902323921493,-42.8906130205051,-43.3082011466524,-43.3086592914981,-43.5793735073607,-43.5795428678449,-43.7516525340661,-43.7523354770259,-54.3029522243776,-54.3063331021242,-52.6757488490933,-52.677621546627,-51.7677045491596,-51.7722004246836,-50.7817903677492,-50.7869872223483,-48.7008638870444,-48.6996201779051,-46.6723408026031,-46.6756419842248,-45.4055870187821,-45.4065529000217,-44.3378967943892,-44.3361556014215,-43.2878753323928,-43.2860386910904,-42.5749896291499,-42.5718857201803,643.261,677.887,682.042,677.886,677.959,679.348,681.41,682.33,687.888,680.092,686.73,688.622,659.258,688.767,672.535,671.681,671.792,671.845,671.863,672.158,673.852,672.538,676.219,674.096,675.456,659.866,692.285,699.682,687.43,676.785,671.68,671.81,674.911,671.553,671.69,-838,-786,-838,-830,-827,-793,-857,-867,-848,-800,-805,-831,-755,-842,-893,-766,-835,-860,-839,-847,-805,-775,-815,-834,-833,-838,-802,-818,-828,-766,-802,-759,-862,-831,-775,TRUE
231709,"2026-04-25T09:05:52Z","2026-04-25T09:05:43Z","2026-04-25T09:03:14Z",6654,-36.46322992,-60.9001249645081,-60.8114210074515,-43.5644976321096,-43.5652996354133,-43.8863034343625,-43.8857052353261,-43.9579577370291,-43.9563667686354,-44.0309616532035,-44.0316223847492,-44.122038087065,-44.122840250224,-44.2427931537381,-44.2430417020338,-44.324700063173,-44.3243754733181,-44.3829819465628,-44.3830163438397,-44.4378999984593,-44.4376811595132,-44.4812608478304,-44.4814478028649,-44.5105392373219,-44.5098494680041,-54.5565715863177,-54.5088154643944,-50.7571747593947,-50.7257840515553,-47.0778520808228,-47.0575074931741,-44.5629495657722,-44.5499088386528,-42.9120251598174,-42.9079803038075,-41.4784213669784,-41.4742155190008,-41.3058410237856,-41.3068409625658,-41.7484124946626,-41.749084785095,-42.3411876599712,-42.3424659688321,-42.8867775044278,-42.8871951071494,-43.3043121444005,-43.3047445236943,-43.5760206605392,-43.5762068418607,-43.7494803539468,-43.750068479818,-55.2391611186028,-55.2432557506359,-53.1805647693903,-53.1830300799575,-52.0700061415756,-52.0754477068585,-50.9422371892009,-50.9479315235247,-48.7949320149847,-48.7937013500377,-46.7887146147221,-46.7920088342025,-45.5266501551703,-45.5276638019002,-44.445175213139,-44.4433919630196,-43.3746358743958,-43.3727105374843,-42.6465770445946,-42.6433555317666,637.869,675.285,679.999,675.308,675.365,676.751,678.816,679.731,685.805,677.499,684.119,686.149,656.21,685.631,669.379,669.08,669.195,669.252,669.326,669.567,671.257,669.952,673.628,671.508,672.875,656.116,687.981,696.539,685.669,674.667,669.098,669.295,672.616,668.967,669.109,-831,-790,-837,-827,-822,-805,-867,-866,-849,-802,-809,-841,-754,-851,-896,-770,-833,-865,-840,-843,-805,-778,-813,-829,-839,-829,-807,-824,-833,-775,-812,-756,-864,-829,-778,TRUE
231709,"2026-04-25T21:05:44Z","2026-04-25T21:05:33Z","2026-04-25T21:03:14Z",6645,-36.47085617,-59.6291295600338,-59.5319424852094,-43.5820088234194,-43.5833816645563,-43.8864761685642,-43.8858062705026,-43.9608849273008,-43.9594058864888,-44.0340691954949,-44.0348207608051,-44.1246199606168,-44.1254679083056,-44.242739496819,-44.2430984447069,-44.3245422453138,-44.3241664505199,-44.3828184331186,-44.3828854369489,-44.4379698387507,-44.4377764252142,-44.4812371018565,-44.4814238855289,-44.5105617982311,-44.5098842417924,-55.382949553142,-55.333607647878,-51.1282113324944,-51.0929491413378,-47.1959870622125,-47.1755302608588,-44.6630148039805,-44.6498506472897,-42.9810253297554,-42.9769387385613,-41.5133595995368,-41.509152133559,-41.3239494367041,-41.32487621692,-41.755000200539,-41.7556278363363,-42.3409125992875,-42.3421238562727,-42.8834752454756,-42.8837903019779,-43.3003238523171,-43.3007766948998,-43.5727136628774,-43.5729166171098,-43.7471309062659,-43.7478014047332,-56.1697069196272,-56.1742910875804,-53.8350917175797,-53.83821594798,-52.5498147303109,-52.5562674838218,-51.2597644601603,-51.2662721121793,-48.9445984445275,-48.9434600267731,-46.9055065445042,-46.9088007211733,-45.6419298031637,-45.6429646041952,-44.5514408930134,-44.5497121943829,-43.4629191587417,-43.4610095296874,-42.7197121844108,-42.7165194080022,638.817,673.207,678.372,673.248,673.302,674.686,676.752,677.666,684.114,675.435,682.052,684.215,672.335,683.068,667.241,667.026,667.146,667.207,667.318,667.529,669.22,667.918,671.593,669.472,670.844,653.634,685.864,694.31,684.389,673.091,667.069,667.344,670.827,666.939,667.077,-843,-792,-843,-833,-826,-793,-868,-869,-843,-806,-812,-831,-752,-847,-905,-768,-831,-858,-843,-843,-811,-782,-815,-829,-832,-838,-812,-816,-834,-768,-807,-757,-863,-825,-773,TRUE
231709,"2026-04-26T09:06:39Z","2026-04-26T09:06:29Z","2026-04-26T09:03:14Z",6645,-36.46664648,-56.5858189866225,-56.4926085914942,-43.5361601785276,-43.5356636299483,-43.8857037139913,-43.88507927984,-43.9570056969601,-43.9553089479836,-44.0295343502204,-44.0299488379145,-44.1171328242369,-44.1176885937789,-44.2402169620114,-44.2405242891435,-44.3249412907195,-44.3246233279849,-44.3829881967587,-44.3830420761076,-44.4379523825784,-44.4377335265571,-44.4813169673879,-44.4814909314006,-44.5105265407676,-44.5099081381935,-55.6203907479563,-55.5771510429259,-51.5093223715654,-51.4722126049431,-47.3340015207044,-47.3130076645541,-44.7608920817697,-44.7475853291866,-43.0509953870142,-43.0468145360035,-41.5488468515188,-41.5444951429618,-41.3422837898898,-41.3431990365458,-41.7618920561109,-41.7624277252058,-42.3408522199384,-42.3421439805967,-42.8802924155806,-42.8806380271124,-43.296553231629,-43.2969736828697,-43.5695511470118,-43.569796988751,-43.7449060726507,-43.7456259877752,-56.4812646256112,-56.4852440575996,-54.3196845810253,-54.3227393667194,-53.0163622651179,-53.0230892895655,-51.6461590874915,-51.6531281804388,-49.158304129485,-49.1572556224338,-47.0390569054249,-47.0425151757707,-45.7572811735131,-45.7583501737013,-44.6563048060319,-44.6544869341629,-43.5518113136168,-43.549864404108,-42.7940835733167,-42.7908389604642,642.308,669.702,675.678,669.717,669.754,671.132,673.189,674.096,681.311,671.866,678.459,680.765,671.034,680.159,664.45,663.455,663.572,663.627,663.838,663.956,665.64,664.342,668.004,665.886,667.254,651.804,682.532,690.846,681.528,669.955,663.474,663.845,667.434,663.332,663.471,-842,-789,-845,-828,-821,-794,-869,-868,-850,-802,-811,-837,-752,-845,-896,-771,-826,-857,-843,-845,-803,-780,-808,-829,-828,-839,-807,-822,-832,-768,-811,-766,-869,-827,-780,TRUE
231709,"2026-04-26T21:06:28Z","2026-04-26T21:06:20Z","2026-04-26T21:03:14Z",6610,-36.42973543,-41.4380160357178,-41.3482433941849,-43.4815330189914,-43.4800134479301,-43.8874205007157,-43.8870297862858,-43.9615276693625,-43.9594754627214,-44.0333974698283,-44.0335434622732,-44.1172959589131,-44.117447810534,-44.238219812853,-44.2382947542167,-44.3244404087085,-44.3242190995828,-44.3829994988518,-44.3831821901574,-44.4381063598958,-44.4380273633167,-44.481335152238,-44.4816337363875,-44.5106059976262,-44.5099149845572,-54.3294026547619,-54.3209929314284,-51.73809049394,-51.7035375896596,-47.4962389539575,-47.474436973249,-44.8601741619654,-44.8465706044213,-43.1219787814199,-43.1175850837568,-41.5846441627449,-41.5802165878269,-41.3604072245908,-41.3613927643812,-41.7684713878297,-41.769091216435,-42.3405838665158,-42.3418421150066,-42.8768768343087,-42.8772860617334,-43.2925512403428,-43.2929855557117,-43.5661386122062,-43.5663422360791,-43.7425367718669,-43.7432342568188,-55.1947287992632,-55.1950572938689,-54.2489315527736,-54.2507951384923,-53.223552418703,-53.2292858574157,-51.9495501376883,-51.9563685230405,-49.4035533490712,-49.4025868606507,-47.1972563310758,-47.200825484373,-45.8801382958115,-45.8812544766155,-44.762361880036,-44.7604874422832,-43.6416984940666,-43.6397531260129,-42.869886626504,-42.866662795997,670.871,669.84,675.626,669.828,669.853,671.237,673.299,674.208,681.154,671.966,678.578,680.981,671.932,680.868,665.915,663.545,663.663,663.723,663.872,664.064,665.749,664.446,668.135,666.002,667.382,658.561,684.354,690.688,682.526,670.619,663.59,664.09,667.625,663.453,663.593,-844,-786,-848,-832,-832,-797,-872,-872,-844,-806,-813,-832,-755,-842,-899,-760,-824,-866,-836,-837,-805,-780,-809,-828,-834,-837,-804,-827,-828,-774,-809,-763,-862,-828,-777,TRUE
231709,"2026-04-27T09:05:43Z","2026-04-27T09:05:36Z","2026-04-27T09:03:14Z",6628,-36.41881464,-44.4856650084071,-44.397857089704,-43.5104465042899,-43.5119591211941,-43.8802718632864,-43.8800908642701,-43.960107675466,-43.9584502864577,-44.0319549759298,-44.0325044471914,-44.1210649696301,-44.1216156749125,-44.2411240194904,-44.2414911348705,-44.3244828604211,-44.324309268834,-44.3827240436448,-44.3829590116069,-44.4378315943875,-44.4377127192763,-44.4812135329797,-44.4814339054209,-44.5105779954047,-44.50984650467,-52.843859305678,-52.8421141028072,-51.4966409978645,-51.4717115271176,-47.6660411972795,-47.6438044006823,-44.9636736176873,-44.9498199452612,-43.1938996925728,-43.1893800981908,-41.6207305914439,-41.6162749796688,-41.3785859456763,-41.3794165963001,-41.7749686451639,-41.775523473862,-42.3402282963191,-42.3414664578617,-42.8733813129243,-42.873774280505,-43.2884301123914,-43.2888585027246,-43.5626206853077,-43.5628281832046,-43.7399704800414,-43.7406655066957,-53.478870055641,-53.4783509551074,-53.2482496659629,-53.2486480028803,-52.7102095614166,-52.7132275617801,-51.8508459774982,-51.8559074489686,-49.5921050012238,-49.5909212744077,-47.3661920495755,-47.3699519770836,-46.0125322218015,-46.0137577229589,-44.8717139570014,-44.8698420281852,-43.7324789849682,-43.7304296472005,-42.94630623322,-42.9430958758254,664.724,671.89,677.046,671.945,671.969,673.359,675.439,676.352,682.526,674.098,680.744,683.219,673.298,684.578,669.224,665.607,665.733,665.795,665.803,666.138,667.833,666.513,670.232,668.087,669.477,661.265,687.309,694.238,685.667,673.338,665.655,666.313,669.647,665.514,665.659,-843,-791,-843,-832,-829,-791,-863,-871,-851,-805,-803,-842,-751,-854,-897,-756,-830,-852,-835,-842,-808,-776,-809,-828,-827,-841,-801,-813,-837,-775,-804,-764,-869,-824,-779,TRUE
231709,"2026-04-27T21:05:48Z","2026-04-27T21:05:39Z","2026-04-27T21:03:14Z",6645,-36.42027888,-48.7214296577602,-48.6200041715786,-43.5157488983885,-43.5167601830301,-43.879636536374,-43.8792400486689,-43.9570150461993,-43.9554173440429,-44.0298079516845,-44.0304155510977,-44.1199750589631,-44.1206981130227,-44.2415886419877,-44.2418965519598,-44.3242595723717,-44.3240425245358,-44.3828153666656,-44.3829402603165,-44.4377585767349,-44.4376385895919,-44.4811549356863,-44.4814073317539,-44.5105375046908,-44.5098692261942,-51.7089673211558,-51.711488577236,-51.0861010995547,-51.0679754458321,-47.8006639096271,-47.7788019175489,-45.0712712750752,-45.057168955128,-43.2668808460535,-43.2622559668342,-41.6573839731595,-41.6528939068214,-41.3969426242102,-41.3978505100054,-41.7816548107772,-41.7822396112536,-42.3401209539446,-42.3413188776051,-42.8701314936714,-42.8704485428248,-43.2843879749701,-43.2848830695789,-43.5591749038314,-43.5593336467487,-43.7375156724453,-43.7382015094803,-52.2193701019091,-52.2179185192304,-52.3596675522983,-52.3591636501187,-52.0725750594962,-52.074074277529,-51.4912190717029,-51.4948452546747,-49.6244409528871,-49.6231549963754,-47.5098424503007,-47.5134704715354,-46.1481440277252,-46.1493303295443,-44.9846382749962,-44.9827825572026,-43.824313861869,-43.8222911111971,-43.023327343841,-43.0200899985752,657.791,672.652,677.585,672.741,672.753,674.15,676.244,677.152,682.978,674.888,681.555,684.12,674.109,686.759,670.261,666.352,666.477,666.54,666.465,666.894,668.592,667.261,671,668.843,670.25,662.915,688.842,695.171,687.26,674.783,666.418,667.257,670.32,666.263,666.405,-841,-790,-842,-834,-833,-797,-867,-869,-847,-805,-812,-835,-755,-855,-900,-769,-837,-860,-842,-848,-804,-781,-812,-826,-837,-839,-807,-824,-836,-765,-811,-759,-866,-830,-779,TRUE
231709,"2026-04-28T09:05:41Z","2026-04-28T09:05:31Z","2026-04-28T09:03:14Z",6654,-36.43028452,-53.4561839122988,-53.3600236853679,-43.5615459498668,-43.5639494084571,-43.8776011822657,-43.8771267500275,-43.9592483424215,-43.9579591648623,-44.0341683593874,-44.0350544504612,-44.1265937812461,-44.1276218642459,-44.2431724211227,-44.2435511365457,-44.3236616809769,-44.3233427081523,-44.3825279956754,-44.3826012856176,-44.4377636032612,-44.4376098254186,-44.4812795767373,-44.4814016786823,-44.5105091403932,-44.5098000921957,-51.5277463497601,-51.5183187490488,-50.6809148110377,-50.6664157783274,-47.8767271856306,-47.8560385038693,-45.179589602904,-45.1651817793264,-43.341242357611,-43.3364470896433,-41.6946982107495,-41.690106244821,-41.4155725016936,-41.4164417970523,-41.788604319675,-41.7891107845253,-42.3401679162579,-42.3414127923572,-42.8669612568996,-42.8673554432258,-43.2804975028725,-43.2809866373652,-43.5558012792789,-43.5560031521807,-43.7350607732257,-43.7357636343596,-51.944544115739,-51.9441458313446,-51.7656860642461,-51.7651556188628,-51.5122838279521,-51.5131861969397,-51.0736837082623,-51.0763956203547,-49.5365429559825,-49.5351121183591,-47.5986467919802,-47.6021283656278,-46.2709050320828,-46.2720953775132,-45.097051149417,-45.0950949085321,-43.9167021879655,-43.9146272333093,-43.1007693689242,-43.0974117337369,651.404,672.229,677.229,672.372,672.382,673.78,675.875,676.792,682.55,674.527,681.198,683.861,674.296,687.113,669.57,665.968,666.096,666.155,666.06,666.524,668.222,666.88,670.635,668.467,669.886,661.329,688.634,695.32,687.429,675.026,666.055,667.092,669.843,665.866,666.016,-845,-783,-839,-831,-830,-801,-862,-868,-848,-801,-807,-841,-758,-845,-898,-762,-836,-862,-836,-843,-811,-777,-812,-822,-836,-838,-810,-830,-833,-772,-809,-755,-861,-828,-778,TRUE
231709,"2026-04-28T21:05:36Z","2026-04-28T21:05:30Z","2026-04-28T21:03:14Z",6645,-36.41710636,-51.2993264249897,-51.2407121331415,-43.5073893417044,-43.5070750032524,-43.8794270028326,-43.8788274091799,-43.9581455493986,-43.9563246949342,-44.0312407286421,-44.031541963734,-44.1191334093633,-44.1194162576022,-44.2404771014428,-44.2406094557911,-44.3244794305662,-44.3241645735956,-44.382704357001,-44.3827901892428,-44.4378637538272,-44.4377763608445,-44.4811024260287,-44.4813354685174,-44.5104177198858,-44.5097435300897,-52.2238519949711,-52.1981874541517,-50.4910077084831,-50.4748297809701,-47.9006271454511,-47.8813270244814,-45.2817912315194,-45.2672705908384,-43.4166964280318,-43.411784424392,-41.7324008207617,-41.7277276512485,-41.4343731060619,-41.435217567851,-41.7955935938155,-41.7961166115677,-42.3403826006343,-42.3415603723755,-42.863877261757,-42.86416905317,-43.276686060172,-43.2771163828423,-43.5524866693681,-43.5526724867012,-43.732717374837,-43.7333649917907,-52.6270652027321,-52.6284070758032,-51.7568172820365,-51.7569568932055,-51.3046132934117,-51.3063642074875,-50.8000028633174,-50.8027131283127,-49.4024005621853,-49.4008661626277,-47.6370130733015,-47.6401283388257,-46.3712081575761,-46.3723458740312,-45.2047838444013,-45.202853776729,-44.0095511227252,-44.0075741763087,-43.1790084412778,-43.1757616975826,650.344,672.386,677.311,672.494,672.493,673.896,675.995,676.913,682.496,674.631,681.324,684.076,674.591,686.364,669.572,666.064,666.188,666.259,666.11,666.631,668.333,666.991,670.754,668.585,670.006,658.878,688.026,695.225,687.803,675.624,666.202,667.459,669.895,665.97,666.122,-837,-781,-843,-833,-822,-794,-863,-871,-848,-813,-811,-839,-759,-856,-900,-774,-833,-857,-837,-849,-807,-788,-818,-827,-834,-838,-811,-819,-825,-768,-809,-758,-862,-824,-781,TRUE
231709,"2026-04-29T09:06:35Z","2026-04-29T09:05:39Z","2026-04-29T09:03:14Z",6654,-36.44840449,-55.5447694666101,-55.4536331069593,-43.5697174700571,-43.5706884313739,-43.8798789744847,-43.8790194084148,-43.9587031653819,-43.9571588939868,-44.033374461945,-44.0341253301023,-44.1238540030511,-44.1246445122439,-44.2413828946571,-44.2416894004136,-44.3236395981199,-44.3232519780327,-44.3823942854469,-44.3824290450735,-44.4378482120569,-44.4376539160794,-44.4812537909799,-44.4814207438645,-44.5104864175495,-44.5097298437998,-53.1922444156764,-53.1600696659854,-50.5881816773041,-50.5670317738237,-47.8996165995111,-47.8814393497329,-45.3723946658635,-45.3581061187011,-43.4926406080282,-43.4875529524874,-41.7707553019499,-41.7660421125164,-41.4536916117212,-41.454443385986,-41.8030762920342,-41.8035415563294,-42.3409595609599,-42.3421842292236,-42.8612118723917,-42.8615479722113,-43.273191484343,-43.2735959616352,-43.5493692022664,-43.549571595135,-43.7304461022879,-43.7311759903987,-53.6916913352729,-53.6937506708871,-52.2425456012155,-52.2436809242058,-51.497682398632,-51.500864028979,-50.7849738217035,-50.7884330422187,-49.3077322551396,-49.3061805643839,-47.6454349618671,-47.6480594948571,-46.4460477332279,-46.4470785841617,-45.3016481240547,-45.2997783330904,-44.1001767402755,-44.0980976547363,-43.2574672052341,-43.2541322071984,639.533,668.727,674.618,668.899,668.883,670.279,672.373,673.298,679.731,671.02,677.684,680.562,672.55,682.384,665.89,662.446,662.57,662.637,662.607,663.018,664.708,663.372,667.127,664.957,666.381,655.094,684.82,693.624,683.945,672.245,662.633,664.112,666.432,662.333,662.488,-837,-790,-840,-831,-823,-794,-867,-877,-851,-807,-810,-834,-762,-845,-903,-762,-831,-864,-838,-847,-808,-774,-810,-832,-840,-832,-800,-823,-837,-772,-811,-759,-866,-830,-778,TRUE
231709,"2026-04-29T21:05:45Z","2026-04-29T21:05:36Z","2026-04-29T21:03:14Z",6636,-36.43266391,-60.408409678078,-60.3161280290879,-43.514073019764,-43.5167903074126,-43.874248652063,-43.8740679565335,-43.957249290548,-43.9557901754848,-44.0316058245075,-44.0324325254909,-44.12128731923,-44.1223064465568,-44.2402448524113,-44.2407220563321,-44.3241041664453,-44.3238936500768,-44.3822547320527,-44.3824510308518,-44.4376330301365,-44.4375584865433,-44.481132315293,-44.4813392840533,-44.5103997480102,-44.509686268144,-53.5269878571558,-53.4926551822657,-50.7964323209621,-50.7726192720021,-47.9082745649944,-47.8904874046817,-45.4508330156144,-45.4366590021943,-43.5680413206662,-43.5628568182037,-41.8096181816887,-41.8048314340353,-41.4729419657737,-41.4736692149746,-41.8104496605711,-41.8109316468788,-42.3414291755941,-42.3425934220161,-42.8583137101095,-42.8587005782282,-43.2694390582108,-43.2698771788776,-43.5461134586775,-43.546339152053,-43.7281156688175,-43.7288558316705,-54.0198263601938,-54.021518368284,-52.5869513207109,-52.5881200482575,-51.7784379056856,-51.7821868820221,-50.9467035518828,-50.9508152355856,-49.3046603694333,-49.303236921941,-47.6543813354197,-47.6569657243612,-46.5018422079624,-46.5028076534936,-45.3845555998835,-45.3826700534587,-44.185870123859,-44.183732980521,-43.3345151226144,-43.3311972423235,631.193,667.76,673.752,667.877,667.852,669.246,671.343,672.255,678.759,669.978,676.645,679.615,671.343,680.774,664.984,661.387,661.505,661.572,661.534,661.963,663.655,662.31,666.072,663.902,665.33,652.792,683.837,692.447,682.389,671.323,661.63,663.345,665.527,661.266,661.417,-843,-785,-847,-830,-827,-796,-866,-876,-848,-807,-806,-844,-750,-843,-903,-772,-828,-864,-835,-848,-807,-779,-816,-828,-841,-835,-804,-824,-832,-774,-808,-758,-860,-832,-777,TRUE
231709,"2026-04-30T09:05:44Z","2026-04-30T09:05:34Z","2026-04-30T09:03:14Z",6645,-36.42400049,-57.086144745921,-56.9929993092675,-43.5015833579244,-43.5023717763474,-43.8758070258649,-43.8754685532198,-43.9601196800911,-43.958487975262,-44.0333614307087,-44.0337925119019,-44.1213407571206,-44.1217475278232,-44.2405444988627,-44.2408661377748,-44.3239826911453,-44.3237695092139,-44.382219576068,-44.3824934223462,-44.4375901922045,-44.4375040431114,-44.4809327376133,-44.481205174273,-44.5102926297242,-44.5096591130346,-54.3021310657774,-54.2619848026207,-51.0410960198617,-51.0140991375019,-47.9450199077685,-47.9272025859663,-45.520458457401,-45.5064359089607,-43.6419092115407,-43.6366466131047,-41.8487922503863,-41.8438509376699,-41.4921582773157,-41.4928201605826,-41.8175580458818,-41.818022775426,-42.3416908163845,-42.3429019917258,-42.8553821710752,-42.8557399450197,-43.265600517384,-43.2659930288281,-43.5426470620795,-43.5428371568657,-43.7255291191267,-43.7262537485143,-54.8087716477279,-54.810633253157,-53.0567290177594,-53.0578988090778,-52.0977388981055,-52.101786367466,-51.1518664257497,-51.1564732998374,-49.369508691741,-49.3681261997417,-47.6882784045862,-47.6908703434809,-46.5540858890091,-46.5550206487515,-45.4597171713241,-45.4578000852067,-44.2684805512838,-44.2664186383823,-43.4115686949612,-43.4081750101919,638.601,670.01,675.34,670.154,670.124,671.529,673.639,674.557,680.26,672.257,678.961,681.976,672.951,680.837,667.593,663.617,663.739,663.808,663.615,664.202,665.902,664.538,668.338,666.152,667.596,652.614,684.405,693.945,683.991,673.652,663.939,665.906,667.807,663.494,663.648,-835,-794,-841,-834,-818,-796,-868,-865,-853,-805,-804,-842,-752,-844,-892,-764,-831,-858,-830,-843,-810,-789,-814,-825,-834,-832,-800,-816,-836,-768,-804,-759,-862,-830,-782,TRUE
231709,"2026-04-30T21:05:47Z","2026-04-30T21:05:36Z","2026-04-30T21:03:14Z",6645,-36.41527606,-56.104795041571,-56.0122375298992,-43.4790841599452,-43.4780878332881,-43.8773424642055,-43.8769444805186,-43.9619174592966,-43.9600018350453,-44.0352648721025,-44.0355275122245,-44.1210919847885,-44.1212462496607,-44.2399080708583,-44.2400871475055,-44.3233910348997,-44.3231685642357,-44.3823093089462,-44.3824853458383,-44.4376410263388,-44.4375625606078,-44.4809604942521,-44.4812268939012,-44.5102038488783,-44.5095463779824,-54.4454563855699,-54.4124863047501,-51.3276391722242,-51.2986813881124,-48.0068341951472,-47.9885968041503,-45.5847669284893,-45.5709524140272,-43.7130493516326,-43.7077331606272,-41.8883445271879,-41.8833776033383,-41.5114562483497,-41.512086900718,-41.8247399800874,-41.8252078049442,-42.3420665036612,-42.343183727857,-42.8523374747626,-42.8527525528093,-43.2616890608118,-43.2620756071645,-43.5390949632578,-43.5393152598318,-43.7229818589922,-43.7236908910334,-55.0255916546753,-55.0272201936246,-53.4461043041594,-53.447396832075,-52.4610197147974,-52.4654160087167,-51.4345716668224,-51.4395425661943,-49.4903706897991,-49.48909153364,-47.7482587541004,-47.7509689160591,-46.6120705553838,-46.6129637017192,-45.5315226561415,-45.5296239216878,-44.3482539876029,-44.3460294500869,-43.487614417725,-43.4842763263692,641.676,673.151,677.618,673.303,673.267,674.686,676.81,677.733,682.435,675.423,682.171,685.232,675.317,682.116,671.017,666.748,666.862,666.93,666.552,667.339,669.055,667.67,671.514,669.302,670.765,655.849,686.488,695.059,686.662,676.848,667.181,669.399,671.048,666.635,666.787,-836,-783,-844,-827,-824,-801,-870,-873,-853,-797,-803,-833,-754,-848,-899,-765,-827,-864,-835,-838,-806,-786,-818,-828,-834,-836,-805,-824,-833,-774,-810,-757,-861,-834,-780,TRUE
231709,"2026-05-01T09:05:38Z","2026-05-01T09:05:27Z","2026-05-01T09:03:14Z",6645,-36.39929144,-57.6942681446831,-57.6010163193848,-43.4962405894339,-43.4963683514304,-43.8726296222387,-43.8721858327021,-43.9607102865807,-43.9589953535554,-44.0346967909855,-44.0350203140595,-44.1240891404991,-44.1244541832138,-44.2422617651472,-44.2425184837972,-44.3230352354751,-44.3228201764098,-44.3820280471324,-44.3821717451404,-44.4373199561146,-44.4372411136477,-44.4807536187022,-44.4810393466523,-44.5102376757987,-44.5095014605296,-54.5404813080999,-54.5075934796214,-51.5183488004468,-51.4895910310238,-48.0935653370356,-48.0748799077244,-45.6490046221587,-45.6352061581287,-43.7817594660197,-43.7764011899005,-41.9283418388843,-41.9233292866143,-41.530876605643,-41.5314625157073,-41.8319818997722,-41.8323106631057,-42.3423348502268,-42.3435057103357,-42.849325866991,-42.8496652043376,-43.2577178904347,-43.2581777613998,-43.535549247109,-43.5357997426125,-43.7202703627239,-43.7209771684662,-55.1195368589356,-55.1211205602437,-53.6162770170093,-53.6174593409729,-52.6723244105389,-52.6766258942725,-51.6580337301885,-51.6629881588028,-49.6445769818928,-49.6432818091507,-47.833512768837,-47.8362827887727,-46.679316320361,-46.6801793380001,-45.6027390141178,-45.6008581603992,-44.4248564769038,-44.4228038015291,-43.5620249937994,-43.5585118524438,642.207,677.395,680.749,677.608,677.571,679.004,681.151,682.08,685.497,679.745,686.551,689.627,678.087,684.646,675.814,670.986,671.083,671.153,670.543,671.575,673.297,671.883,675.778,673.544,675.023,658.238,689.237,697.726,690.913,681.109,671.497,673.977,675.501,670.834,670.997,-844,-785,-841,-833,-820,-797,-863,-874,-848,-804,-805,-836,-760,-847,-894,-767,-828,-863,-837,-843,-807,-782,-815,-830,-829,-839,-800,-819,-831,-767,-805,-759,-863,-823,-775,TRUE
231709,"2026-05-01T21:05:36Z","2026-05-01T21:05:26Z","2026-05-01T21:03:14Z",6645,-36.41057829,-59.1344240692131,-59.0420238986751,-43.4962740927436,-43.4969414751149,-43.871293928874,-43.8709681057431,-43.9590833301523,-43.9574740420361,-44.03399148007,-44.034509131981,-44.1232635891408,-44.123911255472,-44.2414524975236,-44.2418263147987,-44.322512376188,-44.3222779524066,-44.3819749400223,-44.3821771845884,-44.4371097742479,-44.4370632645159,-44.4807682192689,-44.480988967722,-44.5102489246289,-44.509603032306,-54.8079611024112,-54.7727298614402,-51.6823338953874,-51.6532299909933,-48.193722974408,-48.174532457368,-45.7158023250609,-45.7020267260723,-43.8484207729813,-43.8430583410759,-41.9687765523754,-41.9636510961392,-41.5505416004261,-41.5511033429283,-41.8393040824789,-41.8396698703612,-42.3427574935513,-42.3438880622138,-42.8463473526635,-42.8466974753926,-43.253805943017,-43.25423342376,-43.5320362300899,-43.5322577482122,-43.7175850175687,-43.7182961104363,-55.4056321337558,-55.407179942662,-53.8260908798985,-53.8272312412168,-52.8633164957833,-52.867627001057,-51.8415334801064,-51.8465526315522,-49.7945963861088,-49.7932540991327,-47.9341626909972,-47.9370489492924,-46.7564345305926,-46.7573856468237,-45.675336994559,-45.6733974904967,-44.49920769781,-44.4971212078602,-43.6341495719864,-43.6307111762771,641.672,681.563,683.916,681.806,681.761,683.209,685.379,686.31,688.539,683.959,690.817,693.923,680.915,686.963,681.102,675.142,675.221,675.293,674.467,675.725,677.462,676.026,679.97,677.713,679.209,660.092,691.673,700.88,694.617,685.442,675.78,678.51,680.144,674.976,675.14,-841,-792,-838,-834,-820,-795,-869,-869,-855,-812,-810,-844,-757,-849,-905,-771,-826,-864,-845,-847,-801,-780,-811,-827,-833,-839,-804,-824,-828,-772,-807,-764,-866,-825,-773,TRUE
231709,"2026-05-02T09:06:26Z","2026-05-02T09:06:19Z","2026-05-02T09:03:14Z",6654,-36.39380054,-52.5709262594028,-52.4806906976712,-43.5313240891661,-43.5318210047293,-43.8700509913949,-43.8693142837088,-43.9559195693245,-43.954269006298,-44.0326098088444,-44.033235110574,-44.1238950296372,-44.1246349036267,-44.24148612936,-44.2418128468199,-44.3223002463952,-44.3219089204021,-44.3817104222731,-44.3817056699736,-44.4372454827365,-44.4370140902779,-44.4807998744419,-44.480954597859,-44.5101679937973,-44.5094854368109,-54.9731522326032,-54.9423983132957,-51.8717055377387,-51.8417823093756,-48.2986274386121,-48.2791391283053,-45.7862958900443,-45.7724416823321,-43.913746267037,-43.908293592575,-42.0098097119164,-42.0045921018478,-41.5707907799648,-41.5712402872952,-41.8471665782408,-41.8474883906002,-42.3436698559475,-42.3447533756038,-42.8438540639766,-42.8442153841407,-43.25026383443,-43.2507183278056,-43.5288256648987,-43.5290638728729,-43.7152278636893,-43.715890275874,-55.6508681152865,-55.6522106227637,-54.0955724754979,-54.0967185427819,-53.0975826568889,-53.1019955009474,-52.0412327365669,-52.0462621384951,-49.9403654507321,-49.9390493871911,-48.0396655567747,-48.042601602455,-46.84030564944,-46.8412638041128,-45.7488919414179,-45.7470217257492,-44.5710818597413,-44.5689057090028,-43.7038714945617,-43.7004353520726,654.475,681.6,684.068,681.89,681.84,683.286,685.451,686.398,688.627,684.036,690.907,694.102,681.737,686.662,682.441,675.199,675.25,675.317,674.471,675.762,677.496,676.052,680.007,677.742,679.25,661.371,691.779,701.148,694.305,685.588,675.949,678.908,681.036,674.976,675.144,-843,-789,-846,-830,-822,-790,-870,-861,-853,-800,-809,-840,-758,-845,-897,-766,-828,-861,-837,-844,-800,-778,-819,-821,-835,-832,-802,-824,-833,-773,-803,-759,-868,-832,-774,TRUE
231709,"2026-05-02T21:05:43Z","2026-05-02T21:05:32Z","2026-05-02T21:03:14Z",6636,-36.4020979,-57.2453155387869,-57.1527634566781,-43.5124217351143,-43.5116895908138,-43.8703714314591,-43.8696021660052,-43.9537082985258,-43.9520251039513,-44.0303219379495,-44.0307192516549,-44.119337528926,-44.1198859658248,-44.2397162217105,-44.2399062756129,-44.3222444157019,-44.3218990297082,-44.3817055076709,-44.3817008295459,-44.4371025392704,-44.4368969709896,-44.480770947746,-44.4810228945557,-44.5101454870017,-44.5094561405057,-54.6316690190729,-54.6053102895683,-51.9746502601817,-51.9463858123964,-48.407734038496,-48.3878686092266,-45.8600365393157,-45.8460980689051,-43.9780931029547,-43.9726934389302,-42.0511097563101,-42.0458069656198,-41.5913585585387,-41.5918660135005,-41.8552917998791,-41.8555494615845,-42.3448371222167,-42.3459406451197,-42.8415269019017,-42.8418463227988,-43.2468735320909,-43.2473616238541,-43.5256609961885,-43.5258764122002,-43.7128837576319,-43.7135695782314,-55.2906084561227,-55.2917515662762,-54.0583774914629,-54.0593887146558,-53.1898645316546,-53.1937812345901,-52.1984533317743,-52.2034649187172,-50.0908770574687,-50.0895786496787,-48.150227880308,-48.1532907944377,-46.9292432921224,-46.9302549512572,-45.8253413909402,-45.8235218831276,-44.6422812943974,-44.640197656996,-43.7722215889581,-43.7687874238772,644.783,679.993,682.922,680.285,680.227,681.66,683.829,684.771,687.427,682.409,689.282,692.587,680.509,686.193,683.323,673.606,673.626,673.694,672.877,674.147,675.88,674.433,678.398,676.126,677.643,661.098,691.609,700.481,692.514,683.912,674.506,677.684,680.455,673.357,673.527,-838,-791,-849,-833,-827,-803,-868,-871,-849,-809,-811,-843,-759,-850,-894,-769,-829,-856,-836,-842,-802,-784,-809,-831,-838,-840,-805,-827,-829,-776,-813,-763,-868,-830,-778,TRUE
231709,"2026-05-03T09:05:33Z","2026-05-03T09:05:24Z","2026-05-03T09:03:14Z",6645,-36.39886437,-61.7819128005614,-61.6866449674419,-43.502349581905,-43.5020295950543,-43.867837590732,-43.8671073411482,-43.9527481917723,-43.9512066129779,-44.0296473153572,-44.0300399473764,-44.1186036032936,-44.1191370153781,-44.2392577385105,-44.2394674284305,-44.3224529792078,-44.3221399451686,-44.3815904894063,-44.3815857449726,-44.4370246417331,-44.4368906877882,-44.4807268446082,-44.4808815716686,-44.5099615722638,-44.5093571068844,-55.2429407804745,-55.2020096761325,-52.040578957034,-52.0124397943008,-48.5163855031761,-48.4962794054942,-45.9372198839627,-45.9231724587731,-44.0425155436945,-44.0369661555858,-42.0926088132227,-42.0872075257975,-41.6121698864098,-41.6125655254047,-41.8634631890754,-41.8637920776327,-42.3459775321066,-42.3471144753377,-42.8392860927333,-42.8395969596643,-43.2434896558735,-43.2439783074466,-43.522555390357,-43.5227873829999,-43.7105920996108,-43.7112422426987,-55.7883659594855,-55.7899167081463,-54.1680665410431,-54.1689572064319,-53.2465579759039,-53.2505509369772,-52.2724211949797,-52.2771397145075,-50.2140337051358,-50.2126978454752,-48.2618949879551,-48.2651102554448,-47.0222715379636,-47.023302124398,-45.9047671645068,-45.9028331753531,-44.7139733212202,-44.7118071940752,-43.8396302204949,-43.8362239035562,636.651,678.781,682.039,679.076,679.01,680.441,682.605,683.553,686.5,681.185,688.061,691.474,679.186,684.945,685.472,672.415,672.393,672.463,671.67,672.923,674.654,673.201,677.171,674.897,676.419,656.944,690.121,699.688,690.612,682.588,673.473,676.854,680.234,672.125,672.29,-840,-780,-845,-826,-824,-795,-868,-873,-856,-801,-808,-838,-755,-850,-892,-768,-836,-863,-843,-845,-809,-781,-819,-828,-836,-836,-814,-820,-827,-770,-808,-758,-865,-822,-776,TRUE
231709,"2026-05-03T21:05:42Z","2026-05-03T21:05:31Z","2026-05-03T21:03:14Z",6645,-36.39977952,-64.3379123020333,-64.2394577798748,-43.4800228503834,-43.4812232357788,-43.8631730195928,-43.8628083644834,-43.952980618081,-43.9513616344408,-44.0297191786699,-44.0302856058475,-44.1188462195882,-44.1194986787859,-44.2388486701335,-44.2391827412135,-44.322680090732,-44.3223385597233,-44.3812997342118,-44.3814894172806,-44.4369820237343,-44.4369014063725,-44.4805363722385,-44.4808019824496,-44.5099691568729,-44.5091851871189,-56.257900467983,-56.2072979134016,-52.2969119036379,-52.2649370475673,-48.6181422404137,-48.5979479137667,-46.0169910288002,-46.0027590162735,-44.1070332769916,-44.1014518151244,-42.1341449649161,-42.1287665066949,-41.6330683643999,-41.6334745846402,-41.8717280665392,-41.8719996525113,-42.3471850005104,-42.3482480374675,-42.8369986529995,-42.8372609940875,-43.2400989874351,-43.2405617656533,-43.5193377719538,-43.5195470300458,-43.7081164936897,-43.7088558187466,-56.7853291101046,-56.7872510132937,-54.7061586451024,-54.7073248334264,-53.5798536503032,-53.5845115332042,-52.4721469659219,-52.4772340621071,-50.3297007039809,-50.3283062664573,-48.3679493628387,-48.3711282473425,-47.1172359185484,-47.1183658076872,-45.9872569797108,-45.9854196115225,-44.7869779914115,-44.7848706799827,-43.9071278704681,-43.9036572750656,631.989,679.155,682.284,679.43,679.37,680.798,682.962,683.923,686.699,681.54,688.43,691.912,679.395,683.393,688.31,672.795,672.735,672.789,671.94,673.259,674.997,673.532,677.514,675.239,676.769,654.243,688.887,699.414,691.25,682.871,674.019,677.603,681.396,672.448,672.613,-838,-795,-845,-822,-821,-789,-866,-867,-850,-799,-812,-839,-756,-853,-896,-773,-835,-858,-837,-841,-811,-781,-817,-829,-828,-839,-804,-823,-838,-766,-809,-761,-866,-829,-777,TRUE
231709,"2026-05-04T09:05:38Z","2026-05-04T09:05:29Z","2026-05-04T09:03:14Z",6645,-36.40167083,-61.0872654724912,-61.0262709656418,-43.488937211654,-43.4882936704837,-43.8651856439521,-43.8644738846828,-43.9562803728206,-43.9542175209678,-44.0330912148404,-44.0333236720025,-44.1206355573024,-44.120758413958,-44.238866326859,-44.2389792165434,-44.3221807769991,-44.321792840452,-44.3811635603456,-44.3812102178997,-44.4371728450089,-44.4370274495378,-44.4806108130155,-44.4807791872747,-44.5098162580987,-44.5091367099774,-56.8419523643431,-56.799148865158,-52.7061490901931,-52.6699127334164,-48.727967701784,-48.7073837983353,-46.0981232335329,-46.0837645068019,-44.172200250784,-44.166508760035,-42.1758661981297,-42.1703355452072,-41.6541624745651,-41.6544707567829,-41.8799443915284,-41.8802466156417,-42.3484528153045,-42.3494419429303,-42.8346778772297,-42.8349515605669,-43.2366486453895,-43.2371186019371,-43.5161857974374,-43.5163788201044,-43.705667062179,-43.7063971869761,-57.5291515816861,-57.5308142056516,-55.3776689043817,-55.3791205863724,-54.0961944321138,-54.1015891912552,-52.8298464087166,-52.8355583888812,-50.4934678087697,-50.4921999600024,-48.4757518503865,-48.478982445178,-47.2115693742119,-47.2126862282068,-46.0707797043869,-46.0688733126273,-44.8604264629484,-44.8581969848437,-43.9740740929232,-43.9706304702301,652.536,680.114,683.006,680.425,680.356,681.786,683.954,684.914,687.382,682.524,689.44,692.979,681.207,682.313,690.557,673.804,673.71,673.731,672.804,674.215,675.956,674.482,678.492,676.197,677.748,665.189,688.573,699.57,690.712,683.709,675.244,679.027,683.05,673.438,673.601,-834,-792,-840,-830,-828,-796,-869,-866,-853,-804,-816,-841,-755,-856,-894,-772,-833,-856,-838,-840,-810,-779,-818,-825,-839,-840,-805,-820,-838,-768,-807,-760,-867,-833,-780,TRUE
231709,"2026-05-04T21:05:31Z","2026-05-04T21:05:22Z","2026-05-04T21:03:14Z",6645,-36.41594717,-42.7775722479294,-42.6849372944822,-43.5404090319518,-43.5430830002627,-43.8647347324123,-43.8639981638007,-43.9571734819804,-43.9559568597637,-44.0349000935739,-44.035953244947,-44.1244223899234,-44.1252679983206,-44.2392029369506,-44.2396010127677,-44.320748325233,-44.320402888425,-44.3806814662755,-44.380715786221,-44.4369514915348,-44.4368168821261,-44.4806738946577,-44.4808413540523,-44.5101380747296,-44.509499791475,-56.5931353204888,-56.5606410728676,-53.003081526462,-52.96747116598,-48.8596420330863,-48.8383416436557,-46.1790198287062,-46.1645791394695,-44.236947318744,-44.2313149411632,-42.2174293716506,-42.2118339779106,-41.6755333992372,-41.6758932808739,-41.8885110792576,-41.8887020463974,-42.349827927035,-42.3508772799898,-42.8325033159949,-42.8328683359815,-43.2332840485261,-43.2338537000422,-43.5129810219176,-43.5131710137109,-43.7032438079935,-43.7039712468059,-57.4253368082696,-57.4268046362072,-55.6387857480475,-55.6402079836986,-54.4562310098499,-54.4615093402018,-53.1917734883489,-53.1977223738637,-50.7217481188477,-50.7204526655121,-48.6086957428349,-48.6120448624319,-47.3133324271719,-47.3143993123811,-46.1590699280754,-46.1571402915608,-44.9375502485186,-44.9353634668819,-44.043363634828,-44.0399133671406,675.365,680.176,683.159,680.551,680.498,681.916,684.1,685.063,687.529,682.667,689.594,693.206,682.308,682.626,690.972,673.998,673.851,673.832,672.868,674.317,676.057,674.578,678.599,676.299,677.859,667.73,689.197,699.812,690.902,683.505,675.586,679.559,683.78,673.529,673.683,-829,-793,-847,-837,-822,-800,-869,-870,-853,-802,-812,-837,-747,-845,-902,-767,-828,-859,-836,-844,-806,-784,-810,-827,-829,-833,-803,-825,-834,-773,-811,-761,-870,-832,-781,TRUE
231709,"2026-05-05T09:05:36Z","2026-05-05T09:05:29Z","2026-05-05T09:03:14Z",6654,-36.41277465,-31.8929052370363,-31.80653187021,-43.5010641937918,-43.5017651481634,-43.866958258524,-43.8665153265321,-43.9550757882968,-43.9534926341307,-44.0313566220433,-44.0318618088479,-44.117897771968,-44.1185437857027,-44.2379559348458,-44.2382574841109,-44.3223646106186,-44.3220490029087,-44.3811846686793,-44.3812834083779,-44.4366397491215,-44.4365852644086,-44.4804429706961,-44.4806566996462,-44.5097599031776,-44.5090475453549,-53.2138984670948,-53.2505537724753,-52.9464793212577,-52.9195903607378,-49.0081651266706,-48.9861605743666,-46.2628092457879,-46.2481794889143,-44.3019394188212,-44.2961642720011,-42.2589961171628,-42.2534502473608,-41.6972147290948,-41.6975788579766,-41.897313053075,-41.8974943441648,-42.351504848487,-42.3524869616799,-42.8306545449611,-42.8308848797747,-43.2301969215804,-43.2306150665517,-43.5099406148917,-43.5101997067603,-43.7009321107614,-43.7016697991449,-54.542721492258,-54.5401917883066,-54.9609976112478,-54.9613734068534,-54.3556074791488,-54.3587830741745,-53.3577201292235,-53.363498378449,-50.9568881557086,-50.9558172376539,-48.7695328176639,-48.773223421121,-47.4300011732335,-47.4309942338689,-46.255376889055,-46.2534388264756,-45.0191311681391,-45.0170542013314,-44.1150158451592,-44.1114340596984,670.261,679.212,682.461,679.545,679.491,680.899,683.09,684.05,686.812,681.638,688.564,692.267,681.027,685.92,690.716,673.054,672.845,672.802,671.859,673.301,675.043,673.56,677.589,675.275,676.845,678.162,693.412,700.326,689.041,682.165,674.839,678.976,683.457,672.505,672.64,-829,-781,-841,-827,-818,-792,-869,-869,-848,-799,-804,-839,-750,-851,-895,-760,-828,-858,-844,-837,-807,-785,-807,-825,-831,-835,-798,-821,-831,-769,-799,-757,-868,-827,-783,TRUE
231709,"2026-05-05T21:05:40Z","2026-05-05T21:05:30Z","2026-05-05T21:03:14Z",6645,-36.41478798,-30.5262487169489,-30.4418734716348,-43.4357737502535,-43.4354020815522,-43.8611185719929,-43.8609225912486,-43.9555458022723,-43.9537405567225,-44.0338081003759,-44.034105670579,-44.1195388306202,-44.1198736283941,-44.2371444042345,-44.2373888968091,-44.3214772630725,-44.321311445479,-44.3808611452309,-44.3811343599592,-44.4364729986993,-44.4364410581557,-44.4803814682046,-44.4806612031738,-44.5099209478466,-44.5092708687456,-47.7671208651583,-47.8720213210441,-51.9821653157155,-51.9776376273197,-49.1457234716355,-49.1238145982173,-46.3547620970534,-46.3399007864079,-44.3686707130095,-44.3628319622829,-42.3006403408292,-42.2949893856953,-41.718751998509,-41.7190457217781,-41.9057419139703,-41.9059201325641,-42.3528530582172,-42.3538618628696,-42.8283468269972,-42.8286484216066,-43.2267790896983,-43.2271647462742,-43.5066499689916,-43.5068206651324,-43.698337921607,-43.6990404112477,-50.0224752700133,-50.0195520726682,-52.45935459595,-52.4585505193934,-52.9363125468422,-52.9355222217377,-52.7676618689717,-52.770035905526,-51.0620507826976,-51.0606460353066,-48.9350010350194,-48.9385894249566,-47.5615841034258,-47.56272998621,-46.3626743287362,-46.3605467782716,-45.105535155193,-45.1032680120579,-44.1889911967361,-44.185394416286,674.42,683.122,685.262,683.409,683.346,684.764,686.991,687.926,689.563,685.493,692.48,696.149,680.762,696.573,694.712,676.959,676.668,676.597,675.441,677.111,678.86,677.35,681.429,679.098,680.691,681.55,701.194,704.984,693.456,685.872,679.024,683.323,687.611,676.312,676.426,-840,-784,-836,-822,-823,-802,-869,-860,-850,-803,-808,-841,-755,-843,-898,-757,-826,-853,-835,-842,-806,-773,-814,-823,-831,-837,-805,-826,-836,-774,-810,-756,-858,-823,-780,TRUE
231709,"2026-05-06T09:05:35Z","2026-05-06T09:05:23Z","2026-05-06T09:03:14Z",6645,-36.39026196,-32.2225499429798,-32.1353069312686,-43.4660788723009,-43.4669370915193,-43.859282959029,-43.8587807615884,-43.949585721591,-43.9480456110594,-44.0276864541217,-44.0282450500306,-44.1156693075576,-44.1164073293184,-44.2370402796844,-44.2373222271675,-44.3213398807548,-44.3211020940824,-44.3808470109233,-44.3809717735928,-44.4364505010403,-44.4363893832615,-44.480302614628,-44.4805876588156,-44.5098263782977,-44.5091458705575,-44.5570806069084,-44.6461574783296,-50.2805509724609,-50.2988119911149,-49.184142780002,-49.1644335796626,-46.4491197315562,-46.4339392685875,-44.436500437783,-44.4305467157415,-42.3425430549996,-42.3368073805572,-41.7407415992975,-41.7409177709166,-41.9145952494313,-41.9148246699814,-42.3545164778403,-42.3554379291594,-42.8264114682383,-42.8267247351708,-43.2234007398936,-43.2238662738883,-43.5034776267616,-43.503704427289,-43.6959472361091,-43.6965617397238,-47.3616085271387,-47.3589197588387,-50.0313855213662,-50.0301858828218,-51.0398908119475,-51.0367853277981,-51.5141711918792,-51.5138275988159,-50.8160122447786,-50.8144425737075,-49.0197464114337,-49.0229261646016,-47.6838636024645,-47.6849574062835,-46.4690320172298,-46.4668285990817,-45.1914999029883,-45.1891336174796,-44.2626336346396,-44.2589563092382,674.2,683.77,685.892,684.14,684.083,685.493,687.781,688.674,690.214,686.242,693.245,696.96,683.053,702.97,697.167,677.774,677.414,677.28,676.08,677.806,679.556,678.029,682.13,679.789,681.385,683.887,701.063,706.264,696.909,687.177,680.114,684.53,689.409,677,677.094,-840,-789,-844,-833,-820,-798,-860,-866,-846,-806,-811,-842,-756,-844,-895,-760,-832,-858,-837,-847,-809,-784,-813,-823,-828,-839,-804,-825,-831,-778,-815,-762,-864,-839,-788,TRUE
231709,"2026-05-06T21:05:39Z","2026-05-06T21:05:27Z","2026-05-06T21:03:14Z",6645,-36.38965186,-33.7392822776493,-33.6535958254266,-43.4905492428061,-43.4920695938717,-43.8574024527677,-43.8567827465292,-43.9506667644442,-43.9491615552372,-44.0296084642101,-44.0303605250947,-44.1186644830837,-44.1195367601782,-44.2373951283331,-44.2378002920136,-44.3211054470829,-44.3207780576633,-44.3805347430728,-44.380653221339,-44.4364241110764,-44.4362972630348,-44.4802965020579,-44.4804969040761,-44.5097090019346,-44.5090728822427,-42.6252034839335,-42.7134978887584,-48.7315286914244,-48.7598869866451,-49.0586313380872,-49.0429383637648,-46.5359550235011,-46.5208279743072,-44.5052118088308,-44.4991761171992,-42.3844624905711,-42.3786890768927,-41.7631085081754,-41.7632284168981,-41.9238188065987,-41.9239441061911,-42.3564078890503,-42.3574230412996,-42.8247088333613,-42.8249807174102,-43.2204056902832,-43.2208783292633,-43.5005420833577,-43.5007326848934,-43.6936221450982,-43.6943321668755,-45.9536102397808,-45.951642237473,-48.4223635677938,-48.4216109406512,-49.5217441532326,-49.5183553395235,-50.2445642012348,-50.2431982566847,-50.3078838696319,-50.3065336458251,-48.977679959645,-48.9800739917944,-47.7690165290179,-47.7701127021327,-46.5704572954883,-46.5683090470694,-45.2787490314219,-45.2762701911246,-44.3374922248962,-44.3339026989094,672.29,682.374,684.902,682.767,682.723,684.114,686.462,687.296,689.297,684.859,691.862,695.656,682.015,703.251,698.952,676.537,676.112,675.899,674.741,676.434,678.181,676.654,680.759,678.414,680.019,683.676,699.195,704.439,698.563,687.004,679.202,683.701,689.552,675.667,675.721,-843,-788,-848,-830,-825,-798,-857,-868,-846,-807,-809,-842,-750,-845,-897,-773,-829,-863,-844,-843,-815,-775,-810,-829,-836,-841,-798,-828,-835,-764,-811,-764,-861,-836,-785,TRUE
231709,"2026-05-07T09:05:37Z","2026-05-07T09:05:27Z","2026-05-07T09:03:14Z",6645,-36.37995127,-28.2276961357692,-28.1445985900184,-43.458055208514,-43.4594737738608,-43.8532592435719,-43.8528550390262,-43.9481826569277,-43.9465650069577,-44.0274945755503,-44.0280838725955,-44.1158111168439,-44.1164797164271,-44.2362074212493,-44.2365088375673,-44.3211976412815,-44.3208626475579,-44.3804361847761,-44.3805219813884,-44.4364026161498,-44.4363477889231,-44.4802211417793,-44.4804153199427,-44.5096135173185,-44.5089719907418,-41.3195750493841,-41.4002378472402,-47.4271539440986,-47.4613439602292,-48.7931705701129,-48.7821120779484,-46.6006763333236,-46.5859653121753,-44.5747184575012,-44.5685169534391,-42.4265527415083,-42.4207751688064,-41.7855205690836,-41.7856791262403,-41.9330543626652,-41.9331364093808,-42.3583998406621,-42.359367849045,-42.8229595921177,-42.8231967082563,-43.217337764627,-43.2178042993248,-43.4974945050378,-43.497727930175,-43.6912378558843,-43.6919385705544,-44.6117121226157,-44.6090792283793,-47.0749366329852,-47.0742306801176,-48.2634645682094,-48.2599741911339,-49.1304878478666,-49.1285474487661,-49.7025032585654,-49.7010871168175,-48.8158599803725,-48.8176561298469,-47.7934382978345,-47.7943220034532,-46.6539562786139,-46.6517815684656,-45.364039286199,-45.3616167507902,-44.4124984235789,-44.4088595131042,674.642,682.523,685.032,682.904,682.861,684.245,686.681,687.435,689.466,684.995,692.008,695.844,681.595,703.406,702.019,676.823,676.323,676.014,674.822,676.564,678.318,676.783,680.899,678.548,680.167,683.275,699.148,703.258,699.74,688.698,679.775,684.378,691.187,675.834,675.839,-832,-784,-845,-822,-819,-790,-872,-875,-848,-803,-807,-833,-752,-851,-894,-769,-831,-858,-834,-847,-810,-789,-811,-828,-835,-835,-804,-817,-834,-773,-804,-765,-866,-833,-782,TRUE
231709,"2026-05-07T21:05:27Z","2026-05-07T21:05:19Z","2026-05-07T21:03:14Z",6654,-36.39495973,-34.0208578952841,-33.9335743147365,-43.4233474777348,-43.4254639268003,-43.8464871819537,-43.846448622629,-43.9481316493562,-43.9465208024909,-44.0293212198548,-44.0299069442638,-44.1163883320844,-44.1167904183364,-44.2343605627568,-44.2346628392371,-44.3209479007833,-44.3207855422185,-44.3800659619572,-44.380242219242,-44.4364370954333,-44.4363512316739,-44.4801701395991,-44.4804427261312,-44.5096900904466,-44.5089986382344,-40.3971071890387,-40.4631629077576,-46.3209461353153,-46.3585686261489,-48.4451517440309,-48.4384119335515,-46.6306479314544,-46.6167887330536,-44.6430249345193,-44.6367606383944,-42.4690343875804,-42.4631121790393,-41.8082145811128,-41.8083035935858,-41.9423762110612,-41.9424826332827,-42.3604722026866,-42.3613327095315,-42.8212901169468,-42.8214725598245,-43.214296138135,-43.2147830087785,-43.4944796955508,-43.4947296109873,-43.688814067945,-43.6895711195482,-43.4470261945283,-43.4441020195596,-45.9506125158968,-45.9496988729051,-47.1861417570156,-47.1824307349737,-48.1468300248898,-48.1444330246253,-49.0772977770764,-49.0761283286047,-48.5734144381921,-48.5744211881525,-47.7508450935398,-47.7515619974185,-46.7006742720017,-46.698677184853,-45.4368733165586,-45.4344408494158,-44.4831428470485,-44.4795069816006,672.455,682.285,684.862,682.625,682.583,683.958,686.499,687.157,689.347,684.702,691.734,695.606,678.921,702.834,704.319,676.707,676.125,675.724,674.52,676.276,678.03,676.486,680.616,678.261,679.892,683.051,698.808,702.072,699.881,689.902,679.856,684.574,692.49,675.584,675.527,-833,-795,-844,-825,-825,-790,-871,-866,-851,-803,-808,-844,-754,-844,-897,-765,-839,-851,-844,-847,-808,-780,-816,-827,-832,-844,-800,-824,-840,-771,-811,-766,-869,-824,-778,TRUE
231709,"2026-05-08T09:05:27Z","2026-05-08T09:05:19Z","2026-05-08T09:03:14Z",6636,-36.38165955,-55.1294028601679,-55.040951802209,-43.437540055986,-43.4354520214686,-43.8559377103756,-43.8550364268794,-43.9456540501718,-43.943674365443,-44.0257517082065,-44.0258866862177,-44.1101525120986,-44.11035868627,-44.2334602544956,-44.2335857670677,-44.3205481797867,-44.3202206210073,-44.3804170398824,-44.3803926207511,-44.436414234533,-44.4362548097781,-44.4802965312413,-44.4804644498534,-44.5095821829839,-44.5088359262903,-43.1275896408714,-43.1107409546013,-45.5702444641612,-45.6029429616911,-48.0547305800792,-48.0516530462738,-46.621469219635,-46.6086257646582,-44.7061902840758,-44.6999959434877,-42.5115789522204,-42.5055992572435,-41.8311158069366,-41.8311286904259,-41.951993660986,-41.9520705332578,-42.3626182602254,-42.363552318605,-42.8197336722568,-42.820001336363,-43.2114064559915,-43.2118343000664,-43.4915700725959,-43.4918363639047,-43.6866069634662,-43.6873544259318,-43.7209683683134,-43.7200079427095,-45.1851519190111,-45.184603280764,-46.2775994420646,-46.2742874441571,-47.256996719492,-47.2543509736196,-48.461419880423,-48.460367947949,-48.2881481845202,-48.2886126573536,-47.657760042388,-47.6582617741253,-46.7155238497918,-46.7136952064607,-45.498701767211,-45.4963967702707,-44.5519800963907,-44.5484184642856,665.354,680.787,683.887,681.212,681.159,682.527,685.181,685.724,688.444,683.27,690.297,694.232,666.604,698.909,705.288,675.43,674.75,674.271,673.115,674.837,676.589,675.042,679.173,676.815,678.449,674.895,696.244,700.121,699.022,689.771,678.684,683.537,692.645,674.2,674.075,-840,-789,-842,-831,-827,-797,-871,-867,-852,-805,-813,-829,-756,-846,-901,-772,-834,-864,-835,-856,-810,-786,-820,-835,-840,-836,-804,-824,-833,-774,-803,-760,-868,-829,-777,TRUE
231709,"2026-05-08T21:06:22Z","2026-05-08T21:06:11Z","2026-05-08T21:03:14Z",6654,-36.38007329,-57.4188946183379,-57.328069633997,-43.4255226443366,-43.425568222257,-43.8490526267925,-43.8485170467758,-43.9455705141533,-43.9437129268174,-44.0256801565698,-44.026044558297,-44.1124181436979,-44.1127421985486,-44.2345111907844,-44.2347607758423,-44.3207987938433,-44.3204630377857,-44.3801278658745,-44.3801615725835,-44.4363494002325,-44.4361650340611,-44.4801205716692,-44.4802889386374,-44.5094342536186,-44.5086962009552,-47.3057022336528,-47.2505807603965,-45.8570756607663,-45.8679532102157,-47.6594523068803,-47.6592000782589,-46.576124423348,-46.5646078052262,-44.761378541884,-44.7553332199112,-42.5543133666571,-42.5482294756268,-41.8541699137099,-41.8541474188373,-41.9615892141922,-41.9617108453487,-42.3648983595443,-42.3657651377235,-42.818203794387,-42.8184368739293,-43.2084306712345,-43.2088523927028,-43.488581317945,-43.4888180428597,-43.6842092805068,-43.684934340562,-46.3141155002075,-46.3141935552371,-45.9242351896018,-45.9239862978998,-46.2618660281671,-46.2607478527385,-46.8109264594148,-46.809347707089,-47.9034490531781,-47.9025114812202,-47.9775697021446,-47.9773993357909,-47.5240978137846,-47.5244284649466,-46.6974210721838,-46.695751642358,-45.5442893873035,-45.5420614326492,-44.6143526639048,-44.6107173150091,659.364,680.972,683.976,681.395,681.359,682.712,685.495,685.922,688.64,683.455,690.505,694.439,675.06,693.007,706.637,675.766,674.963,674.435,673.24,675.013,676.768,675.214,679.361,676.992,678.646,668.428,693.838,699.154,698.889,691.004,679.073,684.062,693.873,674.451,674.247,-838,-786,-845,-831,-826,-802,-866,-867,-855,-805,-807,-837,-753,-850,-899,-772,-835,-858,-837,-848,-810,-786,-819,-835,-833,-833,-808,-824,-835,-770,-807,-763,-857,-830,-775,TRUE
231709,"2026-05-09T09:05:34Z","2026-05-09T09:05:22Z","2026-05-09T09:03:14Z",6584,-36.366102,-53.8876449378284,-53.7974800148316,-43.3894533949864,-43.3869541992594,-43.8556709594085,-43.8554603374241,-43.9496604452435,-43.947526959752,-44.0346087211488,-44.0344345537385,-44.1170979469556,-44.1170113846089,-44.2339139567899,-44.23399059024,-44.3195231663576,-44.3194357828708,-44.3797506885452,-44.380087991583,-44.4360568785394,-44.4360861113042,-44.4800258693709,-44.4803326382091,-44.5097842426371,-44.5090536866457,-49.9509799095962,-49.8938443507254,-46.7964687303038,-46.787914006465,-47.338792333213,-47.3390896821417,-46.5013156855794,-46.4911552340388,-44.8065673103438,-44.8007358951465,-42.5972573423749,-42.5911964163085,-41.877072591125,-41.8770890707127,-41.9709806066788,-41.9710658469546,-42.3668162561935,-42.367696256642,-42.8163745417318,-42.8166060685774,-43.2052166646219,-43.2056058529193,-43.4853422459349,-43.4855891378176,-43.6815750124627,-43.6823501941756,-48.5234572866825,-48.5237486483681,-47.26215013676,-47.2620480382236,-46.990245827617,-46.9910512751501,-47.0101094101986,-47.0101121343406,-47.5556728700639,-47.5548003235138,-47.6806035688159,-47.6801035370765,-47.3622285282532,-47.3623853855208,-46.6478004412213,-46.6462372139337,-45.5705544597567,-45.5683557348407,-44.6669122175062,-44.6633994748739,667.972,685.428,687.24,685.792,685.735,687.1,690.035,690.321,691.851,687.829,694.929,698.748,680.31,690.979,709.835,680.234,679.249,678.74,677.297,679.319,681.085,679.507,683.701,681.311,682.984,668.964,695.021,701.302,701.563,695.671,683.523,688.698,698.177,678.821,678.539,-837,-790,-841,-827,-828,-799,-865,-868,-852,-805,-810,-835,-750,-847,-899,-771,-832,-861,-839,-846,-809,-778,-813,-832,-838,-834,-801,-818,-834,-779,-809,-764,-859,-824,-784,TRUE
231709,"2026-05-09T21:05:28Z","2026-05-09T21:05:19Z","2026-05-09T21:03:14Z",6636,-36.38385591,-56.7171632757428,-56.6243146835118,-43.4392313605826,-43.4406972823734,-43.8493047782051,-43.8491415630955,-43.9502265181103,-43.9487032295361,-44.0309614602355,-44.0314792299096,-44.1180556250242,-44.1187930302431,-44.2362132418041,-44.2365808426742,-44.3200752109148,-44.3199173114573,-44.3798771732161,-44.3801311449093,-44.4357872356182,-44.435702576122,-44.4799024238302,-44.4801624355062,-44.5094992170392,-44.5088545774323,-50.938234476061,-50.8910604115854,-47.726539699478,-47.7086192017812,-47.1586365953375,-47.1573859319021,-46.4085835105181,-46.3996150113062,-44.8399484176678,-44.8343624861187,-42.6403704730378,-42.6342189548818,-41.900317210221,-41.900278200128,-41.9806539305434,-41.9806691549705,-42.3690090185562,-42.3699022134887,-42.8147913619884,-42.8149349941682,-43.2020950843779,-43.2025112344072,-43.482241273668,-43.4824521444477,-43.6790523221879,-43.679765945933,-49.7206205970313,-49.7209135881734,-48.3706891343649,-48.3706804438364,-47.8324752018879,-47.8340954570754,-47.5108426131447,-47.5121343659204,-47.461307327967,-47.4602793813724,-47.4546279576407,-47.4540738351984,-47.196624971242,-47.1966050733118,-46.5752140793324,-46.5737948389525,-45.5790964296922,-45.5770312218267,-44.70976435595,-44.7062275713311,663.49,687.668,688.938,688.114,688.085,689.447,692.566,692.699,693.704,690.19,697.328,701.072,682.972,690.174,710.745,682.646,681.476,681.02,679.421,681.583,683.35,681.747,685.976,683.567,685.253,670.277,696.045,702.466,702.27,697.513,685.779,691.137,700.497,681.115,680.749,-842,-792,-841,-829,-828,-801,-867,-867,-854,-801,-808,-839,-751,-847,-897,-767,-833,-857,-840,-847,-819,-781,-814,-832,-837,-841,-801,-819,-822,-766,-816,-760,-865,-826,-779,TRUE
231709,"2026-05-10T09:05:29Z","2026-05-10T09:05:18Z","2026-05-10T09:03:14Z",6645,-36.40600254,-55.4950978712667,-55.4015163772033,-43.4416937103939,-43.4421546044108,-43.8511228554623,-43.8507703686504,-43.9478689296816,-43.9463336519308,-44.0287283247048,-44.0292786124919,-44.114691565523,-44.1154419792983,-44.2349277663212,-44.2353144283819,-44.3200448389899,-44.3197979999194,-44.3799981491213,-44.3801420295506,-44.4357952757193,-44.4356705489198,-44.4799358452359,-44.4801305523599,-44.509520790509,-44.508926336708,-51.8513618475924,-51.8064019119428,-48.4497080500212,-48.427061442746,-47.1108085602907,-47.1071073111704,-46.3154506140662,-46.3073216772166,-44.8612088764835,-44.8559709812719,-42.6831523300882,-42.6769367039761,-41.9239101124284,-41.9237685658548,-41.9907237686074,-41.9907299440916,-42.3715503736332,-42.3723561585672,-42.8133944042211,-42.8136100855839,-43.1992312941781,-43.1997140435041,-43.4792981739558,-43.4795517694591,-43.6766675020669,-43.6774439710204,-50.6815252405121,-50.6819796545006,-49.2102206466853,-49.2102051112151,-48.5339010500954,-48.5360092338288,-48.0264250057845,-48.0285035252883,-47.5361508731437,-47.5350154797956,-47.321513285902,-47.3211528973974,-47.0543999652772,-47.054392504868,-46.496011741749,-46.4947472283474,-45.5757501335173,-45.5738027969282,-44.7448270865504,-44.741326325126,665.634,688.146,689.434,688.611,688.581,689.936,693.257,693.199,694.26,690.678,697.843,701.559,684.324,688.905,710.01,683.257,681.895,681.546,679.851,682.07,683.845,682.232,686.478,684.057,685.759,670.042,695.946,702.575,701.643,697.235,686.235,691.779,701.131,681.7,681.241,-840,-787,-844,-832,-823,-795,-860,-870,-856,-805,-807,-835,-752,-844,-894,-768,-833,-863,-840,-845,-803,-785,-815,-829,-832,-832,-800,-815,-827,-771,-813,-762,-862,-832,-780,TRUE
231709,"2026-05-10T21:05:28Z","2026-05-10T21:05:18Z","2026-05-10T21:03:14Z",6645,-36.38715045,-55.0439205493464,-54.947919405025,-43.5361254932681,-43.5420537034332,-43.8503428745093,-43.8498680373875,-43.9542983914669,-43.9540853815984,-44.0347114973,-44.0366923373795,-44.1231245930953,-44.1248689283438,-44.2350125240187,-44.2356510412549,-44.3183277226249,-44.3179894324997,-44.3790945953225,-44.3790836065182,-44.4359684643069,-44.4358203105324,-44.4801393213129,-44.4803065474829,-44.5099531029,-44.5093845752071,-52.4189116857283,-52.3771977691267,-49.042765273398,-49.0174822121286,-47.1507715582524,-47.1445547378362,-46.2372316961492,-46.2294887100978,-44.8723013838699,-44.8674507365056,-42.7254637706027,-42.7191436837618,-41.9478373732418,-41.9476408480791,-42.0011966574938,-42.0010994635174,-42.374339701522,-42.3751519209263,-42.8123699479867,-42.8126047335448,-43.1966716292556,-43.1971151226968,-43.4766183212843,-43.4768288496383,-43.6744994082954,-43.6753121419505,-51.3712908332353,-51.3716426268563,-49.8977843519224,-49.8977868621656,-49.1483271770909,-49.150805207619,-48.5190772218456,-48.5216095374631,-47.6974499380425,-47.6961800897103,-47.2679184368498,-47.2678993016141,-46.9498399747655,-46.9498280341914,-46.4222400290737,-46.4210366963321,-45.5643025678583,-45.5623903948259,-44.7719823949885,-44.768558383652,663.679,685.376,687.536,685.919,685.899,687.247,690.787,690.51,692.562,687.993,695.141,698.912,683.272,686.255,707.068,680.682,679.12,678.912,677.286,679.383,681.149,679.537,683.773,681.354,683.066,668.595,694.097,700.806,698.322,693.771,683.423,689.135,699.136,679.072,678.528,-843,-790,-840,-829,-828,-797,-867,-865,-851,-806,-810,-839,-759,-849,-901,-774,-829,-863,-841,-845,-811,-779,-820,-823,-837,-834,-806,-822,-831,-770,-805,-762,-865,-830,-775,TRUE
231709,"2026-05-11T09:05:18Z","2026-05-11T09:05:13Z","2026-05-11T09:03:14Z",6645,-36.39300741,-52.8397949170153,-52.748512064835,-43.4496650510754,-43.4509902800871,-43.8478957525263,-43.8474783972961,-43.9465512935633,-43.9450414043393,-44.027505357118,-44.0280839306677,-44.1137707733102,-44.1144354840849,-44.2341580469056,-44.2345309814544,-44.3205714502176,-44.320314880734,-44.379674171594,-44.3798769349325,-44.4359640244363,-44.4358830932432,-44.4799384111732,-44.4801909277855,-44.5092686030111,-44.5086400538911,-52.6446714288643,-52.6091499278828,-49.5134209052277,-49.4870481619025,-47.2437492696806,-47.235349287611,-46.1813561644584,-46.1737796223223,-44.8765340368272,-44.8719892011683,-42.7667931031096,-42.7605012024177,-41.9719973739689,-41.9717258087643,-42.0118969764449,-42.0118450358835,-42.3774104895927,-42.3782224119361,-42.8115184386689,-42.8117391852694,-43.1942639933913,-43.1947078832909,-43.4740107894502,-43.4741978999054,-43.6723969456652,-43.6731474445348,-51.8271793000681,-51.8274522583135,-50.4377469022635,-50.4376922520358,-49.6610395907483,-49.6635011253243,-48.9623720942618,-48.9653305580431,-47.9006184210588,-47.8992806965805,-47.2727119976982,-47.2729271253539,-46.8834045885721,-46.883496379626,-46.3595612163869,-46.3584157880967,-45.5477714138219,-45.5459562443544,-44.7914845950647,-44.7881715811688,665.784,682.03,685.046,682.499,682.475,683.796,687.559,687.046,690.24,684.535,691.659,695.502,681.182,683.442,703.53,677.366,675.601,675.566,674.015,675.977,677.736,676.131,680.358,677.939,679.66,667.027,691.844,698.511,694.281,689.835,679.906,685.765,696.376,675.761,675.13,-837,-789,-837,-825,-822,-791,-870,-871,-846,-803,-804,-844,-759,-846,-901,-764,-829,-866,-833,-846,-806,-788,-813,-831,-827,-834,-803,-825,-831,-778,-809,-756,-862,-832,-780,TRUE
231709,"2026-05-11T21:05:33Z","2026-05-11T21:05:20Z","2026-05-11T21:03:14Z",6645,-36.35621838,-47.0851722334557,-46.997045183697,-43.3926040557667,-43.3943597213919,-43.8346177380144,-43.83555879873,-43.949733112053,-43.9481982273848,-44.0406095617133,-44.0411222316478,-44.12908183284,-44.1295722529359,-44.2376181140546,-44.2380800604832,-44.3186380830803,-44.31885072666,-44.378028852817,-44.3786835406691,-44.4351711386768,-44.4353529737568,-44.4797627725711,-44.4801939159558,-44.5101244835265,-44.5094359201805,-52.6310325214139,-52.6041493228435,-49.8544893357574,-49.828622870902,-47.366617270622,-47.356336043702,-46.1497975955849,-46.1420468410752,-44.877953469855,-44.873622463574,-42.8069161629364,-42.8006581474915,-41.9956749362714,-41.9953619004286,-42.0219545126393,-42.021859803858,-42.3798039827666,-42.3806357848559,-42.8099550895176,-42.8101611922549,-43.1911683251638,-43.1916193385812,-43.4707643956364,-43.4709814178391,-43.6697227782923,-43.6705037927854,-52.0422360255141,-52.0423659902976,-50.8007122840281,-50.8005069815824,-50.0522710778839,-50.0546204198393,-49.3382317426216,-49.3412767493181,-48.1192828155842,-48.1177301797092,-47.3195190329776,-47.3200110507343,-46.8526882655619,-46.8528300120069,-46.3163150785228,-46.315207763532,-45.53378477988,-45.5320965039195,-44.8078875225539,-44.8044796090233,679.991,688.327,689.456,688.713,688.692,690.034,694.016,693.312,694.668,690.764,697.963,701.546,686.068,687.075,706.608,683.634,681.58,681.767,679.78,682.117,683.895,682.256,686.543,684.102,685.846,671.723,695.479,701.938,697.999,695.482,686.045,692.143,700.9,682.067,681.34,-839,-789,-838,-827,-825,-795,-859,-866,-859,-804,-810,-835,-753,-842,-895,-770,-828,-862,-832,-845,-810,-781,-812,-827,-835,-835,-807,-823,-837,-774,-805,-758,-866,-827,-775,TRUE
231709,"2026-05-12T09:05:20Z","2026-05-12T09:05:11Z","2026-05-12T09:03:14Z",6645,-36.35414404,-36.1649519938319,-36.0778524417817,-43.4661771958543,-43.4701304767354,-43.8379331658514,-43.8377498077739,-43.9498609830743,-43.9485762313704,-44.034041860067,-44.0350297638047,-44.1259243107219,-44.1269205200468,-44.2392436842283,-44.2397280533397,-44.3189818272068,-44.3186872153914,-44.3791792852611,-44.3793358114706,-44.4355848144086,-44.4354285472709,-44.4797454942512,-44.4799924704772,-44.5095530431867,-44.5088818300331,-49.9767027506988,-50.0063861121298,-49.9092018479046,-49.8903995579615,-47.5016921995885,-47.4900325292686,-46.1408740138961,-46.1329255582853,-44.8796954640729,-44.8755397254344,-42.8460016975976,-42.8396635860976,-42.0193695545452,-42.0190488379677,-42.0319698025082,-42.0318930450055,-42.382150449159,-42.3829015830006,-42.8083783942641,-42.8085831579974,-43.187993121367,-43.1884115875619,-43.4674519823809,-43.4676924152103,-43.666943367965,-43.6677353879786,-50.9897473003975,-50.9885694318742,-50.7133739380178,-50.7129770284921,-50.2084585013127,-50.2101108513162,-49.5925092609183,-49.5953332350342,-48.3239958151822,-48.3224444558994,-47.3915261532411,-47.3922301368704,-46.8509230215432,-46.8510346956499,-46.2902582624007,-46.2891432903905,-45.5227601744598,-45.5210747942143,-44.8204053063297,-44.8171166433831,688.236,695.477,694.893,696.043,696.047,697.421,701.603,700.756,700.14,698.177,705.468,708.763,691.145,694.831,711.04,691.08,688.769,689.134,686.703,689.434,691.227,689.535,693.909,691.426,693.199,682.622,702.034,706.933,703.224,702.196,693.276,699.594,706.489,689.404,688.582,-835,-793,-845,-828,-825,-798,-865,-868,-850,-798,-819,-842,-756,-853,-897,-762,-826,-857,-834,-839,-808,-783,-812,-826,-830,-842,-812,-829,-836,-773,-809,-764,-862,-827,-775,TRUE
231709,"2026-05-12T21:05:15Z","2026-05-12T21:05:10Z","2026-05-12T21:03:14Z",6654,-36.38946883,-45.2874783575192,-45.1948864891845,-43.5221938926563,-43.5273853085289,-43.848770599684,-43.8481520448081,-43.9521133745309,-43.9517214935019,-44.0339471240834,-44.0358185741823,-44.1215381804546,-44.1232088760235,-44.2344164746068,-44.2349895972061,-44.3178199464667,-44.3174436207843,-44.3788030421902,-44.3787922312906,-44.4356332708252,-44.4354197438436,-44.4800636853219,-44.4802566235536,-44.510235110007,-44.5095936386476,-47.5197992651195,-47.5530243884018,-49.2953110837676,-49.2916200173459,-47.6204733758805,-47.6082270916663,-46.150102441823,-46.1417673731951,-44.8829793342318,-44.8790190733127,-42.8837726289045,-42.8774200552197,-42.0440381077379,-42.043730481488,-42.0431969648747,-42.0430442588717,-42.3857034896725,-42.3864408785899,-42.8078262085523,-42.8080105277718,-43.1857836134175,-43.1862222855064,-43.4650153065362,-43.4651926608061,-43.6649983674793,-43.6657475748866,-48.9144770478487,-48.913120896997,-49.6925609180558,-49.6919656237391,-49.7179041596602,-49.718025221308,-49.4695060518553,-49.4713590088837,-48.4594463871128,-48.4577480280446,-47.4717689379212,-47.4726004721158,-46.8702569672307,-46.8704223312888,-46.27912133608,-46.2779586431919,-45.5152879273971,-45.513608849461,-44.8306220721275,-44.8273564055972,669.246,690.19,691.381,690.792,690.795,692.126,696.537,695.442,696.807,692.883,700.13,703.567,687.705,696.57,707.598,685.911,683.546,683.945,681.713,684.158,685.937,684.262,688.594,686.128,687.895,680.897,701.435,705.465,700.275,696.883,687.899,694.316,702.763,684.178,683.271,-836,-785,-841,-828,-830,-797,-865,-865,-853,-806,-808,-835,-754,-857,-900,-769,-832,-862,-834,-845,-808,-789,-816,-826,-834,-833,-803,-826,-830,-770,-809,-759,-862,-826,-775,TRUE
231709,"2026-05-13T09:05:25Z","2026-05-13T09:05:18Z","2026-05-13T09:03:14Z",6645,-36.38837065,-46.7815275130978,-46.6876811249463,-43.4257666120359,-43.4278769765834,-43.8458418987982,-43.8456149489972,-43.9430045799824,-43.9416059406775,-44.0259762477674,-44.0268799312081,-44.1084708210126,-44.1094799212938,-44.2293674766186,-44.2298183148563,-44.3198022946302,-44.3195668134897,-44.3792149319639,-44.3794114747686,-44.4357387049492,-44.4356308486803,-44.4800958188736,-44.4803348622267,-44.5098836530396,-44.5092456788552,-47.2409357786876,-47.2533912290971,-48.5901358515363,-48.5929249587588,-47.6695480241819,-47.6581933605364,-46.1720231412455,-46.1633345546538,-44.8893918158637,-44.8855190107701,-42.9201052607648,-42.9137438375672,-42.069120289774,-42.0687855497295,-42.0551431947179,-42.0549621035958,-42.3898394920834,-42.3905630829931,-42.8078860843556,-42.8080504788941,-43.1840900453795,-43.1845091526847,-43.4629802818196,-43.463225680522,-43.6633752990931,-43.6641599052292,-48.0802071808124,-48.0792838244613,-48.7846650422526,-48.7842086155408,-49.0037060405743,-49.0031380429439,-49.014647488917,-49.0155170924149,-48.4310259197927,-48.4294718274757,-47.5252783528177,-47.526226228068,-46.8980375457168,-46.8983316335944,-46.2788103703415,-46.2776348892409,-45.5115803565651,-45.5099939810384,-44.839378178695,-44.836097167473,659.106,679.215,683.445,679.685,679.661,680.943,685.585,684.207,689.147,681.671,688.819,692.558,679.297,690.688,700.719,674.932,672.631,672.968,671.217,673.093,674.845,673.221,677.465,675.032,676.792,672.381,694.121,699.145,693.553,686.739,676.791,683.211,694.619,673.215,672.239,-838,-781,-839,-823,-826,-799,-867,-869,-852,-800,-804,-834,-760,-850,-904,-766,-826,-862,-840,-848,-812,-788,-812,-833,-837,-839,-806,-825,-834,-768,-808,-767,-857,-833,-777,TRUE
231709,"2026-05-13T21:05:19Z","2026-05-13T21:05:09Z","2026-05-13T21:03:14Z",6654,-36.3624414,-49.3025291622204,-49.1947159248892,-43.4320054311183,-43.4354614305428,-43.8338671059763,-43.8337303522334,-43.9440945056984,-43.9427949285825,-44.0297523118491,-44.0307683658003,-44.1176419442591,-44.118673003448,-44.2332775563221,-44.2337614024542,-44.3189612391136,-44.3187353037123,-44.3789227617313,-44.3791058190737,-44.4359092718373,-44.4358157593526,-44.4800847127335,-44.4802918858234,-44.5096873280036,-44.5090454435321,-48.7066534202793,-48.685734891765,-48.2540163418058,-48.2537364527157,-47.6352750213669,-47.6254855583938,-46.1984450505297,-46.189498823081,-44.9002543510921,-44.8964198056039,-42.9547565833036,-42.9485046954544,-42.093639336934,-42.0932166033204,-42.0663657788009,-42.0661492516061,-42.3932244943336,-42.3939879777937,-42.8071409590184,-42.807391281996,-43.1816819241692,-43.1821080417965,-43.4603721943357,-43.4605678591253,-43.6611936213518,-43.6618833034295,-48.5270263527432,-48.5268321725098,-48.5031646983514,-48.5029517141465,-48.5828483664334,-48.5826442190118,-48.608300581914,-48.608891110983,-48.2808223134276,-48.2794288010292,-47.5248589964269,-47.5256501539602,-46.919006301825,-46.9192708942461,-46.287656599409,-46.2865154708754,-45.5148461016057,-45.5132313752795,-44.8502379307612,-44.8471604247145,657.966,678.429,682.627,678.973,678.959,680.253,685.056,683.528,688.614,680.993,688.146,691.792,678.574,688.53,700.771,674.391,672.02,672.344,670.536,672.426,674.178,672.546,676.803,674.365,676.135,668.9,691.884,697.815,693.687,687.273,676.197,682.675,694.079,672.646,671.595,-840,-787,-846,-836,-826,-791,-865,-875,-849,-803,-810,-838,-753,-842,-898,-765,-830,-865,-841,-847,-811,-785,-814,-829,-835,-840,-801,-820,-828,-772,-807,-762,-864,-832,-783,TRUE
231709,"2026-05-14T09:05:18Z","2026-05-14T09:05:09Z","2026-05-14T09:03:14Z",6645,-36.36225837,-54.6718142176426,-54.5784191267219,-43.396215871218,-43.3964800476419,-43.8349977495916,-43.8344808583939,-43.941262231159,-43.9395174023848,-44.026062887906,-44.0265057640041,-44.1127123223299,-44.1131993028981,-44.233887125854,-44.2341758784759,-44.3194246030112,-44.3191721175949,-44.3794308461117,-44.3795033956253,-44.4358481303498,-44.4357356429932,-44.4799850084016,-44.4801664505601,-44.5095357433967,-44.5088235319306,-50.0406843118986,-50.0050771547867,-48.3752720171331,-48.3676769757413,-47.5594693167145,-47.5509583222182,-46.2189891519181,-46.2101656247302,-44.9150426446998,-44.9112678574582,-42.9882271465933,-42.981858066423,-42.1179055658397,-42.117509269197,-42.0772896635295,-42.0771184798232,-42.3963747158082,-42.397097688713,-42.8062494576889,-42.8064058025006,-43.1789958331386,-43.1794290073273,-43.4573951564197,-43.457699393998,-43.6586701441228,-43.6593835427852,-49.3717611017537,-49.3718237292529,-48.793989506945,-48.7937512077627,-48.6140396056374,-48.6145792268311,-48.4758387954382,-48.4768347255048,-48.1235207583508,-48.1221128484196,-47.4795149750554,-47.4801806131568,-46.9213813804892,-46.9215937014135,-46.2979612728195,-46.2967914476623,-45.523099514352,-45.521490614671,-44.8630842193599,-44.859945002538,650.882,681.211,684.655,681.785,681.779,683.076,688.023,686.364,690.697,683.812,691.011,694.47,680.281,688.16,703.065,677.313,674.821,675.145,673.142,675.198,676.959,675.3,679.598,677.15,678.934,668.927,692.378,698.664,695.25,690.929,679.11,685.661,696.359,675.54,674.398,-842,-785,-841,-832,-822,-794,-871,-869,-860,-802,-813,-839,-752,-850,-897,-776,-838,-862,-842,-842,-807,-782,-817,-824,-834,-840,-804,-825,-831,-770,-804,-753,-866,-829,-771,TRUE
231709,"2026-05-14T21:05:24Z","2026-05-14T21:05:12Z","2026-05-14T21:03:14Z",6654,-36.3471889,-53.4267050449657,-53.3289169079831,-43.3718712688082,-43.3723274624515,-43.8291449653003,-43.8290064217011,-43.9438025694015,-43.9419460126626,-44.030080206958,-44.0304281051682,-44.1169145621583,-44.1172791523284,-44.2344400428097,-44.2346909565698,-44.3195616436142,-44.3193109231405,-44.3793604715663,-44.3795816723543,-44.4358769657871,-44.4358059269655,-44.4799029672005,-44.4801502649603,-44.5094700603125,-44.5087681351502,-51.5104656935792,-51.4692585983637,-48.7803613628639,-48.764223166217,-47.4981109954472,-47.4899511127052,-46.2282980861031,-46.2196087707575,-44.9321038908768,-44.9282997637474,-43.0203199748058,-43.0139788401743,-42.1421211245502,-42.1416166252619,-42.0884000896417,-42.0881327779005,-42.3995984895936,-42.4002809497561,-42.8052647991244,-42.8054469421422,-43.1763493248872,-43.1767300117756,-43.4544575008414,-43.4547189495021,-43.6561662851408,-43.6568574409016,-50.5361765510067,-50.5364202325716,-49.4075024182471,-49.4073561607892,-48.940379188839,-48.9416856270838,-48.5881518807278,-48.5898222937946,-48.0433972847262,-48.0420663513334,-47.4244225041093,-47.4248769980052,-46.9067645820424,-46.9069194205886,-46.3027768989071,-46.3015640680042,-45.5332982441116,-45.5317383062381,-44.8778063065345,-44.8747209825947,656.419,685.318,687.597,685.862,685.856,687.17,692.249,690.484,693.711,687.904,695.158,698.388,683.386,688.023,705.689,681.505,678.879,679.187,676.949,679.232,680.998,679.31,683.655,681.177,682.993,669.955,693.514,700.314,696.919,695.16,683.236,689.893,699.643,679.645,678.421,-840,-793,-832,-827,-825,-795,-862,-862,-852,-801,-808,-840,-755,-847,-902,-769,-826,-861,-842,-842,-808,-783,-819,-831,-839,-844,-803,-825,-834,-769,-806,-760,-862,-829,-777,TRUE
231709,"2026-05-15T09:05:25Z","2026-05-15T09:05:15Z","2026-05-15T09:03:14Z",6628,-36.33883053,-51.9385748698772,-51.8431251317399,-43.3636223510261,-43.3642096363834,-43.8277773365534,-43.8282401430082,-43.942746957872,-43.941209769241,-44.035404146977,-44.0358084105538,-44.1232510156388,-44.1237335077513,-44.2350695139065,-44.2354264302469,-44.3180760434628,-44.3181033953128,-44.3788104226189,-44.379322837421,-44.4355034592238,-44.4355791881103,-44.479963431935,-44.4803223670832,-44.5099799250739,-44.5092887587664,-51.8759892664239,-51.8446793258287,-49.2581271476523,-49.2374138076102,-47.4840792658142,-47.4753640028648,-46.2289135701673,-46.2204654571901,-44.9495350777227,-44.9457856550142,-43.0513620564644,-43.0450679790213,-42.1661247131395,-42.1656129265305,-42.0994612001099,-42.099192121189,-42.4026947531361,-42.4033970267988,-42.8042934310144,-42.804374864953,-43.1735637536083,-43.1739779744325,-43.4514340775636,-43.4517186273997,-43.6535045974182,-43.654291871333,-51.1611333709982,-51.1611106799284,-50.0114303445319,-50.011247585887,-49.4030779162041,-49.4049838448229,-48.8810525106714,-48.8833144141292,-48.0663112811169,-48.0649636463774,-47.3897337887533,-47.3902050454157,-46.8866565499164,-46.886733128414,-46.3022503017346,-46.3011769369204,-45.5437517079035,-45.5422213219129,-44.8939707885125,-44.8908872953363,664.097,690.892,691.731,691.407,691.393,692.721,697.918,696.06,697.812,693.445,700.774,703.732,687.343,690.204,708.813,687.122,684.352,684.621,682.103,684.681,686.464,684.739,689.146,686.642,688.478,674.059,696.514,703.139,699.299,700.152,688.761,695.562,704.086,685.193,683.876,-838,-784,-838,-838,-826,-792,-863,-875,-853,-802,-808,-837,-752,-851,-897,-768,-836,-857,-841,-846,-809,-778,-818,-827,-835,-832,-801,-826,-834,-771,-806,-765,-860,-838,-776,TRUE
231709,"2026-05-15T21:05:14Z","2026-05-15T21:05:08Z","2026-05-15T21:03:14Z",6654,-36.35444909,-50.3398944798983,-50.2466273721835,-43.369534954276,-43.3691668867136,-43.8322944910601,-43.8323130226001,-43.9434206988871,-43.9417789066731,-44.0317204746614,-44.0320471251603,-44.1165524163927,-44.1169356797422,-44.233629354109,-44.2339523597579,-44.3191322438642,-44.3191072837341,-44.3795966042292,-44.3799020564328,-44.435733559805,-44.4357023849296,-44.4799679605898,-44.4802155324129,-44.5097862052093,-44.5090199764448,-51.6973300534811,-51.676821443217,-49.5765185575052,-49.5555522595482,-47.5239780828719,-47.5141666304724,-46.2277143240004,-46.219386665494,-44.9661953287687,-44.9624808082131,-43.0815935199238,-43.0752596758846,-42.1902056318451,-42.1896328271209,-42.1108501509019,-42.1105525067601,-42.4062264374715,-42.4069015773141,-42.8035216479439,-42.8037955358126,-43.1710493543492,-43.1715036832795,-43.4486410714459,-43.4488760877758,-43.651131989172,-43.6518640018005,-51.3068358150566,-51.3066232984862,-50.3477571206276,-50.3474920035721,-49.7450463674385,-49.7468820307786,-49.1717320669927,-49.1743148000907,-48.1674408588564,-48.1660427460365,-47.390128612939,-47.3906752713759,-46.8722487652577,-46.8723117546816,-46.2979676176908,-46.2968612617967,-45.5520213286204,-45.5503496718202,-44.9094544335312,-44.906430979179,669.669,693.558,693.886,694.1,694.091,695.426,700.729,698.792,699.998,696.155,703.528,706.337,689.734,692,709.998,689.938,687.101,687.254,684.64,687.343,689.131,687.385,691.83,689.302,691.156,677.097,698.593,704.864,700.116,702.148,691.437,698.387,706.703,687.943,686.556,-838,-785,-842,-829,-824,-807,-867,-869,-852,-805,-814,-842,-755,-838,-894,-771,-836,-860,-840,-844,-807,-783,-815,-825,-838,-834,-806,-825,-835,-770,-809,-763,-865,-834,-778,TRUE
231709,"2026-05-16T09:05:16Z","2026-05-16T09:05:09Z","2026-05-16T09:03:14Z",6654,-36.3801343,-47.6855356367022,-47.5917417657431,-43.5408298467998,-43.5434410806232,-43.8485817677671,-43.8475508897585,-43.9551316461301,-43.9542803492814,-44.0372391679021,-44.0386167096927,-44.1235535323083,-44.1248231750547,-44.2353726082543,-44.2357763601899,-44.3179776612819,-44.3176018608403,-44.3792660866885,-44.379151477454,-44.4361493553419,-44.4359352194364,-44.4802545698978,-44.4803824629441,-44.5099669219463,-44.5093775212312,-51.5194940036726,-51.5010781577929,-49.7083638095903,-49.6892073835172,-47.5956180400694,-47.5848026742363,-46.2311406977921,-46.2228006782228,-44.9816341631127,-44.9779860843651,-43.1112870891881,-43.1049727444945,-42.2145922280708,-42.2140661970571,-42.1230111227258,-42.1227391642989,-42.4104145905248,-42.4110558392642,-42.8035216479439,-42.8037222869045,-43.1692230428641,-43.1696313602374,-43.4463156689629,-43.4465861727315,-43.6491405089842,-43.6499610139978,-51.2324366223886,-51.2322425539107,-50.4402546037583,-50.4400409104686,-49.9100761277624,-49.911720699324,-49.3655152139977,-49.3681510501516,-48.2898149361676,-48.2882942313652,-47.4206947688794,-47.4214360148575,-46.8702317543314,-46.8704097350081,-46.2927519794713,-46.2916821716801,-45.5568918113386,-45.555446257783,-44.9229548446067,-44.9200177471768,671.694,688.517,690.408,689.238,689.244,690.562,695.961,693.931,696.876,691.315,698.647,701.589,687.066,689.668,706.375,685.254,682.551,682.425,680.12,682.542,684.316,682.586,686.995,684.481,686.336,674.441,696.353,702.5,696.209,696.982,686.574,693.609,704,683.209,681.763,-840,-789,-845,-831,-825,-794,-865,-861,-851,-803,-805,-834,-749,-843,-897,-765,-829,-871,-838,-847,-806,-776,-818,-832,-831,-832,-804,-827,-831,-771,-808,-766,-872,-822,-786,TRUE
231709,"2026-05-16T21:05:19Z","2026-05-16T21:05:12Z","2026-05-16T21:03:14Z",6654,-36.38269672,-46.5009358992472,-46.4125332811413,-43.4496157760697,-43.4524279868906,-43.8428968807755,-43.842446823989,-43.9465941939519,-43.9454630982725,-44.0303252452522,-44.0313783160636,-44.1155236924003,-44.1166332591568,-44.2341901510796,-44.2346148146622,-44.3205314321046,-44.3203021216391,-44.3800181793041,-44.3802082069299,-44.4360200536745,-44.435879968598,-44.4801278348712,-44.4803151290146,-44.5095834260461,-44.5089272628422,-50.8842848292349,-50.8785605356747,-49.7322811052771,-49.7155270144978,-47.6726921951493,-47.6612384966257,-46.2426180681224,-46.2341712966212,-44.9962903763169,-44.9926244901073,-43.1401390975291,-43.1338833682687,-42.2388476122276,-42.2382002839696,-42.1354253036516,-42.1350781204229,-42.4148503544522,-42.4155179919221,-42.8036746746821,-42.803835489725,-43.1674760861344,-43.1678383762458,-43.4441548791634,-43.4443883039324,-43.6472738518775,-43.6480645331002,-50.9619400995488,-50.9614101951322,-50.420032763612,-50.4197913403126,-49.9735253570664,-49.9750006907135,-49.4746887376557,-49.477323133892,-48.397451860049,-48.395884903213,-47.4683747806222,-47.4690232096517,-46.8824151133043,-46.8826210533555,-46.2935070605483,-46.2923486158469,-45.5624147460286,-45.5609389535746,-44.9362980569645,-44.9333699517325,669.846,683.062,686.471,683.67,683.663,684.95,690.456,688.284,693.137,685.669,692.957,696.052,683.492,686.979,702.178,679.776,677.247,676.787,674.84,676.943,678.698,676.981,681.348,678.85,680.706,672.079,693.556,699.427,691.854,691.242,680.906,688.013,700.533,677.69,676.189,-836,-792,-849,-832,-826,-795,-861,-867,-850,-807,-810,-841,-750,-851,-903,-767,-833,-857,-834,-849,-810,-784,-812,-828,-832,-843,-798,-828,-832,-774,-810,-761,-865,-833,-772,TRUE
231709,"2026-05-17T09:05:10Z","2026-05-17T09:05:04Z","2026-05-17T09:03:14Z",6645,-36.38269672,-49.3590541285065,-49.2648630077542,-43.4341955831416,-43.4346070744272,-43.8417629087809,-43.8410642198432,-43.9455795459329,-43.9439289500891,-44.0296155201419,-44.0301694421593,-44.1138421967627,-44.1143997720574,-44.2335382836466,-44.2337804815577,-44.3208288377659,-44.3205292782627,-44.3802161227245,-44.3802114614607,-44.4364584531801,-44.4363304707087,-44.4802849121427,-44.4804524626459,-44.5096483269313,-44.5089134380131,-50.2761217795147,-50.2709929226687,-49.6015142761905,-49.5888111110238,-47.7404792264264,-47.728684810129,-46.2621876580292,-46.253577881177,-45.0112399827368,-45.0076144415455,-43.1682896797723,-43.1620324215467,-42.2628645598214,-42.2622571241339,-42.1477964109272,-42.1474144185026,-42.4192991809117,-42.4199530076112,-42.8038077410955,-42.8039353743902,-43.1656893751706,-43.1660387241824,-43.4419281351363,-43.4422364253812,-43.645380849251,-43.6461614346591,-50.4830271742674,-50.482499120351,-50.1981044171033,-50.1977174925198,-49.8845883211089,-49.8855987999212,-49.4815597021915,-49.4836262397069,-48.4748735725757,-48.4733239689759,-47.5195136232143,-47.5204089898102,-46.9056619316891,-46.9058995035044,-46.3026753864435,-46.3015450288105,-45.5708935965302,-45.5694554062096,-44.9502385003221,-44.947158052539,659.923,678.144,682.909,678.751,678.739,680.01,685.594,683.328,689.808,680.735,687.985,691.204,680.013,685.116,698.604,675.029,672.684,671.854,670.257,672.081,673.828,672.137,676.473,673.986,675.847,669.218,691.209,696.858,688.268,686.505,676.028,683.203,697.565,672.926,671.38,-844,-789,-850,-831,-829,-794,-863,-864,-852,-796,-802,-839,-754,-849,-899,-771,-837,-850,-835,-847,-806,-785,-815,-830,-839,-837,-801,-828,-833,-769,-809,-763,-869,-826,-785,TRUE
231709,"2026-05-17T21:06:10Z","2026-05-17T21:05:11Z","2026-05-17T21:03:14Z",6645,-36.36256342,-55.9014783425798,-55.8089787471891,-43.4035460198693,-43.4029567944635,-43.8384760682079,-43.8378553131517,-43.9425365289843,-43.9408304149203,-44.027926593281,-44.0282794174924,-44.1120146867873,-44.1125053352588,-44.2334098229612,-44.2336328631065,-44.3208666665186,-44.3205332311192,-44.380501737277,-44.3806333161604,-44.4365562745189,-44.4364159614562,-44.4804053009301,-44.4806573938321,-44.5097890386249,-44.5090678749242,-51.0382230005819,-51.0106131853011,-49.496538978147,-49.4839104055518,-47.7872771001433,-47.7756726089015,-46.2877769336525,-46.2790365590463,-45.0276804694227,-45.0240702852354,-43.1959382033735,-43.1897055116188,-42.2864957609372,-42.2858944279096,-42.1601984887574,-42.1598692312479,-42.4237342699189,-42.4243943858952,-42.8039208473162,-42.8040885305558,-43.1637702581585,-43.1642324034626,-43.439628841616,-43.4398673013712,-43.643395766621,-43.6441139013301,-50.6467225178061,-50.6466151402429,-50.0886714078259,-50.0883962538021,-49.7682216546386,-49.7690956995555,-49.4107655810605,-49.412686553913,-48.5049282672082,-48.5033841143439,-47.5624255715216,-47.5632825985006,-46.9337724196946,-46.9340440043875,-46.3179517001581,-46.3168639007294,-45.5822890370934,-45.5808348433943,-44.9647113846325,-44.961723354111,644.549,674.943,680.538,675.56,675.548,676.803,682.429,680.115,687.63,677.522,684.753,688.031,677.586,682.46,696.279,671.963,669.749,668.581,667.265,668.905,670.644,668.962,673.282,670.803,672.671,664.677,688.593,694.832,685.982,683.491,672.849,680.095,695.723,669.843,668.241,-839,-787,-845,-828,-826,-797,-867,-865,-851,-800,-815,-836,-756,-853,-900,-759,-832,-867,-844,-849,-806,-788,-812,-828,-834,-834,-798,-814,-834,-775,-812,-765,-869,-824,-781,TRUE
231709,"2026-05-18T09:05:22Z","2026-05-18T09:05:10Z","2026-05-18T09:03:14Z",6636,-36.34761597,-51.4522587658514,-51.3759606851752,-43.3451379629344,-43.3451204414853,-43.8266114561044,-43.826806694786,-43.9412193086108,-43.9394648589969,-44.0323118485916,-44.0326632657469,-44.1162668122192,-44.116604879478,-44.2334582726457,-44.2337421364049,-44.3201317554759,-44.3200688385203,-44.3803706645159,-44.3807867297948,-44.436639415821,-44.436600893187,-44.4806150814117,-44.4808752502508,-44.5100673058288,-44.5094622828049,-52.5395012918934,-52.4976014742356,-49.7086902006591,-49.6900078052471,-47.8144236697553,-47.8031088209745,-46.3163127011883,-46.3074357884323,-45.046106545494,-45.0425643009068,-43.2230853597753,-43.2168437689884,-42.3098154846256,-42.3090925900315,-42.1723220716411,-42.1718906105893,-42.4279211673168,-42.428467027905,-42.803707941313,-42.8038221717571,-43.1616194532976,-43.1620290182418,-43.4370329780561,-43.4372282575203,-43.6410885250779,-43.6418891048637,-51.5781049641675,-51.5782799805722,-50.4433815265607,-50.4431560637978,-49.9118407752025,-49.9134189530799,-49.4438305247585,-49.4459210970679,-48.5117212393944,-48.5101735232866,-47.5899835798439,-47.590870971489,-46.9604263479748,-46.960670201118,-46.3362442800144,-46.3351681718992,-45.5958386097771,-45.59428991168,-44.9796841824359,-44.9766466175634,654.046,676.67,681.669,677.225,677.209,678.473,684.105,681.794,688.814,679.181,686.443,689.591,678.679,680.716,697.015,673.746,671.47,670.084,668.811,670.537,672.279,670.575,674.929,672.434,674.311,663.211,687.787,694.906,686.571,685.097,674.523,681.89,697.162,671.565,669.9,-839,-790,-848,-833,-830,-799,-868,-871,-846,-808,-806,-833,-753,-846,-901,-774,-832,-866,-839,-840,-809,-783,-813,-833,-835,-842,-803,-829,-837,-775,-815,-762,-866,-827,-778,TRUE
231709,"2026-05-18T21:05:11Z","2026-05-18T21:05:02Z","2026-05-18T21:03:14Z",6506,-36.34322325,-59.8252367658023,-59.7286738062146,-43.5214763993753,-43.5286725080859,-43.831652737785,-43.8315681446629,-43.9562650634273,-43.9558651917066,-44.0428089042646,-44.0446483056344,-44.1349658614941,-44.1366966689649,-44.2398911316368,-44.2406413893954,-44.3191343411711,-44.3188757864736,-44.3798852227353,-44.3800878736241,-44.4367750890725,-44.4366356025027,-44.4805785357919,-44.4808049713097,-44.5103484911379,-44.509711867142,-54.3171433543368,-54.256086260461,-50.1920590008798,-50.1658017123094,-47.8499514641194,-47.8383418829601,-46.344325947427,-46.3354012729053,-45.0662915145265,-45.062830986848,-43.2496987878022,-43.2434875851954,-42.3327704826388,-42.3321204886496,-42.1843691102432,-42.1839027456081,-42.4320474798814,-42.4325929685054,-42.8034151943318,-42.8034958806265,-43.1593891556409,-43.1597990865412,-43.4343052310068,-43.4345298710577,-43.6386694490693,-43.6394410848928,-52.7550735565473,-52.7556691075998,-51.0979560910096,-51.0977742007528,-50.326249461404,-50.3284965620187,-49.6775799142255,-49.6802822247288,-48.5615750393958,-48.5600406023719,-47.6138323273751,-47.6147047319158,-46.9839439863934,-46.9841563725135,-46.3562641151034,-46.355111383486,-45.6117650712667,-45.6102285464551,-44.9961102313302,-44.9930999934107,663.244,679.472,683.695,680.2,680.206,681.505,687.078,684.863,690.984,682.237,689.544,692.513,681.67,679.485,698.535,676.91,674.484,672.947,671.671,673.547,675.298,673.564,677.956,675.444,677.343,662.289,687.831,695.75,687.959,688.06,677.595,685.102,699.691,674.694,672.967,-843,-789,-846,-834,-828,-797,-870,-868,-852,-801,-816,-836,-755,-843,-897,-765,-830,-865,-839,-851,-806,-784,-814,-835,-837,-835,-804,-828,-828,-771,-811,-760,-864,-828,-780,TRUE
231709,"2026-05-19T09:05:17Z","2026-05-19T09:05:10Z","2026-05-19T09:03:14Z",6645,-36.31375542,-53.5119577428155,-53.4079842708055,-43.361920306011,-43.3609774847709,-43.8280827002259,-43.828460144415,-43.9441985330296,-43.9425355648517,-44.0404302628772,-44.0406623000302,-44.1246790062499,-44.1250163277808,-44.236579227212,-44.2368449492816,-44.3196318582624,-44.3196925103252,-44.3805821933472,-44.3811207900131,-44.4366752031051,-44.4366788266085,-44.4808170212145,-44.4811302037099,-44.5105456787935,-44.5097174703553,-54.9287787733013,-54.8843552253265,-50.8483253630229,-50.8156675033511,-47.9235865672968,-47.911083063153,-46.3716968387365,-46.3626990400183,-45.0876098953992,-45.0841221969399,-43.2757725838414,-43.2696045707052,-42.3554617334303,-42.3546765777563,-42.1964270708189,-42.195972917769,-42.436186896904,-42.4367721965137,-42.8031290993188,-42.8032761325442,-43.1571852518707,-43.1575293707605,-43.4316432591386,-43.4318971895332,-43.6362700050591,-43.6370454805184,-53.7480336400994,-53.7482435087755,-51.9391943803269,-51.9390346341851,-50.9573525882451,-50.9603115361554,-50.1005823643895,-50.103890265562,-48.6940249615911,-48.6923818962207,-47.6561505176485,-47.6570782984794,-47.0093882617918,-47.0096682971075,-46.377585325605,-46.3764324568482,-45.6301181676986,-45.6286492829883,-45.0143686587782,-45.011314316525,669.67,683.544,686.73,684.106,684.086,685.375,690.915,688.746,693.834,686.086,693.45,696.215,684.994,679.347,700.172,680.881,678.214,676.581,675.27,677.342,679.098,677.336,681.774,679.236,681.157,665.488,688.778,696.937,689.772,691.499,681.404,689.08,702.69,678.56,676.774,-840,-784,-844,-826,-824,-799,-868,-869,-850,-808,-814,-842,-751,-842,-899,-759,-836,-859,-842,-844,-804,-784,-816,-829,-841,-830,-803,-823,-835,-766,-805,-763,-865,-826,-780,TRUE
231709,"2026-05-19T21:05:10Z","2026-05-19T21:05:00Z","2026-05-19T21:03:14Z",6645,-36.34670082,-44.9479318263287,-44.8557410500223,-43.4148163060457,-43.4161004893267,-43.8325072971274,-43.8321924631003,-43.9490362988947,-43.9474546239438,-44.0364057783245,-44.0368774507632,-44.1245661773641,-44.1251284409229,-44.2401570408196,-44.2404786252458,-44.3217549632771,-44.3215208045439,-44.3813167978598,-44.3814866134852,-44.4369503694975,-44.4368774924033,-44.4805593777291,-44.4808059703549,-44.5099555633841,-44.5092511335703,-53.3505573630335,-53.3498777901804,-51.2439505249582,-51.2137811548553,-48.0496471604294,-48.0356195669141,-46.4023840202348,-46.3932755196219,-45.1097777370175,-45.1062890618465,-43.3015319050311,-43.2952944976331,-42.3780369492515,-42.3773110857949,-42.2086774665287,-42.2081750779462,-42.4405872179643,-42.441125242138,-42.8031224459303,-42.8031762467877,-43.1550739315266,-43.1554911880924,-43.429119554516,-43.4292775641739,-43.6339362144471,-43.6347285521115,-53.4576767206927,-53.4573758378466,-52.3213382641439,-52.3210962173924,-51.4356474361828,-51.438439720013,-50.5442746901688,-50.5479159379294,-48.9093601486008,-48.90769978916,-47.7320735055482,-47.7331583747216,-47.0446857809136,-47.0450129828195,-46.4016329344404,-46.4004046232091,-45.6499309866356,-45.6484326921568,-45.0335114378413,-45.0304513397723,678.587,685.598,688.275,686.261,686.276,687.574,693.026,690.972,695.499,688.305,695.706,698.365,686.439,682.096,700.676,683.235,680.386,678.608,677.357,679.518,681.283,679.499,683.969,681.414,683.358,672.209,691.319,698.182,690.999,693.268,683.566,691.417,704.725,680.843,679.005,-837,-793,-840,-837,-827,-799,-867,-871,-852,-808,-815,-847,-759,-848,-903,-771,-828,-864,-830,-843,-805,-783,-819,-833,-831,-839,-807,-821,-833,-775,-813,-756,-861,-837,-786,TRUE
231709,"2026-05-20T09:05:10Z","2026-05-20T09:05:00Z","2026-05-20T09:03:14Z",6645,-36.34017275,-47.0176132066761,-46.9325337269058,-43.3721266119573,-43.3696267074472,-43.8346444451114,-43.8341779582333,-43.943894629166,-43.9419760044957,-44.0370973560061,-44.0371206088437,-44.1208940931563,-44.1210570014517,-44.2372710359808,-44.2374245382534,-44.3209247615749,-44.3207708253302,-44.3816777990541,-44.3818795622953,-44.4372534698533,-44.4372082794667,-44.480880409876,-44.4811470434752,-44.510209751697,-44.5095659581116,-51.3365504369929,-51.3462739512526,-51.0097767704205,-50.9915054031599,-48.2047793435837,-48.1894889711886,-46.4416444166057,-46.4322616679192,-45.1329422003409,-45.1292986587674,-43.3269045651042,-43.320736204163,-42.4004761867738,-42.3996889020156,-42.2210798478797,-42.2205831137882,-42.4452550810897,-42.445692244103,-42.8032222466813,-42.8032894506325,-43.1531213928462,-43.1534727920617,-43.4265693912211,-43.426868467511,-43.6317601258788,-43.6324443608718,-52.0183594391726,-52.0178506664611,-51.8097038752271,-51.80941272035,-51.3414533322797,-51.3430021771004,-50.6942357614172,-50.6972991984439,-49.1274101061671,-49.1256131979482,-47.8401161047054,-47.8414090617453,-47.0961776510458,-47.0964511100722,-46.4303561001538,-46.4291741202671,-45.6709084861337,-45.6694181505792,-45.0533769443342,-45.0503043973399,674.894,686.901,689.357,687.536,687.533,688.828,694.204,692.228,696.532,689.544,696.972,699.562,686.874,687.467,700.671,684.612,681.59,679.68,678.552,680.74,682.501,680.705,685.196,682.625,684.583,675.842,694.947,700.122,692.346,693.997,684.734,692.775,706.012,682.163,680.262,-836,-791,-843,-826,-823,-792,-868,-867,-853,-805,-804,-841,-754,-848,-892,-767,-833,-860,-838,-843,-806,-788,-812,-830,-834,-838,-802,-821,-834,-772,-812,-762,-861,-822,-783,TRUE
231709,"2026-05-20T21:05:57Z","2026-05-20T21:05:50Z","2026-05-20T21:03:14Z",6645,-36.34987334,-50.2423679345307,-50.1497254679379,-43.4486068149167,-43.4508079192676,-43.8363670041362,-43.8358046228549,-43.9492170112049,-43.9480864349105,-44.0366232381293,-44.0375277233679,-44.1264962116455,-44.1276795161869,-44.2406461042246,-44.2411162593305,-44.321542567198,-44.3212994046997,-44.3816858659506,-44.381706978012,-44.4371549726791,-44.436969427405,-44.4807409303141,-44.480934725499,-44.5102266733164,-44.5095833410446,-51.3334090951234,-51.3260484228973,-50.5964769135172,-50.5837478121885,-48.32801704614,-48.3127548018092,-46.4920290531739,-46.4822977062285,-45.1575844893204,-45.1539927528035,-43.3521417216575,-43.3460092208747,-42.4227996986783,-42.4219777867955,-42.2337752379752,-42.2332574017053,-42.4500966748526,-42.4505066309073,-42.8036081413653,-42.8037156279084,-43.1514269367377,-43.1517918483429,-43.4243156736413,-43.4244987759297,-43.6297023075449,-43.6304226536442,-51.5485218166972,-51.5482915521347,-51.2647466986737,-51.2645246468792,-50.9610734156426,-50.9621423609378,-50.5217407221174,-50.5240713758084,-49.2355205400543,-49.2336840798465,-47.9494586318888,-47.9508042135779,-47.1616957743368,-47.1620363510916,-46.4664418950278,-46.465143577231,-45.6938547980527,-45.6923388700987,-45.0737007123763,-45.0707120626734,672.096,685.162,688.171,685.883,685.902,687.197,692.484,690.608,695.544,687.929,695.349,698.01,686.553,688.018,699.611,683.121,680.028,677.927,677.059,679.099,680.857,679.058,683.545,680.977,682.939,673.545,694.676,700.219,692.351,692.315,683.05,691.226,705.374,680.606,678.661,-841,-788,-841,-831,-826,-796,-864,-870,-848,-802,-811,-839,-754,-848,-893,-774,-837,-866,-833,-844,-808,-783,-817,-826,-828,-843,-804,-820,-837,-774,-810,-759,-865,-829,-777,TRUE
231709,"2026-05-21T09:05:17Z","2026-05-21T09:05:06Z","2026-05-21T09:03:14Z",6636,-36.3301061,-52.2045911943169,-52.1106264680006,-43.3912473598832,-43.3922269821186,-43.8325207534295,-43.8324350899969,-43.9461126555642,-43.9447145642786,-44.0362799745369,-44.0368329257716,-44.121725299398,-44.1225365165046,-44.2378688451737,-44.2382298302586,-44.321820263782,-44.32167006227,-44.381870004893,-44.3822022172821,-44.437235724732,-44.4371564713083,-44.4808869421019,-44.4811205286648,-44.5102606414844,-44.5096014299345,-51.527996788243,-51.5117024125128,-50.4079908707185,-50.3952218420032,-48.3886699948055,-48.374260149826,-46.5491318304912,-46.5390658001054,-45.1845449610977,-45.1809419158934,-43.3771248632139,-43.3709290198435,-42.4449005593871,-42.4441242893048,-42.2465081441837,-42.2459625150062,-42.4551253476405,-42.4555750368705,-42.8040938328908,-42.8041551200718,-43.1498515806729,-43.1502233677646,-43.4221409583335,-43.4223198988695,-43.6276707233953,-43.6284402694884,-51.4896235548258,-51.4893159819175,-51.0738976425252,-51.0736139898387,-50.757607272317,-50.758633189613,-50.3571750119004,-50.3592477775528,-49.2427778035026,-49.2410247782412,-48.0268926067936,-48.0282898848018,-47.2295512322843,-47.2299320292941,-46.5101030972392,-46.5089059173228,-45.7206779890624,-45.7191651777067,-45.0957050399879,-45.0926581504902,669.569,683.286,686.885,683.921,683.924,685.211,690.405,688.609,694.297,685.921,693.338,696.086,685.27,686.767,698.632,681.287,678.054,675.831,675.242,677.112,678.86,677.06,681.54,678.973,680.943,671.488,693.374,699.25,691.373,689.945,681.076,689.338,704.364,678.704,676.721,-832,-793,-840,-835,-827,-798,-866,-867,-852,-806,-805,-839,-757,-846,-898,-768,-835,-859,-838,-847,-808,-786,-820,-831,-829,-836,-804,-823,-823,-776,-813,-761,-867,-827,-781,TRUE
231709,"2026-05-21T21:05:08Z","2026-05-21T21:04:58Z","2026-05-21T21:03:14Z",6636,-36.36372261,-48.9768688158492,-48.8854412881448,-43.4343421911284,-43.4306799362002,-43.8470944292443,-43.8460157302908,-43.9474957647428,-43.945655996656,-44.0344563265204,-44.0344711792357,-44.1165104989839,-44.1168996688695,-44.2360640521851,-44.236202300554,-44.3218007628894,-44.321454953433,-44.381892852541,-44.3818947010693,-44.4374820535111,-44.4373410679419,-44.4810937962363,-44.4812028598673,-44.5103940036131,-44.5097558830267,-51.8913998485359,-51.8735899264006,-50.3889745381441,-50.3741788115123,-48.4120632641133,-48.3984498636091,-46.6048908903023,-46.5947369471185,-45.2143478956877,-45.2105936484509,-43.4020454608234,-43.3958192239245,-42.4670733665148,-42.4662222860121,-42.259567373577,-42.2589201972523,-42.460488343102,-42.4609509522142,-42.8049254873835,-42.8049874828218,-43.1485078630873,-43.1488666332496,-43.4201045667241,-43.4203516048534,-43.6258494759296,-43.6266219370045,-51.7246563464064,-51.7244402652268,-51.0982373931294,-51.0979882696572,-50.7049133767485,-50.7061347349617,-50.2771892526363,-50.2793302807934,-49.2212086443314,-49.2195758635924,-48.0708195096843,-48.0721109255375,-47.2872374463131,-47.2876728887223,-46.5559640292199,-46.5546975433156,-45.7505442627872,-45.749012922647,-45.1190346735293,-45.1160127172642,669.197,678.21,683.388,678.919,678.917,680.174,685.287,683.565,690.951,680.896,688.274,691.276,682.221,683.003,695.897,676.485,673.148,670.817,670.64,672.173,673.911,672.123,676.571,674.019,675.994,667.895,690.025,696.367,688.019,684.879,676.202,684.48,701.492,673.858,671.845,-837,-785,-847,-827,-825,-800,-867,-869,-860,-801,-811,-846,-755,-847,-897,-769,-829,-858,-837,-843,-811,-788,-813,-835,-836,-835,-807,-826,-841,-772,-811,-766,-865,-825,-783,TRUE
231709,"2026-05-22T09:05:10Z","2026-05-22T09:05:01Z","2026-05-22T09:03:14Z",6645,-36.36604099,-39.8190593683523,-39.7312730074196,-43.4217732259259,-43.42237329127,-43.8375868245343,-43.8370837098303,-43.9472709058965,-43.9455990907842,-44.0341264610629,-44.0347889066802,-44.1200129174863,-44.1207757719689,-44.2379121050678,-44.2381739821708,-44.322535457168,-44.3222548034413,-44.381867789456,-44.3819735096797,-44.4374150025657,-44.4372742734514,-44.4809074131047,-44.4811463761343,-44.5102010634892,-44.5095117983058,-51.5466142904141,-51.5411787567516,-50.412206269883,-50.3971603983048,-48.4261555022466,-48.4129440376309,-46.6544843089416,-46.6441913165291,-45.24632228919,-45.2425529846497,-43.4267784175005,-43.4205743976708,-42.4889502726754,-42.4881246509833,-42.2726437982641,-42.2720496589923,-42.4660449866624,-42.4663933141159,-42.8059168045654,-42.8058997392098,-43.147243550574,-43.1475892902885,-43.4181933309313,-43.4184556658261,-43.6240742037082,-43.624810118471,-51.6511123672788,-51.6508014459326,-51.1210770057023,-51.120849934542,-50.7224996546523,-50.7238540897491,-50.2745325605345,-50.276782089234,-49.2124628486726,-49.2108262633628,-48.0989886730158,-48.1002921732886,-47.333109476446,-47.3334584999612,-46.5992978415394,-46.5980308848199,-45.7829078465382,-45.7813687070739,-45.1445887440913,-45.1416038051925,670.604,672.946,679.467,673.632,673.632,674.882,679.882,678.254,687.283,675.587,682.923,686.172,679.019,679.807,692.65,671.382,667.813,665.51,665.738,666.919,668.64,666.877,671.278,668.743,670.718,665.645,686.989,693.207,683.945,679.849,670.995,679.29,698.178,668.69,666.651,-843,-788,-846,-833,-832,-800,-869,-875,-851,-808,-810,-840,-752,-843,-896,-764,-837,-863,-837,-844,-811,-778,-817,-829,-833,-838,-808,-818,-833,-778,-811,-760,-865,-828,-783,TRUE
231709,"2026-05-22T21:05:11Z","2026-05-22T21:05:00Z","2026-05-22T21:03:14Z",6654,-36.33358367,-48.966041422744,-48.8628352958478,-43.416731616105,-43.415638251274,-43.8342798713249,-43.8335404125402,-43.9479798785642,-43.9461471130389,-44.0359322541156,-44.0362252899141,-44.1213388870473,-44.1217654605825,-44.2380030838106,-44.2382326674608,-44.3219623339886,-44.3216867733927,-44.3818165836685,-44.3818441820691,-44.4375302833728,-44.4374029678506,-44.4810455426709,-44.4811678739575,-44.5102888256787,-44.509587168623,-50.1177142417482,-50.1201028126413,-50.1913710569446,-50.182530195975,-48.4441520133724,-48.4312628110936,-46.6981494580074,-46.6878304814186,-45.2797402822815,-45.275866761465,-43.4513173832647,-43.4451288120636,-42.5103444549248,-42.5095640885154,-42.2853949984927,-42.2847193872529,-42.4711726988342,-42.4716276810343,-42.806555496943,-42.806558952397,-43.1456747082092,-43.1460207037094,-43.4159722711,-43.4162568329372,-43.621983265409,-43.6227225259982,-50.6526489585487,-50.6520868014441,-50.7287571109296,-50.7284177940947,-50.5505824435517,-50.5513474947231,-50.2169543728371,-50.2188712272092,-49.2172153903659,-49.2155993960702,-48.1259620364803,-48.1271027249643,-47.3733294939121,-47.3736530908733,-46.6433128690086,-46.6419696674489,-45.818639806829,-45.8170391332914,-45.1733678983437,-45.1702903274327,661.2,672.541,679.101,673.264,673.268,674.517,679.345,677.9,686.978,675.226,682.576,685.844,677.391,682.082,692.295,671.207,667.033,665.086,665.432,666.557,668.275,666.507,670.918,668.374,670.364,666.994,688.182,693.351,683.321,679.976,670.709,679.088,698.177,668.436,666.347,-834,-796,-845,-836,-824,-796,-862,-872,-853,-804,-812,-838,-751,-849,-899,-773,-827,-865,-837,-844,-803,-782,-816,-824,-834,-844,-798,-823,-826,-772,-808,-760,-870,-833,-780,TRUE
231709,"2026-05-23T09:05:06Z","2026-05-23T09:04:55Z","2026-05-23T09:03:14Z",6645,-36.34377234,-52.1875239214962,-52.0948939291742,-43.4305039129807,-43.431664698882,-43.8302259907434,-43.8296565731972,-43.9487362159992,-43.9470282210552,-44.0375633397938,-44.0381419386277,-44.1257565658598,-44.1263372169116,-44.239728568556,-44.2400166175963,-44.3221013937497,-44.3218258726376,-44.3817089816013,-44.3817105696051,-44.4375866024571,-44.4373878773927,-44.4809440572291,-44.4811378013542,-44.5101526616066,-44.5094967098602,-51.0333229079455,-51.0133910306925,-49.9615181736378,-49.9523338579079,-48.4491257501667,-48.4367349388372,-46.7370873383893,-46.7268932778011,-45.3135929154646,-45.3096924731407,-43.4758535313813,-43.4697132968992,-42.5316172822829,-42.5307751160858,-42.298190378485,-42.2975810981694,-42.4764739873077,-42.4768749671762,-42.8071941825618,-42.8072780858449,-43.144119065934,-43.1444189837489,-43.4137643158707,-43.4140579245649,-43.619905411082,-43.6207333426707,-50.8509889023666,-50.850720227385,-50.4851309204478,-50.4849059404795,-50.2789372508121,-50.2796054244969,-50.0132215032962,-50.0148569098222,-49.1809811907087,-49.1793927110812,-48.1462316373949,-48.1473499347391,-47.4081925938585,-47.4085514258714,-46.6822527161613,-46.6809329547063,-45.8533424332431,-45.8517321550399,-45.2026760981838,-45.1996149130855,659.321,671.827,678.524,672.557,672.57,673.822,678.467,677.213,686.481,674.537,681.889,685.214,677.216,680.832,692.016,670.708,665.687,664.367,664.848,665.876,667.594,665.819,670.234,667.684,669.681,663.833,686.793,692.925,683.427,680.883,670.108,678.567,698.054,667.865,665.727,-844,-792,-842,-826,-831,-804,-872,-867,-854,-806,-799,-834,-754,-853,-902,-773,-833,-859,-835,-845,-811,-785,-813,-827,-840,-835,-800,-827,-833,-770,-802,-754,-859,-824,-779,TRUE
231709,"2026-05-23T21:06:03Z","2026-05-23T21:05:03Z","2026-05-23T21:03:14Z",6654,-36.36335655,-53.2173911495402,-53.1227744023055,-43.4440291772522,-43.4435287760361,-43.8378805228542,-43.8369588045298,-43.9483234681792,-43.9465762725626,-44.0359323720906,-44.0363702262939,-44.121800754084,-44.122279734654,-44.2381804751098,-44.2384158237043,-44.3221474396572,-44.321848839163,-44.3818452199549,-44.381788829904,-44.4375768979775,-44.4373312336705,-44.4810692626318,-44.4811910260592,-44.5102688394346,-44.5095456270624,-51.701720014747,-51.6775237289245,-50.04387479386,-50.0304605876754,-48.4305337728083,-48.4188145372623,-46.7713544109349,-46.7612404438061,-45.3471935730671,-45.3432275571654,-43.5006567175747,-43.4944200315906,-42.5529292086379,-42.5519985917708,-42.3111104430495,-42.3104601010169,-42.482055887008,-42.4824430036506,-42.808185462481,-42.8082369171149,-43.142801704376,-43.1432077383574,-43.411819933698,-43.412036705664,-43.618064218861,-43.6188031859639,-51.3253794507163,-51.3252006269568,-50.6613260767339,-50.6610372170571,-50.3051597034643,-50.3062446183638,-49.950017791299,-49.951787715513,-49.1201534298776,-49.1185758333225,-48.148478762317,-48.1495482115336,-47.4358553023847,-47.436148574185,-46.7168880484479,-46.7155714992248,-45.8864689066069,-45.8848694904799,-45.2321016679664,-45.2290053517484,657.275,668.772,676.457,669.521,669.53,670.769,675.257,674.147,684.436,671.479,678.808,682.333,675.098,677.406,690.445,667.847,661.84,661.344,662.073,662.848,664.553,662.786,667.181,664.639,666.642,660.947,684.013,690.678,682.041,680.086,667.143,675.642,696.453,664.929,662.754,-830,-789,-846,-838,-827,-800,-866,-879,-851,-804,-814,-846,-750,-846,-898,-769,-838,-858,-845,-847,-811,-784,-811,-835,-833,-833,-809,-819,-829,-773,-804,-761,-867,-830,-779,TRUE
231709,"2026-05-24T09:05:15Z","2026-05-24T09:05:03Z","2026-05-24T09:03:14Z",6628,-36.34883617,-56.3273801029515,-56.234661545172,-43.4311290287954,-43.4302028301836,-43.8371853938897,-43.8361853306483,-43.9468185207069,-43.9450806120155,-44.0349392839474,-44.0352635308951,-44.1194189171061,-44.119978111266,-44.2369960692894,-44.2371857165868,-44.3221623565279,-44.3217996522262,-44.3818576401822,-44.3818208876704,-44.4375598200986,-44.437352635168,-44.4811143792148,-44.4813072955703,-44.5102939751481,-44.5096218745874,-52.512306423828,-52.4780118921763,-50.2330672925006,-50.2161610930344,-48.4176345147378,-48.4061848556122,-46.7996695740671,-46.789666438521,-45.3801003793226,-45.3761197337992,-43.5255950760851,-43.5193410531358,-42.574113271372,-42.5731543413399,-42.3242825909991,-42.3235980388366,-42.4879250100125,-42.4882246376302,-42.8094095709246,-42.8094154596871,-43.1417623592237,-43.1421089926126,-43.4099216321256,-43.410219529319,-43.6162953100865,-43.6170633698738,-51.8269106419604,-51.8269394211873,-50.9234096414935,-50.9231689658763,-50.4556148628687,-50.4570620648003,-50.0125272737297,-50.0145433383512,-49.0965281579902,-49.0950393315112,-48.1432188055473,-48.1442050213551,-47.4541614461026,-47.454440372223,-46.7461251307249,-46.7447849976151,-45.9177471775776,-45.9161092528444,-45.2612142914614,-45.2581213917183,653.111,663.824,672.886,664.567,664.57,665.795,670.131,669.15,681.008,666.494,673.785,677.605,671.557,672.873,687.423,663.06,656,656.471,657.509,657.907,659.599,657.849,662.207,659.681,661.684,656.158,680.212,687.353,679.064,676.923,662.259,670.771,693.55,660.08,657.883,-837,-788,-846,-826,-832,-801,-868,-868,-853,-808,-812,-836,-752,-844,-898,-774,-833,-860,-841,-846,-813,-784,-822,-829,-835,-843,-804,-823,-830,-772,-803,-766,-862,-828,-782,TRUE
231709,"2026-05-24T21:05:11Z","2026-05-24T21:05:00Z","2026-05-24T21:03:14Z",6636,-36.34255214,-55.0715405173284,-54.9772930481775,-43.3832208871947,-43.3831283874429,-43.8259091319139,-43.8255287327683,-43.9450412812831,-43.9433113574782,-44.0354844718253,-44.0358667381517,-44.1209196926908,-44.121393124208,-44.2380150547085,-44.2382192591137,-44.3223346138808,-44.3220892749653,-44.3817873777133,-44.3819509892966,-44.4375105865483,-44.4374430297862,-44.4810234399154,-44.4812500689111,-44.5100868959524,-44.5094848387141,-53.4971167151903,-53.4576606921203,-50.5537591091295,-50.5320143247827,-48.4282732380048,-48.4164787948245,-46.8234817924246,-46.8136203920807,-45.4120964243173,-45.4081134551172,-43.5504909108662,-43.5442787212695,-42.5948091730925,-42.5938818020245,-42.3370693991409,-42.3364175896712,-42.4934054516255,-42.4937380743054,-42.8103010255836,-42.8103343074265,-43.1403787453961,-43.1406925085921,-43.4079243995724,-43.4080994250544,-43.6142304263209,-43.6150543168923,-52.5784324489516,-52.5783851327602,-51.3586064268724,-51.3582652515244,-50.73419252858,-50.7360319401922,-50.1725584979489,-50.1749756229877,-49.1213206980396,-49.1197930307648,-48.1478002719672,-48.1487012881169,-47.4690120814975,-47.4693357288115,-46.772134076521,-46.7708831000894,-45.9481347831709,-45.9464909731796,-45.2907525126573,-45.287643543639,653.478,663.471,672.418,664.181,664.186,665.408,669.532,668.771,680.594,666.099,673.404,677.268,671.321,670.285,686.738,662.868,654.376,656.127,657.217,657.531,659.219,657.463,661.831,659.305,661.32,654.202,678.531,686.205,678.243,676.17,661.948,670.561,693.423,659.832,657.588,-836,-784,-842,-825,-823,-793,-869,-876,-851,-803,-806,-838,-745,-849,-899,-768,-836,-857,-838,-844,-807,-774,-814,-830,-832,-836,-803,-821,-831,-778,-808,-762,-868,-825,-780,TRUE
231709,"2026-05-25T09:04:59Z","2026-05-25T09:04:53Z","2026-05-25T09:03:14Z",6645,-36.32406611,-52.2234226484092,-52.1260165613756,-43.4319975136606,-43.4326225851397,-43.8162289994012,-43.8161085889061,-43.9490635115731,-43.947257013132,-44.0439795544755,-44.044436899531,-44.1356641555677,-44.1360262883716,-44.2444477537781,-44.2447051239308,-44.3213358517519,-44.3210772500136,-44.3807791597763,-44.3810521258896,-44.4373624949483,-44.437226794661,-44.4807780223863,-44.4811032558379,-44.5102365470198,-44.5095220831909,-53.7247729451007,-53.6932288756879,-50.9188960901369,-50.8944759731517,-48.4705770125229,-48.4582174097446,-46.8462292624034,-46.8364589809887,-45.442894668795,-45.4389343347835,-43.5754231743608,-43.569173835556,-42.6150708157583,-42.6140412279188,-42.3493235798819,-42.3485834839483,-42.49850401154,-42.4988295154476,-42.8107999683414,-42.810740460304,-43.1385515335226,-43.1388258775358,-43.4053470200584,-43.4055710101414,-43.6118432337159,-43.6125658941279,-53.0230019877542,-53.0228849214845,-51.8032833516305,-51.8029850255483,-51.0949725160764,-51.0970934655546,-50.4306567064936,-50.4334228036648,-49.2034079169035,-49.2018415008244,-48.1717194136858,-48.1727615609849,-47.4875755612634,-47.4878909417529,-46.7979907277355,-46.7966457364904,-45.9784222579401,-45.9768235846432,-45.3208827070783,-45.3177189036984,660.569,670.029,676.845,670.775,670.804,672.074,675.878,675.477,684.968,672.779,680.167,683.713,675.565,672.821,690.096,669.708,659.386,662.703,663.484,664.13,665.834,664.031,668.47,665.909,667.949,658.54,681.499,688.997,681.242,680.035,668.614,677.44,697.86,666.575,664.27,-838,-795,-848,-829,-825,-796,-865,-870,-861,-808,-810,-836,-757,-854,-900,-772,-833,-860,-832,-845,-814,-787,-812,-823,-833,-840,-811,-829,-838,-769,-812,-766,-864,-832,-772,TRUE
231709,"2026-05-25T21:05:07Z","2026-05-25T21:05:00Z","2026-05-25T21:03:14Z",6645,-36.31582976,-54.7381349571359,-54.6360356163186,-43.4050273892688,-43.4073334090924,-43.8082374323794,-43.808418183425,-43.9461164079699,-43.9445225494372,-44.0429191167726,-44.0435214061658,-44.1344454225898,-44.1349889479475,-44.2427403611399,-44.2431020551826,-44.3211537160155,-44.3209924471876,-44.3809548620485,-44.3812733184547,-44.4373145527782,-44.4372438451364,-44.4807553566151,-44.481028721881,-44.5103396259593,-44.5097028012399,-53.5998795337012,-53.5706557939072,-51.1403011623216,-51.1167584605805,-48.5459474598418,-48.5327287403993,-46.8714852506974,-46.8616677406332,-45.4725797812317,-45.4685901980524,-43.6004969820358,-43.5942434468362,-42.6350587430132,-42.6341270935079,-42.3615483605675,-42.3607803799405,-42.5035954390993,-42.5038736894005,-42.8112257295675,-42.8112398248516,-43.1366514409988,-43.1369724295116,-43.4028354577527,-43.402937138368,-43.6093704568998,-43.6101364714733,-53.0543205244365,-53.05426503208,-52.0183185703943,-52.0180072830537,-51.3486900629838,-51.3507194067662,-50.6716302803732,-50.6744751513524,-49.3289007037496,-49.3271917504743,-48.2190395921114,-48.2201209315496,-47.514133893425,-47.5144097452653,-46.8243260875668,-46.8229881910601,-46.0076422869887,-46.0059687983105,-45.3502765687367,-45.3471991763454,664.254,677.024,682.058,677.752,677.789,679.077,682.573,682.525,689.815,679.779,687.262,690.519,679.804,677.156,693.807,676.832,664.937,669.583,670.042,671,672.716,670.86,675.378,672.777,674.848,663.44,685.64,692.636,684.617,683.835,675.486,684.548,702.735,673.559,671.174,-839,-787,-847,-834,-823,-794,-866,-868,-855,-804,-808,-842,-749,-848,-899,-770,-834,-860,-831,-850,-805,-786,-809,-835,-841,-830,-803,-820,-825,-764,-816,-765,-864,-824,-777,TRUE
231709,"2026-05-26T09:04:59Z","2026-05-26T09:04:50Z","2026-05-26T09:03:14Z",6645,-36.32406611,-59.4354843386825,-59.341784951785,-43.4285450425663,-43.4289472155197,-43.824347344441,-43.8236135482257,-43.9467534816202,-43.945020944865,-44.0386095455521,-44.0391179392224,-44.1284438451957,-44.1289719737588,-44.2414984480296,-44.241747479243,-44.3214006034006,-44.321045884826,-44.3815953622683,-44.3816033267204,-44.4374267647184,-44.4371700656588,-44.4808619785386,-44.4810234507692,-44.5102139820447,-44.5095000631302,-54.2793846677145,-54.2393497245976,-51.3190970041728,-51.294682981478,-48.6379222882202,-48.6239432668989,-46.9020758773044,-46.8922118595652,-45.5014474337604,-45.497453769464,-43.6257844437908,-43.6195793883051,-42.6554533934186,-42.6544864202963,-42.3742934668589,-42.3735716334521,-42.5092617265066,-42.5095461968574,-42.8123366861294,-42.8122651737771,-43.1353537834406,-43.1356882223783,-43.4006534163091,-43.4008826431059,-43.6072987762094,-43.6081009394587,-53.4372521442973,-53.4373098431205,-52.2268726347938,-52.2264743695364,-51.5284363875784,-51.5304462962102,-50.8430037458109,-50.8459160401932,-49.4564739365073,-49.454735643059,-48.2833357245031,-48.2845196541587,-47.5496890974586,-47.5499059453281,-46.8505784840833,-46.849235003644,-46.034345280522,-46.0328025646577,-45.3779091048551,-45.3747647328896,661.366,677.225,682.434,678.036,678.074,679.358,682.671,682.818,690.119,680.073,687.574,690.927,679.956,676.703,693.754,677.31,664.716,670.003,670.449,671.302,673.017,671.15,675.681,673.069,675.153,662.193,685.5,692.882,684.265,682.86,675.771,684.995,703.445,673.994,671.56,-838,-796,-848,-833,-824,-806,-863,-872,-853,-808,-816,-841,-763,-850,-895,-778,-832,-857,-837,-847,-813,-781,-814,-833,-834,-837,-806,-820,-833,-772,-808,-768,-859,-826,-779,TRUE
231709,"2026-05-26T21:05:03Z","2026-05-26T21:04:51Z","2026-05-26T21:03:14Z",6636,-36.34407739,-56.9247618027946,-56.8315032670257,-43.4275319581096,-43.4266581829532,-43.8287267869731,-43.8278234212273,-43.9466808318571,-43.94481137914,-44.0374508018673,-44.0377910879638,-44.12451813861,-44.1249514406045,-44.2396689525187,-44.2398851889147,-44.3217946272718,-44.32142869264,-44.381749802061,-44.3817255494302,-44.4374599890135,-44.4372154625207,-44.480842804553,-44.4810429111056,-44.5101840465382,-44.5094171939744,-55.2650086097766,-55.2202783880903,-51.652198548128,-51.6237828643109,-48.7339156919186,-48.7193704012726,-46.9392553053211,-46.9292575234927,-45.5300871086123,-45.5260124030732,-43.6512721982419,-43.6449842652949,-42.6758610751583,-42.6748254769049,-42.3872703660656,-42.3865008969904,-42.5152886658709,-42.5155191319298,-42.8136937550344,-42.8136633488013,-43.1343672807314,-43.1347217397062,-43.3988932256136,-43.3990914908283,-43.6055032661637,-43.6062689062255,-54.2110661869815,-54.2111538534863,-52.6737799666674,-52.6734819226727,-51.8370091118315,-51.8394075869065,-51.0617520884759,-51.0647740349178,-49.5815384356573,-49.5797954272761,-48.3550866700502,-48.3563142724868,-47.5932934845091,-47.5935827394229,-46.8798122177745,-46.878526978713,-46.0604801191845,-46.0588524944078,-45.4044359646968,-45.4013723184036,661.082,674.386,680.505,675.19,675.218,676.486,679.657,679.939,688.207,677.19,684.676,688.291,678.724,673.032,691.731,674.61,661.924,667.342,667.888,668.448,670.154,668.3,672.805,670.199,672.287,659.622,682.808,690.933,681.768,679.824,672.854,682.189,701.931,671.236,668.773,-835,-793,-846,-841,-827,-799,-864,-873,-856,-799,-808,-841,-756,-853,-894,-777,-834,-859,-836,-848,-803,-785,-816,-829,-836,-839,-805,-818,-831,-771,-808,-765,-864,-829,-780,TRUE
231709,"2026-05-27T09:05:08Z","2026-05-27T09:04:57Z","2026-05-27T09:03:14Z",6645,-36.3526798,-53.8307100351334,-53.7380060685816,-43.4665218474954,-43.4699682312887,-43.8277972742967,-43.8272479819585,-43.9496360262226,-43.9487303586223,-44.0404272313718,-44.0417439484936,-44.1287688626108,-44.1300540056153,-44.2399452903974,-44.2404084954561,-44.3212401327837,-44.3209075441724,-44.3813530451364,-44.3813484232202,-44.4372941830794,-44.4371270204452,-44.48088633368,-44.4810926640056,-44.5102105644797,-44.5096112454248,-54.9710113858044,-54.9433037992953,-52.0056621573387,-51.9761727388225,-48.843559591152,-48.8282357846173,-46.9824118256361,-46.9721616142257,-45.5592856744971,-45.555258209754,-43.6767106192592,-43.6703792069223,-42.6961151947302,-42.6950842875678,-42.4001505716342,-42.3993870782326,-42.521314988208,-42.5215249002912,-42.8150507934447,-42.8150748069467,-43.1333211734936,-43.1336427036118,-43.3969681672787,-43.3971817511571,-43.6036287796366,-43.6044039878926,-54.4039150089992,-54.4038977738055,-53.0690101376583,-53.0687921856308,-52.2080417281519,-52.210570906641,-51.3601418547726,-51.3635113780566,-49.734159984109,-49.7323585046061,-48.4341683327375,-48.4355485248823,-47.643023210925,-47.6434863879393,-46.9133481646041,-46.9120843917804,-46.0873318713732,-46.0857522664381,-45.4304926181835,-45.4273495977447,662.041,672.532,679.2,673.359,673.394,674.659,677.68,678.108,686.932,675.362,682.839,686.636,678.042,671.499,690.111,672.966,660.398,665.737,666.289,666.634,668.331,666.479,670.977,668.37,670.469,660.52,681.827,689.594,679.741,678.093,670.979,680.438,701.015,669.532,667.031,-838,-797,-847,-835,-826,-796,-875,-875,-855,-808,-811,-843,-757,-843,-899,-772,-829,-867,-839,-847,-812,-789,-818,-822,-835,-836,-801,-831,-826,-771,-809,-753,-861,-827,-782,TRUE
231709,"2026-05-27T21:04:59Z","2026-05-27T21:04:55Z","2026-05-27T21:03:14Z",6645,-36.34883617,-56.0886718653099,-55.99464095093,-43.4811366530066,-43.4816729197443,-43.8301058186356,-43.829144518177,-43.9516694953133,-43.9501454667613,-44.041699546481,-44.0424866866095,-44.1285292932099,-44.1294297187808,-44.2395240401124,-44.2398697152533,-44.3206044160742,-44.3202209378265,-44.3810936709788,-44.3810243077856,-44.4374293979444,-44.4371314947678,-44.4809748567312,-44.4811094799916,-44.5102881225082,-44.5095642760536,-54.7608917143503,-54.7338062012669,-52.1408187097486,-52.1138924520769,-48.9726308676132,-48.9563927773266,-47.0317514378854,-47.0212373252191,-45.5898416309748,-45.5857788933935,-43.7021850767874,-43.6958561541914,-42.7163291606836,-42.7152429478326,-42.4131016310669,-42.4122972316038,-42.5273741312239,-42.5275300575844,-42.8165341878061,-42.816472916933,-43.1324140915625,-43.1326629490775,-43.3952210604637,-43.3953904952118,-43.601813435843,-43.602552149905,-54.2695636488103,-54.2696842720019,-53.1389913761219,-53.1387733395491,-52.375175193605,-52.377544686291,-51.5718934892625,-51.5752293001251,-49.9037297673374,-49.9018611606562,-48.5268543737892,-48.5283247942886,-47.6992826571585,-47.6997334436727,-46.9498084373138,-46.9485290090246,-46.115255875138,-46.1137170681269,-45.4563806018575,-45.4532350792408,659.297,670.172,677.479,671.04,671.07,672.325,675.228,675.777,685.268,673.03,680.496,684.508,676.234,670.849,688.107,670.826,658.759,663.684,664.24,664.332,666.02,664.171,668.656,666.057,668.165,659.559,681.082,688.505,677.739,676.496,668.608,678.195,699.625,667.335,664.804,-836,-794,-837,-831,-823,-795,-870,-875,-851,-800,-806,-835,-756,-851,-898,-772,-833,-862,-847,-851,-808,-785,-821,-828,-832,-841,-805,-828,-832,-770,-809,-762,-865,-836,-781,TRUE
231709,"2026-05-28T09:04:53Z","2026-05-28T09:04:49Z","2026-05-28T09:03:14Z",6645,-36.36408867,-56.1724881703485,-56.0819512062247,-43.397323791885,-43.3996608477333,-43.8225115901371,-43.8221646891256,-43.9418658757738,-43.9405738216944,-44.034241343675,-44.0350739244842,-44.1188960210519,-44.1200097021055,-44.2354608964001,-44.235872720338,-44.3215033837319,-44.3212802270921,-44.3812730970869,-44.3814761362803,-44.4371096115376,-44.4370146558506,-44.4808801048545,-44.4811320991433,-44.5101738898189,-44.5094913653591,-55.040003705487,-55.0074477080123,-52.2370637766778,-52.2106856013957,-49.1014856308024,-49.0847420098691,-47.0876987192641,-47.076940814647,-45.6218620998747,-45.6177328689948,-43.7275906151264,-43.7213100332999,-42.7366162280314,-42.735514779796,-42.4261770816925,-42.4253854635417,-42.5337134946714,-42.5338956599743,-42.8183102219273,-42.8182304950095,-43.1316460410286,-43.1319612234916,-43.3935530231173,-43.3938033478242,-43.6001230157283,-43.6009235396058,-54.4060038957613,-54.4061152871589,-53.2238939191315,-53.2238003351486,-52.478815886758,-52.4811553725733,-51.7026232158935,-51.7059013093199,-50.052182444862,-50.0503551312074,-48.6289745010717,-48.6305642179399,-47.7652612601652,-47.7657609632577,-46.9936547949065,-46.992374166382,-46.1470535118122,-46.145450774611,-45.4840082434105,-45.480885143247,656.245,665.342,674.119,666.099,666.114,667.346,670.155,670.77,681.871,668.027,675.454,679.851,672.945,667.858,684.722,666.028,655.007,659.073,659.734,659.385,661.059,659.228,663.674,661.086,663.188,655.731,678.298,685.97,674.551,673.216,663.543,673.222,696.503,662.473,659.914,-837,-786,-842,-823,-825,-799,-867,-871,-849,-799,-805,-840,-755,-846,-899,-768,-835,-859,-840,-847,-807,-790,-816,-835,-836,-840,-802,-824,-830,-775,-813,-758,-869,-825,-782,TRUE
231709,"2026-05-28T21:05:18Z","2026-05-28T21:04:55Z","2026-05-28T21:03:14Z",6654,-36.35438808,-54.4283861885316,-54.3336470511963,-43.4398591325611,-43.4407780860469,-43.8260838062297,-43.8253188684661,-43.9448345290552,-43.9434628137178,-44.0361207789213,-44.0368594127287,-44.1210946225304,-44.1220424324584,-44.235999576198,-44.2364104847545,-44.3208435222951,-44.3205516560314,-44.3809363493453,-44.3809254945198,-44.4371632840479,-44.4369302641997,-44.4808920204448,-44.4810720079135,-44.5101339497247,-44.5094619630053,-55.0981386488545,-55.0712330699243,-52.3872122153962,-52.3603985744677,-49.2193970511542,-49.2024411915181,-47.14936310072,-47.1382871665301,-45.6556455900759,-45.6515083042832,-43.7528552200201,-43.7465047370289,-42.7567366850901,-42.7556598964062,-42.4393165765716,-42.438450676735,-42.540205954637,-42.5403341167914,-42.8201061583959,-42.820021307962,-43.131050133208,-43.1313190714308,-43.3919574681736,-43.3921634736521,-43.5985312180222,-43.59928832131,-54.6023965732572,-54.6024626414744,-53.4062695191086,-53.4061833144541,-52.6387008434392,-52.6411516000198,-51.8463972381078,-51.8497279172196,-50.1835692980063,-50.1817270526693,-48.7312391470692,-48.7328553386269,-47.8390062979891,-47.8394492088483,-47.0454312841931,-47.0440380649308,-46.1830889467282,-46.1813935587356,-45.5139818354054,-45.5108866297173,653.952,660.637,670.656,661.463,661.48,662.699,665.469,666.108,678.564,663.38,670.77,675.509,670.339,664.674,681.508,661.586,651.754,654.818,655.54,654.788,656.445,654.637,659.045,656.473,658.579,653.15,675.508,683.321,671.535,670.038,658.868,668.631,693.466,657.99,655.409,-844,-797,-844,-831,-821,-796,-865,-875,-854,-800,-807,-839,-754,-847,-900,-771,-836,-866,-840,-847,-803,-789,-814,-834,-836,-837,-810,-823,-831,-771,-812,-761,-864,-824,-779,TRUE
231709,"2026-05-29T09:04:50Z","2026-05-29T09:04:47Z","2026-05-29T09:03:14Z",6628,-36.32437116,-58.081157667885,-57.9868332087666,-43.3939881032368,-43.3959439672427,-43.8107332558111,-43.8104312076371,-43.9398847461706,-43.9383110915439,-44.0347827078296,-44.0355473068856,-44.1222535610468,-44.1230326962746,-44.2366607384772,-44.2370271991984,-44.3207822168044,-44.3204143614294,-44.3806391392583,-44.3806989920111,-44.4370853164532,-44.4369974442452,-44.4807545104231,-44.4809743463129,-44.5098569641133,-44.5092537190499,-54.9944637063197,-54.966621052679,-52.4788512253618,-52.4532328234464,-49.3329279885373,-49.3156163016091,-47.2152337368578,-47.2039601795954,-45.6917262527006,-45.6875054002158,-43.7779200933056,-43.7715258298277,-42.7765443052706,-42.775478681103,-42.4519711045239,-42.4510843172027,-42.5462965830534,-42.5464710583352,-42.8216625934918,-42.82157907235,-43.1300635621335,-43.1303459004943,-43.3901442889314,-43.390286457594,-43.5965841727042,-43.5973509612885,-54.5493875617584,-54.5494256909623,-53.4801491384994,-53.4799904966582,-52.7583804671301,-52.7607333014174,-51.9856930180717,-51.9890594541893,-50.3135882366772,-50.3117438130233,-48.8327704756772,-48.8345183633367,-47.917145924626,-47.9175913070454,-47.1037228242568,-47.1022312392908,-46.2237632831753,-46.2220731468024,-45.5464523404414,-45.5433008737208,651.565,660.678,670.458,661.474,661.496,662.724,665.37,666.141,678.357,663.401,670.8,675.588,669.689,664.79,680.901,661.821,652.735,655.1,655.638,654.804,656.459,654.634,659.05,656.471,658.593,653.074,675.54,683.129,671.118,669.754,658.821,668.723,693.259,658.124,655.484,-834,-788,-845,-831,-831,-796,-867,-871,-850,-805,-814,-837,-756,-845,-902,-764,-830,-863,-843,-845,-813,-785,-816,-831,-839,-840,-803,-825,-839,-773,-819,-762,-863,-825,-777,TRUE
231709,"2026-05-29T21:05:02Z","2026-05-29T21:04:54Z","2026-05-29T21:03:14Z",6654,-36.32437116,-57.8707657329137,-57.7761894894809,-43.4434762519661,-43.4464828973942,-43.8102540715138,-43.8098736125735,-43.9441661798735,-43.9430721817631,-44.0397598072678,-44.0409785315159,-44.1288214618972,-44.1300614425463,-44.2379867922355,-44.2385156314942,-44.3192420845438,-44.3189455356083,-44.3801170949667,-44.3801705192939,-44.4368684741344,-44.4367802938739,-44.4806928206319,-44.480918996983,-44.5100852981674,-44.5094225568368,-55.6182749232038,-55.5814571065397,-52.5976993201026,-52.5711010511318,-49.4425222017311,-49.4250692728415,-47.2844432110352,-47.272828551144,-45.730528659583,-45.7261937379853,-43.8030409671927,-43.796661943759,-42.7961391939609,-42.7950047456685,-42.4645024244885,-42.4636014018168,-42.5522060980389,-42.552393472171,-42.8230061505252,-42.8228971493177,-43.1289048176987,-43.1291410010565,-43.3880145614195,-43.3882183830795,-43.5944397241054,-43.5952690558458,-54.9008548007371,-54.9008826436616,-53.6320489698008,-53.6317767269256,-52.8710417433164,-52.8734085028949,-52.0947297903449,-52.0979597627598,-50.431039666454,-50.4292122611264,-48.9325013951706,-48.9342750333241,-47.9973147226916,-47.9978547139748,-47.1655007290736,-47.1639367475759,-46.2676550227456,-46.2659359192864,-45.5808092274555,-45.5775815732369,653.781,663.821,672.66,664.702,664.734,665.982,668.497,669.43,680.399,666.667,674.127,678.779,671.604,665.671,682.341,665.313,656.691,658.563,658.764,658.041,659.702,657.855,662.311,659.714,661.853,655.999,676.579,684.564,672.732,671.343,662.065,672.161,695.248,661.548,658.84,-843,-795,-843,-835,-827,-798,-867,-876,-853,-798,-808,-844,-756,-847,-892,-765,-824,-860,-843,-852,-806,-788,-820,-838,-829,-840,-802,-822,-830,-775,-810,-760,-865,-830,-778,TRUE
231709,"2026-05-30T09:05:04Z","2026-05-30T09:04:53Z","2026-05-30T09:03:14Z",6636,-36.32418813,-60.5379921337893,-60.4389710929164,-43.3321565482575,-43.3318195677742,-43.8028666444098,-43.8025894690058,-43.9331609145497,-43.9313954052417,-44.0311878796446,-44.031480078126,-44.1170962953287,-44.1175100480661,-44.2342660646328,-44.2345294077432,-44.3202835013447,-44.3200550794593,-44.3804872275676,-44.380656981412,-44.4368386810847,-44.4367462013104,-44.4805324051051,-44.4807594722132,-44.509834252287,-44.5091622258118,-56.0179657639798,-55.9805289281117,-52.8223374593615,-52.7937758560908,-49.5469208067221,-49.5292877653788,-47.3549349501053,-47.3430426524176,-45.7715706444357,-45.7671419955181,-43.8282898299725,-43.8219981472527,-42.81574102975,-42.8145977069054,-42.4770645322777,-42.4761693841165,-42.5584157994454,-42.5585157960779,-42.8244826985591,-42.8244348694532,-43.1279380772216,-43.1281677959759,-43.3861353307951,-43.3864071163326,-43.5925188694736,-43.5932658977772,-55.2817391623376,-55.2817710313005,-53.9175255290787,-53.9173524571622,-53.0904489441437,-53.0929943992585,-52.2616457388889,-52.2650523248082,-50.5456464762567,-50.5437680757268,-49.0278033209187,-49.0296195151182,-48.0773158154804,-48.0778510220272,-47.2283589640927,-47.2268358570281,-46.3133133798047,-46.3115893610614,-45.6164939973466,-45.6133301955238,651.481,665.354,673.833,666.13,666.151,667.393,669.791,670.842,681.292,668.064,675.547,680.211,672.442,665.345,682.819,666.95,659.043,660.231,660.159,659.421,661.082,659.217,663.693,661.086,663.234,657.015,676.714,684.909,673.299,671.003,663.404,673.661,696.123,663.067,660.296,-846,-779,-841,-832,-821,-801,-863,-871,-851,-806,-806,-833,-752,-849,-894,-778,-827,-859,-844,-851,-811,-785,-814,-834,-840,-833,-807,-814,-833,-770,-812,-761,-871,-825,-775,TRUE
231709,"2026-05-30T21:05:02Z","2026-05-30T21:04:52Z","2026-05-30T21:03:14Z",6636,-36.35164263,-60.1661683155237,-60.0706062356913,-43.3854858523576,-43.3859595045959,-43.8131846245915,-43.8124446159283,-43.9360375052394,-43.9345399586288,-44.0312307318105,-44.0318946889918,-44.1163225438074,-44.1171297017591,-44.2343391525383,-44.2347375344206,-44.3196904432359,-44.3194028350855,-44.3803582201112,-44.3803405606003,-44.4365774817997,-44.4364170086883,-44.4805247577868,-44.480789516676,-44.509837168147,-44.5092057395201,-56.6962963325117,-56.6521431623107,-53.0851516196979,-53.0545550698922,-49.6570841546133,-49.639099782228,-47.4259675005559,-47.4139422565845,-45.8145301988517,-45.8100024498756,-43.8537451062055,-43.8473901341582,-42.8355027235473,-42.834290768541,-42.489871506179,-42.4889957360081,-42.564785245549,-42.5648446509917,-42.8263516107943,-42.8262787506836,-43.1272030795244,-43.1275388458002,-43.3844670549197,-43.3846616652373,-43.5907032148559,-43.591531966856,-55.7674515605781,-55.7675404637588,-54.2397777228909,-54.2396071322399,-53.346168169551,-53.3488830130652,-52.4661416882826,-52.4696638289016,-50.6763448065115,-50.6745290256768,-49.1236483986779,-49.1254643062659,-48.1566957600837,-48.1572393389728,-47.2919505588234,-47.2904305618952,-46.3604504842924,-46.3587521403916,-45.6536838741722,-45.6504234902043,652.262,663.465,672.578,664.331,664.354,665.592,668.018,669.045,680.02,666.269,673.745,678.619,671.333,663.065,681.479,665.398,658.639,658.814,658.616,657.622,659.276,657.414,661.878,659.265,661.427,655.085,675.045,683.655,672.058,668.331,661.533,671.913,695.057,661.395,658.563,-847,-786,-844,-838,-829,-800,-865,-866,-858,-805,-812,-838,-755,-848,-896,-766,-831,-863,-844,-847,-812,-783,-814,-834,-843,-833,-805,-819,-834,-769,-808,-761,-860,-826,-768,TRUE
231709,"2026-05-31T09:04:53Z","2026-05-31T09:04:43Z","2026-05-31T09:03:14Z",6645,-36.34145396,-57.881442136443,-57.7875229671403,-43.415803979588,-43.4156602844996,-43.8131983495995,-43.8123603788294,-43.9396346776381,-43.9380211285649,-44.0346815957035,-44.0352923063813,-44.1180414125523,-44.1187045110613,-44.2339017252155,-44.2342413100908,-44.3189941021946,-44.3185899111508,-44.3798343753297,-44.3798362856637,-44.4367347925558,-44.4365217721114,-44.4805715749691,-44.4807842275048,-44.5098621277308,-44.5092104606201,-57.0673469236122,-57.027306635653,-53.4050962514031,-53.3724936273952,-49.7780732986526,-49.7595372329609,-47.4978909308205,-47.4856329623223,-45.8589775473482,-45.8544216065709,-43.8794131227786,-43.8730211850497,-42.8551915165934,-42.8540638925408,-42.5027894086256,-42.5017791447994,-42.5713477973661,-42.5713933349182,-42.8283202245476,-42.8282423890805,-43.1266799677541,-43.1269694748818,-43.3828778659995,-43.3831203593274,-43.5890256626937,-43.5897323078135,-56.2253298535644,-56.2253430725336,-54.629856853244,-54.6296342961697,-53.6677791635007,-53.6707127999467,-52.7202817044665,-52.7240211753502,-50.8285157190247,-50.8266466168833,-49.2263849738931,-49.2282904425152,-48.2379271461818,-48.2384530549549,-47.3569145560998,-47.3553287402025,-46.4095392949287,-46.4077511977842,-45.692581244484,-45.68933849983,651.993,660.992,670.723,661.89,661.911,663.145,665.613,666.596,678.238,663.823,671.291,676.391,670.317,660.371,679.597,663.25,657.606,656.797,656.51,655.226,656.869,655.018,659.466,656.857,659.025,653.925,673.062,681.914,670.262,665.485,659.054,669.574,693.457,659.148,656.272,-840,-797,-847,-823,-826,-800,-872,-873,-850,-800,-811,-836,-752,-845,-896,-774,-833,-860,-834,-848,-808,-784,-810,-830,-841,-836,-805,-832,-835,-775,-807,-764,-861,-836,-782,TRUE
231709,"2026-05-31T21:05:02Z","2026-05-31T21:04:52Z","2026-05-31T21:03:14Z",6636,-36.32772671,-43.4578581727782,-43.3742742089403,-43.3310940134738,-43.3322101926319,-43.7978161578886,-43.7976045978884,-43.9306763388425,-43.928895012559,-44.0292972714684,-44.0297749700627,-44.1154716699875,-44.1158769157686,-44.2330980115556,-44.233380640669,-44.3196872122777,-44.31946611176,-44.3800083683533,-44.380204240517,-44.4364485207454,-44.4364140839139,-44.4803265708445,-44.48058592107,-44.5096771576514,-44.5090044968017,-56.0814002595106,-56.0724332937831,-53.6303720238124,-53.5991238292424,-49.9146888210538,-49.8954514603524,-47.5722744834131,-47.5597658362728,-45.9049677382991,-45.9003397360622,-43.9051824608896,-43.8987470592988,-42.8745550197669,-42.8733984909058,-42.5152831637342,-42.514352372645,-42.577582215323,-42.5776339582708,-42.8300360585829,-42.8298864711686,-43.1257529234076,-43.1260293393744,-43.3810050777982,-43.3812167293126,-43.5869993849567,-43.5878012313667,-56.0569145364747,-56.0565803788591,-54.8433379180744,-54.8431173973732,-53.9385031426706,-53.9414102477569,-52.9835534418363,-52.9873684106315,-51.0083888350777,-51.0065016413128,-49.3430597424231,-49.345024214515,-48.3256461841431,-48.3262181935937,-47.4269923473904,-47.4253543306876,-46.4625143195334,-46.4607474875891,-45.7345306634595,-45.7312404193202,660.929,663.528,672.499,664.351,664.372,665.617,668.029,669.083,679.735,666.289,673.794,678.806,673.426,662.208,680.315,666.019,660.613,659.473,658.897,657.663,659.31,657.439,661.917,659.29,661.472,658.924,674.821,682.874,671.026,666.439,661.397,672.138,694.74,661.751,658.795,-843,-789,-844,-826,-830,-797,-871,-874,-853,-810,-808,-842,-754,-845,-901,-770,-837,-861,-841,-845,-809,-776,-813,-833,-838,-838,-800,-822,-830,-775,-810,-770,-869,-833,-782,TRUE
231709,"2026-06-01T09:05:03Z","2026-06-01T09:04:43Z","2026-06-01T09:03:14Z",6645,-36.34627375,-40.4679487861629,-40.3815232822662,-43.3419442864391,-43.3417556020777,-43.8004451954612,-43.7999390437022,-43.9317524883182,-43.9299696353171,-44.0297789885499,-44.0301875211199,-44.1153632166037,-44.1157329553182,-44.2333435915543,-44.2335543826618,-44.3196079477149,-44.3193030664461,-44.3799763572662,-44.3801463682781,-44.436539929208,-44.4364271053386,-44.4803169311634,-44.4804917956112,-44.5095477545159,-44.5088488132943,-53.3477345966161,-53.3746974992283,-53.3677318687341,-53.3475506826898,-50.0567007915404,-50.0369540632168,-47.649945205564,-47.6371993923971,-45.9523392495875,-45.9474997839244,-43.931209944101,-43.9247573923014,-42.8939588532217,-42.8928266390842,-42.5280082901239,-42.5269496822757,-42.5839696407554,-42.5839808137138,-42.8319047991841,-42.831743497995,-43.1251039841262,-43.1253738843625,-43.3793234779421,-43.3794843107992,-43.5851177846349,-43.5859160775685,-54.4434041049531,-54.4426419201862,-54.3032296868117,-54.3030277302863,-53.7935963432682,-53.7955751654313,-53.0587540812963,-53.0619909085986,-51.1828899373261,-51.1809104147133,-49.4721580994961,-49.474267702523,-48.4215177164927,-48.4221113533796,-47.5018420538008,-47.5002154336653,-46.518786734309,-46.51696911877,-45.7787938838443,-45.7755571574981,660.282,663.996,672.807,664.843,664.858,666.105,668.553,669.581,679.949,666.773,674.298,679.354,672.669,667.741,680.114,666.815,661.956,660.211,659.47,658.135,659.777,657.891,662.384,659.747,661.946,664.632,678.541,684.272,671.156,666.814,661.749,672.695,694.866,662.394,659.365,-841,-785,-847,-831,-828,-794,-862,-875,-853,-808,-814,-844,-753,-846,-903,-760,-834,-863,-833,-847,-802,-780,-820,-824,-831,-839,-807,-820,-838,-769,-814,-762,-867,-831,-777,TRUE
231709,"2026-06-01T21:04:52Z","2026-06-01T21:04:41Z","2026-06-01T21:03:14Z",6636,-36.33279054,-42.2120561571718,-42.1229315246237,-43.3322736395401,-43.3308500093498,-43.8004353068152,-43.7998173329317,-43.9295057614099,-43.9275180877126,-44.0295045170189,-44.0295600070556,-44.1140103206784,-44.114216031576,-44.232078240777,-44.2322373910714,-44.3191422244621,-44.3189072028806,-44.3799801334888,-44.3802213973413,-44.4365064180754,-44.4364332612954,-44.4803202130963,-44.4805407461578,-44.5095929989855,-44.5089273881092,-51.0191543773482,-51.0563708236181,-52.6009992961354,-52.5942158779906,-50.1636774092337,-50.1444682690424,-47.7317838972771,-47.7187146015227,-46.0013188859677,-45.9963007356294,-43.9575606510529,-43.9510453335325,-42.9133100310721,-42.9121290215145,-42.5404566018919,-42.5394439906744,-42.5903430164689,-42.5903737490609,-42.8336737317556,-42.8335605335776,-43.1243557089806,-43.1245793841571,-43.3775231275447,-43.377732083033,-43.5832361296913,-43.5839914564537,-52.5842326169051,-52.5831910226096,-53.1907798970374,-53.1905037807454,-53.1181729126272,-53.1187475468702,-52.7420061352714,-52.7442202437205,-51.2540161467881,-51.2520524020487,-49.5926587290826,-49.594601548393,-48.5226745279792,-48.5232303586593,-47.5814166049338,-47.5796330446766,-46.5773514901771,-46.5754309516468,-45.8246340329558,-45.8212842152993,659.293,665.669,674.076,666.528,666.541,667.783,670.259,671.271,680.965,668.45,676.008,681.024,672.666,674.961,681.02,668.821,664.283,662.064,661.156,659.789,661.435,659.53,664.043,661.394,663.601,667.378,682.928,687.17,672.608,667.964,663.328,674.443,695.823,664.238,661.114,-838,-788,-846,-830,-823,-799,-867,-867,-853,-807,-817,-838,-754,-843,-899,-769,-836,-860,-841,-847,-807,-785,-815,-823,-834,-841,-815,-824,-835,-770,-812,-760,-863,-829,-776,TRUE
231709,"2026-06-02T09:05:08Z","2026-06-02T09:04:58Z","2026-06-02T09:03:14Z",6636,-36.3313263,-42.236774110921,-42.1553038806324,-43.3277232525412,-43.3277285212925,-43.7790161512633,-43.7798109091952,-43.9202539390539,-43.9185398016917,-44.0335005216983,-44.0338241492989,-44.1258413047373,-44.1261662195618,-44.2336399042991,-44.2340170420473,-44.3178412539658,-44.3180223582223,-44.3787463633578,-44.3793104312274,-44.4358981764621,-44.4360006431351,-44.4802896953562,-44.4806878015618,-44.5100525618401,-44.5093887998055,-49.7550424986852,-49.7847352851319,-51.7322329719069,-51.7341211546071,-50.1868560526852,-50.1694460152989,-47.814385849803,-47.8011436623314,-46.0522600139682,-46.0471596805503,-43.9842342243763,-43.9777347818264,-42.9324426713829,-42.9312260688358,-42.5527418933095,-42.5518153057859,-42.5965153178922,-42.5965055103639,-42.8353960637699,-42.8352643708442,-43.1234418739986,-43.1236590753696,-43.3755710415703,-43.3757624161973,-43.5811043986436,-43.5818565710938,-51.2166397630435,-51.2156412322402,-52.0866591765132,-52.0862983295363,-52.2744260481818,-52.2740970036944,-52.1794615569697,-52.1809044010923,-51.1634768080744,-51.1617187698102,-49.6686297649515,-49.6706876738294,-48.6171195121406,-48.6177979120351,-47.6616894578287,-47.6598616464481,-46.6378758449074,-46.6359648120545,-45.8719912903687,-45.8686550901146,662.605,670.605,677.523,671.389,671.389,672.658,675.098,676.168,684.093,673.306,680.936,685.688,675.837,681.641,684.254,674.049,669.174,666.929,665.759,664.594,666.245,664.309,668.875,666.202,668.431,670.075,687.54,691.39,676.183,670.584,668.197,679.473,698.581,669.292,666.06,-850,-785,-844,-828,-830,-795,-868,-869,-852,-803,-807,-840,-748,-850,-896,-769,-825,-859,-833,-852,-803,-780,-811,-831,-836,-836,-807,-827,-834,-774,-810,-755,-868,-833,-782,TRUE
231709,"2026-06-02T21:04:50Z","2026-06-02T21:04:43Z","2026-06-02T21:03:14Z",6645,-36.32614045,-36.326894924304,-36.2410444729142,-43.3438120225006,-43.345135258879,-43.7787677645957,-43.779208952146,-43.9284864953247,-43.9267078742934,-44.035736007548,-44.036184466764,-44.1285551225391,-44.1289137918111,-44.2370649584778,-44.2374016878634,-44.3185538380212,-44.3183751739945,-44.3787473477881,-44.3792015630344,-44.4358605885283,-44.4358766048264,-44.4799447894212,-44.4803292981207,-44.50976489184,-44.5090079569246,-48.7115357149352,-48.7536458520977,-51.0254460095808,-51.0305598593202,-50.119246611387,-50.1043755790389,-47.8891408011543,-47.8759430836596,-46.1051847146426,-46.0999459769644,-44.0113086707056,-44.0047337999003,-42.9514034366092,-42.950217571811,-42.564911041927,-42.5639166340227,-42.6025734345291,-42.6025431403929,-42.8369853536784,-42.8368283979752,-43.122329361073,-43.1226063313132,-43.3734276347643,-43.3737070468522,-43.578827842984,-43.5796362158612,-50.3550165390322,-50.353796884005,-51.2609450512724,-51.2606123456861,-51.5326271446479,-51.5319008984083,-51.5821704784194,-51.5829221338471,-50.952214695366,-50.9506026252105,-49.6820662459288,-49.6837299191936,-48.6922568979675,-48.6926136771094,-47.7418533219805,-47.7398621225656,-46.7015498621614,-46.6995450798142,-45.9218440816521,-45.9184756813795,671.673,677.981,682.702,678.814,678.848,680.161,682.585,683.719,689.004,680.827,688.553,692.867,680.91,687.811,689.553,681.974,676.235,674.271,672.797,672.005,673.67,671.679,676.324,673.609,675.869,675.894,692.527,696.406,681.443,675.077,675.764,687.154,703.093,676.943,673.584,-841,-786,-844,-829,-829,-796,-865,-868,-854,-808,-810,-845,-754,-853,-892,-768,-829,-865,-841,-850,-807,-783,-818,-830,-836,-842,-806,-823,-833,-776,-808,-759,-866,-829,-783,TRUE
231709,"2026-06-03T09:04:59Z","2026-06-03T09:04:47Z","2026-06-03T09:03:14Z",6541,-36.35200869,-31.4805674632026,-31.3950434293123,-43.3216107891181,-43.3201694727806,-43.794810147495,-43.7941851347303,-43.9264135465377,-43.9244601408318,-44.0286409114788,-44.0288358796441,-44.1144358097491,-44.1148295648757,-44.2326398231309,-44.2327664983582,-44.3188743559303,-44.3186256779408,-44.3797409557628,-44.3798456836566,-44.4362252267465,-44.4360746177912,-44.4801138104243,-44.480347502893,-44.5094331090737,-44.5087811427841,-46.7980192834034,-46.8559465598543,-50.2568074297744,-50.2688222896908,-49.9871403689727,-49.9746539124174,-47.945489510906,-47.9325637836599,-46.1584133671232,-46.1530808870791,-44.0389075624271,-44.0323751577056,-42.9708558446164,-42.969614707642,-42.5775520137867,-42.5765435097762,-42.6091585130605,-42.6091277322049,-42.8391730526841,-42.8389580720532,-43.1219055413783,-43.1221428534239,-43.3719305045976,-43.3721457124238,-43.5770973439776,-43.5778887823115,-48.8688371415618,-48.867536526609,-50.2656452822958,-50.2654776842157,-50.7625128864439,-50.7614704539571,-50.9908799534286,-50.9910676636086,-50.6806436360467,-50.6791609860224,-49.6341716636813,-49.6354803987386,-48.7346262203877,-48.7350511983348,-47.8093255806562,-47.8075493080242,-46.7630535773535,-46.7610453270787,-45.972144921927,-45.9687375363154,667.483,677.599,682.737,678.467,678.489,679.786,682.376,683.35,688.837,680.447,688.186,692.646,679.104,691.145,690.878,682.025,676.806,674.053,672.647,671.621,673.279,671.279,675.925,673.205,675.478,676.567,694.143,697.647,682.642,675.334,675.57,686.891,703.284,676.754,673.286,-848,-792,-836,-838,-824,-795,-865,-874,-859,-803,-809,-845,-758,-849,-901,-768,-829,-861,-839,-845,-811,-793,-808,-829,-836,-845,-809,-825,-832,-774,-809,-767,-869,-829,-781,TRUE
231709,"2026-06-03T21:04:55Z","2026-06-03T21:04:46Z","2026-06-03T21:03:14Z",6636,-36.33675619,-31.614970719965,-31.5297026565348,-43.3179830601689,-43.3171662726537,-43.7796733702123,-43.7800748617728,-43.9186569226853,-43.9167618798876,-44.030731728853,-44.0308268680691,-44.1208885549181,-44.1210948552955,-44.2321747893621,-44.2323560643342,-44.317134795204,-44.3170248776472,-44.3788823800258,-44.3793623328169,-44.4357014356988,-44.435744463096,-44.4802023737516,-44.4804768288741,-44.510062616995,-44.5093323374917,-44.7304598078935,-44.7958684319678,-49.3091524300081,-49.3298634897361,-49.807624509208,-49.7976316017012,-47.9798377329586,-47.9672921727268,-46.210333917812,-46.2049197163329,-44.0669128320067,-44.0602859385,-42.9900832503074,-42.988833206997,-42.5900366719985,-42.5890006437112,-42.6156760860696,-42.6155513472391,-42.8411213016429,-42.8409612283435,-43.1212830509527,-43.1215072209735,-43.3702486642525,-43.3704525766267,-43.5751693951984,-43.5759442144895,-47.0802550199476,-47.0787223164484,-49.0243767567498,-49.0242407944415,-49.8085958351725,-49.8067545081893,-50.2765020745413,-50.2759285914971,-50.3533918347305,-50.3519971249396,-49.5419533681842,-49.5429049001286,-48.7443146027482,-48.744701548804,-47.8607696930386,-47.858992034998,-46.8209535463805,-46.8189195748213,-46.0229631734349,-46.0194654803862,669.75,680.468,684.783,681.3,681.307,682.607,685.297,686.19,690.606,683.26,691.047,695.365,678.852,696.281,693.837,685.305,679.636,676.846,675.407,674.42,676.083,674.064,678.744,676.005,678.294,678.249,696.877,700.347,685.55,677.636,678.661,689.952,705.143,679.824,676.242,-837,-787,-844,-831,-826,-796,-864,-872,-854,-804,-813,-840,-755,-849,-896,-770,-829,-861,-842,-845,-811,-787,-814,-822,-831,-839,-807,-826,-837,-777,-806,-765,-864,-830,-781,TRUE
231709,"2026-06-04T09:04:46Z","2026-06-04T09:04:37Z","2026-06-04T09:03:14Z",6645,-36.32681156,-41.0065643908898,-40.9219212897817,-43.3046653010038,-43.30325253088,-43.7787720517111,-43.7789572584263,-43.9164674241961,-43.914550254428,-44.0297867253887,-44.0297794292685,-44.1179474318804,-44.1181962096844,-44.2320669733112,-44.2322739633819,-44.3168631986495,-44.3168324503086,-44.3789841946609,-44.3793733975288,-44.4359238148121,-44.4358816011987,-44.4801184064453,-44.4804575144387,-44.5098125494707,-44.5091660661396,-43.7147636980826,-43.7662214019668,-48.3010279468725,-48.3280365285216,-49.5736414479106,-49.5665161101834,-47.9916443177188,-47.979711780275,-46.2594395734383,-46.2540246918228,-44.0954805429988,-44.0888247814422,-43.0093178997813,-43.0080589731118,-42.6023651173876,-42.6013015066175,-42.6219592571439,-42.6219609161761,-42.8430694879008,-42.8428445341024,-43.120561219128,-43.1207722628338,-43.3683623118256,-43.3686078638969,-43.5731624250849,-43.5739010416089,-45.7435174131354,-45.7423147892556,-47.7894348412655,-47.78937464673,-48.7635387898594,-48.7612746185483,-49.4459076448524,-49.4445577969053,-49.9488150260676,-49.9475952393717,-49.4029620816751,-49.4035530093898,-48.7223582267276,-48.7226744523634,-47.8946968772956,-47.8929576867747,-46.8728297101821,-46.8708189152264,-46.0723271808896,-46.0688730459431,666.978,685.044,688.144,685.9,685.91,687.234,690.014,690.847,693.645,687.884,695.743,699.809,680.835,700.8,698.211,690.384,683.797,681.31,679.813,678.978,680.65,678.599,683.325,680.566,682.873,681.138,699.152,703.608,689.845,681.451,683.548,694.802,708.46,684.66,680.928,-840,-795,-851,-826,-822,-802,-866,-865,-852,-811,-810,-835,-761,-850,-907,-770,-834,-866,-843,-846,-818,-783,-817,-827,-840,-836,-799,-820,-836,-774,-811,-762,-871,-833,-775,TRUE
231709,"2026-06-04T21:04:53Z","2026-06-04T21:04:46Z","2026-06-04T21:03:14Z",6645,-36.3526798,-47.9510995011683,-47.8628633201268,-43.3427196874466,-43.3420456455044,-43.7862230370979,-43.7860811828802,-43.929202941296,-43.9271919022371,-44.0359401902093,-44.0360998686931,-44.1245454733152,-44.1247980408535,-44.2362263296037,-44.2363803096938,-44.3180217752945,-44.3178575923397,-44.3791554530182,-44.3793436218248,-44.435810102895,-44.43577973951,-44.4797400931613,-44.4800205376725,-44.509279287288,-44.5086062296518,-45.2488590475955,-45.2568150673559,-47.6303147349913,-47.653803181171,-49.2844867729832,-49.2803164228589,-47.9790709488128,-47.9679530891174,-46.3037639528229,-46.2983966251396,-44.124681733305,-44.1180104928295,-43.028553167352,-43.0273317938055,-42.6146643008636,-42.6136399046656,-42.6283619325883,-42.6283097149322,-42.8449976651323,-42.844814289465,-43.1198923582889,-43.1201035095725,-43.3665484584987,-43.3667696863482,-43.5711159095302,-43.5718840843774,-45.9678310221857,-45.9670808634183,-47.1519060812285,-47.1519145035035,-47.9707400212628,-47.9687574234829,-48.6745465135876,-48.6729774892244,-49.4841538383259,-49.4830506473926,-49.2132688195263,-49.2133766587903,-48.6643257117616,-48.6645107922672,-47.902638610106,-47.9010010162657,-46.9115151480995,-46.909550307873,-46.1163443038404,-46.1128339792367,667.857,689.702,691.395,690.602,690.636,691.984,694.875,695.632,696.761,692.65,700.58,704.377,684.178,701.965,702.862,695.616,687.883,685.896,684.364,683.695,685.376,683.292,688.071,685.279,687.607,681.198,699.777,705.63,694.149,685.592,688.685,699.855,712.047,689.663,685.794,-833,-792,-843,-829,-831,-799,-871,-871,-853,-810,-814,-842,-751,-846,-900,-772,-831,-868,-843,-851,-809,-789,-811,-835,-836,-842,-802,-823,-835,-777,-812,-761,-866,-832,-783,TRUE
231709,"2026-06-05T09:04:56Z","2026-06-05T09:04:44Z","2026-06-05T09:03:14Z",6636,-36.34438244,-47.620551858835,-47.5292021889771,-43.3814765128604,-43.381185284547,-43.789482499658,-43.7889222941551,-43.9328836234123,-43.9311001605685,-44.0359515618478,-44.0363343480577,-44.1267158325661,-44.1271799763524,-44.2389306987473,-44.2391809919669,-44.3179013535082,-44.3176114276085,-44.3790091178683,-44.3790875141127,-44.4356879382259,-44.4355904401905,-44.4796576178002,-44.4798658748154,-44.5091455215513,-44.5083980847098,-46.9162867668618,-46.9042055340417,-47.560121200805,-47.5735138665309,-48.9730081489185,-48.9711289937958,-47.9412053928891,-47.9311167993826,-46.3416417338691,-46.3364137062357,-44.1544569709208,-44.1477575029026,-43.048073942872,-43.046698036207,-42.6270610678454,-42.625902287867,-42.6347906195734,-42.6346778614814,-42.8470388065442,-42.8467706722499,-43.1192036227596,-43.1194413705271,-43.364807110486,-43.3650039318469,-43.569075910021,-43.5698473538346,-46.9155286003644,-46.915005904874,-47.3059886228741,-47.3059427133122,-47.7642320134518,-47.7632407676988,-48.251630013361,-48.250517858831,-49.0461889849396,-49.0453340437202,-48.9870256839009,-48.9869363895338,-48.5720747816572,-48.5721414039454,-47.8875725719065,-47.8860442129691,-46.9388653984296,-46.9369363179956,-46.155302294295,-46.1518583563295,677.42,694.566,694.843,695.539,695.587,696.968,699.975,700.653,700.065,697.641,705.641,709.145,688.217,702.259,707.518,701.029,691.999,690.628,689.08,688.59,690.271,688.149,692.977,690.158,692.503,682.534,701.184,707.066,697.935,689.791,694.003,705.029,715.819,694.782,690.769,-840,-780,-847,-826,-825,-796,-873,-878,-855,-809,-804,-834,-756,-845,-904,-768,-837,-860,-844,-852,-808,-786,-818,-831,-837,-843,-810,-830,-833,-772,-812,-766,-867,-832,-778,TRUE
231709,"2026-06-05T21:04:44Z","2026-06-05T21:04:37Z","2026-06-05T21:03:14Z",6636,-36.35926888,-46.9718585196683,-46.8822776276448,-43.4320632966797,-43.4300659603707,-43.8079324391361,-43.8065170784196,-43.9377723137225,-43.9356014120516,-44.0355027244058,-44.0357397169882,-44.120868111984,-44.1209992420268,-44.2348849840345,-44.2349450221728,-44.3172799606088,-44.3168665245888,-44.378982326386,-44.3788994255834,-44.4359093582445,-44.4356327959323,-44.4798176608521,-44.4799920367689,-44.5094568966447,-44.5087488728825,-48.114820703486,-48.0995549217033,-47.8110158907416,-47.8151426877672,-48.6992339400718,-48.698328051459,-47.8793015468128,-47.8702270441934,-46.3713331542008,-46.3662021900348,-44.1846948041934,-44.1778760960685,-43.0678534721617,-43.0665154717419,-42.6398022823195,-42.6386362009055,-42.6415523408653,-42.6415191892957,-42.8493923500147,-42.849226042852,-43.1190115701427,-43.1192824561043,-43.3633691431159,-43.3636136951969,-43.5674438641158,-43.5682179233519,-47.8406330841259,-47.8401291508033,-47.7482609571416,-47.7482012307608,-47.9083353315342,-47.9081201214496,-48.1538854646319,-48.1535256032348,-48.7295786103854,-48.7286995399457,-48.7609593397333,-48.7605496338581,-48.4550613194858,-48.4549844389021,-47.8515570811765,-47.8501647849286,-46.9548460525394,-46.9530117704125,-46.1887889661575,-46.1853182912333,679.104,693.894,694.763,694.961,695.001,696.367,699.653,700.062,699.788,697.049,705.056,708.704,688.418,699.392,708.591,700.84,691.678,690.122,688.783,688.031,689.709,687.587,692.416,689.593,691.956,681.846,699.934,705.777,698.029,690.451,693.855,704.668,716.539,694.461,690.363,-834,-789,-839,-830,-821,-797,-862,-876,-850,-807,-809,-837,-753,-850,-907,-770,-836,-855,-842,-842,-811,-790,-808,-825,-829,-837,-806,-824,-828,-773,-808,-762,-859,-833,-782,TRUE
231709,"2026-06-06T09:05:29Z","2026-06-06T09:04:47Z","2026-06-06T09:03:14Z",6645,-36.39123812,-44.8219596302359,-44.7302769782162,-43.5143789351717,-43.5165269718141,-43.8155878582112,-43.8143191228963,-43.94690215595,-43.9462046281448,-44.0393997378493,-44.0408878740858,-44.1236398279887,-44.1251232292918,-44.2331558800217,-44.2335465428391,-44.3159352572948,-44.315506811845,-44.3781963740267,-44.3780817659288,-44.4359558664468,-44.4356764272011,-44.4800211131605,-44.4801748639564,-44.509908432974,-44.5092795807492,-48.3740387044259,-48.3679712691258,-48.105746264031,-48.1049320392796,-48.4975799477282,-48.4965960233564,-47.801024813312,-47.7928822722996,-46.3917699539209,-46.3868707884765,-44.2152514148601,-44.2084049050895,-43.0880305545454,-43.0866975556806,-42.6529210863582,-42.6518012927021,-42.648887238553,-42.6487801496917,-42.8523840105737,-42.852147072298,-43.1192566026872,-43.1194612348012,-43.362359908003,-43.3626319458365,-43.5661671543511,-43.5669301186839,-48.2759596901127,-48.2754276800032,-48.1342986806923,-48.1342561231281,-48.1518870446678,-48.15206011312,-48.2309147534691,-48.2311144568427,-48.5468652684255,-48.5462991223999,-48.5674340372851,-48.5669237146396,-48.3275241694903,-48.3274112544881,-47.7943970698393,-47.7932176031207,-46.9548460525394,-46.9530935885543,-46.2127228609416,-46.2094007037045,676.218,687.302,690.151,688.417,688.454,689.801,693.52,693.469,695.459,690.475,698.42,702.616,684.318,694.052,705.49,694.524,686.455,683.884,682.97,681.496,683.15,681.078,685.828,683.014,685.373,677.884,695.77,701.431,694.052,686.86,687.513,698.076,713.677,688.033,683.88,-841,-790,-841,-829,-820,-798,-863,-867,-854,-806,-811,-840,-749,-848,-894,-771,-830,-859,-837,-850,-812,-782,-819,-830,-838,-840,-806,-825,-837,-783,-810,-759,-869,-839,-781,TRUE
231709,"2026-06-06T21:04:44Z","2026-06-06T21:04:37Z","2026-06-06T21:03:14Z",6628,-36.39068903,-48.5537598251182,-48.4583830426077,-43.3781671892972,-43.3763867924963,-43.8077997347251,-43.8069349575149,-43.9307532249372,-43.9289115775066,-44.0288683266016,-44.0291291241198,-44.1092873375024,-44.109684379156,-44.2295706325729,-44.2297675964272,-44.3184706014825,-44.3181496250301,-44.3792045980449,-44.3792712352814,-44.4356436646934,-44.4355422530166,-44.4799474187976,-44.4800956776377,-44.509346276398,-44.5086899180041,-48.4766161184935,-48.4671472288026,-48.2457603876903,-48.2442273364074,-48.3647193290719,-48.3629496979416,-47.7173381369975,-47.7099471246996,-46.4031990987981,-46.3985018924457,-44.2458725975584,-44.2390373581671,-43.1083400636929,-43.1070518892164,-42.6661037145603,-42.6649701588883,-42.6562946346812,-42.656187020354,-42.8553688757907,-42.8551744143634,-43.1196473282558,-43.1198386548025,-43.3615287611374,-43.3617292501938,-43.564870675872,-43.5656685709452,-48.3543676218475,-48.3540039773848,-48.2765694221478,-48.2765036909394,-48.286236589263,-48.28645376808,-48.3117603383848,-48.3122608141031,-48.454754562966,-48.4538180477136,-48.4189894844103,-48.4184802737728,-48.2055382813445,-48.20541680324,-47.7257151616198,-47.7246397626787,-46.9438482191044,-46.9421734055691,-46.2299042716599,-46.2266191969543,663.379,680.504,685.442,681.481,681.478,682.774,686.967,686.405,690.735,683.427,691.308,696.071,679.51,689.398,701.529,687.726,680.748,677.259,676.765,674.574,676.216,674.171,678.861,676.085,678.44,672.608,691.618,697.243,689.676,682.672,680.764,691.104,710.034,681.261,677.085,-839,-788,-841,-830,-826,-804,-868,-871,-854,-805,-807,-839,-756,-847,-900,-766,-834,-859,-848,-839,-808,-785,-819,-833,-835,-840,-814,-829,-832,-770,-810,-761,-864,-830,-786,TRUE
231709,"2026-06-07T09:04:47Z","2026-06-07T09:04:39Z","2026-06-07T09:03:14Z",6636,-36.3667121,-50.5121669891435,-50.4192224195694,-43.3519648685661,-43.3517213586694,-43.7981170166545,-43.7973630915447,-43.9276407243434,-43.9259417811254,-44.0271779449166,-44.0276930622275,-44.1111101175945,-44.1116935539972,-44.2308322125987,-44.2310680303609,-44.3184698892229,-44.3181363126834,-44.3790860300506,-44.3790942491399,-44.4358045285782,-44.4356248982651,-44.4798971060637,-44.4800777423987,-44.5091878794641,-44.5085704367646,-49.2943041567403,-49.2742511709642,-48.3917412117812,-48.3873837879294,-48.2749452653718,-48.2724223417579,-47.6370456564475,-47.6302327685416,-46.4059089535756,-46.4014981129408,-44.2757711594465,-44.2689271739253,-43.1284907515948,-43.1271281286797,-42.6791500522547,-42.6780093527087,-42.6635276352957,-42.6633394501747,-42.8582871208234,-42.858041933008,-43.119812889195,-43.1199445968462,-43.3604997070586,-43.360655223393,-43.5635083583086,-43.564288724999,-48.8530921483236,-48.8528501189789,-48.4971830191899,-48.497105693773,-48.4083065040012,-48.4088199952904,-48.3670669303147,-48.367731440781,-48.3986005290445,-48.397537130889,-48.3085835081148,-48.3080619057521,-48.1006376085431,-48.1004392048735,-47.6615392949868,-47.6606063694709,-46.930303921805,-46.9286772600216,-46.2449186051373,-46.2415383011366,657.71,676.69,682.542,677.69,677.684,678.979,683.529,682.596,688.017,679.619,687.473,692.499,677.066,685.462,699.136,684.116,677.453,673.644,673.456,670.816,672.434,670.404,675.061,672.288,674.652,668.584,688.428,694.534,687.038,680.182,677.059,687.267,708.031,677.635,673.414,-844,-792,-844,-826,-828,-790,-871,-873,-859,-806,-811,-840,-760,-845,-895,-771,-831,-860,-834,-847,-815,-783,-818,-832,-837,-844,-807,-827,-836,-776,-810,-758,-866,-829,-786,TRUE
231709,"2026-06-07T21:04:43Z","2026-06-07T21:04:37Z","2026-06-07T21:03:14Z",6636,-36.34914122,-50.0544791732639,-49.9586550654611,-43.3319823234296,-43.3299527716208,-43.795062107346,-43.7944510714298,-43.9206808454391,-43.9188792578268,-44.0255329971528,-44.0257126234042,-44.106941537271,-44.1073217211472,-44.2276642931591,-44.2279468563367,-44.3175081469038,-44.3172612683518,-44.3790677298582,-44.3792312784397,-44.4358497755643,-44.4357693750415,-44.4801266070528,-44.4804246133034,-44.509545919692,-44.5088332691579,-50.2134991507088,-50.1870860051534,-48.6642432286212,-48.65545471521,-48.2125872513329,-48.2094094055069,-47.5645969307737,-47.5581199720013,-46.402040420924,-46.3979191063645,-44.3049610744581,-44.2980363132619,-43.1485092400822,-43.1471317190026,-42.6919601749542,-42.6907521883241,-42.6707197304779,-42.6705110361552,-42.8611121672746,-42.8608228308253,-43.1199387152133,-43.1201498590409,-43.3593914762853,-43.3595679999121,-43.5619814755397,-43.562856282423,-49.5359373503141,-49.535676732319,-48.8911530453504,-48.8909725078163,-48.6547942113812,-48.6555339278157,-48.4976924850978,-48.4987210766422,-48.373178331364,-48.3721115499354,-48.2246321723399,-48.2241289496813,-48.0128467431206,-48.0125836764661,-47.6024466461323,-47.6013880106146,-46.913928532422,-46.9122703681887,-46.2558128709664,-46.2525674157301,657.535,674.47,681.001,675.456,675.433,676.708,681.617,680.313,686.364,677.337,685.177,690.356,675.843,682.016,697.555,681.994,675.366,671.471,671.518,668.544,670.153,668.131,672.77,670.004,672.369,666.329,686.014,692.507,685.196,678.558,674.798,684.91,706.955,675.493,671.221,-841,-792,-841,-831,-829,-805,-871,-873,-853,-804,-808,-834,-761,-850,-898,-776,-835,-861,-839,-853,-809,-783,-817,-825,-831,-836,-804,-825,-833,-771,-814,-759,-865,-825,-779,TRUE
231709,"2026-06-08T09:04:50Z","2026-06-08T09:04:39Z","2026-06-08T09:03:14Z",6645,-36.35188667,-46.4699738694044,-46.3712368092373,-43.2868155969682,-43.2858595038216,-43.7802705818254,-43.7800316431808,-43.9182999154579,-43.9164385282959,-44.0255366869316,-44.02583733226,-44.1098554762109,-44.1101750183031,-44.229135155404,-44.22937267765,-44.3182372026843,-44.3180469301491,-44.3790958165964,-44.3792719746771,-44.4359696313578,-44.4358969140902,-44.4800150294314,-44.4803005964813,-44.5093006148214,-44.5086486810685,-49.7659400044467,-49.7626397622343,-48.9478162473876,-48.9372870009616,-48.1819250692576,-48.1778438408365,-47.5013533893199,-47.4951513053246,-46.3936759681217,-46.3897850420555,-44.3331442670645,-44.326294251773,-43.1685279124547,-43.1671156687333,-42.7047275606022,-42.7035790201644,-42.6778242419329,-42.677601721134,-42.8639437288227,-42.8636634727664,-43.1200115617388,-43.1202094511638,-43.3581117094912,-43.3583885061865,-43.5605466993983,-43.5613252422856,-49.6755571784941,-49.6749785432464,-49.2311348350616,-49.2309001813787,-48.9499604028632,-48.9509225385467,-48.7044576686119,-48.7057685591284,-48.395148281338,-48.393984193546,-48.165825650613,-48.1654020176727,-47.9399384795198,-47.9397243341933,-47.5476998575724,-47.546672790758,-46.894298335893,-46.8928504825992,-46.2621318190984,-46.2588836385969,663.714,673.384,680.029,674.341,674.321,675.594,680.802,679.201,685.431,676.221,684.061,689.288,674.985,680.733,696.466,681.043,674.166,670.423,670.644,667.453,669.051,667.03,671.664,668.897,671.266,667.597,685.36,691.33,683.907,677.505,673.695,683.757,706.528,674.564,670.238,-838,-796,-848,-829,-828,-799,-869,-871,-851,-796,-806,-834,-751,-845,-902,-771,-838,-855,-841,-852,-810,-780,-818,-830,-836,-837,-809,-820,-832,-775,-815,-762,-865,-828,-781,TRUE
231709,"2026-06-08T21:04:49Z","2026-06-08T21:04:38Z","2026-06-08T21:03:14Z",6636,-36.32687257,-44.5483271847437,-44.4630812804744,-43.2720323162095,-43.272131042211,-43.7689404751378,-43.7691331691746,-43.9144232950223,-43.9126970637012,-44.0258865318428,-44.0262164694505,-44.1120132780013,-44.1124022017538,-44.2291223256037,-44.2293995474359,-44.3180009152262,-44.3178210523855,-44.3788970718902,-44.379183267706,-44.436039030554,-44.4360259505468,-44.4801129528787,-44.4803989514545,-44.5094243226851,-44.5087999062535,-48.814822013408,-48.8258503239141,-48.9564427083495,-48.949542463598,-48.1820370801624,-48.1770097792484,-47.4483145800014,-47.4422572820165,-46.3828472408705,-46.3792362588057,-44.3606013767192,-44.3535980391559,-43.1885599984459,-43.1871527605284,-42.7174722336421,-42.7162364094856,-42.6848078527393,-42.6845848572141,-42.866602351733,-42.866364287633,-43.1199850721031,-43.120182965783,-43.3569242738819,-43.3571496847954,-43.5588815293782,-43.5596561701996,-49.182822104354,-49.18210313822,-49.1507895188997,-49.150505680004,-49.006995309743,-49.007599851774,-48.8195553708608,-48.8207468159715,-48.4471020490783,-48.445889426189,-48.1334826081328,-48.1332002907036,-47.881865556694,-47.8815583066237,-47.4971361259639,-47.4961602561648,-46.8721867117454,-46.8707559246731,-46.263679765786,-46.2605577419311,664.993,674.195,680.564,675.149,675.125,676.414,681.871,680.027,685.821,677.034,684.9,690.026,675.501,682.596,696.476,682.013,674.472,671.209,671.516,668.265,669.866,667.83,672.478,669.697,672.078,669.646,686.788,691.975,684.031,677.673,674.479,684.549,707.255,675.553,671.16,-841,-789,-838,-837,-828,-790,-871,-869,-848,-808,-811,-837,-758,-857,-903,-772,-830,-866,-842,-848,-806,-785,-810,-835,-836,-840,-805,-816,-832,-774,-812,-766,-867,-828,-784,TRUE
231709,"2026-06-09T09:04:51Z","2026-06-09T09:04:45Z","2026-06-09T09:03:14Z",6645,-36.35036142,-42.9396830635123,-42.8544632404361,-43.2927769660298,-43.2933278095372,-43.7781548357413,-43.7779032412655,-43.9197500525502,-43.9181622646388,-44.0254598576336,-44.0258950223226,-44.1117946054198,-44.1124002466913,-44.2310980960916,-44.2314064964908,-44.3183645668873,-44.3181571107593,-44.3792569530988,-44.3794010050304,-44.4360117026686,-44.4359572579171,-44.4800562992589,-44.4802959998894,-44.5094016188415,-44.5086570367729,-48.4597139314597,-48.4664892897003,-48.7617289384807,-48.7588772565225,-48.1870027914042,-48.1815099079147,-47.4063103943201,-47.4002738646152,-46.3707504436531,-46.3673998580562,-44.3868396649493,-44.3799228293167,-43.2087839124657,-43.2073289076928,-42.7302075379276,-42.7290178005113,-42.6919240256157,-42.6916472003384,-42.8694004265098,-42.8691181967276,-43.1200711633779,-43.1202690432294,-43.355730218964,-43.3559371979781,-43.5572755540315,-43.5581316258447,-48.7456152725129,-48.7449910597704,-48.8576402715098,-48.8573742939882,-48.8485609842029,-48.8486879227171,-48.770687213972,-48.7715992586681,-48.4720067149162,-48.4707539757993,-48.1172953604803,-48.1171678241731,-47.8387565239733,-47.8385444710421,-47.453293897793,-47.4523456013283,-46.8495403204756,-46.8480262365871,-46.2621635395886,-46.2590421724782,667.544,673.977,680.371,675.003,674.99,676.28,682,679.906,685.643,676.907,684.786,689.892,675.845,683.806,696.194,682,674.093,671.143,671.524,668.127,669.721,667.682,672.33,669.548,671.938,669.323,687.267,692.404,684.001,677.454,674.361,684.345,707.371,675.539,671.099,-844,-791,-842,-829,-829,-797,-864,-874,-857,-801,-812,-839,-757,-846,-900,-764,-838,-864,-846,-847,-808,-786,-811,-827,-834,-834,-805,-827,-834,-770,-807,-758,-872,-827,-788,TRUE
231709,"2026-06-09T21:04:46Z","2026-06-09T21:04:37Z","2026-06-09T21:03:14Z",6575,-36.35292384,-50.3777471549157,-50.2937210102618,-43.3249576857684,-43.3268252572126,-43.7781472576423,-43.778079191602,-43.9201798731142,-43.9186961646131,-44.0274947515379,-44.0281832007619,-44.1145809881612,-44.1154364073553,-44.2307652445981,-44.2311713682523,-44.3181072987781,-44.3178474240924,-44.3790373144264,-44.3792787516321,-44.4360552979119,-44.4359814562442,-44.4801406113866,-44.480432207912,-44.5096552675504,-44.5089686532869,-48.0606383137923,-48.0615864444385,-48.5495131657743,-48.5492221083464,-48.171980571061,-48.166564841013,-47.3737993950989,-47.3677533058585,-46.3585569849891,-46.3554161126829,-44.411860522155,-44.4049384376318,-43.22901451295,-43.2275316198225,-42.7429934405964,-42.7418431334802,-42.6990193466031,-42.698862067432,-42.872324642319,-42.872018313715,-43.1203095693615,-43.120461061718,-43.3546416962496,-43.3548564837522,-43.5558209271743,-43.5566136171591,-48.3145450308076,-48.3139265445279,-48.5810563791384,-48.5808362081666,-48.6554574402282,-48.655465680664,-48.6484152565742,-48.6491108066636,-48.4464689737194,-48.4451878095317,-48.0982663106098,-48.0981677528531,-47.8055628488886,-47.805363649688,-47.4168524208276,-47.4159646982852,-46.827866115533,-46.8264381218946,-46.25849657569,-46.255446553637,651.5,673.03,679.738,674.071,674.053,675.335,681.363,678.962,684.944,675.955,683.841,688.986,674.702,684.271,695.657,681.155,673.106,670.346,670.788,667.191,668.777,666.739,671.375,668.59,670.988,668.43,687.146,692.207,683.61,676.834,673.554,683.333,706.951,674.729,670.247,-843,-787,-841,-837,-826,-796,-869,-868,-851,-812,-811,-838,-760,-847,-901,-768,-821,-860,-841,-843,-810,-784,-822,-829,-837,-839,-810,-829,-837,-776,-816,-760,-859,-827,-779,TRUE
231709,"2026-06-10T09:04:43Z","2026-06-10T09:04:36Z","2026-06-10T09:03:14Z",6636,-36.34956829,-53.9622766587405,-53.8699175775739,-43.3498854114761,-43.3522352426869,-43.7832234477578,-43.7828609941818,-43.9248137589538,-43.9235371050607,-44.0297897581405,-44.030653120551,-44.1176330692205,-44.118712686706,-44.232964444274,-44.2334025930519,-44.3182854327681,-44.3180920432912,-44.3793528979207,-44.3794906448566,-44.4360884912809,-44.4359879693535,-44.4801428618709,-44.4803952762025,-44.5094809539831,-44.5088844498389,-49.3260060135528,-49.3023968822133,-48.4770855156916,-48.4739716947134,-48.1339062451422,-48.1288421112131,-47.3468715262579,-47.3409167964414,-46.3472488309635,-46.3441850298943,-44.4356782483188,-44.4288021486612,-43.2492451995128,-43.2477740964409,-42.7559498036475,-42.754765693438,-42.706313845687,-42.7060493982436,-42.8753018809528,-42.8749781526312,-43.1205082403146,-43.1207391564063,-43.3535663493805,-43.3538218803915,-43.5543662675818,-43.555174433219,-48.8251207121335,-48.8245684240307,-48.5776146727385,-48.5773319733534,-48.5408432416147,-48.5409895742373,-48.5189841714663,-48.5195667565866,-48.3844183864164,-48.3832067531832,-48.0665776735101,-48.066465149162,-47.7745336068205,-47.7743518940692,-47.3852035051415,-47.3843272481706,-46.8073666096687,-46.8060175518921,-46.2530656374393,-46.2500179680142,644.33,671.748,678.73,672.837,672.818,674.1,680.414,677.734,684.025,674.724,682.613,687.804,673.926,681.896,695.055,680.033,671.875,669.311,669.791,665.988,667.567,665.53,670.157,667.372,669.773,664.874,685.114,691.25,682.993,676.012,672.48,682.055,706.321,673.63,669.112,-840,-791,-846,-838,-831,-797,-863,-868,-849,-805,-811,-841,-759,-850,-905,-768,-830,-866,-840,-844,-811,-781,-821,-835,-839,-838,-811,-825,-834,-773,-808,-765,-864,-833,-783,TRUE
231709,"2026-06-10T21:04:35Z","2026-06-10T21:04:28Z","2026-06-10T21:03:14Z",6636,-36.35902484,-57.2758497972084,-57.1829055304779,-43.3227034101268,-43.3237886912039,-43.7808200969619,-43.7804962470834,-43.9244073597676,-43.9228912031625,-44.0297893254451,-44.0303289752703,-44.1168529496491,-44.1174976753162,-44.2336296631416,-44.2339771962876,-44.3190971080693,-44.318843646837,-44.3796658086052,-44.3798552347116,-44.4362478234424,-44.4361872422402,-44.4800935375908,-44.4803528805084,-44.5093348561311,-44.5086171234762,-50.7506820836748,-50.7132212431825,-48.7397781866341,-48.7296537909487,-48.0865841278167,-48.0817698191542,-47.3215485175004,-47.3156351911662,-46.3372761894918,-46.3342647449852,-44.4583524754924,-44.451521647194,-43.2694957869872,-43.2679506206785,-42.768783513962,-42.7675389111747,-42.7134541253872,-42.7132025370164,-42.8781726513748,-42.8779112439134,-43.1207201552966,-43.1208583394625,-43.3524579973024,-43.3526093302189,-43.5528260040908,-43.5535840649146,-49.8236475839267,-49.8232059678685,-49.0246363671552,-49.0241171518363,-48.7426529038862,-48.7433263389932,-48.5670389293839,-48.5680321420066,-48.3287111754107,-48.3274785517521,-48.0238518167352,-48.0236519164661,-47.7408707803942,-47.7406836372439,-47.3552454616897,-47.3544437841769,-46.7877460044302,-46.7864878614482,-46.246593757173,-46.2435932845453,639.372,672.617,679.261,673.682,673.667,674.952,681.493,678.588,684.45,675.57,683.48,688.525,674.38,679.45,695.526,680.999,672.168,670.199,670.63,666.822,668.394,666.344,670.985,668.188,670.607,663.294,683.858,690.743,683.174,676.309,673.452,682.885,706.864,674.591,670.029,-839,-791,-848,-834,-834,-801,-865,-877,-853,-803,-818,-839,-758,-843,-895,-771,-835,-864,-842,-850,-809,-787,-818,-825,-832,-838,-806,-819,-827,-770,-809,-757,-863,-831,-781,TRUE
231709,"2026-06-11T09:04:37Z","2026-06-11T09:04:26Z","2026-06-11T09:03:14Z",6645,-36.36280746,-57.5501016390488,-57.4526950065521,-43.3239337697957,-43.3237654981955,-43.7811181949965,-43.7810299427597,-43.9228956750801,-43.9211926538442,-44.0309236395119,-44.0312805810146,-44.1166779830394,-44.117157490265,-44.2325780045258,-44.2327958950513,-44.318964519818,-44.3187416600574,-44.3798167553662,-44.3800513929771,-44.4362832093906,-44.436158642286,-44.4801554803875,-44.4804281254087,-44.5095582565761,-44.5088932963773,-52.3081928387215,-52.2609265063851,-49.2341831266964,-49.216240974862,-48.0633519516018,-48.0580645718478,-47.2958742105043,-47.2899771953911,-46.3282276139904,-46.3253070072154,-44.4798259405192,-44.4729617647045,-43.2896144762453,-43.2880480587932,-42.7816411244223,-42.7803826975484,-42.7205668904788,-42.7203281617003,-42.8810366412662,-42.8807311346214,-43.1208327348365,-43.1210040073314,-43.3512902482334,-43.3514362977525,-43.5512396259639,-43.552006801577,-51.0179556363192,-51.017616802403,-49.7344775616069,-49.7339688184104,-49.1935658632068,-49.1949018680984,-48.8144366027312,-48.8159208298514,-48.3384146847041,-48.3371546320456,-47.987449665153,-47.9872088064153,-47.7060223401937,-47.7058182197059,-47.3270550320374,-47.3262216186964,-46.7701155274724,-46.7688206852198,-46.2403942669479,-46.237447218351,659.168,673.66,680.082,674.721,674.695,675.983,682.756,679.632,685.056,676.593,684.529,689.43,675.332,676.558,695.9,682.143,672.651,671.268,671.63,667.834,669.403,667.345,671.998,669.189,671.614,663.029,682.679,690.167,683.211,676.667,674.6,683.888,707.572,675.728,671.126,-841,-796,-843,-831,-821,-801,-871,-868,-850,-810,-811,-833,-756,-851,-895,-774,-841,-860,-842,-856,-802,-791,-819,-832,-839,-828,-807,-821,-828,-771,-814,-762,-868,-824,-780,TRUE
231709,"2026-06-11T21:04:41Z","2026-06-11T21:04:33Z","2026-06-11T21:03:14Z",6636,-36.36573594,-59.3243729750328,-59.2282101552086,-43.381203333114,-43.3847137163132,-43.7862362549895,-43.7859267019252,-43.929630698826,-43.9285859738029,-44.0332807158229,-44.0344168200795,-44.1225054912966,-44.123679000154,-44.2352212831283,-44.2356459598712,-44.3188733478733,-44.3185383767363,-44.379702344724,-44.3797688502214,-44.4363796802538,-44.4362589176668,-44.480175309077,-44.4804404734996,-44.5095001302609,-44.5088509355904,-53.4923242323605,-53.4405907272985,-49.8449392569101,-49.8207601092541,-48.0881535348709,-48.0816576900345,-47.271492384805,-47.2656808641519,-46.3196027268645,-46.3169063210393,-44.5001192014184,-44.4933637464844,-43.3097399501484,-43.3081787187034,-42.7946224680469,-42.7933969036739,-42.7278987538197,-42.7276062239638,-42.8841729207699,-42.8838169027577,-43.1212300727557,-43.1213814179457,-43.3503599920377,-43.3505136727637,-43.5498177767839,-43.550646381089,-52.0504387902104,-52.050214098658,-50.5150557270719,-50.5144370314711,-49.7822570517476,-49.7841454237065,-49.2130452435063,-49.2152122788132,-48.4355944793789,-48.4341973816869,-47.9765910102534,-47.9764763424605,-47.6760406951778,-47.6757721437337,-47.2994407706658,-47.2986636152607,-46.7528541506802,-46.7515727780873,-46.2338326130901,-46.2309581784758,658.707,672.395,679.106,673.526,673.516,674.802,681.81,678.461,684.249,675.423,683.361,688.295,674.707,672.909,694.739,681.063,671.535,670.331,670.645,666.68,668.237,666.176,670.82,668.009,670.438,661.343,680.683,688.48,681.799,675.685,673.51,682.625,707.007,674.648,670.025,-840,-793,-846,-835,-827,-801,-868,-867,-856,-802,-807,-845,-755,-856,-897,-767,-832,-863,-844,-846,-810,-785,-812,-833,-839,-837,-809,-827,-835,-782,-810,-764,-867,-830,-780,TRUE
231709,"2026-06-12T09:04:45Z","2026-06-12T09:04:30Z","2026-06-12T09:03:14Z",6636,-36.37824299,-57.9982556940154,-57.9067581386605,-43.2935467735334,-43.2926454976095,-43.7737651389138,-43.773649615301,-43.9180957624143,-43.9160882536794,-44.0304098905488,-44.0305165097529,-44.1152927090892,-44.1154527341576,-44.2313735654076,-44.2315075344708,-44.3191414642564,-44.3189878435317,-44.3799882944724,-44.3802160777988,-44.4367180457837,-44.4366593372824,-44.4803294550777,-44.4805960082544,-44.5095226546732,-44.5088466525463,-54.4773241863859,-54.4268901603702,-50.4787154212129,-50.4495501809351,-48.1686883735964,-48.1606136788051,-47.2532680797855,-47.2474108805275,-46.3112495372442,-46.3086379962696,-44.5192656948676,-44.5125598543673,-43.3296281829325,-43.3280918071949,-42.8076542632013,-42.8063417291947,-42.7351897356354,-42.7349433774544,-42.88718944366,-42.8868958643405,-43.1215744302273,-43.1216859932584,-43.3493901359182,-43.3495514924611,-43.5484156448636,-43.5491807753407,-53.027685134864,-53.0274827795181,-51.2973522334203,-51.2967626477712,-50.4115324410095,-50.4138657274832,-49.6851934583396,-49.6878711483522,-48.6125874545575,-48.6110669107421,-48.0035737095155,-48.0036267560471,-47.6594988065819,-47.6593617228614,-47.2757816381448,-47.2749548914665,-46.7367827568312,-46.7355707148504,-46.2276131872714,-46.2246906915693,659.821,672.632,679.307,673.665,673.625,674.906,682.178,678.557,684.22,675.498,683.451,688.295,675.147,670.156,693.939,681.257,671.301,670.533,670.774,666.78,668.335,666.271,670.913,668.096,670.534,660.954,679.412,687.481,680.927,675.289,673.596,682.62,707.028,674.849,670.201,-838,-787,-840,-834,-828,-797,-869,-876,-854,-799,-815,-836,-757,-846,-900,-767,-833,-864,-844,-844,-807,-777,-811,-823,-841,-842,-806,-824,-836,-775,-806,-761,-870,-834,-773,TRUE
231709,"2026-06-12T21:04:48Z","2026-06-12T21:04:33Z","2026-06-12T21:03:14Z",6636,-36.36152625,-58.7349169955277,-58.6422477128444,-43.36604362644,-43.3667012193854,-43.7873551037593,-43.7866392929884,-43.9279126063436,-43.9263504539401,-44.0322052450837,-44.0328327414887,-44.1199371377477,-44.1207241446031,-44.2349527074227,-44.2353057376869,-44.3190446474207,-44.3187295816049,-44.3799299271784,-44.379970524022,-44.436534847617,-44.4363683913645,-44.4803158102795,-44.480580854132,-44.5094554026235,-44.5088060940858,-55.2174831273624,-55.1675274740806,-51.0734582816247,-51.0412129321104,-48.2995848254585,-48.289655128422,-47.2466339715831,-47.2404748335415,-46.3036878894395,-46.3010854967866,-44.5374607921123,-44.5307910168968,-43.3493783077406,-43.3478139275183,-42.8206566376437,-42.8193237287759,-42.742619760293,-42.7423196124125,-42.8904317066039,-42.8900611136538,-43.122018118767,-43.1221892013686,-43.3484004715001,-43.3485563454791,-43.5469542355397,-43.5477940057177,-53.8019273236973,-53.8016786935639,-52.0028594935443,-52.0022100222283,-51.0282724095757,-51.030829090293,-50.1887024585354,-50.1918322834726,-48.8505583856521,-48.8489665534324,-48.0706824777079,-48.0710578154645,-47.6632326774588,-47.6631177143297,-47.260527135619,-47.2596904577311,-46.7231899890427,-46.7219885900335,-46.2220470639482,-46.2191523456293,659.253,671.656,678.547,672.809,672.799,674.078,681.518,677.746,683.655,674.691,682.648,687.479,674.839,667.636,692.519,680.494,670.442,669.879,670.065,665.954,667.504,665.438,670.078,667.259,669.703,659.998,678.064,686.241,679.609,674.433,672.614,681.632,706.507,674.099,669.436,-836,-788,-840,-835,-824,-798,-866,-870,-851,-810,-812,-833,-756,-853,-898,-767,-829,-866,-837,-851,-810,-786,-815,-827,-844,-836,-807,-825,-832,-773,-806,-757,-870,-822,-781,TRUE
231709,"2026-06-13T09:04:47Z","2026-06-13T09:04:32Z","2026-06-13T09:03:14Z",6636,-36.37763289,-60.4119868056984,-60.3190936334827,-43.3418613529438,-43.3425788048713,-43.7851364765835,-43.7845973562227,-43.9245888905934,-43.9230341198033,-44.0303095463701,-44.030980163744,-44.116585121804,-44.117307944991,-44.2333516281482,-44.2336398230551,-44.3191723318871,-44.3188568540093,-44.38004585034,-44.3801513468223,-44.436518505084,-44.4363653027551,-44.4803502284924,-44.4805829204923,-44.5095965612813,-44.5089343729746,-55.6776302391631,-55.628933826075,-51.5929659510929,-51.5592311395247,-48.4690125283421,-48.4572362147107,-47.255182287633,-47.2487352664565,-46.2978117950966,-46.2952383642985,-44.5548153831059,-44.5481487511292,-43.3690036454363,-43.3674046233568,-42.8338092191935,-42.8324892973634,-42.7501554643666,-42.7498148592884,-42.8937734483099,-42.8934256727823,-43.1226472239444,-43.1227652372211,-43.3476351204069,-43.3478841181837,-43.5457495354212,-43.5464926498545,-54.3634525279034,-54.3632272199137,-52.5996492403726,-52.5990276036696,-51.5886970934318,-51.5912840576993,-50.6776508550713,-50.6809904007173,-49.1255882507319,-49.123827629401,-48.1738291490404,-48.1743554470569,-47.6899289401883,-47.6899058820072,-47.2560991975767,-47.25528658732,-46.713036740133,-46.7118496084517,-46.2171978398972,-46.2143242453775,656.971,669.128,676.781,670.254,670.238,671.506,679.245,675.165,681.931,672.108,680.051,685.022,673.103,664.764,690.008,677.967,668.28,667.617,667.765,663.418,664.955,662.898,667.513,664.695,667.145,658.303,676.147,684.285,677.343,672.554,669.736,678.857,704.818,671.606,666.941,-840,-790,-844,-835,-826,-801,-869,-874,-859,-804,-808,-840,-755,-851,-892,-766,-834,-861,-838,-847,-806,-783,-827,-829,-837,-841,-805,-826,-825,-771,-809,-769,-865,-832,-781,TRUE
231709,"2026-06-13T21:04:34Z","2026-06-13T21:04:26Z","2026-06-13T21:03:14Z",6636,-36.37171492,-64.9603224616622,-64.8629728887181,-43.3204279093157,-43.319028321273,-43.779254781284,-43.7786419485137,-43.9211297634861,-43.9191001976365,-44.0309332126367,-44.0309291575331,-44.1164660290019,-44.1166668882529,-44.2329851794297,-44.2331442979411,-44.3191905825017,-44.3189164363455,-44.3801658774715,-44.3802902122137,-44.4367220650949,-44.4365773936123,-44.4803618463555,-44.4805953562304,-44.5094968690526,-44.5088640031512,-56.8389198668535,-56.7766594387218,-52.0839838826774,-52.0478928339484,-48.6633777363484,-48.6498900323092,-47.2807037036086,-47.2738702266877,-46.2948006998537,-46.2922765989278,-44.5713236088708,-44.5647244479064,-43.3883066419262,-43.3866530434479,-42.8467594289511,-42.8454657033087,-42.7575969601439,-42.7571892709867,-42.8969821447624,-42.8966304749766,-43.1230644164917,-43.1232088473933,-43.3467509964172,-43.3468955357335,-43.5442748992202,-43.545092677209,-55.1900631145767,-55.1899801197716,-53.1884455309435,-53.1878154414438,-52.1017903996073,-52.1046368500011,-51.1283941869697,-51.1319267216387,-49.4138849050764,-49.4120102846286,-48.3043686491013,-48.3052009986847,-47.7388458097534,-47.7388788003364,-47.2645403771969,-47.2636544057878,-46.7075429177447,-46.7063096153066,-46.2136242225136,-46.2107838916862,654.968,669.616,677.031,670.724,670.7,671.974,679.877,675.628,682.114,672.563,680.532,685.336,672.729,662.819,689.083,678.516,668.287,668.089,668.17,663.896,665.428,663.363,667.98,665.158,667.623,657.1,675.143,683.793,676.734,672.335,669.709,679.177,704.74,672.173,667.491,-842,-784,-842,-830,-829,-803,-870,-873,-850,-810,-806,-839,-757,-853,-898,-769,-836,-864,-848,-850,-809,-796,-820,-833,-833,-840,-814,-830,-833,-764,-815,-762,-868,-830,-783,TRUE
231709,"2026-06-14T09:04:39Z","2026-06-14T09:04:30Z","2026-06-14T09:03:14Z",6636,-36.3679323,-62.4105062177156,-62.3116427694158,-43.3372404487893,-43.3400658978069,-43.7678047935084,-43.7679060256637,-43.9226630775804,-43.9213268346465,-44.03329342121,-44.0342020494597,-44.1234533351237,-44.1243119600122,-44.2355950637519,-44.2360210080256,-44.3191196654738,-44.3189425754372,-44.3797166180787,-44.3799122832867,-44.4365488171822,-44.4364564287061,-44.4802844633327,-44.4805635035625,-44.5095284345144,-44.5088699061991,-57.9267841704184,-57.8651954399907,-52.7158225782276,-52.6749440140132,-48.8738843838473,-48.8587987691311,-47.3230788617196,-47.3155850106348,-46.2959290802112,-46.2934118484147,-44.5871155953282,-44.5805251395492,-43.4071953762111,-43.4056583747848,-42.8597201749564,-42.8583062899918,-42.7648776749664,-42.7644495527808,-42.9001242445472,-42.8997220847236,-43.1234683621584,-43.1235597606556,-43.3457546926429,-43.3459662542286,-43.5427870624931,-43.5436072271058,-56.2350338340624,-56.2348288991327,-53.9852025731174,-53.9844497489595,-52.7427159013959,-52.7459492903191,-51.6379595846903,-51.6420522134097,-49.7149512871935,-49.7129622836164,-48.4553001879396,-48.4563293173025,-47.8083860997348,-47.8084656010369,-47.2876997928836,-47.2867628396968,-46.708944820391,-46.7076788695518,-46.212602255524,-46.2097750549114,657.849,671.393,678.127,672.496,672.499,673.785,681.737,677.466,683.218,674.382,682.385,686.905,674.414,660.685,688.952,680.421,669.325,669.747,669.757,665.682,667.208,665.129,669.768,666.93,669.4,658.414,674.4,683.603,676.771,672.935,670.805,680.81,705.367,674.042,669.337,-844,-790,-844,-826,-819,-796,-867,-868,-853,-810,-810,-839,-756,-849,-903,-773,-835,-859,-842,-850,-811,-787,-813,-831,-825,-840,-810,-824,-837,-778,-813,-762,-863,-835,-783,TRUE
231709,"2026-06-14T21:04:38Z","2026-06-14T21:04:28Z","2026-06-14T21:03:14Z",6645,-36.37147088,-61.678361546851,-61.5814443255177,-43.3110124533368,-43.3109870746533,-43.7714480054196,-43.7712150493429,-43.9194132935233,-43.9176960110531,-44.0305052738613,-44.0308605709598,-44.117799976184,-44.1181521591658,-44.2335592022601,-44.2338615053416,-44.3191914343463,-44.3190148007159,-44.3801443760186,-44.3802751987032,-44.4365507540328,-44.4364451678176,-44.4802979607094,-44.480570426612,-44.5096687595736,-44.508957767777,-58.3533414057878,-58.2969567380122,-53.3180541903722,-53.2753583695746,-49.1077761272327,-49.0909354869966,-47.3807951037515,-47.3727122828942,-46.3021285756489,-46.2995635040629,-44.6022889511536,-44.5957586714958,-43.4260126667793,-43.424427431903,-42.8726449182428,-42.8712705367985,-42.7723173482562,-42.7718687900914,-42.9032927516852,-42.9029464995813,-43.1239782570323,-43.1240629535686,-43.3448705423828,-43.3450105959744,-43.5413518600627,-43.5421874730086,-56.8490791388128,-56.8486739259855,-54.6698200367205,-54.6691036750582,-53.3839563476876,-53.3873044983616,-52.1951051095311,-52.1993275614313,-50.0497564803971,-50.0476698997649,-48.6259421869567,-48.6272886203393,-47.8958404650901,-47.8959716254113,-47.324745234524,-47.323741764979,-46.7176778209951,-46.7163987205739,-46.2147033052153,-46.2118751988281,658.478,672.337,678.9,673.447,673.449,674.735,682.809,678.421,683.828,675.325,683.352,687.693,675.24,659.465,688.317,681.466,669.814,670.605,670.563,666.619,668.141,666.047,670.705,667.853,670.333,659.881,674.151,683.259,676.357,673.141,671.013,681.594,705.521,675.074,670.354,-835,-791,-847,-832,-828,-805,-869,-872,-849,-805,-809,-840,-759,-852,-905,-776,-836,-857,-840,-851,-808,-779,-821,-831,-832,-834,-807,-825,-828,-764,-806,-762,-866,-825,-780,TRUE
231709,"2026-06-15T09:05:08Z","2026-06-15T09:04:20Z","2026-06-15T09:03:14Z",6628,-36.37427734,-60.6963169459694,-60.5993296589684,-43.3089156590661,-43.3085724948197,-43.7742223512914,-43.7738259515851,-43.9199386833011,-43.9181362519527,-44.0298093005477,-44.0301404955077,-44.1163646562314,-44.1168257258285,-44.2333572943699,-44.2336137122484,-44.319436938395,-44.3192032195094,-44.3801723772607,-44.3803488816475,-44.4366586662132,-44.43650690007,-44.4803867654583,-44.4805810968276,-44.5095314357795,-44.5088910642576,-58.3983233768809,-58.3511800113324,-53.7917946146951,-53.7493359804873,-49.3646626299332,-49.3461568838325,-47.453094117853,-47.4443998650387,-46.3139305026899,-46.3112124198299,-44.6169411835189,-44.6104059783762,-43.4445808305614,-43.4429340811296,-42.885759662017,-42.8843982649003,-42.7798426707789,-42.7794935359335,-42.9067267754577,-42.9063036984806,-43.1246404519135,-43.1247118015644,-43.3440655590142,-43.3443383312237,-43.5401009695334,-43.5408465655287,-57.1965503636484,-57.1960555191416,-55.1743882253549,-55.1735733126081,-53.9092458535078,-53.912493525779,-52.6974719936913,-52.7018885016363,-50.402961150547,-50.4007696784238,-48.8190985835893,-48.8206050000922,-48.0009999469892,-48.0012131313633,-47.3750344238205,-47.3738796869729,-46.7341880984405,-46.7329023888835,-46.2206951474247,-46.2177756346742,657.901,671.405,678.25,672.517,672.528,673.807,682.031,677.502,683.236,674.392,682.426,686.756,675.172,658.202,686.643,680.639,668.956,669.768,669.69,665.711,667.227,665.135,669.778,666.923,669.414,660.434,673.473,682.326,675.088,672.368,669.402,680.484,704.505,674.224,669.504,-842,-785,-842,-832,-824,-795,-864,-870,-852,-806,-814,-834,-758,-851,-894,-775,-836,-857,-838,-850,-810,-788,-819,-825,-837,-840,-803,-822,-831,-779,-813,-754,-868,-829,-775,TRUE
231709,"2026-06-15T21:04:50Z","2026-06-15T21:04:27Z","2026-06-15T21:03:14Z",6628,-36.3831848,-61.395774048528,-61.311376194139,-43.3510960593851,-43.3538821358082,-43.7701602548171,-43.7703340506995,-43.919151154542,-43.9180921183483,-44.0320545075759,-44.0331287876731,-44.1209873842885,-44.122117073266,-44.2333366445252,-44.2338275245033,-44.3184484993294,-44.3182851719365,-44.3797168981981,-44.3799712301484,-44.4365553938785,-44.436475324336,-44.4804634307375,-44.4806707826281,-44.5098936721885,-44.5092528614149,-58.404649078377,-58.3610043042652,-54.1150928272683,-54.0745018144946,-49.6297487541374,-49.6097547214425,-47.5399712243832,-47.5305307663016,-46.3319029170329,-46.3290791306673,-44.6312991613344,-44.6247070472696,-43.4628342759177,-43.4612312415171,-42.8988782275039,-42.8974832782026,-42.7875002191196,-42.7870640549342,-42.9102801551324,-42.9098136015582,-43.1254085891237,-43.125446713039,-43.3434057289434,-43.3435540133706,-43.5388961415244,-43.5396370957231,-57.3507574493435,-57.3501788998366,-55.4835453633217,-55.4828050675986,-54.2854511054278,-54.2886471471456,-53.1028457098355,-53.1072325721275,-50.7440333844682,-50.7419351119933,-49.0271973678175,-49.0289823609679,-48.1230765084601,-48.1234152137687,-47.4384416979578,-47.4372014976481,-46.7586356447055,-46.7572803863262,-46.2308371892539,-46.2280084557083,656.109,670.081,677.31,671.207,671.224,672.497,680.877,676.183,682.376,673.075,681.103,685.441,674.3,657.432,684.772,679.411,667.774,668.522,668.406,664.384,665.887,663.801,668.43,665.578,668.064,660.247,672.885,681.5,673.762,671.391,667.389,678.921,703.123,672.93,668.211,-841,-789,-845,-836,-830,-793,-865,-876,-852,-804,-809,-840,-756,-848,-900,-772,-833,-869,-844,-844,-804,-790,-819,-827,-836,-835,-802,-824,-834,-773,-800,-759,-861,-828,-778,TRUE
231709,"2026-06-16T09:04:34Z","2026-06-16T09:04:26Z","2026-06-16T09:03:14Z",6593,-36.38464904,-62.1728871007066,-62.0716838045538,-43.320012548896,-43.3210119928105,-43.7650467682475,-43.7648723651321,-43.9187105204904,-43.9169971539863,-44.0317152050085,-44.0322340553472,-44.1205537783362,-44.1210438836782,-44.2343625228652,-44.2347364818292,-44.3190671549787,-44.3187989652834,-44.3799854461399,-44.3801291739884,-44.4366642485305,-44.4365522973536,-44.4803652301203,-44.480598820335,-44.5096183266149,-44.5089271834287,-59.0658105305595,-59.0122599559463,-54.4075321300986,-54.3669082135007,-49.887203091766,-49.8661991064584,-47.6403285279902,-47.6300576591289,-46.3563588177217,-46.3533563423836,-44.6453112924817,-44.638798064707,-43.4808324970831,-43.4791215894448,-42.9118943182527,-42.9104657859499,-42.7950036721746,-42.7945737109163,-42.9136274483895,-42.9131637748947,-43.1260310381654,-43.1260293393744,-43.3425875300988,-43.3427696858485,-43.5374476846343,-43.5382566949376,-57.7641919290693,-57.7637547483922,-55.7963100945504,-55.7956026161074,-54.6004723256281,-54.6037437062359,-53.430844877836,-53.4352301898869,-51.0529029774653,-51.0506121279145,-49.2397531535529,-49.2417017242905,-48.2587164300606,-48.2591148108732,-47.5146742039329,-47.5133827184193,-46.7915947399761,-46.7902201201663,-46.2459275073233,-46.2430351456733,658.307,670.907,677.731,672.02,672.054,673.332,681.744,677.033,682.838,673.911,681.969,686.096,674.18,656.964,684.154,680.424,668.134,669.214,669.06,665.243,666.739,664.644,669.287,666.416,668.919,659.542,672.765,681.645,673.654,671.603,667.644,679.626,702.878,673.878,669.15,-834,-790,-840,-826,-828,-796,-866,-873,-852,-800,-816,-844,-755,-848,-900,-768,-839,-866,-847,-848,-811,-786,-816,-826,-829,-838,-811,-829,-835,-772,-809,-759,-860,-834,-782,TRUE
231709,"2026-06-16T21:04:25Z","2026-06-16T21:04:18Z","2026-06-16T21:03:14Z",6636,-36.37714481,-55.2789113469032,-55.1889857384635,-43.3572258319489,-43.3577626486031,-43.7695472405303,-43.7693927104157,-43.9200143929922,-43.9185237895872,-44.0329001906901,-44.0334710291787,-44.12201507641,-44.1227536882351,-44.234945965431,-44.2353329640152,-44.3181420792816,-44.3179250016657,-44.3798272584803,-44.3800164026049,-44.4364425300361,-44.4363763032634,-44.4804284564357,-44.4806880112923,-44.5098659107675,-44.5091614646904,-58.773562576014,-58.7392190265655,-54.7492442646094,-54.7085717063456,-50.1324755766294,-50.1106722841081,-47.751481309595,-47.7404709309085,-46.387666503101,-46.3844949676968,-44.6593595265753,-44.6528668970016,-43.4984178443669,-43.4967173633834,-42.9247615074014,-42.9232794023669,-42.8025128479485,-42.8021024021616,-42.916934712271,-42.9165004707589,-43.1265740205296,-43.1266914081163,-43.3417825176828,-43.3419194375277,-43.536078204581,-43.536863117589,-57.9902424052192,-57.989506465972,-56.1794199589944,-56.1787710451438,-54.9788576631875,-54.9821598782845,-53.7811539810573,-53.7856284579909,-51.3439554188562,-51.341664028228,-49.4518728767384,-49.4539115430398,-48.4048326743464,-48.405376636416,-47.6041994863002,-47.6028031203962,-46.834380877701,-46.8329352328203,-46.2671815782298,-46.2642292431528,662.447,672.934,679.154,674.084,674.131,675.417,683.806,679.131,684.167,675.99,684.092,687.903,677.09,657.484,684.331,682.714,669.443,670.963,670.776,667.29,668.784,666.665,671.329,668.445,670.957,662.713,673.661,682.246,674.145,672.54,669.262,681.516,703.294,675.999,671.265,-844,-787,-844,-828,-835,-798,-871,-863,-855,-809,-806,-840,-754,-853,-898,-768,-837,-869,-840,-850,-813,-785,-818,-831,-835,-833,-804,-828,-827,-770,-806,-759,-868,-831,-786,TRUE
231709,"2026-06-17T09:04:36Z","2026-06-17T09:04:26Z","2026-06-17T09:03:14Z",6645,-36.37507047,-39.6397506371831,-39.5504431679273,-43.3362122792227,-43.3379315450254,-43.7605208797424,-43.7605555955459,-43.9195547906862,-43.9181723736594,-44.0345125580313,-44.0351290463346,-44.1257493640328,-44.126482651322,-44.2368313031152,-44.2372902957198,-44.3187293773691,-44.3185367654941,-44.3798737552099,-44.3800755887156,-44.4365316967266,-44.4364145043279,-44.480233289454,-44.4805127830733,-44.5095355365242,-44.50889161278,-56.1588780333063,-56.1768685215191,-54.7562637428483,-54.7236906475092,-50.3709569012709,-50.3484919654064,-47.8697235169474,-47.8580888637633,-46.4256035923547,-46.4221521956248,-44.6733985634032,-44.667004175575,-43.5155643580698,-43.5139595902013,-42.9375197360733,-42.9361102677085,-42.8100277447926,-42.8095902232183,-42.9202683588598,-42.919876861466,-43.1271567280266,-43.1272541609939,-43.3409247062935,-43.3410823602497,-43.5346428529411,-43.5355023786493,-56.803595283073,-56.8023988785118,-56.0229128787786,-56.0224254116386,-55.1123260094646,-55.1146769681341,-54.0452779732843,-54.0498502147898,-51.6337351037194,-51.6310692933494,-49.6684696539222,-49.670977238349,-48.5606730567524,-48.5612504420046,-47.7071042656314,-47.7054180475529,-46.8881847426143,-46.8865841543212,-46.2957364948094,-46.2927716802467,673.765,675.748,680.992,676.854,676.919,678.222,686.54,681.963,685.951,678.796,686.944,690.36,679.913,662.81,684.958,685.795,671.302,673.355,673.134,670.079,671.572,669.431,674.126,671.225,673.75,671.251,677.896,684.2,675.22,673.886,671.756,684.199,704.054,678.921,674.182,-840,-784,-849,-825,-821,-795,-878,-865,-854,-811,-809,-844,-760,-842,-893,-764,-830,-863,-841,-845,-808,-780,-814,-822,-834,-842,-807,-826,-844,-771,-814,-758,-863,-831,-782,TRUE
231709,"2026-06-17T21:04:32Z","2026-06-17T21:04:21Z","2026-06-17T21:03:14Z",6636,-36.38532015,-38.9480166230754,-38.8575975913281,-43.3273135853597,-43.3282397431838,-43.7517358585898,-43.7520974768059,-43.9146009733581,-43.9129756173491,-44.0345178120776,-44.035082553689,-44.1269596902917,-44.1274834260691,-44.2367773841522,-44.2371200614872,-44.3181989533024,-44.3181067488335,-44.3796543624661,-44.3799726007682,-44.4364390710684,-44.4363950574952,-44.4802513212783,-44.4805833453991,-44.5096602341951,-44.5089861191098,-52.313706261051,-52.3635529853979,-53.995706669915,-53.9819981264447,-50.5794682507427,-50.5570187254352,-47.9927413835337,-47.9803476881041,-46.4694847839916,-46.4658071437815,-44.6876741850187,-44.6812745758229,-43.5323907360558,-43.5308090890627,-42.950115959752,-42.9486461713066,-42.8173220906984,-42.8168242418664,-42.9235155006606,-42.9230204586973,-43.1276202414475,-43.1276580157965,-43.3399085146721,-43.3400804894978,-43.533082365612,-43.5338392143835,-54.1035836752769,-54.1022647469053,-54.7363663966561,-54.7358881133202,-54.4876540027564,-54.4886058491042,-53.8738327127371,-53.8770164297308,-51.8392356606661,-51.8369680164095,-49.8759067091936,-49.8782575282176,-48.7210625520349,-48.7216027388094,-47.8178168852392,-47.8162174379711,-46.9495866489447,-46.9479389113554,-46.3298990294196,-46.3267924428941,672.242,680.712,684.518,681.792,681.87,683.197,691.378,686.964,689.178,683.766,691.987,694.815,680.057,675.06,687.107,691.088,674.752,677.653,677.39,674.987,676.482,674.302,679.05,676.121,678.659,678.453,686.418,689.347,678.336,676.553,676.399,689.048,706.242,683.99,679.191,-843,-785,-853,-840,-824,-798,-864,-871,-852,-807,-803,-846,-750,-851,-897,-771,-839,-864,-835,-841,-812,-777,-815,-828,-832,-842,-805,-831,-832,-776,-809,-758,-869,-834,-783,TRUE
231709,"2026-06-18T09:05:11Z","2026-06-18T09:05:03Z","2026-06-18T09:03:14Z",6628,-36.39105509,-42.5396430287757,-42.4517879491394,-43.3842172498678,-43.3855025762476,-43.7735707827153,-43.7729581339813,-43.9252172028983,-43.9238159276728,-44.0357845252309,-44.0366026429281,-44.1272271160317,-44.1280475488774,-44.2380319128914,-44.238352902687,-44.3184379049279,-44.3181585642622,-44.3799829637412,-44.3799776379636,-44.4364308884345,-44.4362205266194,-44.4801689628196,-44.480454080129,-44.5095327422015,-44.5088011051251,-49.8363423522439,-49.887418560199,-52.8146283598009,-52.8164364855633,-50.693624385229,-50.6728993541024,-48.1171475761602,-48.1042398551018,-46.519143446369,-46.5151981358644,-44.702574238997,-44.6960920953471,-43.549147001822,-43.5475160883667,-42.9628888201492,-42.9613920326573,-42.8249216490218,-42.8244233559342,-42.9269616644505,-42.9265293990589,-43.1283287481311,-43.1284061333248,-43.3392156473876,-43.3393158933062,-43.5317259619897,-43.5325901696059,-51.8690148245107,-51.8678365146824,-53.1475547011256,-53.1472893802112,-53.3793341534962,-53.3789370957917,-53.2177878281108,-53.219596471242,-51.8364290004218,-51.8343916499429,-50.0373112480206,-50.0395773911422,-48.875879336179,-48.8764307528955,-47.9322092161644,-47.9304467269979,-47.0167785141488,-47.0150794610607,-46.3690228223016,-46.365962251018,667.311,682.289,685.739,683.485,683.59,684.92,693.023,688.711,690.42,685.501,693.759,696.347,681.646,684.439,688.453,693.16,676.035,679.123,678.806,676.713,678.207,676.011,680.773,677.823,680.375,679.907,691.858,693.593,680.924,677.946,678.133,690.663,706.735,685.842,681.001,-836,-788,-844,-833,-825,-801,-863,-870,-856,-807,-804,-832,-755,-850,-897,-772,-833,-857,-844,-843,-814,-784,-816,-821,-834,-843,-808,-820,-832,-773,-814,-769,-862,-832,-781,TRUE
231709,"2026-06-18T21:04:28Z","2026-06-18T21:04:18Z","2026-06-18T21:03:14Z",6567,-36.37726683,-37.7742374352766,-37.6889428949908,-43.3537633474026,-43.3548529305911,-43.7705235265445,-43.7700616829666,-43.9217461131178,-43.9202657384531,-44.0330260928463,-44.0337400399106,-44.1229251281985,-44.1237051566048,-44.2358436310488,-44.2362492420413,-44.3188592417341,-44.3185678080045,-44.3798996954842,-44.3799659176678,-44.436479201673,-44.4363009384643,-44.4801955652888,-44.4804416282668,-44.5094491809903,-44.5088015154375,-48.6771018391426,-48.723399240863,-51.7219958606479,-51.7312937297359,-50.673599587503,-50.6559519906763,-48.2337345395549,-48.2205304515786,-46.573767696235,-46.5694876915301,-44.7182793649961,-44.7118445104132,-43.5658266445233,-43.5641727544736,-42.9758249360817,-42.9744074818903,-42.8327531185926,-42.8322809816112,-42.930752883667,-42.9302308465102,-43.1293352110134,-43.129412436487,-43.3387207375373,-43.338861086039,-43.5307119328795,-43.5313936935522,-50.4626459260514,-50.4614054452001,-51.8269082400537,-51.8266382570042,-52.2697716525529,-52.2688125499864,-52.3914597476543,-52.3922436543865,-51.6235102439347,-51.6215102504954,-50.1109592264986,-50.1129280197129,-49.0058285580459,-49.0062739542121,-48.0440931043256,-48.0423100919238,-47.0881637575662,-47.0863790809354,-46.412860806679,-46.4097742735268,669.53,680.493,684.551,681.646,681.741,683.057,691.276,686.842,689.325,683.625,691.876,694.569,681.19,687.608,688.579,691.633,674.718,677.404,676.989,674.86,676.342,674.154,678.899,675.953,678.503,678.601,692.978,695.301,681.813,677.55,676.785,688.702,705.136,684.069,679.217,-842,-793,-840,-834,-827,-797,-864,-879,-850,-813,-813,-840,-750,-851,-902,-766,-837,-861,-836,-847,-808,-781,-813,-835,-832,-843,-803,-824,-836,-772,-812,-764,-865,-827,-781,TRUE
231709,"2026-06-19T09:04:27Z","2026-06-19T09:04:22Z","2026-06-19T09:03:14Z",6636,-36.41728939,-40.1764002351109,-40.0909253822558,-43.3584454732972,-43.3589639410704,-43.7768164393466,-43.7760736169176,-43.9224312022461,-43.9207640784361,-44.0318945790745,-44.0324844148877,-44.1193036052118,-44.1199255209618,-44.2341192103135,-44.2343617357997,-44.3190654125593,-44.3187044730145,-44.3799314425794,-44.3799654881543,-44.4364387173386,-44.4363503716493,-44.4802345921469,-44.4804283727431,-44.5094061458371,-44.5087247273023,-47.6611623373072,-47.7022897720208,-50.8151155126355,-50.8289375811065,-50.5434672778239,-50.5293406268824,-48.3302833497452,-48.3171218682476,-46.6322247089151,-46.6277195026771,-44.735112221695,-44.7286023522803,-43.5824100207527,-43.5807857051605,-42.9889242068585,-42.987466644335,-42.840823062293,-42.8403171943052,-42.9347297588671,-42.9342244365178,-43.1306396156048,-43.1306040901886,-43.3384435863294,-43.3384919647064,-43.529658379252,-43.5305324800451,-49.1610070568814,-49.1597837335905,-50.6645173769138,-50.6643086689151,-51.2712171995925,-51.2697648086,-51.5872508636153,-51.5871870372291,-51.2872574738415,-51.2856305574395,-50.0896222273714,-50.0911568275257,-49.0920452947355,-49.0925587698854,-48.1437153490065,-48.1419149431982,-47.1604088945163,-47.158607410152,-46.4599819708735,-46.4567096046681,663.259,676.554,681.878,677.705,677.8,679.089,687.498,682.856,686.86,679.652,687.87,690.868,678.115,687.913,687.926,688.056,671.915,673.889,673.308,670.945,672.413,670.242,674.947,672.008,674.559,675.066,692.122,695.299,681.319,675.989,673.767,684.721,702.565,680.236,675.364,-840,-789,-844,-828,-829,-798,-862,-867,-845,-811,-812,-837,-755,-847,-904,-767,-828,-867,-840,-843,-809,-777,-820,-822,-841,-835,-809,-822,-837,-776,-812,-765,-861,-831,-786,TRUE
231709,"2026-06-19T21:04:15Z","2026-06-19T21:04:12Z","2026-06-19T21:03:14Z",6636,-36.38763853,-50.0170994657562,-49.9344557236158,-43.3981155372201,-43.4011991153894,-43.7762089744233,-43.7755652415914,-43.9248183579745,-43.9238596325599,-44.0335563709995,-44.034752863267,-44.122169469314,-44.1231912904137,-44.2329998304924,-44.2334174706545,-44.3175854597547,-44.3172326050076,-44.3792682570756,-44.3792571602445,-44.4363964062743,-44.4362158362652,-44.4803599208026,-44.4805596079205,-44.5098127093281,-44.5091867525826,-47.6590998757416,-47.6768556168267,-50.0810911551631,-50.0960723921268,-50.34452920283,-50.3335754050825,-48.3966054692161,-48.3839222462979,-46.6914085459175,-46.6866975507043,-44.7528329435964,-44.7462808798873,-43.5988512355644,-43.597203831146,-43.0019875175286,-43.0003836582199,-42.8489318392784,-42.8483855980818,-42.9386997363979,-42.9382842077496,-43.131791706515,-43.1318155813384,-43.3381664339068,-43.3382678542806,-43.5288089391051,-43.5295792150701,-48.5958869717749,-48.5949180301181,-49.8210054841626,-49.8209039267636,-50.4333110317619,-50.4319148631506,-50.8397108330299,-50.83923363631,-50.8913972855265,-50.8899663157295,-49.994612590194,-49.9957517691528,-49.1288048540683,-49.1292612281432,-48.2214393030635,-48.2197163773712,-47.229191327283,-47.2273445279958,-46.5089135662766,-46.5056758124452,659.316,672.171,678.753,673.382,673.485,674.765,683.327,678.52,684.114,675.323,683.507,686.826,674.497,686.087,687.108,684.149,668.82,670.081,669.293,666.678,668.122,665.977,670.638,667.716,670.263,670.241,689.285,694.085,680.271,674.07,670.939,680.449,699.965,676.03,671.148,-833,-792,-845,-830,-825,-804,-866,-872,-854,-809,-819,-843,-754,-845,-901,-769,-832,-861,-841,-848,-807,-789,-818,-835,-832,-838,-805,-829,-830,-777,-810,-763,-867,-835,-783,TRUE
231709,"2026-06-20T09:04:29Z","2026-06-20T09:04:21Z","2026-06-20T09:03:14Z",6645,-36.39197024,-55.2835796600777,-55.1978171003113,-43.3641165604491,-43.3646365657673,-43.773960445328,-43.7731855685377,-43.9208318816813,-43.9193866451449,-44.0303208441039,-44.03103016686,-44.1173239864602,-44.1182057244234,-44.2313424855696,-44.2317081014052,-44.3177205655053,-44.3174201427955,-44.379182189088,-44.3791906192814,-44.4364077058229,-44.4362074890781,-44.4804430258226,-44.4805647710513,-44.5097026916445,-44.5090054173661,-49.2638919268713,-49.2513346702029,-49.7533445713374,-49.7619507496103,-50.10970817847,-50.1014698106391,-48.4304644267195,-48.4183402033675,-46.7482841296392,-46.7434231528867,-44.7715377957195,-44.7650410214982,-43.6151635346248,-43.6134995557912,-43.0150215259978,-43.0135036685562,-42.8571924955269,-42.8565726342992,-42.9428685987942,-42.9423636404607,-43.1332019956018,-43.133265367547,-43.337988263851,-43.3381623902775,-43.5279858275114,-43.5287902954898,-49.2964306278548,-49.2957866273028,-49.6436524606434,-49.6434744240878,-49.9880306656641,-49.987320703566,-50.2937790118993,-50.2934767751661,-50.4930081662506,-50.4917646073118,-49.8501017121408,-49.8508464977135,-49.1209727353102,-49.1212802530984,-48.2740470182458,-48.2723154718716,-47.291317298822,-47.2894116157687,-46.5583249632249,-46.5550454387314,654.65,666.387,674.622,667.575,667.667,668.912,677.719,672.636,680.36,669.466,677.593,681.381,670.165,679.912,685.334,678.703,664.629,664.992,663.92,660.92,662.342,660.231,664.826,661.93,664.474,663.866,683.515,690.572,677.787,671.139,666.621,674.709,696.628,670.353,665.473,-842,-794,-844,-836,-830,-801,-870,-867,-851,-808,-816,-843,-754,-849,-904,-775,-836,-866,-840,-851,-806,-786,-818,-837,-840,-840,-809,-821,-834,-776,-812,-767,-863,-831,-784,TRUE
231709,"2026-06-20T21:04:25Z","2026-06-20T21:04:20Z","2026-06-20T21:03:14Z",6636,-36.39679003,-55.4421139978666,-55.3402555124698,-43.3114949941805,-43.311588598698,-43.766012850767,-43.7655053161058,-43.9135860103912,-43.9119092655152,-44.0264707315019,-44.026968800496,-44.1126392775763,-44.1131693548955,-44.2304412347532,-44.2307426693009,-44.3183659654994,-44.3180432898038,-44.3794100255573,-44.379541404608,-44.4362555228179,-44.4360960296861,-44.4802228131174,-44.4804815093538,-44.5094523153345,-44.5087320622024,-51.1372165960827,-51.1054121413567,-49.9029027153088,-49.9013035085179,-49.8806661623551,-49.874084672219,-48.4345820371538,-48.4232846815932,-46.8001135836416,-46.7952138193213,-44.791484372717,-44.7848819494299,-43.631228859268,-43.6295481764118,-43.0278273236852,-43.0263886906938,-42.8651527872159,-42.8646255793106,-42.9468712355103,-42.9464693741495,-43.1344996981127,-43.1344701869551,-43.3377836976122,-43.3378525887569,-43.5270705150785,-43.5278107069376,-50.5158920962366,-50.5154663668024,-50.064766474556,-50.064481437951,-50.0417644934522,-50.0419297816295,-50.1012824199984,-50.1015364911429,-50.1735341808297,-50.1723869979939,-49.6859147247696,-49.6862926637148,-49.0788439750244,-49.0790641026098,-48.3027784228604,-48.3011705447279,-47.3447227037289,-47.3428338171717,-46.6068820435905,-46.6036051302285,653.996,663.481,672.464,664.64,664.724,665.96,674.867,669.671,678.362,666.497,674.601,678.532,668.17,673.94,684.621,676.159,662.376,662.439,661.055,657.995,659.41,657.309,661.88,658.989,661.535,659.857,679.053,687.5,675.979,669.401,664.324,671.905,694.955,667.555,662.654,-836,-788,-845,-833,-825,-800,-870,-872,-853,-810,-819,-837,-757,-849,-898,-772,-839,-866,-838,-848,-807,-789,-822,-828,-832,-840,-804,-830,-832,-770,-813,-762,-863,-827,-781,TRUE
231709,"2026-06-21T09:05:18Z","2026-06-21T09:04:20Z","2026-06-21T09:03:14Z",6636,-36.38373389,-52.0620898701474,-51.9721871950038,-43.3846513485177,-43.3843267525765,-43.744136501124,-43.7447789082621,-43.8958294064747,-43.8939748148997,-44.0270101733166,-44.0271489349621,-44.1193116711656,-44.1195672825626,-44.2308934824044,-44.2312055917001,-44.3159643206586,-44.3161053383817,-44.3779514329254,-44.3784829603976,-44.4360372661825,-44.4361199214457,-44.480310301788,-44.4806758741871,-44.5100003244608,-44.5092391202036,-51.933143370945,-51.9064786135201,-50.2853767130937,-50.2761451802214,-49.7046873346839,-49.6984209998109,-48.4155641333076,-48.4051332715008,-46.8451032378505,-46.840174024624,-44.812264902263,-44.8056477490958,-43.6469227018405,-43.6453104794116,-43.0401730169901,-43.0385812043774,-42.8727463439364,-42.8721854656809,-42.9505218363581,-42.9499570379684,-43.1352478510147,-43.135277800067,-43.3370314160751,-43.3371143322408,-43.5256349629285,-43.5264432027755,-51.3647560265977,-51.3641736936721,-50.65668299624,-50.656393394473,-50.3859301929574,-50.3868106386616,-50.2075027230764,-50.2084295414388,-49.9929555281852,-49.9917877216494,-49.5384282525855,-49.5386135958429,-49.0175209340259,-49.0176426752621,-48.3115825683303,-48.3100510088798,-47.3888005280282,-47.3869793174514,-46.6536008840862,-46.6502514106656,658.616,668.359,675.698,669.487,669.563,670.808,679.505,674.539,681.275,671.32,679.497,682.737,671.256,673.584,687.469,681.509,665.529,666.685,665.005,662.777,664.189,662.045,666.676,663.749,666.308,662.843,680.021,688.343,677.784,671.571,668.643,676.94,697.763,672.552,667.58,-841,-787,-846,-831,-830,-799,-870,-877,-852,-810,-810,-839,-752,-850,-900,-775,-832,-862,-837,-848,-800,-783,-818,-827,-830,-837,-804,-817,-836,-779,-809,-763,-859,-827,-784,TRUE
231709,"2026-06-21T21:04:19Z","2026-06-21T21:04:09Z","2026-06-21T21:03:14Z",6628,-36.38159854,-55.0150606894095,-54.9191298086276,-43.3684235366367,-43.3684531472821,-43.7440236343821,-43.7446926461959,-43.8998409242444,-43.8981431938222,-44.0287857197595,-44.0292415731325,-44.1203325182187,-44.1207999778237,-44.2316423499235,-44.2320060229551,-44.3161948066583,-44.316279225927,-44.3781046897283,-44.3786689985587,-44.4357544197777,-44.4358363419142,-44.4800267533764,-44.480405079606,-44.5098684075471,-44.509196862946,-52.4424685280078,-52.4149287904461,-50.6085667094239,-50.5958596095026,-49.6028770165333,-49.5960906222258,-48.3832295571499,-48.3735266630112,-46.8819464497622,-46.877072166023,-44.8342143369253,-44.8276282632522,-43.6626062104142,-43.6609311128018,-43.0523571615527,-43.0508309979518,-42.8803057100563,-42.8796912304415,-42.9539465654484,-42.9534378601681,-43.1359827534994,-43.1359861078412,-43.3362329320209,-43.3363431086903,-43.524284987929,-43.5250362211623,-51.8734900071025,-51.8730376974695,-51.0767720406338,-51.076458270513,-50.7075902953141,-50.7088377722401,-50.4057567627217,-50.4073444946431,-49.9408877992796,-49.9395904310939,-49.4332748325501,-49.4334664621589,-48.9528729909144,-48.9528554989965,-48.3032886449117,-48.3018737864654,-47.4210112252578,-47.4191913063785,-46.6949864305839,-46.691623564939,661.175,673.356,679.211,674.474,674.582,675.852,684.256,679.619,684.538,676.373,684.623,687.222,674.216,674.965,690.264,686.997,669.052,671.213,669.178,667.743,669.156,666.973,671.657,668.707,671.275,665.755,682.067,690.037,679.966,674.125,672.76,682.29,701.11,677.778,672.719,-844,-791,-843,-831,-822,-801,-868,-881,-857,-809,-805,-841,-754,-852,-900,-769,-837,-864,-844,-847,-804,-782,-815,-833,-837,-839,-802,-825,-835,-777,-811,-765,-869,-827,-783,TRUE
231709,"2026-06-22T09:04:20Z","2026-06-22T09:04:09Z","2026-06-22T09:03:14Z",6636,-36.39129913,-56.4281194193019,-56.3318993984017,-43.3390460630253,-43.3384909300208,-43.7559147890726,-43.7551960628498,-43.9127305527004,-43.9108324068693,-44.0295978901588,-44.0299134320303,-44.1195086306113,-44.1199626905312,-44.2330896360595,-44.2333003731191,-44.3171208408777,-44.3168143053609,-44.3788104315274,-44.3788828652905,-44.4360798472567,-44.4359282464118,-44.4799436808072,-44.4801446045256,-44.5091902153686,-44.5084982752275,-53.0835308083459,-53.0518564016535,-50.9145793456967,-50.8987858570046,-49.5610425629987,-49.5534153635218,-48.3480961847337,-48.3389596236847,-46.910325241271,-46.9056341780505,-44.857047725262,-44.8504027619699,-43.6784368316644,-43.6767514950514,-43.0647841056908,-43.0631446698446,-42.8881034367814,-42.8874087707011,-42.9577892016604,-42.9572439522612,-43.1370288159154,-43.1369790490673,-43.3357907918848,-43.3359080553811,-43.5231062061449,-43.5238659046949,-52.4501501056577,-52.4497780436232,-51.4986238309951,-51.4982140200255,-51.0252683127005,-51.0266725028215,-50.6215796073162,-50.6234256807856,-49.9617559582535,-49.9603948472929,-49.3741118397833,-49.3742573536159,-48.8985045249804,-48.8984765648407,-48.2856225312047,-48.2842728563178,-47.4420365553427,-47.4402763158685,-46.7302757932099,-46.7269716845898,661.74,674.802,680.159,675.99,676.132,677.418,685.618,681.212,685.648,677.96,686.243,688.608,675.216,674.428,691.092,688.936,670.301,672.876,670.391,669.337,670.748,668.54,673.247,670.284,672.862,666.297,682.194,690.186,680.484,675.001,673.547,684.897,702.607,679.58,674.468,-838,-796,-843,-833,-828,-797,-865,-874,-855,-802,-809,-842,-746,-848,-904,-775,-835,-859,-848,-848,-811,-777,-822,-827,-836,-838,-806,-829,-837,-774,-807,-770,-858,-833,-775,TRUE
231709,"2026-06-22T21:04:15Z","2026-06-22T21:04:07Z","2026-06-22T21:03:14Z",6636,-36.41423889,-54.645554638815,-54.5511757652964,-43.2952150941502,-43.2947498394469,-43.7573086196032,-43.7568460647677,-43.9083333321632,-43.906638375774,-44.0249080459734,-44.0252502250982,-44.111680578813,-44.1120730096745,-44.2298487832843,-44.230092053507,-44.3177311502505,-44.317439039237,-44.3790097866802,-44.3790824052273,-44.4359320884502,-44.4357800829178,-44.4799256011141,-44.4801717480986,-44.5091165749235,-44.5084758942978,-53.7144112281985,-53.6827123418048,-51.2534487667059,-51.2342913294353,-49.5611781062571,-49.552497162713,-48.318037864064,-48.3092262562435,-46.9315314591001,-46.9271146730955,-44.880544939524,-44.8738220775611,-43.6944931616244,-43.6927649243424,-43.0772946887796,-43.0757873422097,-42.8961394328873,-42.8955307411722,-42.9619235820216,-42.961408462264,-43.1384191247772,-43.1383956177441,-43.3355664210807,-43.3357498534395,-43.5221842388837,-43.5230111657842,-53.0771935483524,-53.0768031657692,-51.9618425949212,-51.9614242280765,-51.3791450101866,-51.3807977335526,-50.8737580537347,-50.8758407897558,-50.0299361208802,-50.0285342448578,-49.3510315761576,-49.3513453498371,-48.8596233341576,-48.8596790562039,-48.2656945444761,-48.2643536049027,-47.4544341304109,-47.4527461821413,-46.7591225075317,-46.7557791962008,661.261,672.063,678.379,673.216,673.35,674.607,682.909,678.389,683.994,675.141,683.408,686.004,673.791,671.16,689.404,686.337,668.486,670.774,667.751,666.562,667.962,665.77,670.445,667.487,670.069,664.286,679.851,688.073,678.598,673.508,670.274,683.127,701.494,676.926,671.81,-844,-788,-844,-832,-827,-799,-865,-873,-857,-807,-812,-842,-754,-844,-899,-767,-829,-864,-843,-851,-801,-783,-817,-831,-830,-839,-811,-823,-838,-777,-807,-768,-865,-837,-782,TRUE
231709,"2026-06-23T09:04:23Z","2026-06-23T09:04:12Z","2026-06-23T09:03:14Z",6636,-36.40655163,-57.4587873375067,-57.365429915696,-43.3356976132906,-43.3367078825225,-43.7615595809699,-43.7610457234778,-43.9122972375195,-43.9107585804504,-44.0266675149388,-44.0273926423956,-44.1139822189559,-44.1146784546172,-44.2292667816524,-44.2295743641102,-44.3170351841342,-44.316778236821,-44.3785684714291,-44.3786220421133,-44.4359136334349,-44.4357340315998,-44.4800004013854,-44.480200486053,-44.5092904155929,-44.5086469694524,-54.1103476253777,-54.0777425276535,-51.5691237736686,-51.5482709004319,-49.5954238531118,-49.5857031799819,-48.2969317394149,-48.2882475815044,-46.9477541023012,-46.9434076784105,-44.9043119988343,-44.8975178454425,-43.7105521171963,-43.7088990993579,-43.0899286085467,-43.0883280238193,-42.9043936680894,-42.9037180804906,-42.9661505809286,-42.9656258190407,-43.1398557445872,-43.1399445390507,-43.3355598219273,-43.3356312017251,-43.5214268987643,-43.5221892907775,-53.5308821266808,-53.5304214369659,-52.3681246294108,-52.3676221599625,-51.7300136815882,-51.731806301762,-51.1520742988938,-51.1544359869629,-50.1378885527116,-50.1363491296295,-49.3579479880288,-49.3583884270815,-48.8376050160882,-48.8376580579334,-48.2491808588204,-48.2479426680408,-47.4621301693531,-47.4604428182666,-46.782743674469,-46.7794708271047,657.415,668.279,675.724,669.486,669.627,670.857,679.261,674.632,681.672,671.39,679.627,682.538,671.294,667.922,686.982,682.738,665.94,667.872,664.29,662.853,664.234,662.061,666.695,663.748,666.326,661.556,677.275,685.558,676.092,671.372,666.284,679.923,699.62,673.268,668.168,-837,-789,-841,-831,-822,-798,-869,-871,-859,-809,-806,-837,-756,-850,-898,-775,-831,-859,-840,-849,-807,-783,-816,-831,-840,-834,-805,-826,-829,-776,-812,-763,-872,-832,-777,TRUE
231709,"2026-06-23T21:05:03Z","2026-06-23T21:04:10Z","2026-06-23T21:03:14Z",6532,-36.42174312,-58.7369251381689,-58.6373513129409,-43.3786080827833,-43.3793924867746,-43.7751346051642,-43.7738893826854,-43.9195068655225,-43.9182447309227,-44.027985058396,-44.0288932431959,-44.113349150698,-44.1144496225943,-44.2274474614564,-44.2277861986641,-44.3157668248385,-44.3153392272709,-44.3780837053326,-44.3779757467132,-44.4358190732916,-44.4355910642776,-44.4802062917609,-44.4802818909824,-44.5098053056206,-44.5092406059759,-54.9369251237037,-54.8955799862099,-51.8873613882361,-51.8639562883409,-49.6567885939221,-49.64604722783,-48.2863493330414,-48.2777009314969,-46.9607139014231,-46.9565496659043,-44.9280392263668,-44.9212769678546,-43.726928338316,-43.725212966034,-43.1025864470978,-43.1009986978629,-42.912726518586,-42.9120837146383,-42.9706825019039,-42.9700819542787,-43.1416299573194,-43.1415927077837,-43.3356918048634,-43.3357762204571,-43.5208539485853,-43.5215843840895,-54.2311282702799,-54.2308524412107,-52.8249080558261,-52.8243554566261,-52.0893063204956,-52.0912876770487,-51.4333377127856,-51.4359849993049,-50.271605354485,-50.2699913657339,-49.3906996703295,-49.3912972532931,-48.832432833485,-48.8325453192202,-48.2391893982306,-48.2379182022377,-47.4681274247015,-47.4665233284053,-46.802473978394,-46.7992544983111,653.3,661.475,671.002,662.776,662.908,664.11,672.741,667.857,677.455,664.642,672.81,676.371,666.991,662.519,682.875,676.056,661.34,662.46,658.256,656.202,657.562,655.426,659.996,657.071,659.64,656.072,672.629,681.518,672.038,667.677,659.925,673.296,695.973,666.654,661.611,-848,-789,-846,-833,-827,-794,-863,-873,-849,-811,-810,-836,-757,-848,-900,-771,-830,-869,-841,-851,-803,-788,-814,-836,-836,-842,-808,-819,-830,-779,-815,-764,-866,-831,-776,TRUE
231709,"2026-06-24T09:05:10Z","2026-06-24T09:05:03Z","2026-06-24T09:03:14Z",6619,-36.42027888,-64.1059351521407,-64.004475061933,-43.3390245869883,-43.3408075138675,-43.7657451591258,-43.76501639346,-43.912714294055,-43.9115411663077,-44.0243734338657,-44.0253649039944,-44.1100929790673,-44.1112667472622,-44.2263051085596,-44.2267030015988,-44.316347400466,-44.3160353369828,-44.3782109388011,-44.3782001256488,-44.4357913048094,-44.4355967697422,-44.480150417641,-44.4803366909351,-44.5096230716392,-44.5089629886272,-56.1363094305802,-56.0812702121634,-52.3029525848031,-52.2756074947695,-49.7396178644931,-49.7277567992181,-48.2870581714874,-48.2783041546884,-46.9722686335558,-46.9682040518042,-44.9516880107961,-44.9448285886181,-43.743346356079,-43.7416277097142,-43.1153410302548,-43.1137264134802,-42.9211379527735,-42.9204947052083,-42.9752804331963,-42.9747104130505,-43.1434372189647,-43.1434592557356,-43.3359227743386,-43.3360398900315,-43.5202941647537,-43.5211372755038,-55.1919550947349,-55.1918296937181,-53.435345454938,-53.4348802386666,-52.5499123034671,-52.552308581122,-51.7753398864865,-51.7782724850789,-50.4303959854534,-50.4287522527246,-49.4438999054095,-49.4446579026138,-48.8427522288331,-48.8429005855179,-48.2366680589941,-48.2354648833772,-47.4740115468256,-47.4723655493901,-46.8194004534938,-46.81621675118,646.567,654.038,665.657,655.29,655.4,656.565,665.481,660.268,672.609,657.074,665.166,669.433,661.646,655.683,678.098,668.516,656.033,656.338,651.504,648.743,650.076,647.983,652.478,649.58,652.143,649.266,666.939,676.687,667.278,663.333,653.146,665.57,691.588,659.182,654.212,-843,-789,-847,-833,-827,-801,-865,-872,-855,-806,-810,-841,-760,-846,-899,-774,-838,-862,-845,-847,-812,-781,-821,-832,-834,-840,-804,-827,-831,-770,-802,-761,-865,-830,-781,TRUE
231709,"2026-06-24T21:04:15Z","2026-06-24T21:04:04Z","2026-06-24T21:03:14Z",6610,-36.41454394,-60.6189376159445,-60.5259229765181,-43.3239308144125,-43.3286496835714,-43.7515520963885,-43.7513918316807,-43.9077062232733,-43.9071007330262,-44.0239792132116,-44.0254747627406,-44.1128922607628,-44.1143663758748,-44.2272168730529,-44.2277913615381,-44.3163809507628,-44.3161434121501,-44.3781159346535,-44.3782409615846,-44.4357036323603,-44.4355823965757,-44.4800544425578,-44.4803192927783,-44.5094075281185,-44.5087959476936,-56.7271070859183,-56.6843040919248,-52.8626817864341,-52.8304620786379,-49.8489620678601,-49.8358468814107,-48.2991513172477,-48.2901938865875,-46.9842058260986,-46.9801717933547,-44.9750265134549,-44.9681471390093,-43.7597733864638,-43.7579924822344,-43.127662677083,-43.1260872307557,-42.9292692309167,-42.9286321993029,-42.9795330464966,-42.9789733324974,-43.1448935820599,-43.1448955328432,-43.3358303866498,-43.3359805644727,-43.5194446011753,-43.5202430490432,-56.0735873188549,-56.0732895251704,-54.2275973011466,-54.2271620839627,-53.1728713402393,-53.1758460432367,-52.2295928518513,-52.2330419845693,-50.6324274236047,-50.6307048561737,-49.5189278329808,-49.5198070062723,-48.8677856336683,-48.8680087439071,-48.2423145412796,-48.2411746881512,-47.4813803352965,-47.4797790083017,-46.8348044871279,-46.8316950824344,644.352,651.66,663.712,652.905,653.015,654.17,663.084,657.865,670.923,654.673,662.751,667.115,661.027,651.196,675.791,666.225,654.179,654.579,649.208,646.362,647.681,645.593,650.063,647.174,649.728,648.5,664.058,674.012,664.857,661.494,651.028,662.549,689.822,656.82,651.907,-846,-787,-839,-829,-826,-800,-865,-869,-855,-812,-807,-843,-758,-848,-894,-772,-831,-867,-840,-851,-807,-787,-817,-828,-830,-842,-806,-818,-828,-774,-813,-755,-855,-822,-788,TRUE
231709,"2026-06-25T09:04:18Z","2026-06-25T09:04:12Z","2026-06-25T09:03:14Z",6628,-36.41521505,-59.3826283741732,-59.2878674678732,-43.427845224754,-43.4274508178438,-43.7456090795074,-43.7461331685757,-43.8978395759498,-43.8957989779233,-44.0271389215405,-44.0270007847381,-44.1178840002038,-44.1177677874902,-44.2300854439539,-44.2302741416047,-44.3156792264602,-44.3157148148017,-44.3766655715744,-44.3772292448098,-44.4355122743934,-44.4356153656743,-44.4799379095151,-44.4802519745106,-44.5096141335419,-44.5089517871174,-56.9922246936532,-56.951652020428,-53.297232015009,-53.2644791300155,-49.9949149623902,-49.9802971882301,-48.323166197931,-48.313976118018,-46.9974942260097,-46.9934472739358,-44.9977265724638,-44.9908397744973,-43.7759015766324,-43.7741762466232,-43.1395384089224,-43.1378959457064,-42.9369278502262,-42.9361907945019,-42.9832679376514,-42.9826516881533,-43.1458600587363,-43.145868475901,-43.3352364625696,-43.3353675304557,-43.5181537699521,-43.5189082615035,-56.4375587563135,-56.4373355316759,-54.7129832577902,-54.7126535278709,-53.6758121873369,-53.6787525881685,-52.6905595314566,-52.6941733975305,-50.8940833074315,-50.8922620003975,-49.6266817284466,-49.6277651350868,-48.9119392032881,-48.9121490446277,-48.261294017904,-48.2599896081318,-47.4944624264445,-47.4929266064441,-46.8520152514854,-46.8488657796591,649.294,658.019,667.881,659.229,659.339,660.505,669.011,664.222,674.69,660.979,669.141,672.628,664.575,653.139,677.88,672.833,658.29,660.221,654.502,652.643,653.97,651.824,656.373,653.447,656.021,651.969,666.587,676.106,666.929,664.112,656.73,667.693,692.731,663.292,658.393,-839,-790,-850,-832,-819,-805,-868,-869,-856,-803,-804,-837,-757,-855,-902,-770,-827,-865,-839,-845,-810,-788,-813,-827,-833,-832,-806,-819,-832,-777,-811,-765,-873,-831,-780,TRUE
231709,"2026-06-25T21:04:10Z","2026-06-25T21:04:02Z","2026-06-25T21:03:14Z",6636,-36.42308534,-60.9567865954302,-60.8635432609007,-43.3437420926844,-43.3431430571349,-43.7394301097448,-43.739292389791,-43.9021916015613,-43.9002286405033,-44.0290030210269,-44.0291991817097,-44.1211121296655,-44.1214366966035,-44.232773657017,-44.2329667979684,-44.3157049768804,-44.3155460582816,-44.3776513612024,-44.3778653917406,-44.435364771197,-44.435321420401,-44.4796836388753,-44.4799834450487,-44.5093202692285,-44.508588298311,-57.2472165775666,-57.2055714153373,-53.6300669973433,-53.5975928011612,-50.1673370521929,-50.1513594234847,-48.3608420365189,-48.351278573062,-47.0131900822575,-47.0092571492804,-45.0200463303711,-45.0131389955617,-43.7921568006233,-43.7903953698211,-43.1512001071586,-43.1495700035101,-42.9442999409163,-42.943595717709,-42.9867903351494,-42.9861837641568,-43.1467272270769,-43.1466560853198,-43.334484150725,-43.3346556125659,-43.5166653304083,-43.5174879646489,-56.6768402299137,-56.6764756222763,-55.0576254936906,-55.0573522965813,-54.0532642728074,-54.0561804665943,-53.0660986115926,-53.0699854949671,-51.164968288971,-51.163015374736,-49.7616662930145,-49.7629851501508,-48.9762592834737,-48.9764971241566,-48.2916650133339,-48.2903849236196,-47.5118776413412,-47.5102977266665,-46.8695569896029,-46.8664428583859,653.819,666.239,673.517,667.426,667.577,668.803,676.724,672.585,679.965,669.305,677.591,680.08,669.242,656.834,681.319,681.441,664.089,667.65,661.604,660.858,662.19,659.973,664.617,661.648,664.238,656.723,670.543,679.614,670.501,668.127,664.335,674.258,697.156,671.729,666.808,-837,-786,-841,-829,-826,-799,-872,-876,-852,-803,-811,-842,-753,-852,-896,-771,-836,-865,-839,-854,-810,-788,-819,-828,-832,-842,-813,-829,-833,-774,-815,-761,-868,-830,-787,TRUE
231709,"2026-06-26T09:04:20Z","2026-06-26T09:04:10Z","2026-06-26T09:03:13Z",6636,-36.43479926,-63.1442991839228,-63.0504568773492,-43.3654332740573,-43.3669814583933,-43.7388334440206,-43.7389980489388,-43.9059615732501,-43.9045676475143,-44.0292724561676,-44.0300742231623,-44.1235149031677,-44.1242941659883,-44.2339694451848,-44.2344159563226,-44.3162622967344,-44.3161576012889,-44.3773428776126,-44.3776740964909,-44.4352769725137,-44.4352262567958,-44.4795332794003,-44.4798328038028,-44.5090840588463,-44.5084484544605,-58.0128932710945,-57.9626105171013,-53.9566817173605,-53.922857521982,-50.347210157818,-50.3300838800326,-48.4120173668706,-48.4020270184546,-47.0317765159717,-47.0278204141876,-45.0419153357519,-45.0350322885685,-43.808643719185,-43.8069053108819,-43.1630845885659,-43.1613941348613,-42.9519965165617,-42.9512587036985,-42.9906574424775,-42.9900276532437,-43.1477466308835,-43.1477348954743,-43.334028799733,-43.3341480366093,-43.5155127540316,-43.5162254523168,-57.1625122597903,-57.1621816384687,-55.4128128430815,-55.4123782077329,-54.3816664274133,-54.3846150516331,-53.3811030967496,-53.3850078706353,-51.4173613430682,-51.4153506568444,-49.9099366937671,-49.9113927237718,-49.0574163345401,-49.0577320847951,-48.3324735709551,-48.3310392074394,-47.5336363762147,-47.5319904414725,-46.8881352887074,-46.8850181384224,655.631,670.567,676.539,671.763,671.938,673.184,680.771,677.001,682.869,673.683,682.041,684.017,671.494,657.8,682.896,686.024,667.311,671.806,665.362,665.183,666.515,664.252,668.949,665.948,668.557,658.12,672.079,681.333,672.33,670.317,668.404,676.904,699.387,676.194,671.291,-841,-791,-845,-833,-830,-796,-863,-868,-854,-804,-810,-848,-759,-849,-901,-772,-833,-863,-841,-848,-807,-790,-821,-826,-841,-839,-803,-829,-838,-768,-816,-754,-864,-827,-780,TRUE
231709,"2026-06-26T21:04:26Z","2026-06-26T21:04:16Z","2026-06-26T21:03:14Z",6636,-36.42125504,-63.7367817808371,-63.6371630138554,-43.3671576679698,-43.3680842411549,-43.7500305131794,-43.749364264006,-43.9109750296028,-43.9095002342778,-44.029342118025,-44.0300372535311,-44.1219148267831,-44.1226383295523,-44.2332133186197,-44.2335278754622,-44.3155578218903,-44.315192774453,-44.3778379653969,-44.377877965546,-44.4353187510512,-44.435173572197,-44.4796507016353,-44.4798839632016,-44.5091167469965,-44.5084046005783,-59.0144727222706,-58.9568862743942,-54.392480450471,-54.3552730393354,-50.528731832201,-50.5106843343508,-48.4752106209022,-48.4646529517057,-47.0541447689579,-47.0500287809074,-45.0633082548368,-45.0564685165556,-43.8253032584917,-43.8235159344378,-43.1751057291432,-43.1734145864233,-42.9598049934442,-42.959073430487,-42.9946901180111,-42.9940571712332,-43.1491102228363,-43.1490254719909,-43.3337978233382,-43.3338711752884,-43.5144194339454,-43.5152062186135,-57.911933356847,-57.9115983186736,-55.9270185265834,-55.9266176383569,-54.793518390343,-54.7966367024167,-53.7217547248631,-53.7257948217977,-51.6567660310259,-51.6548346203971,-50.0608108348393,-50.0624855039559,-49.1498450480604,-49.150261746445,-48.3831684840003,-48.3817744533592,-47.5601930411877,-47.5585902526797,-46.908121270024,-46.905012944763,658.139,672.899,678.297,674.188,674.371,675.62,682.981,679.462,684.57,676.132,684.533,686.239,672.79,656.756,683.516,688.664,669.274,674.382,667.503,667.613,668.939,666.652,671.38,668.361,670.977,658.376,672.084,681.854,673.154,671.564,670.688,678.279,700.538,678.744,673.865,-840,-785,-850,-835,-834,-798,-868,-874,-855,-804,-813,-845,-755,-853,-897,-775,-835,-868,-832,-845,-811,-781,-812,-828,-837,-839,-805,-819,-827,-775,-818,-768,-863,-829,-788,TRUE
231709,"2026-06-27T09:04:11Z","2026-06-27T09:04:02Z","2026-06-27T09:03:13Z",6628,-36.44029016,-58.6078149555376,-58.5096206691914,-43.4162514726732,-43.4151512850252,-43.7716836721242,-43.7701756262321,-43.9197346760586,-43.9182185469263,-44.0297172794276,-44.0303354385589,-44.1163881854184,-44.1171205240234,-44.2288509191178,-44.2290987801222,-44.3144552876001,-44.3139603692577,-44.3775581877252,-44.3773654896228,-44.4354411755504,-44.4352076323042,-44.4799958051265,-44.4800782468513,-44.5096061000793,-44.5089585549698,-59.0880400528598,-59.0464632646117,-54.8686085445589,-54.8293657734022,-50.7190434934403,-50.6999109239247,-48.5474072084252,-48.5363961164492,-47.0804997269828,-47.0763263056377,-45.084489266064,-45.0776283063228,-43.8423054253412,-43.8404956164092,-43.1875346256934,-43.1858760853504,-42.9680506186841,-42.9673783900643,-42.9992464571186,-42.9986307186002,-43.1509172670826,-43.1508719425889,-43.3340024024734,-43.3340623415674,-43.513826662282,-43.5146078222938,-58.3996066444004,-58.3989551261855,-56.4695724223264,-56.4691008435448,-55.2727726363148,-55.2762264980092,-54.1193751708738,-54.1236047095119,-51.906285527958,-51.9042601325488,-50.21302949808,-50.2149113731294,-49.2484607687206,-49.248869325191,-48.4404375895913,-48.4391035216584,-47.5907115966517,-47.589149079127,-46.9293440128866,-46.9263130856295,656.723,668.165,675.267,669.56,669.725,670.937,678.478,674.759,681.869,671.445,679.803,682.086,671.799,652.768,680.465,684.051,666.448,671.04,663.564,662.994,664.299,662.039,666.711,663.707,666.322,657.267,669.253,679.05,670.357,669.233,666.886,673.51,697.777,674.084,669.308,-842,-790,-848,-840,-828,-805,-868,-873,-849,-809,-810,-843,-750,-847,-898,-764,-833,-856,-841,-849,-802,-781,-812,-832,-839,-843,-809,-826,-838,-775,-809,-763,-867,-831,-782,TRUE
231709,"2026-06-27T21:04:15Z","2026-06-27T21:04:07Z","2026-06-27T21:03:13Z",6628,-36.44157137,-57.2260965529169,-57.1062848192456,-43.3473968881017,-43.3474862328725,-43.7552050366634,-43.7545072165,-43.9076289359844,-43.9062171720267,-44.0247340426391,-44.0253561502591,-44.1120018859465,-44.1128405917397,-44.2279324194594,-44.2282596084635,-44.3155758163645,-44.3152852968774,-44.3778324972297,-44.3778794708694,-44.435451327066,-44.4352395873925,-44.4798800278695,-44.480086650033,-44.5091580004405,-44.5084759150927,-58.7965768270461,-58.7617416864284,-55.1322374953452,-55.0954186185883,-50.9242858992424,-50.9040403905322,-48.6276499448148,-48.6161998583195,-47.1108256651822,-47.1065902873906,-45.1051627144166,-45.0983252959576,-43.8592574545935,-43.8574447893576,-43.2000139549151,-43.1982821779904,-42.9764146105279,-42.9757353234671,-43.0039748764412,-43.0032968460362,-43.1528698749344,-43.152804390747,-43.3343191688604,-43.3343589777588,-43.513299749555,-43.514075179143,-58.3576032040069,-58.3569963008279,-56.7043008327484,-56.7039414092065,-55.6006651900792,-55.6038916808261,-54.4742686602935,-54.4785774589771,-52.1806619506027,-52.1785501517558,-50.3828669369211,-50.3848787396928,-49.3575734472812,-49.3581704305887,-48.5083722737224,-48.5069195789399,-47.6295374574364,-47.6279216556154,-46.9558518000509,-46.9527696042047,653.825,662.463,671.122,663.775,663.91,665.091,672.85,668.881,678.19,665.586,673.886,676.795,668.654,650.005,676.486,678.277,662.558,666.649,658.591,657.255,658.539,656.314,660.933,657.95,660.556,655.193,666.792,676.131,666.872,666.025,661.499,668.491,693.696,668.27,663.646,-835,-795,-846,-834,-831,-801,-868,-874,-854,-807,-812,-835,-756,-849,-904,-773,-836,-862,-839,-849,-816,-782,-817,-828,-839,-840,-806,-829,-837,-770,-806,-763,-862,-831,-782,TRUE
231709,"2026-06-28T09:04:16Z","2026-06-28T09:04:05Z","2026-06-28T09:03:14Z",6636,-36.42997947,-54.0429918242146,-53.9475389473713,-43.3529872074971,-43.3525793918321,-43.7289578765436,-43.7291605722676,-43.8897802107235,-43.8876717393378,-44.0232526244819,-44.0232398939169,-44.1141967383538,-44.1142584064174,-44.2276653280149,-44.2278462975469,-44.315661558684,-44.3155137723097,-44.3771847270703,-44.3774763769051,-44.4356289536218,-44.4356577687206,-44.4797340772867,-44.480021246434,-44.5091529394708,-44.5084032660225,-58.0409751055093,-58.0203881456327,-55.2317454121336,-55.1986342054528,-51.1321707675465,-51.1110749952092,-48.7179449991358,-48.7059654213069,-47.1460738603585,-47.14162158428,-45.1255026287441,-45.1186435071276,-43.8757015772691,-43.8738792159489,-43.2117833807139,-43.2101169565908,-42.984180151596,-42.9833810201195,-43.008000046073,-43.0073122194864,-43.154114216781,-43.1541080975458,-43.3340222004191,-43.3340557496364,-43.5122524977068,-43.5129901517153,-58.0111639912532,-58.0103269960667,-56.7211283299035,-56.7208091205064,-55.7557312748264,-55.7586582423542,-54.7117302608767,-54.7159263197404,-52.4415554569115,-52.4394877334341,-50.5675978960177,-50.5698024792229,-49.4827937949316,-49.4834017696421,-48.5921274708411,-48.5904903888239,-47.6786318565909,-47.6768554617354,-46.9885279651173,-46.9852654455922,658.064,667.021,674.092,668.283,668.409,669.597,676.988,673.401,680.873,670.06,678.431,680.719,671.702,653.424,677.719,683.022,665.552,670.726,662.437,661.675,662.962,660.685,665.362,662.353,664.973,659.63,669.75,678.193,668.486,667.792,664.309,673.623,695.19,672.796,668.238,-836,-793,-844,-830,-833,-803,-868,-866,-855,-802,-810,-839,-763,-855,-894,-769,-836,-860,-844,-848,-806,-786,-816,-831,-835,-839,-811,-828,-838,-772,-809,-765,-873,-833,-781,TRUE
231709,"2026-06-28T21:04:06Z","2026-06-28T21:03:57Z","2026-06-28T21:03:14Z",6628,-36.41070031,-57.4452940186515,-57.3477929588872,-43.3981374403668,-43.3977664850213,-43.724929547889,-43.7253020635769,-43.8830976317868,-43.8811759548839,-44.021432448017,-44.0214876612846,-44.116740353372,-44.1170047480361,-44.2285411243134,-44.2287359413737,-44.3142403102607,-44.3142637313887,-44.3768867916463,-44.3773273243832,-44.4353722164817,-44.4353575563987,-44.4797132313403,-44.4800594638403,-44.5095507280225,-44.5087768707884,-57.694500218855,-57.6681706069692,-55.1524360824011,-55.1239399794008,-51.3216785528626,-51.3002775862147,-48.817102682229,-48.8044722593557,-47.1863208059754,-47.1817167733739,-45.1458628286393,-45.1390270166847,-43.8921939577274,-43.8902768904353,-43.2234911061348,-43.2217907816461,-42.9916460900763,-42.990939501431,-43.0118459254978,-43.0111680583341,-43.1552195421258,-43.1551669256037,-43.3335074518161,-43.3335811288017,-43.5109351755908,-43.5117407035866,-57.59131954662,-57.5906023794278,-56.5161896155793,-56.5158315608514,-55.7092153010328,-55.7116767754799,-54.7955391837308,-54.7993779237415,-52.6477465328961,-52.645678998363,-50.7461676984894,-50.7483848669969,-49.615842116593,-49.6164870805964,-48.6839749205066,-48.6822600953812,-47.7337054058059,-47.7319143147552,-47.0247046731242,-47.0214361269955,661.816,674.482,679.282,675.763,675.904,677.125,683.98,680.972,685.637,677.584,686.064,687.435,675.125,659.175,680.892,690.881,670.829,677.39,668.973,669.111,670.405,668.063,672.825,669.772,672.415,664.129,674.53,682.235,672.105,671.376,669.944,681.406,698.706,680.431,675.9,-841,-789,-850,-829,-838,-794,-873,-879,-860,-814,-810,-845,-753,-845,-902,-771,-832,-865,-845,-839,-806,-780,-815,-835,-836,-839,-805,-826,-830,-778,-812,-768,-866,-835,-782,TRUE
231709,"2026-06-29T09:04:59Z","2026-06-29T09:04:54Z","2026-06-29T09:03:14Z",6636,-36.43309098,-56.6290208948142,-56.5354652342856,-43.3461424767088,-43.3458487492789,-43.7355779868163,-43.7350278327317,-43.9015219428591,-43.8997775633608,-44.0270471075099,-44.0274601991873,-44.1216931473807,-44.1222099459602,-44.2340267812406,-44.2342836889608,-44.3149440077733,-44.3146331797832,-44.3776303711312,-44.3777671822971,-44.4351576292593,-44.4350145714011,-44.4794720991315,-44.479719174006,-44.5089809335126,-44.5082525486536,-57.7162359416343,-57.6909573062724,-55.13137423728,-55.1034990552745,-51.475903588081,-51.4546351083048,-48.9209531980934,-48.907847240401,-47.2312907036059,-47.2264930973676,-45.1665389180904,-45.15964938155,-43.9086757329812,-43.9067948283717,-43.2352296929537,-43.233568233814,-42.9993168098285,-42.9985434970163,-43.0157777568173,-43.0150900145102,-43.1564175073056,-43.1564110255488,-43.3331048890903,-43.3331922007536,-43.5097824966229,-43.5105241124173,-57.6089385304584,-57.6081492746592,-56.4780965501548,-56.4777559425336,-55.6807425556241,-55.6830707978962,-54.8122375807102,-54.8158249682997,-52.784242842478,-52.7821925878522,-50.9033009516575,-50.9056006077428,-49.7477566525625,-49.748341598172,-48.7790077958847,-48.7772649421643,-47.7927875813147,-47.7908667213613,-47.0640070417476,-47.0607684133156,665.85,680.213,683.201,681.523,681.722,682.985,689.374,686.891,689.44,683.477,692.046,692.753,679.154,662.711,683.636,697.116,675.168,682.755,674.199,674.946,676.24,673.842,678.678,675.592,678.254,667.722,677.667,685.33,675.218,674.433,675.219,687.189,701.486,686.441,681.947,-843,-794,-846,-831,-826,-799,-875,-875,-858,-806,-810,-843,-757,-851,-901,-774,-832,-859,-835,-853,-812,-780,-817,-834,-836,-841,-814,-822,-833,-768,-812,-759,-865,-832,-783,TRUE
231709,"2026-06-29T21:04:19Z","2026-06-29T21:04:08Z","2026-06-29T21:03:14Z",6628,-36.43955804,-55.5624330195712,-55.4699226391029,-43.3736027842298,-43.3732106466465,-43.7247420188845,-43.7250362348176,-43.8880988239372,-43.886410127279,-44.0240810576414,-44.0243454655301,-44.1190284723152,-44.1194434049632,-44.2305906336619,-44.2309083892297,-44.3145963256884,-44.3145899150892,-44.3772169104862,-44.3776253754776,-44.4352195457284,-44.4352686291475,-44.4795433804792,-44.4798762360493,-44.509241899291,-44.5085835117775,-57.612479948774,-57.588526176542,-55.1321334144379,-55.105451864072,-51.5997311102775,-51.5788264598764,-49.0246155087642,-49.0112203933412,-47.2805194245061,-47.2755553126386,-45.1874471344048,-45.1805425583335,-43.9252057348747,-43.923354474495,-43.2470652028668,-43.2452773715326,-43.0069799364561,-43.0062394285818,-43.019815412889,-43.0191245238649,-43.1577610540797,-43.1577212741318,-43.3328079149444,-43.3329087432193,-43.5087088399284,-43.5094784832917,-57.5190188889541,-57.5181606903247,-56.4411331461725,-56.4407670826893,-55.6801535053948,-55.6824328350375,-54.8462300060418,-54.8496877269753,-52.8878430075083,-52.8858012344291,-51.0370115896478,-51.039248044286,-49.872895254483,-49.8735547204072,-48.8763782325146,-48.8745576363627,-47.8563468568577,-47.8544556073736,-47.1070916496998,-47.1037739126497,669.448,685.057,686.74,686.329,686.511,687.778,693.819,691.695,692.627,688.242,696.884,697.059,682.381,665.816,685.926,702.218,678.729,687.161,678.466,679.649,680.938,678.494,683.38,680.266,682.942,670.922,680.495,687.898,677.722,676.926,680.153,691.179,703.578,691.233,686.796,-843,-786,-847,-831,-823,-797,-866,-881,-860,-808,-809,-833,-759,-847,-902,-774,-836,-860,-838,-852,-815,-777,-819,-825,-845,-840,-805,-830,-833,-776,-811,-770,-868,-827,-777,TRUE
231709,"2026-06-30T09:04:09Z","2026-06-30T09:04:03Z","2026-06-30T09:03:13Z",6628,-36.44035117,-36.9789162120674,-36.8908849049063,-43.355410862199,-43.3549397203204,-43.73586248293,-43.7357055130527,-43.8974533241716,-43.8955369780672,-44.0260356639673,-44.0263025163165,-44.1174500840557,-44.1176521425673,-44.2305874925849,-44.2307606055255,-44.3156433775304,-44.3154348470804,-44.3777330468377,-44.3779344864965,-44.4353363493403,-44.4352787259132,-44.4794980289545,-44.4797974326065,-44.5089292335268,-44.5082480519892,-55.2434367342379,-55.276305480922,-55.0310773985233,-55.0089607345367,-51.7040257665782,-51.6834927430822,-49.1241991131373,-49.110397190006,-47.3330855055601,-47.3279250391816,-45.2086900640716,-45.2017448928915,-43.9418231359467,-43.9399296527438,-43.2590900733699,-43.2574337940461,-43.0149406136076,-43.0141599254077,-43.0241444934192,-43.0235170603469,-43.1594090102752,-43.159355737485,-43.3328343127028,-43.3329285193674,-43.507885471432,-43.5086695887533,-56.5444689973184,-56.5429174664216,-56.2139587994147,-56.2133962668187,-55.6180854217807,-55.6200196004525,-54.8614211401687,-54.864626882503,-52.9784912909742,-52.9762303691357,-51.1581641959604,-51.1605030726895,-49.9921056502852,-49.9925184976877,-48.9764108742878,-48.9744938888367,-47.9258362810738,-47.9237835511431,-47.1551603695826,-47.1517418901223,676.162,686.184,687.719,687.488,687.681,688.944,694.835,692.881,693.585,689.424,698.092,698.194,685.371,669.572,686.576,703.761,679.998,688.685,679.77,680.86,682.145,679.679,684.6,681.478,684.163,678.369,683.64,689.276,678.626,677.793,681.981,691.342,703.747,692.516,688.204,-842,-791,-847,-833,-830,-795,-868,-872,-856,-811,-815,-844,-748,-840,-899,-771,-831,-853,-841,-844,-810,-786,-815,-831,-828,-845,-810,-824,-829,-773,-816,-761,-867,-837,-788,TRUE
231709,"2026-06-30T21:04:09Z","2026-06-30T21:04:03Z","2026-06-30T21:03:14Z",6628,-36.45950831,-32.8554340686568,-32.7695579103884,-43.3850577578345,-43.3856465558895,-43.7497516378231,-43.7489476644608,-43.9091854734341,-43.9077290840008,-44.0296811203779,-44.030290627743,-44.1217744357055,-44.1224918247544,-44.233428685791,-44.2337301785698,-44.3154707261283,-44.3151642019044,-44.378002042591,-44.3780680664441,-44.4351732278987,-44.4350151252566,-44.4794821599097,-44.4796765642372,-44.5088257490206,-44.5081789782029,-51.3424296790994,-51.4058312836936,-54.2070955344157,-54.2029879201855,-51.7867295832922,-51.7668569501472,-49.2194484628075,-49.2055051267651,-47.3886330970318,-47.3832651161472,-45.2305884890932,-45.2236094712904,-43.958390702111,-43.9565334295837,-43.2711786998698,-43.26942266181,-43.0229466877797,-43.0221324619317,-43.0285925880603,-43.0278893795603,-43.1611694293439,-43.1610695618699,-43.3329267047703,-43.3330010318577,-43.5072135949327,-43.5079461785392,-53.6083252088168,-53.6064428763617,-54.8247326702858,-54.8242703592297,-54.8831370053153,-54.8834069283228,-54.5484132485208,-54.5504329402817,-53.0178006477971,-53.0162921167613,-51.2626192798294,-51.2648445700793,-50.103091410772,-50.1037799145251,-49.0755198038856,-49.073617191183,-47.9975535311997,-47.9954940183034,-47.2059324433197,-47.2026062166731,674.783,686.03,687.604,687.43,687.633,688.894,694.696,692.848,693.695,689.376,698.064,698.208,683.058,679.576,686.684,703.96,680.317,689.086,679.966,680.78,682.042,679.569,684.481,681.342,684.031,683.439,690.399,692.31,679.539,678.007,682.14,690.018,703.295,692.462,688.226,-845,-787,-850,-838,-825,-799,-871,-872,-856,-813,-814,-836,-757,-847,-902,-770,-833,-860,-838,-849,-808,-784,-818,-831,-833,-843,-813,-828,-832,-773,-810,-762,-861,-826,-780,TRUE
231709,"2026-07-01T09:03:59Z","2026-07-01T09:03:54Z","2026-07-01T09:03:14Z",6628,-36.47634707,-30.7017019482784,-30.6165889854936,-43.4101548654135,-43.4108204477556,-43.7616210525031,-43.7603934257928,-43.9156359723161,-43.914329310104,-44.0304080024773,-44.031261504551,-44.1196669892562,-44.1205440117609,-44.2307773250192,-44.231097115531,-44.3149106514146,-44.3144986457799,-44.3776565178463,-44.3775934439928,-44.4353198175655,-44.4350549048284,-44.4797087996328,-44.4799149986412,-44.5092756594613,-44.508558976326,-48.8020555754077,-48.8705808358817,-52.9457901632091,-52.9567876483482,-51.7905445164959,-51.7726199119128,-49.3068740832178,-49.2928065638559,-47.4450217671099,-47.4395407077002,-45.2529364556898,-45.2459109605957,-43.9750913309275,-43.9732246001255,-43.2835357683897,-43.2817990758692,-43.0312037253048,-43.0304289067143,-43.0334380599849,-43.0326926012872,-43.1633533387128,-43.1631803463717,-43.333401861841,-43.3334756570238,-43.5068644798642,-43.5074989754386,-50.9359360101224,-50.9342361028538,-52.9439983465489,-52.9440270526454,-53.555562106278,-53.554319428092,-53.7173217590795,-53.7181817049613,-52.8740408437169,-52.8724227194001,-51.3253739089789,-51.3275202314904,-50.2003408565058,-50.2008846779381,-49.1670994744479,-49.1650982856356,-48.0685843734032,-48.0665437536183,-47.2585690423202,-47.2551454161027,671.183,681.156,684.417,682.611,682.801,684.031,690.061,687.961,690.866,684.509,693.147,693.953,681.115,685.938,685.068,699.28,677.471,685.613,676.155,675.985,677.239,674.786,679.649,676.524,679.211,680.563,693.379,694.047,679.334,676.334,679.457,685.163,700.365,687.701,683.557,-835,-790,-843,-835,-826,-800,-863,-867,-853,-806,-815,-842,-768,-848,-898,-775,-840,-862,-845,-849,-809,-785,-815,-825,-836,-836,-810,-824,-835,-775,-802,-762,-866,-831,-784,TRUE
231709,"2026-07-01T21:03:58Z","2026-07-01T21:03:53Z","2026-07-01T21:03:14Z",6636,-36.47732323,-29.1178935897046,-29.0329574308685,-43.3457994289411,-43.3453087365537,-43.7551085918269,-43.7542210119359,-43.9059235670609,-43.9043722891511,-44.0244421651861,-44.0249873767599,-44.1118747719179,-44.1126344035225,-44.2282440273391,-44.2285643323542,-44.3156351286173,-44.3152744150304,-44.3779775869049,-44.3779988088205,-44.4352845259989,-44.4351111580263,-44.4797829702015,-44.4800088399638,-44.5092197061076,-44.5085235376038,-46.9553162399636,-47.0210576715846,-51.6750217091471,-51.6958669340468,-51.6718750532957,-51.657211242939,-49.3817161752792,-49.3676948786504,-47.501924892943,-47.4962432594118,-45.2759646068923,-45.2689764358863,-43.9917812933855,-43.9899247108278,-43.295910225723,-43.2941928836213,-43.0396983642062,-43.038836954022,-43.0383759392766,-43.0376612857613,-43.1655504066142,-43.165463089201,-43.3339628065634,-43.3340821173566,-43.5064626658369,-43.5071701476505,-48.6477024289793,-48.6459858104727,-51.1252044584402,-51.1251309491715,-52.1056100139314,-52.1033306349597,-52.6474260738689,-52.6468267296302,-52.5148147243139,-52.5131237715039,-51.3032607389229,-51.3050779964334,-50.2695504206563,-50.2701158787357,-49.2503309260253,-49.2482976400587,-48.1380959315146,-48.1359634623621,-47.3121953200985,-47.3086609814269,665.501,675.04,680.149,676.459,676.613,677.8,684.123,681.691,687.037,678.256,686.831,688.403,676.488,688.357,683.252,693.173,673.517,680.903,671.127,669.811,671.04,668.634,673.433,670.334,673.013,675.219,693.242,694.477,678.627,674.005,676.065,679.783,696.596,681.531,677.496,-840,-794,-846,-829,-825,-798,-870,-876,-853,-808,-811,-840,-755,-846,-903,-772,-831,-866,-840,-849,-816,-783,-813,-834,-838,-839,-807,-830,-840,-772,-811,-767,-873,-835,-780,TRUE
231709,"2026-07-02T09:04:10Z","2026-07-02T09:04:02Z","2026-07-02T09:03:14Z",6636,-36.46567032,-27.4973395521753,-27.4138719422062,-43.345776452485,-43.3470018664129,-43.7430982055895,-43.7430544010256,-43.9016262560183,-43.9002871605244,-44.0257804359302,-44.0265165954279,-44.1146891406476,-44.1155704282307,-44.2287406449796,-44.229186034707,-44.3164217676093,-44.3161796894152,-44.3779776560004,-44.3782643635345,-44.4354368466251,-44.4353051731349,-44.4796287153831,-44.4798687081862,-44.5090118977617,-44.5083138510339,-45.4911510926324,-45.5581802479091,-50.536043034863,-50.5625997090854,-51.4439412413021,-51.4330606066314,-49.4336033997488,-49.4200430385369,-47.5583658304321,-47.5525961492156,-45.2997300898306,-45.2926255123288,-44.0084540759539,-44.0064900728432,-43.3081040248693,-43.3063927307027,-43.0479664150068,-43.0470714861016,-43.0431278600225,-43.0423708836343,-43.1676018157167,-43.1674744802062,-43.3344973492555,-43.334405121042,-43.506034500587,-43.5067097859299,-46.7117859732988,-46.7101152871777,-49.4338212161388,-49.4339748962306,-50.6679052259396,-50.6652483069962,-51.500258393152,-51.4984572329044,-52.0028727924615,-52.0014193113549,-51.18651360606,-51.187422348571,-50.295738199976,-50.2962004559907,-49.3208005083582,-49.3187825228526,-48.2068509196112,-48.204559056629,-47.3677883372383,-47.3643989639275,662.999,671.927,677.805,673.309,673.448,674.619,681.025,678.488,684.975,675.062,683.61,685.529,672.885,689.652,683.273,690.247,671.479,678.569,668.674,666.681,667.892,665.483,670.256,667.165,669.845,671.865,692.415,695.514,679.151,673.035,673.717,676.979,694.365,678.404,674.469,-840,-789,-852,-832,-827,-801,-868,-872,-847,-809,-812,-837,-754,-855,-900,-774,-832,-863,-842,-838,-812,-789,-813,-827,-841,-840,-803,-824,-834,-776,-807,-764,-872,-831,-786,TRUE
231709,"2026-07-02T21:04:02Z","2026-07-02T21:03:52Z","2026-07-02T21:03:14Z",6628,-36.47116122,-29.5855793268212,-29.5029093791294,-43.3176795973223,-43.3171045173276,-43.7333748182367,-43.7330082811779,-43.8954963002063,-43.8935756198047,-44.0241607623599,-44.0243940149497,-44.1141460781621,-44.1144859829519,-44.2291823682838,-44.2293549839089,-44.3163883989632,-44.3161371818952,-44.378148207988,-44.3782136356766,-44.4356475159344,-44.4355559948634,-44.4796694645977,-44.4799099505107,-44.5089109496326,-44.5082215793452,-44.1530423148864,-44.2190219500582,-49.484465293246,-49.5157536927157,-51.1395762542324,-51.1325064026063,-49.4551538483636,-49.4421837321951,-47.6127070784217,-47.606823344411,-45.3242514860376,-45.3171399937615,-44.0248747717793,-44.0229403799127,-43.3200644720154,-43.3182666645855,-43.0558422432703,-43.0549602252691,-43.0474221677031,-43.0467551293705,-43.1692759801821,-43.169128535985,-43.3344511543865,-43.3345105912776,-43.505171574271,-43.5059140100611,-45.0789291875601,-45.0774034719514,-47.9203730765504,-47.9206680443941,-49.3197929380003,-49.3163259608982,-50.361143154561,-50.358762888581,-51.394883710854,-51.3941862859732,-50.9819951309249,-50.9825635660276,-50.2695995450386,-50.2698458731062,-49.3701478682204,-49.3682595821945,-48.2716965713979,-48.2695966158934,-47.4243987318045,-47.4207773489317,664.47,674.665,679.568,676.05,676.2,677.382,683.5,681.278,686.641,677.829,686.425,687.953,673.568,693.326,686.552,693.435,673.465,681.018,671.275,669.443,670.653,668.217,673.017,669.904,672.602,673.87,693.35,698.676,682.472,675.014,674.822,679.501,695.749,681.373,677.465,-843,-793,-845,-834,-826,-801,-867,-869,-850,-803,-808,-840,-758,-845,-899,-776,-836,-866,-839,-843,-815,-782,-821,-823,-833,-846,-797,-832,-838,-778,-811,-766,-867,-833,-796,TRUE
231709,"2026-07-03T09:04:01Z","2026-07-03T09:03:56Z","2026-07-03T09:03:14Z",6636,-36.46170467,-36.7805577092708,-36.6971116421476,-43.3195641527038,-43.3201658530619,-43.7213013040826,-43.7214129129698,-43.8904391051615,-43.888861026464,-44.0232606654929,-44.0238588353714,-44.1168245038715,-44.1173572382621,-44.2302406628433,-44.2305502463202,-44.3155226032879,-44.3153800754486,-44.3778880419948,-44.378187128597,-44.4355414308378,-44.4354830935232,-44.4797395166526,-44.4799737277522,-44.5091286632032,-44.5084916432354,-43.3959820552394,-43.451559065382,-48.5296129685331,-48.5636900169617,-50.7848085259521,-50.7812153270827,-49.4417614653744,-49.4297569511491,-47.6619203304946,-47.6560391140773,-45.3496691462775,-45.3424228646131,-44.0413371564842,-44.0393279463916,-43.3318378933622,-43.3300327409404,-43.0636772965212,-43.062761794473,-43.0517691868099,-43.0509467338455,-43.1708971637698,-43.1707626999686,-43.334464352924,-43.3344974075077,-43.5042625248688,-43.5049866885989,-44.0280260038759,-44.0265414516965,-46.6845064308129,-46.6848119517261,-48.1290774634126,-48.1256628816839,-49.2904742534019,-49.2876314730591,-50.7398458668556,-50.739160322643,-50.7076030103249,-50.7074477049421,-50.1887739366252,-50.1888711665687,-49.3868919446469,-49.3851539000048,-48.325033468662,-48.3227914634306,-47.4782160941191,-47.4746396430724,664.614,678.752,682.323,680.134,680.3,681.505,687.259,685.427,689.218,681.947,690.61,691.618,675.577,696.692,690.754,697.977,676.433,684.542,675.023,673.499,674.706,672.221,677.08,673.95,676.653,676.166,694.068,701.354,686.278,677.701,676.771,683.361,698.364,685.654,681.745,-836,-790,-847,-834,-824,-798,-870,-875,-859,-801,-812,-838,-753,-850,-907,-769,-835,-859,-837,-848,-810,-786,-822,-829,-834,-845,-811,-829,-836,-777,-816,-767,-862,-831,-789,TRUE
231709,"2026-07-03T21:04:00Z","2026-07-03T21:03:49Z","2026-07-03T21:03:14Z",6636,-36.45023479,-45.8287713894793,-45.7399251727247,-43.3756410189578,-43.3750879400817,-43.7208122411523,-43.7207190239246,-43.8851179912679,-43.8830700339926,-44.0225188765977,-44.0223830815569,-44.1165405443745,-44.1166303452335,-44.2305386001674,-44.2306672487439,-44.3151001355273,-44.3149258894542,-44.3777384903735,-44.3779717407508,-44.4358281641331,-44.4357724372198,-44.4797438297484,-44.4800893806367,-44.5092291901369,-44.5085053102198,-43.6539256040626,-43.6878257143782,-47.7939783739353,-47.8266838900416,-50.3982706542769,-50.3977686101915,-49.3946386933031,-49.3838588959148,-47.703382053941,-47.6976186830255,-45.3757643150498,-45.3685439308785,-44.0578412053437,-44.0559008319564,-43.3436355190113,-43.3417768335333,-43.0713522978509,-43.0704961085846,-43.0559701305536,-43.0552043694666,-43.1724322864947,-43.1723174315855,-43.3343653638259,-43.3344314886172,-43.50334028771,-43.5040659306866,-43.9442198726506,-43.9432144883918,-45.9809314788567,-45.9813260527714,-47.2659644396182,-47.2630231922105,-48.3973779784369,-48.39452827068,-50.0860690540277,-50.0855300939346,-50.3843884858983,-50.3836940584626,-50.0580630773529,-50.057946334929,-49.3685548657905,-49.3668331143171,-48.3625806324728,-48.3604684867336,-47.5267588407135,-47.5232236826214,663.512,683.881,685.855,685.281,685.452,686.671,691.999,690.626,692.462,687.106,695.846,696.204,678.785,699.27,695.587,703.616,680.141,688.897,679.691,678.655,679.859,677.319,682.25,679.08,681.804,677.809,695.381,703.19,690.339,680.908,680.117,688.378,701.888,691.098,687.198,-832,-785,-852,-830,-833,-792,-869,-864,-849,-805,-811,-848,-757,-846,-903,-775,-838,-862,-845,-857,-807,-781,-812,-829,-841,-845,-800,-829,-834,-769,-819,-765,-873,-830,-788,TRUE
231709,"2026-07-04T09:04:07Z","2026-07-04T09:03:56Z","2026-07-04T09:03:14Z",6628,-36.47097819,-52.1670608685232,-52.0763086702081,-43.359129562236,-43.3585650242071,-43.7351444803961,-43.7344502423344,-43.9006561979279,-43.8988767783055,-44.0280089669164,-44.0283709436707,-44.1219818347397,-44.1223274686139,-44.2337832914136,-44.2340008488234,-44.3157159906729,-44.3153743367844,-44.3781887448506,-44.3782283681292,-44.4355592755919,-44.4353568907065,-44.4796546715827,-44.4798625124965,-44.5090702348922,-44.5083602513956,-45.2172272012025,-45.2204431776158,-47.4457405851584,-47.4714447708477,-50.0050798323961,-50.007085038774,-49.3163593699426,-49.3068798018192,-47.7345961574999,-47.7289960996224,-45.4025363404921,-45.3952780263121,-44.0746216478428,-44.0726393321696,-43.3555233012322,-43.3536705481138,-43.0792450219293,-43.0783421027671,-43.0603496742377,-43.0596075962503,-43.174205570853,-43.1740507462146,-43.334464352924,-43.3344842237351,-43.5025629632636,-43.5032964300568,-45.126743565422,-45.1261384811737,-46.030616872978,-46.0309603125881,-46.9083389869675,-46.9063778000146,-47.8232752763643,-47.8208421279244,-49.5010108738528,-49.500624078163,-50.0384420465826,-50.0373700525322,-49.8865610189715,-49.886344248209,-49.3146611031496,-49.3131674116444,-48.3803428614613,-48.3782807999058,-47.5662846863036,-47.5627018531546,669.658,687.203,688.28,688.629,688.839,690.094,695.14,694.078,694.76,690.539,699.341,699.32,681.273,699.047,699.533,707.715,682.832,691.875,682.92,682.028,683.224,680.643,685.619,682.425,685.161,676.181,695.336,703.062,693.044,683.222,683.345,692.057,704.952,694.713,690.814,-845,-786,-846,-829,-821,-796,-866,-873,-853,-805,-811,-838,-758,-849,-906,-772,-837,-855,-843,-847,-809,-786,-820,-827,-836,-839,-807,-821,-834,-777,-814,-765,-863,-832,-777,TRUE
231709,"2026-07-04T21:04:00Z","2026-07-04T21:03:53Z","2026-07-04T21:03:14Z",6636,-36.46847678,-49.8878639152119,-49.7961900179685,-43.3877367657286,-43.3884235765833,-43.7449173307443,-43.74394956972,-43.9089179186038,-43.9075607749367,-44.0310526551941,-44.0318429133865,-44.125582562693,-44.1265918507361,-44.2342945678862,-44.2346280727068,-44.3151764266462,-44.3147608813326,-44.3781117645007,-44.378015676296,-44.4356461101815,-44.4354542796849,-44.4797401128397,-44.4799210773102,-44.5092171357638,-44.5085358148128,-47.1311117352765,-47.1146258815235,-47.56686847568,-47.5814397536975,-49.6426626519046,-49.6460657046948,-49.2120938194827,-49.2039116366627,-47.7539787066016,-47.7485993147841,-45.4297475897997,-45.4224899862121,-44.0915153026326,-44.0895563775823,-43.3676792597747,-43.3657401964186,-43.087355385902,-43.086399116254,-43.0649740289872,-43.0642558426542,-43.1762103801005,-43.1760684754299,-43.3347877162309,-43.334853368335,-43.5019503195799,-43.502717654299,-46.8458497376727,-46.8454327005823,-46.7575310154257,-46.7576820005108,-47.1331618680129,-47.132485714256,-47.6844599982639,-47.6829983912833,-49.0591584835758,-49.0587911121418,-49.7038198044927,-49.7023705605891,-49.6895025826328,-49.6891672806418,-49.2309147550397,-49.2295649635258,-48.3786208381701,-48.3766779816408,-47.5959211997002,-47.5924088420279,672.204,686.647,687.983,688.141,688.358,689.607,694.649,693.603,694.624,690.053,698.87,698.977,681.167,695.177,701.004,707.86,682.911,691.733,682.891,681.567,682.757,680.165,685.138,681.939,684.681,673.035,692.891,700.469,692.749,683.257,684.545,693.073,706.047,694.393,690.558,-838,-789,-844,-828,-826,-796,-868,-875,-860,-799,-814,-833,-756,-846,-904,-765,-839,-865,-842,-850,-809,-787,-817,-831,-835,-841,-808,-825,-841,-779,-807,-766,-869,-838,-785,TRUE
231709,"2026-07-05T09:04:02Z","2026-07-05T09:03:53Z","2026-07-05T09:03:14Z",6628,-36.47567596,-34.8373721278135,-34.7531109148836,-43.3559236369602,-43.3587062941565,-43.7328878336166,-43.7327321290526,-43.9020573274255,-43.9010104250282,-44.0282459650187,-44.0293415807554,-44.122142562783,-44.1232237754894,-44.2320952134923,-44.2325596391877,-44.3161564641158,-44.3159085364111,-44.378132822959,-44.3782962522182,-44.4357901348544,-44.4356642389942,-44.4797203701176,-44.4799601510926,-44.5090867159021,-44.5084656561226,-47.9612181946875,-47.9589644297816,-47.9620552538485,-47.9672192094595,-49.3509430052275,-49.3545237878741,-49.0900995097419,-49.0831522346345,-47.7611362141949,-47.756134721322,-45.4571351409041,-45.4497886058446,-44.1087241399385,-44.1067822751212,-43.3798856463265,-43.3780186662249,-43.0956700551803,-43.094753186033,-43.0699623786177,-43.0691888340595,-43.1784466919116,-43.1783176703668,-43.3353486486566,-43.3354664073098,-43.5017263408623,-43.5024282644711,-47.9047069352748,-47.9039456786961,-47.6196647003624,-47.6196557766246,-47.6693102172113,-47.6695204309424,-47.8915805131015,-47.8911637398399,-48.8095030027755,-48.8089965247004,-49.4168332647415,-49.4152710071539,-49.4860439237295,-49.4855526387064,-49.1261652682727,-49.1249934166699,-48.3598946283401,-48.3580452697629,-47.6156076657775,-47.612096394539,671.06,683.018,685.491,684.451,684.645,685.864,691.104,689.838,692.421,686.295,695.078,695.704,679.139,689.867,700.01,704.44,680.725,688.926,680.106,677.874,679.041,676.467,681.407,678.218,680.966,673.57,689.819,696.54,689.954,681.222,683.306,691.739,705.299,690.744,687.025,-841,-789,-850,-834,-818,-802,-864,-876,-860,-806,-804,-838,-758,-846,-898,-769,-840,-863,-837,-841,-813,-789,-819,-827,-837,-845,-805,-836,-834,-779,-816,-772,-864,-831,-789,TRUE
231709,"2026-07-05T21:03:58Z","2026-07-05T21:03:46Z","2026-07-05T21:03:14Z",6628,-36.47451677,-36.7648782427688,-36.676568086004,-43.3596369347152,-43.3615217671304,-43.7429746141238,-43.7423414659445,-43.9050249318721,-43.9038509403247,-44.0277948704611,-44.0287936864025,-44.1199699337211,-44.1210363930152,-44.231266123786,-44.2316777393001,-44.3160741532607,-44.3157316282692,-44.3781893596682,-44.3782753177722,-44.4357099647886,-44.4355371208685,-44.4798281561739,-44.4800478351326,-44.5092957808657,-44.5087044067087,-46.6203312941055,-46.6464518525037,-48.1320047700549,-48.1381027084768,-49.1483797897598,-49.1510764006025,-48.9611553906836,-48.9552031984857,-47.7564208050602,-47.7517110126118,-45.4843148310708,-45.4769048843883,-44.1260719954807,-44.1240233972983,-43.3922017672796,-43.3903541342523,-43.1039637358284,-43.103073012532,-43.0749172062236,-43.0741214314951,-43.1807358511162,-43.1806726228246,-43.3360151618924,-43.3360992155352,-43.501410134286,-43.5020731024517,-46.8168644095424,-46.8157532826138,-47.5773638823469,-47.5773240727938,-47.863321876142,-47.8629580255606,-48.0928738946781,-48.0926729970041,-48.7189073107165,-48.7183214086337,-49.2014917242519,-49.1999937893499,-49.2957100213067,-49.2951843926508,-49.0109628404007,-49.0099732508417,-48.3268433070506,-48.3251780751311,-47.625318186234,-47.6219575863518,665.027,679.048,682.805,680.53,680.714,681.914,687.37,685.866,690.038,682.34,691.088,692.251,676.405,688.778,698.243,700.355,678.347,685.923,677.138,673.981,675.14,672.577,677.48,674.303,677.051,674.104,689.871,694.483,687.243,678.937,681.413,689.558,704.391,686.921,683.318,-839,-793,-845,-835,-828,-798,-873,-875,-858,-805,-811,-837,-756,-848,-900,-768,-835,-859,-839,-846,-802,-785,-820,-826,-835,-837,-801,-818,-836,-776,-813,-772,-860,-834,-774,TRUE
231709,"2026-07-06T09:04:03Z","2026-07-06T09:03:54Z","2026-07-06T09:03:14Z",6628,-36.47372364,-41.5855525815005,-41.4936632317822,-43.3167042890961,-43.3160662400285,-43.7300182641938,-43.7297763085899,-43.8916414687826,-43.8897904989187,-44.0233526159112,-44.023572240991,-44.1135189233794,-44.1139054867785,-44.2291929588724,-44.2295021818593,-44.3167868219793,-44.3166013286942,-44.3786562918776,-44.3788647904017,-44.4359723582315,-44.4358738843898,-44.4798832926274,-44.480123595897,-44.5091349028678,-44.5084058675352,-45.9728163547146,-45.9941752856942,-47.8970696370401,-47.9082003955839,-49.0074540337875,-49.0093419567306,-48.8361553233697,-48.8309471211107,-47.7414176021153,-47.7372015036589,-45.5108966232432,-45.503544584344,-44.1434154540305,-44.141370996503,-43.4044166396028,-43.4025025694377,-43.112256306003,-43.1113122510233,-43.0797325469937,-43.0789343123337,-43.1829587692451,-43.1827959728198,-43.3365562862826,-43.3365804092407,-43.500929233804,-43.5016982070857,-46.0277115471605,-46.0269832044998,-47.0085109694267,-47.0086195484316,-47.5303089050429,-47.5292413005056,-47.9436973010804,-47.9430262466114,-48.6435832382079,-48.6429801288648,-49.0471244833476,-49.0457886915587,-49.131642117238,-49.1311884580851,-48.8941506266867,-48.8933239776324,-48.2825972515767,-48.281061835443,-47.6251555170639,-47.6218450350066,659.718,677.619,681.731,679.046,679.216,680.396,685.88,684.337,689.073,680.8,689.542,690.88,675.441,689.792,697.487,698.501,677.427,684.756,676.14,672.501,673.644,671.08,675.975,672.806,675.552,672.066,689.66,694.446,686.582,677.971,680.596,688.347,704.539,685.51,682.023,-841,-795,-845,-832,-822,-797,-875,-872,-856,-810,-816,-834,-763,-852,-897,-772,-836,-862,-841,-841,-813,-787,-815,-827,-826,-837,-806,-823,-842,-769,-815,-765,-865,-826,-787,TRUE
231709,"2026-07-06T21:03:51Z","2026-07-06T21:03:44Z","2026-07-06T21:03:14Z",6636,-36.47811636,-32.2829330692193,-32.194433826368,-43.4027386201064,-43.4043830423853,-43.744359087564,-43.7434179530843,-43.9099961881216,-43.9088821560678,-44.0316917850983,-44.0327951632584,-44.1259523734291,-44.1270661126446,-44.233556364036,-44.2339611392969,-44.3151873036832,-44.3147992088745,-44.3781631016619,-44.3781257211452,-44.4359024631807,-44.435631805306,-44.4799936718628,-44.4801807216978,-44.5095122938212,-44.5088163041969,-46.0041981641908,-46.0231343401651,-47.6587158501264,-47.670098972301,-48.8733273442713,-48.8750681806198,-48.7218675944988,-48.717152430844,-47.7186653219547,-47.7148023676943,-45.5367979942317,-45.5294650481159,-44.1609303689878,-44.1588445488096,-43.4164248825601,-43.4145827614118,-43.1203093696935,-43.119384849835,-43.0843885652014,-43.083634133223,-43.1850823759779,-43.1848398769706,-43.3369390300062,-43.3369956830727,-43.5004351542208,-43.5011457257291,-46.0574102503841,-46.0566041378766,-46.7866191126201,-46.7868054317573,-47.2582296358944,-47.257226108566,-47.6950793883086,-47.694241335944,-48.4983458752514,-48.4977053130957,-48.9100583497343,-48.9087450252473,-48.9913262102976,-48.9908607640419,-48.7835890733606,-48.78278937111,-48.2314887633271,-48.2300507952261,-47.6163960519433,-47.6132282573305,668.752,677.859,681.794,679.42,679.633,680.839,686.248,684.808,689.325,681.267,690.031,691.293,675.906,690.196,698.027,698.789,677.866,685.151,676.783,672.953,674.081,671.499,676.408,673.228,675.982,672.836,689.415,694.684,687.171,678.262,680.839,688.051,705.634,686.001,682.652,-842,-795,-844,-830,-825,-798,-868,-877,-847,-803,-809,-840,-755,-850,-895,-768,-834,-870,-844,-848,-800,-787,-815,-831,-843,-837,-811,-834,-839,-775,-817,-757,-868,-831,-779,TRUE
231709,"2026-07-07T09:04:55Z","2026-07-07T09:04:44Z","2026-07-07T09:03:14Z",6636,-36.4887321,-35.073730182305,-34.9862948727022,-43.3444521617,-43.3453957805828,-43.7352154564826,-43.734666445097,-43.9003086857861,-43.8988248722824,-44.0269252713748,-44.0276213113554,-44.1199791212727,-44.1206240976749,-44.2326564390058,-44.2329578823751,-44.3165927141114,-44.3162613494369,-44.3787006116619,-44.3787538071472,-44.4359364795502,-44.4358554912987,-44.4800079011639,-44.4801890078384,-44.5091560122677,-44.508456420523,-44.6528844230591,-44.6926559467272,-47.4158349075098,-47.4297828912092,-48.7300619201205,-48.7319322440804,-48.6171633829696,-48.6129436428364,-47.690377733899,-47.6868220236718,-45.5616743560531,-45.5543087678168,-44.1785449945079,-44.1765026004705,-43.4286483002519,-43.4267925146079,-43.1285534052212,-43.1276086836525,-43.0892693914361,-43.0884396456236,-43.1872720630001,-43.187095369854,-43.3375263391462,-43.3375757435678,-43.5000398878209,-43.5007905566414,-44.9315954407676,-44.930475415441,-46.3466443629073,-46.3468940576988,-46.9879561861914,-46.9867119851086,-47.4851044354174,-47.484183836207,-48.3302767098025,-48.3295977831525,-48.767668255834,-48.766301013465,-48.8623916338141,-48.8618945789693,-48.680798556744,-48.6801132228178,-48.1775565728565,-48.1761995776889,-47.6012467820417,-47.5980503053434,662.955,676.352,680.719,677.833,678.044,679.238,684.707,683.194,688.364,679.654,688.412,689.888,674.58,690.948,697.575,696.789,676.951,683.934,675.731,671.377,672.49,669.901,674.802,671.618,674.391,673.805,689.922,694.154,686.514,677.488,679.53,685.802,705.488,684.428,681.236,-836,-790,-843,-830,-831,-799,-868,-867,-852,-804,-811,-832,-754,-849,-908,-772,-834,-863,-846,-852,-809,-786,-823,-825,-837,-843,-809,-831,-829,-779,-811,-763,-868,-839,-784,TRUE
231709,"2026-07-07T21:03:53Z","2026-07-07T21:03:42Z","2026-07-07T21:03:14Z",6619,-36.47677414,-33.3753873052245,-33.2899754378567,-43.3876303456263,-43.3874753240393,-43.7138855845627,-43.7142581676793,-43.8787252385802,-43.8770023661204,-44.0214691415132,-44.0217935325175,-44.1171895196325,-44.1174669695887,-44.2297173869277,-44.2300090193591,-44.3156386842186,-44.3156855228721,-44.3783234302733,-44.3787646150297,-44.4361302981496,-44.4362238735329,-44.4800985222196,-44.4804829135536,-44.5095970892115,-44.5088987099762,-44.4281834240817,-44.4538372990862,-46.9786674506395,-46.9962835548847,-48.5800432455416,-48.5823209038435,-48.5178122763386,-48.513971760372,-47.6583821699109,-47.6551885992884,-45.5850025325535,-45.577641897978,-44.1962136953406,-44.1940844814827,-43.4405927045952,-43.4387428962909,-43.1365646316305,-43.1355732446303,-43.0938319866004,-43.0929664282905,-43.1892169169592,-43.1889803966743,-43.3378232911294,-43.3378196310595,-43.4993481657743,-43.5001262536486,-44.4940751788494,-44.4934114839598,-45.7161762443435,-45.7165067743054,-46.4644892658076,-46.4629392376442,-47.1012762318326,-47.0998218437992,-48.1329731286129,-48.1323156274281,-48.621396686393,-48.6199306390612,-48.7371429113788,-48.7365564009641,-48.5824052701503,-48.5818097419036,-48.1220799968685,-48.1208550942795,-47.5810507487025,-47.5778972923766,667.503,679.451,682.811,680.883,681.08,682.272,687.453,686.231,690.204,682.651,691.455,692.504,676.457,694.007,699.595,699.168,678.974,686.253,678.415,674.346,675.451,672.823,677.765,674.561,677.339,674.502,691.266,696.129,688.692,679.137,681.174,687.101,707.691,687.446,684.381,-838,-785,-843,-835,-829,-792,-869,-868,-857,-812,-812,-841,-763,-844,-900,-770,-829,-864,-846,-851,-806,-782,-815,-831,-840,-840,-800,-828,-829,-779,-817,-771,-873,-825,-786,TRUE
231709,"2026-07-08T09:03:59Z","2026-07-08T09:03:48Z","2026-07-08T09:03:14Z",6628,-36.4966634,-36.757939579162,-36.6707431306097,-43.348213413221,-43.3479897239957,-43.7238604611606,-43.7234340289931,-43.8932246814771,-43.8916179667121,-44.0271226090337,-44.0275265726498,-44.1225567080423,-44.1230895496736,-44.2342691779335,-44.234539284857,-44.3164277784,-44.316182235988,-44.3789220031487,-44.3790783672616,-44.436060120391,-44.4358713547122,-44.4799515117196,-44.4802050001844,-44.5093047153274,-44.5086151661187,-43.7041304612037,-43.7399032228471,-46.6399003207546,-46.6583845109516,-48.4103055047892,-48.4133602620455,-48.4212350243732,-48.4177935657354,-47.6239760097499,-47.6210374186363,-45.6069116954791,-45.5994849588486,-44.2138062828019,-44.2117856089568,-43.4525480541085,-43.450638333377,-43.1444490530158,-43.1433977809134,-43.0983478961849,-43.0975061340295,-43.191115406424,-43.1909447324677,-43.3381004450559,-43.3380701091313,-43.4986169086615,-43.4993895928168,-43.8640084716814,-43.8630031824723,-45.3214164813297,-45.3216805568704,-46.0969329000357,-46.0953533006711,-46.7521299835599,-46.7506635872376,-47.8897877973756,-47.8891885858694,-48.4616272655099,-48.4600564569569,-48.6117899157124,-48.6111578390285,-48.4860006283679,-48.4854513166631,-48.0653807182385,-48.0641271236382,-47.5566753405098,-47.553723710005,667.826,683.593,685.621,685.009,685.268,686.503,691.373,690.503,692.846,686.906,695.78,696.277,679.52,697.274,702.615,702.995,681.982,689.637,682.183,678.574,679.683,677.002,682.007,678.773,681.572,679.347,694.494,698.435,691.659,681.735,683.869,689.563,710.755,691.803,688.86,-845,-795,-844,-831,-834,-796,-871,-875,-859,-805,-810,-838,-762,-852,-901,-772,-834,-862,-845,-846,-813,-784,-822,-823,-839,-842,-804,-829,-835,-775,-812,-770,-867,-837,-781,TRUE
231709,"2026-07-08T21:04:00Z","2026-07-08T21:03:48Z","2026-07-08T21:03:14Z",6628,-36.49721249,-42.653681409775,-42.5662980608213,-43.4135090433848,-43.4134301475043,-43.7391618494281,-43.7386056041778,-43.9020918951981,-43.9005028640634,-44.0306058373863,-44.0312334834337,-44.1243189852992,-44.1249271673434,-44.2338550539875,-44.2341572518717,-44.3162620429912,-44.3160052472948,-44.3786507065975,-44.3788138256992,-44.4360940983556,-44.4359952022863,-44.4800557729672,-44.4803347912607,-44.509490037981,-44.5089088709716,-43.6905231739825,-43.7127155368919,-46.2775710106377,-46.2973474852479,-48.2274426504997,-48.2312614406336,-48.3243969662588,-48.321355449101,-47.5874571613856,-47.5848040897989,-45.6269621903628,-45.6196218593394,-44.231654630452,-44.2296058983814,-43.4647645790556,-43.4627951029982,-43.1525707487022,-43.1515919691025,-43.1031283096357,-43.1022708102262,-43.1932519648948,-43.1930875737473,-43.3385623655672,-43.3385249220554,-43.4982677469263,-43.4989357529329,-43.6208298742034,-43.6201061884261,-44.8645946193037,-44.8648374742698,-45.6657936848166,-45.6640913674776,-46.3800315316316,-46.3783219938095,-47.6366378253131,-47.6361604449643,-48.2889688954076,-48.2873810384108,-48.4819196145369,-48.4812209385582,-48.3893181420942,-48.3888705076618,-48.0073007860717,-48.00616918355,-47.5291321763011,-47.5261839560605,663.714,683.86,685.961,685.329,685.602,686.842,691.684,690.851,693.194,687.236,696.133,696.634,679.422,697.806,703.668,703.196,682.464,690.011,682.742,678.923,680.015,677.317,682.333,679.089,681.898,678.153,694.348,698.507,692.5,682.28,683.975,689.185,711.741,692.164,689.332,-838,-788,-840,-833,-826,-796,-869,-874,-851,-806,-816,-840,-754,-850,-901,-769,-837,-865,-846,-849,-807,-782,-822,-833,-835,-845,-802,-826,-836,-774,-810,-763,-868,-835,-789,TRUE
231709,"2026-07-09T09:04:10Z","2026-07-09T09:03:47Z","2026-07-09T09:03:14Z",6619,-36.50593692,-37.1939314892135,-37.1022105573163,-43.3733844404441,-43.3739497751883,-43.7432055747929,-43.742427872415,-43.9053545414836,-43.9039212860536,-44.0299228017731,-44.0306494629692,-44.1222016407657,-44.1230113780058,-44.2334019713774,-44.2337355386927,-44.3171658347152,-44.3167842547307,-44.3789455947633,-44.3790250352106,-44.4362210718188,-44.4360158166741,-44.4801710075489,-44.4803323012125,-44.5093887447573,-44.5087070497372,-44.4071181313511,-44.4162766926152,-46.0879770745684,-46.1046941071131,-48.0366385752838,-48.041271730447,-48.2254981958473,-48.2228697995502,-47.5491926074336,-47.5468933431721,-45.6453598055602,-45.6380538928094,-44.2496414694342,-44.247545265015,-43.4772289648242,-43.4753052788337,-43.161015658072,-43.1599902251316,-43.1082592293784,-43.1074658114078,-43.1958051556102,-43.1956800488361,-43.3393806164772,-43.3394213553963,-43.4981425752763,-43.4988962884441,-44.2160064288034,-44.2153088024232,-44.8791336376343,-44.8793072125673,-45.4779237622753,-45.476559461545,-46.1024737617052,-46.1008159220328,-47.3768379313694,-47.3764789874507,-48.1071523087743,-48.1053071506187,-48.3466817194477,-48.3459332969086,-48.2907004763764,-48.2903911475647,-47.9478440681447,-47.9467609298475,-47.4991203494177,-47.4961643458933,666.629,679.137,682.763,680.578,680.845,682.054,687.248,686.035,690.368,682.442,691.286,692.495,676.068,693.766,701.903,698.75,679.527,686.4,679.075,674.166,675.237,672.563,677.53,674.304,677.112,673.343,690.206,694.797,690.047,679.937,680.604,685.091,709.888,687.291,684.579,-837,-786,-847,-832,-825,-798,-867,-876,-851,-806,-804,-839,-752,-850,-900,-775,-831,-863,-842,-845,-814,-780,-811,-834,-844,-840,-802,-821,-837,-777,-811,-758,-866,-831,-777,TRUE
231709,"2026-07-09T21:03:52Z","2026-07-09T21:03:46Z","2026-07-09T21:03:14Z",6628,-36.49385694,-44.0827556121119,-43.9959230058854,-43.5539038965207,-43.5626770875189,-43.7484421924107,-43.7479863364318,-43.9274726112149,-43.9282031560849,-44.0453000955331,-44.0478348157192,-44.1406171014739,-44.142601487069,-44.2373513264467,-44.2382311555608,-44.3138098651684,-44.3134523443898,-44.3774860222721,-44.3775198552976,-44.4364876480903,-44.4362235315797,-44.4804401891672,-44.4806401826487,-44.5100414804288,-44.5094747264792,-44.2304069882195,-44.2456684083497,-46.0440846598655,-46.0583023522179,-47.8499327419697,-47.8550086185189,-48.1232495473489,-48.1211346049186,-47.5090739777875,-47.5070214997991,-45.6619140940056,-45.6546736233405,-44.2676106357281,-44.2654149301648,-43.4896316902491,-43.487687890855,-43.1694528050585,-43.1684469007269,-43.1133632454785,-43.1125344935832,-43.1983582419591,-43.1981599944412,-43.3402714421252,-43.3402914109675,-43.497944935333,-43.4986989656375,-44.1222962839202,-44.1213876050618,-44.9386726087676,-44.9387951056899,-45.4775078178285,-45.4764056543203,-46.0064834742818,-46.0051793160044,-47.1640050884713,-47.1635321399766,-47.9247521534415,-47.922805379078,-48.2061794212507,-48.2054354633019,-48.188378966595,-48.1880138428131,-47.8853850340843,-47.8843964225762,-47.4656853664934,-47.462804825451,656.42,675.507,680.046,677.058,677.353,678.571,684.006,682.558,688.141,678.966,687.783,689.424,673.441,691.141,700.477,695.659,677.254,683.716,676.415,670.77,671.821,669.16,674.098,670.878,673.689,671.156,688.104,692.023,687.766,677.959,677.888,682.559,708.611,683.886,681.235,-842,-793,-845,-830,-827,-803,-860,-886,-852,-811,-812,-837,-755,-851,-907,-767,-836,-866,-844,-845,-816,-787,-822,-829,-837,-838,-812,-820,-838,-773,-811,-766,-867,-834,-782,TRUE
231709,"2026-07-10T09:03:57Z","2026-07-10T09:03:46Z","2026-07-10T09:03:14Z",6628,-36.500324,-44.2327834073935,-44.1432101136625,-43.3767302910103,-43.3764078264406,-43.7191268417982,-43.7193295469055,-43.8827947378444,-43.8812007710211,-44.0236440940272,-44.0239872534672,-44.1183326617197,-44.1187155118641,-44.2307776470037,-44.2310488953336,-44.3162931093978,-44.3162392456649,-44.3789743754661,-44.3793641199395,-44.4364030501132,-44.4363780516887,-44.4802930417246,-44.4806183813543,-44.5097712542282,-44.5090184423221,-44.8953602085663,-44.8963705476517,-45.9852270877965,-45.997633017003,-47.683074189276,-47.6882407941343,-48.0180582708861,-48.0163705325767,-47.4667295992088,-47.4649356547369,-45.6769198926,-45.6696993651693,-44.2852696059311,-44.2831694197144,-43.5018411673741,-43.4998903380754,-43.1775844715994,-43.1765650255977,-43.118168977743,-43.1172980145365,-43.2005805327026,-43.2003488779569,-43.3407267481671,-43.3407000693247,-43.4975101253186,-43.4982385434051,-44.6745873148636,-44.6738632426907,-45.0276057113521,-45.0275712913977,-45.4456464196052,-45.4446828981157,-45.9161126387399,-45.9150032023321,-47.0010784448017,-47.000589930491,-47.757003181068,-47.755118051434,-48.0648149740759,-48.0640830613544,-48.0822989339892,-48.0821135446631,-47.8199058705872,-47.819001799497,-47.4293191251616,-47.4265845304115,660.475,676.998,681.077,678.373,678.654,679.853,685.124,683.819,688.907,680.211,689.06,690.5,674.268,690.958,701.417,697.017,678.067,684.655,677.569,672.03,673.077,670.389,675.347,672.115,674.938,669.974,687.808,692.065,688.266,678.504,678.293,684.248,709.886,685.202,682.618,-845,-787,-841,-831,-826,-801,-866,-867,-852,-807,-810,-838,-754,-854,-908,-774,-837,-864,-842,-847,-810,-794,-812,-835,-839,-839,-805,-827,-838,-777,-814,-762,-872,-834,-781,TRUE
231709,"2026-07-10T21:03:53Z","2026-07-10T21:03:46Z","2026-07-10T21:03:14Z",6628,-36.50837732,-35.5145738668081,-35.4298213790608,-43.3713676632788,-43.3714630130574,-43.7336985070743,-43.7330963770637,-43.9006692573984,-43.8989674119821,-44.0299069483679,-44.0304121874727,-44.1242555758282,-44.1248307221671,-44.2352935817816,-44.2354911498569,-44.3172337418156,-44.3169465541005,-44.3792401332627,-44.379286622344,-44.4363899919773,-44.4362382030347,-44.4801507883614,-44.4803905583801,-44.5092657091522,-44.508664481794,-45.036835887278,-45.0473787040825,-46.0639194735091,-46.0728433745369,-47.5360705921978,-47.5412623826192,-47.9126280203105,-47.911324958068,-47.422018854698,-47.4205076897448,-45.6900907905269,-45.6829787265765,-44.3029370926099,-44.300717781499,-43.514140451051,-43.512116809746,-43.1857746143948,-43.1846688658171,-43.1229611003165,-43.1221406629242,-43.2028291988378,-43.2026104232751,-43.3413536134422,-43.3413262342946,-43.4971016647472,-43.4978767807712,-44.937708980205,-44.9368482659486,-45.3051148326834,-45.3051588880747,-45.5958752771317,-45.5953247479093,-45.9417491434813,-45.9408477463269,-46.8737341251606,-46.8727250416823,-47.6051765823626,-47.6031795802604,-47.9278283565682,-47.9273615387729,-47.9754932877836,-47.9753374261631,-47.7524821315722,-47.7516830827127,-47.3910970148757,-47.3883965594129,667.851,677.578,681.428,678.977,679.306,680.523,685.755,684.516,689.325,680.907,689.779,691.13,674.981,690.375,702.073,697.681,678.621,685.234,678.285,672.728,673.761,671.051,676.026,672.784,675.616,672.205,688.215,691.872,688.401,678.869,678.534,685.854,710.937,685.905,683.388,-838,-791,-842,-821,-825,-797,-867,-867,-852,-802,-811,-836,-757,-850,-903,-772,-832,-863,-838,-845,-810,-786,-815,-824,-834,-843,-809,-823,-834,-771,-808,-770,-871,-830,-786,TRUE
231709,"2026-07-11T09:03:52Z","2026-07-11T09:03:46Z","2026-07-11T09:03:14Z",6628,-36.512526,-34.4273920134475,-34.3420127245705,-43.3905379892422,-43.3932227218818,-43.7181057404917,-43.7182958460664,-43.8935433229426,-43.8925489020657,-44.0297029048922,-44.030805587253,-44.1280847754804,-44.1291222548225,-44.2355303338904,-44.236015377539,-44.3164775551767,-44.3163288835973,-44.378903810611,-44.3791835027951,-44.4363931154606,-44.4363213115725,-44.4801813094747,-44.4804348271733,-44.5094904592578,-44.508852918634,-44.0708146002573,-44.0981410930589,-46.0219359448076,-46.0325635233293,-47.4130778494316,-47.417885134046,-47.8091040612462,-47.8081494423872,-47.3753773429265,-47.3741232539785,-45.7020212912525,-45.6949340406417,-44.3202557215363,-44.3181577046292,-43.5263387070976,-43.5243475480784,-43.1938446242854,-43.1928245684919,-43.1277793256021,-43.1269166942465,-43.2050050369892,-43.2047660891128,-43.3419408815904,-43.3418535263305,-43.496666849029,-43.4974097750945,-44.0520662162442,-44.0510302937067,-45.0725861088382,-45.0725635329052,-45.5447795120961,-45.5439494785952,-45.9420799682695,-45.9414018802122,-46.7960377240214,-46.7954671909295,-47.4761962086427,-47.4742794259539,-47.7990603556377,-47.7983168456729,-47.8690260543884,-47.8689804228288,-47.6821404324659,-47.6813739226828,-47.3491100712963,-47.3464394430503,667.928,680.024,683.012,681.365,681.721,682.962,687.98,686.962,690.797,683.327,692.247,693.256,676.91,692.917,703.489,699.853,680.258,687.103,680.373,675.137,676.161,673.407,678.423,675.164,678.013,676.454,690.987,693.603,689.667,680.137,679.912,688.838,712.866,688.359,685.895,-844,-792,-847,-834,-824,-788,-870,-872,-855,-801,-812,-842,-756,-849,-902,-772,-835,-863,-841,-844,-817,-782,-814,-836,-843,-838,-807,-825,-837,-781,-815,-759,-873,-834,-779,TRUE
231709,"2026-07-11T21:03:45Z","2026-07-11T21:03:38Z","2026-07-11T21:03:14Z",6628,-36.51405125,-41.3642981875682,-41.2784661029374,-43.3492864550138,-43.3490722981156,-43.7122940267681,-43.7124703900176,-43.8817143220864,-43.8800527024611,-44.0235178198224,-44.0238954345805,-44.1183682960594,-44.1188806071906,-44.2314322585036,-44.2317552348939,-44.3168698623773,-44.3167850744703,-44.3792681786148,-44.3795736851652,-44.4365350794757,-44.4365093610556,-44.4802897058518,-44.4805953510615,-44.5095734503745,-44.5088979362635,-43.5486717138457,-43.5709236239903,-45.7596326983634,-45.7739398516917,-47.3076355011082,-47.3122046492272,-47.7097521020312,-47.7091222085463,-47.3268211328374,-47.3258109404272,-45.71215031738,-45.7051636336026,-44.3375115897655,-44.3353462734327,-43.5387385626309,-43.5367799788441,-43.2021252222519,-43.2010321139822,-43.1327030596215,-43.1317718390642,-43.2073858065519,-43.2071332684013,-43.342580931678,-43.3425917278379,-43.4964033229198,-43.4970940510288,-43.3633554352931,-43.3626505224619,-44.523434044077,-44.5236185555879,-45.178824845112,-45.1774267584873,-45.726289062807,-45.7251366382737,-46.7023064572735,-46.7016918534717,-47.3662798082027,-47.3644146195883,-47.6816749958502,-47.6808647482915,-47.7660905364111,-47.7659678858197,-47.6107395761078,-47.6099941874053,-47.3048785738722,-47.3022701918436,661.044,679.817,682.986,681.113,681.482,682.707,687.745,686.709,690.736,683.056,691.985,693.06,676.494,694.108,703.538,699.398,680.218,686.986,680.312,674.891,675.903,673.134,678.154,674.888,677.748,675.291,691.052,694.056,689.928,680.135,679.72,689.763,713.368,688.101,685.696,-841,-793,-852,-841,-830,-804,-866,-872,-849,-809,-811,-844,-759,-852,-911,-770,-832,-859,-837,-850,-815,-785,-820,-829,-837,-838,-813,-826,-831,-773,-820,-765,-866,-832,-790,TRUE
231709,"2026-07-12T09:03:51Z","2026-07-12T09:03:43Z","2026-07-12T09:03:14Z",6619,-36.52179952,-53.7859438113692,-53.687196163147,-43.4031363163164,-43.4024343752962,-43.7313926727148,-43.7308489773834,-43.8962275964104,-43.8945459696798,-44.0285466963029,-44.0290473049109,-44.1234523013753,-44.1241039080895,-44.2340007925442,-44.2342770119531,-44.3164744068032,-44.3161589557841,-44.3788271611772,-44.3789642760901,-44.4364983183324,-44.4363732949682,-44.4803523578557,-44.4805339823592,-44.5097431830172,-44.5090255641957,-44.5305706313295,-44.5233002969787,-45.5607768204797,-45.5740003936284,-47.1944360423232,-47.199192092079,-47.615695178813,-47.6152348727092,-47.276949650177,-47.2762143365526,-45.7206380758016,-45.7137511561408,-44.354522903017,-44.352290178168,-43.5511754972008,-43.5491771230863,-43.2104179481329,-43.2093179319459,-43.1376793404066,-43.1367656848291,-43.2097598725913,-43.2095466410409,-43.3433397455578,-43.3432706020203,-43.4961397957302,-43.496817791202,-44.2228263141876,-44.2224025736654,-44.4989692643115,-44.4990342918272,-44.9689150782693,-44.967830141163,-45.4840554201412,-45.4828333843611,-46.5523774985096,-46.551774315909,-47.2535113069015,-47.2516278021762,-47.5725013017,-47.5716996488254,-47.6678334437521,-47.667784236176,-47.5391223317964,-47.5384548459746,-47.2584560362559,-47.2559109282033,672.966,679.674,682.87,681.011,681.421,682.664,687.719,686.675,690.717,683.02,691.958,693.049,676.128,693.186,703.803,699.028,680.269,686.996,680.386,674.841,675.839,673.058,678.085,674.812,677.681,670.026,689.315,693.44,690.161,680.247,679.65,690.696,713.877,688.005,685.688,-845,-788,-846,-829,-826,-803,-868,-870,-857,-805,-812,-831,-752,-850,-912,-776,-837,-861,-839,-849,-811,-792,-828,-826,-835,-832,-809,-824,-828,-780,-808,-765,-869,-836,-773,TRUE
231709,"2026-07-12T21:03:43Z","2026-07-12T21:03:34Z","2026-07-12T21:03:14Z",6628,-36.51960316,-57.7152048828818,-57.6237635614455,-43.3810629098194,-43.3804149339712,-43.7426621069505,-43.7416417150462,-43.9032181386181,-43.9016588932953,-44.029994519352,-44.0305837075501,-44.1228322795007,-44.1235516965088,-44.234263780377,-44.2345256493237,-44.3168619523449,-44.3165583411715,-44.379255904127,-44.3792704513796,-44.4363475647573,-44.436155107826,-44.4803351929266,-44.4805547551051,-44.5096193251782,-44.5089694310453,-46.648473219919,-46.6156867509492,-45.7611196356342,-45.7655595207167,-47.072489246004,-47.0775063754596,-47.525612465537,-47.5253288264034,-47.2266709558036,-47.2261100486535,-45.727765837231,-45.7208758777412,-44.3712703668635,-44.3690870582215,-43.563800716814,-43.5618087147968,-43.2188616433817,-43.2178076096966,-43.1428140208958,-43.1418915759184,-43.2123388394167,-43.2121185986656,-43.3441975242027,-43.3441603776009,-43.495975090688,-43.4967257043296,-46.4264325037087,-46.426017773824,-45.4547419963664,-45.4545033609949,-45.3810074774599,-45.3812116779759,-45.5662995614398,-45.5659305298467,-46.4181497061796,-46.4175949902935,-47.1306540344099,-47.1287732124795,-47.4646448339771,-47.4638386540313,-47.5735582422717,-47.5736267935034,-47.4685598154786,-47.4680136576184,-47.2109448223065,-47.2084759408004,671.288,676.953,681.088,678.313,678.74,679.973,685.259,683.98,689.146,680.334,689.256,690.758,674.272,688.033,702.645,696.256,678.63,685.061,678.374,672.23,673.215,670.438,675.442,672.173,675.05,664.783,685.025,690.276,688.246,678.832,677.982,689.46,712.935,685.259,683.054,-845,-789,-838,-833,-826,-803,-874,-874,-855,-809,-812,-837,-759,-852,-902,-770,-838,-860,-846,-851,-812,-788,-817,-831,-836,-839,-802,-819,-838,-776,-804,-765,-870,-830,-790,TRUE
231709,"2026-07-13T09:03:53Z","2026-07-13T09:03:42Z","2026-07-13T09:03:14Z",6628,-36.52277568,-59.242114473686,-59.1475514930265,-43.3601957334596,-43.3599443237934,-43.7338309713253,-43.7331634917959,-43.895666122923,-43.8940419698998,-44.0270546880387,-44.0275395364964,-44.1195724941373,-44.1201603088475,-44.232823538911,-44.2330145467896,-44.3173271965648,-44.3170409853367,-44.3794791024823,-44.3795907376392,-44.4364788221053,-44.4363913948908,-44.4804023168496,-44.4805769187927,-44.509529810257,-44.5087588017259,-48.4371845464228,-48.3952753433594,-46.3345186813726,-46.328691992164,-46.9748317475298,-46.9793467815722,-47.4372074193787,-47.4371950993557,-47.1761224172109,-47.1758112665521,-45.7332213148203,-45.7264105138486,-44.3876373295622,-44.3854317354117,-43.5763774603748,-43.5743457681252,-43.2273703073917,-43.2262895276822,-43.1480739818884,-43.1470633968159,-43.2150234970518,-43.2147367296706,-43.3451014783442,-43.3451951379968,-43.4959487378421,-43.496745437242,-48.3757842363064,-48.3753361207394,-46.7837699582403,-46.7833317710725,-46.264985041771,-46.2663023229663,-46.0610042501109,-46.0618172978091,-46.4168208466606,-46.4161392123163,-47.0237929714767,-47.0219662105938,-47.3575306419917,-47.3566821319256,-47.481105579372,-47.4811979967179,-47.3990786855967,-47.3984968210016,-47.1629088177752,-47.160509972316,668.295,673.569,678.681,674.858,675.286,676.5,682.039,680.483,687.016,676.849,685.741,687.722,671.9,681.658,700.563,692.782,676.336,682.451,675.653,668.811,669.78,667.012,671.989,668.732,671.619,661.942,680.861,686.572,685.141,676.607,675.678,687.295,711.421,681.681,679.607,-838,-783,-841,-833,-825,-800,-867,-872,-853,-810,-821,-843,-754,-848,-901,-766,-834,-864,-845,-854,-808,-781,-819,-838,-831,-838,-810,-818,-835,-776,-814,-765,-864,-833,-787,TRUE
231709,"2026-07-13T21:03:42Z","2026-07-13T21:03:32Z","2026-07-13T21:03:14Z",6628,-36.52973082,-53.644108878507,-53.5509762023146,-43.4026528068725,-43.4060114694414,-43.7337386995898,-43.733202999955,-43.9047135508932,-43.9040046877845,-44.0325464408391,-44.0338456275025,-44.1286488238745,-44.1299136589971,-44.2354402165427,-44.2359038716299,-44.3166510957835,-44.3163339016939,-44.3791200396893,-44.3791409960278,-44.4365344363588,-44.4363160983084,-44.4803062233265,-44.4805193939493,-44.5096284204031,-44.5089464163731,-49.7134891720536,-49.6738853600335,-47.0433085492614,-47.0294318873914,-46.9389395768309,-46.9420563521687,-47.3515804919466,-47.3516898576705,-47.1254228172316,-47.125336364289,-45.7372345281965,-45.7305022005607,-44.4035332023434,-44.4013180363196,-43.588905758526,-43.5868212191682,-43.235732397744,-43.2346447156978,-43.1531482648115,-43.1521818178611,-43.2175625746304,-43.2172952518375,-43.3459394388982,-43.3460123890914,-43.4958367381264,-43.4964954865731,-49.809217080498,-49.8086754252097,-48.0402689246154,-48.0397457860539,-47.2555069467405,-47.2574459390421,-46.7570347588882,-46.7588238845626,-46.579681875003,-46.5788519298357,-46.970473252787,-46.9688688915394,-47.2625044432563,-47.2616860173664,-47.3908365352893,-47.3908838875622,-47.3300342795688,-47.3294918289788,-47.1143408254425,-47.1119555449131,671.154,672.534,677.832,673.858,674.331,675.564,681.172,679.555,686.351,675.915,684.813,686.89,671.501,677.335,699.378,691.862,675.66,681.744,674.94,667.918,668.869,666.094,671.069,667.812,670.704,662.056,678.954,684.599,683.263,675.625,675.014,686.775,711.207,680.629,678.719,-837,-792,-848,-831,-823,-797,-869,-873,-857,-804,-814,-845,-766,-848,-900,-774,-830,-856,-841,-848,-811,-784,-818,-831,-837,-834,-806,-827,-836,-769,-812,-766,-864,-831,-782,TRUE
231709,"2026-07-14T09:03:48Z","2026-07-14T09:03:39Z","2026-07-14T09:03:14Z",6636,-36.52582618,-55.3590930509588,-55.265917699525,-43.3920929381958,-43.3918392896997,-43.7371395233296,-43.7361382000494,-43.9031889508297,-43.9014823361229,-44.0312832176359,-44.0318544972512,-44.1249534466685,-44.1255802419872,-44.2347780484538,-44.2349945017577,-44.3171423526683,-44.3167406911039,-44.3792587678042,-44.3792342238768,-44.436709596848,-44.4364782954457,-44.4803190294234,-44.4805063016876,-44.5095172271379,-44.5088032594407,-50.2324297254391,-50.1983705147568,-47.6791943349421,-47.661785733385,-46.976298120735,-46.9773891247814,-47.2744729777005,-47.2746859892731,-47.0748357634396,-47.0748672631902,-45.7398056889915,-45.7332532817335,-44.4191270131788,-44.4168956069363,-43.6013856417251,-43.5993140000283,-43.2441792898228,-43.2430648802741,-43.158202289133,-43.1572468523923,-43.2201412198564,-43.2198404478663,-43.3468829560057,-43.3468032672547,-43.4956456793375,-43.4963770885493,-50.382721961567,-50.3822865839075,-48.8530421556175,-48.8525650461621,-48.0595950338841,-48.061604505399,-47.445424269385,-47.4478032178326,-46.8608499967285,-46.8598058064215,-46.9866892896421,-46.9854381330721,-47.1946900144831,-47.193962296818,-47.3080980964919,-47.3082962610404,-47.2621113923468,-47.2616203567039,-47.0653279663785,-47.0630002308884,670.083,671.736,677.26,673.037,673.539,674.766,680.434,678.753,685.829,675.115,684.012,686.195,670.92,674.799,697.965,691.233,675.112,681.155,674.337,667.147,668.089,665.3,670.278,667.017,669.921,661.758,678.411,683.521,681.64,674.752,674.488,686.128,710.999,679.693,677.944,-843,-788,-843,-825,-826,-799,-869,-873,-854,-815,-816,-839,-751,-847,-898,-770,-834,-864,-843,-846,-815,-782,-815,-830,-837,-836,-807,-829,-835,-775,-812,-760,-874,-833,-776,TRUE
231709,"2026-07-14T21:03:42Z","2026-07-14T21:03:31Z","2026-07-14T21:03:14Z",6628,-36.53625889,-56.5025189352683,-56.4084066441675,-43.4163183901478,-43.4142126357029,-43.7479188372445,-43.7464535482371,-43.9067284029339,-43.904809367097,-44.0312733412292,-44.0315397275053,-44.1218385070528,-44.1222529287504,-44.2327802574983,-44.2329766199898,-44.3164872002438,-44.3159903120092,-44.3791947210379,-44.379112151533,-44.436713890034,-44.4363772851493,-44.4806122004478,-44.4806885157799,-44.5098100897428,-44.5090804294272,-50.7323523295343,-50.6988567211465,-48.1765425595559,-48.1575227119326,-47.0722440449244,-47.071205280904,-47.2127411366294,-47.2127133448441,-47.0249398847051,-47.0251210939709,-45.74120926638,-45.7345872993154,-44.4342438131651,-44.4320218489739,-43.6138565598235,-43.6118372496194,-43.2527439906616,-43.2515764275982,-43.1633948056208,-43.1624902186919,-43.2227792623513,-43.2224846977499,-43.3478198611733,-43.3478379846775,-43.495606149862,-43.4963244671356,-50.9278735022194,-50.9275462193375,-49.4516728769634,-49.4512004205089,-48.659926401333,-48.6620234491355,-48.0032910890112,-48.00593983239,-47.1801638216973,-47.1788793491141,-47.0626179789851,-47.0617012668075,-47.1625755941842,-47.1618793646758,-47.240006261115,-47.2401071585713,-47.1976428236938,-47.1972197098002,-47.0163854520192,-47.0140898416566,667.531,669.293,675.647,670.629,671.151,672.371,678.236,676.346,684.375,672.713,681.59,684.12,669.478,671.957,695.589,689.194,673.553,679.417,672.465,664.781,665.707,662.922,667.879,664.621,667.524,659.859,676.807,681.922,679.427,673.085,672.975,684.072,709.769,677.103,675.515,-836,-791,-842,-830,-829,-795,-866,-877,-848,-807,-810,-836,-757,-847,-901,-768,-828,-861,-839,-847,-810,-786,-817,-829,-838,-842,-810,-823,-834,-777,-812,-758,-866,-830,-783,TRUE
231709,"2026-07-15T09:03:42Z","2026-07-15T09:03:34Z","2026-07-15T09:03:14Z",6619,-36.5375401,-57.4640175422693,-57.36830040676,-43.4107995354702,-43.4124611708547,-43.7435067773928,-43.7426118900101,-43.9071362586645,-43.9060842479757,-44.032142863137,-44.0332208589529,-44.124096657581,-44.1251948374603,-44.232206694744,-44.2326307218779,-44.3166597976916,-44.3163067057542,-44.3789848240725,-44.3789218112338,-44.4366472284312,-44.4363298267159,-44.480488725776,-44.4807206585333,-44.5098942382229,-44.5092676470492,-51.4381029749989,-51.399714055706,-48.617781345264,-48.597142491547,-47.2015567213475,-47.1987461682665,-47.170602444562,-47.1702150798658,-46.9771896774528,-46.9775844687006,-45.7412666849444,-45.7348106972581,-44.4490525452797,-44.4468203646403,-43.626515580183,-43.6244501006339,-43.2613735951501,-43.2602652121614,-43.1688382147889,-43.1678324371483,-43.2256023075158,-43.2253337519956,-43.3489942720077,-43.3489715411445,-43.4957379146858,-43.49642970992,-51.6779270954859,-51.6776861241277,-50.0464488257425,-50.0459950374365,-49.2001791529714,-49.2023736326639,-48.4910722388721,-48.4938895099614,-47.493935851135,-47.4925552232185,-47.1748699549693,-47.1742901854013,-47.164768825685,-47.164171341988,-47.1912030540389,-47.1912611523004,-47.1395141244045,-47.1390664200607,-46.9687913475348,-46.9665646711101,662.947,664.332,672.181,665.615,666.133,667.336,673.606,671.288,681.291,667.672,676.497,679.744,666.333,667.405,691.729,684.695,670.201,675.683,668.481,659.813,660.719,657.956,662.869,659.627,662.539,656.166,673.205,678.833,675.844,669.989,669.711,679.883,706.853,671.895,670.453,-841,-790,-843,-836,-829,-795,-871,-871,-857,-802,-811,-838,-755,-855,-901,-775,-840,-867,-847,-850,-810,-783,-824,-830,-835,-836,-806,-821,-837,-776,-816,-765,-862,-836,-784,TRUE
231709,"2026-07-15T21:03:44Z","2026-07-15T21:03:38Z","2026-07-15T21:03:14Z",6628,-36.53723505,-57.8747933929648,-57.7783167672565,-43.3732947651931,-43.3751614682257,-43.7312721400283,-43.7308478092572,-43.898235557353,-43.8969637881181,-44.0283314857113,-44.0292958856583,-44.1215755356289,-44.1222852588594,-44.23227002758,-44.2325386676179,-44.3174024353958,-44.3171052825912,-44.3792751293393,-44.3794195379771,-44.4366865546614,-44.4364875790588,-44.4804331919592,-44.4807630635059,-44.5095161568119,-44.5088667994742,-52.1067105254552,-52.0679936920519,-49.0814928258643,-49.058447130631,-47.349182109998,-47.3446590061518,-47.1480814340714,-47.1472722408304,-46.9329542752594,-46.9333563466049,-45.740156585587,-45.733763913048,-44.463274572514,-44.4610707515881,-43.6389619856387,-43.6369356700182,-43.2700086206442,-43.2688471003582,-43.1742017895545,-43.1732536255476,-43.2284582799219,-43.2281694568501,-43.350109282356,-43.3500721260742,-43.4958301499017,-43.4965283748744,-52.4027414571661,-52.4025606206071,-50.7036426045951,-50.7032012556641,-49.7800788993187,-49.7825444512884,-48.9876095812843,-48.9906642549983,-47.8035859511998,-47.8021272864553,-47.307515074782,-47.3072114683163,-47.1941371628553,-47.1937802502849,-47.162495724089,-47.162471606565,-47.0898808967639,-47.0894399178718,-46.9236686880633,-46.9214779942167,659.814,660.769,669.553,661.989,662.513,663.698,670.238,667.628,678.956,664.018,672.809,676.53,664.108,663.293,688.532,681.41,667.645,672.925,665.544,656.221,657.109,654.358,659.235,656.011,658.929,653.823,670.342,676.21,672.862,667.508,667.161,676.53,704.395,668.082,666.788,-836,-791,-850,-828,-831,-798,-869,-876,-855,-807,-812,-842,-758,-849,-907,-774,-841,-864,-838,-844,-802,-781,-818,-834,-841,-844,-800,-826,-833,-771,-813,-764,-865,-834,-783,TRUE
231709,"2026-07-16T09:03:44Z","2026-07-16T09:03:35Z","2026-07-16T09:03:14Z",6628,-36.53485566,-50.3948222218044,-50.3033620826294,-43.3785055186418,-43.3780168932606,-43.7123210401895,-43.7122281634585,-43.8785789990212,-43.8767169457185,-44.0220374361776,-44.0222213802294,-44.1175943383801,-44.1178046974059,-44.2314327182466,-44.2316385318458,-44.3166687082905,-44.3165771344307,-44.3792545979557,-44.3794561286076,-44.4367406936031,-44.4367019024701,-44.4804857419665,-44.4807653672287,-44.5096222654242,-44.5090115590371,-52.5678966851604,-52.5339315801688,-49.5358863371752,-49.5110201210373,-47.5123662216894,-47.506208123412,-47.1432436222418,-47.1418561598521,-46.8932712577827,-46.8937075957756,-45.7378597806614,-45.7315937079005,-44.476877835528,-44.4746176473803,-43.6511499370914,-43.6490903789297,-43.2782791626885,-43.277137190876,-43.1791813663415,-43.1781978148933,-43.2308447681105,-43.2305886280384,-43.3508812010934,-43.3507443302644,-43.4955600321099,-43.4962521126214,-52.9317350818207,-52.9313973443028,-51.2927198194698,-51.292282282933,-50.3328882856081,-50.3354467326889,-49.4799328811075,-49.4832747031202,-48.1220770121669,-48.1205378453363,-47.4567010552947,-47.456743073291,-47.2450558970127,-47.2446714783925,-47.1522101304304,-47.1521395508926,-47.049976424439,-47.049490774952,-46.8823756401291,-46.8801368853099,665.315,663.181,671.004,664.323,664.88,666.075,672.386,670.017,680.216,666.378,675.218,678.515,665.914,662.819,688.561,683.626,668.996,674.635,667.342,658.606,659.485,656.698,661.613,658.373,661.305,657.058,671.053,676.736,673.119,668.224,668.348,677.508,705.078,670.379,669.206,-843,-787,-849,-834,-826,-799,-869,-881,-856,-810,-812,-837,-756,-849,-901,-775,-840,-863,-846,-845,-810,-784,-821,-830,-837,-840,-810,-825,-826,-770,-809,-772,-866,-833,-787,TRUE
231709,"2026-07-16T21:03:37Z","2026-07-16T21:03:27Z","2026-07-16T21:03:14Z",6619,-36.55260957,-55.5328227955641,-55.4415316199399,-43.3711961690293,-43.3703823606751,-43.7196743635276,-43.7193066828314,-43.8843126795837,-43.8823680302925,-44.0244164862186,-44.024563409432,-44.1185751777665,-44.1187501600043,-44.232116907829,-44.2323026001968,-44.3170449340591,-44.3168191244448,-44.3794238589728,-44.3795802616693,-44.4366849509536,-44.4365672223153,-44.480392743626,-44.4806590299626,-44.5095881563886,-44.5088657481357,-52.2790210604305,-52.253917124349,-49.8710038745577,-49.8474355117665,-47.689467904754,-47.6818706332775,-47.1547157657573,-47.1527445724305,-46.8595952472134,-46.860005240892,-45.7345994833467,-45.7284276580617,-44.4899793715026,-44.4878181969983,-43.6633487448215,-43.6612165559239,-43.2866542905997,-43.2854592132078,-43.1841936065475,-43.183214409623,-43.233356762745,-43.2330870182574,-43.3516926952599,-43.3516867222282,-43.4953557959525,-43.4960021600382,-52.6236803638533,-52.6232842032304,-51.4668865048639,-51.4664897928956,-50.6769173237769,-50.6790658912118,-49.8848869607395,-49.8881186004962,-48.4403180474513,-48.4386619690738,-47.6215055943008,-47.6217931583689,-47.3150266764681,-47.3147692446248,-47.1594088993566,-47.1592268400592,-47.020674737732,-47.0202117351552,-46.846102155457,-46.8438944714979,663.022,664.328,671.81,665.449,666.034,667.25,673.483,671.203,680.904,667.551,676.42,679.541,666.501,663.479,688.142,684.74,669.759,675.575,668.26,659.766,660.635,657.816,662.764,659.5,662.447,658.822,672.758,677.497,673.116,668.538,668.992,677.685,705.178,671.459,670.338,-841,-790,-845,-831,-820,-801,-870,-874,-856,-802,-819,-845,-754,-840,-900,-770,-830,-863,-848,-852,-811,-783,-821,-827,-840,-847,-807,-819,-829,-767,-813,-759,-869,-832,-787,TRUE
231709,"2026-07-17T09:03:34Z","2026-07-17T09:03:28Z","2026-07-17T09:03:14Z",6619,-36.5564532,-51.3368442783176,-51.2431360027643,-43.3814237457306,-43.3820481000706,-43.7155371159659,-43.7152285876658,-43.8901192233917,-43.8885005224677,-44.0277132093462,-44.0283998838075,-44.1263749796509,-44.127019999743,-44.2356605302,-44.2359888698273,-44.3165681852832,-44.3162781916227,-44.3790656627463,-44.3791247512664,-44.4365335810297,-44.4363634093794,-44.4803410368878,-44.480600624633,-44.5095524405089,-44.5088616063521,-52.0604347803433,-52.0439081577613,-50.0561806515069,-50.034485923982,-47.870207001576,-47.86140623789,-47.1806708677765,-47.1781106760401,-46.8322602211594,-46.8325896666984,-45.7306180444525,-45.7244635393674,-44.5025340942823,-44.5004326513308,-43.6753549293145,-43.6732091458213,-43.2949952862849,-43.2937207067592,-43.1892517257566,-43.1881908966358,-43.2358620465816,-43.2355059995853,-43.3524975816392,-43.3524248096902,-43.4950988527682,-43.4957719396956,-52.4447273924663,-52.4441786755688,-51.5396229954449,-51.5392627032162,-50.8460287409638,-50.8479944200553,-50.1268511723977,-50.1299212306216,-48.7158847573668,-48.7141079704928,-47.7939470752005,-47.7944522164309,-47.401327494766,-47.4011842753476,-47.1824603486803,-47.1821894722125,-47.002130093444,-47.0016185477106,-46.8156231567061,-46.8134561002567,666.744,666.955,673.412,668.049,668.674,669.927,675.964,673.91,682.42,670.24,679.158,681.86,668.581,665.164,688.59,687.16,671.466,677.603,670.341,662.442,663.296,660.43,665.418,662.136,665.101,662.357,674.852,679.103,674.163,669.663,670.473,678.878,705.972,674.061,672.991,-837,-793,-847,-830,-826,-802,-872,-874,-851,-798,-812,-841,-754,-854,-904,-769,-838,-860,-846,-850,-808,-784,-821,-828,-837,-840,-806,-827,-835,-777,-809,-768,-871,-828,-779,TRUE
231709,"2026-07-17T21:03:32Z","2026-07-17T21:03:25Z","2026-07-17T21:03:14Z",6628,-36.56414046,-53.6976814075379,-53.6056246621337,-43.3927803140981,-43.3938600410479,-43.7204103927845,-43.7199516997403,-43.8936861402178,-43.8923616674025,-44.0291613018913,-44.0299494191122,-44.1276469110805,-44.1284520027255,-44.2356636480469,-44.2360826135383,-44.3164203346875,-44.3161321590754,-44.3791212796158,-44.3791741863103,-44.4365441388386,-44.4364119008518,-44.4802989935932,-44.4805711963216,-44.5095111858021,-44.5088643499118,-51.9143592096809,-51.8939960538842,-50.1231730095393,-50.1043168614443,-48.0386385530542,-48.0290198338847,-47.2194214176018,-47.2161980741439,-46.8116624102445,-46.8119455436885,-45.7258962158134,-45.7198927542872,-44.5146265341708,-44.5124418725006,-43.6872473493509,-43.6851864100994,-43.3032691499556,-43.3020339404482,-43.1942499350845,-43.1931669869503,-43.2382879120289,-43.237977758382,-43.3532694712617,-43.3532749176829,-43.4948221435748,-43.495521985249,-52.2382419205937,-52.237936113734,-51.4048879986633,-51.4045666344343,-50.8453614057708,-50.8468733903459,-50.2421218715708,-50.2448625338091,-48.9302951580918,-48.9285692693454,-47.9563046707287,-47.9569670401769,-47.497354062583,-47.4972737344766,-47.2189785884183,-47.2186409620905,-46.9936875253638,-46.9931384826625,-46.7910891808908,-46.7888525093854,665.955,669.522,675.253,670.63,671.278,672.562,678.419,676.566,684.043,672.873,681.838,684.187,670.056,667.525,689.306,689.522,673.271,679.689,672.443,665.061,665.907,663.002,668.032,664.728,667.71,662.837,676.916,681.123,675.543,670.985,672.072,680.182,706.829,676.662,675.602,-843,-792,-848,-830,-827,-799,-871,-876,-851,-809,-810,-842,-758,-847,-897,-770,-837,-856,-841,-853,-816,-786,-817,-832,-839,-839,-809,-824,-830,-774,-819,-762,-871,-836,-778,TRUE
231709,"2026-07-18T09:04:27Z","2026-07-18T09:03:24Z","2026-07-18T09:03:14Z",6628,-36.57518327,-50.9608199369393,-50.869572842364,-43.4078320454091,-43.4093335626795,-43.734255840102,-43.7334511327002,-43.8998383496338,-43.8988878125749,-44.030238623874,-44.0311825390689,-44.1257160285955,-44.1268660095429,-44.2346186942938,-44.2350174030629,-44.3165289721571,-44.31622441831,-44.3791654578886,-44.379225355283,-44.4364533528146,-44.4362157376045,-44.4803716865667,-44.4806043347587,-44.5095727044062,-44.5088780482823,-52.062088201158,-52.0402711398369,-50.1958180816358,-50.1775498704529,-48.1839723630974,-48.1740469460279,-47.2673884360648,-47.2635471291808,-46.7980709594243,-46.7981844999368,-45.7209635287275,-45.7149514217056,-44.5263929836016,-44.5242416229374,-43.699341014029,-43.6972140061096,-43.311845616891,-43.3106167514839,-43.1994923359625,-43.1984999627227,-43.2410375533819,-43.2407401970074,-43.3543250315836,-43.3542831705905,-43.4948682618565,-43.4955680295621,-52.4126906474541,-52.4122836518776,-51.4922228372263,-51.4918791689213,-50.9146145661318,-50.9161597153163,-50.3262123948842,-50.3287958110352,-49.0839141039123,-49.0822592195104,-48.0990198092278,-48.0998186986982,-47.59572794697,-47.5957401629337,-47.2657210817569,-47.2652751196629,-46.9948963495313,-46.9942582958902,-46.7730662643349,-46.7707818533156,667.313,668.116,674.431,669.263,669.916,671.184,677.201,675.181,683.271,671.488,680.452,683.053,669.456,666.727,688.113,688.244,672.474,678.836,671.414,663.699,664.53,661.621,666.644,663.342,666.33,661.752,676.144,680.727,674.879,670.312,671.237,678.683,705.513,675.25,674.165,-848,-797,-848,-835,-831,-801,-870,-873,-851,-804,-812,-840,-760,-845,-900,-769,-836,-862,-846,-851,-814,-785,-814,-834,-841,-838,-809,-830,-830,-781,-807,-767,-862,-835,-782,TRUE
231709,"2026-07-18T21:03:33Z","2026-07-18T21:03:26Z","2026-07-18T21:03:14Z",6619,-36.56115097,-37.8846938354863,-37.797118285099,-43.3923148065532,-43.3958889915796,-43.7239612634101,-43.7236215201845,-43.8960089213918,-43.8954373047983,-44.0290710628018,-44.0304758018733,-44.1266820042314,-44.1280254048312,-44.2346254188681,-44.2351610151998,-44.3162830998719,-44.3160036181242,-44.3789726839433,-44.3791038932769,-44.4364013690914,-44.4362161142985,-44.4803448542846,-44.480558203706,-44.5095864814269,-44.5089960835937,-51.6042996554744,-51.5995690092591,-50.2865186658767,-50.2688898112257,-48.3075233873825,-48.2974280509026,-47.3203129360371,-47.3159300012935,-46.7908709888088,-46.7908680056919,-45.7157178358026,-45.7097352453774,-44.5375680178223,-44.5354366180783,-43.7113340484067,-43.7092065831244,-43.320414317453,-43.3191257888062,-43.2048995471829,-43.2038192518545,-43.2439126503825,-43.2435752048497,-43.3554267539061,-43.3554034328779,-43.4948484968827,-43.495587762829,-52.0340331416145,-52.0332666941152,-51.5289598589135,-51.5286894325243,-51.0153747616947,-51.0168715221016,-50.4430719075101,-50.4457552171879,-49.2178387646204,-49.2161612944999,-48.2246694968184,-48.2254732244566,-47.6916046648717,-47.6916240505845,-47.319315751166,-47.3188509408662,-47.004981892054,-47.0042982971576,-46.7618230866222,-46.7596325653173,661.994,666.667,673.303,667.793,668.437,669.711,675.86,673.704,682.321,670.005,678.959,681.768,669.285,666.034,686.842,686.799,671.475,677.819,670.249,662.245,663.055,660.143,665.154,661.85,664.849,664.773,676.307,680.211,673.91,669.409,670.155,677.011,703.93,673.69,672.617,-841,-793,-844,-829,-835,-795,-867,-871,-853,-807,-814,-845,-757,-844,-902,-772,-833,-861,-840,-845,-809,-786,-812,-836,-838,-843,-812,-828,-838,-774,-819,-764,-869,-834,-791,TRUE
231709,"2026-07-19T09:03:46Z","2026-07-19T09:03:31Z","2026-07-19T09:03:14Z",6619,-36.57396307,-34.9486917693843,-34.8612126494611,-43.409398634435,-43.4085786696141,-43.7251470635886,-43.7246875686043,-43.8883561284685,-43.8863065675029,-44.0271583528208,-44.0272735911582,-44.1208260299649,-44.1210252272311,-44.2329510110328,-44.2330978193122,-44.3171433698806,-44.3169101984144,-44.3791238357672,-44.3792930431634,-44.4365443825901,-44.4363882921934,-44.4802433672972,-44.4804904421717,-44.5094393271136,-44.5087179271428,-49.8029102314525,-49.8246861616363,-50.1378208839695,-50.126769320031,-48.4179264240425,-48.4077193711964,-47.3752788137787,-47.3703926897607,-46.7895595517683,-46.78941725414,-45.7103952199481,-45.7045123495674,-44.5481324858911,-44.5460530671745,-43.7231150074045,-43.7210197918872,-43.3289620553132,-43.3277458811627,-43.2101542737862,-43.2091380883943,-43.2466620451741,-43.2463373969336,-43.3565746358219,-43.356536854669,-43.4950000281931,-43.4956535403418,-50.1421051305192,-50.1412616660781,-50.7692864728586,-50.7687760753988,-50.6965332712815,-50.6971795556823,-50.3802897992421,-50.3823124803091,-49.3315033849724,-49.3300177100688,-48.3410977678342,-48.3422633147743,-47.7837676942783,-47.7839722017624,-47.3776944152626,-47.3769670041119,-47.02310429135,-47.022337525197,-46.7574251417775,-46.7550791400611,654.516,665.637,672.608,666.716,667.345,668.601,674.844,672.578,681.612,668.881,677.832,680.808,668.01,668.617,685.828,685.607,670.722,677.079,669.376,661.174,661.97,659.049,664.059,660.754,663.768,667.127,679.301,681.262,673.52,668.733,669.302,675.685,702.551,672.531,671.483,-836,-789,-845,-823,-836,-794,-865,-874,-845,-797,-813,-840,-753,-847,-905,-763,-830,-859,-841,-850,-803,-790,-821,-831,-826,-839,-807,-821,-830,-775,-815,-771,-866,-829,-775,TRUE
231709,"2026-07-19T21:03:44Z","2026-07-19T21:03:26Z","2026-07-19T21:03:14Z",6488,-36.57524428,-36.962770626097,-36.8759861944326,-43.4224274188342,-43.422674255935,-43.7180058235491,-43.7179331544532,-43.8887999035887,-43.8873059929505,-44.0278083284623,-44.0284071077518,-44.1253730133324,-44.1260453496076,-44.2345966384575,-44.2348866496063,-44.3171449426425,-44.3169894736959,-44.3788361330885,-44.3790442278101,-44.4364510042181,-44.436334108484,-44.4801270474087,-44.4804261400609,-44.5093195835338,-44.5086440694228,-48.0907274816594,-48.1211426283402,-49.6293527573281,-49.627748536864,-48.4991999413938,-48.4893322381836,-47.4295701703774,-47.4243631260768,-46.7929326824773,-46.792589955771,-45.7051552323458,-45.6993082750739,-44.5582097023342,-44.5561495487117,-43.7347299117106,-43.7325815583559,-43.3373040609217,-43.3360414472596,-43.2153160344746,-43.2143109507257,-43.2492725369032,-43.2489871367721,-43.3574784132693,-43.3574198553443,-43.4947826135928,-43.4955154074874,-48.1430093090519,-48.1422048648072,-49.4743236424182,-49.4744833997154,-49.8641709429285,-49.8635168241246,-49.9293303460152,-49.9301057960761,-49.3346487473582,-49.3330287203224,-48.4366027420536,-48.4374434755334,-47.8733449469407,-47.8732375413105,-47.4391313779988,-47.4384432085955,-47.0466476999402,-47.0458942474134,-46.7584284211016,-46.7560756148012,653.99,667.464,673.721,668.519,669.161,670.451,676.548,674.443,682.637,670.723,679.715,682.402,668.875,674.217,686.622,686.903,671.894,678.5,670.804,663.016,663.804,660.846,665.891,662.568,665.592,667.186,682.998,684.595,675.402,669.751,670.218,676.468,702.867,674.305,673.292,-845,-788,-845,-821,-828,-799,-868,-872,-852,-808,-815,-838,-756,-850,-898,-773,-833,-856,-837,-847,-812,-786,-821,-828,-830,-840,-811,-832,-829,-770,-811,-770,-866,-841,-782,TRUE
231709,"2026-07-20T09:03:37Z","2026-07-20T09:03:27Z","2026-07-20T09:03:14Z",6619,-36.57091257,-44.9761683081824,-44.8888605614186,-43.3988064191803,-43.3989562196681,-43.7148948726905,-43.7146646896887,-43.8854103946739,-43.8839827281615,-44.0265914193614,-44.027187748036,-44.1251064606005,-44.1257694741345,-44.2351586418263,-44.2355785887882,-44.3161247112656,-44.3159368614733,-44.3789398252478,-44.3791415753169,-44.4361868607661,-44.4361021556062,-44.4801300001841,-44.4804029705722,-44.5094951753404,-44.5088704822926,-47.1333165514983,-47.1593051395562,-49.0051470418338,-49.0102289965132,-48.5245213061355,-48.5158337343467,-47.482386739959,-47.4769279385661,-46.8007251014783,-46.8001964365253,-45.7004064030101,-45.6946019723526,-44.5677286488803,-44.5656938882527,-43.7460018208447,-43.7438723366959,-43.3456185730493,-43.3443623206728,-43.2203253771461,-43.2193180328921,-43.2517904020027,-43.2514451495027,-43.3582766293435,-43.3582369495436,-43.494565198257,-43.4952457186795,-47.0519623721682,-47.0512319093423,-48.3767699483109,-48.3769298567894,-48.9538013680443,-48.9525692696733,-49.269983760783,-49.269840242124,-49.1709180135052,-49.1695907792064,-48.4751744802746,-48.4757403173694,-47.9460959945793,-47.9461202962821,-47.4973053173983,-47.4965801967727,-47.0731422349518,-47.0722741298552,-46.7633500156984,-46.7609695403947,648.204,671.179,676.23,672.236,672.889,674.208,680.016,678.229,684.848,674.492,683.547,685.67,671.468,679.644,688.895,689.791,674.381,681.331,673.733,666.761,667.533,664.522,669.626,666.278,669.319,668.04,685.446,688.375,678.67,672.037,672.365,678.721,704.396,677.993,677.054,-842,-782,-841,-833,-832,-795,-871,-868,-859,-802,-810,-833,-751,-846,-902,-767,-830,-856,-840,-853,-805,-783,-814,-823,-849,-836,-811,-827,-845,-774,-818,-762,-862,-828,-789,TRUE
231709,"2026-07-20T21:03:24Z","2026-07-20T21:03:21Z","2026-07-20T21:03:14Z",6619,-36.58701921,-42.492902199202,-42.3966685607926,-43.4866806918891,-43.4916134896989,-43.7249519676686,-43.7254967349552,-43.8930065283446,-43.8932004159141,-44.0303798742602,-44.0324829423382,-44.1274203711231,-44.1294209221606,-44.2324722598723,-44.2332116730351,-44.3153070920675,-44.3153129222888,-44.3783019196633,-44.3788283014149,-44.4360268955514,-44.4360790649438,-44.4802611775776,-44.4805602007167,-44.5099109348668,-44.5092860140194,-47.5922925123947,-47.5929330664961,-48.515775372108,-48.5218329143277,-48.4822231208123,-48.4753374126211,-47.5280975334841,-47.5224178827835,-46.8120973550043,-46.8114410494661,-45.6966403341048,-45.690770316961,-44.5772528053833,-44.5751333073252,-43.7576323581331,-43.7554563338721,-43.3542882583631,-43.3529262036584,-43.2258431205058,-43.2248273448083,-43.2548368176735,-43.2545043158434,-43.3596619391548,-43.3595811784897,-43.4948484968827,-43.4954890964339,-47.495838232305,-47.4952430440595,-47.9464815746133,-47.9465993590368,-48.3592927399847,-48.3582650123565,-48.6955060836588,-48.6952276827281,-48.9032986181864,-48.9020503324533,-48.4432163997431,-48.443389088998,-47.9893390211779,-47.9893554281009,-47.5462154257677,-47.5455764460175,-47.1007113958941,-47.0996902079633,-46.7718297058197,-46.7693125937361,657.338,667.887,674.133,668.998,669.617,670.918,677.029,674.911,682.969,671.17,680.191,682.891,669.238,678.361,687.94,686.447,672.352,679.079,671.23,663.468,664.226,661.226,666.294,662.95,665.996,662.695,681.42,687.1,678.03,670.842,670.427,676.298,702.335,674.502,673.627,-845,-786,-849,-832,-828,-797,-870,-870,-852,-803,-815,-836,-751,-851,-890,-767,-834,-862,-847,-847,-814,-785,-819,-831,-834,-841,-805,-828,-834,-777,-806,-765,-865,-831,-781,TRUE
231709,"2026-07-21T09:03:27Z","2026-07-21T09:03:19Z","2026-07-21T09:03:13Z",6471,-36.58921557,-47.531371231219,-47.4425417140598,-43.4459095826792,-43.4496159187906,-43.734845579415,-43.7340873975542,-43.9045482191155,-43.9042002255388,-44.0328454001971,-44.0344177540616,-44.1298167177717,-44.1313184700618,-44.2347211462559,-44.2351974611217,-44.3155342160799,-44.3151852666558,-44.3784449247621,-44.3784660357028,-44.4362725345899,-44.4361119760231,-44.4802648434594,-44.4804517693251,-44.5095607531317,-44.508961938462,-47.5403235515234,-47.5489520128771,-48.3411956381338,-48.3445057114171,-48.3930060940474,-48.3876822020657,-47.5603981336171,-47.5548469424326,-46.8254031825743,-46.8245191944325,-45.6930847503906,-45.6873727646044,-44.5860765751063,-44.5840468160694,-43.7688544735229,-43.7666317197769,-43.3627588597677,-43.361449353088,-43.231234840842,-43.2301576223086,-43.2576253809777,-43.2573585223756,-43.3607437790889,-43.3606486342156,-43.4948682618565,-43.4955482962891,-47.5561017554133,-47.55507328886,-48.0156268494785,-48.015498870845,-48.2522168843532,-48.251733534134,-48.4417353829144,-48.44166208438,-48.6457398423315,-48.6446292147941,-48.3619531509828,-48.3619652980467,-47.9994784811361,-47.9994747418957,-47.5846537077984,-47.5839167550457,-47.1285180970748,-47.1276076376552,-46.7836015983515,-46.781166912453,645.643,667.541,673.895,668.756,669.369,670.683,676.849,674.696,682.78,670.958,679.995,682.749,668.929,677.496,688.605,685.843,672.277,679.044,671.121,663.29,664.034,661.023,666.093,662.749,665.81,664.543,680.914,686.462,678.163,670.979,670.267,675.982,702.007,674.178,673.414,-837,-791,-848,-836,-833,-796,-864,-869,-854,-808,-808,-843,-753,-846,-902,-768,-827,-860,-846,-850,-819,-785,-821,-829,-841,-840,-808,-827,-837,-775,-813,-762,-867,-835,-779,TRUE
231709,"2026-07-21T21:03:36Z","2026-07-21T21:03:27Z","2026-07-21T21:03:14Z",6628,-36.59165597,-53.1356303557026,-53.0404703709061,-43.3947155457477,-43.3942887637518,-43.7196853558184,-43.719540935327,-43.8830195098708,-43.8814023881772,-44.0240079644141,-44.0244346824473,-44.1178819060069,-44.1184233373628,-44.2309921749121,-44.2312950981136,-44.3169796546813,-44.3168125184326,-44.3789025522075,-44.3791563642217,-44.4363271087459,-44.4362095398333,-44.4801449830523,-44.4804048558475,-44.509256770178,-44.508625645209,-48.0602895533008,-48.0512859167179,-48.212052607632,-48.2141714292766,-48.2950464966349,-48.2908242076753,-47.5762037755472,-47.5708731950249,-46.8391923878041,-46.8382448937096,-45.6905312733877,-45.684920307606,-44.5947050826073,-44.5927066311993,-43.7801533226967,-43.7779691341149,-43.371492157967,-43.3701098654892,-43.2368110831761,-43.2357585543997,-43.2607375886136,-43.2604240071326,-43.3621818060208,-43.3620718807023,-43.4952306186321,-43.4958903388317,-48.0110200619891,-48.0104422316168,-47.9920201426777,-47.9917703955499,-48.1323264593156,-48.1321490367796,-48.2780163862442,-48.2781178665488,-48.4622514690577,-48.4610632731483,-48.2674109868392,-48.2672566371651,-47.9807765329264,-47.9806311734202,-47.6035359144377,-47.6027718128592,-47.1511249650005,-47.1502349601348,-46.795977556072,-46.7934799593304,637.836,663.802,671.275,664.91,665.463,666.739,673.226,670.718,680.371,666.989,675.983,679.344,666.024,674.722,687.056,682.033,669.669,676.22,668.076,659.405,660.139,657.14,662.179,658.843,661.908,659.056,677.359,683.981,676.101,668.943,667.798,673.093,699.811,670.106,669.458,-839,-788,-851,-832,-826,-794,-872,-875,-858,-802,-810,-841,-759,-852,-903,-782,-838,-866,-843,-853,-809,-792,-822,-829,-838,-839,-813,-825,-838,-784,-807,-769,-864,-835,-783,TRUE
231709,"2026-07-22T09:03:26Z","2026-07-22T09:03:17Z","2026-07-22T09:03:14Z",6628,-36.61185028,-38.344030822243,-38.2574157287867,-43.5600315163751,-43.5608134921315,-43.7616195472986,-43.7606582018692,-43.9268209437204,-43.9255604494151,-44.0520253391227,-44.0528770509774,-44.1493100966491,-44.1503228563255,-44.24718832461,-44.2475152032204,-44.321309074667,-44.3209466266909,-44.382759279417,-44.3827737616635,-44.4389756514098,-44.4386792488529,-44.4816700527771,-44.4819221128076,-44.5106181947292,-44.5099171068385,-48.6818612671693,-48.6750452042943,-48.2794277381097,-48.2769930594746,-48.2051464199483,-48.2015561349412,-47.5772548993059,-47.5722372871434,-46.8514736914637,-46.8508717956434,-45.6889736131904,-45.6831192372897,-44.6028471651847,-44.6008149529234,-43.7912405719798,-43.7889571637314,-43.3799604624433,-43.3785845487239,-43.2420961631242,-43.2411209614502,-43.2635324971967,-43.2633638250497,-43.3632899880015,-43.3630865833263,-43.4952503834884,-43.4958969165552,-48.796257795395,-48.7946277826476,-48.4362271701185,-48.4357746616394,-48.3220242849191,-48.322290015924,-48.2837591015952,-48.2840464479072,-48.3321404153961,-48.3300514555765,-48.1811040303452,-48.1803012040498,-47.947630642831,-47.9467748337499,-47.6081745720839,-47.608150313878,-47.1685669784481,-47.1677076553008,-46.8081690235065,-46.8056527309567,657.634,664.038,671.41,665.318,665.87,667.164,673.627,671.169,680.52,667.444,676.454,679.741,666.763,673.024,687.64,682.248,669.933,676.583,668.407,659.866,660.581,657.557,662.611,659.26,662.338,661.184,676.24,683.051,676.025,669.074,667.913,673.149,700.005,670.318,669.867,-845,-791,-848,-829,-829,-800,-871,-864,-848,-802,-814,-834,-753,-849,-903,-765,-825,-863,-835,-847,-814,-778,-815,-834,-831,-836,-812,-820,-830,-776,-804,-766,-868,-833,-783,FALSE
