"modem","recv_time_utc","start_time_utc","time_utc","battery_mv","adc_temp_C","n1.ntc1_temp_C","n1.ntc2_temp_C","n2.ntc1_temp_C","n2.ntc2_temp_C","n3.ntc1_temp_C","n3.ntc2_temp_C","n4.ntc1_temp_C","n4.ntc2_temp_C","n5.ntc1_temp_C","n5.ntc2_temp_C","n6.ntc1_temp_C","n6.ntc2_temp_C","n7.ntc1_temp_C","n7.ntc2_temp_C","n8.ntc1_temp_C","n8.ntc2_temp_C","n9.ntc1_temp_C","n9.ntc2_temp_C","n10.ntc1_temp_C","n10.ntc2_temp_C","n11.ntc1_temp_C","n11.ntc2_temp_C","n12.ntc1_temp_C","n12.ntc2_temp_C","n13.ntc1_temp_C","n13.ntc2_temp_C","n14.ntc1_temp_C","n14.ntc2_temp_C","n15.ntc1_temp_C","n15.ntc2_temp_C","n16.ntc1_temp_C","n16.ntc2_temp_C","n17.ntc1_temp_C","n17.ntc2_temp_C","n18.ntc1_temp_C","n18.ntc2_temp_C","n19.ntc1_temp_C","n19.ntc2_temp_C","n20.ntc1_temp_C","n20.ntc2_temp_C","n21.ntc1_temp_C","n21.ntc2_temp_C","n22.ntc1_temp_C","n22.ntc2_temp_C","n23.ntc1_temp_C","n23.ntc2_temp_C","n24.ntc1_temp_C","n24.ntc2_temp_C","n25.ntc1_temp_C","n25.ntc2_temp_C","n1.testSB_hPa","n2.testSB_hPa","n3.testSB_hPa","n4.testSB_hPa","n5.testSB_hPa","n6.testSB_hPa","n7.testSB_hPa","n8.testSB_hPa","n9.testSB_hPa","n10.testSB_hPa","n11.testSB_hPa","n12.testSB_hPa","n13.testSB_hPa","n14.testSB_hPa","n15.testSB_hPa","n16.testSB_hPa","n17.testSB_hPa","n18.testSB_hPa","n19.testSB_hPa","n20.testSB_hPa","n21.testSB_hPa","n22.testSB_hPa","n23.testSB_hPa","n24.testSB_hPa","n25.testSB_hPa","n1.gnd","n2.gnd","n3.gnd","n4.gnd","n5.gnd","n6.gnd","n7.gnd","n8.gnd","n9.gnd","n10.gnd","n11.gnd","n12.gnd","n13.gnd","n14.gnd","n15.gnd","n16.gnd","n17.gnd","n18.gnd","n19.gnd","n20.gnd","n21.gnd","n22.gnd","n23.gnd","n24.gnd","n25.gnd","druckkorrigiert"
231710,"2026-01-19T17:41:14Z","2026-01-19T17:41:14Z","2026-01-18T17:38:18Z",6758,-38.40987599,-34.0147646606481,-34.0146077630035,-38.7629125824749,-38.7730311681821,-43.9916723804898,-43.9923044587514,-44.0498906769202,-44.0455014795267,-43.9264508358917,-43.9252684772381,-43.9321853995991,-43.9332697103711,-44.0350937522165,-44.0382253144019,-44.2241968060852,-44.2246461572652,-44.3433247988119,-44.3451147567765,-44.42469644384,-44.4235137866192,-44.4846832550811,-44.4826113908807,-44.5296645294861,-44.5349952673732,-44.582126279434,-44.5781495478563,-44.5921533251971,-44.5911661585907,-44.5797649575955,-44.5803664438876,-44.543406204221,-44.5457998061391,-44.4775403559628,-44.4768398022452,-44.3881822712328,-44.3880497681631,-44.2360594971313,-44.242461402854,-44.1867544000689,-44.1749913410296,-34.1761164681432,-34.1797677533066,-35.9414355899302,-35.9461662567346,-38.3133386847862,-38.3124818980429,-41.4629883843982,-41.4654228196497,-44.1481716711187,-44.152390689563,6541.797,6539.298,6537.202,6538.48,6534.938,6539.437,6536.003,6536.022,6536.533,6536.19,6535.593,6535.041,6535.928,6536.472,6537.358,6531.416,6536.181,6533.18,6534.609,6536.711,6537.149,6540.585,6533.898,6534.991,6534.162,-825,-870,-852,-844,-877,-898,-829,-937,-874,-906,-895,-932,-904,-892,-894,-927,-812,-817,-886,-888,-867,-868,-891,-877,-867,TRUE
231710,"2026-01-20T17:41:07Z","2026-01-20T17:41:07Z","2026-01-19T17:38:18Z",6741,-38.44648199,-33.9214474840945,-33.9208947364643,-38.5670667140225,-38.5769746054148,-43.9069450516123,-43.907192009076,-43.9895202830725,-43.9852425039405,-43.8816779758836,-43.8806196841317,-43.9229399767346,-43.9239134829711,-44.0394151542117,-44.0425497045065,-44.228480852098,-44.2287724368676,-44.3443088321368,-44.3460312259788,-44.4233648675059,-44.4221311595797,-44.4848206699466,-44.4827585842485,-44.5302454409719,-44.5356120273572,-44.5819700958431,-44.5779674439998,-44.5921728468938,-44.5912762009744,-44.5797854216372,-44.5803024745985,-44.5434508738433,-44.545870391986,-44.4775651879553,-44.476890683295,-44.38814560836,-44.3880912420446,-44.2361047265227,-44.2425657104883,-44.1867132772414,-44.1749632847993,-34.1668292175948,-34.1704980235924,-35.8890617856956,-35.8936936614655,-38.2349989508639,-38.2341002013447,-41.3905139604635,-41.393036195109,-44.1327396550189,-44.136842015715,6541.798,6539.274,6537.202,6538.485,6534.943,6539.444,6536.001,6536.025,6536.538,6536.191,6535.592,6535.036,6535.921,6536.471,6537.365,6531.424,6536.191,6533.192,6534.611,6536.704,6537.139,6540.58,6533.89,6534.993,6534.165,-836,-879,-862,-846,-885,-907,-830,-950,-888,-909,-914,-938,-902,-897,-887,-935,-826,-818,-898,-888,-866,-880,-879,-890,-869,TRUE
231710,"2026-01-21T17:41:14Z","2026-01-21T17:41:14Z","2026-01-20T17:38:18Z",6732,-38.45575551,-33.852693043266,-33.8522559141118,-38.4136415044771,-38.4236023389596,-43.8508120028702,-43.8509265257644,-44.08491569325,-44.0806360754068,-43.969430901063,-43.9682077973615,-43.9293341916411,-43.9303286010463,-44.0185371957921,-44.0216886091099,-44.212200072835,-44.2124797723491,-44.3431606925146,-44.3449543451045,-44.4253452653152,-44.4241282508076,-44.4851576043909,-44.4832088416415,-44.5303797855073,-44.5357365727368,-44.5822337898721,-44.5781662174647,-44.5922512847215,-44.5913549731533,-44.5797542009956,-44.5803427252045,-44.5433533809232,-44.5458379552402,-44.477581540411,-44.4769069994751,-44.3881236883841,-44.3880042421085,-44.2361196407279,-44.2425150605514,-44.1867122945526,-44.1749361535134,-34.1361540902518,-34.1396710029159,-35.8307266669827,-35.8354263186528,-38.1519003086858,-38.1509413702061,-41.3139314043093,-41.3165129227548,-44.1164664678082,-44.1205705925537,6541.791,6539.272,6537.191,6538.484,6534.946,6539.441,6535.992,6536.021,6536.549,6536.185,6535.589,6535.035,6535.93,6536.478,6537.356,6531.416,6536.194,6533.188,6534.592,6536.709,6537.143,6540.586,6533.882,6534.986,6534.159,-838,-883,-861,-850,-887,-905,-826,-948,-888,-924,-911,-948,-916,-916,-890,-935,-817,-830,-883,-900,-871,-869,-896,-891,-875,TRUE
231710,"2026-01-22T17:41:14Z","2026-01-22T17:41:14Z","2026-01-21T17:38:18Z",6724,-38.44922744,-33.8479603200423,-33.8475623721467,-38.3647127336887,-38.3747632607547,-43.8230852339586,-43.8233275879371,-44.0686949512271,-44.0644420693634,-43.9652483734166,-43.9641625291701,-43.95043501744,-43.9513542162247,-44.0320784199254,-44.0351624834637,-44.2183916849362,-44.2186457251186,-44.3425321469282,-44.3443530287865,-44.4217277610051,-44.4204903509059,-44.485548331402,-44.4835613680681,-44.5303608795111,-44.535756197116,-44.5823345481303,-44.5783253803656,-44.5922100381835,-44.5912163782871,-44.5797445510496,-44.5803330721572,-44.5433649747297,-44.5458105644182,-44.4775626275034,-44.4769010859762,-44.3881673781736,-44.3880413976391,-44.2360675434056,-44.2425086261735,-44.1867092990718,-44.1750702791415,-34.0818172650169,-34.0854806043534,-35.7649861856551,-35.7694422482168,-38.0670666619485,-38.066097454569,-41.2357901144375,-41.238296374549,-44.0997835128074,-44.1039159611412,6541.789,6539.273,6537.19,6538.475,6534.94,6539.444,6535.994,6536.022,6536.538,6536.19,6535.591,6535.035,6535.924,6536.471,6537.363,6531.416,6536.18,6533.184,6534.595,6536.708,6537.143,6540.573,6533.889,6534.973,6534.167,-843,-882,-855,-855,-887,-911,-841,-949,-888,-915,-917,-946,-904,-900,-898,-939,-819,-819,-892,-898,-875,-885,-894,-898,-869,TRUE
231710,"2026-01-23T17:41:13Z","2026-01-23T17:41:13Z","2026-01-22T17:38:18Z",6706,-38.46252762,-33.7464940137964,-33.7461360155266,-38.1994763739612,-38.2097560847278,-43.7682300337648,-43.7688491680335,-44.1248586382281,-44.1204482634749,-44.0187554396768,-44.0175382029832,-43.962110026962,-43.9632463270862,-44.0265124696021,-44.0298561974898,-44.2164619097804,-44.2171007491947,-44.3416190539631,-44.3434113159044,-44.4262847687111,-44.4251472237465,-44.4853642474175,-44.4833874799473,-44.5301469640381,-44.5354408289345,-44.5823301928246,-44.5782690856251,-44.5921977152978,-44.591262722417,-44.5797671036728,-44.5802972425756,-44.5433390386092,-44.5459795390057,-44.4776234085832,-44.4769293587613,-44.3881702106589,-44.3881680083929,-44.2361601659304,-44.2425489747111,-44.1867413237331,-44.1749390597061,-34.0217026400643,-34.0252240508254,-35.6959385726745,-35.7004163848692,-37.9839709823591,-37.9830368898304,-41.1571415100969,-41.1597794288163,-44.082343467127,-44.086603094777,6541.787,6539.244,6537.193,6538.482,6534.943,6539.448,6536,6536.02,6536.542,6536.189,6535.589,6535.025,6535.925,6536.477,6537.349,6531.416,6536.185,6533.182,6534.608,6536.708,6537.139,6540.568,6533.895,6534.979,6534.16,-848,-886,-865,-847,-872,-913,-834,-950,-893,-918,-916,-938,-909,-907,-889,-939,-824,-828,-890,-902,-876,-885,-897,-895,-873,TRUE
231710,"2026-01-24T17:41:05Z","2026-01-24T17:41:05Z","2026-01-23T17:38:18Z",6706,-38.43519514,-33.7635799734214,-33.7633746468868,-38.2009731429779,-38.2110335693157,-43.7860288807057,-43.7866848582885,-43.968082219902,-43.9637260734322,-43.8660930518116,-43.8649560440796,-43.9159225806653,-43.9170486736458,-44.0361559458678,-44.03948221738,-44.2273698753458,-44.2278255718843,-44.3426908491715,-44.3445851740346,-44.4240164059997,-44.4227275931986,-44.4850933630021,-44.4831041933992,-44.5302820280407,-44.5356216663302,-44.5823153613815,-44.5782089290783,-44.5921439604986,-44.5912861579067,-44.5797293752374,-44.5803827345542,-44.5434702441062,-44.5459157187765,-44.4776085491715,-44.4769145719479,-44.3881573543381,-44.3880052743252,-44.2361453239503,-44.2425607360904,-44.1867308696141,-44.1749286569468,-33.9673334796351,-33.97087920902,-35.6304060413376,-35.634817608143,-37.9066942767072,-37.9056007769874,-41.0814530456446,-41.0839653855803,-44.0651935964845,-44.0693512228742,6541.787,6539.249,6537.191,6538.471,6534.935,6539.447,6535.997,6536.025,6536.539,6536.184,6535.585,6535.03,6535.922,6536.472,6537.352,6531.418,6536.18,6533.184,6534.603,6536.707,6537.136,6540.566,6533.884,6534.974,6534.161,-842,-883,-865,-854,-880,-917,-844,-945,-891,-925,-925,-931,-911,-913,-894,-940,-817,-825,-905,-899,-882,-885,-894,-895,-876,TRUE
231710,"2026-01-25T17:41:23Z","2026-01-25T17:41:23Z","2026-01-24T17:38:18Z",6706,-38.4471531,-33.7392145098656,-33.7389031440049,-38.1396077323129,-38.1496431275911,-43.7362545349613,-43.7366000431169,-44.1502459117294,-44.1459469828238,-44.0517747404772,-44.0506488012089,-43.9820761649526,-43.9830495521774,-44.0309486305966,-44.0342432522221,-44.2134713472497,-44.2139792737532,-44.3427001149426,-44.3444488412391,-44.4254201257423,-44.4242322574923,-44.4855802954555,-44.4835695775002,-44.5304598096605,-44.5359169604861,-44.5823423784949,-44.5783331579288,-44.5922440256708,-44.591328624184,-44.5797943563,-44.5803180172238,-44.5433670217605,-44.5459360825587,-44.4775863610365,-44.4768727743754,-44.388167377574,-44.388067496606,-44.236028848962,-44.2424956935055,-44.1867205047992,-44.1749900443654,-33.9198830613154,-33.9234092897273,-35.5684218083879,-35.5729509175409,-37.8325757744817,-37.8315165326603,-41.0077649519042,-41.0103008092153,-44.047836259313,-44.0520164013409,6541.782,6539.252,6537.181,6538.482,6534.941,6539.431,6535.993,6536.013,6536.548,6536.19,6535.59,6535.032,6535.918,6536.474,6537.361,6531.412,6536.178,6533.177,6534.603,6536.699,6537.126,6540.564,6533.891,6534.967,6534.161,-842,-888,-868,-866,-886,-910,-833,-950,-887,-924,-922,-945,-910,-911,-905,-939,-817,-833,-898,-899,-885,-889,-906,-898,-874,TRUE
231710,"2026-01-26T17:41:12Z","2026-01-26T17:41:12Z","2026-01-25T17:38:18Z",6706,-38.44452967,-33.7134752992413,-33.7129673098784,-38.0726063745931,-38.0826028137613,-43.7208560024545,-43.7212127775329,-44.0070370332599,-44.0026087675417,-43.9013175119543,-43.9002589553008,-43.9201598710118,-43.9211354293807,-44.033488729924,-44.0366586671809,-44.2271364956032,-44.2275123231581,-44.3437806400286,-44.3456237249908,-44.425656533404,-44.424467559751,-44.4852586535454,-44.4832611214437,-44.5302957847731,-44.5357278876903,-44.5822107260424,-44.5781237281163,-44.5921258296801,-44.5912812134445,-44.5797237666004,-44.5803641794204,-44.5434054849071,-44.5458120465032,-44.4775681892917,-44.4769391839002,-44.3881140590753,-44.3881443848738,-44.2360487767355,-44.2423985677703,-44.1867109518794,-44.1749740106541,-33.8699828180847,-33.8736260883644,-35.503897942627,-35.5082664904014,-37.7561722582574,-37.7549904892307,-40.9329368445009,-40.9355395478117,-44.0298126102486,-44.0340028302676,6541.778,6539.236,6537.187,6538.472,6534.948,6539.44,6535.995,6536.021,6536.542,6536.182,6535.59,6535.038,6535.922,6536.469,6537.36,6531.407,6536.181,6533.186,6534.607,6536.698,6537.131,6540.553,6533.885,6534.976,6534.163,-845,-883,-859,-864,-888,-908,-841,-963,-901,-922,-920,-942,-908,-909,-896,-943,-823,-838,-896,-906,-878,-886,-906,-900,-871,TRUE
231710,"2026-01-27T17:41:04Z","2026-01-27T17:41:04Z","2026-01-26T17:38:18Z",6697,-38.44154018,-33.6428987170742,-33.6424570950693,-37.9453383635755,-37.9552031497625,-43.7114300111903,-43.7118354329963,-44.1513813855612,-44.1470503297172,-44.0556009453945,-44.0545668007761,-43.9897419301398,-43.990733941894,-44.0394053260013,-44.0426156973176,-44.2197993871496,-44.2201834644111,-44.3440891685682,-44.3458830594445,-44.4269216026045,-44.4258311467454,-44.4852994696343,-44.4832555843056,-44.5305623238813,-44.5360197388376,-44.5822063778578,-44.5781517278267,-44.5922852520784,-44.5913633758193,-44.5797375073985,-44.5802871638453,-44.5434125189714,-44.5458061891777,-44.4775845760827,-44.4769359949316,-44.3880896614755,-44.3880614583188,-44.2360660171057,-44.2426047413095,-44.1867356314049,-44.1749464083405,-33.8371074759838,-33.8406849117902,-35.4509176929215,-35.4553192009717,-37.6874471847212,-37.6862518278751,-40.8619902712932,-40.86450359836,-44.0120003852874,-44.0162791024852,6541.772,6539.231,6537.181,6538.479,6534.944,6539.44,6535.986,6536.025,6536.547,6536.185,6535.587,6535.032,6535.924,6536.47,6537.361,6531.422,6536.185,6533.19,6534.6,6536.692,6537.13,6540.555,6533.886,6534.959,6534.164,-840,-895,-865,-858,-887,-911,-839,-955,-893,-931,-921,-942,-910,-915,-895,-939,-820,-828,-911,-900,-880,-879,-895,-895,-875,TRUE
231710,"2026-01-28T17:41:09Z","2026-01-28T17:41:09Z","2026-01-27T17:38:18Z",6706,-38.41012003,-33.6564141528117,-33.6558787558338,-37.9145857842816,-37.9246835634413,-43.6866275402705,-43.687033750509,-43.9816462944602,-43.9772251411565,-43.8900406519298,-43.888909811338,-43.9250956703153,-43.9261456871095,-44.0386390130405,-44.0418782181398,-44.2281440277589,-44.2285276739965,-44.3439861648631,-44.3458912178922,-44.4248163177105,-44.4236360128588,-44.4855064774188,-44.4833736037027,-44.5304906589827,-44.5359671793979,-44.5821553309299,-44.5782500111749,-44.5922106346094,-44.5912490655035,-44.5797430607823,-44.5802860936858,-44.5433958531313,-44.54584787289,-44.4776080612049,-44.4768815673581,-44.3881294285332,-44.3880750669179,-44.2360745398415,-44.2425746666271,-44.1867569597806,-44.1751049269171,-33.8139414949403,-33.817264298677,-35.4013125963329,-35.4056977019187,-37.6197379656697,-37.618641004883,-40.7916245501236,-40.7942899382171,-43.9939801590245,-43.9980856436922,6541.782,6539.227,6537.189,6538.481,6534.939,6539.441,6535.995,6536.019,6536.545,6536.185,6535.588,6535.04,6535.922,6536.464,6537.358,6531.411,6536.187,6533.194,6534.599,6536.703,6537.109,6540.544,6533.885,6534.951,6534.165,-836,-895,-873,-857,-893,-920,-840,-953,-887,-920,-915,-942,-915,-909,-897,-935,-822,-828,-899,-896,-874,-883,-908,-894,-876,TRUE
231710,"2026-01-29T17:41:11Z","2026-01-29T17:41:11Z","2026-01-28T17:38:18Z",6697,-38.42183395,-33.6324842755984,-33.6320309579894,-37.8317849588019,-37.8417791580833,-43.6057853200499,-43.6062375226967,-44.0644913490355,-44.0601804092515,-43.9716536264357,-43.9706724285332,-43.9361064404684,-43.937088807519,-44.0238411245366,-44.0270270399518,-44.2160891129978,-44.2165946247239,-44.3432975129259,-44.3451701745492,-44.4265379047059,-44.4253223226302,-44.4857770570401,-44.483751028976,-44.5305636454499,-44.5358681348349,-44.5823751000638,-44.578346466255,-44.5922703481836,-44.5913675154637,-44.5798127977889,-44.5802974454125,-44.5434906939656,-44.5458323019536,-44.4775571716735,-44.4769931410027,-44.388143881336,-44.3880830441601,-44.2360859062808,-44.2425074062149,-44.1867672982336,-44.1750107686488,-33.8016058314199,-33.80492725339,-35.3595492176119,-35.363849280988,-37.5565379623654,-37.5554464799177,-40.7235819177406,-40.7260440542924,-43.9758173339594,-43.9799658640845,6541.789,6539.213,6537.187,6538.478,6534.94,6539.439,6535.996,6536.014,6536.538,6536.187,6535.582,6535.035,6535.922,6536.472,6537.366,6531.419,6536.173,6533.181,6534.601,6536.71,6537.126,6540.539,6533.886,6534.966,6534.163,-841,-890,-868,-864,-893,-913,-840,-955,-894,-924,-924,-941,-921,-915,-894,-944,-829,-837,-894,-900,-879,-886,-898,-903,-882,TRUE
231710,"2026-01-30T17:41:03Z","2026-01-30T17:41:03Z","2026-01-29T17:38:18Z",6697,-38.38968168,-33.6131058860788,-33.6126624503238,-37.7449741173145,-37.7550194742277,-43.5633776924714,-43.5637992483416,-44.0766210166617,-44.0723497225137,-43.9916167992621,-43.9903212177883,-43.9503334627234,-43.9513148970446,-44.0271462061426,-44.0303826728106,-44.2161267538041,-44.2165405253808,-44.342891622473,-44.3446371617245,-44.4267090101321,-44.4254259616677,-44.485842858356,-44.4838809640436,-44.530453148766,-44.5358817957396,-44.5823798852941,-44.5784355866951,-44.5922510217101,-44.5912509658486,-44.5796946736691,-44.5801793924034,-44.5434145717766,-44.54578870621,-44.4776071777746,-44.4769131363294,-44.3882184064611,-44.3881249870474,-44.2359997379268,-44.2425189929067,-44.1867726630513,-44.1749834810545,-33.7936519583301,-33.7969590385286,-35.320976208783,-35.3252434051928,-37.4931173570462,-37.4918750078684,-40.6545322207487,-40.6570348976934,-43.9570132478984,-43.961166153211,6541.769,6539.211,6537.179,6538.484,6534.947,6539.437,6536,6536.013,6536.554,6536.195,6535.591,6535.036,6535.925,6536.472,6537.353,6531.412,6536.184,6533.184,6534.603,6536.711,6537.117,6540.543,6533.893,6534.947,6534.166,-850,-891,-870,-859,-892,-922,-843,-952,-903,-931,-922,-945,-912,-914,-900,-949,-824,-830,-907,-899,-874,-895,-901,-898,-884,TRUE
231710,"2026-01-31T17:41:02Z","2026-01-31T17:41:02Z","2026-01-30T17:38:18Z",6689,-38.37711362,-33.6560619967251,-33.6553954007462,-37.7477112752878,-37.75785945461,-43.6126154142583,-43.612946065633,-43.9080822149484,-43.903747073234,-43.8530570138675,-43.8518663368117,-43.9300502800694,-43.9310776288778,-44.0489887461424,-44.0522002227981,-44.2298156196571,-44.2301724005817,-44.3434531142422,-44.345231686525,-44.4228998508833,-44.4216037019361,-44.4852299229936,-44.4832042601465,-44.5312426730314,-44.5366379165834,-44.5824022022261,-44.5782633638297,-44.592408091052,-44.5915693358516,-44.5797953178679,-44.5803188023608,-44.5433886400629,-44.5457756628289,-44.4775753948072,-44.4768879298365,-44.3881773450621,-44.388051284856,-44.2361437124765,-44.2425200956279,-44.1866985554108,-44.1750073484664,-33.7942808188859,-33.7974576143616,-35.2909115909182,-35.2951471432958,-37.4357728349551,-37.4345326945747,-40.5882596750636,-40.5909316680036,-43.938518780723,-43.9427610287884,6541.805,6539.213,6537.186,6538.479,6534.943,6539.447,6536.012,6536.052,6536.552,6536.184,6535.597,6535.032,6535.928,6536.474,6537.364,6531.417,6536.183,6533.182,6534.618,6536.717,6537.122,6540.54,6533.898,6534.951,6534.17,-844,-887,-868,-864,-885,-922,-839,-961,-896,-924,-922,-936,-914,-915,-909,-945,-832,-829,-897,-903,-886,-888,-901,-901,-879,TRUE
231710,"2026-02-01T17:41:09Z","2026-02-01T17:41:09Z","2026-01-31T17:38:18Z",6697,-38.39206107,-33.6642507824011,-33.6637098421495,-37.6889458495317,-37.6990962793399,-43.5296242136763,-43.5301689114152,-44.0475309053048,-44.0433057482694,-43.9671572628633,-43.9658945170993,-43.9374174609262,-43.9383959351306,-44.0254540420032,-44.0286152642643,-44.215329821975,-44.2157726270526,-44.3429118968477,-44.3447269700655,-44.4267337372142,-44.4255389235022,-44.4858567326963,-44.4838637074685,-44.5306655073909,-44.5359825360886,-44.5825818241983,-44.5784364169398,-44.5924624609907,-44.5914556337994,-44.5797672102788,-44.5803297575906,-44.54334902115,-44.5457881216895,-44.4775275869785,-44.4768855348084,-44.3881968862059,-44.3880057623128,-44.2361743806506,-44.2425046230067,-44.1867791397481,-44.1750552651075,-33.7999645694597,-33.8030722467022,-35.2657978897022,-35.2699587419907,-37.3825316748685,-37.3812147644135,-40.5240232092492,-40.5263969069067,-43.9200125782191,-43.9243245898642,6541.788,6539.205,6537.175,6538.479,6534.947,6539.438,6535.995,6536.033,6536.551,6536.184,6535.585,6535.037,6535.92,6536.464,6537.355,6531.421,6536.179,6533.184,6534.6,6536.706,6537.118,6540.543,6533.898,6534.946,6534.157,-847,-889,-868,-866,-890,-913,-842,-957,-897,-931,-920,-949,-915,-916,-905,-956,-827,-833,-903,-904,-875,-887,-896,-897,-881,TRUE
231710,"2026-02-02T17:41:01Z","2026-02-02T17:41:01Z","2026-02-01T17:38:18Z",6697,-38.37162272,-33.8167218918306,-33.8163217933069,-37.8378959728063,-37.8480069268072,-43.5274108680482,-43.5275716685887,-44.0837777195067,-44.0795073262814,-44.0066238682792,-44.0055770698252,-43.9704579089716,-43.9714288171703,-44.0416668200718,-44.0447405175481,-44.2241440534022,-44.2245029622167,-44.3450114728671,-44.346918244784,-44.427304484297,-44.4262209501619,-44.4856523078115,-44.4837348016154,-44.5308335879832,-44.5362627242787,-44.5822897720135,-44.5781118799325,-44.5921547335933,-44.5912911069017,-44.5796757408697,-44.5802578398433,-44.5433920336321,-44.545772688258,-44.4775285938767,-44.4768735144072,-44.3881251855983,-44.3880187844205,-44.2360526517276,-44.2425719294367,-44.1867268683305,-44.1748984838663,-33.7989520125429,-33.8020752433466,-35.2381553664821,-35.2421806070392,-37.3267230366802,-37.3253347316538,-40.457181953208,-40.4597475397478,-43.9001552991538,-43.9044072312718,6541.793,6539.213,6537.179,6538.478,6534.939,6539.443,6535.998,6536.02,6536.533,6536.182,6535.593,6535.037,6535.933,6536.461,6537.356,6531.41,6536.178,6533.198,6534.602,6536.71,6537.123,6540.543,6533.886,6534.937,6534.172,-846,-895,-870,-866,-893,-920,-845,-949,-899,-922,-923,-944,-914,-925,-895,-948,-821,-834,-898,-904,-881,-881,-904,-897,-880,TRUE
231710,"2026-02-03T17:41:01Z","2026-02-03T17:41:01Z","2026-02-02T17:38:18Z",6697,-38.3751613,-33.7179149671721,-33.7174575387131,-37.6360250774739,-37.6459621531851,-43.4663395379364,-43.4666778672902,-44.0188358881279,-44.014369435413,-43.9420586690881,-43.9408617051227,-43.9361706077813,-43.9371868723254,-44.0346519430853,-44.0377791914008,-44.2267489624894,-44.2271541738745,-44.3444897800534,-44.3462769543224,-44.4270790324062,-44.4259785573805,-44.4859618132906,-44.4839179988385,-44.5306962256737,-44.5360706764056,-44.5823467122647,-44.5781948209514,-44.5921721412268,-44.5912302977538,-44.5796133530327,-44.5802538403968,-44.5433160389496,-44.545703176536,-44.4775446405618,-44.4767985902911,-44.3881365829197,-44.3880431658523,-44.2360319236431,-44.242459966353,-44.1867442757679,-44.1750073371044,-33.7956365070849,-33.7987244563757,-35.2139890915276,-35.2180250303031,-37.2755702074898,-37.2740839063429,-40.3924359050875,-40.3949754112224,-43.8805153253897,-43.8846872912299,6541.796,6539.199,6537.179,6538.481,6534.943,6539.439,6535.995,6536.018,6536.54,6536.176,6535.596,6535.033,6535.918,6536.465,6537.359,6531.43,6536.179,6533.189,6534.612,6536.701,6537.116,6540.535,6533.886,6534.937,6534.176,-844,-888,-873,-867,-892,-915,-843,-957,-900,-932,-920,-944,-914,-917,-893,-944,-828,-837,-900,-904,-884,-893,-903,-895,-880,TRUE
231710,"2026-02-04T17:41:00Z","2026-02-04T17:41:00Z","2026-02-03T17:38:18Z",6697,-38.37388009,-33.6975599578199,-33.6969320573763,-37.5684021443817,-37.578453236732,-43.4432407786876,-43.4436283932172,-44.0103573251517,-44.0058518700767,-43.9347331804383,-43.9334774244443,-43.9349381333101,-43.9359396830232,-44.0368756535553,-44.040023858576,-44.2277353251464,-44.2281890251799,-44.3445649982647,-44.3464053291446,-44.4274345671898,-44.426191983627,-44.485989929984,-44.4838489015188,-44.5307633883294,-44.5361440183455,-44.5823511973492,-44.578166869155,-44.5922027066447,-44.5912413462382,-44.5796619811059,-44.580192104529,-44.5433462764548,-44.5457528815221,-44.4775630873733,-44.4768430526989,-44.3881926504744,-44.3880145388845,-44.2360657121427,-44.2425264914444,-44.1867058529772,-44.1750080782224,-33.790801531316,-33.7938448269442,-35.1943432337808,-35.1983785597576,-37.230945287727,-37.2295528129272,-40.3310157004664,-40.3335668334713,-43.8609417485478,-43.8651321208952,6541.793,6539.194,6537.172,6538.473,6534.947,6539.449,6536,6536.02,6536.55,6536.19,6535.587,6535.034,6535.919,6536.461,6537.353,6531.412,6536.174,6533.198,6534.614,6536.707,6537.134,6540.536,6533.898,6534.95,6534.159,-845,-893,-872,-861,-890,-917,-852,-961,-896,-928,-928,-940,-911,-923,-896,-942,-830,-837,-904,-902,-884,-892,-900,-900,-872,TRUE
231710,"2026-02-05T17:41:08Z","2026-02-05T17:41:08Z","2026-02-04T17:38:18Z",6697,-38.35881062,-33.6702847263973,-33.669835906079,-37.5176312116937,-37.5277493424482,-43.3858481010261,-43.386490282616,-44.0326000158062,-44.0282585687154,-43.969791762067,-43.968659908264,-43.9479298595252,-43.9490409031896,-44.0316747352973,-44.0350332382415,-44.2211351890516,-44.2216261513726,-44.3429467719723,-44.3448136242399,-44.4272845240246,-44.4261352930562,-44.4863863912398,-44.484289615445,-44.5305435415119,-44.535906186641,-44.5825246379405,-44.5784246434251,-44.5921841692588,-44.5912035098517,-44.5796422402254,-44.5801788880673,-44.5433403941814,-44.5458054824044,-44.4775833409074,-44.4767982867931,-44.3881102058861,-44.3880819439181,-44.2361607373824,-44.242471351377,-44.186697179889,-44.1749928603315,-33.7720353815334,-33.7749985173483,-35.1722649548234,-35.1762858236232,-37.1887735980674,-37.1872596849495,-40.2712965229053,-40.2736966490642,-43.8411520545198,-43.8453873443247,6541.799,6539.193,6537.178,6538.48,6534.937,6539.439,6535.991,6536.02,6536.543,6536.198,6535.599,6535.04,6535.924,6536.47,6537.351,6531.413,6536.186,6533.19,6534.626,6536.701,6537.111,6540.536,6533.894,6534.948,6534.17,-844,-890,-870,-866,-892,-924,-836,-953,-897,-932,-919,-942,-918,-914,-901,-939,-819,-827,-892,-903,-877,-893,-897,-898,-877,TRUE
231710,"2026-02-06T17:40:59Z","2026-02-06T17:40:59Z","2026-02-05T17:38:18Z",6680,-38.34416822,-33.6078004204105,-33.6072977747316,-37.4415356101476,-37.4514942689297,-43.3496382601355,-43.3498262740447,-44.0469072084916,-44.0427494968289,-43.9894682995879,-43.9882317162914,-43.9670100552342,-43.967883302446,-44.0430695349831,-44.0462967670072,-44.2260442011029,-44.2262418545958,-44.3452542284042,-44.3470666592992,-44.4281868525812,-44.4269439222435,-44.4854709974151,-44.4833462756732,-44.5311736275169,-44.5365107828969,-44.5821569124042,-44.578121768818,-44.5922295671411,-44.5912749458502,-44.5797331601772,-44.580250312169,-44.5432516867546,-44.545684357188,-44.4775223350187,-44.4768217561654,-44.3881397811729,-44.3880333635794,-44.2361034857457,-44.2424922945265,-44.1866353184533,-44.1749701424046,-33.7383021005832,-33.7414677890761,-35.1429333062799,-35.1469767437378,-37.1464992375394,-37.1450285928325,-40.2120306528423,-40.2145518591968,-43.8208699596001,-43.8251047271216,6541.787,6539.18,6537.166,6538.474,6534.947,6539.45,6535.994,6536.028,6536.549,6536.2,6535.594,6535.038,6535.923,6536.482,6537.353,6531.424,6536.195,6533.183,6534.616,6536.708,6537.112,6540.52,6533.9,6534.949,6534.165,-849,-890,-870,-866,-891,-921,-844,-964,-898,-924,-931,-950,-911,-921,-902,-951,-826,-837,-898,-902,-877,-896,-908,-897,-874,TRUE
231710,"2026-02-07T17:41:07Z","2026-02-07T17:41:07Z","2026-02-06T17:38:18Z",6689,-38.32824461,-33.5987703086779,-33.5982892237902,-37.426471064252,-37.4364764776931,-43.296361167781,-43.2963613605454,-44.0627772054761,-44.0583781245542,-44.0162098885472,-44.0149599738998,-43.976242100341,-43.9771596087055,-44.0392971692085,-44.0423890761884,-44.2216345741787,-44.221996475894,-44.344812551481,-44.3466073743843,-44.4274368707676,-44.4261313615125,-44.4860570585855,-44.4839574604107,-44.5309226364011,-44.5362546215895,-44.582134569801,-44.5780539902145,-44.5920606742931,-44.5911322582792,-44.5796339520051,-44.580105739455,-44.5433036182232,-44.5456323563062,-44.4774584263848,-44.4767513045198,-44.388043376033,-44.3879825999412,-44.2359997206618,-44.2424339763379,-44.1866023225694,-44.1749175351284,-33.7021219754232,-33.7051526174597,-35.1097191391848,-35.1135992608138,-37.1055473787827,-37.1040460091017,-40.1554142970209,-40.1579065153898,-43.800542121449,-43.804829001027,6541.789,6539.192,6537.174,6538.475,6534.946,6539.441,6536.003,6536.015,6536.544,6536.187,6535.597,6535.033,6535.93,6536.486,6537.369,6531.425,6536.177,6533.206,6534.607,6536.709,6537.112,6540.536,6533.906,6534.935,6534.168,-844,-897,-869,-870,-889,-921,-845,-954,-890,-925,-923,-941,-925,-918,-901,-943,-825,-834,-903,-908,-882,-886,-909,-903,-884,TRUE
231710,"2026-02-08T17:41:06Z","2026-02-08T17:41:06Z","2026-02-07T17:38:18Z",6689,-38.32623128,-33.6536459493396,-33.6529867209848,-37.482948527951,-37.4928343826038,-43.3442409685059,-43.3442440216177,-43.998894226417,-43.9946911999145,-43.9509018285952,-43.9497503529564,-43.9578698211645,-43.9588154725212,-44.0486655363632,-44.0516846411446,-44.2337171430418,-44.2340859048538,-44.3458305441217,-44.3476245494992,-44.4270561569157,-44.4258641528212,-44.4852524897509,-44.4832144256016,-44.5308801496023,-44.5362286352429,-44.5818779746865,-44.5777390359228,-44.5919642132918,-44.5910549754965,-44.5796374773905,-44.5801611290281,-44.5432227042451,-44.5456748421584,-44.4774117472683,-44.476711146072,-44.3880887594678,-44.3879953611712,-44.2361092526877,-44.2425047635229,-44.1866556385579,-44.1749708996938,-33.6716422986682,-33.6746486941089,-35.0729828884068,-35.0770094024522,-37.0628652807434,-37.0613168021365,-40.0997015072587,-40.1021987436007,-43.7800435161266,-43.7841856060749,6541.798,6539.196,6537.181,6538.475,6534.952,6539.441,6535.999,6536.021,6536.553,6536.186,6535.594,6535.05,6535.937,6536.459,6537.372,6531.418,6536.171,6533.183,6534.618,6536.704,6537.12,6540.528,6533.892,6534.931,6534.152,-853,-890,-869,-866,-896,-913,-845,-951,-900,-923,-927,-940,-907,-923,-903,-944,-825,-843,-892,-900,-879,-897,-905,-909,-884,TRUE
231710,"2026-02-09T17:40:58Z","2026-02-09T17:40:58Z","2026-02-08T17:38:18Z",6697,-38.32196058,-33.6839535629828,-33.6833783431346,-37.4619054785989,-37.4717423799239,-43.3135928841552,-43.3136769434141,-43.9898100307497,-43.9854239821835,-43.943681468936,-43.9425562097446,-43.9479669676484,-43.9490135878718,-44.040657596386,-44.043786978495,-44.2275914849557,-44.2279008454902,-44.3438959090618,-44.345794110096,-44.4261708824373,-44.4248427166179,-44.4853856782722,-44.4833155826006,-44.5304579028208,-44.5359102423872,-44.5820726704446,-44.5779791624452,-44.5920074078163,-44.5910981003796,-44.5795530315551,-44.5800832076094,-44.543302070958,-44.5456177625185,-44.4775511975634,-44.4766751306785,-44.3880832196986,-44.3879637663914,-44.2361130905346,-44.2424367901054,-44.1866740674562,-44.1750154566253,-33.6642253114289,-33.6672339917344,-35.0407651334968,-35.0447928763725,-37.0203271181601,-37.0187466007143,-40.0460196235857,-40.0484983123957,-43.7595055620894,-43.7638117900754,6541.799,6539.194,6537.176,6538.471,6534.947,6539.431,6535.99,6536.004,6536.549,6536.192,6535.589,6535.03,6535.918,6536.472,6537.362,6531.424,6536.177,6533.194,6534.616,6536.699,6537.117,6540.516,6533.898,6534.929,6534.164,-845,-893,-869,-865,-891,-923,-843,-959,-898,-930,-931,-938,-917,-921,-900,-950,-826,-836,-902,-902,-880,-887,-905,-897,-878,TRUE
231710,"2026-02-10T17:41:05Z","2026-02-10T17:41:05Z","2026-02-09T17:38:18Z",6689,-38.31134484,-33.6931750537869,-33.6926929772625,-37.3690770970458,-37.3790832546055,-43.2785917031995,-43.2791063639303,-43.9771836915064,-43.9728766804573,-43.9406840454465,-43.9395128493969,-43.9493377922159,-43.9503548357693,-44.0401047278461,-44.0433656036859,-44.2244998731933,-44.2248751302922,-44.3431120726658,-44.3449390708946,-44.4251830404846,-44.4240568084122,-44.4852843724309,-44.483260030748,-44.5306502765622,-44.5360502870106,-44.5820874341687,-44.5780133952736,-44.5921248591892,-44.5911894811526,-44.5795942007556,-44.5800789194898,-44.5432729609962,-44.5456536156221,-44.477432437378,-44.4767513562675,-44.3880406605773,-44.3879668111669,-44.2359892323983,-44.2424825549919,-44.186693817216,-44.1749372748132,-33.6907555192552,-33.6936951640794,-35.0222141172197,-35.0260747337808,-36.9804317919481,-36.9788738938031,-39.9945721761063,-39.9969521712649,-43.7392178004907,-43.7435236871151,6541.804,6539.181,6537.184,6538.471,6534.943,6539.449,6536.02,6536.022,6536.558,6536.193,6535.602,6535.027,6535.918,6536.472,6537.367,6531.412,6536.171,6533.178,6534.608,6536.697,6537.106,6540.528,6533.895,6534.915,6534.17,-850,-896,-870,-857,-892,-915,-842,-953,-900,-931,-919,-944,-928,-916,-906,-945,-835,-831,-909,-905,-883,-893,-899,-898,-873,TRUE
231710,"2026-02-11T17:41:03Z","2026-02-11T17:41:03Z","2026-02-10T17:38:18Z",6697,-38.28614771,-33.7230080573704,-33.7223397215284,-37.2809450325052,-37.290918661714,-43.1968552205272,-43.1968037425043,-43.9977773027363,-43.9934711650127,-43.9676335371248,-43.9665671364305,-43.9558357601562,-43.9567773660875,-44.0360998126279,-44.0391327499654,-44.2185808420589,-44.2188488218939,-44.3428306565509,-44.3445281023852,-44.4253063854807,-44.4240910500054,-44.4855107836152,-44.4835499027704,-44.5305897681621,-44.5360496648728,-44.5820777281928,-44.5780361077943,-44.5919718452508,-44.5910627003122,-44.5795276425523,-44.5800903045243,-44.5432131687532,-44.5456198576624,-44.4774111480672,-44.4766910323474,-44.388080246241,-44.3879542961691,-44.2360187336647,-44.2424532054218,-44.1866163744869,-44.1749185536893,-33.7407722551321,-33.7434160111267,-35.0187239338696,-35.0225004366991,-36.9428630487316,-36.9413446529756,-39.9432464179948,-39.9456963268625,-43.718383836572,-43.7226833660907,6541.797,6539.175,6537.17,6538.481,6534.958,6539.452,6536.004,6536.024,6536.545,6536.196,6535.597,6535.03,6535.935,6536.468,6537.368,6531.426,6536.19,6533.202,6534.614,6536.698,6537.12,6540.531,6533.885,6534.941,6534.16,-852,-891,-872,-862,-894,-916,-846,-954,-904,-932,-929,-941,-924,-923,-900,-949,-825,-836,-899,-906,-880,-893,-907,-897,-878,TRUE
231710,"2026-02-12T17:40:56Z","2026-02-12T17:40:56Z","2026-02-11T17:38:18Z",6697,-38.27553197,-33.7675317894192,-33.7669275601872,-37.2352490941921,-37.2451616555404,-43.1628700533904,-43.1629724074304,-43.9866591586997,-43.9823923406762,-43.9587222646888,-43.9575511188244,-43.9530909672016,-43.9540821202979,-44.0375128368809,-44.0406457516904,-44.2223989791276,-44.2227777029235,-44.3426801891221,-44.344477086611,-44.4259747026943,-44.4246896917129,-44.4853434483234,-44.4832399323183,-44.5304255195753,-44.5358266882757,-44.5819729527308,-44.5779507994446,-44.5918936549213,-44.5909780213148,-44.5795283448707,-44.5800974879145,-44.5431509290568,-44.5456680611868,-44.4774811854933,-44.4767806094328,-44.3880498255155,-44.3879759854977,-44.236015614533,-44.2423978691502,-44.1866183518129,-44.174933595052,-33.7929169126665,-33.7956022234942,-35.0260434738927,-35.0297039186491,-36.9093233966987,-36.9077193679604,-39.8920637661132,-39.8945344515589,-43.6971480209328,-43.7014876721131,6541.806,6539.172,6537.157,6538.474,6534.948,6539.44,6536.005,6536.017,6536.546,6536.199,6535.589,6535.019,6535.93,6536.487,6537.366,6531.425,6536.187,6533.194,6534.614,6536.703,6537.115,6540.531,6533.89,6534.917,6534.152,-849,-886,-873,-862,-896,-924,-849,-964,-896,-932,-927,-939,-918,-918,-899,-954,-828,-839,-900,-908,-887,-892,-906,-905,-884,TRUE
231710,"2026-02-13T17:41:03Z","2026-02-13T17:41:03Z","2026-02-12T17:38:18Z",6697,-38.31280908,-33.9131296546141,-33.9125416075575,-37.3718236067033,-37.3817996096281,-43.2816706692992,-43.2818306343628,-43.8903296478658,-43.8859576362619,-43.8778582526574,-43.8767061476272,-43.9421265706147,-43.9430735097182,-44.0485852193073,-44.0516903057967,-44.2269741591025,-44.2273244317344,-44.3413894721202,-44.3431187196593,-44.4220592200795,-44.4208322528751,-44.4848057594213,-44.482837522423,-44.5306296217727,-44.5360000144821,-44.5822180113236,-44.5781440343358,-44.5920709570046,-44.5912130428842,-44.5795770154399,-44.5801135951584,-44.5432067715731,-44.5456198720063,-44.4773973293659,-44.4767552883454,-44.3881325215887,-44.3879348401336,-44.2359811481037,-44.2423963896247,-44.1866005485345,-44.1749484748143,-33.8415366206011,-33.8441052713604,-35.0424855768662,-35.0462123340565,-36.8849672188522,-36.8833523231213,-39.8444260266002,-39.8468353265611,-43.6767353093195,-43.6810419592129,6541.808,6539.182,6537.183,6538.485,6534.944,6539.443,6535.997,6536.025,6536.547,6536.182,6535.588,6535.035,6535.936,6536.469,6537.362,6531.419,6536.186,6533.191,6534.609,6536.69,6537.142,6540.528,6533.905,6534.919,6534.163,-850,-898,-875,-861,-893,-916,-842,-960,-900,-930,-917,-952,-919,-911,-904,-947,-831,-828,-907,-903,-888,-888,-896,-904,-883,TRUE
231710,"2026-02-14T17:41:02Z","2026-02-14T17:41:02Z","2026-02-13T17:38:18Z",6689,-38.2555817,-33.8852433204557,-33.8846866763,-37.2378848839842,-37.2479688078291,-43.1011594436401,-43.1016381356289,-44.0114737384648,-44.0071887969122,-43.9994520443792,-43.9982677381349,-43.9737607594326,-43.9748239867703,-44.0379395746843,-44.0410988023765,-44.2152596607123,-44.2156954860147,-44.3407542032219,-44.3425551850283,-44.4261582566172,-44.424951557647,-44.4850228172603,-44.483053181763,-44.5303533424816,-44.535808477097,-44.5821056411162,-44.5781029278907,-44.5920780982661,-44.5911560781094,-44.5795030523666,-44.5801306583813,-44.5431885514139,-44.5456732222178,-44.477450656356,-44.4767695445437,-44.3880509461835,-44.3880162110359,-44.2359605864538,-44.2424144250118,-44.1865407055018,-44.174895076983,-33.881447938169,-33.8839176220399,-35.0567354277137,-35.0603488172875,-36.8628154450195,-36.8610478413181,-39.7961831959647,-39.798637798952,-43.6554462519032,-43.659812936016,6541.809,6539.173,6537.163,6538.467,6534.942,6539.441,6535.994,6536.005,6536.531,6536.188,6535.589,6535.024,6535.906,6536.461,6537.366,6531.409,6536.185,6533.185,6534.596,6536.671,6537.127,6540.526,6533.9,6534.908,6534.152,-847,-898,-875,-872,-898,-921,-849,-961,-900,-934,-927,-950,-915,-925,-903,-946,-829,-838,-907,-902,-883,-896,-910,-909,-873,TRUE
231710,"2026-02-15T17:40:54Z","2026-02-15T17:40:54Z","2026-02-14T17:38:18Z",6689,-38.22861528,-33.895829305743,-33.8951703850483,-37.1540857110695,-37.1641808081827,-43.025467339017,-43.0265606794838,-43.9998015033481,-43.9955636084608,-44.0011270873432,-44.000027939173,-43.9776812199064,-43.9789205091684,-44.0372557666529,-44.0407479166884,-44.217173132229,-44.2179875964046,-44.3393523910932,-44.341210476142,-44.4263880938673,-44.4252460792897,-44.4850742530561,-44.4831109596057,-44.5299843414625,-44.5353491028224,-44.582148500567,-44.5781263217922,-44.5919482902817,-44.5910004267407,-44.5794768367715,-44.5801304198086,-44.5432201220652,-44.5456917896578,-44.4774359691415,-44.4767483478385,-44.38806976679,-44.3880350269388,-44.2360268174561,-44.242402381367,-44.1865835546802,-44.1749248825493,-33.9252460903261,-33.9277258252074,-35.0705698698129,-35.0739914931244,-36.8427508301976,-36.8410057475588,-39.748747535406,-39.7510700559275,-43.6336557315499,-43.6380500877503,6541.813,6539.151,6537.165,6538.464,6534.937,6539.453,6536.009,6536.025,6536.543,6536.19,6535.594,6535.031,6535.915,6536.468,6537.36,6531.414,6536.188,6533.186,6534.598,6536.672,6537.127,6540.528,6533.888,6534.919,6534.145,-846,-895,-872,-865,-893,-916,-840,-961,-899,-930,-919,-945,-915,-915,-908,-947,-831,-837,-909,-903,-884,-889,-903,-907,-880,TRUE
231710,"2026-02-16T17:41:00Z","2026-02-16T17:41:00Z","2026-02-15T17:38:18Z",6697,-38.26223179,-33.9938209617395,-33.9930324178296,-37.2039055936759,-37.2139119039945,-43.0841734420221,-43.084330280683,-43.9785791990346,-43.9742546902096,-43.9664391350879,-43.9652286487172,-43.9595012807176,-43.9604392617202,-44.0399122787407,-44.0430708844891,-44.2210488672438,-44.2214108926399,-44.3420156603595,-44.3438433480721,-44.4261931890069,-44.4248811668637,-44.4848570833333,-44.4828112769786,-44.5301665757096,-44.5356137279389,-44.5818661189492,-44.5777985377138,-44.5919201359546,-44.5909201681502,-44.579456527088,-44.580071143045,-44.5431686645296,-44.5456078489928,-44.4773868999826,-44.4766927803541,-44.3880354293859,-44.3879550855895,-44.2360112688822,-44.242367363715,-44.1864691366572,-44.1749214373696,-33.9832205138672,-33.9856073262362,-35.0935110104156,-35.0968995553546,-36.8293085384744,-36.8274549725005,-39.7046904704648,-39.7069609422692,-43.6122600865912,-43.6166093243941,6541.813,6539.174,6537.161,6538.468,6534.943,6539.453,6536.011,6536.008,6536.539,6536.191,6535.578,6535.028,6535.92,6536.467,6537.357,6531.4,6536.171,6533.201,6534.597,6536.685,6537.131,6540.533,6533.897,6534.918,6534.164,-848,-901,-877,-868,-897,-918,-850,-959,-900,-928,-927,-944,-911,-922,-905,-951,-826,-834,-904,-912,-879,-896,-904,-899,-886,TRUE
231710,"2026-02-17T17:40:55Z","2026-02-17T17:40:55Z","2026-02-16T17:38:18Z",6697,-38.2384989,-34.0782442568413,-34.0775973734982,-37.2293870415991,-37.2394049112422,-43.0271214795084,-43.0274483634268,-44.001808320709,-43.9975252201376,-44.0061888748625,-44.0050179214329,-43.9867236445006,-43.9877063167246,-44.0459137538867,-44.0491514184548,-44.2170585743065,-44.2174311941966,-44.3407698741988,-44.3425358383526,-44.4247826390589,-44.4235600757489,-44.4848254999086,-44.4826858567072,-44.5303906073255,-44.535774962465,-44.5819580173288,-44.5778774285428,-44.5919242810916,-44.5910283967826,-44.5794749818014,-44.5800441992354,-44.5431058742192,-44.5456555487138,-44.4774040351909,-44.4767358977092,-44.3880469959461,-44.3879797043282,-44.2360089843614,-44.2424301999472,-44.1865482628841,-44.1748961023435,-34.0413462548258,-34.0437133313079,-35.1188326880488,-35.1222572364012,-36.8178186802679,-36.8158958602401,-39.6619174684161,-39.664339289893,-43.5906989798974,-43.5950494047334,6541.815,6539.177,6537.156,6538.467,6534.941,6539.438,6535.992,6536.017,6536.547,6536.185,6535.584,6535.041,6535.931,6536.464,6537.345,6531.402,6536.172,6533.184,6534.613,6536.682,6537.127,6540.535,6533.892,6534.906,6534.162,-852,-894,-874,-868,-894,-912,-846,-960,-904,-928,-928,-947,-920,-919,-903,-946,-828,-833,-902,-907,-876,-894,-910,-899,-881,TRUE
231710,"2026-02-18T17:40:54Z","2026-02-18T17:40:54Z","2026-02-17T17:38:18Z",6689,-38.20079472,-34.0972302598266,-34.0965491795815,-37.1591728556592,-37.1691401305503,-42.9325319845537,-42.9328953845257,-43.9990170927233,-43.9947284714463,-44.0162646574728,-44.0151656494057,-43.9878978183712,-43.9888709965516,-44.0418824102819,-44.045065291008,-44.2176308759669,-44.2180258644058,-44.3406640010896,-44.3425063044893,-44.4267787676866,-44.4255624228392,-44.4848098870875,-44.4827802176476,-44.5300568401263,-44.5354289648391,-44.5817155929416,-44.5776804045931,-44.5917072692565,-44.5908180826753,-44.5794410913063,-44.5800298046971,-44.5431999636204,-44.5456131976079,-44.4773854300247,-44.47673678196,-44.3879725007987,-44.3879508343482,-44.2359786327835,-44.2424062888012,-44.1865132258234,-44.1749067537079,-34.0918713226987,-34.0940747630154,-35.1434685276237,-35.1468037156424,-36.8066883472749,-36.8047948301644,-39.6192337254885,-39.621502728678,-43.5683453260506,-43.5727109398352,6541.825,6539.161,6537.157,6538.466,6534.944,6539.445,6535.994,6536.021,6536.542,6536.191,6535.583,6535.03,6535.923,6536.459,6537.359,6531.412,6536.17,6533.19,6534.601,6536.67,6537.131,6540.526,6533.887,6534.903,6534.15,-854,-896,-876,-862,-898,-925,-849,-965,-905,-935,-924,-944,-922,-921,-905,-955,-825,-834,-904,-906,-879,-898,-892,-907,-880,TRUE
231710,"2026-02-19T17:40:59Z","2026-02-19T17:40:59Z","2026-02-18T17:38:18Z",6689,-38.25222615,-34.1724139691609,-34.1716365306733,-37.1897051581707,-37.1996834377343,-43.0462690221311,-43.0465519824964,-43.8989299153505,-43.8946777975866,-43.9035737469877,-43.9024153836851,-43.9465607710124,-43.9474742333926,-44.0463353272231,-44.0494020385712,-44.2261543836566,-44.2265356145061,-44.3412802302386,-44.3429443768798,-44.4228048691399,-44.4215926162176,-44.4843951093708,-44.482346515617,-44.5302503675655,-44.5357005823236,-44.5816474872085,-44.5775994123304,-44.5918191594644,-44.5909161920907,-44.5794449337785,-44.5800270389536,-44.5431912370927,-44.5456108670614,-44.4773870790372,-44.4766995051927,-44.3880212030979,-44.387940819393,-44.2359591003068,-44.2424394851562,-44.1865853306887,-44.1748679419799,-34.1459505971224,-34.1481390862377,-35.1719582221648,-35.1752012852132,-36.801685134243,-36.7998331778888,-39.5805777104965,-39.5828723629272,-43.5470928647042,-43.5513935092917,6541.835,6539.168,6537.168,6538.47,6534.943,6539.445,6535.99,6536.019,6536.556,6536.199,6535.583,6535.029,6535.921,6536.47,6537.369,6531.412,6536.184,6533.183,6534.61,6536.678,6537.139,6540.526,6533.883,6534.902,6534.148,-842,-899,-874,-870,-897,-917,-852,-958,-905,-928,-931,-952,-918,-923,-893,-952,-829,-846,-903,-905,-885,-893,-904,-902,-883,TRUE
231710,"2026-02-20T17:40:50Z","2026-02-20T17:40:50Z","2026-02-19T17:38:18Z",6689,-38.22129408,-34.2588763041096,-34.2581999533691,-37.2153073004522,-37.2254166794726,-43.0031378020695,-43.0035445255537,-43.9200826237337,-43.9158051976886,-43.9265788055403,-43.9254665556058,-43.9475058069703,-43.9485699811684,-44.038385643607,-44.0416025292666,-44.2186655954969,-44.2190689918733,-44.3396839779116,-44.3414782507079,-44.4228688841116,-44.4215869149895,-44.4846833882376,-44.4826592518868,-44.5298047831629,-44.5351984407038,-44.5818277548734,-44.577753712577,-44.5917610460707,-44.5908712695955,-44.5794312824586,-44.5800199121119,-44.5431777898679,-44.5455260017129,-44.4773860223584,-44.476672424521,-44.3880160684763,-44.3879422190658,-44.2359702000154,-44.2423525115211,-44.1865606689248,-44.174856316106,-34.2096894056929,-34.2117327328234,-35.2036016199081,-35.2068053198446,-36.7995007602752,-36.7974958495809,-39.5440916311276,-39.5464303088184,-43.5256616258017,-43.5300558023907,6541.842,6539.164,6537.145,6538.471,6534.932,6539.441,6535.993,6536.025,6536.535,6536.183,6535.581,6535.026,6535.918,6536.465,6537.346,6531.419,6536.185,6533.183,6534.594,6536.691,6537.146,6540.528,6533.89,6534.902,6534.162,-847,-891,-880,-868,-894,-915,-851,-963,-906,-936,-921,-947,-921,-920,-905,-949,-834,-836,-906,-908,-883,-895,-900,-907,-879,TRUE
231710,"2026-02-21T17:40:55Z","2026-02-21T17:40:55Z","2026-02-20T17:38:18Z",6602,-38.22086701,-34.2952360910033,-34.2945474568484,-37.1531505068087,-37.1630736692494,-42.9660274366137,-42.9665236314905,-43.9245991612629,-43.9203484185214,-43.9379972413231,-43.9369307126496,-43.9512449177806,-43.952311477392,-44.0367427456277,-44.0399968837408,-44.2169256478284,-44.2173368557606,-44.3392504862309,-44.3410556085515,-44.4230783798949,-44.4218925604698,-44.4845200434468,-44.482508185921,-44.5296540014518,-44.535061252838,-44.5818690355919,-44.5777884992778,-44.5917891447133,-44.5907631434436,-44.5794505059732,-44.5799612511479,-44.5431039586265,-44.5455301585372,-44.4773748123449,-44.476700210019,-44.388079479247,-44.3879339685829,-44.2359282168891,-44.2423561344925,-44.1865654812408,-44.1749329499315,-34.2809746704334,-34.2829513227158,-35.2411230668774,-35.2443380153574,-36.8002414953118,-36.7981842028639,-39.5093185438846,-39.5115996464137,-43.5040448112017,-43.5085196087314,6541.843,6539.169,6537.165,6538.471,6534.935,6539.45,6536.006,6536.023,6536.535,6536.189,6535.593,6535.034,6535.922,6536.474,6537.362,6531.418,6536.171,6533.178,6534.608,6536.691,6537.148,6540.533,6533.883,6534.902,6534.161,-847,-904,-880,-866,-894,-924,-853,-965,-908,-926,-928,-945,-918,-916,-906,-948,-826,-832,-905,-908,-894,-898,-908,-907,-888,TRUE
231710,"2026-02-22T17:40:55Z","2026-02-22T17:40:55Z","2026-02-21T17:38:18Z",6697,-38.15137662,-34.3583619081314,-34.3576857767464,-37.1242161649882,-37.1341953812588,-42.8796912265548,-42.8803372453869,-43.9325699820155,-43.9283163341084,-43.9762092679563,-43.9751170631426,-43.98713355021,-43.9880839391543,-44.05302389897,-44.0562086856325,-44.2231483314319,-44.223574585301,-44.339613458514,-44.3414225683644,-44.4223989933397,-44.4212310707529,-44.4840359508549,-44.4820793041741,-44.530172679458,-44.5355559600413,-44.5816922531088,-44.5776181601324,-44.5917725184429,-44.5908311668006,-44.5794619012328,-44.5799532154766,-44.5431699271419,-44.5456091271471,-44.4773575159322,-44.4766308655502,-44.3879922867554,-44.387970589715,-44.2359461313133,-44.2423869411518,-44.1865567270901,-44.1748719345357,-34.3538114727853,-34.3557143773706,-35.2798548048068,-35.2829390240526,-36.8013223397224,-36.7992129290294,-39.474626546127,-39.4769138736554,-43.4818919953021,-43.4862301910834,6541.84,6539.159,6537.155,6538.471,6534.95,6539.437,6535.989,6536.013,6536.535,6536.186,6535.589,6535.021,6535.924,6536.465,6537.348,6531.411,6536.17,6533.178,6534.596,6536.683,6537.162,6540.538,6533.888,6534.895,6534.15,-859,-892,-874,-862,-897,-918,-846,-965,-908,-933,-927,-955,-916,-922,-898,-950,-830,-845,-899,-908,-887,-896,-906,-900,-889,TRUE
231710,"2026-02-23T17:40:55Z","2026-02-23T17:40:55Z","2026-02-22T17:38:18Z",6689,-38.18133253,-34.4753633094371,-34.4746207817126,-37.2043464774927,-37.2142630706165,-42.9064218556195,-42.9066160850417,-43.9354376158608,-43.9310716461485,-43.9710082978426,-43.9699290302929,-43.9810049685538,-43.981941978484,-44.0498484814303,-44.053020773847,-44.2215246708995,-44.2218622209456,-44.3404631898532,-44.3422614169343,-44.4222253127342,-44.4209740186152,-44.4846242215749,-44.4825449880179,-44.5299208554162,-44.5353233948674,-44.5816740516431,-44.5776129407153,-44.5917110520425,-44.5907307635488,-44.5793871387763,-44.5799368943531,-44.5431228760355,-44.5455491008041,-44.4773579613188,-44.4767028288646,-44.387996718943,-44.3878903435614,-44.2358938192506,-44.2423606979027,-44.186547099879,-44.1748296599739,-34.4291620184155,-34.4310089361058,-35.3235144782801,-35.3265428951115,-36.8064389568813,-36.8042956667693,-39.4424781478762,-39.4447966261133,-43.4600487270999,-43.4644414756896,6541.848,6539.17,6537.159,6538.477,6534.942,6539.436,6536.001,6536.026,6536.537,6536.188,6535.579,6535.027,6535.92,6536.466,6537.357,6531.412,6536.179,6533.192,6534.598,6536.677,6537.157,6540.532,6533.881,6534.901,6534.159,-849,-899,-877,-861,-899,-919,-847,-956,-901,-938,-924,-946,-920,-925,-898,-953,-826,-837,-900,-906,-887,-894,-904,-904,-883,TRUE
231710,"2026-02-24T17:40:47Z","2026-02-24T17:40:47Z","2026-02-23T17:38:18Z",6697,-38.20299108,-34.552802986971,-34.5520134628555,-37.2008715893585,-37.2108484104295,-42.9343407641045,-42.9347908851386,-43.8835553601709,-43.879226366866,-43.9063156461763,-43.9051574002244,-43.9448423582977,-43.9458836266244,-44.040818248017,-44.0439873444861,-44.2186083669858,-44.2190615115504,-44.3389822048685,-44.3407675939855,-44.4221312578154,-44.4209893132704,-44.4846314190902,-44.4825696882118,-44.5298890018976,-44.5352943614252,-44.5819250632539,-44.577844555221,-44.5918353399301,-44.5909129252371,-44.579396616117,-44.5799657684594,-44.543128784114,-44.5455354574965,-44.4773103860906,-44.4766747848571,-44.3879719385332,-44.3878850627894,-44.2359713270125,-44.2424190548961,-44.1865390869674,-44.1748804429322,-34.5095742130981,-34.5113285290763,-35.371342046725,-35.3742491898867,-36.8162396115243,-36.8141567969845,-39.4135977402903,-39.4158504140206,-43.4387864287879,-43.4431077219958,6541.849,6539.168,6537.154,6538.461,6534.938,6539.448,6535.992,6536.011,6536.531,6536.188,6535.586,6535.024,6535.919,6536.468,6537.351,6531.415,6536.18,6533.181,6534.592,6536.676,6537.151,6540.538,6533.892,6534.897,6534.148,-851,-898,-875,-866,-896,-920,-848,-962,-905,-932,-931,-949,-918,-922,-907,-948,-826,-842,-901,-912,-883,-893,-910,-903,-880,TRUE
231710,"2026-02-25T17:40:55Z","2026-02-25T17:40:55Z","2026-02-24T17:38:18Z",6689,-38.14545865,-34.6277771986319,-34.6270756140446,-37.1496414337992,-37.1596622995444,-42.7896142155076,-42.7904414720957,-43.9201793162861,-43.9159523026213,-43.9694045751135,-43.9682927522769,-43.9711696615571,-43.9723228767709,-44.036892541992,-44.040139918299,-44.2101884599553,-44.2107281961131,-44.3375205698453,-44.3393035381134,-44.4237860272318,-44.4226265512646,-44.4849578060124,-44.4829307759327,-44.5298609504692,-44.535133833964,-44.5820606382204,-44.5780579370042,-44.5918423683964,-44.5910242135853,-44.5793970992695,-44.5800377170898,-44.5430804791516,-44.5455327072433,-44.477360627519,-44.4766079782233,-44.3879934140872,-44.3878935542306,-44.2358849664336,-44.2423779480155,-44.1865817794879,-44.174903529182,-34.6030535085011,-34.6047006356156,-35.4228063325823,-35.4257069895326,-36.8279942800745,-36.8256786043708,-39.385967858041,-39.388145818792,-43.4172126858039,-43.4215421241443,6541.861,6539.166,6537.14,6538.472,6534.952,6539.441,6536.001,6536.019,6536.535,6536.175,6535.589,6535.03,6535.917,6536.472,6537.346,6531.408,6536.176,6533.19,6534.597,6536.689,6537.164,6540.546,6533.893,6534.893,6534.149,-851,-899,-873,-867,-898,-920,-843,-960,-905,-930,-931,-946,-918,-926,-910,-953,-838,-847,-915,-912,-882,-897,-906,-896,-883,TRUE
231710,"2026-02-26T17:40:46Z","2026-02-26T17:40:46Z","2026-02-25T17:38:18Z",6697,-38.03924024,-34.7134965514798,-34.7126788870876,-37.0967751219621,-37.106682886978,-42.6453657302442,-42.6454635292094,-43.935579130428,-43.9312662960793,-44.020677376235,-44.0194688687947,-44.0156489470755,-44.0167097680499,-44.057188327452,-44.0603683728604,-44.2178123505762,-44.2181051684477,-44.3387682258911,-44.3405037561801,-44.4220652482625,-44.4208331101181,-44.4853699543393,-44.4833513130497,-44.530129249509,-44.5355811808906,-44.5818218505741,-44.5777671707698,-44.591574846642,-44.5907314112532,-44.5793706591159,-44.5798426165565,-44.5431208939291,-44.5455277039536,-44.4773096545634,-44.4765959365795,-44.3879673975419,-44.3878610878232,-44.2359174648112,-44.2423840364861,-44.1865336689709,-44.1749206571867,-34.701734092538,-34.703205769433,-35.4775417348451,-35.4803711804775,-36.8385222699212,-36.8362147420417,-39.3568815774731,-39.3590438079039,-43.3943742984239,-43.398812345783,6541.853,6539.152,6537.134,6538.452,6534.93,6539.429,6535.986,6536.008,6536.536,6536.181,6535.586,6535.028,6535.924,6536.464,6537.354,6531.413,6536.175,6533.186,6534.593,6536.676,6537.171,6540.542,6533.885,6534.885,6534.155,-851,-897,-881,-861,-893,-917,-840,-963,-908,-925,-936,-946,-909,-927,-907,-954,-832,-843,-909,-905,-884,-893,-909,-901,-888,TRUE
231710,"2026-02-27T17:40:47Z","2026-02-27T17:40:47Z","2026-02-26T17:38:18Z",6697,-38.14253017,-34.8687421514856,-34.867862751519,-37.1796498318081,-37.1896144671457,-42.8012286734059,-42.8018893539747,-43.8850103248861,-43.8806705202562,-43.931971259484,-43.9308458192321,-43.9625507866139,-43.9636928297471,-44.0479799235552,-44.0512181432917,-44.2269086137051,-44.2274460040233,-44.3402832215995,-44.3420838009057,-44.425279554632,-44.4240506191031,-44.4842895522744,-44.4823169453107,-44.5298299174412,-44.5352172091839,-44.5817297780089,-44.5776622168065,-44.5917830879443,-44.5907765202459,-44.5793732006886,-44.5799488806032,-44.5431059209438,-44.5455451054069,-44.4773458041763,-44.4766191845426,-44.3879833216621,-44.387929025847,-44.2359719566586,-44.242386913815,-44.1865516574203,-44.1749191235594,-34.8086185863076,-34.8100559072653,-35.5414940882837,-35.5441446701644,-36.8557811142851,-36.8534944898413,-39.3315223747161,-39.3336564965408,-43.3724940641138,-43.3768811793244,6541.856,6539.144,6537.157,6538.473,6534.947,6539.442,6535.998,6536.018,6536.532,6536.188,6535.589,6535.024,6535.922,6536.466,6537.368,6531.405,6536.172,6533.182,6534.597,6536.684,6537.178,6540.544,6533.884,6534.885,6534.153,-850,-893,-869,-870,-901,-919,-848,-960,-905,-926,-931,-950,-921,-922,-904,-948,-827,-839,-905,-913,-889,-891,-907,-907,-890,TRUE
231710,"2026-02-28T17:40:52Z","2026-02-28T17:40:52Z","2026-02-27T17:38:18Z",6689,-38.12056657,-35.0296334961478,-35.0288205676398,-37.1918131061472,-37.2017836370519,-42.7386523878971,-42.7388748946658,-43.9100959304716,-43.9057709328301,-43.9671501969065,-43.966070924254,-43.9725486850102,-43.9735346304877,-44.0434059577854,-44.0464988927184,-44.2165616840188,-44.2168724556791,-44.3403005800999,-44.3421451862282,-44.4254633428087,-44.4242537890335,-44.4847087232689,-44.4827664019607,-44.5302295576312,-44.5355926722851,-44.5817832044526,-44.5776637070395,-44.5918469544991,-44.5909184549428,-44.5793792317457,-44.5799030257728,-44.5430768318799,-44.5455030752924,-44.4773063923308,-44.4765472223192,-44.3880480362312,-44.3879286133944,-44.2359364298983,-44.2423772738529,-44.1865359089097,-44.1748576432676,-34.9283110485111,-34.9296191069469,-35.6128996195789,-35.6155764131541,-36.8790381128643,-36.8766788608511,-39.3095680098067,-39.311740461476,-43.3512882384667,-43.3556303715357,6541.879,6539.17,6537.149,6538.466,6534.926,6539.443,6535.999,6536.017,6536.532,6536.184,6535.584,6535.033,6535.909,6536.462,6537.355,6531.414,6536.175,6533.188,6534.599,6536.69,6537.183,6540.558,6533.889,6534.885,6534.156,-851,-897,-876,-862,-894,-915,-845,-963,-902,-935,-927,-947,-922,-914,-906,-950,-834,-842,-898,-901,-884,-898,-904,-899,-890,TRUE
231710,"2026-03-01T17:40:43Z","2026-03-01T17:40:43Z","2026-03-01T17:38:18Z",6689,-38.07785957,-35.2364545074624,-35.2354620541117,-37.2115792986598,-37.2214351901312,-42.6569077533276,-42.6571160160491,-43.9132925610812,-43.9089176545353,-43.9897899953474,-43.98866537069,-43.9886126756639,-43.9895387618582,-44.0455619525245,-44.0487351866279,-44.2151065529558,-44.2154679989962,-44.3401691044179,-44.3419553615417,-44.425978758315,-44.4247383996904,-44.4849280141693,-44.4829124043962,-44.5302564102564,-44.5356210815559,-44.5818353991269,-44.5776964143352,-44.5917342004975,-44.5908059701385,-44.5793127301809,-44.5798755285105,-44.5430748705352,-44.5455076373125,-44.4772771437368,-44.4765569469705,-44.3879829242389,-44.3878635459359,-44.23592820226,-44.2423558355311,-44.1865210721065,-44.1749211396539,-35.0665232231325,-35.0676827340174,-35.690972550414,-35.6934923602669,-36.903880326846,-36.9014271270187,-39.2876461667225,-39.2897999317127,-43.3292339776708,-43.3335849272271,6541.883,6539.16,6537.143,6538.459,6534.937,6539.435,6535.995,6536.009,6536.534,6536.175,6535.587,6535.021,6535.924,6536.465,6537.35,6531.417,6536.173,6533.187,6534.597,6536.676,6537.193,6540.566,6533.885,6534.897,6534.147,-847,-895,-872,-868,-906,-921,-852,-966,-903,-930,-923,-952,-925,-925,-904,-946,-827,-836,-897,-907,-886,-897,-906,-901,-884,TRUE
231710,"2026-03-02T17:40:42Z","2026-03-02T17:40:42Z","2026-03-02T17:38:18Z",6697,-38.10952376,-35.4608804592436,-35.4600196200295,-37.2419241158722,-37.2519477729859,-42.746674381779,-42.7472350022854,-43.8507096105357,-43.8464555117228,-43.9105880956333,-43.9094755679414,-43.956838971268,-43.9579070495713,-44.0477411740376,-44.051055270368,-44.2240366784136,-44.2244921966963,-44.3398346629236,-44.3416463096126,-44.4236918051356,-44.422498469239,-44.4846962976974,-44.4826735301119,-44.5301431146827,-44.5355742842457,-44.5819055196532,-44.5778574498415,-44.5917646842789,-44.5908812663944,-44.5793690120291,-44.5798927472424,-44.5431071282617,-44.545520309447,-44.4773661126117,-44.4766720236983,-44.388015535301,-44.3879221323115,-44.2360098007324,-44.2424641168646,-44.1865289018149,-44.1748571937507,-35.2298526390885,-35.2306833239903,-35.7825793771085,-35.7850957610018,-36.9342829353356,-36.931747772225,-39.2680641334501,-39.2702743508304,-43.3076556569948,-43.3120480943232,6541.898,6539.165,6537.141,6538.459,6534.941,6539.442,6536.003,6536.023,6536.546,6536.179,6535.592,6535.021,6535.915,6536.471,6537.357,6531.414,6536.173,6533.18,6534.601,6536.677,6537.193,6540.564,6533.891,6534.881,6534.148,-851,-887,-872,-875,-900,-916,-847,-962,-904,-931,-931,-946,-920,-925,-902,-948,-833,-837,-911,-911,-881,-890,-903,-899,-885,TRUE
231710,"2026-03-06T17:41:00Z","2026-03-06T17:41:00Z","2026-03-06T17:38:18Z",6689,-38.06358323,-36.3002370600921,-36.2993447444694,-37.4703937505355,-37.4802665659417,-42.6360115309876,-42.636554151606,-43.8793969069129,-43.8751999962509,-43.9711493021266,-43.9700769958127,-43.9963445211952,-43.9973418472805,-44.0620433573805,-44.0652695394346,-44.2279198059749,-44.228355961452,-44.3413407692759,-44.3432424236515,-44.4270577256053,-44.4257886801005,-44.4843093574006,-44.4822944695694,-44.5303479838053,-44.535782932316,-44.5816189893951,-44.5775513816761,-44.5917590444064,-44.590863122943,-44.5793319144961,-44.5798687233627,-44.5430723452573,-44.5454856103061,-44.4772924425865,-44.4766047710332,-44.3880052094186,-44.387905349562,-44.2359851102117,-44.2424129254554,-44.1865174965687,-44.1748979833662,-36.060935749766,-36.0608483367841,-36.2919443723531,-36.2937984373492,-37.1247197625326,-37.1219569431372,-39.208059885318,-39.2101703119572,-43.2203385098069,-43.2248257078151,6541.947,6539.192,6537.138,6538.456,6534.939,6539.443,6535.992,6536.015,6536.531,6536.183,6535.583,6535.026,6535.917,6536.465,6537.344,6531.409,6536.171,6533.182,6534.607,6536.685,6537.239,6540.599,6533.883,6534.88,6534.139,-850,-901,-873,-864,-896,-925,-843,-965,-899,-935,-935,-946,-918,-925,-908,-953,-828,-844,-906,-902,-890,-899,-905,-909,-882,TRUE
231710,"2026-03-07T17:40:50Z","2026-03-07T17:40:50Z","2026-03-07T17:38:18Z",6697,-38.04552427,-36.4725895787809,-36.4718295362921,-37.5610152464533,-37.5708600265303,-42.6069464652522,-42.6071258231785,-43.8933327568507,-43.8890588892442,-43.9940211943151,-43.9929690111643,-44.0077142668229,-44.0086677778348,-44.0627369558032,-44.0659122652957,-44.2253724506257,-44.2257800395668,-44.3419832613069,-44.343794381509,-44.4262391456038,-44.4249579090941,-44.4848068994439,-44.4827904431856,-44.5303261801787,-44.5357108506264,-44.5815638802286,-44.5774767802475,-44.5916102505368,-44.5906562276728,-44.5792855949056,-44.5798094756073,-44.5430060246088,-44.5454518257111,-44.4772637335014,-44.4765825295831,-44.3879602936441,-44.387860471319,-44.2360038101462,-44.242385803077,-44.1865161274279,-44.174824774717,-36.2745276767573,-36.2741610426109,-36.4447243203442,-36.4463379326505,-37.1931910887244,-37.1903018480724,-39.200163152141,-39.202113449559,-43.1989812089468,-43.2033707462767,6541.949,6539.2,6537.137,6538.452,6534.93,6539.443,6535.999,6536.001,6536.537,6536.19,6535.576,6535.021,6535.912,6536.46,6537.349,6531.418,6536.173,6533.186,6534.595,6536.683,6537.257,6540.609,6533.891,6534.885,6534.145,-856,-895,-879,-864,-893,-922,-853,-961,-900,-931,-936,-943,-922,-924,-902,-949,-828,-839,-900,-913,-882,-901,-903,-900,-877,TRUE
231710,"2026-03-08T17:41:41Z","2026-03-08T17:41:41Z","2026-03-08T17:38:18Z",6689,-38.1006163,-36.6441274744649,-36.6433312389867,-37.5919768353646,-37.6016615414101,-42.7782746368688,-42.7782944728658,-43.7681486760105,-43.7637631580543,-43.8738922228528,-43.8726925292433,-43.9698158669757,-43.9706815431282,-44.0676271582137,-44.070704241263,-44.2342746390342,-44.2345359977069,-44.3394792318516,-44.3412016845078,-44.4202489488696,-44.418994663348,-44.4848986088555,-44.4828158144321,-44.5309584505175,-44.5363200604978,-44.5817078760505,-44.5776403939644,-44.5917234985751,-44.5907682650157,-44.5792694180863,-44.5798580291315,-44.5430181469669,-44.5454507894309,-44.4773095635269,-44.4765894981112,-44.387960401857,-44.3878734791743,-44.2360340941221,-44.2423842834868,-44.1865335863797,-44.1749076227928,-36.4553292290419,-36.4549674977217,-36.5965184081716,-36.5981823841553,-37.2716247385623,-37.2687594311942,-39.1977666858304,-39.1997061205131,-43.1784000678667,-43.1828304317083,6541.965,6539.193,6537.148,6538.466,6534.936,6539.448,6536,6536.023,6536.545,6536.173,6535.587,6535.026,6535.92,6536.464,6537.355,6531.414,6536.179,6533.175,6534.599,6536.684,6537.259,6540.616,6533.885,6534.883,6534.144,-857,-895,-878,-865,-893,-920,-851,-966,-901,-940,-935,-951,-918,-933,-908,-949,-833,-836,-903,-899,-888,-890,-900,-903,-880,TRUE
231710,"2026-03-09T17:40:45Z","2026-03-09T17:40:45Z","2026-03-09T17:38:18Z",6689,-38.10049428,-36.7977624584008,-36.7969702973008,-37.6716257208423,-37.6814242591359,-42.7370467233141,-42.7373387741234,-43.7800748445876,-43.7757753193891,-43.8745687323164,-43.8734092459245,-43.9562053521781,-43.9571671510188,-44.0524008670727,-44.0554775118746,-44.2181239114847,-44.2184129730958,-44.3376804456247,-44.3394889877791,-44.4196914415003,-44.4185571498394,-44.4849640268225,-44.4829190606662,-44.5306681620206,-44.536069957472,-44.5822219344206,-44.5781349948642,-44.5920861533262,-44.5911891777216,-44.5793421980426,-44.5799437743063,-44.5430086168981,-44.5454932441263,-44.4772885782302,-44.476613998228,-44.38799773389,-44.3879303506697,-44.236030621669,-44.242459096566,-44.1866030535256,-44.1749836372384,-36.6032364379436,-36.6028048657989,-36.7351703353896,-36.7367573601899,-37.3533575441336,-37.3503246166761,-39.198868360331,-39.2008990854513,-43.1587951225294,-43.1632388391876,6541.972,6539.208,6537.148,6538.471,6534.935,6539.442,6535.998,6536.019,6536.545,6536.187,6535.573,6535.028,6535.924,6536.46,6537.352,6531.412,6536.168,6533.185,6534.602,6536.673,6537.273,6540.622,6533.885,6534.885,6534.151,-852,-898,-880,-865,-900,-917,-852,-958,-900,-932,-930,-955,-920,-926,-900,-949,-831,-839,-915,-909,-881,-897,-906,-905,-888,TRUE
231710,"2026-03-10T17:40:46Z","2026-03-10T17:40:46Z","2026-03-10T17:38:18Z",6689,-37.95827997,-36.9498626278267,-36.9490286194489,-37.6788827009483,-37.6885840797425,-42.4482963418007,-42.4483765067471,-43.8315964685923,-43.8272941315868,-43.9698158440947,-43.9686794602345,-43.9981997764866,-43.9992474320775,-44.052230864907,-44.0553785825785,-44.2120102974732,-44.2123480015132,-44.337655000724,-44.3394449227437,-44.4233014440632,-44.4221040350707,-44.4853826860167,-44.4833475711152,-44.5302754813935,-44.5356663570823,-44.5820678014646,-44.5779612634829,-44.5917759629176,-44.5908412484814,-44.5792334102234,-44.57980923275,-44.5430137244895,-44.5454205438311,-44.4772405675453,-44.4765593580448,-44.3879024389352,-44.3878417121806,-44.2358900384999,-44.2423110493553,-44.1865801233648,-44.1749214461256,-36.7317068856038,-36.7313218417446,-36.8569712212665,-36.8584780674109,-37.4316264913249,-37.4284611500132,-39.19947641623,-39.2013776915509,-43.1374762916113,-43.1419218819203,6541.986,6539.201,6537.131,6538.455,6534.934,6539.436,6535.997,6536.012,6536.527,6536.184,6535.582,6535.021,6535.917,6536.472,6537.346,6531.404,6536.177,6533.182,6534.599,6536.68,6537.274,6540.638,6533.882,6534.874,6534.139,-855,-902,-864,-868,-891,-915,-839,-970,-904,-928,-926,-939,-924,-928,-906,-955,-828,-838,-907,-917,-882,-895,-898,-899,-885,TRUE
231710,"2026-03-11T17:40:43Z","2026-03-11T17:40:43Z","2026-03-11T17:38:18Z",6689,-37.90257784,-37.0930309984913,-37.0923100757141,-37.7324370373353,-37.742144999467,-42.3704559211063,-42.3705801609958,-43.8377792601523,-43.8334335404103,-43.9927977733931,-43.9916423713853,-44.0183579499822,-44.0192990859507,-44.0619605461074,-44.0651113555299,-44.2175760171476,-44.2179405823345,-44.3389773003267,-44.3407808322776,-44.426075961622,-44.4248029710494,-44.4847278562153,-44.482735592187,-44.5304205873586,-44.5358585367452,-44.5816907995015,-44.5776296360393,-44.5916716885947,-44.5907437460146,-44.5792970002498,-44.5797819601533,-44.5430177531548,-44.545463572913,-44.4772359780658,-44.4765677457274,-44.3879217319121,-44.3878545084087,-44.2359746818639,-44.2423238469545,-44.1865235592204,-44.1748648436687,-36.8635386340141,-36.8629506819559,-36.9696716284988,-36.9711349492015,-37.506726096507,-37.5037015306511,-39.2011860836768,-39.2030349165207,-43.1155518351743,-43.1199866818873,6541.985,6539.197,6537.126,6538.453,6534.94,6539.433,6535.987,6536.022,6536.538,6536.183,6535.584,6535.022,6535.921,6536.458,6537.357,6531.411,6536.17,6533.177,6534.606,6536.681,6537.288,6540.641,6533.89,6534.883,6534.148,-847,-899,-874,-867,-904,-922,-846,-957,-904,-932,-923,-950,-925,-924,-904,-949,-829,-839,-894,-915,-881,-902,-905,-901,-889,TRUE
231710,"2026-03-12T17:40:44Z","2026-03-12T17:40:44Z","2026-03-12T17:38:18Z",6680,-37.95498543,-37.249451525062,-37.2486892250888,-37.7841704484693,-37.7938482403011,-42.408583352083,-42.4094975119627,-43.8076426916362,-43.8035549554403,-43.9437562724932,-43.9427761000996,-43.9816871862298,-43.9827891672112,-44.0515147085173,-44.0548067600302,-44.2218398103546,-44.2223915735253,-44.3388014670922,-44.3406592126027,-44.4259035746655,-44.4248058468447,-44.4847554312242,-44.4827029718834,-44.5298430453966,-44.5353164402063,-44.5817188741852,-44.577612354731,-44.5915543759758,-44.5906260481471,-44.5792238086224,-44.5798320459227,-44.5430396285639,-44.5454463982153,-44.4772447418808,-44.4765700642119,-44.387919119576,-44.3878257916692,-44.2359277729615,-44.2423425026268,-44.1865741848821,-44.1749089960594,-37.0102067519875,-37.0096031140168,-37.0833176622093,-37.0846923281454,-37.5810844580996,-37.577887808781,-39.2063576233819,-39.2082205074383,-43.0941581320148,-43.0985485130743,6541.999,6539.206,6537.131,6538.454,6534.942,6539.438,6535.998,6536.013,6536.532,6536.185,6535.583,6535.028,6535.92,6536.47,6537.351,6531.414,6536.177,6533.177,6534.596,6536.685,6537.298,6540.65,6533.88,6534.882,6534.138,-857,-897,-877,-871,-897,-920,-857,-966,-892,-923,-926,-949,-917,-922,-902,-948,-835,-838,-903,-907,-887,-895,-913,-907,-873,TRUE
231710,"2026-03-13T17:40:43Z","2026-03-13T17:40:43Z","2026-03-13T17:38:18Z",6689,-38.0127619,-37.407127975281,-37.406369178474,-37.8812005409632,-37.8909805374485,-42.4862197211854,-42.4865934024361,-43.8137604521356,-43.8094542881477,-43.9386710803574,-43.9375463191194,-43.9814229792373,-43.9824455621666,-44.0548637944402,-44.0580023497264,-44.2205799406242,-44.2209419287833,-44.339265103967,-44.3410870498056,-44.424831677052,-44.4236447065704,-44.4844533341502,-44.4824210950742,-44.5301619234901,-44.5356148039803,-44.5816291932087,-44.577574587839,-44.5917932050678,-44.5908386579965,-44.5792507194669,-44.5797940249217,-44.5429790103803,-44.5454247679532,-44.4772854775631,-44.476519812017,-44.3879485599933,-44.3878486977911,-44.2359614123055,-44.2423697356807,-44.1865425323569,-44.1749099857377,-37.164684072582,-37.1638039433257,-37.2030527478935,-37.204365429225,-37.6577270130069,-37.6544570423601,-39.2166131651247,-39.2184328652119,-43.0741271672796,-43.0785514272919,6542.006,6539.218,6537.136,6538.455,6534.944,6539.446,6535.997,6536.015,6536.528,6536.178,6535.583,6535.028,6535.917,6536.461,6537.345,6531.416,6536.171,6533.176,6534.608,6536.693,6537.304,6540.672,6533.887,6534.893,6534.146,-847,-897,-871,-870,-892,-924,-844,-958,-907,-933,-925,-945,-922,-919,-906,-945,-830,-842,-901,-902,-884,-891,-917,-895,-883,TRUE
231710,"2026-03-14T17:40:35Z","2026-03-14T17:40:35Z","2026-03-14T17:38:18Z",6697,-37.86090801,-37.6113089094406,-37.6106241743339,-37.9151075694869,-37.9247864332771,-42.3392521279457,-42.3393191824386,-43.7823144362014,-43.7780437519015,-43.9566765558006,-43.9555417335476,-44.0119187428811,-44.0129531135185,-44.0702956629424,-44.0734646068059,-44.2279156869681,-44.22817621783,-44.3385685673001,-44.3403491666938,-44.4186535395118,-44.4174439778015,-44.484784036983,-44.4827148645334,-44.5301554404731,-44.5355083571457,-44.5816415302599,-44.5776193082228,-44.5915696933561,-44.5906027811332,-44.579298990664,-44.579796912833,-44.5429652793969,-44.5454565763445,-44.4772205436235,-44.4765458157253,-44.3879656812807,-44.3878267844927,-44.2359365506821,-44.2423641043402,-44.1865474401024,-44.174901801372,-37.3135873777829,-37.3125243578344,-37.3234075928471,-37.324673377733,-37.7341360574588,-37.7307632778458,-39.2277958490081,-39.2295924893602,-43.0532179970891,-43.0576771003966,6542.032,6539.211,6537.123,6538.454,6534.933,6539.425,6535.998,6536.011,6536.53,6536.181,6535.575,6535.018,6535.923,6536.471,6537.345,6531.42,6536.176,6533.183,6534.596,6536.68,6537.32,6540.671,6533.882,6534.895,6534.139,-845,-904,-872,-868,-885,-919,-851,-958,-912,-920,-931,-953,-919,-930,-903,-951,-835,-835,-910,-914,-891,-886,-899,-905,-883,TRUE
231710,"2026-03-15T17:40:41Z","2026-03-15T17:40:41Z","2026-03-15T17:38:18Z",6697,-37.8571864,-37.8242915699631,-37.8235785954654,-37.9796723937042,-37.9893185347346,-42.2667488084616,-42.2667339371333,-43.8029646440564,-43.7985392909417,-43.9912685859605,-43.9900168450169,-44.0343929371064,-44.0353678652374,-44.0772548343079,-44.0803707009586,-44.2222532459296,-44.222663088731,-44.3386610834111,-44.3404572164908,-44.4226624450187,-44.421466023792,-44.4838714379665,-44.481882734216,-44.5304980725546,-44.5359637801828,-44.5813177889871,-44.5772760458677,-44.5917291334601,-44.590801362627,-44.5792451190182,-44.5797431185181,-44.5429840500837,-44.5454234210649,-44.4772389727036,-44.4765512146071,-44.3879358168561,-44.3878555857421,-44.2359436693915,-44.2423383497481,-44.1865330970667,-44.174880898223,-37.4599589139106,-37.4589112917238,-37.4424010255518,-37.4435618598945,-37.8107115667454,-37.8072660338968,-39.2400836904334,-39.2418557198206,-43.0323549035819,-43.036742478899,6542.041,6539.228,6537.129,6538.451,6534.94,6539.437,6535.981,6536.01,6536.534,6536.176,6535.586,6535.022,6535.918,6536.463,6537.358,6531.411,6536.169,6533.19,6534.599,6536.678,6537.314,6540.679,6533.889,6534.886,6534.151,-849,-902,-871,-873,-900,-918,-849,-960,-902,-931,-933,-948,-925,-928,-912,-948,-832,-839,-907,-906,-894,-897,-902,-898,-889,TRUE
231710,"2026-03-16T17:40:35Z","2026-03-16T17:40:35Z","2026-03-16T17:38:18Z",6689,-37.99061527,-37.9533125500916,-37.9524109000831,-38.1128618981527,-38.1225584469429,-42.4684496723981,-42.468799280194,-43.766602920163,-43.7623284515119,-43.9002485871995,-43.8991426086546,-43.9691754366547,-43.9701135443429,-44.0551134205628,-44.058359072263,-44.222412209367,-44.2227271003471,-44.337375759626,-44.3391481716564,-44.4219833680593,-44.4208098294182,-44.4836782182462,-44.4816551458165,-44.5298732882721,-44.5352977575503,-44.5814222764028,-44.5773417503107,-44.5916014820938,-44.5907051426621,-44.5791926871112,-44.5797684197295,-44.5429393932604,-44.5453266643008,-44.4771684088413,-44.4764677406157,-44.3879314130985,-44.3878184940588,-44.2359394241726,-44.2423544723255,-44.1864580784393,-44.174903877675,-37.6173981128102,-37.6160863687649,-37.5633139612924,-37.5643768860481,-37.8894268097871,-37.8860357920871,-39.2556693559466,-39.2574121172254,-43.0123302576406,-43.0167651519102,6542.039,6539.227,6537.132,6538.467,6534.943,6539.441,6535.989,6536.027,6536.539,6536.183,6535.581,6535.024,6535.918,6536.469,6537.354,6531.409,6536.174,6533.183,6534.597,6536.673,6537.329,6540.689,6533.885,6534.892,6534.139,-858,-893,-879,-869,-899,-916,-849,-954,-914,-931,-927,-949,-924,-922,-906,-950,-838,-839,-908,-909,-886,-895,-911,-906,-889,TRUE
231710,"2026-03-17T17:40:44Z","2026-03-17T17:40:44Z","2026-03-17T17:38:18Z",6689,-37.95956118,-38.1518750128173,-38.1509710034613,-38.1619236913989,-38.1715311719152,-42.3873305936859,-42.3875449981959,-43.7622493733194,-43.7580106297208,-43.9100915732734,-43.9089407551866,-43.9677859301839,-43.9687582870976,-44.045944056938,-44.0490913032947,-44.2126162113906,-44.2129322282178,-44.3357561867231,-44.3374892190392,-44.4214686048167,-44.4202444794121,-44.4838216008023,-44.481816346228,-44.5294977656856,-44.5348721263663,-44.5815152709314,-44.5774736552534,-44.5915436571144,-44.5906605086489,-44.5791791050047,-44.5797159293548,-44.542906512244,-44.5453522822537,-44.4771739037812,-44.4765317289627,-44.3879067961628,-44.3877808788967,-44.2359049675368,-44.2423328965136,-44.1865378881317,-44.1749118811774,-37.7982447174062,-37.7967661243439,-37.6913185133209,-37.692339042896,-37.9697925821388,-37.9663468367576,-39.2737067731827,-39.2754168288142,-42.9930316527939,-42.9974266838645,6542.051,6539.24,6537.132,6538.465,6534.943,6539.443,6535.992,6536.017,6536.537,6536.194,6535.58,6535.011,6535.917,6536.464,6537.364,6531.414,6536.17,6533.186,6534.592,6536.684,6537.337,6540.688,6533.877,6534.88,6534.139,-855,-902,-877,-865,-899,-914,-841,-964,-900,-932,-924,-945,-926,-922,-906,-951,-828,-844,-911,-913,-886,-895,-902,-911,-883,TRUE
231710,"2026-03-18T17:40:30Z","2026-03-18T17:40:30Z","2026-03-18T17:38:18Z",6697,-37.90489622,-38.3919273908529,-38.3910158463351,-38.2254691282909,-38.2350141953933,-42.3588812698613,-42.3590105120496,-43.7203216237053,-43.7158861585217,-43.8845946400219,-43.8834040034126,-43.9621887499504,-43.9631275057005,-44.0456829013406,-44.0488360384819,-44.2170216924432,-44.2173494033535,-44.3341114588305,-44.335876386683,-44.4181978629483,-44.4169644960746,-44.4839653505084,-44.4819038686183,-44.5294379495355,-44.5348300308832,-44.58148454083,-44.5773586047874,-44.5913266517392,-44.5903655788883,-44.5791326907142,-44.579695464251,-44.5429199231542,-44.5452747203023,-44.4772222090962,-44.4764435552866,-44.3878853687242,-44.3877789745818,-44.2357979805302,-44.2422911894532,-44.1865017159518,-44.1748561231738,-37.9958953710222,-37.9942244916336,-37.8301384349416,-37.8310148100357,-38.0520495337665,-38.0486021703297,-39.2926653282655,-39.2943770685385,-42.9732938450001,-42.9777359996859,6542.062,6539.24,6537.131,6538.46,6534.939,6539.437,6536,6536.009,6536.542,6536.181,6535.584,6535.024,6535.916,6536.466,6537.352,6531.406,6536.164,6533.182,6534.597,6536.679,6537.355,6540.699,6533.88,6534.894,6534.146,-849,-897,-885,-871,-896,-923,-848,-963,-903,-927,-939,-945,-923,-925,-898,-950,-832,-841,-898,-906,-881,-901,-904,-910,-887,TRUE
231710,"2026-03-19T17:40:35Z","2026-03-19T17:40:35Z","2026-03-19T17:38:18Z",6697,-37.84229996,-38.6395203090374,-38.6384069794364,-38.3087167079112,-38.3182685277243,-42.2896031196174,-42.2902666543372,-43.7341218667268,-43.7300003825727,-43.9147748459493,-43.9137960010993,-43.9792050919786,-43.9802998207958,-44.0472589839959,-44.0504984644012,-44.2079767805181,-44.2085020424129,-44.332862926675,-44.3347300267095,-44.4190058917241,-44.4179042736376,-44.4836183591599,-44.4815975962177,-44.5291177221641,-44.5345202809228,-44.5816017247879,-44.577514665423,-44.5915944996012,-44.5906077177676,-44.5791433029597,-44.5796931607673,-44.5429015614499,-44.5453408702551,-44.4772117680045,-44.4764785689656,-44.3878846514311,-44.3877327142086,-44.2359102899856,-44.2422923511822,-44.1865100884132,-44.1748709944667,-38.1914702797448,-38.1895373196236,-37.9770803425602,-37.9777576073914,-38.138347652507,-38.1347406286233,-39.313164750896,-39.314833265515,-42.9538828356462,-42.9583185765917,6542.075,6539.249,6537.124,6538.45,6534.94,6539.439,6535.994,6536.018,6536.548,6536.191,6535.574,6535.029,6535.918,6536.464,6537.346,6531.409,6536.172,6533.189,6534.608,6536.685,6537.36,6540.71,6533.876,6534.895,6534.144,-852,-901,-880,-859,-888,-929,-843,-966,-902,-927,-924,-941,-921,-924,-910,-959,-836,-835,-907,-899,-878,-891,-908,-906,-882,TRUE
231710,"2026-03-20T17:40:36Z","2026-03-20T17:40:36Z","2026-03-20T17:38:18Z",6689,-37.81710283,-38.8583262892764,-38.8573725502438,-38.396380799929,-38.406047094209,-42.2326485353865,-42.2331125799702,-43.7384554015578,-43.7342250868635,-43.932953579809,-43.9318577850423,-43.9928006460813,-43.9938258991237,-44.0493194248238,-44.0525338946077,-44.2053368610052,-44.2056814607864,-44.3319100763043,-44.3336587202546,-44.4201946627573,-44.4190033489972,-44.4836484600354,-44.4816124984029,-44.5289461350029,-44.5343311915542,-44.5815007869784,-44.5774396482578,-44.5913866554632,-44.590471611462,-44.5791046338645,-44.5796480539215,-44.5428745577263,-44.5453463871219,-44.4772019391211,-44.4764362064005,-44.3878989449058,-44.3877861055787,-44.2357947888415,-44.2422418116969,-44.1864544898686,-44.174900240766,-38.3823822031114,-38.3802338799236,-38.1255833627453,-38.1262012526774,-38.2286415601252,-38.2250249468293,-39.3352886140339,-39.3368974352113,-42.9344455918828,-42.9388882955333,6542.088,6539.254,6537.111,6538.448,6534.937,6539.439,6535.997,6536.006,6536.534,6536.186,6535.585,6535.022,6535.911,6536.466,6537.361,6531.413,6536.166,6533.176,6534.597,6536.68,6537.371,6540.728,6533.884,6534.882,6534.136,-862,-895,-867,-867,-899,-927,-848,-962,-902,-924,-926,-944,-920,-920,-906,-955,-834,-842,-905,-907,-891,-897,-905,-903,-891,TRUE
231710,"2026-03-21T17:40:27Z","2026-03-21T17:40:27Z","2026-03-21T17:38:18Z",6689,-37.76542736,-39.11846556381,-39.1178429338086,-38.4730835154733,-38.4826116036879,-42.1460113353529,-42.1463170473866,-43.7242347992231,-43.7199814935715,-43.9411308718466,-43.9399638715102,-44.0028765755117,-44.0038748189365,-44.0552018926865,-44.0583679581502,-44.2082658361575,-44.2087384801957,-44.3335636472954,-44.3353151005315,-44.4212373547189,-44.4200101490086,-44.4831658497428,-44.4811605029387,-44.5290796908567,-44.5345826866172,-44.5811838864052,-44.5770902727558,-44.5912918429509,-44.5903899900645,-44.5791081437406,-44.579671056739,-44.5428337537457,-44.5452861373333,-44.4771031283822,-44.4764673599353,-44.3878465559772,-44.3877923706121,-44.2358669658107,-44.2422421656167,-44.186502952928,-44.1748377104546,-38.5851381942163,-38.5828986912327,-38.2766909956236,-38.2772706727275,-38.3214486895279,-38.3177150423404,-39.3579509834215,-39.3595136823251,-42.914708652505,-42.9192053044829,6542.106,6539.268,6537.115,6538.442,6534.933,6539.433,6535.993,6536.004,6536.532,6536.184,6535.584,6535.026,6535.924,6536.466,6537.358,6531.415,6536.169,6533.184,6534.598,6536.682,6537.383,6540.734,6533.876,6534.889,6534.143,-847,-892,-869,-863,-895,-920,-845,-963,-909,-933,-929,-950,-917,-928,-900,-952,-832,-839,-907,-911,-882,-897,-906,-897,-880,TRUE
231710,"2026-03-22T17:40:34Z","2026-03-22T17:40:34Z","2026-03-22T17:38:18Z",6697,-37.8876914,-39.3154001071589,-39.3147559162164,-38.5764723262394,-38.5860163456215,-42.3264481200041,-42.3277594382811,-43.6932075180939,-43.6891385967706,-43.8590928808891,-43.8581439238873,-43.9523015684439,-43.953537063594,-44.0432078440812,-44.046659973421,-44.2118678014098,-44.2125077639868,-44.332071799838,-44.3339200535384,-44.4172493517634,-44.4161184115276,-44.483044146965,-44.4809969782838,-44.5290768491837,-44.5344415900589,-44.5813932306234,-44.5773192213209,-44.5913558512246,-44.5904399715831,-44.5791087460216,-44.579671497865,-44.5428970093511,-44.5453622095598,-44.477162341443,-44.4764356938563,-44.3878601938753,-44.3877733251723,-44.2359749647236,-44.2422661552964,-44.1864673069535,-44.1748804818298,-38.810176231013,-38.8075302332958,-38.4370913591986,-38.4376063617555,-38.418733028756,-38.4149300752308,-39.3837376691805,-39.385328214554,-42.8962460960151,-42.9007287872325,6542.105,6539.281,6537.137,6538.456,6534.939,6539.439,6535.988,6536.01,6536.538,6536.183,6535.575,6535.032,6535.919,6536.46,6537.353,6531.412,6536.172,6533.185,6534.596,6536.681,6537.391,6540.739,6533.88,6534.898,6534.134,-847,-897,-878,-869,-905,-924,-855,-964,-899,-933,-930,-943,-921,-919,-909,-955,-838,-842,-897,-909,-887,-897,-905,-907,-880,TRUE
231710,"2026-03-23T17:40:35Z","2026-03-23T17:40:35Z","2026-03-23T17:38:18Z",6697,-37.79330893,-39.5767243414699,-39.5759867538493,-38.680794353578,-38.6902161498647,-42.1964952853044,-42.1965951268907,-43.6998411016673,-43.6955626116384,-43.8977554915681,-43.8965994688743,-43.9664730961206,-43.9675051545568,-44.0382412368925,-44.0413843738875,-44.2011565361312,-44.2014986832261,-44.3323894942019,-44.3341889399568,-44.4188400733133,-44.4176248943278,-44.4834763725107,-44.4814568666485,-44.528989688643,-44.5344171703424,-44.581269648423,-44.5772409857205,-44.5913658381305,-44.5904893874037,-44.5790312500108,-44.5796071004405,-44.5428985228458,-44.5452533727084,-44.4770585631664,-44.4764163298103,-44.3878540483675,-44.3878128306141,-44.2358077430647,-44.2421962560421,-44.186456187704,-44.1748693192768,-39.0457515427687,-39.0428426477223,-38.6082865313398,-38.6086665772079,-38.5204295373006,-38.5165320045263,-39.411952796058,-39.413454022023,-42.8781115245665,-42.8825732660124,6542.13,6539.279,6537.124,6538.442,6534.941,6539.437,6535.997,6536.023,6536.529,6536.184,6535.579,6535.028,6535.917,6536.468,6537.351,6531.407,6536.17,6533.185,6534.595,6536.684,6537.41,6540.751,6533.882,6534.901,6534.147,-855,-894,-881,-875,-904,-927,-847,-958,-906,-940,-930,-959,-920,-918,-912,-947,-835,-832,-905,-907,-887,-893,-901,-908,-889,TRUE
231710,"2026-03-24T17:40:30Z","2026-03-24T17:40:30Z","2026-03-24T17:38:18Z",6697,-37.75737404,-39.8028558213147,-39.8019963194689,-38.7882419144755,-38.7977712592559,-42.1507371833358,-42.1509427268396,-43.6969395362185,-43.6926907531718,-43.9130270231164,-43.9119244934183,-43.9825865542434,-43.9835411982428,-44.0446860677473,-44.0478836514708,-44.2016099998399,-44.2021259606489,-44.3322912058516,-44.3340444507445,-44.4196529383374,-44.4185039987768,-44.4830388771232,-44.4810233046933,-44.5290075885077,-44.5344109260305,-44.5812181787235,-44.5771440677205,-44.5913804566599,-44.5904393231091,-44.5790644148887,-44.579614322264,-44.5428458867012,-44.545246260318,-44.4770750393556,-44.4764067846978,-44.3878752328061,-44.3877493600621,-44.2357970523797,-44.2422115204306,-44.1864726243917,-44.1748530984373,-39.2736951269643,-39.2705236529707,-38.7854723076311,-38.7855355784589,-38.6265885286431,-38.622774337054,-39.4411829310816,-39.4426930779978,-42.8597845748956,-42.8642055813812,6542.148,6539.289,6537.116,6538.45,6534.931,6539.431,6535.996,6536.003,6536.534,6536.181,6535.577,6535.025,6535.921,6536.461,6537.356,6531.399,6536.172,6533.19,6534.601,6536.683,6537.428,6540.77,6533.883,6534.898,6534.141,-851,-899,-875,-871,-900,-922,-845,-952,-907,-927,-924,-956,-922,-920,-911,-958,-843,-836,-904,-908,-878,-899,-906,-903,-882,TRUE
231710,"2026-03-25T17:40:34Z","2026-03-25T17:40:34Z","2026-03-25T17:38:18Z",6697,-37.68373497,-40.0866164542807,-40.0855071519061,-38.9237031079674,-38.9330380436756,-42.0678680428979,-42.0682014142171,-43.6744447510186,-43.6702408521542,-43.917814428485,-43.9166876151945,-43.9983524889954,-43.9993107060694,-44.0557048518511,-44.0590030173065,-44.2079945850637,-44.208450432505,-44.3318433983256,-44.3336340545798,-44.4192826446356,-44.418107366377,-44.4828504590228,-44.4808582447802,-44.5289087688116,-44.5344115840701,-44.5811201190558,-44.5769616229951,-44.5912001662713,-44.5902658927377,-44.5790809370011,-44.5795529902585,-44.5428470637316,-44.5452604623532,-44.477105189862,-44.4764434224026,-44.3878464187288,-44.3877336098801,-44.2358497919697,-44.2422380546526,-44.1864554037264,-44.1748554406916,-39.4911723920334,-39.4879374154207,-38.9616186235431,-38.9615841231494,-38.7369191689042,-38.7328802741203,-39.4716537922088,-39.4731995876008,-42.8410647492508,-42.845465449852,6542.151,6539.297,6537.12,6538.446,6534.935,6539.44,6535.982,6536.004,6536.532,6536.183,6535.583,6535.022,6535.911,6536.468,6537.358,6531.414,6536.174,6533.186,6534.601,6536.684,6537.438,6540.782,6533.868,6534.898,6534.149,-855,-893,-876,-870,-892,-925,-849,-959,-907,-925,-931,-942,-921,-926,-905,-944,-832,-841,-899,-915,-901,-890,-902,-900,-883,TRUE
231710,"2026-03-26T17:40:31Z","2026-03-26T17:40:31Z","2026-03-26T17:38:18Z",6697,-37.7925158,-40.2523854853494,-40.2517369188309,-39.0185953313157,-39.0280170825825,-42.1798998627372,-42.1801128119443,-43.6788865724413,-43.6746481924559,-43.8886424404586,-43.8874863125924,-43.9690650852697,-43.9700182902366,-44.043783585688,-44.0469821713097,-44.2067108809508,-44.207060915271,-44.3319574546619,-44.3337260737873,-44.4186935829431,-44.4174800349396,-44.482866623718,-44.4808472734233,-44.5287671837015,-44.5341683588371,-44.5810901085346,-44.5770290043856,-44.5912406371192,-44.5902668790635,-44.5789765115072,-44.5795264157844,-44.5428071732418,-44.5452335067702,-44.4770999214999,-44.476464214365,-44.3878138774698,-44.3877335876671,-44.2358330056911,-44.2422477353563,-44.186501793139,-44.1748496530267,-39.7083651146047,-39.7049190001913,-39.1368989866233,-39.1367900853518,-38.8511829343713,-38.8470894343797,-39.5055306770134,-39.5069654582272,-42.8234878890215,-42.8278604238757,6542.166,6539.303,6537.116,6538.451,6534.929,6539.445,6535.998,6536.006,6536.533,6536.175,6535.578,6535.02,6535.924,6536.454,6537.355,6531.407,6536.183,6533.18,6534.595,6536.686,6537.448,6540.788,6533.875,6534.906,6534.148,-860,-897,-880,-870,-895,-925,-853,-956,-906,-931,-923,-950,-924,-925,-912,-957,-825,-841,-906,-914,-882,-898,-914,-903,-883,TRUE
231710,"2026-03-27T17:40:26Z","2026-03-27T17:40:26Z","2026-03-27T17:38:18Z",6654,-37.65243684,-40.4721627257301,-40.471563960696,-39.1390807002663,-39.148396509366,-42.0501825573633,-42.0512361281491,-43.6619646315576,-43.6581675494698,-43.9235727715599,-43.9227169813271,-44.0136371357474,-44.0148173685994,-44.067379726234,-44.0708107227635,-44.2151769100648,-44.2158981250167,-44.3300799285911,-44.3318280523292,-44.4173969393036,-44.416291313243,-44.4824859158496,-44.480523154731,-44.5285559810894,-44.5339640309504,-44.5811065246883,-44.5769609687119,-44.5910603706841,-44.5901394414684,-44.5790082227402,-44.579584200287,-44.5428165341916,-44.5452689582117,-44.4770896337479,-44.4764018253999,-44.387890322833,-44.3877579884345,-44.2358471940936,-44.2422287319187,-44.1864495271158,-44.1748821885329,-39.9333747921568,-39.929685771563,-39.3139569686844,-39.3138452163474,-38.9671588841543,-38.9630483757705,-39.5405338013842,-39.5419129837581,-42.80531124046,-42.8097096466758,6542.179,6539.32,6537.11,6538.444,6534.93,6539.439,6535.985,6536.017,6536.529,6536.189,6535.582,6535.021,6535.92,6536.463,6537.364,6531.409,6536.173,6533.186,6534.598,6536.68,6537.462,6540.806,6533.878,6534.916,6534.138,-851,-901,-872,-865,-901,-927,-854,-957,-909,-933,-931,-943,-918,-923,-904,-941,-837,-838,-896,-907,-889,-893,-904,-906,-886,TRUE
231710,"2026-03-28T17:40:26Z","2026-03-28T17:40:26Z","2026-03-28T17:38:18Z",6697,-37.85828458,-40.5289412064151,-40.528040594077,-39.2181006058863,-39.2275980630882,-42.3361933662315,-42.3364938452615,-43.7009098800195,-43.6966480248045,-43.8935944094016,-43.8923975897228,-43.9790459927293,-43.9799890852575,-44.0572550011712,-44.060427843005,-44.2180284754858,-44.218375076242,-44.3335724074202,-44.3353724468078,-44.4187584577477,-44.4174769345385,-44.4823202049242,-44.4803342802255,-44.528533487258,-44.533894807531,-44.5806391638729,-44.5765975215591,-44.5909810188163,-44.590013800485,-44.5789702767541,-44.5795071816198,-44.5428188461855,-44.5452386594473,-44.4770651650019,-44.476429457867,-44.3878046009512,-44.387789431206,-44.2357914605371,-44.2422715270737,-44.1864359723662,-44.1748425821188,-40.1670979872999,-40.1630429549133,-39.4946225894031,-39.4942798160713,-39.0860111016753,-39.0817424144607,-39.5791656389511,-39.58055524776,-42.7883787989796,-42.7927483950881,6542.185,6539.328,6537.13,6538.453,6534.937,6539.439,6535.994,6536.011,6536.539,6536.182,6535.587,6535.031,6535.917,6536.467,6537.35,6531.414,6536.167,6533.185,6534.6,6536.686,6537.476,6540.814,6533.871,6534.904,6534.133,-861,-893,-872,-866,-892,-930,-845,-963,-901,-933,-935,-952,-930,-929,-910,-952,-831,-843,-909,-915,-888,-897,-905,-907,-883,TRUE
231710,"2026-03-29T17:40:19Z","2026-03-29T17:40:19Z","2026-03-29T17:38:18Z",6689,-37.73864397,-40.8527660217329,-40.8519557476097,-39.3740119476576,-39.3832014773902,-42.1522116386567,-42.1530331475605,-43.6405885915269,-43.6366619604898,-43.8884817487678,-43.8875716914703,-43.9849788695044,-43.9862426366671,-44.0508323858769,-44.0541067219016,-44.2004861314131,-44.2011626577832,-44.3288936698579,-44.3307189361815,-44.4143652339723,-44.4132553278309,-44.4828610886743,-44.4808115899579,-44.5285190811799,-44.5339887386467,-44.5813418217483,-44.5772222809552,-44.5913277496646,-44.5904192129801,-44.5789668545,-44.5795817311823,-44.5428090160994,-44.5452808735015,-44.4770204013774,-44.4764041196568,-44.3878720740892,-44.3877657549901,-44.2358178370922,-44.2422453225107,-44.1864824592777,-44.1749282228958,-40.3986076229812,-40.3943002905727,-39.678809957234,-39.6784277384823,-39.2080833695236,-39.2037886704198,-39.6222255971239,-39.6235063495728,-42.7729122171947,-42.7773783345913,6542.205,6539.345,6537.116,6538.448,6534.927,6539.438,6535.988,6536.002,6536.53,6536.182,6535.587,6535.022,6535.92,6536.467,6537.349,6531.407,6536.168,6533.18,6534.604,6536.673,6537.487,6540.827,6533.878,6534.9,6534.134,-854,-898,-871,-866,-895,-921,-852,-954,-911,-935,-934,-957,-915,-915,-901,-948,-826,-834,-910,-917,-891,-893,-910,-900,-882,TRUE
231710,"2026-03-30T17:40:23Z","2026-03-30T17:40:23Z","2026-03-30T17:38:18Z",6689,-37.62748375,-41.0972205927045,-41.0965453643619,-39.5236428706658,-39.5328171742969,-42.0069145715185,-42.007115301432,-43.6278959728056,-43.6235267283848,-43.9067200861403,-43.9056083560579,-44.0053070356363,-44.0063647894521,-44.0601823545143,-44.063392453171,-44.2050265507024,-44.2053715005863,-44.3303092027745,-44.3321198789667,-44.4192279362089,-44.4179637892422,-44.4821348470433,-44.4801989864106,-44.5286978877081,-44.5341048494381,-44.5808335383278,-44.5767593576018,-44.5910448019159,-44.5901237659166,-44.5789361485031,-44.5794667084808,-44.5427942017689,-44.5451751698233,-44.4770461787702,-44.4763388613582,-44.3878145513577,-44.3877017706427,-44.2358123994258,-44.2421808971092,-44.1864261647106,-44.1749502387317,-40.6222595779037,-40.6178672418338,-39.8671528895127,-39.8667021115793,-39.3328596407838,-39.3284983511845,-39.6637875077146,-39.6650395862459,-42.755649601205,-42.760067272517,6542.214,6539.354,6537.102,6538.447,6534.939,6539.435,6535.995,6536.008,6536.533,6536.188,6535.58,6535.017,6535.915,6536.458,6537.351,6531.412,6536.17,6533.177,6534.599,6536.681,6537.503,6540.841,6533.886,6534.907,6534.143,-850,-897,-883,-855,-891,-917,-836,-958,-902,-922,-926,-946,-922,-921,-912,-946,-829,-841,-904,-913,-886,-899,-907,-901,-888,TRUE
231710,"2026-03-31T17:40:34Z","2026-03-31T17:40:34Z","2026-03-31T17:38:18Z",6697,-37.7156432,-41.2032438367589,-41.2019018583325,-39.6263184341832,-39.6355447551458,-42.079195564136,-42.0798685143779,-43.6366405126059,-43.632591425956,-43.8852920960648,-43.8842878415241,-43.9745551961986,-43.975632400247,-44.0449070243686,-44.0481745506377,-44.2055891045888,-44.2060603013783,-44.3309425430907,-44.3327521259173,-44.4197897291803,-44.4186060577044,-44.4823496238133,-44.4802765637992,-44.5282669633348,-44.5336176739223,-44.5808798650658,-44.5767019453633,-44.5909760158145,-44.5900609625276,-44.5789054935152,-44.5795073738386,-44.5428227977868,-44.5451971773179,-44.4770587173712,-44.4763839727299,-44.3877851828856,-44.3877439956981,-44.2357631961256,-44.2422234410287,-44.1864597479375,-44.1748337001667,-40.8214679877856,-40.8168375840426,-40.0493081068365,-40.048751249393,-39.4607110384904,-39.4562076082447,-39.7083209799378,-39.7095263681831,-42.7395056565436,-42.7439137783193,6542.223,6539.358,6537.123,6538.449,6534.935,6539.441,6535.994,6536.006,6536.529,6536.18,6535.589,6535.022,6535.917,6536.461,6537.358,6531.414,6536.175,6533.177,6534.6,6536.68,6537.518,6540.855,6533.884,6534.913,6534.141,-855,-897,-873,-864,-896,-919,-854,-958,-905,-932,-931,-959,-927,-920,-910,-942,-827,-839,-906,-903,-885,-896,-906,-907,-880,TRUE
231710,"2026-04-01T17:40:26Z","2026-04-01T17:40:26Z","2026-04-01T17:38:18Z",6689,-37.90672652,-41.2673605144147,-41.2669010346186,-39.6941894963647,-39.7033983141435,-42.4128997987737,-42.4129759376857,-43.6269500671151,-43.6225652751553,-43.8338851029006,-43.8326459852557,-43.9604631734603,-43.9612154416794,-44.0558729517235,-44.0589609423302,-44.2074226582376,-44.2076148271529,-44.3294471074012,-44.3312548620688,-44.4123344892571,-44.4111075975322,-44.4822046697078,-44.4802130503047,-44.529772974372,-44.5351466335147,-44.5810136883374,-44.576959178386,-44.5914109363403,-44.5905075743126,-44.5789805805362,-44.579556306954,-44.54281009073,-44.5452362999624,-44.4770732873378,-44.4763596503832,-44.3878532724969,-44.387727280246,-44.2359022879842,-44.2423112142458,-44.1864362617023,-44.1749147514039,-40.9922839595097,-40.9876519270267,-40.2186435552156,-40.2180375335136,-39.5893657424248,-39.5848351332341,-39.7571398199111,-39.7583494049201,-42.72519714163,-42.7296739713741,6542.223,6539.372,6537.132,6538.464,6534.941,6539.453,6535.996,6536.018,6536.536,6536.184,6535.577,6535.028,6535.915,6536.469,6537.353,6531.409,6536.171,6533.178,6534.604,6536.685,6537.525,6540.861,6533.873,6534.901,6534.138,-856,-899,-874,-867,-901,-922,-851,-958,-895,-930,-931,-947,-917,-923,-908,-957,-842,-843,-910,-905,-889,-886,-915,-908,-887,TRUE
231710,"2026-04-02T17:40:19Z","2026-04-02T17:40:19Z","2026-04-02T17:38:18Z",6689,-37.64474958,-41.3773188838522,-41.3768990913181,-39.8178241346564,-39.8269933543819,-42.0750409637109,-42.0751456186356,-43.6276482333205,-43.6233054902744,-43.9048991390632,-43.903767916007,-44.0087971652172,-44.0097094393434,-44.0641270527896,-44.0673640183859,-44.204453711527,-44.2048566433277,-44.3298874506829,-44.3316845401611,-44.4168149393344,-44.4155881779612,-44.482574794044,-44.4805936775272,-44.5284954103981,-44.5339610084805,-44.5810304703897,-44.5769757621661,-44.5911869709567,-44.5902204205227,-44.5789455960314,-44.5795410572858,-44.5427578455221,-44.5451713093823,-44.4770484504493,-44.4763476341981,-44.3878107713869,-44.3876654269643,-44.2357507663746,-44.2421387446326,-44.1864474879474,-44.1748279211866,-41.1354239042857,-41.1307171648147,-40.3739773063909,-40.37329521391,-39.715727535324,-39.7112034792966,-39.8072438466497,-39.8084489957002,-42.7104769736924,-42.7149828946704,6542.226,6539.384,6537.108,6538.438,6534.932,6539.437,6536,6536.005,6536.529,6536.189,6535.582,6535.023,6535.91,6536.463,6537.353,6531.409,6536.166,6533.182,6534.6,6536.675,6537.526,6540.868,6533.877,6534.903,6534.148,-847,-903,-872,-864,-898,-924,-853,-959,-899,-933,-927,-947,-918,-914,-909,-955,-835,-842,-905,-911,-887,-899,-898,-902,-886,TRUE
231710,"2026-04-03T17:40:22Z","2026-04-03T17:40:22Z","2026-04-03T17:38:18Z",6697,-37.5893525,-41.4825978442452,-41.4819368200246,-39.9514024176407,-39.960359806487,-42.0040101952989,-42.0041485735501,-43.601399882116,-43.597107383153,-43.9010780275723,-43.8999614515823,-44.0145902435882,-44.0155890037833,-44.074133719537,-44.0773561027487,-44.2162694712218,-44.2166032243796,-44.3322347755353,-44.3340353679216,-44.417419402712,-44.4162087384628,-44.4824496015758,-44.4803628840384,-44.5288085787002,-44.5341972330795,-44.5806096000949,-44.5765743208808,-44.5909036751463,-44.590067244717,-44.5789410118734,-44.5794651030803,-44.5427676021685,-44.5451875770001,-44.4770458842252,-44.4763840581896,-44.38780902469,-44.3877158023676,-44.2358144904936,-44.2422612631787,-44.1864362646791,-44.1749538016209,-41.2620560487114,-41.2573407641647,-40.5158741067441,-40.5152347075594,-39.8384120514133,-39.8337927584174,-39.8568866230964,-39.8579965551087,-42.6942203188615,-42.6986032211676,6542.233,6539.395,6537.11,6538.434,6534.928,6539.441,6535.982,6536.012,6536.533,6536.18,6535.586,6535.025,6535.92,6536.463,6537.347,6531.402,6536.172,6533.186,6534.607,6536.687,6537.544,6540.885,6533.877,6534.908,6534.142,-854,-897,-864,-875,-893,-926,-839,-964,-903,-936,-935,-950,-925,-917,-910,-943,-831,-834,-901,-912,-879,-896,-914,-910,-873,TRUE
231710,"2026-04-04T17:40:23Z","2026-04-04T17:40:23Z","2026-04-04T17:38:18Z",6680,-37.71637532,-41.5523523794333,-41.5518057801721,-40.0857591856226,-40.0948479299569,-42.1210300820122,-42.121212429825,-43.6012087478947,-43.5969200260145,-43.8527451562399,-43.8516213058523,-43.966461638437,-43.9673819234503,-44.0487431396559,-44.0519371891546,-44.2115472608853,-44.2119589562031,-44.3306671323133,-44.3324760593076,-44.4179046006288,-44.4166847243967,-44.4823715783896,-44.4803870528679,-44.5286562510789,-44.5341266507048,-44.580871458761,-44.5768947248647,-44.5910688048322,-44.5901468125263,-44.5789063826538,-44.57944329681,-44.5428052228255,-44.5452315190637,-44.4770310100689,-44.4763757995315,-44.3878221109324,-44.3876961960096,-44.2357704202571,-44.2422505436352,-44.1864424090516,-44.1749273850084,-41.3634976592807,-41.3588065996603,-40.643437315397,-40.6428755158097,-39.956794278596,-39.9520979795906,-39.9101078704704,-39.9112378031691,-42.6799745044617,-42.6844462147589,6542.241,6539.398,6537.121,6538.454,6534.939,6539.439,6535.995,6536.019,6536.536,6536.174,6535.584,6535.022,6535.919,6536.463,6537.36,6531.403,6536.172,6533.185,6534.599,6536.69,6537.555,6540.892,6533.873,6534.91,6534.143,-850,-891,-871,-861,-896,-924,-849,-963,-899,-926,-928,-951,-912,-919,-909,-947,-830,-842,-900,-915,-896,-897,-905,-898,-887,TRUE
231710,"2026-04-05T17:40:15Z","2026-04-05T17:40:15Z","2026-04-05T17:38:18Z",6689,-37.64877624,-41.6174646727537,-41.6170653894493,-40.1872609584103,-40.1963907699081,-42.0178708025359,-42.0180068532045,-43.5848659938173,-43.5805994214631,-43.8679990421459,-43.8668462606373,-43.980306435131,-43.9812734240782,-44.0500401581374,-44.0532397454661,-44.2009098943918,-44.2012901893605,-44.3309059107443,-44.3327436524749,-44.4176403210303,-44.4165037858,-44.4828334448485,-44.4808309235361,-44.5289408533868,-44.53433107912,-44.5809746286964,-44.5769005081701,-44.5911815261225,-44.5902469973247,-44.5788932879894,-44.5795081770877,-44.5427795601928,-44.5452124388632,-44.4770097953064,-44.4763090097777,-44.3878084539043,-44.3877086550362,-44.2358059977797,-44.242200905664,-44.1863760632405,-44.1748022079111,-41.4196825546146,-41.415153131692,-40.7510608025246,-40.7505377497512,-40.0688704488167,-40.0641628578404,-39.965164326428,-39.9662135490806,-42.6664485127943,-42.6708143187365,6542.25,6539.413,6537.116,6538.447,6534.935,6539.43,6535.997,6536.004,6536.531,6536.184,6535.582,6535.027,6535.923,6536.469,6537.351,6531.413,6536.164,6533.184,6534.596,6536.661,6537.544,6540.9,6533.874,6534.926,6534.125,-852,-896,-876,-870,-898,-930,-849,-968,-902,-929,-936,-962,-921,-928,-900,-952,-830,-849,-904,-908,-884,-886,-907,-903,-890,TRUE
231710,"2026-04-06T17:40:14Z","2026-04-06T17:40:14Z","2026-04-06T17:38:18Z",6663,-37.57037839,-41.6471858611575,-41.6469140388025,-40.2871169407233,-40.2961268767178,-42.0054414727649,-42.0059747976284,-43.562035796559,-43.5580800724494,-43.8521337511799,-43.8511126133665,-43.9795746206136,-43.9805915171753,-44.0543262756808,-44.0576390197294,-44.2111562697597,-44.2115710579402,-44.3289319908694,-44.3307695990044,-44.4164874359455,-44.4153576882885,-44.4828074938174,-44.4807598009904,-44.5282928223905,-44.5336767914502,-44.5811173601688,-44.5770367621835,-44.5908839821166,-44.5900145173034,-44.5789070632372,-44.5794245835247,-44.5426712006819,-44.5451885665004,-44.476980919051,-44.4763386355196,-44.3878232191504,-44.387671305336,-44.2358238648747,-44.2422318924955,-44.1864015022261,-44.1748080712125,-41.4377940199289,-41.4334413632917,-40.833751833955,-40.8332587570888,-40.1730101996554,-40.1683412865852,-40.0202218187594,-40.0213101019807,-42.6522696772778,-42.6566573790407,6542.242,6539.404,6537.112,6538.439,6534.941,6539.446,6535.997,6536.01,6536.534,6536.184,6535.578,6535.026,6535.912,6536.469,6537.352,6531.41,6536.18,6533.18,6534.6,6536.665,6537.551,6540.904,6533.873,6534.919,6534.142,-852,-897,-871,-867,-892,-923,-846,-961,-901,-930,-932,-955,-923,-930,-909,-948,-834,-842,-908,-903,-886,-900,-918,-909,-887,TRUE
231710,"2026-04-07T17:40:18Z","2026-04-07T17:40:18Z","2026-04-07T17:38:18Z",6697,-37.70423433,-41.6299525274402,-41.6294260363474,-40.3112435840588,-40.320253418853,-42.1453383137896,-42.1455395932932,-43.6040521993443,-43.5998183866036,-43.8615645962273,-43.860481085974,-43.9756005133754,-43.9765683734936,-44.0521710502505,-44.0553612098674,-44.2107200860315,-44.2111643789935,-44.3299234408808,-44.3317849359445,-44.4171588832043,-44.4160250232674,-44.4827850174587,-44.4807405370113,-44.5282508030366,-44.5336386416281,-44.5810421138133,-44.5769031591299,-44.5908793793454,-44.5900160919039,-44.578898877963,-44.5794358230874,-44.5427264810948,-44.5451398486515,-44.4770686768979,-44.476315946468,-44.3878101398708,-44.3876777351928,-44.235741981229,-44.2421696827398,-44.1863065851876,-44.1747980245628,-41.4459897028875,-41.4416912445083,-40.8931490263681,-40.8927038787322,-40.2664110171296,-40.261765294693,-40.0769309419308,-40.0779019259483,-42.63942741972,-42.6438489936588,6542.24,6539.418,6537.116,6538.444,6534.932,6539.443,6535.987,6536.009,6536.532,6536.18,6535.577,6535.028,6535.925,6536.47,6537.357,6531.407,6536.164,6533.175,6534.607,6536.67,6537.556,6540.905,6533.879,6534.926,6534.147,-856,-898,-870,-868,-897,-918,-851,-956,-911,-932,-928,-957,-917,-929,-905,-952,-833,-839,-907,-908,-884,-891,-906,-903,-880,TRUE
231710,"2026-04-08T17:40:17Z","2026-04-08T17:40:17Z","2026-04-08T17:38:18Z",6680,-37.60545914,-41.739825380442,-41.7394669302109,-40.4256170590495,-40.4344536396894,-41.99301533217,-41.9932345468922,-43.5624216465656,-43.5581186987979,-43.8654960362634,-43.8644163650778,-43.9870152699582,-43.9880382138301,-44.054342021137,-44.0575204305732,-44.2025689822115,-44.2028909497467,-44.330747443612,-44.3325428566085,-44.4189590146815,-44.4176905758231,-44.4825577564826,-44.4805215271177,-44.5288723312068,-44.5342244888864,-44.5808479425729,-44.5767867808052,-44.5910271022006,-44.5901122439165,-44.5788728691092,-44.5793969169757,-44.5426972096804,-44.5451431320516,-44.4769950518493,-44.4763462588029,-44.3877985588255,-44.3876857476323,-44.2357853968443,-44.2422324538139,-44.1863032841679,-44.1747620405986,-41.4792245251708,-41.4749171571513,-40.945984517155,-40.945604157956,-40.3496092348583,-40.3449228193378,-40.1333219550424,-40.1342466197014,-42.6267297893767,-42.6311583323279,6542.241,6539.42,6537.115,6538.433,6534.93,6539.445,6535.987,6536.004,6536.53,6536.187,6535.583,6535.021,6535.923,6536.466,6537.351,6531.406,6536.171,6533.188,6534.6,6536.663,6537.557,6540.912,6533.875,6534.929,6534.14,-853,-900,-882,-874,-898,-924,-849,-961,-900,-929,-941,-937,-917,-928,-904,-952,-833,-842,-905,-906,-885,-894,-908,-906,-884,TRUE
231710,"2026-04-09T17:40:13Z","2026-04-09T17:40:13Z","2026-04-09T17:38:18Z",6697,-37.66445581,-41.7931771986417,-41.7928343409872,-40.4814822161408,-40.4905315309601,-42.0816078727194,-42.0816257460246,-43.5813170341824,-43.5768868691609,-43.8532476178071,-43.8520723506771,-43.9703171158218,-43.9712443074522,-44.0505241744829,-44.0536762945115,-44.2096594804657,-44.2099832759048,-44.3312978006307,-44.3331294044546,-44.417226230935,-44.416002840051,-44.4826758940452,-44.4805863816066,-44.5286797746921,-44.5341122123481,-44.5808083707746,-44.576682389551,-44.5909433712631,-44.5900280719124,-44.5788604580137,-44.5794039028501,-44.5427225839836,-44.5451294499116,-44.4769501384904,-44.4763013816898,-44.3877404765309,-44.3877188147865,-44.2358169078148,-44.2422317171018,-44.1863476289577,-44.1748064413314,-41.5514114454131,-41.5469489081527,-41.0065896675863,-41.0062635281125,-40.4257942747743,-40.4211386288588,-40.1892769916969,-40.1902122291082,-42.6145053114857,-42.6189671122954,6542.243,6539.433,6537.117,6538.446,6534.936,6539.44,6535.998,6536.016,6536.538,6536.184,6535.585,6535.021,6535.923,6536.463,6537.358,6531.411,6536.173,6533.177,6534.596,6536.67,6537.556,6540.921,6533.882,6534.927,6534.14,-858,-896,-869,-862,-902,-914,-845,-963,-898,-932,-931,-947,-916,-928,-911,-951,-833,-841,-911,-903,-878,-902,-907,-897,-888,TRUE
231710,"2026-04-10T17:40:12Z","2026-04-10T17:40:12Z","2026-04-10T17:38:18Z",6697,-37.59905309,-41.9429945351408,-41.9428317422703,-40.5737087265412,-40.5826740689837,-41.992048693656,-41.9922731111837,-43.5551488318866,-43.5508402556018,-43.8649485200855,-43.8638822430267,-43.9896809658963,-43.9907044851344,-44.0559817423425,-44.0592644221609,-44.2020192405027,-44.2024238598005,-44.3303219935539,-44.3322140087157,-44.4190408036842,-44.4178172381494,-44.4824196462955,-44.4804285521612,-44.5288003360946,-44.5342566108234,-44.5808331327573,-44.5768108969704,-44.5910840452543,-44.5902275719032,-44.5788493984606,-44.5794059139997,-44.5426857395104,-44.5451706437827,-44.4769694789127,-44.4763141707698,-44.3877938595459,-44.3876745398398,-44.2358288632905,-44.2421910684941,-44.1863738605032,-44.1748391718352,-41.6569361691675,-41.6522879847482,-41.0817318541955,-41.0813775384565,-40.4985008299191,-40.4938243938184,-40.2445737167704,-40.2453598204034,-42.6029352884891,-42.6073493052942,6542.258,6539.446,6537.108,6538.441,6534.943,6539.435,6535.986,6536,6536.532,6536.177,6535.582,6535.026,6535.918,6536.467,6537.346,6531.409,6536.169,6533.176,6534.603,6536.672,6537.56,6540.921,6533.869,6534.934,6534.144,-850,-902,-871,-862,-896,-922,-842,-960,-904,-937,-919,-949,-925,-920,-909,-953,-823,-838,-904,-909,-883,-892,-903,-903,-881,TRUE
231710,"2026-04-11T17:40:54Z","2026-04-11T17:40:54Z","2026-04-11T17:38:18Z",6680,-37.50869728,-42.0668174749682,-42.0668024888127,-40.6577004103013,-40.6666880217739,-41.9431219507118,-41.9439588143684,-43.5219841590201,-43.5181739459822,-43.8499617735501,-43.8490741809574,-43.9889196407006,-43.9901004121803,-44.0568191963981,-44.0600803476579,-44.2057276772614,-44.2062594049084,-44.3281612592065,-44.3299254748551,-44.4191299902491,-44.417989002048,-44.4826838965794,-44.4806857197556,-44.5282333869307,-44.533768651213,-44.5809532806535,-44.576924551767,-44.5908862264744,-44.5900169940229,-44.5788167429474,-44.5793538150442,-44.5427087412143,-44.5451481774835,-44.4769373221664,-44.4762884928742,-44.3877656149294,-44.3877309856143,-44.2357948061268,-44.2421438346484,-44.1863368554222,-44.1747890874603,-41.7752638455702,-41.770414058703,-41.1708961469616,-41.1704868664098,-40.571387563138,-40.5667809661096,-40.2978511236657,-40.2988194454674,-42.5909137236867,-42.5953541165736,6542.263,6539.441,6537.113,6538.437,6534.94,6539.431,6535.994,6536.001,6536.544,6536.183,6535.582,6535.027,6535.921,6536.465,6537.354,6531.409,6536.172,6533.182,6534.594,6536.667,6537.571,6540.924,6533.873,6534.934,6534.139,-850,-891,-870,-867,-889,-922,-847,-962,-897,-930,-924,-952,-920,-924,-909,-953,-826,-841,-902,-901,-881,-904,-903,-896,-888,TRUE
231710,"2026-04-12T17:40:08Z","2026-04-12T17:40:08Z","2026-04-12T17:38:18Z",6689,-37.52071625,-42.2052640212778,-42.2055329023136,-40.7347996424926,-40.7435482450164,-41.9438667390546,-41.9443027743748,-43.5220771821646,-43.5179375930682,-43.8535279128966,-43.8524829287433,-43.9918565949952,-43.9928936458376,-44.0602938758211,-44.0634635787996,-44.2064824138906,-44.2069146022267,-44.3294694041108,-44.3312727304059,-44.4192033480022,-44.4180031132247,-44.4824509540047,-44.4804067946493,-44.5286794288065,-44.5340977452131,-44.5808041469626,-44.5767494546402,-44.5908451892513,-44.589995478953,-44.5787801461696,-44.5793951252853,-44.5427231412143,-44.5451106109116,-44.4769571309111,-44.4762888037148,-44.3877868491208,-44.387654517065,-44.2358315846539,-44.2422916931153,-44.1863877689662,-44.1748400188088,-41.8901327884816,-41.8852227696664,-41.2666809869322,-41.2662141637681,-40.6466408836433,-40.6420014965748,-40.3500377916201,-40.3508966060895,-42.5793591667036,-42.583785256652,6542.271,6539.453,6537.108,6538.437,6534.929,6539.434,6535.996,6536.005,6536.528,6536.174,6535.582,6535.017,6535.921,6536.467,6537.36,6531.411,6536.168,6533.181,6534.6,6536.657,6537.572,6540.935,6533.87,6534.936,6534.139,-854,-885,-876,-865,-902,-930,-846,-962,-907,-932,-927,-954,-921,-923,-902,-944,-830,-840,-904,-912,-879,-893,-904,-904,-889,TRUE
231710,"2026-04-13T17:40:09Z","2026-04-13T17:40:09Z","2026-04-13T17:38:18Z",6697,-37.65030149,-42.2667430594514,-42.266274026971,-40.7778669252804,-40.7869198768815,-42.0776325268866,-42.0781854265102,-43.5579018021715,-43.5538168302081,-43.8499119406725,-43.8488292663897,-43.9777738408436,-43.9787096050444,-44.0556996182585,-44.0589553016586,-44.2089949049058,-44.2094430292088,-44.3308859971416,-44.3327472610747,-44.4182127645517,-44.4169812887082,-44.4822020100345,-44.4802023320263,-44.5287982299452,-44.5341469020531,-44.5807887596108,-44.5766822315789,-44.5910749798235,-44.5901402004154,-44.578880893131,-44.579365927244,-44.542733607588,-44.54513398431,-44.4769578504414,-44.4762505777265,-44.3877979918159,-44.3877307260346,-44.2358037905882,-44.2422707715662,-44.1864092015805,-44.1747570308257,-41.9941831669908,-41.9891109950368,-41.3617536666849,-41.3612643063779,-40.7239040955331,-40.7191710946533,-40.4023024597336,-40.4031217792021,-42.5694457803868,-42.5738356949544,6542.275,6539.451,6537.123,6538.438,6534.931,6539.438,6536,6536.008,6536.544,6536.183,6535.579,6535.021,6535.925,6536.467,6537.346,6531.407,6536.168,6533.178,6534.602,6536.669,6537.592,6540.942,6533.87,6534.941,6534.134,-847,-892,-877,-875,-893,-920,-845,-967,-903,-939,-925,-956,-918,-919,-906,-952,-831,-843,-905,-909,-883,-898,-914,-891,-877,TRUE
231710,"2026-04-14T17:41:50Z","2026-04-14T17:41:50Z","2026-04-14T17:38:18Z",6689,-37.50601284,-42.4664737198236,-42.4662372057382,-40.8853265453699,-40.8943511707798,-41.9540230594324,-41.9546636629165,-43.5009662319647,-43.4969652074255,-43.836906120059,-43.8359528688236,-43.982525756296,-43.9836577344044,-44.0560043287232,-44.0592545103297,-44.2053283937456,-44.2058465120561,-44.3288220789398,-44.3306741695695,-44.4175185672049,-44.4163267881559,-44.4829174083749,-44.4808682459539,-44.5284188776583,-44.5338299909567,-44.5809424368804,-44.5768488345136,-44.5908601324287,-44.5899129695064,-44.5787756567922,-44.579306244637,-44.5426771779828,-44.5450646538886,-44.4769806971055,-44.4762798864401,-44.3877330778671,-44.3876854245032,-44.235780429669,-44.2422013381594,-44.1863920770954,-44.1748312781672,-42.0965085695014,-42.0914219232861,-41.4554565066071,-41.4549387680604,-40.8019711777319,-40.7972216245798,-40.4530210262132,-40.4538727284565,-42.5590342464804,-42.5634488373824,6542.279,6539.467,6537.105,6538.43,6534.932,6539.445,6536,6536.009,6536.535,6536.183,6535.574,6535.027,6535.92,6536.461,6537.353,6531.416,6536.162,6533.183,6534.601,6536.668,6537.588,6540.949,6533.873,6534.935,6534.136,-854,-898,-875,-870,-897,-920,-844,-952,-906,-933,-933,-947,-924,-919,-907,-959,-828,-840,-907,-905,-888,-894,-915,-906,-880,TRUE
231710,"2026-04-15T17:40:04Z","2026-04-15T17:40:04Z","2026-04-15T17:38:18Z",6680,-37.49759346,-42.645602513068,-42.6453594309861,-40.9648160710396,-40.9735524414657,-41.962886693341,-41.9636869581941,-43.500557438389,-43.4965691589812,-43.8384846302433,-43.8376096955242,-43.9872166256688,-43.9883236918495,-44.0611873420385,-44.0645180664064,-44.2109049986261,-44.2114480993714,-44.3301234620036,-44.3319839265568,-44.4186780639826,-44.4175073523204,-44.4823077932175,-44.4802649665534,-44.5286771529522,-44.5340942782775,-44.5806993386713,-44.5766511482824,-44.5908621654197,-44.5899019924481,-44.5787717224059,-44.5793477402591,-44.542661377611,-44.5451268018227,-44.4769986712779,-44.4762718671524,-44.3877429675999,-44.3876887939849,-44.2357547952173,-44.2422344638639,-44.1863402375433,-44.1748316566007,-42.206552579015,-42.2013271677942,-41.5496651853325,-41.5491464837622,-40.8804173726663,-40.8756377462227,-40.5034098805268,-40.5042180206283,-42.5490972848231,-42.553509243547,6542.295,6539.471,6537.111,6538.434,6534.936,6539.429,6535.998,6536.011,6536.537,6536.185,6535.587,6535.023,6535.92,6536.459,6537.354,6531.41,6536.172,6533.179,6534.604,6536.669,6537.594,6540.959,6533.871,6534.941,6534.139,-851,-898,-877,-872,-899,-925,-847,-962,-913,-924,-930,-953,-920,-923,-900,-940,-826,-837,-908,-901,-888,-891,-906,-902,-881,TRUE
231710,"2026-04-16T17:39:58Z","2026-04-16T17:39:58Z","2026-04-16T17:38:18Z",6680,-37.4935668,-42.8520251049067,-42.8517457413379,-41.062201177876,-41.0710769656748,-41.9739187040592,-41.9746795484238,-43.4935509856751,-43.4896958302694,-43.831467167247,-43.8305733573538,-43.9844304265626,-43.9855750275749,-44.0613097834159,-44.0646852323869,-44.2104239048746,-44.2110749456409,-44.32920723461,-44.3310918933014,-44.4177051381114,-44.4165002330867,-44.4821098388552,-44.4801444929584,-44.5286665670398,-44.534116475732,-44.5808622760814,-44.5768011109246,-44.591027274796,-44.5901189331401,-44.5787653835647,-44.5793673724876,-44.5426731002347,-44.5450930564225,-44.4769502922789,-44.476262469972,-44.3877225599671,-44.3876879377075,-44.2357967474528,-44.242132769995,-44.1864197856055,-44.1748589968563,-42.3317738979211,-42.3263987757697,-41.6483380309036,-41.6476602810169,-40.9592621138411,-40.9545218316958,-40.5539501008914,-40.5547633968045,-42.540265993977,-42.5446204964933,6542.304,6539.477,6537.106,6538.432,6534.94,6539.433,6535.987,6536.014,6536.529,6536.184,6535.582,6535.021,6535.92,6536.468,6537.352,6531.409,6536.17,6533.186,6534.592,6536.671,6537.6,6540.958,6533.867,6534.946,6534.134,-856,-902,-863,-866,-896,-917,-849,-958,-898,-928,-925,-946,-924,-934,-905,-952,-832,-839,-906,-913,-890,-891,-919,-900,-885,TRUE
231710,"2026-04-17T17:41:33Z","2026-04-17T17:41:33Z","2026-04-17T17:38:18Z",6697,-37.47239633,-43.0690183044074,-43.0677146595534,-41.1647884524297,-41.1738075158945,-41.9945792297243,-41.995578185161,-43.4764149931628,-43.4729142527033,-43.8067831929749,-43.8061906104761,-43.9693902838811,-43.9707831562316,-44.0579364577024,-44.0613884413785,-44.2204952946358,-44.2212253229193,-44.3287373694248,-44.3305760463171,-44.4121042558299,-44.410985950759,-44.4830448722684,-44.4811343482478,-44.5279448512499,-44.5334066416589,-44.5810835600195,-44.5769964771039,-44.5907617366636,-44.5898468969515,-44.5787958964601,-44.5793264440526,-44.5426914158742,-44.5450853530629,-44.476989829479,-44.4762695404862,-44.3878039574446,-44.3876650723668,-44.235800721571,-44.2421564863789,-44.1863999103942,-44.1748325998104,-42.4787402209112,-42.4729876299949,-41.7557506528678,-41.7551689434103,-41.0393790245413,-41.0345961641599,-40.6039325394047,-40.6047449416344,-42.5313528204394,-42.5356901747084,6542.311,6539.489,6537.12,6538.427,6534.933,6539.445,6535.992,6536.019,6536.534,6536.182,6535.581,6535.02,6535.921,6536.455,6537.354,6531.416,6536.172,6533.183,6534.604,6536.672,6537.611,6540.957,6533.872,6534.939,6534.143,-854,-894,-871,-866,-895,-919,-850,-959,-895,-932,-927,-944,-927,-926,-901,-945,-826,-850,-904,-912,-884,-894,-904,-893,-880,TRUE
231710,"2026-04-18T17:39:57Z","2026-04-18T17:39:57Z","2026-04-18T17:38:18Z",6671,-37.51882494,-43.1955012363287,-43.1949861599757,-41.2163848182863,-41.2251527153704,-42.0066000868136,-42.0067028769715,-43.4857691614704,-43.4815686266825,-43.8229890533904,-43.8219166984871,-43.980272759201,-43.9812531848277,-44.0619322967248,-44.0650845850472,-44.2116973851204,-44.2120568783889,-44.3311845168368,-44.3330509235663,-44.4164690040042,-44.4152362644155,-44.4826224193104,-44.4806400438198,-44.5291570237904,-44.5346048135535,-44.5807329463853,-44.5766328717231,-44.5909688524441,-44.5900473754067,-44.5788152154092,-44.5793068110818,-44.5426457819246,-44.5450397408472,-44.4769377182588,-44.476269416172,-44.3876995590368,-44.3876388698723,-44.2357157656052,-44.2421562911429,-44.1863280188413,-44.1747606802583,-42.647378400876,-42.6414559461582,-41.8755126053118,-41.8746965306785,-41.1224136208931,-41.1176455633954,-40.6544627979144,-40.6552114076094,-42.5236667997968,-42.5279923809273,6542.329,6539.482,6537.115,6538.438,6534.93,6539.447,6535.989,6536.016,6536.53,6536.186,6535.583,6535.029,6535.917,6536.469,6537.355,6531.407,6536.167,6533.185,6534.607,6536.667,6537.615,6540.98,6533.869,6534.948,6534.126,-856,-904,-863,-872,-894,-927,-858,-966,-905,-938,-935,-952,-924,-921,-898,-950,-827,-836,-910,-910,-880,-895,-915,-895,-890,TRUE
231710,"2026-04-19T17:40:01Z","2026-04-19T17:40:01Z","2026-04-19T17:38:18Z",6697,-37.55976265,-43.3997638935745,-43.3994166872188,-41.3075168041725,-41.3158010981027,-42.0341159787759,-42.0349330354554,-43.5035018508029,-43.4996061401929,-43.8287671449563,-43.8278758761121,-43.9781111868321,-43.9793495984857,-44.05818115984,-44.061482552523,-44.212523349063,-44.2129589082308,-44.330161774369,-44.3320153543325,-44.4187513614277,-44.417617274373,-44.4823396139441,-44.4803463523523,-44.528764481592,-44.5342171495733,-44.5809271534353,-44.5768400937291,-44.5909960154993,-44.5900548262645,-44.5788429849254,-44.579302078953,-44.5426623567798,-44.5451212295673,-44.4768791751068,-44.4762628822456,-44.3877593715558,-44.3876790958385,-44.2357607444474,-44.2421884459582,-44.1863875452636,-44.1748528947291,-42.8343406995657,-42.8280598814738,-42.0080666383732,-42.0071542939642,-41.2098084747181,-41.2049622188553,-40.7048666327829,-40.7056835388807,-42.5161878998555,-42.5205081915407,6542.334,6539.496,6537.123,6538.441,6534.94,6539.45,6535.997,6536.014,6536.533,6536.182,6535.578,6535.019,6535.917,6536.464,6537.354,6531.412,6536.167,6533.181,6534.603,6536.666,6537.63,6540.989,6533.866,6534.959,6534.133,-863,-896,-875,-873,-894,-921,-858,-958,-908,-939,-931,-945,-920,-925,-908,-954,-839,-841,-912,-912,-883,-896,-906,-903,-874,TRUE
231710,"2026-04-20T17:39:59Z","2026-04-20T17:39:59Z","2026-04-20T17:38:18Z",6689,-37.48606257,-43.6320108253977,-43.6316888321389,-41.4022665349202,-41.4110371413556,-42.0158478513654,-42.0163518132551,-43.4795358482133,-43.4755908520003,-43.8184169162191,-43.8173959865556,-43.9792134713191,-43.9803799112875,-44.0572974971588,-44.0605700887585,-44.2128138669966,-44.2132560706135,-44.3289642388937,-44.3308076222244,-44.4194920465979,-44.418329986182,-44.482641037755,-44.4806861257794,-44.5284953291181,-44.5339165222114,-44.5810029214842,-44.5769872246432,-44.5909070506335,-44.5899595257898,-44.5787626907631,-44.579293232163,-44.5426372143329,-44.5450766257301,-44.4769348112237,-44.4762600219338,-44.3877872421848,-44.3876483477389,-44.2357253721133,-44.2421464170903,-44.1863008668356,-44.1748902354985,-43.023851982584,-43.0173612875192,-42.1510929611851,-42.1501013424954,-41.3022829721975,-41.2973557184384,-40.7553731826343,-40.7561130012199,-42.5089699184465,-42.5133315931062,6542.343,6539.504,6537.117,6538.437,6534.934,6539.445,6535.992,6536.006,6536.533,6536.176,6535.585,6535.025,6535.917,6536.463,6537.363,6531.408,6536.164,6533.179,6534.599,6536.66,6537.637,6540.991,6533.865,6534.952,6534.129,-856,-900,-876,-870,-905,-918,-849,-965,-899,-931,-929,-947,-927,-916,-899,-952,-831,-838,-909,-918,-890,-893,-900,-907,-886,TRUE
231710,"2026-04-21T17:40:05Z","2026-04-21T17:40:05Z","2026-04-21T17:38:18Z",6680,-37.48423227,-43.813356229229,-43.8125400539866,-41.5099470983304,-41.5183445488695,-41.9856693574386,-41.9859361059212,-43.4702620508913,-43.4661395136769,-43.818519560004,-43.8174918717656,-43.9740891765753,-43.9750867751755,-44.0547784459916,-44.0579921998482,-44.2084179269945,-44.2088527019377,-44.330297329814,-44.3320705687079,-44.4186385584795,-44.4175220900305,-44.4830222203439,-44.4810353129872,-44.5289327959631,-44.5343858889661,-44.5808635586181,-44.5768543467406,-44.5909427198981,-44.5900405697906,-44.5787946238251,-44.5793121657783,-44.542663437831,-44.5450638611325,-44.4769489015357,-44.476287122919,-44.387754671542,-44.3876744052149,-44.2357429641033,-44.242196711695,-44.1864337866161,-44.1748273246972,-43.1982399114484,-43.1915722452924,-42.2968755578578,-42.2957912224164,-41.4002288052053,-41.3953413357386,-40.806362960251,-40.8070530930601,-42.5021405487813,-42.5064895313936,6542.357,6539.515,6537.118,6538.438,6534.926,6539.438,6535.996,6536.008,6536.537,6536.184,6535.587,6535.013,6535.918,6536.464,6537.337,6531.413,6536.173,6533.178,6534.597,6536.654,6537.648,6541.001,6533.867,6534.958,6534.137,-852,-898,-887,-868,-893,-915,-853,-958,-898,-928,-931,-947,-923,-935,-918,-948,-835,-843,-904,-908,-893,-889,-907,-901,-875,TRUE
231710,"2026-04-22T17:39:50Z","2026-04-22T17:39:50Z","2026-04-22T17:38:18Z",6697,-37.45494747,-44.0374614340214,-44.037532863478,-41.6053580000336,-41.6133805401394,-41.9693316676385,-41.9693919091629,-43.442440526683,-43.4380905080808,-43.8136860824177,-43.8125193790116,-43.9887206928518,-43.9896149326994,-44.0651373282017,-44.0683518887154,-44.2053451708194,-44.205660229565,-44.3301306324124,-44.3318211118732,-44.4180881383235,-44.4168201575592,-44.4830073457783,-44.480936877457,-44.5290870183919,-44.5345315400369,-44.5808586251609,-44.5768039257337,-44.5909309276597,-44.5900098545188,-44.5787145056703,-44.5792386618889,-44.5426092121618,-44.5450617014984,-44.47687258942,-44.4761782128966,-44.3877776722334,-44.3876192990454,-44.235764302536,-44.2421719889026,-44.1863308780299,-44.174783099894,-43.3658460320981,-43.3589266497768,-42.439251270958,-42.4381840882693,-41.5017319338991,-41.4967363497821,-40.8581250734888,-40.8588270225535,-42.4958745520626,-42.5002169392415,6542.377,6539.52,6537.104,6538.425,6534.925,6539.432,6535.983,6536.011,6536.525,6536.178,6535.574,6535.014,6535.91,6536.464,6537.353,6531.411,6536.169,6533.174,6534.602,6536.675,6537.656,6541.015,6533.868,6534.956,6534.135,-853,-903,-882,-857,-897,-920,-848,-961,-898,-939,-924,-943,-919,-915,-897,-952,-829,-847,-905,-903,-880,-896,-911,-908,-873,TRUE
231710,"2026-04-23T17:39:58Z","2026-04-23T17:39:58Z","2026-04-23T17:38:18Z",6697,-37.40992209,-44.2062122894835,-44.2063890873423,-41.7080992950021,-41.716682424399,-41.9823484586864,-41.9828894652163,-43.4393673027406,-43.4354261433868,-43.8105662296391,-43.8095304217297,-43.9874544740628,-43.9885214974207,-44.0657526179399,-44.0690670821183,-44.2104164794272,-44.2108497679813,-44.3288855046974,-44.3307270271152,-44.4180549757197,-44.4168406354035,-44.4825715296146,-44.4805208288552,-44.5286853882675,-44.5341492079886,-44.5808698126285,-44.5767891676252,-44.5908981768479,-44.5900030217515,-44.5786487097317,-44.5792702444875,-44.5426365575674,-44.5450435570533,-44.4768569467439,-44.4762860924003,-44.387758835142,-44.3876395412184,-44.2357006152101,-44.2422323307459,-44.1863319334927,-44.1748233373118,-43.5449019814635,-43.5377100863758,-42.582866712364,-42.5816562730663,-41.6052941419838,-41.6002469072694,-40.9106780527048,-40.9113151390788,-42.4897019190624,-42.4940241916111,6542.375,6539.528,6537.109,6538.431,6534.934,6539.434,6535.989,6536.012,6536.523,6536.185,6535.575,6535.022,6535.927,6536.461,6537.352,6531.403,6536.176,6533.177,6534.605,6536.661,6537.661,6541.026,6533.87,6534.959,6534.138,-850,-889,-867,-871,-899,-919,-844,-966,-901,-938,-928,-948,-921,-921,-901,-955,-831,-843,-900,-911,-880,-897,-911,-898,-882,TRUE
231710,"2026-04-24T17:39:57Z","2026-04-24T17:39:57Z","2026-04-24T17:38:18Z",6697,-37.48301207,-44.4478319427031,-44.4472634996433,-41.8352473370853,-41.8440125811281,-41.9906722768765,-41.9908517006146,-43.4491367307078,-43.444910652207,-43.8098211530893,-43.8088137865284,-43.9757457733216,-43.976697963898,-44.056341399811,-44.0595550492459,-44.206945241757,-44.2072925686414,-44.3296283721978,-44.331452565024,-44.418504904321,-44.417348702154,-44.4822476146657,-44.4802403505839,-44.5287580652741,-44.5342049921212,-44.5807068120725,-44.5766716371861,-44.5909280083269,-44.5899999311385,-44.5787095378806,-44.5793114988776,-44.5426166442123,-44.5450235877884,-44.4768883963128,-44.4762200886462,-44.3877470334221,-44.3876537454029,-44.2356978370437,-44.2421384308135,-44.1863588986422,-44.174830759779,-43.7418942965391,-43.7344780701389,-42.733578080703,-42.7321764294924,-41.7113810398566,-41.7062773650489,-40.9647510889161,-40.9653562608961,-42.4843884969419,-42.4887903727007,6542.394,6539.541,6537.11,6538.428,6534.938,6539.445,6535.989,6536.018,6536.528,6536.174,6535.577,6535.021,6535.915,6536.462,6537.354,6531.408,6536.17,6533.181,6534.594,6536.666,6537.684,6541.031,6533.867,6534.955,6534.138,-855,-894,-877,-862,-897,-919,-843,-956,-904,-932,-931,-958,-925,-930,-910,-943,-827,-835,-905,-909,-884,-891,-902,-905,-886,TRUE
231710,"2026-04-25T17:39:46Z","2026-04-25T17:39:46Z","2026-04-25T17:38:18Z",6697,-37.49228559,-44.7203104969457,-44.7204624198446,-41.9446765030389,-41.952580431848,-42.0216532841648,-42.0216668849947,-43.4459989047389,-43.4416276220775,-43.8032243723487,-43.8020073066799,-43.9731769332054,-43.9740566300202,-44.0572053336921,-44.0603414641569,-44.205541267389,-44.2058176297216,-44.3294375458006,-44.3312036849991,-44.4163864763469,-44.4151905582336,-44.4823894938183,-44.4803500603041,-44.5289186486068,-44.5343782232912,-44.5806148582789,-44.5765472407134,-44.5909254956508,-44.590029838919,-44.5787336049184,-44.5792317034043,-44.5425701595064,-44.5450095988847,-44.4768884344123,-44.4761616191053,-44.3877066761836,-44.3876264262892,-44.2357528916984,-44.2421674734945,-44.18641268572,-44.1747343919613,-43.9479463649921,-43.9402441089059,-42.8926205860134,-42.8912527623581,-41.8206310344784,-41.8155074043964,-41.020201725729,-41.0207942569184,-42.4798001575887,-42.4840661134381,6542.411,6539.546,6537.114,6538.432,6534.94,6539.44,6536,6536.01,6536.528,6536.185,6535.576,6535.019,6535.911,6536.458,6537.35,6531.406,6536.171,6533.192,6534.596,6536.67,6537.702,6541.04,6533.87,6534.963,6534.134,-858,-894,-879,-868,-890,-922,-853,-965,-898,-932,-926,-957,-917,-918,-908,-944,-831,-843,-904,-900,-881,-898,-908,-902,-883,TRUE
231710,"2026-04-26T17:39:54Z","2026-04-26T17:39:54Z","2026-04-26T17:38:18Z",6671,-37.42901822,-44.9355996554102,-44.9348456565854,-42.0945104777815,-42.1029302617311,-41.9707848117447,-41.9710301108021,-43.4005289559875,-43.3963163225089,-43.7802932677397,-43.7792632938554,-43.967758469176,-43.968744630678,-44.049849205968,-44.0531015013372,-44.1944780440597,-44.1949599571213,-44.3259860859696,-44.3277816018109,-44.4166887114915,-44.4154542338994,-44.4824122543171,-44.4803964951699,-44.5284823962562,-44.5338793806029,-44.5809582133815,-44.5768970692381,-44.5909573192561,-44.5900813331578,-44.5787124600686,-44.5792690189897,-44.5426251856481,-44.5449866860071,-44.4768755964811,-44.4761877574237,-44.3877121406613,-44.3875928350184,-44.2356950312553,-44.2420570999048,-44.1863140751859,-44.1748250801196,-44.1530656895359,-44.1450458929985,-43.0573765106966,-43.0558553317227,-41.9339821581307,-41.9287466906895,-41.0768673639637,-41.0775423355891,-42.4755205159791,-42.4799186506989,6542.42,6539.564,6537.105,6538.426,6534.932,6539.437,6535.991,6536.01,6536.527,6536.183,6535.577,6535.019,6535.914,6536.47,6537.347,6531.411,6536.171,6533.179,6534.603,6536.668,6537.706,6541.06,6533.861,6534.966,6534.137,-846,-899,-875,-871,-894,-918,-850,-961,-898,-937,-930,-956,-920,-921,-906,-952,-839,-844,-906,-905,-885,-891,-905,-902,-884,TRUE
231710,"2026-04-27T17:39:51Z","2026-04-27T17:39:51Z","2026-04-27T17:38:18Z",6697,-37.4057124,-45.075097086214,-45.0750882650355,-42.1864477379935,-42.1947901640281,-41.9665003085865,-41.966574332038,-43.4005681976845,-43.3961557180773,-43.7856923400048,-43.7844968551667,-43.96860010822,-43.9694974515908,-44.0532823381785,-44.0564930481318,-44.2012936509653,-44.2015922529247,-44.3282869827375,-44.3300618530432,-44.4164880617613,-44.4152762406246,-44.4821223018667,-44.4800620250312,-44.5286133891579,-44.5341130654282,-44.580563917258,-44.5765027714199,-44.5907869659174,-44.5898915135494,-44.5786650546864,-44.5792086358128,-44.5425951903656,-44.5450086511191,-44.476870127938,-44.4761757988851,-44.3876938003676,-44.3875875140999,-44.235671700249,-44.2420730030548,-44.1863225775046,-44.1748662424595,-44.3644122177113,-44.3561053224828,-43.2263083037643,-43.2247268272422,-42.0515326282299,-42.0462970903641,-41.1344622331455,-41.135026245231,-42.4709650721713,-42.4752272336943,6542.422,6539.569,6537.11,6538.439,6534.93,6539.445,6535.992,6536.014,6536.534,6536.183,6535.592,6535.021,6535.924,6536.457,6537.348,6531.409,6536.172,6533.181,6534.597,6536.673,6537.721,6541.068,6533.857,6534.966,6534.134,-855,-901,-873,-861,-892,-922,-850,-970,-907,-927,-919,-957,-918,-922,-908,-946,-836,-843,-905,-909,-886,-898,-897,-902,-875,TRUE
231710,"2026-04-28T17:39:50Z","2026-04-28T17:39:50Z","2026-04-28T17:38:18Z",6697,-37.37685467,-45.2895432997312,-45.2890564502683,-42.3283025462762,-42.3362175294047,-41.9511649588366,-41.951404079956,-43.3723605814448,-43.3681681108104,-43.765686624735,-43.764649691828,-43.9605067944238,-43.9615328459942,-44.0466287647168,-44.0499164855945,-44.195111402009,-44.1954722776143,-44.3256398778339,-44.3274327054581,-44.4161224734315,-44.4149170507845,-44.4822045695558,-44.4801053826414,-44.5284759869615,-44.5338264981862,-44.5807817270883,-44.5767205910792,-44.5908307405169,-44.5899482284954,-44.5787020532246,-44.5792001826443,-44.5425479497922,-44.5450133957842,-44.4769141071446,-44.4762067953198,-44.3877115294054,-44.3875922096992,-44.2357149701928,-44.2421686040768,-44.186301838977,-44.1748259079249,-44.5824281533116,-44.5738243886853,-43.4001603070189,-43.3984456355521,-42.172448139343,-42.1671473947107,-41.1936636445877,-41.1941839023478,-42.4671013994514,-42.4713275001964,6542.438,6539.579,6537.11,6538.418,6534.928,6539.439,6535.989,6536.008,6536.525,6536.178,6535.583,6535.018,6535.919,6536.464,6537.349,6531.401,6536.171,6533.179,6534.606,6536.658,6537.733,6541.083,6533.867,6534.963,6534.139,-857,-900,-877,-875,-889,-920,-849,-955,-902,-924,-921,-947,-912,-922,-905,-941,-827,-837,-904,-910,-885,-893,-911,-903,-886,TRUE
231710,"2026-04-29T17:39:50Z","2026-04-29T17:39:50Z","2026-04-29T17:38:18Z",6697,-37.46196362,-45.3853595496973,-45.3849091837661,-42.3741870666424,-42.3822377694397,-42.0384860952624,-42.0393543150114,-43.4103860030641,-43.4067017122674,-43.7771307778269,-43.7763861836567,-43.9617732839763,-43.9631146973462,-44.0480511682519,-44.0514955584746,-44.2001303664011,-44.2008498655927,-44.3245171915975,-44.3264402484651,-44.4145144047089,-44.413352959947,-44.4817558250831,-44.4797885899486,-44.5279399143617,-44.5333344405105,-44.5808913956472,-44.5768238042257,-44.5908985705479,-44.5899249469737,-44.5786538697349,-44.5791974198857,-44.5425792784407,-44.545012200628,-44.476883071873,-44.4762017758474,-44.3876949790959,-44.3876537989619,-44.2356514865384,-44.2420855716246,-44.1863690539477,-44.1748474597968,-44.7789014648834,-44.7701481604495,-43.5733526500276,-43.5714937333085,-42.2959684661793,-42.290543959287,-41.2545761996286,-41.2551607132205,-42.4641245161902,-42.4684478396464,6542.449,6539.587,6537.121,6538.425,6534.932,6539.442,6535.995,6536.014,6536.536,6536.182,6535.579,6535.022,6535.922,6536.465,6537.35,6531.407,6536.17,6533.178,6534.598,6536.668,6537.741,6541.097,6533.867,6534.972,6534.138,-854,-899,-880,-869,-901,-923,-851,-960,-913,-930,-927,-946,-915,-925,-910,-951,-835,-835,-906,-919,-894,-892,-904,-902,-882,TRUE
231710,"2026-04-30T17:39:41Z","2026-04-30T17:39:41Z","2026-04-30T17:38:18Z",6697,-37.34909512,-45.5826414845473,-45.5840633747399,-42.5429280664374,-42.5515243367015,-41.9852998581319,-41.9855120722564,-43.352607522522,-43.3483376744645,-43.7569311657638,-43.7558337634119,-43.970829281135,-43.9718153597579,-44.0594991152533,-44.0627310145345,-44.1984589202271,-44.1988255396717,-44.3249171639966,-44.3266808463243,-44.4138566106655,-44.4126627868991,-44.4817588946679,-44.4797129290274,-44.5282708409498,-44.5336839951542,-44.5806236965107,-44.5765884445555,-44.5908093869627,-44.5899143897992,-44.5786284591781,-44.5791331904308,-44.5425413599607,-44.5450003820713,-44.4768293360278,-44.4761609418721,-44.3876187848442,-44.3875972501645,-44.2356997779206,-44.2420746705138,-44.1863506308981,-44.1748681526166,-44.9412864722055,-44.9324421981509,-43.7370873952844,-43.7352205924014,-42.4216421241957,-42.4161698031494,-41.3165361938778,-41.3170743309015,-42.4606703338249,-42.4650041429927,6542.448,6539.601,6537.109,6538.415,6534.93,6539.435,6535.999,6536.008,6536.515,6536.177,6535.58,6535.019,6535.915,6536.463,6537.354,6531.407,6536.164,6533.192,6534.604,6536.662,6537.757,6541.112,6533.861,6534.985,6534.133,-853,-906,-874,-859,-899,-925,-846,-965,-904,-926,-930,-952,-921,-915,-905,-951,-828,-834,-909,-907,-890,-891,-911,-893,-886,TRUE
231710,"2026-05-01T17:39:39Z","2026-05-01T17:39:39Z","2026-05-01T17:38:18Z",6697,-37.29992106,-45.8061705979501,-45.8063789428645,-42.6924055909509,-42.700696197097,-41.9725308620126,-41.9725661337463,-43.3313525835398,-43.3269730073936,-43.7488688337076,-43.7477069671261,-43.9715650458191,-43.9725373453033,-44.063161983293,-44.0663533293642,-44.2033745058823,-44.2037183671639,-44.3258146629788,-44.3276023928263,-44.4145460827271,-44.413265849016,-44.4814921249491,-44.479484132366,-44.5282134643626,-44.5336792686497,-44.5803128791665,-44.5762256952266,-44.590595288934,-44.5897070128783,-44.578570598538,-44.5791467652192,-44.5425065609116,-44.5448941609953,-44.4768302627594,-44.4761943661126,-44.3876759549569,-44.3875892763556,-44.2356731698671,-44.2420740858977,-44.1862879718314,-44.1747858746572,-45.0872319831653,-45.0782183277291,-43.8880524368614,-43.8861763678217,-42.5474662817832,-42.5419127675796,-41.3799304560677,-41.3805030058883,-42.4572697121484,-42.4615803835033,6542.474,6539.612,6537.101,6538.418,6534.927,6539.434,6535.997,6536.005,6536.53,6536.183,6535.575,6535.019,6535.92,6536.464,6537.354,6531.405,6536.163,6533.173,6534.605,6536.667,6537.769,6541.12,6533.869,6534.979,6534.133,-855,-894,-871,-868,-892,-928,-851,-960,-911,-936,-921,-950,-927,-921,-908,-955,-838,-839,-901,-907,-884,-891,-906,-904,-882,TRUE
231710,"2026-05-02T17:39:44Z","2026-05-02T17:39:44Z","2026-05-02T17:38:18Z",6697,-37.38948374,-45.932521280723,-45.9332966016702,-42.7957596675985,-42.8032515288956,-42.0024454833688,-42.0029162605469,-43.3560118057331,-43.3520515645569,-43.7524385574429,-43.7515794352674,-43.9573723051387,-43.9584642349892,-44.0489729305153,-44.0522813144291,-44.1974995093237,-44.1979739591534,-44.3241156691345,-44.3259535033542,-44.4130803887513,-44.4119904982979,-44.4816041295625,-44.4795630899026,-44.5278692603313,-44.5333369914853,-44.5805243862449,-44.5765216343238,-44.5906235579265,-44.5896957546004,-44.5785790772223,-44.5791681286866,-44.5425295184229,-44.5450014660729,-44.4768574352003,-44.4761501010269,-44.387660278843,-44.387593081176,-44.2356750120908,-44.2420632747737,-44.1863243531654,-44.1748353733263,-45.2355163853714,-45.2262835621017,-44.0305061213683,-44.0286440183446,-42.6706124799566,-42.6650964817706,-41.4455336867726,-41.4459743834299,-42.4549980395494,-42.4592843381412,6542.479,6539.616,6537.112,6538.426,6534.935,6539.441,6536.005,6536.012,6536.535,6536.177,6535.583,6535.012,6535.914,6536.461,6537.348,6531.419,6536.175,6533.174,6534.595,6536.666,6537.769,6541.124,6533.865,6534.978,6534.136,-853,-900,-880,-859,-901,-925,-850,-961,-910,-933,-927,-945,-927,-926,-907,-950,-824,-838,-908,-913,-887,-890,-914,-907,-890,TRUE
231710,"2026-05-03T17:39:41Z","2026-05-03T17:39:41Z","2026-05-03T17:38:18Z",6697,-37.34543452,-46.1822081702905,-46.1819311498353,-42.9393733373654,-42.9479930150683,-42.0057903899642,-42.005911437249,-43.3356790735244,-43.3313410348503,-43.7427243995309,-43.7415335581223,-43.9581500905473,-43.9591577626246,-44.0537820638837,-44.0569732498065,-44.1965848932701,-44.1968826849482,-44.3251699102927,-44.3269998927577,-44.4122868240975,-44.4110721795844,-44.4812332339689,-44.4792542268979,-44.5284300689357,-44.5338411629213,-44.580387765251,-44.576339554936,-44.5907303365917,-44.5898416517078,-44.5786541120545,-44.5791652842611,-44.5425235538326,-44.5449046056887,-44.4767626663844,-44.4761267753115,-44.3876440593813,-44.3875834101562,-44.2357095998527,-44.2421108002767,-44.1863044777022,-44.1748742351894,-45.3936991138691,-45.3842952659212,-44.1718497966989,-44.1698461643708,-42.790845866338,-42.7852513491174,-41.5125800102415,-41.5129697105914,-42.4532438172684,-42.4575723156862,6542.488,6539.634,6537.105,6538.418,6534.931,6539.432,6535.998,6536.01,6536.538,6536.18,6535.582,6535.011,6535.921,6536.464,6537.339,6531.408,6536.165,6533.179,6534.594,6536.663,6537.779,6541.136,6533.864,6534.988,6534.14,-857,-902,-872,-869,-908,-926,-854,-964,-899,-930,-927,-945,-928,-925,-903,-953,-831,-841,-904,-912,-881,-896,-909,-895,-881,TRUE
231710,"2026-05-04T17:39:42Z","2026-05-04T17:39:42Z","2026-05-04T17:38:18Z",6697,-37.40784775,-46.3116965817943,-46.3116354016695,-42.9698893809415,-42.9776508937257,-42.0941855613196,-42.0939504583553,-43.3671611459933,-43.3624127094714,-43.756311897796,-43.7549725145277,-43.9587600972662,-43.9595484769416,-44.0558036855701,-44.0588812195855,-44.2086175314503,-44.2088705784033,-44.326246066489,-44.3281146250088,-44.4105668154724,-44.4092958748549,-44.4815109809763,-44.4794969021519,-44.5281796947758,-44.5335684598533,-44.580159888403,-44.5761052265301,-44.590508135311,-44.5894700042446,-44.5785451196777,-44.5791276806913,-44.542479732264,-44.5449386983763,-44.4768118260464,-44.4761629939659,-44.3876874719445,-44.3875160419235,-44.235686160343,-44.2420810454745,-44.1862586343774,-44.1748479903887,-45.5610071662159,-45.5513708918784,-44.316386472215,-44.3144371205284,-42.9097252010265,-42.9042046894106,-41.5806141771643,-41.5810476220686,-42.4515769208643,-42.4559072417274,6542.491,6539.641,6537.11,6538.425,6534.933,6539.431,6535.998,6536.013,6536.533,6536.183,6535.575,6535.016,6535.913,6536.461,6537.351,6531.407,6536.165,6533.176,6534.592,6536.663,6537.785,6541.137,6533.864,6534.993,6534.145,-851,-898,-881,-871,-905,-920,-847,-975,-908,-925,-939,-950,-919,-926,-905,-949,-838,-835,-908,-907,-892,-896,-904,-904,-883,TRUE
231710,"2026-05-05T17:39:39Z","2026-05-05T17:39:39Z","2026-05-05T17:38:18Z",6697,-37.4105932,-46.1450270405372,-46.1456621512161,-42.85542189586,-42.8624084709001,-42.1537835194389,-42.1538538576765,-43.4139532215059,-43.4096059218333,-43.7942010913866,-43.7929570295121,-43.9923112887145,-43.9931539229794,-44.076734103064,-44.079917733937,-44.2126298881331,-44.2130565627576,-44.3275732549239,-44.3294167048328,-44.4132747183274,-44.4120477380165,-44.4809914298867,-44.4789512645991,-44.527551941217,-44.5330760792658,-44.5800406148802,-44.5760053356661,-44.590462543848,-44.5895937529137,-44.5785449565239,-44.5791016517927,-44.5424641922462,-44.5448518016438,-44.4768495338454,-44.4760706280199,-44.3876261465683,-44.3875199376886,-44.2356487208153,-44.241997396534,-44.1862859004674,-44.1747446314695,-45.7352909711974,-45.7253107943524,-44.4640479249597,-44.4620421241479,-43.028510630414,-43.0228905805523,-41.6496736699837,-41.6500274767545,-42.4504275409894,-42.4547121190176,6542.485,6539.627,6537.112,6538.42,6534.933,6539.43,6535.984,6536.014,6536.53,6536.191,6535.568,6535.022,6535.921,6536.457,6537.349,6531.401,6536.167,6533.171,6534.6,6536.658,6537.8,6541.147,6533.877,6534.997,6534.137,-856,-895,-881,-862,-897,-914,-849,-958,-897,-942,-929,-950,-929,-933,-905,-947,-833,-843,-912,-914,-890,-889,-908,-904,-873,TRUE
231710,"2026-05-06T17:39:31Z","2026-05-06T17:39:31Z","2026-05-06T17:38:18Z",6697,-37.4349972,-46.2944497191662,-46.2942916642548,-43.0083253692774,-43.0152127578285,-42.1349538185192,-42.1357305996229,-43.4003773641662,-43.3966575935175,-43.7781781483003,-43.7775929962928,-43.9741866429931,-43.975549813334,-44.0608618566827,-44.0643430849214,-44.2060957602688,-44.20673231275,-44.3251711836252,-44.3270815185842,-44.4138754985437,-44.4127601026318,-44.4810292587648,-44.4791243499275,-44.5274485123172,-44.5329425252329,-44.580342694004,-44.5762296319561,-44.5905592212012,-44.5896249708741,-44.5785322063734,-44.5790758463539,-44.5425217568148,-44.5449027714249,-44.4768043593032,-44.4761100051189,-44.3877045764031,-44.3875722302914,-44.2356472217055,-44.2420942218182,-44.1860950750223,-44.1746647717369,-45.9237448170068,-45.9135272993453,-44.6180355012249,-44.615966134643,-43.1482267482381,-43.1424682122473,-41.7194351638464,-41.7198042758596,-42.4496814400997,-42.4539332618232,6542.498,6539.633,6537.117,6538.434,6534.936,6539.442,6535.99,6536.012,6536.532,6536.177,6535.581,6535.017,6535.91,6536.461,6537.348,6531.409,6536.167,6533.189,6534.594,6536.633,6537.805,6541.171,6533.864,6534.998,6534.144,-863,-901,-879,-869,-895,-918,-847,-964,-917,-933,-927,-952,-921,-924,-909,-953,-827,-840,-903,-919,-883,-896,-912,-901,-888,TRUE
231710,"2026-05-07T17:39:30Z","2026-05-07T17:39:30Z","2026-05-07T17:38:18Z",6706,-37.43731558,-46.43807950232,-46.4380365566639,-43.2777351791188,-43.2862025597719,-42.1142626196915,-42.1142998500005,-43.3776194012878,-43.3732652064383,-43.7631999049061,-43.7619513193241,-43.9671333228453,-43.9680153990221,-44.0584474823998,-44.0616257792191,-44.2065123157947,-44.2068355151709,-44.3260293485656,-44.3278676830087,-44.4139331484659,-44.4127118653903,-44.4813258281191,-44.4792668652013,-44.5278991514384,-44.5333653623883,-44.5801407614583,-44.5760342015185,-44.5903683683276,-44.5894405696432,-44.5785193506683,-44.5790175357695,-44.5424177547123,-44.5448507577208,-44.4767790124104,-44.4761366759156,-44.3875919371876,-44.3874921781966,-44.2356485177733,-44.242049922961,-44.1861390031947,-44.1746042585975,-46.0828886522517,-46.0725650261432,-44.7732909868563,-44.7711395788357,-43.2693669241736,-43.263630400231,-41.7899846663095,-41.790280328696,-42.4493520771919,-42.4536378305111,6542.503,6539.658,6537.124,6538.427,6534.924,6539.434,6536,6536.005,6536.525,6536.18,6535.58,6535.013,6535.918,6536.46,6537.354,6531.406,6536.174,6533.185,6534.602,6536.624,6537.812,6541.172,6533.856,6535.002,6534.135,-853,-903,-879,-869,-900,-918,-853,-963,-905,-934,-921,-955,-921,-925,-911,-947,-835,-844,-906,-910,-882,-897,-911,-903,-886,TRUE
231710,"2026-05-08T17:39:37Z","2026-05-08T17:39:37Z","2026-05-08T17:38:18Z",6697,-37.37203488,-46.4230632375074,-46.4231710451346,-43.420691558742,-43.4278953579442,-42.0580348268154,-42.0582494413196,-43.3247573084575,-43.3204563800403,-43.736288180789,-43.7351545454876,-43.9567026402567,-43.9577119033402,-44.0500051506387,-44.053162736548,-44.1944781932142,-44.1949300116056,-44.3247414080291,-44.3265462198104,-44.4143960704762,-44.4131955945935,-44.4817408187487,-44.4798036584099,-44.5279844577172,-44.5333874283777,-44.5803616267992,-44.5762810032605,-44.590529802413,-44.5895631592101,-44.5784708660122,-44.5790534828471,-44.5424267792983,-44.544866302624,-44.4767926226593,-44.4761047612676,-44.3876357326656,-44.3874903882429,-44.2356724465688,-44.2420737493746,-44.1860683912536,-44.1746119573552,-46.1526326413401,-46.1425417673629,-44.9066944292459,-44.904539219905,-43.390979519026,-43.3852452338382,-41.8611837949094,-41.861500787278,-42.4496007799688,-42.4538459754549,6542.5,6539.669,6537.107,6538.423,6534.937,6539.44,6535.995,6536.016,6536.528,6536.182,6535.576,6535.019,6535.922,6536.467,6537.34,6531.413,6536.168,6533.173,6534.592,6536.619,6537.814,6541.187,6533.866,6535.007,6534.146,-850,-901,-873,-869,-895,-923,-843,-965,-908,-936,-923,-948,-922,-918,-908,-946,-836,-840,-907,-914,-886,-900,-900,-904,-889,TRUE
231710,"2026-05-09T17:39:28Z","2026-05-09T17:39:28Z","2026-05-09T17:38:18Z",6697,-37.36184621,-46.287504315079,-46.2874598819313,-43.4653431809083,-43.4720247914055,-42.1230028200646,-42.1240035320912,-43.3614576326245,-43.3580829748703,-43.7536417707557,-43.7530308601599,-43.9684064295927,-43.9697583467696,-44.0590208541134,-44.0624129002493,-44.2117938711311,-44.2125001501929,-44.3239457276409,-44.3258455548807,-44.414988746883,-44.4138897983725,-44.4814753444583,-44.4794287723536,-44.5270855405188,-44.5325530268805,-44.5803797223474,-44.5763315583021,-44.5902105849054,-44.5893219046672,-44.5784269516885,-44.5789836066722,-44.5424201,-44.5448531123343,-44.476771848411,-44.4760839926029,-44.3876927984659,-44.3875474189219,-44.2356259291191,-44.2420794947784,-44.1860685956747,-44.1746187014016,-46.117767731808,-46.1081874192138,-44.9918268825072,-44.9897716415402,-43.5059305172567,-43.5001208200783,-41.9325017817808,-41.9327861914153,-42.4495940582862,-42.4538191180846,6542.492,6539.671,6537.115,6538.422,6534.928,6539.442,6535.996,6536.021,6536.53,6536.183,6535.581,6535.019,6535.924,6536.461,6537.356,6531.404,6536.17,6533.176,6534.605,6536.622,6537.815,6541.192,6533.862,6534.998,6534.132,-849,-899,-871,-868,-897,-921,-843,-957,-905,-928,-933,-957,-916,-917,-903,-951,-840,-840,-909,-903,-895,-899,-904,-896,-885,TRUE
231710,"2026-05-10T17:39:26Z","2026-05-10T17:39:26Z","2026-05-10T17:38:18Z",6697,-37.43084852,-46.1805681635673,-46.181645076048,-43.5174061488385,-43.5251242379942,-42.1505437184244,-42.1505868626522,-43.3623045361475,-43.3578074991256,-43.7564288242239,-43.7552010746386,-43.9676316155325,-43.9685661537933,-44.063384296728,-44.066430707553,-44.2064754407154,-44.2068318364285,-44.3276580150061,-44.3294425674643,-44.4152081874937,-44.4139268585513,-44.4813164732014,-44.4792891630361,-44.5285556110792,-44.5340219766168,-44.5801243729628,-44.5759788710637,-44.590476651612,-44.5896397049892,-44.5784835391915,-44.5790856025847,-44.5424697279214,-44.5448767367258,-44.4767689175339,-44.4761005624379,-44.387625423467,-44.3875386885395,-44.235768453046,-44.242117754706,-44.1859799546654,-44.174634496754,-46.0212485279911,-46.0120735648872,-45.0248761329658,-45.0230636369923,-43.6071028339275,-43.6013924977472,-42.0046086671233,-42.004724913756,-42.4505081999698,-42.4547859756254,6542.482,6539.678,6537.118,6538.428,6534.931,6539.44,6535.994,6536.018,6536.531,6536.176,6535.574,6535.022,6535.92,6536.477,6537.347,6531.406,6536.172,6533.185,6534.599,6536.628,6537.823,6541.196,6533.861,6535.008,6534.127,-855,-904,-874,-872,-893,-930,-854,-959,-907,-934,-931,-950,-923,-923,-906,-947,-831,-831,-903,-910,-887,-885,-916,-907,-878,TRUE
231710,"2026-05-11T17:39:34Z","2026-05-11T17:39:34Z","2026-05-11T17:38:18Z",6706,-37.26252193,-46.1543937690941,-46.1549851982104,-43.604483561276,-43.6117512662618,-42.1857435826679,-42.1857698594264,-43.2980663387119,-43.2937224261642,-43.7090084410779,-43.7079393889567,-43.9601141526035,-43.9611305067138,-44.0745119652723,-44.0777454331931,-44.2206777696921,-44.2210697477067,-44.3264060945837,-44.3281595609433,-44.408770705018,-44.4076240068264,-44.4819568655119,-44.4799899906147,-44.5283734442892,-44.5338235711053,-44.580438014849,-44.5763377973736,-44.5907236713436,-44.5898098160519,-44.5784874855676,-44.5791027099156,-44.5424647800422,-44.5449109263268,-44.4767691588582,-44.4760746734306,-44.3876716271732,-44.387578489318,-44.2357456055867,-44.2421071280213,-44.1861000092149,-44.1746500389196,-45.936324269366,-45.9273793046291,-45.0262821599977,-45.0246498298354,-43.6905293581428,-43.6847471959311,-42.0768528389273,-42.0770920149511,-42.4520877490492,-42.4563100865601,6542.48,6539.685,6537.103,6538.411,6534.935,6539.42,6535.991,6536.007,6536.526,6536.183,6535.579,6535.021,6535.914,6536.462,6537.343,6531.411,6536.166,6533.173,6534.599,6536.648,6537.811,6541.196,6533.864,6535.01,6534.131,-849,-900,-874,-869,-896,-925,-852,-960,-908,-933,-937,-954,-917,-927,-907,-953,-831,-837,-911,-906,-879,-893,-912,-899,-887,TRUE
231710,"2026-05-12T17:39:24Z","2026-05-12T17:39:24Z","2026-05-12T17:38:18Z",6697,-37.46312281,-46.0598083810301,-46.0602894437413,-43.5881626105915,-43.5957804324241,-42.1860554530632,-42.186894211855,-43.3960955988888,-43.3923879033169,-43.7757031232981,-43.774883523555,-43.9742679813874,-43.9754208432824,-44.0656708060754,-44.0690098883945,-44.2186422746363,-44.2191472479716,-44.327884543693,-44.3297740122077,-44.4164907391985,-44.4153190637828,-44.4817841367493,-44.4797484809525,-44.5282073301583,-44.5336315162583,-44.580352479914,-44.576278414148,-44.5903252679357,-44.5893712218755,-44.5784756901546,-44.5789608634149,-44.542463853844,-44.5448967884651,-44.4767929754316,-44.4761571819023,-44.387673805646,-44.3875674677861,-44.2357390425382,-44.2421277716795,-44.1861728506227,-44.1747230273036,-45.9009042214506,-45.8920495349333,-45.0256629953849,-45.0242887482301,-43.7588695203855,-43.7532152967011,-42.1488425863751,-42.1490567420159,-42.4529749662514,-42.4572299051657,6542.479,6539.676,6537.121,6538.434,6534.934,6539.443,6535.998,6536.007,6536.524,6536.184,6535.588,6535.019,6535.916,6536.462,6537.343,6531.418,6536.177,6533.184,6534.605,6536.638,6537.805,6541.192,6533.857,6535.024,6534.137,-846,-890,-864,-874,-902,-931,-848,-963,-911,-931,-930,-951,-931,-925,-911,-952,-834,-839,-900,-907,-884,-888,-902,-905,-889,TRUE
231710,"2026-05-13T17:39:30Z","2026-05-13T17:39:30Z","2026-05-13T17:38:18Z",6697,-37.36160217,-46.1733148929166,-46.1735774054512,-43.7812497865159,-43.7884965955378,-42.1991694279933,-42.199422268508,-43.3051048209421,-43.3010479797123,-43.7103378240148,-43.7093992700386,-43.9549542862449,-43.9560934637621,-44.0613136430408,-44.0645571737684,-44.2041320135511,-44.2045354190317,-44.326344763203,-44.3281086392736,-44.4146810491771,-44.4135315448591,-44.4824173181146,-44.4803346766891,-44.5290117050504,-44.5344357050943,-44.5808137228231,-44.5767071282314,-44.590910706781,-44.5900089792902,-44.5784807902938,-44.5790634505459,-44.5424192461449,-44.5448588161106,-44.476772690479,-44.4761172930954,-44.3876769870617,-44.3876358727617,-44.235696428066,-44.2421432803507,-44.1862127198881,-44.1746844946104,-45.9094462373479,-45.9005979357768,-45.0356528493003,-45.034217860296,-43.814102236912,-43.8085137173296,-42.2196419956873,-42.2198127325073,-42.4565035366608,-42.4606740606015,6542.48,6539.704,6537.119,6538.421,6534.929,6539.426,6535.987,6536.006,6536.537,6536.194,6535.588,6535.023,6535.917,6536.467,6537.349,6531.408,6536.171,6533.181,6534.604,6536.638,6537.81,6541.191,6533.861,6535.02,6534.131,-853,-900,-869,-870,-902,-919,-855,-962,-908,-923,-932,-942,-917,-921,-903,-955,-829,-840,-903,-901,-889,-891,-912,-908,-886,TRUE
231710,"2026-05-14T17:39:21Z","2026-05-14T17:39:21Z","2026-05-14T17:38:18Z",6697,-37.24556115,-46.2431080277945,-46.2436311023913,-43.8744079140345,-43.8823093571791,-42.1713736648178,-42.1715382732029,-43.2667695338089,-43.262554377768,-43.695382326895,-43.6943095308751,-43.9592922323208,-43.9603399333244,-44.0680168833597,-44.0712673518067,-44.2113536563625,-44.2117208871014,-44.3273119246405,-44.3291195215349,-44.4169661420833,-44.4158039672692,-44.4825976811894,-44.4805968652562,-44.5289049637562,-44.5342859837058,-44.5806304620754,-44.5765432883741,-44.5906089028864,-44.5897206500607,-44.5785037425002,-44.5790410035166,-44.5424189541282,-44.544826087187,-44.4767932846665,-44.4760598507655,-44.3877122658172,-44.3875864985196,-44.2357321764227,-44.2420678575051,-44.1861835416099,-44.1747075192408,-45.9327950652834,-45.9238591259567,-45.062120494198,-45.0608265783412,-43.8662172088346,-43.8606985945127,-42.2879021535989,-42.288039482285,-42.4582912637206,-42.4625336857352,6542.491,6539.712,6537.113,6538.414,6534.932,6539.424,6535.986,6536.01,6536.53,6536.185,6535.572,6535.027,6535.921,6536.458,6537.352,6531.408,6536.175,6533.182,6534.6,6536.636,6537.807,6541.2,6533.855,6535.028,6534.141,-856,-908,-876,-872,-896,-921,-845,-965,-912,-928,-930,-953,-921,-924,-913,-954,-831,-833,-904,-906,-885,-896,-905,-906,-886,TRUE
231710,"2026-05-15T17:39:24Z","2026-05-15T17:39:24Z","2026-05-15T17:38:18Z",6697,-37.29144067,-46.2087681440092,-46.2094279646709,-43.8327194648534,-43.8399603300676,-42.1755821042892,-42.1758534615914,-43.3050082302553,-43.3008770908968,-43.729493933459,-43.7284940136996,-43.9721568152063,-43.9733169871185,-44.0715460071961,-44.0747424800025,-44.2196088131069,-44.2200155372356,-44.3296197407231,-44.3314674281757,-44.4191303519913,-44.4180059464308,-44.4826804331429,-44.4806251093784,-44.5287779141138,-44.5342271593906,-44.5803872788293,-44.5763066331446,-44.5903336519154,-44.5894192579543,-44.5784337021151,-44.5790228590405,-44.5424928046142,-44.5449193339351,-44.4767789580198,-44.476110572234,-44.3876323762361,-44.3875977798466,-44.2356878429004,-44.242128220602,-44.1862187127629,-44.1747362040349,-45.9389599071027,-45.9300576008843,-45.0909631598695,-45.0897194108778,-43.9169991551814,-43.9114968566445,-42.3533701111716,-42.3535111102448,-42.4604216785213,-42.4646282105906,6542.498,6539.704,6537.105,6538.428,6534.931,6539.437,6535.994,6536.019,6536.539,6536.178,6535.576,6535.017,6535.919,6536.464,6537.348,6531.41,6536.164,6533.177,6534.609,6536.645,6537.816,6541.199,6533.862,6535.024,6534.131,-856,-903,-878,-870,-897,-922,-855,-967,-908,-935,-924,-951,-919,-922,-902,-943,-839,-841,-907,-906,-891,-892,-914,-905,-885,TRUE
231710,"2026-05-16T17:39:25Z","2026-05-16T17:39:25Z","2026-05-16T17:38:18Z",6689,-37.53358936,-46.0596937997502,-46.060423133969,-43.6927851415168,-43.6997733306055,-42.3054283395138,-42.3058911831749,-43.4163918581158,-43.4124083771259,-43.7811841693923,-43.7802243621013,-43.9788655997083,-43.979917433848,-44.0734441330944,-44.0766938565902,-44.2225617149102,-44.2229117167313,-44.3286773141937,-44.3304322542457,-44.4153679497489,-44.4141895107636,-44.4827221670616,-44.4807419248336,-44.5290841527366,-44.5345767935981,-44.580803722635,-44.5767426866151,-44.5905263544051,-44.5895913847274,-44.5784254579997,-44.5790079724963,-44.5424680670364,-44.544881478084,-44.4767683677336,-44.4761000851765,-44.3876558601315,-44.3876016066165,-44.235697842076,-44.2421715818441,-44.1861501768375,-44.1747068931204,-45.9397895095801,-45.9308036822272,-45.1129213034166,-45.1116909393754,-43.9643544042754,-43.9588856107811,-42.4163580986186,-42.4165259172014,-42.4644941149652,-42.4687163454683,6542.479,6539.7,6537.122,6538.436,6534.936,6539.445,6536.001,6536.016,6536.527,6536.183,6535.579,6535.017,6535.92,6536.464,6537.352,6531.412,6536.166,6533.188,6534.6,6536.643,6537.812,6541.197,6533.859,6535.026,6534.13,-855,-892,-882,-865,-895,-920,-846,-958,-903,-929,-928,-952,-915,-917,-905,-955,-834,-842,-910,-921,-893,-896,-909,-904,-877,TRUE
231710,"2026-05-17T17:39:25Z","2026-05-17T17:39:25Z","2026-05-17T17:38:18Z",6697,-37.43902386,-46.1985239106001,-46.1993735070839,-43.882169553896,-43.8885928697069,-42.2922607910323,-42.2923154700418,-43.3539561437729,-43.3495277925504,-43.7455933352692,-43.7443872014117,-43.9718547594405,-43.9726869489985,-44.0756286084405,-44.0787720041138,-44.2188155693462,-44.2192218901104,-44.3314479962233,-44.3331983607487,-44.41667068203,-44.4153999314327,-44.4826624679684,-44.480628479848,-44.5300749242036,-44.5355085979035,-44.5806448232944,-44.5765707007273,-44.5910079194809,-44.5900539383703,-44.5785121153368,-44.5790947166657,-44.5424541081805,-44.5448936221783,-44.4768058742013,-44.4761115144323,-44.3876764426639,-44.3875636525709,-44.2357612931443,-44.2421692638893,-44.186184529275,-44.1747477268995,-45.9578728051439,-45.9489498772602,-45.1358133507955,-45.1345059954882,-44.0089976632393,-44.0034817454356,-42.4766932297314,-42.4768440288626,-42.4689761527649,-42.4732874676506,6542.48,6539.708,6537.122,6538.425,6534.939,6539.432,6535.996,6536.003,6536.534,6536.185,6535.58,6535.029,6535.914,6536.457,6537.347,6531.403,6536.165,6533.173,6534.598,6536.642,6537.809,6541.195,6533.861,6535.033,6534.132,-854,-903,-880,-878,-898,-916,-844,-956,-913,-929,-932,-949,-915,-924,-909,-955,-829,-845,-910,-902,-887,-895,-910,-907,-885,TRUE
231710,"2026-05-18T17:39:15Z","2026-05-18T17:39:15Z","2026-05-18T17:38:18Z",6706,-37.25355346,-46.4094329561096,-46.4104272105428,-44.0493568696326,-44.0571088773057,-42.271047037216,-42.2711587668512,-43.272826340293,-43.2686523879586,-43.6972841197005,-43.6963310465019,-43.96646812753,-43.9676204093271,-44.0793548166357,-44.0827025162067,-44.2208035415783,-44.2211931670901,-44.3300359683771,-44.3319000889927,-44.4199296671806,-44.4187009397687,-44.4825357567615,-44.4805922038278,-44.5298045082902,-44.5352506725445,-44.5807693971331,-44.5767341222939,-44.5908499423823,-44.5899746254256,-44.5785605821734,-44.5790588941082,-44.5424840653645,-44.544897681462,-44.4768789952526,-44.476132581353,-44.3877007514885,-44.3876336219356,-44.2357394987212,-44.2422187922158,-44.1862159355002,-44.1747333861768,-45.9939575834472,-45.9849626994119,-45.1671579306831,-45.1660159721744,-44.053506403269,-44.0480742769627,-42.5349607530011,-42.5351707597093,-42.4727926677742,-42.4770058552918,6542.495,6539.723,6537.119,6538.414,6534.923,6539.431,6535.989,6536.002,6536.525,6536.184,6535.585,6535.014,6535.918,6536.46,6537.351,6531.406,6536.18,6533.184,6534.61,6536.637,6537.817,6541.197,6533.864,6535.037,6534.141,-855,-902,-877,-868,-900,-922,-852,-966,-908,-928,-930,-953,-920,-921,-908,-949,-822,-842,-903,-905,-898,-894,-910,-904,-884,TRUE
231710,"2026-05-19T17:39:21Z","2026-05-19T17:39:21Z","2026-05-19T17:38:18Z",6697,-37.27063626,-46.4071758344765,-46.4074914326437,-43.9982962059354,-44.0054927258006,-42.3005653594364,-42.3007362634966,-43.3013680923294,-43.2972303710634,-43.718099289982,-43.7170781842461,-43.97483501103,-43.97585751292,-44.0844845274532,-44.0876788249518,-44.2297863011529,-44.2301938334075,-44.3319939481795,-44.333868697996,-44.4194590039415,-44.4183234850834,-44.4828928791249,-44.4808984802867,-44.5296251640099,-44.5350966901183,-44.5806311436331,-44.5766023626757,-44.5906979930069,-44.5897448331185,-44.5784474710025,-44.5790366899655,-44.5424974608508,-44.544898067383,-44.4768114397841,-44.476104013422,-44.3876741784569,-44.3875875092433,-44.2357244030432,-44.2421906677418,-44.1862251174409,-44.1748209320851,-46.036171934388,-46.0270492561245,-45.2051687650088,-45.2039523112348,-44.0982472342738,-44.0928334783979,-42.5911268690289,-42.5913650074757,-42.4767701770457,-42.4809588995872,6542.502,6539.719,6537.114,6538.414,6534.929,6539.43,6535.989,6536.009,6536.534,6536.178,6535.575,6535.02,6535.917,6536.471,6537.344,6531.409,6536.167,6533.187,6534.599,6536.644,6537.824,6541.206,6533.859,6535.035,6534.139,-850,-896,-871,-868,-900,-918,-847,-962,-905,-923,-933,-948,-921,-919,-907,-945,-831,-845,-908,-911,-881,-898,-907,-905,-877,TRUE
231710,"2026-05-20T17:39:12Z","2026-05-20T17:39:12Z","2026-05-20T17:38:18Z",6697,-37.31932224,-46.4793121888446,-46.4807493051281,-44.082768091227,-44.0899735042328,-42.2435203316546,-42.244000956791,-43.3162733091851,-43.3125745105338,-43.7394049536165,-43.7387109844459,-43.9798089684016,-43.98107925255,-44.0758261659293,-44.0792579276582,-44.2250542343186,-44.2256689464182,-44.3319946917958,-44.3339355444377,-44.4223058075895,-44.4211305293501,-44.4833528047347,-44.481300227098,-44.5292652755756,-44.534770686,-44.5806139962751,-44.5765982723175,-44.590563226871,-44.5896614436485,-44.5784240815183,-44.5789872486617,-44.5424775817709,-44.5448391348638,-44.4767656067009,-44.4761427458308,-44.3876410169813,-44.3875608023001,-44.2357686416786,-44.2421635836921,-44.186256888428,-44.1747352332936,-46.0930621237581,-46.0838191795943,-45.2482347287051,-45.2470390272964,-44.1437426424094,-44.1384262130857,-42.6456529829096,-42.6458409507811,-42.4815871673772,-42.4858444660571,6542.499,6539.719,6537.119,6538.419,6534.931,6539.434,6535.997,6536.021,6536.529,6536.176,6535.585,6535.019,6535.915,6536.46,6537.343,6531.4,6536.162,6533.188,6534.598,6536.642,6537.816,6541.21,6533.857,6535.041,6534.134,-848,-906,-875,-876,-896,-924,-851,-967,-909,-938,-933,-952,-925,-921,-906,-952,-831,-834,-907,-911,-887,-893,-908,-895,-878,TRUE
231710,"2026-05-21T17:39:15Z","2026-05-21T17:39:15Z","2026-05-21T17:38:18Z",6697,-37.45018869,-46.4599750373907,-46.4607769683498,-44.0249760712469,-44.0324858303068,-42.3182495170975,-42.3188229239945,-43.3852880344553,-43.3815575016582,-43.7674057906083,-43.7666170325411,-43.9796804394592,-43.9808232940464,-44.076235020006,-44.0795506581712,-44.2289002101583,-44.2293193261968,-44.3292423695533,-44.3310564762535,-44.4170790338748,-44.4159408327841,-44.4834307806182,-44.4814706931854,-44.529205345144,-44.5347302498972,-44.5809774428767,-44.5769164160087,-44.5905132727925,-44.5895783123961,-44.5784254351949,-44.5789884783627,-44.5423770671916,-44.5448035125975,-44.4767423567456,-44.4761260722399,-44.3876232613606,-44.387549480047,-44.2357108545915,-44.2420931774748,-44.1862154326743,-44.1748309393987,-46.1745210537746,-46.165112635034,-45.3008717010351,-45.2996043635228,-44.1899781608137,-44.1846417736055,-42.6985237586029,-42.6987237564846,-42.4873912110866,-42.4916153510748,6542.497,6539.721,6537.126,6538.432,6534.934,6539.439,6536,6536.012,6536.544,6536.18,6535.574,6535.022,6535.919,6536.46,6537.349,6531.412,6536.171,6533.18,6534.589,6536.649,6537.821,6541.208,6533.853,6535.044,6534.132,-852,-895,-877,-874,-906,-928,-848,-957,-906,-932,-936,-955,-926,-909,-911,-949,-829,-849,-902,-919,-892,-903,-912,-906,-888,TRUE
231710,"2026-05-22T17:39:20Z","2026-05-22T17:39:20Z","2026-05-22T17:38:18Z",6697,-37.33646605,-46.5994053636992,-46.6000353343842,-44.171808401904,-44.1782629967944,-42.3016634023144,-42.3019561959728,-43.2940662107444,-43.2898032433834,-43.71001798596,-43.708913841142,-43.9656532847342,-43.9666907719732,-44.0703590954791,-44.0736278955774,-44.2130482722341,-44.2134601372183,-44.3298315148695,-44.3315694925901,-44.4199870051383,-44.418714320733,-44.4834847674103,-44.4814499513369,-44.5293709581611,-44.5348129229604,-44.5808091140916,-44.5767739105983,-44.5908040533118,-44.5898957859545,-44.5784639968331,-44.5790012113928,-44.542426586782,-44.544833657712,-44.4767722931481,-44.4761234108807,-44.3876569281104,-44.387628833166,-44.2357164960882,-44.2421700048937,-44.186180965875,-44.1748225045487,-46.2589805395457,-46.2494795263381,-45.3635354588636,-45.3622005571029,-44.2384012675252,-44.2330595078402,-42.7498039303247,-42.7498976750155,-42.49377901996,-42.4978821557707,6542.504,6539.735,6537.115,6538.42,6534.925,6539.432,6535.999,6536.009,6536.528,6536.178,6535.585,6535.024,6535.922,6536.464,6537.35,6531.403,6536.181,6533.175,6534.603,6536.655,6537.82,6541.219,6533.855,6535.044,6534.144,-853,-898,-872,-869,-894,-920,-848,-957,-894,-938,-928,-944,-921,-925,-912,-953,-827,-836,-903,-909,-887,-893,-911,-902,-883,TRUE
231710,"2026-05-23T17:39:13Z","2026-05-23T17:39:13Z","2026-05-23T17:38:18Z",6697,-37.40760371,-46.6105652634232,-46.6112657625377,-44.1572712840519,-44.1644380162287,-42.308751630176,-42.3088256495981,-43.3432109164457,-43.3388909034693,-43.7491106094234,-43.7479536809079,-43.977845963931,-43.9788116274512,-44.0742412341567,-44.077452263349,-44.2206278931649,-44.2209421180515,-44.3305709758267,-44.3323966377534,-44.4181959209781,-44.4170326462081,-44.4829119308556,-44.4809010686994,-44.529424252974,-44.5348816059259,-44.5805967888634,-44.5765097315465,-44.5906785775978,-44.5897699201852,-44.5784587147578,-44.5790153263581,-44.5424518215762,-44.5448588117437,-44.4767588552386,-44.4760905168823,-44.3876901491798,-44.3875447509045,-44.235684895751,-44.2421582830822,-44.1862686771196,-44.1748254035363,-46.3344212820949,-46.3248211589932,-45.4300304107992,-45.4287298926759,-44.2911008304046,-44.2857501254871,-42.7999450846679,-42.8000608828283,-42.499998231378,-42.5041885408662,6542.493,6539.731,6537.12,6538.427,6534.924,6539.438,6535.988,6536.012,6536.537,6536.181,6535.571,6535.017,6535.91,6536.467,6537.35,6531.406,6536.168,6533.178,6534.602,6536.647,6537.841,6541.22,6533.86,6535.04,6534.135,-854,-897,-874,-866,-890,-921,-844,-961,-901,-928,-931,-956,-932,-926,-903,-954,-836,-847,-909,-910,-887,-896,-907,-906,-878,TRUE
231710,"2026-05-24T17:39:07Z","2026-05-24T17:39:07Z","2026-05-24T17:38:18Z",6697,-37.34500745,-46.7204347040936,-46.7215676321465,-44.2637249873795,-44.2702820755007,-42.3222277571652,-42.3223894425319,-43.2789868760013,-43.2749087817991,-43.6944468278653,-43.693395120411,-43.9539074324496,-43.955041605795,-44.061980298825,-44.0652238693993,-44.205767936735,-44.2061374119775,-44.3273434696208,-44.3292199257434,-44.4166288740314,-44.415493499968,-44.4832748959665,-44.4812799609959,-44.5291519079857,-44.5346321453468,-44.5809106017832,-44.5768624390889,-44.5907793056071,-44.5899553039554,-44.5784284238929,-44.5789721289239,-44.5423688610625,-44.5448928625637,-44.4767644319866,-44.4760505463529,-44.3876565631002,-44.3875502979382,-44.2357191733169,-44.2421270416857,-44.1862121983045,-44.1748015214218,-46.3958269814941,-46.386220885437,-45.4934305193894,-45.492107627178,-44.3456953390838,-44.3403304589705,-42.8492704374621,-42.8494226414963,-42.5071434594985,-42.5112723507458,6542.515,6539.739,6537.12,6538.416,6534.938,6539.435,6535.995,6536.009,6536.535,6536.18,6535.577,6535.031,6535.923,6536.461,6537.352,6531.408,6536.169,6533.181,6534.605,6536.651,6537.83,6541.226,6533.852,6535.052,6534.136,-854,-888,-870,-865,-902,-927,-856,-960,-906,-932,-932,-955,-918,-927,-913,-956,-834,-841,-895,-908,-886,-900,-911,-899,-879,TRUE
231710,"2026-05-25T17:39:14Z","2026-05-25T17:39:14Z","2026-05-25T17:38:18Z",6697,-37.18949296,-46.8666911508048,-46.8677973947427,-44.4367842055004,-44.4444720137032,-42.4595595382105,-42.459775886404,-43.2215399316135,-43.2173212146945,-43.6363150486223,-43.6352308219848,-43.9320929355405,-43.9331051889463,-44.0696328596976,-44.0728981758504,-44.2261643994143,-44.2266065242998,-44.3279377673147,-44.3298231774331,-44.4123163527819,-44.4111528323527,-44.4826432397241,-44.480657641397,-44.5291488764587,-44.5345916636857,-44.5806148451507,-44.5766119681448,-44.5905986406307,-44.589684864287,-44.578386565574,-44.5789953459897,-44.542429150781,-44.5448103578411,-44.4767729533587,-44.4760394635369,-44.3876357931954,-44.3876208258651,-44.2356761581168,-44.2421877906391,-44.1862023666926,-44.1747654959311,-46.4467609551038,-46.4371949646018,-45.5532375493842,-45.5519190087296,-44.4023628061575,-44.3969851682093,-42.897742142522,-42.8979118053742,-42.5128106673186,-42.5170340227649,6542.515,6539.751,6537.118,6538.408,6534.93,6539.421,6535.989,6536.006,6536.53,6536.178,6535.571,6535.025,6535.922,6536.462,6537.346,6531.406,6536.174,6533.18,6534.6,6536.655,6537.831,6541.226,6533.858,6535.052,6534.132,-857,-897,-871,-865,-893,-918,-850,-969,-906,-933,-936,-955,-919,-912,-907,-953,-831,-835,-901,-918,-889,-896,-909,-906,-887,TRUE
231710,"2026-05-26T17:39:03Z","2026-05-26T17:39:03Z","2026-05-26T17:38:18Z",6697,-37.34647169,-46.9000652534647,-46.9003414877927,-44.3875265557023,-44.39535838488,-42.3269495780392,-42.3272171516301,-43.2881562131514,-43.2841531152351,-43.7116349959854,-43.7107440559727,-43.9637302903746,-43.9648592468355,-44.0659563392515,-44.069279228726,-44.2135601772245,-44.2140883490205,-44.3280219056257,-44.3298216187659,-44.4178238511501,-44.4166759694858,-44.48248593069,-44.4805057631755,-44.5287999435143,-44.534200642465,-44.5805408796423,-44.5764343361711,-44.5904802173889,-44.5896172599254,-44.5783682787119,-44.5789314458553,-44.5424278050333,-44.5447633763208,-44.4767486867307,-44.4760413218279,-44.3876479800156,-44.3875416914028,-44.2357534062572,-44.2421223135806,-44.1862304994072,-44.1748067888943,-46.4983001185234,-46.4885894540572,-45.6081732579573,-45.6068860186349,-44.4583725868048,-44.4530012376439,-42.9463481126836,-42.946515328909,-42.5199946052735,-42.5241498115791,6542.512,6539.747,6537.113,6538.422,6534.921,6539.441,6535.986,6536.008,6536.535,6536.186,6535.578,6535.016,6535.918,6536.457,6537.335,6531.404,6536.17,6533.179,6534.593,6536.646,6537.843,6541.23,6533.852,6535.053,6534.138,-859,-903,-873,-875,-903,-919,-843,-961,-910,-933,-933,-954,-917,-927,-905,-949,-827,-842,-903,-912,-884,-891,-904,-907,-885,TRUE
231710,"2026-05-27T17:39:02Z","2026-05-27T17:39:02Z","2026-05-27T17:38:18Z",6697,-37.38271163,-46.9488849662538,-46.9498902528027,-44.4132491776413,-44.4207418655098,-42.3957526696914,-42.3961306165171,-43.3031014566992,-43.29920575514,-43.7084167889194,-43.7075542240336,-43.9618948177852,-43.9631248623764,-44.0695054354817,-44.0727914379055,-44.2135157702264,-44.2140496642842,-44.3270262561205,-44.3288256953673,-44.4169042436029,-44.4157116606972,-44.481533254327,-44.4795048673104,-44.5289499096616,-44.534352082276,-44.580499845782,-44.5764127406813,-44.5906155222605,-44.5898110520308,-44.578391441492,-44.5789091939198,-44.5423987392898,-44.5448058009008,-44.476705484144,-44.4760565907238,-44.387653386536,-44.3875666563025,-44.2357632362247,-44.2421973440562,-44.1862279824842,-44.1747781388924,-46.5599677172247,-46.5500274323637,-45.6618943070082,-45.6606451579033,-44.5116008004775,-44.5062532741609,-42.9941963937581,-42.9943422007869,-42.5278757767219,-42.5319889225342,6542.519,6539.758,6537.115,6538.425,6534.932,6539.438,6535.986,6536.014,6536.525,6536.184,6535.582,6535.012,6535.916,6536.466,6537.351,6531.405,6536.173,6533.183,6534.599,6536.654,6537.845,6541.228,6533.862,6535.052,6534.129,-857,-893,-884,-865,-895,-914,-854,-967,-913,-930,-934,-950,-923,-928,-912,-948,-832,-845,-905,-905,-890,-891,-909,-906,-889,TRUE
231710,"2026-05-28T17:39:06Z","2026-05-28T17:39:06Z","2026-05-28T17:38:18Z",6697,-37.44061012,-47.0208999840608,-47.0223327770435,-44.4221074414129,-44.4293938058039,-42.3929622228869,-42.3934590154153,-43.3307340775317,-43.3269322089547,-43.7255829431302,-43.7247657182847,-43.9609222087291,-43.96205871276,-44.0605559012798,-44.0639214621664,-44.2089695489583,-44.2094731471579,-44.3240574879361,-44.3258938915108,-44.4141135092228,-44.412993875337,-44.4816976476957,-44.4797730495001,-44.5283514278247,-44.5337815032079,-44.5806984605705,-44.5766438826074,-44.5906471917477,-44.5897966772088,-44.5783524210756,-44.5789090388734,-44.5423555939597,-44.544730113126,-44.476687100599,-44.475986256418,-44.3876037414132,-44.3875365014683,-44.2356765254692,-44.2420586549319,-44.1862136391153,-44.1747507771404,-46.6373213169494,-46.6273525364309,-45.7210069305242,-45.7196093276723,-44.5645419039103,-44.5591984218129,-43.0417743387162,-43.0418992530003,-42.5363733596864,-42.54051083989,6542.521,6539.758,6537.115,6538.431,6534.929,6539.438,6535.991,6536.019,6536.537,6536.181,6535.57,6535.02,6535.921,6536.465,6537.348,6531.41,6536.162,6533.181,6534.599,6536.648,6537.843,6541.241,6533.855,6535.056,6534.141,-855,-907,-889,-872,-899,-921,-856,-965,-904,-935,-929,-947,-919,-925,-905,-956,-828,-846,-909,-902,-889,-896,-905,-903,-891,TRUE
231710,"2026-05-29T17:38:59Z","2026-05-29T17:38:59Z","2026-05-29T17:38:18Z",6706,-37.24177853,-47.2576259323661,-47.2587484916704,-44.6262681605145,-44.6335008297618,-42.4611423656214,-42.4613358640703,-43.2135355410515,-43.2094356609892,-43.627655233051,-43.6265921071425,-43.92177099771,-43.9229434087624,-44.0532902053818,-44.0565467479238,-44.1998012002007,-44.2001758400646,-44.3228587761504,-44.3247251563255,-44.4114072610094,-44.4102378110925,-44.4818951016809,-44.4798492232484,-44.5285477787406,-44.5340126164751,-44.5806943914315,-44.5765747917677,-44.5906554095421,-44.5897475462033,-44.5783561771022,-44.5788999812605,-44.5423922926339,-44.5447474588325,-44.4767127095808,-44.4760377640183,-44.3875931375231,-44.3875325329361,-44.2356937990217,-44.2421144004176,-44.1861681407438,-44.1747770042353,-46.7329087784273,-46.7226794794593,-45.7897662516297,-45.7884545922423,-44.6193257416282,-44.6139095795995,-43.0889099426521,-43.0890080083869,-42.5443798236897,-42.548555575239,6542.54,6539.775,6537.121,6538.411,6534.926,6539.432,6535.997,6536.015,6536.526,6536.181,6535.582,6535.013,6535.913,6536.466,6537.356,6531.407,6536.169,6533.19,6534.597,6536.649,6537.858,6541.245,6533.857,6535.058,6534.131,-859,-898,-877,-875,-897,-924,-851,-965,-908,-934,-932,-951,-922,-927,-909,-954,-832,-841,-906,-904,-882,-897,-910,-899,-883,TRUE
231710,"2026-05-30T17:39:05Z","2026-05-30T17:39:05Z","2026-05-30T17:38:18Z",6697,-37.34091978,-47.3617769100493,-47.3626997356458,-44.6262357366067,-44.6331638079088,-42.3912264571154,-42.3915745752382,-43.2593853573313,-43.2552511244165,-43.680900974176,-43.6799191134484,-43.9463217168851,-43.9473102345687,-44.0559713690043,-44.0591765822154,-44.2025398549771,-44.202884448749,-44.3235096535654,-44.3253607780199,-44.4136490915756,-44.4124940306821,-44.48142460331,-44.4794312857363,-44.5282340119298,-44.5336410959961,-44.5803645378355,-44.5762969246839,-44.590428406108,-44.5895394471424,-44.5783272541672,-44.5788644656298,-44.5423443083511,-44.544783834786,-44.4766686399727,-44.4760132593219,-44.3875764067615,-44.3875417797983,-44.2356804237869,-44.2421668284819,-44.1862009073311,-44.1748033096243,-46.8400801705946,-46.8297239112856,-45.8680909741462,-45.8666525914061,-44.6771091779097,-44.6717133271548,-43.1359296892669,-43.1360410688432,-42.5526401630954,-42.5568002863116,6542.538,6539.768,6537.123,6538.432,6534.932,6539.437,6535.997,6536.007,6536.528,6536.183,6535.572,6535.017,6535.913,6536.466,6537.351,6531.401,6536.165,6533.18,6534.598,6536.642,6537.87,6541.251,6533.855,6535.06,6534.132,-857,-902,-877,-872,-902,-914,-852,-958,-910,-931,-934,-948,-926,-922,-903,-956,-825,-844,-900,-912,-881,-895,-908,-901,-886,TRUE
231710,"2026-05-31T17:39:09Z","2026-05-31T17:39:09Z","2026-05-31T17:38:18Z",6697,-37.24452398,-47.5102382541577,-47.511008786167,-44.7030718108813,-44.708714224503,-42.4939033001537,-42.4942411054144,-43.2221308667635,-43.2184009621262,-43.6331468778743,-43.6324451094424,-43.9259346377171,-43.92708853235,-44.0547452745086,-44.0580620437884,-44.2019709675735,-44.2024604151483,-44.321144305471,-44.3228801947798,-44.4117262569879,-44.4106229817573,-44.4812903204927,-44.4792898158138,-44.527902275121,-44.5334387584116,-44.5806087949526,-44.5765086606972,-44.5905520624056,-44.5896377473838,-44.5783503266959,-44.5789200897097,-44.542283802983,-44.5447104659584,-44.4766772232099,-44.4759957652953,-44.3875621594906,-44.3875015619516,-44.2357440913189,-44.2420798976031,-44.1862522367844,-44.174828488298,-46.953384169898,-46.9427799145153,-45.9529458815856,-45.9514690624876,-44.7379240631463,-44.7325245788996,-43.18275435043,-43.1828860515957,-42.5613689526168,-42.5654995493088,6542.55,6539.774,6537.125,6538.414,6534.932,6539.431,6535.983,6536.007,6536.531,6536.182,6535.576,6535.018,6535.917,6536.46,6537.349,6531.406,6536.167,6533.182,6534.6,6536.655,6537.868,6541.253,6533.859,6535.062,6534.135,-851,-891,-882,-869,-895,-921,-842,-961,-902,-934,-934,-947,-915,-919,-911,-948,-823,-844,-917,-919,-888,-899,-913,-906,-886,TRUE
231710,"2026-06-01T17:38:55Z","2026-06-01T17:38:55Z","2026-06-01T17:38:18Z",6697,-37.28283826,-47.5177100325309,-47.5195530173035,-44.6858126972731,-44.6926106428312,-42.4561944925949,-42.4563640958005,-43.236810491957,-43.2327490538889,-43.6537843870822,-43.6528140432256,-43.9350637808382,-43.9361763253214,-44.0530222901761,-44.0562767988676,-44.2003676551603,-44.2008832687287,-44.321909134781,-44.323800908688,-44.4121775097902,-44.4110258910118,-44.4818435231849,-44.4798472318746,-44.5277219825806,-44.5332035923621,-44.5805251583339,-44.5764185798673,-44.5902793257446,-44.5893778165426,-44.5783050494851,-44.5788682848171,-44.5423233742261,-44.5447304793265,-44.4766604604962,-44.4759205254073,-44.3875848952236,-44.3874786558577,-44.2357256976124,-44.2420486686521,-44.1861991464878,-44.1748015234904,-47.0763807926169,-47.0655364491648,-46.044585715235,-46.0430248236282,-44.8025010636184,-44.7971652546965,-43.2294706742027,-43.2296627184828,-42.5701031475428,-42.574177424939,6542.554,6539.775,6537.12,6538.422,6534.928,6539.43,6535.99,6536.007,6536.537,6536.174,6535.578,6535.007,6535.922,6536.466,6537.349,6531.401,6536.166,6533.179,6534.607,6536.649,6537.868,6541.253,6533.856,6535.068,6534.135,-846,-899,-878,-870,-895,-924,-845,-961,-900,-924,-927,-955,-925,-927,-909,-955,-836,-843,-902,-912,-889,-901,-909,-906,-889,TRUE
231710,"2026-06-02T17:38:53Z","2026-06-02T17:38:53Z","2026-06-02T17:38:18Z",6697,-37.2135309,-47.5540960926491,-47.5555403060619,-44.7112788111884,-44.7189883303919,-42.565837416232,-42.5663252282032,-43.2531760877229,-43.2496524094838,-43.6532037979744,-43.6524240717611,-43.9442438244931,-43.9454366236142,-44.0698751941975,-44.0732748134867,-44.2226631080802,-44.2230832346253,-44.3235837744108,-44.3253796827162,-44.4129464954438,-44.4117146435623,-44.4811999607634,-44.4791451980797,-44.5272873224034,-44.532787156229,-44.58020646957,-44.5761776634178,-44.5900678189472,-44.5891540611796,-44.5782198668295,-44.5787962164544,-44.5422690114862,-44.544721693683,-44.476627727395,-44.4759657284168,-44.3875821542753,-44.3874955202655,-44.2356796884477,-44.2420870790616,-44.1862091732295,-44.1747527444005,-47.2092879974678,-47.1981477138482,-46.1441660876991,-46.1425963136155,-44.8712250190047,-44.8657484069815,-43.2763903810885,-43.2765037072338,-42.5784135101043,-42.5824788443653,6542.555,6539.775,6537.123,6538.411,6534.926,6539.437,6535.994,6536.016,6536.523,6536.178,6535.579,6535.019,6535.925,6536.459,6537.345,6531.402,6536.169,6533.174,6534.599,6536.647,6537.884,6541.265,6533.857,6535.07,6534.131,-857,-893,-886,-861,-899,-924,-849,-956,-905,-933,-936,-953,-919,-926,-909,-952,-829,-839,-901,-906,-887,-895,-909,-911,-889,TRUE
231710,"2026-06-03T17:39:00Z","2026-06-03T17:39:00Z","2026-06-03T17:38:18Z",6706,-37.22677007,-47.667248781288,-47.6686753678223,-44.8338848557267,-44.8405547789492,-42.6199327383124,-42.6200572504292,-43.2198322736026,-43.2155248960765,-43.6134848130238,-43.6123540262087,-43.9171639538608,-43.9181055106851,-44.0607232005106,-44.0639584455542,-44.2146154822128,-44.215004395425,-44.3244275616976,-44.3262310335151,-44.4108011766048,-44.4096997049538,-44.4814323334055,-44.4794083612475,-44.5284017973099,-44.533889304581,-44.5802428652698,-44.5761880822798,-44.5903368217787,-44.5894619927948,-44.5782504426826,-44.5788008457753,-44.5422342670379,-44.544661010835,-44.4766762094199,-44.4759426972296,-44.3875232564008,-44.3875017970183,-44.2356449881256,-44.2420129965187,-44.1861745639014,-44.1747899315972,-47.3242623470419,-47.3130545613599,-46.2463691358186,-46.2446824575302,-44.9433415290578,-44.9378300795195,-43.3236918622016,-43.3238653071988,-42.5875475121624,-42.591596328132,6542.558,6539.787,6537.131,6538.403,6534.925,6539.417,6535.987,6535.999,6536.521,6536.179,6535.582,6535.01,6535.912,6536.461,6537.353,6531.415,6536.166,6533.183,6534.594,6536.654,6537.886,6541.274,6533.857,6535.081,6534.138,-857,-908,-878,-871,-897,-924,-851,-963,-904,-933,-933,-951,-921,-922,-909,-949,-838,-845,-903,-913,-882,-894,-904,-908,-889,TRUE
231710,"2026-06-04T17:38:50Z","2026-06-04T17:38:50Z","2026-06-04T17:38:18Z",6697,-37.27155141,-47.5767511985716,-47.5779463060433,-44.8028596521964,-44.8094565043186,-42.5630656298048,-42.563286100285,-43.2358262209596,-43.2317507517832,-43.6476550307348,-43.6467878883151,-43.9433258565224,-43.9444379852343,-44.0677055852283,-44.0710053833086,-44.2151459066837,-44.2155569314292,-44.3249374452236,-44.3267537633082,-44.4158974965245,-44.4147379830978,-44.4816697096763,-44.4795978518327,-44.5279779210631,-44.5334625211026,-44.5800869128328,-44.5760386609779,-44.590048208296,-44.5891277805297,-44.5781932990636,-44.5787566490796,-44.5422885415579,-44.5447346909526,-44.4766163244093,-44.4760063517018,-44.3875670789559,-44.3874413491504,-44.2356983465736,-44.2421320336179,-44.1861639929768,-44.1747793859503,-47.3916558793235,-47.3805071657698,-46.3387754583029,-46.337107864449,-45.0186409888527,-45.013096849798,-43.3714802098415,-43.3716143074462,-42.5963716719332,-42.600451197546,6542.553,6539.787,6537.131,6538.415,6534.927,6539.436,6535.982,6536.007,6536.53,6536.186,6535.571,6535.021,6535.916,6536.456,6537.346,6531.401,6536.167,6533.179,6534.603,6536.651,6537.896,6541.286,6533.863,6535.072,6534.145,-848,-902,-883,-867,-887,-924,-852,-966,-908,-933,-933,-947,-913,-920,-905,-962,-831,-839,-904,-905,-884,-893,-910,-899,-883,TRUE
231710,"2026-06-05T17:38:49Z","2026-06-05T17:38:49Z","2026-06-05T17:38:18Z",6697,-37.37862396,-47.5188696153218,-47.5207064043187,-44.9214376681283,-44.927922473226,-42.5126595885258,-42.5128422057518,-43.3005544078173,-43.296230123671,-43.7150307175368,-43.7137700553313,-43.9713207462756,-43.9721997674668,-44.0783484877046,-44.081542767464,-44.2283470370951,-44.2286697433616,-44.3279501339527,-44.3296844893945,-44.416135268744,-44.4149396988042,-44.4814966504232,-44.4793811244217,-44.5284670423923,-44.533963709398,-44.579642327553,-44.575581186121,-44.5898824276011,-44.5889353389224,-44.5781567093706,-44.578784849479,-44.5423340215189,-44.5446890946687,-44.4766438597555,-44.475936472504,-44.3875908651025,-44.3874910873458,-44.2356313006047,-44.2420132025141,-44.1861442809948,-44.1746813759194,-47.3908140455558,-47.3799862500768,-46.4035176579921,-46.4019257663016,-45.0910267077993,-45.0854994955054,-43.4193843115032,-43.4195056429009,-42.605657063281,-42.6098069800581,6542.553,6539.806,6537.128,6538.421,6534.936,6539.442,6535.99,6536.011,6536.525,6536.189,6535.58,6535.023,6535.92,6536.456,6537.357,6531.407,6536.167,6533.181,6534.608,6536.646,6537.891,6541.289,6533.859,6535.08,6534.135,-857,-901,-871,-865,-900,-926,-851,-957,-904,-932,-934,-955,-923,-927,-916,-947,-827,-842,-899,-906,-887,-901,-907,-903,-889,TRUE
231710,"2026-06-06T17:38:56Z","2026-06-06T17:38:56Z","2026-06-06T17:38:18Z",6697,-37.50082699,-47.3335435671515,-47.3356511656554,-44.9300722991029,-44.9374299668947,-42.5448609232082,-42.5450857307198,-43.3184201915023,-43.3143319350063,-43.7161911709164,-43.7151796004425,-43.9655820115729,-43.9666068376911,-44.069044875886,-44.0722635801268,-44.2120443193598,-44.2123725220845,-44.3261358005295,-44.3279869364306,-44.4156060213987,-44.4144692544632,-44.4817352955456,-44.4797372223486,-44.5284334622292,-44.5339040293069,-44.5802170212258,-44.5761559072476,-44.5903754626876,-44.5894085365503,-44.5782347765479,-44.5787914811133,-44.542302363633,-44.544702917367,-44.4765999866991,-44.4759575944529,-44.3875784696907,-44.3874721810779,-44.2357083928386,-44.2421492254211,-44.1861796974053,-44.1747755727618,-47.3203018241717,-47.3099143814331,-46.4278392916393,-46.4263629546925,-45.1537937781666,-45.1482768595066,-43.4672851534242,-43.4674203550374,-42.6166836529783,-42.6208418181515,6542.532,6539.792,6537.128,6538.427,6534.93,6539.438,6535.997,6536.009,6536.527,6536.187,6535.575,6535.023,6535.916,6536.46,6537.346,6531.409,6536.166,6533.176,6534.604,6536.646,6537.888,6541.279,6533.86,6535.081,6534.136,-854,-899,-875,-879,-905,-920,-856,-963,-897,-930,-932,-948,-916,-921,-907,-951,-835,-845,-908,-919,-893,-887,-909,-906,-886,TRUE
231710,"2026-06-07T17:38:46Z","2026-06-07T17:38:46Z","2026-06-07T17:38:18Z",6697,-37.40046554,-47.2758347319636,-47.2773921335935,-45.0461003103286,-45.0532163109905,-42.5320381963815,-42.5322061314928,-43.2851499374605,-43.2808068217855,-43.6948499994564,-43.6936231173644,-43.9573546233434,-43.9581687303284,-44.0677485359312,-44.0708949752051,-44.2145442752807,-44.2148084588552,-44.3267612348583,-44.328521490445,-44.4143027376358,-44.4130675657481,-44.4822740356103,-44.4801528224937,-44.5289145743081,-44.5343652912578,-44.5802370190206,-44.5761304875577,-44.5902648674557,-44.5893823786637,-44.5782038182871,-44.5787929907218,-44.5422387246142,-44.5446652912326,-44.4766531346881,-44.4759457530237,-44.3875472899393,-44.3875061450736,-44.2356776158434,-44.242040014499,-44.1862001686724,-44.174809110545,-47.2227993231091,-47.2126644928226,-46.4222603583167,-46.4209943177057,-45.2076233937148,-45.2022072969143,-43.5161200030172,-43.5162683952632,-42.6274669299181,-42.6315867534515,6542.534,6539.804,6537.134,6538.426,6534.924,6539.446,6536.001,6536.01,6536.528,6536.188,6535.578,6535.017,6535.917,6536.466,6537.344,6531.404,6536.161,6533.18,6534.603,6536.644,6537.886,6541.287,6533.856,6535.07,6534.142,-860,-902,-878,-867,-898,-927,-855,-961,-900,-940,-938,-958,-921,-925,-914,-950,-830,-844,-911,-908,-889,-894,-907,-908,-887,TRUE
231710,"2026-06-08T17:38:44Z","2026-06-08T17:38:44Z","2026-06-08T17:38:18Z",6697,-37.30034813,-47.2182503166688,-47.2198918295842,-45.1445972855184,-45.1517197398241,-42.577023979841,-42.5771308129084,-43.2291258499058,-43.2248596086017,-43.6482629841937,-43.647141614715,-43.9442984806946,-43.9452735532905,-44.0637616299231,-44.0670255763779,-44.2090387775691,-44.2094500955445,-44.3264969100187,-44.328392595225,-44.417612308821,-44.4164063026188,-44.4826252487949,-44.4806038385775,-44.5286745548374,-44.5341811060561,-44.5804247190618,-44.5762727194027,-44.5903137260303,-44.5894056908635,-44.5782358995039,-44.5787732038802,-44.5422741251618,-44.5446422791994,-44.4765857373865,-44.4758782775009,-44.3875418992833,-44.3874877797178,-44.2357140879138,-44.2420762362198,-44.1862227684887,-44.1748120966667,-47.1298761213481,-47.1200762661365,-46.3990025884409,-46.3979124849083,-45.2504433723031,-45.2450625517373,-43.5657285880467,-43.5658567161437,-42.6380137293982,-42.642068716787,6542.538,6539.807,6537.13,6538.422,6534.921,6539.436,6535.989,6536.004,6536.53,6536.176,6535.575,6535.016,6535.922,6536.466,6537.351,6531.404,6536.172,6533.178,6534.6,6536.652,6537.878,6541.271,6533.856,6535.08,6534.134,-856,-896,-878,-875,-899,-914,-844,-964,-901,-939,-930,-954,-917,-929,-908,-950,-838,-840,-904,-908,-888,-898,-918,-904,-882,TRUE
231710,"2026-06-09T17:38:51Z","2026-06-09T17:38:51Z","2026-06-09T17:38:18Z",6697,-37.32218971,-47.1659037547982,-47.1674725490045,-45.1786220148353,-45.1858272163558,-42.5779032301168,-42.5781553938029,-43.2464539894534,-43.242509053818,-43.6665605846094,-43.6656670663321,-43.9550901253118,-43.9562597989575,-44.0688981634105,-44.0722446862986,-44.2152405714185,-44.2156830959919,-44.3271670022331,-44.3290015496007,-44.4191598492241,-44.4180033581435,-44.4824177230833,-44.4804037936063,-44.528742687193,-44.5341573985473,-44.5804567520896,-44.5763891168687,-44.5903777357958,-44.5894955025348,-44.5782127971009,-44.5787306238171,-44.5422939214143,-44.5446750415576,-44.4766294661179,-44.475974046424,-44.3875931803406,-44.3874999509794,-44.2356900609195,-44.2420914319798,-44.1862145344996,-44.1748365150795,-47.0551220400444,-47.0454689038865,-46.3694206691881,-46.3684064725634,-45.2816934654269,-45.2762950241403,-43.6148375361037,-43.6149527191036,-42.6484715546386,-42.6526224339845,6542.522,6539.81,6537.126,6538.417,6534.931,6539.432,6535.991,6536.012,6536.53,6536.176,6535.578,6535.014,6535.916,6536.456,6537.349,6531.414,6536.167,6533.179,6534.591,6536.645,6537.869,6541.277,6533.859,6535.083,6534.135,-862,-903,-868,-871,-900,-929,-852,-965,-907,-932,-929,-950,-923,-928,-906,-955,-827,-841,-913,-918,-890,-895,-906,-902,-886,TRUE
231710,"2026-06-10T17:39:00Z","2026-06-10T17:39:00Z","2026-06-10T17:38:18Z",6697,-37.3294499,-47.1050970332509,-47.1066490644396,-45.1393747368163,-45.1463779963202,-42.6259488343437,-42.6261097088265,-43.2466274452039,-43.242388029242,-43.6589299772569,-43.657756543574,-43.9523882704605,-43.9533221275761,-44.0715544228188,-44.0748431392933,-44.2147537393992,-44.2151926432444,-44.3285372487313,-44.3302742123477,-44.4193449857634,-44.4181826178846,-44.4829656896924,-44.480930406696,-44.5290264174848,-44.5345076599827,-44.5804389598704,-44.5763388530139,-44.590354811394,-44.5894338868211,-44.5781974731867,-44.5788451530763,-44.5422638666957,-44.5445995650767,-44.476564123988,-44.4758696441453,-44.3875133201028,-44.3874657372569,-44.2356965894792,-44.2421174069786,-44.1862003775263,-44.174815805889,-46.9999462748305,-46.9903954834625,-46.3410345573551,-46.3401785852203,-45.3031500044128,-45.2978238909112,-43.6621971020634,-43.6623341061706,-42.6593561723815,-42.6634285107324,6542.518,6539.81,6537.128,6538.415,6534.929,6539.432,6535.991,6536.011,6536.536,6536.18,6535.577,6535.016,6535.917,6536.466,6537.35,6531.413,6536.169,6533.172,6534.592,6536.658,6537.87,6541.286,6533.852,6535.084,6534.143,-860,-901,-869,-867,-897,-928,-849,-959,-917,-935,-930,-957,-927,-930,-913,-957,-830,-839,-901,-913,-890,-898,-908,-905,-882,TRUE
231710,"2026-06-11T17:38:49Z","2026-06-11T17:38:49Z","2026-06-11T17:38:18Z",6697,-37.33024303,-47.1076772775458,-47.108650471192,-45.1707883380493,-45.1776057651522,-42.6357522198594,-42.6359522429297,-43.2568826133037,-43.2526611061723,-43.6699543162044,-43.6688451895985,-43.9589183010452,-43.9598551533263,-44.075822497161,-44.0789706106568,-44.2186453335141,-44.2190008877735,-44.3295308031289,-44.3313297076133,-44.4199305435282,-44.4187707168324,-44.4827439516158,-44.4807678497018,-44.5293495523821,-44.5347974001045,-44.5804141521988,-44.576268636087,-44.590420389797,-44.5894344517869,-44.5782490400669,-44.5787928349319,-44.5422793481204,-44.544634514319,-44.4766283347283,-44.475946893561,-44.3875280060128,-44.387506461921,-44.2357495186028,-44.2421247639217,-44.1861978848962,-44.1748198477859,-46.9529487865874,-46.9434670589157,-46.3164351807248,-46.3155907972623,-45.3184604895281,-45.3131896749816,-43.707298036977,-43.7074131148097,-42.6701718176513,-42.6742326198978,6542.517,6539.815,6537.135,6538.419,6534.927,6539.433,6535.991,6536.012,6536.527,6536.189,6535.572,6535.025,6535.92,6536.467,6537.342,6531.402,6536.166,6533.176,6534.606,6536.65,6537.875,6541.271,6533.857,6535.087,6534.133,-863,-906,-875,-866,-895,-922,-852,-965,-919,-942,-933,-953,-916,-930,-906,-956,-836,-839,-910,-914,-896,-892,-906,-906,-884,TRUE
231710,"2026-06-12T17:38:40Z","2026-06-12T17:38:40Z","2026-06-12T17:38:18Z",6697,-37.32249476,-47.1590668163569,-47.1603332043335,-45.1927167469306,-45.1992382369265,-42.6630522437448,-42.6633105969256,-43.2482148224957,-43.2445242579196,-43.6572662374896,-43.6567041365777,-43.9539772027513,-43.9552808021157,-44.073486694568,-44.0768813762634,-44.2199452747984,-44.2204943088113,-44.3279597502944,-44.3297953184943,-44.4206348247108,-44.4194937769179,-44.4826430908335,-44.4806664664308,-44.5289888460503,-44.5344438454057,-44.5806062489647,-44.5765580612777,-44.5903265127474,-44.5894574847831,-44.5782184665939,-44.5787298306735,-44.5422406341101,-44.5447127436009,-44.476659274196,-44.4759648390321,-44.3875483029193,-44.3874551110989,-44.2357283715429,-44.2420904857104,-44.1861609743902,-44.1748416848437,-46.9154416612359,-46.9059757426698,-46.2947495279524,-46.2939415334198,-45.3306886820254,-45.3255032448604,-43.7502766763911,-43.7503522927464,-42.681373799032,-42.6853624763639,6542.525,6539.821,6537.132,6538.418,6534.923,6539.439,6535.989,6536.02,6536.534,6536.186,6535.577,6535.016,6535.911,6536.468,6537.348,6531.404,6536.168,6533.184,6534.601,6536.654,6537.866,6541.277,6533.853,6535.084,6534.144,-853,-901,-881,-867,-898,-920,-849,-966,-901,-931,-934,-953,-928,-925,-909,-955,-830,-840,-911,-909,-891,-893,-904,-900,-883,TRUE
231710,"2026-06-13T17:38:37Z","2026-06-13T17:38:37Z","2026-06-13T17:38:18Z",6697,-37.32096951,-47.2445799394276,-47.2464117680314,-45.2057601041684,-45.2117659167504,-42.6883315742946,-42.6885222222163,-43.2539599972968,-43.2496401765107,-43.6586908212296,-43.6574776746626,-43.9527804104327,-43.9536987738881,-44.0759664260438,-44.0791392944187,-44.219996323705,-44.2203097472806,-44.330320009164,-44.3320460859942,-44.4199076550978,-44.4186944008883,-44.482923705996,-44.480927732012,-44.529647052853,-44.5350691149969,-44.5803678709684,-44.5762807419765,-44.5904728151641,-44.5894933798771,-44.5781559178006,-44.5787776512661,-44.5422427634653,-44.5446953865565,-44.4765896275913,-44.475934168854,-44.3876026380658,-44.3874638349591,-44.2356921342257,-44.2420999002182,-44.1862015441516,-44.1747712687203,-46.9063514152905,-46.8968244963936,-46.2801709108885,-46.2794549446087,-45.3411280410474,-45.3360331910901,-43.7910781776245,-43.7911887672942,-42.6927276149294,-42.6967978385883,6542.532,6539.818,6537.13,6538.42,6534.919,6539.431,6535.992,6536.008,6536.54,6536.176,6535.581,6535.015,6535.914,6536.459,6537.343,6531.404,6536.164,6533.185,6534.592,6536.654,6537.869,6541.277,6533.851,6535.085,6534.145,-858,-897,-876,-868,-903,-920,-844,-958,-903,-931,-930,-945,-923,-931,-913,-948,-829,-842,-904,-909,-880,-905,-906,-908,-893,TRUE
231710,"2026-06-14T17:38:43Z","2026-06-14T17:38:43Z","2026-06-14T17:38:18Z",6697,-37.28045887,-47.4460858066697,-47.4472593743403,-45.3005169351246,-45.3075848518689,-42.7348773642539,-42.7351075961373,-43.2295428819826,-43.2252995821139,-43.6331801344092,-43.6320881966063,-43.9416039592587,-43.9425780708086,-44.072946168872,-44.0761868091739,-44.2202362638712,-44.2205145411605,-44.3293637197782,-44.3311112057222,-44.419915516479,-44.4186989104261,-44.4829170664474,-44.4809133192001,-44.529570498653,-44.5350261099121,-44.5804721664883,-44.5763785377957,-44.590379387883,-44.5894260980746,-44.578164950356,-44.5786698703535,-44.5421888022687,-44.5446934326981,-44.4766280407478,-44.475868565712,-44.3874977277011,-44.3875152935147,-44.2356835758773,-44.2421630853684,-44.1862260237468,-44.1748283956913,-46.9391732553454,-46.9294142820698,-46.2817901715665,-46.2810230647854,-45.3519708781358,-45.346947563777,-43.8297526739062,-43.8298609187784,-42.7038517045119,-42.7079301589561,6542.54,6539.822,6537.134,6538.414,6534.926,6539.429,6535.989,6536.002,6536.536,6536.181,6535.583,6535.012,6535.916,6536.463,6537.339,6531.401,6536.158,6533.173,6534.601,6536.649,6537.869,6541.282,6533.864,6535.089,6534.14,-861,-894,-880,-872,-894,-923,-847,-965,-903,-938,-939,-950,-924,-934,-908,-949,-837,-841,-911,-920,-891,-899,-908,-901,-886,TRUE
231710,"2026-06-15T17:38:33Z","2026-06-15T17:38:33Z","2026-06-15T17:38:18Z",6697,-37.3453125,-47.6179955017159,-47.6188113934385,-45.278850682861,-45.2848973208319,-42.6674622308167,-42.6676545797905,-43.2506484171899,-43.2465027291032,-43.6666103308613,-43.665590636965,-43.9552075051411,-43.9562227147636,-44.0715881718085,-44.0748800552032,-44.2192424617971,-44.2196579975888,-44.328791341562,-44.3306247816028,-44.4185102804432,-44.417344028661,-44.4833677424722,-44.4813429714443,-44.5294621146946,-44.534862092971,-44.5805401291045,-44.5764790039413,-44.590366297783,-44.5894125672002,-44.5781695043938,-44.5787327645221,-44.542268300962,-44.5445974511769,-44.4766221667126,-44.4759537558168,-44.3876117285429,-44.3874859120371,-44.2356899346119,-44.2421567109382,-44.1862542671393,-44.1747913899524,-47.015926553939,-47.0058819723988,-46.305586675695,-46.3047446155136,-45.3660700726004,-45.3609982650191,-43.8664877865614,-43.8666087041506,-42.715529079836,-42.7196018170778,6542.548,6539.833,6537.129,6538.414,6534.93,6539.44,6535.991,6536.014,6536.535,6536.183,6535.575,6535.017,6535.915,6536.456,6537.34,6531.41,6536.175,6533.183,6534.594,6536.648,6537.873,6541.275,6533.855,6535.095,6534.14,-870,-907,-877,-873,-898,-914,-856,-958,-901,-931,-930,-949,-920,-924,-906,-950,-830,-842,-909,-908,-892,-898,-908,-905,-881,TRUE
231710,"2026-06-16T17:38:33Z","2026-06-16T17:38:33Z","2026-06-16T17:38:18Z",6619,-37.2696601,-47.8448074332684,-47.8452329945325,-45.3645547785742,-45.3712117855934,-42.8290392733364,-42.8292079932123,-43.2318310146346,-43.2275780523752,-43.6152525775378,-43.6141842828955,-43.9311692642532,-43.9321505973953,-44.0727607999998,-44.07592228914,-44.2223171729477,-44.2226295509726,-44.3290737457277,-44.3309755083032,-44.4194687114948,-44.4182382006163,-44.4829394283271,-44.4809330170755,-44.5294272448509,-44.5348786930733,-44.5803961962769,-44.5763544383241,-44.5903340943583,-44.5894524744255,-44.5781354343784,-44.5787312772337,-44.5422472405622,-44.5446089797932,-44.4765262706151,-44.4759032481688,-44.3875851523875,-44.3874398852314,-44.2357304149776,-44.2420857245803,-44.1861274394557,-44.1748146365237,-47.1379694147265,-47.1275263057731,-46.3553937143905,-46.3543951440199,-45.3863339644683,-45.3812949206346,-43.9012802623781,-43.9015140371532,-42.7270235257171,-42.7310974366478,6542.564,6539.831,6537.136,6538.415,6534.919,6539.428,6536,6536.006,6536.532,6536.188,6535.574,6535.012,6535.912,6536.463,6537.35,6531.406,6536.167,6533.176,6534.587,6536.65,6537.878,6541.285,6533.85,6535.094,6534.133,-856,-904,-870,-870,-900,-932,-849,-960,-905,-940,-929,-956,-933,-921,-903,-955,-836,-837,-905,-918,-889,-898,-914,-908,-889,TRUE
231710,"2026-06-17T17:38:38Z","2026-06-17T17:38:38Z","2026-06-17T17:38:18Z",6697,-37.25983749,-47.960016488253,-47.9606001735955,-45.3422384157421,-45.3478368499921,-42.8850279476667,-42.8851581806339,-43.2421926995821,-43.2385972235068,-43.6091695875876,-43.6087620355204,-43.9251878579291,-43.9267731905875,-44.0706803708166,-44.0742238333537,-44.2329831872706,-44.2337235188452,-44.3271445005586,-44.3290212944356,-44.4172929038313,-44.4162528742365,-44.4827979571543,-44.4808551631025,-44.5285783425505,-44.5340315688994,-44.58056014231,-44.5764924211928,-44.5900293550002,-44.5892064790912,-44.5781516755455,-44.5786826256847,-44.5422394072337,-44.5446661230535,-44.4766042241636,-44.4758837032015,-44.3875330286145,-44.3874529266149,-44.2356966398146,-44.2421693677508,-44.1861719217164,-44.1748525968686,-47.29810120051,-47.2872393697671,-46.432885390159,-46.4318009866462,-45.4159300288157,-45.4108335289188,-43.9348086066715,-43.9349860458464,-42.738361904947,-42.7424705738336,6542.566,6539.828,6537.143,6538.408,6534.922,6539.424,6535.987,6536.003,6536.522,6536.184,6535.576,6535.015,6535.925,6536.462,6537.348,6531.404,6536.157,6533.18,6534.601,6536.646,6537.892,6541.285,6533.858,6535.097,6534.135,-857,-903,-881,-864,-892,-925,-850,-970,-906,-940,-930,-956,-926,-927,-903,-943,-832,-835,-910,-913,-885,-890,-911,-897,-888,TRUE
231710,"2026-06-18T17:38:40Z","2026-06-18T17:38:40Z","2026-06-18T17:38:18Z",6689,-37.38216254,-47.926093641274,-47.9277428748175,-45.2472177072999,-45.254414047226,-42.73883721682,-42.7391969610199,-43.2845403085474,-43.2809153772191,-43.6837965718716,-43.683170787428,-43.9672555815498,-43.9685645025815,-44.0789315276362,-44.0822687537372,-44.2283216318629,-44.2288276412093,-44.3288706356055,-44.3306166895654,-44.4205516942065,-44.4194104235748,-44.4825381485464,-44.4804988644272,-44.5286913177311,-44.5341575093577,-44.5802301106741,-44.5761430083039,-44.5901307791546,-44.5891902720905,-44.5781436449388,-44.5786290439395,-44.5422005928706,-44.5445817502631,-44.4766032395223,-44.4758632988402,-44.387544671062,-44.3874384270059,-44.235675803499,-44.2420706545014,-44.186184806008,-44.1748263674093,-47.4812973795123,-47.4700463861239,-46.5345013370139,-46.5332444354462,-45.4566447499173,-45.451511053343,-43.9675270026691,-43.9676686411101,-42.7502264206255,-42.7543425673007,6542.572,6539.816,6537.135,6538.422,6534.928,6539.434,6536.003,6536.003,6536.53,6536.183,6535.581,6535.024,6535.915,6536.46,6537.345,6531.417,6536.173,6533.179,6534.602,6536.649,6537.897,6541.301,6533.859,6535.097,6534.144,-856,-900,-880,-864,-898,-928,-851,-965,-903,-930,-936,-954,-920,-929,-904,-957,-836,-847,-909,-917,-885,-899,-911,-901,-885,TRUE
231710,"2026-06-19T17:38:34Z","2026-06-19T17:38:34Z","2026-06-19T17:38:18Z",6697,-37.43755962,-48.0419881615875,-48.0431640028351,-45.357183058175,-45.3640306158818,-42.7066366880212,-42.7068238291106,-43.2979479604797,-43.2937650898784,-43.6953456020882,-43.6942343709991,-43.9612431996678,-43.9621780413172,-44.0733203692704,-44.0764361637485,-44.2226135631625,-44.2229152829382,-44.3265251758062,-44.3283199463265,-44.4156419554969,-44.414531839452,-44.4825957086086,-44.4805425409254,-44.5291217692642,-44.5345570516232,-44.5804258478296,-44.5763842422664,-44.5901854605497,-44.5892638349609,-44.578109638938,-44.5786858335252,-44.5422059978386,-44.5445935699812,-44.4765792041748,-44.475865318541,-44.387550789489,-44.3874640217044,-44.2357021141801,-44.2421235231227,-44.1861680269645,-44.1748030942615,-47.6512348337245,-47.6397221952039,-46.6507331231907,-46.6493587437461,-45.5085891014511,-45.5034128280721,-44.000013151055,-44.0001716957364,-42.7629042541782,-42.7669335242147,6542.574,6539.836,6537.137,6538.421,6534.938,6539.438,6535.995,6536.008,6536.536,6536.183,6535.576,6535.019,6535.925,6536.465,6537.342,6531.405,6536.172,6533.183,6534.589,6536.642,6537.908,6541.306,6533.852,6535.099,6534.144,-853,-904,-875,-865,-899,-926,-852,-963,-907,-937,-930,-954,-931,-924,-920,-953,-832,-842,-907,-907,-895,-891,-906,-904,-893,TRUE
231710,"2026-06-20T17:38:34Z","2026-06-20T17:38:34Z","2026-06-20T17:38:18Z",6689,-37.3898498,-48.1645231198765,-48.166479550182,-45.4901527320291,-45.4966119037281,-42.8116488009828,-42.8118138338606,-43.2508862306762,-43.2467369166955,-43.6352126263485,-43.6342758348921,-43.936935134085,-43.9379511169099,-44.0663800443799,-44.0696063398179,-44.2099494146699,-44.2103705312557,-44.3260690155519,-44.3279197801707,-44.4174392701468,-44.4162599585636,-44.482132865349,-44.4801569375913,-44.5290901497754,-44.5345636025641,-44.5804316328815,-44.5763315455469,-44.5904868108814,-44.5896175505459,-44.5781205483534,-44.5786903547694,-44.5422444126131,-44.5446385578412,-44.4765574340651,-44.4758824717589,-44.387505230178,-44.3874511200126,-44.235674174469,-44.2421995631171,-44.1861964315626,-44.1748575763144,-47.7606760523194,-47.7490987716756,-46.760957041074,-46.7594483085746,-45.5703246296623,-45.5649840068214,-44.0330465834174,-44.0332347227589,-42.7758668184059,-42.7797889304634,6542.584,6539.843,6537.143,6538.418,6534.934,6539.433,6535.989,6536.006,6536.53,6536.171,6535.581,6535.026,6535.914,6536.462,6537.347,6531.412,6536.168,6533.175,6534.599,6536.645,6537.912,6541.312,6533.863,6535.098,6534.144,-856,-904,-884,-868,-901,-920,-856,-960,-918,-937,-933,-951,-927,-924,-908,-952,-833,-841,-907,-908,-892,-896,-910,-900,-894,TRUE
231710,"2026-06-21T17:38:33Z","2026-06-21T17:38:33Z","2026-06-21T17:38:18Z",6697,-37.2849126,-48.1478575543026,-48.1499377088561,-45.6098805998322,-45.6156011268796,-42.997637463861,-42.9977098877822,-43.2346800890608,-43.2305231362001,-43.5712986504286,-43.5703545076548,-43.8933432182642,-43.8945228006064,-44.0548079262243,-44.0581419001515,-44.2167589531712,-44.2172140904694,-44.3244483005965,-44.3262151326373,-44.4133821648617,-44.41215412606,-44.4821492667705,-44.4801591997393,-44.5286701838975,-44.5341113475456,-44.5804438390356,-44.5763631204425,-44.59017821592,-44.589296939856,-44.5781354768737,-44.578646980223,-44.5421543220937,-44.5446135713356,-44.4765667326875,-44.4758981934507,-44.3874684017946,-44.3874534674152,-44.2357593774165,-44.2420819158932,-44.1861669015957,-44.1748279782157,-47.8016947253507,-47.7903739792234,-46.8473452303645,-46.8458524026344,-45.6373079647757,-45.6319796718788,-44.067097712343,-44.0672361694634,-42.7876102434272,-42.7915734122598,6542.578,6539.849,6537.134,6538.41,6534.919,6539.424,6535.985,6536.01,6536.524,6536.178,6535.574,6535.018,6535.919,6536.459,6537.345,6531.403,6536.172,6533.177,6534.597,6536.651,6537.914,6541.311,6533.859,6535.098,6534.131,-855,-903,-884,-862,-890,-928,-847,-953,-911,-936,-933,-948,-924,-925,-915,-956,-834,-844,-907,-913,-898,-894,-911,-910,-892,TRUE
231710,"2026-06-22T17:38:30Z","2026-06-22T17:38:30Z","2026-06-22T17:38:18Z",6602,-37.39259525,-48.0832111160014,-48.085399928798,-45.6015330098332,-45.6076424878378,-42.8101410751894,-42.8102858807213,-43.2457549369436,-43.2416630265808,-43.6413336593519,-43.6406050152438,-43.9408747234366,-43.9421169990334,-44.0659599863191,-44.0693999367964,-44.2129407413454,-44.2135456995886,-44.3254674286881,-44.32722537712,-44.416549905274,-44.4154199778057,-44.4819369682178,-44.479904038277,-44.5285151004834,-44.5339876320839,-44.5801158845525,-44.5760222931265,-44.5901310331806,-44.5892488789046,-44.57805018825,-44.5785940388752,-44.5421802381741,-44.5446133624246,-44.4765717987122,-44.4758578544,-44.3874846770701,-44.3874566080025,-44.2357157233285,-44.2421106767185,-44.1862343857921,-44.1748172047462,-47.7977581410751,-47.7865416284807,-46.9013932642212,-46.8999728144768,-45.7015798788333,-45.6962300099929,-44.1027929441627,-44.1029915392404,-42.8000596239522,-42.8040497538281,6542.57,6539.843,6537.142,6538.418,6534.935,6539.427,6535.994,6536.014,6536.533,6536.181,6535.581,6535.012,6535.923,6536.467,6537.345,6531.407,6536.175,6533.184,6534.593,6536.645,6537.909,6541.325,6533.85,6535.11,6534.137,-860,-899,-880,-869,-902,-927,-852,-959,-913,-930,-930,-951,-918,-927,-907,-946,-838,-841,-912,-915,-892,-899,-908,-904,-889,TRUE
231710,"2026-06-23T17:38:30Z","2026-06-23T17:38:30Z","2026-06-23T17:38:18Z",6689,-37.46202463,-48.0781845519181,-48.0797868171893,-45.6248899982432,-45.6311002850575,-42.7510902464608,-42.7515328093602,-43.2831275844711,-43.2796103135461,-43.6792727928589,-43.6786989623436,-43.9499313698788,-43.9513262291612,-44.0624684906312,-44.065996610764,-44.2127530292081,-44.2134046753234,-44.3216101478674,-44.3233536048721,-44.412939399972,-44.4118113491629,-44.4816586170779,-44.4797360126399,-44.5282702462381,-44.5336402917355,-44.5805046841819,-44.5764566096415,-44.5903001234303,-44.5893523248431,-44.5781028441338,-44.5786335868005,-44.5422106726456,-44.5445722412489,-44.4765440166945,-44.4758886416212,-44.3875475095615,-44.3874086221417,-44.2357055323637,-44.2420813238408,-44.1861867256033,-44.1748087516722,-47.786748733843,-47.7756252542214,-46.9325325482683,-46.9312579072138,-45.7578212807655,-45.752457298486,-44.1399793712628,-44.1401650215708,-42.8131944794284,-42.8172375458113,6542.58,6539.853,6537.136,6538.43,6534.935,6539.436,6535.991,6536.011,6536.526,6536.183,6535.573,6535.012,6535.91,6536.461,6537.34,6531.406,6536.163,6533.174,6534.596,6536.652,6537.909,6541.323,6533.854,6535.104,6534.135,-863,-899,-874,-864,-894,-928,-855,-955,-910,-933,-937,-956,-922,-921,-908,-955,-837,-845,-912,-907,-890,-896,-908,-907,-891,TRUE
231710,"2026-06-24T17:38:24Z","2026-06-24T17:38:24Z","2026-06-24T17:38:18Z",6697,-37.43365498,-48.1984640650694,-48.199780650798,-45.6913778148728,-45.6972850211008,-42.8357890397922,-42.8359701402978,-43.2419108228445,-43.2379302374004,-43.6252616069621,-43.6243949535816,-43.9257508629652,-43.9269290544479,-44.0545770169577,-44.0578208420989,-44.1981713593173,-44.1985920055654,-44.321964581979,-44.3238143759006,-44.413528170361,-44.4124052895122,-44.4817858894994,-44.4797732542678,-44.5284233824491,-44.5339341660227,-44.5803971807667,-44.576387960869,-44.5904478441918,-44.5895913243577,-44.5781290620445,-44.5787247838996,-44.5421586229908,-44.5445852486658,-44.4765150693183,-44.4758011110349,-44.387494583464,-44.3874339342389,-44.2356515781475,-44.2421052688853,-44.1861962141439,-44.1748573790829,-47.7911926849893,-47.7801332367622,-46.9555242413553,-46.9542959673673,-45.8053398733227,-45.8000007618698,-44.1781188638855,-44.1782647849333,-42.826780604329,-42.8307627056093,6542.582,6539.854,6537.14,6538.421,6534.925,6539.442,6535.998,6536.017,6536.522,6536.179,6535.575,6535.013,6535.917,6536.461,6537.343,6531.404,6536.169,6533.183,6534.608,6536.654,6537.92,6541.323,6533.851,6535.108,6534.135,-861,-900,-875,-872,-895,-925,-853,-965,-907,-935,-929,-959,-921,-921,-907,-959,-833,-860,-913,-910,-900,-895,-913,-898,-889,TRUE
231710,"2026-06-25T17:38:26Z","2026-06-25T17:38:26Z","2026-06-25T17:38:18Z",6697,-37.31370932,-48.3494782412152,-48.3511960407007,-45.8062232101216,-45.8121357540358,-43.1857930226481,-43.1858995457784,-43.3044461816544,-43.3002166345613,-43.5665390091706,-43.5655140529046,-43.861018243301,-43.8620319319455,-44.0405852914137,-44.04377381905,-44.2193528163165,-44.2197728081491,-44.3226119618763,-44.3243837535003,-44.4042176760273,-44.403057384713,-44.4811170362281,-44.4791804261508,-44.5282939957504,-44.5337519393448,-44.5803347361362,-44.5762864015437,-44.5902780979332,-44.5894101297202,-44.5781273284104,-44.5786648619852,-44.5421965027803,-44.5445713478256,-44.4766053441686,-44.4758262563256,-44.3875345125624,-44.3874805198957,-44.2357721128143,-44.2421401098285,-44.1862072008825,-44.1748813213345,-47.8237595534147,-47.812590210137,-46.9836968818455,-46.9825266730405,-45.8480024648703,-45.842697750179,-44.2163806180095,-44.216552136603,-42.8386676016013,-42.8427039558578,6542.596,6539.862,6537.141,6538.402,6534.926,6539.426,6535.986,6535.996,6536.521,6536.186,6535.576,6535.016,6535.914,6536.457,6537.338,6531.409,6536.174,6533.182,6534.606,6536.652,6537.912,6541.319,6533.857,6535.106,6534.134,-856,-902,-880,-876,-904,-926,-856,-963,-912,-937,-941,-959,-921,-928,-909,-944,-829,-847,-906,-908,-888,-900,-916,-905,-889,TRUE
231710,"2026-06-26T17:38:24Z","2026-06-26T17:38:24Z","2026-06-26T17:38:18Z",6697,-37.3477529,-48.4973062840386,-48.4992064325494,-45.8491563214138,-45.8560497521967,-42.9385734399628,-42.9387217389938,-43.2410518061848,-43.2366912675927,-43.6115565984807,-43.6103645881709,-43.9182631692133,-43.9191316771754,-44.0588010483545,-44.0619736650337,-44.2111622085523,-44.2115058504307,-44.3240781559014,-44.325855820971,-44.4128747241717,-44.4116924339705,-44.4810356381659,-44.4790002431045,-44.5282557216392,-44.5336844651879,-44.5795682753868,-44.5755460097536,-44.5898359610377,-44.5889022630572,-44.5779596623754,-44.5785035811532,-44.5421229428722,-44.544458684654,-44.4765145681687,-44.4757810783469,-44.3874288920075,-44.3873617812446,-44.2356420077451,-44.24199753357,-44.1861999858887,-44.1748154268904,-47.8907221661151,-47.8793681005701,-47.023660250956,-47.0224075063554,-45.8885681871062,-45.883258099575,-44.2550190133449,-44.255202885102,-42.8509528037622,-42.85492961065,6542.603,6539.865,6537.146,6538.423,6534.925,6539.44,6535.993,6536,6536.531,6536.181,6535.584,6535.019,6535.92,6536.461,6537.343,6531.4,6536.166,6533.181,6534.6,6536.652,6537.926,6541.322,6533.862,6535.105,6534.142,-849,-904,-878,-873,-900,-926,-850,-965,-901,-938,-935,-944,-924,-930,-901,-952,-827,-842,-911,-908,-888,-897,-907,-908,-893,TRUE
231710,"2026-06-27T17:38:22Z","2026-06-27T17:38:22Z","2026-06-27T17:38:18Z",6697,-37.50351143,-48.5301928765692,-48.5311937811263,-45.7671585866572,-45.7739127535016,-42.9261340598936,-42.9262928166724,-43.2842467204739,-43.2800431237555,-43.6320222770791,-43.6310490566766,-43.9122136412632,-43.9133528354409,-44.0468550514329,-44.0502107303154,-44.2019724042981,-44.2023624368808,-44.3183419250439,-44.3201725849105,-44.4076588681339,-44.4065542451802,-44.4807542830035,-44.4786831598822,-44.5278738893225,-44.5334622649492,-44.5803148627511,-44.5762602313287,-44.5903137209372,-44.5893144483747,-44.5780124345,-44.578608196688,-44.5421233919555,-44.5445045524522,-44.4765032953042,-44.4758478532999,-44.3875233941814,-44.3873910785241,-44.235716996275,-44.2420467719409,-44.1861772141762,-44.1748057318021,-47.9870713740054,-47.9754247699508,-47.0769990297497,-47.075749762694,-45.9277931597263,-45.9225406451461,-44.2928855491562,-44.2930565054553,-42.8644502690048,-42.8684929853836,6542.596,6539.858,6537.146,6538.419,6534.921,6539.43,6535.993,6536.009,6536.533,6536.175,6535.571,6535.025,6535.922,6536.459,6537.348,6531.41,6536.166,6533.173,6534.592,6536.658,6537.925,6541.334,6533.849,6535.106,6534.141,-854,-896,-875,-880,-899,-924,-853,-966,-909,-932,-934,-939,-915,-919,-905,-956,-831,-837,-909,-916,-893,-907,-905,-904,-886,TRUE
231710,"2026-06-28T17:38:26Z","2026-06-28T17:38:26Z","2026-06-28T17:38:18Z",6689,-37.31181801,-48.9344146281429,-48.9347517504283,-46.0550810321728,-46.0619112219671,-43.24784856569,-43.2479841703788,-43.300455989601,-43.296206095171,-43.5499984955578,-43.548914644162,-43.8497673859907,-43.850928142822,-44.0357636859355,-44.0390114545535,-44.2149141860698,-44.2152564875124,-44.3215282679186,-44.3232877268046,-44.4049252400253,-44.4037209751263,-44.4800932390319,-44.4780521695038,-44.5282618342519,-44.5337129470902,-44.5798672737522,-44.5757410597502,-44.5900947427154,-44.5892073866465,-44.5780059073194,-44.5785499809948,-44.5421873707369,-44.5444842665615,-44.4765333828509,-44.4757802747143,-44.3874922228314,-44.3873991600577,-44.2356661881755,-44.2421189465135,-44.1862033917337,-44.1748775147078,-48.1174653198242,-48.105468069343,-47.1527948774423,-47.1513693859879,-45.9736575844219,-45.9683456352471,-44.3307833914553,-44.3309155130926,-42.8768236151038,-42.8807667468152,6542.625,6539.884,6537.141,6538.404,6534.925,6539.412,6535.989,6536.004,6536.523,6536.182,6535.58,6535.012,6535.921,6536.471,6537.344,6531.399,6536.166,6533.174,6534.596,6536.659,6537.936,6541.34,6533.847,6535.116,6534.144,-849,-899,-878,-870,-899,-921,-856,-965,-905,-932,-929,-945,-919,-926,-916,-952,-842,-840,-903,-912,-882,-902,-910,-908,-888,TRUE
231710,"2026-06-29T17:38:19Z","2026-06-29T17:38:19Z","2026-06-29T17:38:18Z",6697,-37.35647733,-49.0710390947088,-49.0709451649448,-46.0955388808113,-46.1021581055873,-43.1131883346592,-43.1134012132136,-43.2712519747797,-43.2683646891159,-43.5824252932016,-43.5828990889381,-43.8949953827928,-43.8972261314469,-44.0455053303596,-44.0495146555478,-44.2267480059117,-44.2279998471357,-44.3183607684457,-44.3202526174415,-44.4092829552162,-44.4083028968607,-44.4797911446752,-44.4777507987441,-44.5265650340567,-44.532037359264,-44.579914509844,-44.5758467897452,-44.5896102830232,-44.5887160570157,-44.5779564907943,-44.5785329241425,-44.5420540007412,-44.5445002527773,-44.4764560417375,-44.4757809957122,-44.3874941002721,-44.3873814156806,-44.2356776692472,-44.242046053142,-44.1862225062865,-44.1748509860143,-48.2731987130077,-48.2608130026049,-47.2472700650664,-47.2457916477433,-46.0261888514986,-46.0208282136374,-44.3686474051553,-44.3687604392207,-42.8891143509762,-42.8931113299366,6542.635,6539.892,6537.144,6538.419,6534.925,6539.428,6535.992,6536.009,6536.529,6536.182,6535.576,6535.016,6535.918,6536.465,6537.344,6531.406,6536.178,6533.179,6534.59,6536.644,6537.949,6541.341,6533.853,6535.119,6534.141,-848,-902,-882,-866,-901,-928,-848,-965,-908,-932,-927,-957,-920,-926,-912,-947,-832,-848,-906,-914,-885,-898,-911,-899,-888,TRUE
231710,"2026-06-30T17:38:17Z","2026-06-30T17:38:17Z","2026-06-30T17:38:18Z",6697,-37.43353296,-49.0013840959793,-49.0005549985726,-45.9319209964009,-45.9386783778412,-42.9681938142277,-42.9683869503719,-43.304101289222,-43.2997737555301,-43.6661041440098,-43.6649142392561,-43.9500134928564,-43.9508793673908,-44.0740322049698,-44.0772446545806,-44.2187914026429,-44.2191221801475,-44.324410805016,-44.3261926468402,-44.4137161594286,-44.412485636538,-44.4799032316175,-44.4778681602957,-44.5274065839906,-44.5328285173821,-44.5791145518566,-44.575072815817,-44.5896115360248,-44.588638937411,-44.5779361618629,-44.5783827136261,-44.5420196171442,-44.5444398312636,-44.4764360258103,-44.4757480248281,-44.387408635294,-44.3873024381397,-44.2356161773006,-44.2420762516516,-44.186076728627,-44.17479007383,-48.4381140614327,-48.4253750509036,-47.3567695795524,-47.3551737342745,-46.0860369532722,-46.0806770016172,-44.4065623670444,-44.4067540316882,-42.9019962420093,-42.9059198384757,6542.63,6539.872,6537.142,6538.423,6534.936,6539.43,6535.994,6536.006,6536.537,6536.188,6535.575,6535.014,6535.919,6536.466,6537.339,6531.399,6536.169,6533.183,6534.606,6536.656,6537.958,6541.351,6533.849,6535.115,6534.143,-859,-901,-877,-874,-901,-929,-853,-962,-908,-926,-931,-951,-925,-924,-911,-958,-835,-845,-910,-916,-890,-904,-916,-908,-893,TRUE
231710,"2026-07-01T17:38:15Z","2026-07-01T17:38:15Z","2026-07-01T17:38:18Z",6663,-37.52584109,-49.0501189000013,-49.0523759102848,-45.9611886019613,-45.9674238747245,-42.9144038986542,-42.9145506778283,-43.3029162260709,-43.2985156346053,-43.6740366833496,-43.6728153884838,-43.9454357340047,-43.9463627815935,-44.0641117599903,-44.0672832447789,-44.2039611820007,-44.2042225840718,-44.3217298448617,-44.3234869640801,-44.4108702052882,-44.4096383870539,-44.4803673864986,-44.4783377797113,-44.5279645065094,-44.5334336889633,-44.5794895515885,-44.5754154538503,-44.5899759523585,-44.5890350415494,-44.5779253344572,-44.5784951315727,-44.5420918939542,-44.5444730296179,-44.4764573134865,-44.475730369591,-44.3874236894654,-44.3873304577577,-44.2356691590021,-44.2420447684263,-44.1861611684578,-44.174796230703,-48.5978462351933,-48.5848240021963,-47.4738788251483,-47.4721966724652,-46.1532629784608,-46.1477874347701,-44.4451400272128,-44.4452732735975,-42.9157423349896,-42.919758247226,6542.63,6539.876,6537.146,6538.428,6534.928,6539.44,6535.986,6536.01,6536.533,6536.18,6535.574,6535.015,6535.917,6536.467,6537.345,6531.405,6536.161,6533.174,6534.598,6536.651,6537.968,6541.362,6533.851,6535.127,6534.132,-862,-900,-876,-873,-901,-918,-854,-967,-908,-945,-933,-957,-924,-931,-912,-955,-826,-851,-910,-905,-893,-894,-912,-903,-881,TRUE
231710,"2026-07-02T17:38:59Z","2026-07-02T17:38:59Z","2026-07-02T17:38:18Z",6697,-37.40357705,-49.0722954479999,-49.0738417535626,-46.0338195909691,-46.0399190630471,-43.0555421039853,-43.0556758117561,-43.2429156784597,-43.2387869884254,-43.5798177231568,-43.5787924247239,-43.8961779376408,-43.8972120613868,-44.0436713296958,-44.04692464862,-44.1992096083189,-44.199616197979,-44.31841718442,-44.3202357715374,-44.4107793459016,-44.4096536035595,-44.4808578601966,-44.478893515701,-44.5270178320827,-44.5324997769401,-44.5798924944139,-44.5758248181115,-44.5896680680035,-44.588779935975,-44.5778897616232,-44.5784012649724,-44.5420066258995,-44.5444333634794,-44.4764297600093,-44.47572223587,-44.3874363214499,-44.3873105916444,-44.235606056578,-44.2419941599829,-44.1861720834036,-44.1748332180618,-48.7291015796086,-48.7159694258574,-47.5920976625299,-47.5903675300417,-46.2275319594658,-46.2220409153795,-44.4845224574005,-44.4846813206101,-42.9291719272186,-42.9331539102918,6542.63,6539.878,6537.141,6538.417,6534.923,6539.432,6535.998,6536.006,6536.531,6536.182,6535.577,6535.016,6535.915,6536.459,6537.347,6531.409,6536.162,6533.181,6534.597,6536.648,6537.967,6541.375,6533.855,6535.121,6534.133,-859,-907,-883,-871,-899,-930,-861,-963,-910,-936,-931,-954,-917,-927,-905,-953,-837,-845,-912,-914,-884,-900,-908,-906,-881,TRUE
231710,"2026-07-03T17:38:04Z","2026-07-03T17:38:04Z","2026-07-03T17:38:18Z",6697,-37.36715408,-49.1023951677945,-49.1042957597592,-46.2582092288644,-46.2640227816934,-43.1837489432008,-43.1837629107149,-43.2373432022556,-43.2330752003916,-43.5421839406288,-43.5411391541503,-43.8690201836647,-43.8700436110863,-44.0393925648555,-44.042646769624,-44.202231385386,-44.2026750859046,-44.3196822075278,-44.3213971634145,-44.4107561135751,-44.4095933730255,-44.4807259733775,-44.4787313442248,-44.5274661747924,-44.5329446922255,-44.5796650166815,-44.575616743213,-44.589651005767,-44.5887503140723,-44.5778571828516,-44.578394728816,-44.542017691097,-44.5443535444885,-44.4764175717098,-44.4757555057849,-44.3874191598538,-44.3873260478078,-44.2356141372362,-44.2420542192662,-44.1860370658019,-44.1747960594568,-48.7833666593685,-48.7704590402564,-47.6923513746154,-47.6905451630087,-46.3060693433138,-46.3005908928139,-44.5252024313275,-44.5253924629551,-42.9418919418165,-42.9458341023155,6542.628,6539.902,6537.14,6538.41,6534.93,6539.421,6535.994,6536.003,6536.524,6536.185,6535.577,6535.014,6535.919,6536.469,6537.342,6531.404,6536.17,6533.183,6534.603,6536.649,6537.971,6541.377,6533.847,6535.122,6534.143,-858,-889,-878,-869,-897,-923,-851,-960,-911,-935,-921,-944,-920,-931,-902,-956,-841,-845,-905,-909,-886,-897,-907,-909,-894,TRUE
231710,"2026-07-04T17:38:04Z","2026-07-04T17:38:04Z","2026-07-04T17:38:18Z",6697,-37.4002215,-48.9467605053512,-48.9496444055832,-46.3297398121724,-46.336229178024,-43.1070590292671,-43.1072688164188,-43.2282505137835,-43.2239514916095,-43.5710354386523,-43.5698926513001,-43.8962050845072,-43.8971770643779,-44.0492549170773,-44.05246916379,-44.2032531694227,-44.2036001102462,-44.3211777184599,-44.3229576646116,-44.413047967168,-44.4119160247811,-44.4807156621248,-44.4786857436503,-44.527605270647,-44.5330935685595,-44.5794641067491,-44.5753964060019,-44.5895657206649,-44.5886647270342,-44.5778587135457,-44.578389710136,-44.5420324745289,-44.5444527104042,-44.4764278426558,-44.4757333153416,-44.3874170856054,-44.3873955791621,-44.2356299770074,-44.242011560343,-44.1861022583101,-44.1747894805868,-48.7338341131293,-48.7214094821714,-47.7490802870398,-47.7474043017416,-46.3812039015574,-46.375678548635,-44.567138803426,-44.5672422570694,-42.9548425375561,-42.9587979293223,6542.614,6539.909,6537.15,6538.409,6534.932,6539.422,6536.005,6536.008,6536.531,6536.184,6535.57,6535.016,6535.915,6536.464,6537.344,6531.409,6536.166,6533.188,6534.602,6536.659,6537.977,6541.375,6533.856,6535.126,6534.137,-857,-901,-877,-876,-901,-923,-853,-970,-903,-940,-932,-949,-930,-930,-913,-957,-837,-847,-917,-919,-883,-892,-912,-898,-881,TRUE
231710,"2026-07-05T17:38:07Z","2026-07-05T17:38:07Z","2026-07-05T17:38:18Z",6697,-37.45793696,-48.6562240983052,-48.6588590906696,-46.253388054404,-46.2591539936632,-43.0399739457056,-43.0402276157926,-43.255485817613,-43.2512659617974,-43.6094496369442,-43.6083866714237,-43.9158689434048,-43.9168820396614,-44.0538264722986,-44.0570638093432,-44.2023029479439,-44.2026277653786,-44.3212065928946,-44.3231340494421,-44.4119964546393,-44.4108922291353,-44.4805457475554,-44.4785385581379,-44.527895575606,-44.5333224714944,-44.5796498978435,-44.5755952241291,-44.5898390561321,-44.5889570087202,-44.5778925565199,-44.5784040134452,-44.5420067150435,-44.5444593941295,-44.4764414828561,-44.4757404962317,-44.3874268941134,-44.3873532419483,-44.2356482737228,-44.2420431816071,-44.1861358578066,-44.1748165884322,-48.5973053580478,-48.5855132528918,-47.7510631091054,-47.7496245223296,-46.4444340163379,-46.438930236353,-44.6103359241878,-44.6104363925523,-42.9686832112423,-42.97265092391,6542.598,6539.901,6537.135,6538.416,6534.925,6539.435,6535.999,6536.007,6536.529,6536.179,6535.574,6535.018,6535.915,6536.467,6537.342,6531.4,6536.168,6533.188,6534.604,6536.648,6537.964,6541.38,6533.852,6535.135,6534.133,-849,-898,-877,-872,-904,-927,-854,-971,-903,-942,-930,-950,-923,-931,-907,-955,-832,-840,-911,-914,-892,-898,-912,-914,-883,TRUE
231710,"2026-07-06T17:38:08Z","2026-07-06T17:38:08Z","2026-07-06T17:38:18Z",6697,-37.40986108,-48.477789067045,-48.4802289886162,-46.3684650282637,-46.3748966673956,-43.188728579546,-43.1888371906341,-43.246404573926,-43.2421859850862,-43.5609947079111,-43.5599069849762,-43.8848345530252,-43.8859378506403,-44.0466834849457,-44.0499514281169,-44.2029487672931,-44.2032705046239,-44.320865690673,-44.3226141075079,-44.4127359430494,-44.4115083712673,-44.4807381062655,-44.4786935483115,-44.5279800168474,-44.5333785201368,-44.5797171695182,-44.5756883895685,-44.5898479492122,-44.5889598961679,-44.5778880428935,-44.5784125613435,-44.5420298173959,-44.5443851231812,-44.4764313819347,-44.4757563414907,-44.3873705667355,-44.3873230426542,-44.2356380895548,-44.2420065075861,-44.1861218260375,-44.1748286316942,-48.423653170693,-48.4123675255059,-47.7070385228532,-47.7058310192556,-46.4906004339133,-46.4850437659541,-44.654421732807,-44.6544473721909,-42.9822675838119,-42.9862345838531,6542.587,6539.915,6537.145,6538.422,6534.922,6539.425,6535.988,6536.004,6536.533,6536.178,6535.576,6535.016,6535.92,6536.465,6537.347,6531.405,6536.168,6533.187,6534.602,6536.653,6537.959,6541.378,6533.852,6535.12,6534.14,-854,-901,-872,-871,-904,-932,-854,-959,-907,-938,-934,-952,-929,-928,-907,-950,-833,-847,-907,-911,-889,-903,-913,-904,-889,TRUE
231710,"2026-07-07T17:37:58Z","2026-07-07T17:37:58Z","2026-07-07T17:38:18Z",6697,-37.40052655,-48.28580537732,-48.2880612087188,-46.3787478774146,-46.3849824253791,-43.332512449334,-43.3324735482385,-43.3121202604154,-43.3079307474054,-43.5650654709203,-43.564009677858,-43.8668588297564,-43.8678310860501,-44.0430848046921,-44.0463634783225,-44.211697613819,-44.2121160295436,-44.321999856197,-44.3238362230435,-44.4092907556306,-44.4081184016384,-44.4802056156459,-44.4782072508737,-44.5285783744587,-44.5340392430037,-44.5798352755406,-44.5757934558958,-44.5900491011546,-44.5891873894403,-44.5778904601534,-44.57846698653,-44.5420648947193,-44.5444332504645,-44.4764446016472,-44.4756979947365,-44.3874634986265,-44.3873443547099,-44.2357288798769,-44.2421493334128,-44.1861418207961,-44.1747963578367,-48.2555392307831,-48.2446868588725,-47.6373335682619,-47.6363986276524,-46.5179491551546,-46.512549500081,-44.6988629394439,-44.698923910515,-42.9956757512206,-42.9997220750348,6542.576,6539.918,6537.148,6538.411,6534.917,6539.422,6535.987,6536.013,6536.525,6536.194,6535.579,6535.024,6535.911,6536.467,6537.345,6531.406,6536.159,6533.184,6534.602,6536.644,6537.944,6541.367,6533.853,6535.129,6534.139,-861,-899,-875,-871,-893,-925,-850,-966,-910,-941,-925,-958,-927,-931,-915,-957,-834,-838,-905,-917,-889,-895,-907,-914,-894,TRUE
231710,"2026-07-09T17:37:59Z","2026-07-09T17:37:59Z","2026-07-09T17:38:18Z",6636,-37.48612358,-47.8945031583977,-47.8968376193145,-46.310031217371,-46.3172633296054,-43.0784550710956,-43.078598292136,-43.2799795683912,-43.275820902156,-43.6347585347493,-43.6338299927831,-43.9316351027657,-43.9328324036125,-44.0628154272574,-44.0661452529971,-44.2145625123746,-44.2149878288147,-44.322991720417,-44.3247707157693,-44.4130233572719,-44.4118343930861,-44.4813885055246,-44.4793386358673,-44.5281949382516,-44.5336717163015,-44.5798567864992,-44.5758345902851,-44.5899372049994,-44.5889186236751,-44.5778516538004,-44.5784409844339,-44.5420315414745,-44.5443867479964,-44.4763835545739,-44.475702068747,-44.3874366328447,-44.387395520896,-44.2355935830813,-44.2419950678994,-44.1862008405289,-44.1747901990705,-47.9370879528838,-47.9270258766637,-47.4695391486925,-47.4690239162873,-46.5254519561308,-46.5202156026516,-44.7840617667895,-44.7841515261833,-43.0230224281607,-43.0270671909227,6542.553,6539.919,6537.14,6538.428,6534.931,6539.44,6535.997,6536.01,6536.543,6536.181,6535.586,6535.02,6535.923,6536.463,6537.349,6531.406,6536.165,6533.19,6534.603,6536.653,6537.924,6541.355,6533.855,6535.133,6534.143,-857,-898,-875,-868,-909,-932,-856,-967,-917,-930,-931,-947,-921,-926,-908,-957,-835,-841,-907,-919,-887,-898,-907,-908,-891,TRUE
231710,"2026-07-10T17:38:02Z","2026-07-10T17:38:02Z","2026-07-10T17:38:18Z",6697,-37.4490295,-47.6916073424437,-47.6940243259146,-46.2819872630378,-46.2882103317222,-43.2410811381932,-43.2410883453355,-43.2901193510745,-43.2859171633497,-43.5996396268803,-43.5987008632407,-43.9106537281419,-43.9117089618152,-44.063229197625,-44.0665076499798,-44.2159155240787,-44.2162713327274,-44.3244192935903,-44.326189983095,-44.4167321146037,-44.4155008576502,-44.4810009616413,-44.4789697605346,-44.5284502171656,-44.5339455577347,-44.5797569223908,-44.5757151688206,-44.589865933151,-44.5890038216473,-44.5778811898444,-44.5783992208622,-44.5419905051706,-44.544391298068,-44.4763661213317,-44.4757040554068,-44.3874484208634,-44.3873683024311,-44.2356637357526,-44.2420713879939,-44.1861803565865,-44.1748349491556,-47.769991559117,-47.760311723108,-47.3746796073708,-47.3742609669304,-46.5118780170518,-46.5068296141506,-44.8227718085387,-44.8228631354407,-43.0366079608355,-43.0405988687691,6542.555,6539.908,6537.147,6538.417,6534.923,6539.425,6536,6536.009,6536.535,6536.172,6535.579,6535.01,6535.92,6536.46,6537.341,6531.406,6536.164,6533.183,6534.598,6536.661,6537.908,6541.347,6533.849,6535.137,6534.137,-862,-900,-876,-870,-894,-924,-845,-964,-907,-932,-935,-955,-923,-927,-907,-957,-832,-846,-909,-912,-889,-900,-912,-907,-884,TRUE
231710,"2026-07-11T17:37:58Z","2026-07-11T17:37:58Z","2026-07-11T17:38:18Z",6689,-37.43261781,-47.526748174492,-47.5290242095023,-46.3544122007231,-46.3598704886101,-43.2245514737283,-43.2247081448335,-43.2592255187737,-43.2551220846778,-43.589749044813,-43.5887758349918,-43.9127850100751,-43.9138688578029,-44.0613065297506,-44.0644985172871,-44.2149983249865,-44.2154143413623,-44.3245809236542,-44.3263518018811,-44.4173206700744,-44.416199396423,-44.4818707260386,-44.479926850583,-44.5283995653658,-44.533867270752,-44.5797929536801,-44.5757771815169,-44.5897549098984,-44.5888602332611,-44.5778074867261,-44.5784098976698,-44.5420020381472,-44.5444287788357,-44.4763794200706,-44.4756848760016,-44.3874383052394,-44.387312575434,-44.2357064447633,-44.2420359358629,-44.1861080775084,-44.1747887753544,-47.6002787915901,-47.5909609016452,-47.271954179916,-47.2717283454543,-46.4891868195611,-46.4842191605944,-44.8582584042487,-44.8583798590162,-43.0502104255107,-43.0541740905549,6542.539,6539.904,6537.148,6538.409,6534.924,6539.435,6535.995,6536.006,6536.531,6536.181,6535.574,6535.017,6535.91,6536.451,6537.345,6531.405,6536.162,6533.182,6534.603,6536.652,6537.902,6541.344,6533.849,6535.137,6534.152,-854,-904,-886,-873,-897,-926,-856,-963,-907,-929,-933,-949,-926,-923,-912,-949,-836,-843,-906,-911,-892,-899,-907,-911,-888,TRUE
231710,"2026-07-12T17:37:58Z","2026-07-12T17:37:58Z","2026-07-12T17:38:18Z",6697,-37.46818664,-47.3518455822355,-47.3541049879672,-46.2992832562674,-46.3058818476776,-43.2268398044238,-43.2267947504541,-43.2777146427774,-43.2735489023481,-43.6039846714036,-43.6029438513382,-43.9169813613531,-43.9180951320074,-44.063145584292,-44.0664057357085,-44.2169315052312,-44.2173486664711,-44.3251930253435,-44.3269541786808,-44.4166687186893,-44.4154258405594,-44.4819224152931,-44.4799079693127,-44.5287398867951,-44.5341935722788,-44.5799812462224,-44.5759330517807,-44.5898289915252,-44.5890120415445,-44.5778499238469,-44.5783873954747,-44.5420151678887,-44.5444094124917,-44.4764351050438,-44.4757405944843,-44.3873788782843,-44.3873508586178,-44.2356779488785,-44.2420988914906,-44.1860909758058,-44.1748630862119,-47.4380027580156,-47.4289532472965,-47.1649543253553,-47.1648789828515,-46.4582021173495,-46.4534115008371,-44.8901641299958,-44.8902733919547,-43.0640493491108,-43.068052015665,6542.521,6539.902,6537.146,6538.416,6534.926,6539.432,6535.988,6536.011,6536.526,6536.171,6535.579,6535.017,6535.915,6536.462,6537.331,6531.409,6536.169,6533.179,6534.601,6536.655,6537.891,6541.342,6533.86,6535.13,6534.135,-855,-896,-881,-865,-900,-922,-855,-965,-904,-939,-934,-952,-919,-922,-906,-949,-833,-839,-902,-917,-896,-892,-912,-911,-890,TRUE
231710,"2026-07-13T17:37:55Z","2026-07-13T17:37:55Z","2026-07-13T17:38:18Z",6697,-37.47044401,-47.2018921948351,-47.2039161556558,-46.2668345932896,-46.2736008655967,-43.2304958749461,-43.2306443381062,-43.2718253623051,-43.2676796382198,-43.604168375472,-43.6031865387024,-43.9206795887693,-43.921789588039,-44.0645833476289,-44.0678705210678,-44.2159476822432,-44.2164574281146,-44.3257075344385,-44.3274893351136,-44.4174189519115,-44.4161771652686,-44.4823472951466,-44.4803724495745,-44.528792111462,-44.534303952033,-44.5801401201099,-44.5760594938454,-44.5899960899918,-44.5889908245978,-44.5778757381472,-44.5783872322116,-44.5419572438677,-44.5444099727289,-44.4764364865589,-44.4757354775901,-44.3874183254783,-44.3872925909863,-44.2357025130632,-44.2420581982101,-44.1861196857408,-44.1749048676313,-47.2839835965232,-47.2751837233682,-47.0577261132482,-47.0577833503237,-46.4203426250786,-46.41558515366,-44.9181833833507,-44.9183223701799,-43.0783374067936,-43.0823653265292,6542.508,6539.909,6537.15,6538.416,6534.936,6539.437,6535.995,6536.017,6536.527,6536.18,6535.576,6535.012,6535.922,6536.458,6537.341,6531.403,6536.17,6533.188,6534.603,6536.643,6537.896,6541.335,6533.855,6535.147,6534.141,-864,-893,-875,-867,-901,-923,-852,-965,-909,-938,-935,-953,-916,-932,-908,-964,-836,-844,-904,-912,-883,-894,-902,-908,-889,TRUE
231710,"2026-07-14T17:37:47Z","2026-07-14T17:37:47Z","2026-07-14T17:38:18Z",6697,-37.48343914,-47.1032845287738,-47.1053965911947,-46.1983607772736,-46.2041437041287,-43.2093492966436,-43.2094402709969,-43.2853057794553,-43.281486670793,-43.6263803253685,-43.6257172485332,-43.9339482030218,-43.9352844682577,-44.0682887720514,-44.0717320708016,-44.2224895528749,-44.223042829245,-44.3260115363283,-44.3278256893716,-44.4173264195153,-44.4161872356854,-44.48261042057,-44.4805856868773,-44.52883806312,-44.5342898811058,-44.5802485494867,-44.576226347236,-44.5899150337635,-44.5890653746064,-44.5778855960887,-44.5783905655948,-44.5420452901558,-44.5443550499917,-44.4764151302386,-44.4757206336413,-44.3874785863116,-44.3874114285736,-44.235686830234,-44.2421144635051,-44.1861355824457,-44.1748750782291,-47.1425290815604,-47.1339691253068,-46.9518933435369,-46.9520774925819,-46.3775924654588,-46.3729603036755,-44.9425920960719,-44.9427959746708,-43.0924159911804,-43.0963498158444,6542.509,6539.903,6537.141,6538.427,6534.927,6539.434,6535.995,6536.015,6536.531,6536.188,6535.572,6535.018,6535.918,6536.471,6537.341,6531.405,6536.165,6533.187,6534.603,6536.644,6537.878,6541.323,6533.851,6535.134,6534.154,-852,-902,-880,-856,-899,-930,-846,-957,-914,-928,-933,-948,-925,-927,-911,-956,-834,-843,-907,-913,-890,-904,-911,-906,-889,TRUE
231710,"2026-07-15T17:37:47Z","2026-07-15T17:37:47Z","2026-07-15T17:38:18Z",6689,-37.51101566,-47.0988097662596,-47.1007830730513,-46.170325397854,-46.1766603479502,-43.2607527791995,-43.2609277025195,-43.2955107350934,-43.2911977144693,-43.6187560347065,-43.617503564918,-43.9252987466241,-43.9261170989564,-44.0686845933448,-44.0718422998852,-44.2180859255364,-44.2183303114163,-44.3278647462867,-44.3296680367238,-44.4179559230024,-44.4167409289529,-44.4830453408158,-44.4810257042749,-44.5296018564659,-44.5350544858097,-44.5802863000325,-44.5761862174928,-44.5902699129942,-44.5893033764757,-44.5779053509887,-44.578429810612,-44.5420261815214,-44.5444204168077,-44.4763693067115,-44.4757527854658,-44.3874287124999,-44.3873941584431,-44.2356534242525,-44.2421070012827,-44.1861832710023,-44.1748901245202,-47.0404594557889,-47.031972754984,-46.8550249878693,-46.8551584992724,-46.3313161171101,-46.3267817005265,-44.9632969609306,-44.9634588801993,-43.1069965799895,-43.111041735062,6542.507,6539.893,6537.137,6538.416,6534.929,6539.44,6535.99,6536.007,6536.515,6536.18,6535.567,6535.017,6535.919,6536.47,6537.349,6531.408,6536.165,6533.186,6534.592,6536.66,6537.878,6541.316,6533.851,6535.139,6534.138,-860,-898,-880,-866,-910,-923,-851,-961,-909,-934,-934,-956,-930,-931,-918,-954,-831,-840,-910,-911,-892,-899,-911,-899,-890,TRUE
231710,"2026-07-16T17:37:51Z","2026-07-16T17:37:51Z","2026-07-16T17:38:18Z",6697,-37.47508077,-47.1546952075542,-47.1563764665273,-46.1610990711365,-46.1681263941467,-43.3861938525845,-43.3862967279871,-43.3192950617696,-43.3149586248502,-43.5997645194746,-43.5986482455203,-43.9048092053597,-43.9058304770941,-44.0637292313943,-44.0669679070643,-44.2262794021722,-44.2266406772511,-44.3281721581593,-44.3298669549074,-44.4175875662122,-44.416363269063,-44.4833907106669,-44.4814134331124,-44.529578920855,-44.5350408916327,-44.5803883605291,-44.5763336577186,-44.5900103482906,-44.5891481577625,-44.5778698804734,-44.5783619586514,-44.5420302872586,-44.5443791006468,-44.4764113959097,-44.4757233418821,-44.3873843167981,-44.3874214623567,-44.2356670848122,-44.242081257126,-44.1861851766467,-44.1749115933737,-46.9913433345858,-46.9827143140133,-46.7785087887558,-46.7787395229293,-46.2847293173797,-46.2801399217464,-44.9805207413341,-44.9806886507953,-43.12093564947,-43.1248470892615,6542.509,6539.895,6537.152,6538.421,6534.924,6539.421,6535.989,6536.013,6536.531,6536.171,6535.575,6535.017,6535.909,6536.466,6537.351,6531.401,6536.159,6533.177,6534.6,6536.65,6537.876,6541.3,6533.851,6535.141,6534.137,-856,-903,-878,-870,-902,-922,-853,-962,-908,-936,-937,-950,-925,-927,-909,-953,-836,-845,-906,-913,-893,-899,-913,-907,-883,TRUE
231710,"2026-07-17T17:37:49Z","2026-07-17T17:37:49Z","2026-07-17T17:38:18Z",6697,-37.47721612,-47.2583108634714,-47.2602629833656,-46.1304117297708,-46.137281422301,-43.4311764995998,-43.4312522510867,-43.3201502085926,-43.3159209126688,-43.5963236488042,-43.5953337128531,-43.9101318204661,-43.9112033360828,-44.0706481455982,-44.0739382055655,-44.2314239487619,-44.2318402829352,-44.3295229068281,-44.3313917119364,-44.4216276177119,-44.4204554207237,-44.483221655488,-44.4812173169966,-44.5297954054182,-44.5352579495294,-44.5803507492701,-44.5761922184257,-44.5900176519186,-44.5890582165991,-44.5778363282114,-44.578406323744,-44.542077777969,-44.5444070955566,-44.4764355308615,-44.4757019683419,-44.3874329271373,-44.3873723671881,-44.2356854286419,-44.2421714127343,-44.1862102158414,-44.1748386930427,-46.9933743025408,-46.9845480208647,-46.7298370735756,-46.7300397507996,-46.2418110097612,-46.2372960924287,-44.9944144246759,-44.9947329087837,-43.1348316830618,-43.1387821204593,6542.52,6539.894,6537.152,6538.418,6534.923,6539.428,6535.993,6536.005,6536.53,6536.183,6535.569,6535.016,6535.921,6536.462,6537.341,6531.398,6536.164,6533.182,6534.598,6536.646,6537.874,6541.304,6533.863,6535.139,6534.147,-862,-902,-879,-865,-900,-920,-863,-967,-906,-935,-925,-952,-927,-920,-906,-955,-840,-839,-908,-910,-895,-900,-906,-912,-891,TRUE
231710,"2026-07-18T17:37:41Z","2026-07-18T17:37:41Z","2026-07-18T17:38:18Z",6680,-37.49612922,-47.3236534722697,-47.3251952491943,-46.074834955961,-46.0817667034782,-43.4351371776092,-43.4352592007191,-43.3380157144745,-43.3338051943404,-43.6126862399881,-43.6116296434923,-43.9195677646904,-43.9207142469983,-44.0771911655824,-44.0805017691424,-44.2320196990954,-44.2324023415133,-44.3312391281107,-44.3330758567415,-44.4231226075353,-44.4219833507485,-44.4832295710148,-44.4812380599669,-44.5303161789846,-44.5357135559201,-44.5803568625572,-44.5763021448608,-44.5902638644172,-44.5894210753592,-44.5779089319813,-44.578433462816,-44.542058623046,-44.5443684665239,-44.4764609225632,-44.4757663757017,-44.3874465432892,-44.3873794677576,-44.2357598897529,-44.2422002674545,-44.1861886308007,-44.1748758631611,-47.0375153278763,-47.0284645803075,-46.7103233623239,-46.7104162827888,-46.2060962241353,-46.2016667673696,-45.0052898556007,-45.0055289285951,-43.1492427553838,-43.1531719382745,6542.528,6539.891,6537.156,6538.421,6534.917,6539.426,6535.988,6536.006,6536.523,6536.183,6535.578,6535.009,6535.914,6536.463,6537.349,6531.405,6536.155,6533.18,6534.601,6536.648,6537.871,6541.307,6533.852,6535.141,6534.139,-856,-901,-881,-868,-897,-926,-850,-967,-900,-937,-931,-948,-930,-927,-902,-953,-835,-848,-908,-909,-891,-900,-911,-917,-883,TRUE
231710,"2026-07-19T17:37:44Z","2026-07-19T17:37:44Z","2026-07-19T17:38:18Z",6697,-37.52230251,-47.332419597992,-47.3342571050233,-45.9618642309991,-45.9688315890117,-43.4897906502617,-43.4897714451996,-43.3791355214539,-43.3749181053332,-43.6291638641335,-43.6280556913788,-43.9188409942149,-43.9199581503798,-44.0786707826523,-44.0819762010637,-44.23915884505,-44.2395896962657,-44.3327921462738,-44.3346560778962,-44.4215885165906,-44.4204234441839,-44.4837306160867,-44.4817309766406,-44.5305245592127,-44.5359948094568,-44.5804417414075,-44.5763999790721,-44.5902214494221,-44.5893204929517,-44.5779182766828,-44.5783909110826,-44.542021611048,-44.5444679066315,-44.4764675634765,-44.4757794982816,-44.3874962874915,-44.3874096769509,-44.2357243985854,-44.2422364175207,-44.1861502925431,-44.1748570830859,-47.1067514913516,-47.097351388868,-46.7167694059025,-46.7167409729141,-46.1810164264854,-46.1765773848934,-45.0139296492925,-45.0142588204901,-43.1635308994297,-43.1674588857891,6542.518,6539.884,6537.155,6538.414,6534.923,6539.433,6535.989,6536.006,6536.524,6536.18,6535.573,6535.006,6535.919,6536.463,6537.344,6531.403,6536.156,6533.19,6534.599,6536.643,6537.877,6541.305,6533.857,6535.134,6534.138,-850,-900,-883,-865,-895,-924,-852,-964,-905,-938,-930,-951,-925,-928,-910,-958,-836,-838,-905,-912,-890,-901,-910,-903,-888,TRUE
231710,"2026-07-20T17:37:43Z","2026-07-20T17:37:43Z","2026-07-20T17:38:18Z",6689,-37.58483776,-47.4145501310704,-47.4166752401092,-45.9733809589919,-45.9794046126267,-43.3093191417021,-43.3093371033785,-43.3642351394469,-43.3598619177416,-43.6903170454431,-43.6891773433399,-43.9702089656367,-43.9711467006085,-44.0974761708914,-44.1006185642985,-44.246353577088,-44.2466781774923,-44.3342954338027,-44.3362255804376,-44.4230933811982,-44.4219249484962,-44.4840732285823,-44.4820236078953,-44.530865466873,-44.5363286187054,-44.5804276557926,-44.5763340903514,-44.5901549777239,-44.5892402912342,-44.5778769562002,-44.5784273685882,-44.5420939518994,-44.5444621524819,-44.4764429623578,-44.4757614765309,-44.3875277190589,-44.3874019283289,-44.2357455637169,-44.2421798080204,-44.1862333542494,-44.1749075907199,-47.183890352927,-47.1743089108388,-46.7409949570535,-46.7408416443681,-46.1668036134236,-46.1622982246362,-45.0207477901652,-45.0210200774609,-43.177702844469,-43.1817027395112,6542.524,6539.887,6537.148,6538.431,6534.929,6539.442,6535.992,6536.009,6536.528,6536.184,6535.565,6535.015,6535.908,6536.458,6537.345,6531.408,6536.169,6533.179,6534.592,6536.65,6537.882,6541.304,6533.847,6535.14,6534.147,-857,-896,-884,-873,-899,-928,-856,-967,-905,-938,-929,-954,-923,-922,-908,-953,-840,-848,-905,-910,-889,-898,-908,-910,-886,TRUE
231710,"2026-07-21T17:37:34Z","2026-07-21T17:37:34Z","2026-07-21T17:38:18Z",6697,-37.58233635,-47.4541516908004,-47.4559969500215,-45.9889996373429,-45.994917787813,-43.3391809585262,-43.3390299118545,-43.3592499928506,-43.3557435375437,-43.679881488416,-43.6794199403332,-43.9677556608025,-43.9691933581724,-44.0943026133226,-44.0978400127794,-44.245485025675,-44.2462659129955,-44.3341429799958,-44.3360049373188,-44.4241413631895,-44.4230426984946,-44.4845136284469,-44.4824764480542,-44.5306207090741,-44.5361107721697,-44.5808066421093,-44.5767260584343,-44.5902741221836,-44.5893789113474,-44.577889207854,-44.578394195926,-44.5420572717914,-44.5444579808208,-44.4764153780252,-44.4757143662633,-44.38752452755,-44.3874573674632,-44.2358034487564,-44.242205070084,-44.186212910421,-44.1748806022979,-47.2455826088436,-47.2358718320201,-46.7739427451005,-46.7737134525403,-46.1628205480777,-46.1583062529339,-45.0266615042156,-45.0269614802245,-43.192342881014,-43.1962616609452,6542.526,6539.878,6537.154,6538.424,6534.921,6539.428,6535.993,6536.008,6536.533,6536.171,6535.579,6535.011,6535.926,6536.46,6537.345,6531.397,6536.166,6533.177,6534.599,6536.649,6537.881,6541.315,6533.849,6535.15,6534.143,-853,-899,-880,-860,-889,-919,-854,-963,-917,-927,-936,-950,-927,-930,-908,-958,-836,-844,-907,-914,-891,-895,-911,-905,-891,TRUE
231710,"2026-07-22T17:37:44Z","2026-07-22T17:37:44Z","2026-07-22T17:38:18Z",6697,-37.57995696,-47.3321056379292,-47.3337296176848,-45.8327454193457,-45.8397067649454,-43.4276154145818,-43.427725729064,-43.3248884362623,-43.3211177682502,-43.5631264170431,-43.5627745517394,-43.8423231004626,-43.8439912189361,-44.0022749824659,-44.0060726787731,-44.166482346562,-44.1672865211976,-44.2993611412458,-44.3014688697796,-44.3902666702981,-44.3889745331717,-44.4744868219541,-44.4720279559155,-44.5225013844284,-44.5282674738395,-44.5785277099324,-44.5743561382685,-44.5895131915885,-44.5880282561823,-44.5774312974707,-44.5782351047257,-44.5416233940918,-44.5437580251836,-44.4759658444198,-44.4753036222831,-44.3874111461391,-44.3873766179524,-44.2350198164436,-44.2414199134252,-44.1862699490291,-44.1749768226991,-47.2698200076777,-47.2601985206789,-46.7979830317729,-46.7998006485692,-46.161617956697,-46.1625337896923,-45.0313546957993,-45.0314962407986,-43.1932988442231,-43.2141986027745,6542.481,6539.842,6537.143,6538.429,6535.012,6539.4,6536.017,6536.012,6536.542,6536.161,6535.635,6534.97,6535.934,6536.414,6537.351,6531.38,6536.198,6533.208,6534.516,6536.684,6537.891,6541.29,6533.517,6535.152,6534.621,-855,-881,-870,-882,-888,-921,-860,-936,-883,-890,-930,-923,-903,-921,-916,-919,-815,-820,-926,-910,-867,-882,-906,-852,-882,FALSE
231710,"2026-07-23T17:37:36Z","2026-07-23T17:37:36Z","2026-07-23T17:38:18Z",6645,-37.66372369,-47.262338667581,-47.2641779338737,-45.789113963924,-45.7948137844204,-43.3883652230791,-43.3883619138793,-43.5101496674856,-43.5061520747629,-43.8235014252674,-43.8227573161985,-44.0623551226135,-44.0634012523944,-44.1661568979461,-44.1694766443115,-44.307168262649,-44.3076410816519,-44.3567309807111,-44.3586295736571,-44.4430008735051,-44.4418448559558,-44.4900939554204,-44.488196394296,-44.5354843085777,-44.540939034649,-44.5820247824869,-44.5778339341548,-44.5910911021328,-44.5901695740303,-44.5779378012318,-44.5784947258251,-44.5422472602048,-44.5446089373865,-44.4765831950703,-44.4758757295975,-44.3876782842919,-44.3877283312331,-44.2358609078026,-44.2421775636933,-44.1863417452983,-44.1750094699713,-47.2631400463301,-47.2536131164297,-46.8130469173775,-46.8133401746153,-46.1709709990029,-46.1665828602743,-45.036647899154,-45.037004671018,-43.2211679640718,-43.2252035565184,6542.498,6539.867,6537.158,6538.416,6534.933,6539.426,6535.996,6536.008,6536.531,6536.189,6535.566,6535.012,6535.913,6536.458,6537.349,6531.406,6536.166,6533.196,6534.604,6536.652,6537.885,6541.316,6533.904,6535.135,6534.129,-836,-886,-875,-854,-886,-912,-833,-943,-891,-920,-921,-944,-906,-903,-887,-932,-821,-825,-886,-889,-887,-898,-892,-897,-872,FALSE
231710,"2026-07-24T17:37:29Z","2026-07-24T17:37:29Z","2026-07-24T17:38:18Z",6689,-37.55390569,-47.3299895220751,-47.3317452362703,-46.0588437343887,-46.0658432443422,-43.6348130492294,-43.634970057606,-43.3066769918317,-43.3025309426869,-43.4215884127054,-43.4205280920839,-43.6406019130317,-43.6415345155656,-43.8468498750783,-43.8498836249877,-44.0504666218371,-44.050644607748,-44.262250739249,-44.2640748632509,-44.3460208437882,-44.3448199314974,-44.4645242555188,-44.4625566935055,-44.5159343200563,-44.5214343979477,-44.5759518335518,-44.5719098996337,-44.5882079797495,-44.5872625572042,-44.5773793481619,-44.5778911053065,-44.5414674266941,-44.5439074227226,-44.4759138567488,-44.4752386097931,-44.3869420229915,-44.3869662835353,-44.2350328566991,-44.2415048229252,-44.1859044395717,-44.1746568786003,-47.241757439233,-47.2322955399453,-46.8148208377901,-46.8145835679689,-46.1771358121782,-46.172554252011,-45.0431412419272,-45.0435317023335,-43.235227182237,-43.2391823484081,6542.522,6539.893,6537.161,6538.42,6534.923,6539.418,6535.981,6535.996,6536.521,6536.179,6535.576,6535.012,6535.912,6536.461,6537.334,6531.405,6536.17,6533.177,6534.597,6536.646,6537.882,6541.308,6533.849,6535.139,6534.139,-850,-888,-873,-859,-889,-912,-845,-959,-894,-923,-921,-940,-907,-917,-900,-948,-835,-830,-892,-897,-886,-894,-902,-894,-884,FALSE
231710,"2026-07-25T17:37:27Z","2026-07-25T17:37:27Z","2026-07-25T17:38:18Z",6697,-37.5600677,-47.2533717154488,-47.2555371916941,-46.1060512205048,-46.112956061537,-43.6197734078182,-43.61965765518,-43.3004267499323,-43.2962084490935,-43.4567368993923,-43.455713788175,-43.7301574626647,-43.7313140262588,-43.9301602270538,-43.9334762462403,-44.1196071490012,-44.1200665377161,-44.2851594823744,-44.2870277545385,-44.3766881029211,-44.375594370418,-44.4717704891764,-44.4697903557687,-44.5207671155022,-44.5262753728634,-44.5777101875352,-44.5736878109076,-44.588467725317,-44.5876324297724,-44.5774962340531,-44.5779754826768,-44.5417143749132,-44.54408280204,-44.4760958134288,-44.4754661532448,-44.3870983977264,-44.3870835221881,-44.2351762993455,-44.2415766693428,-44.1859109665436,-44.1746960555097,-47.1971659078473,-47.1879740099082,-46.8059256485852,-46.8057532285455,-46.182320527862,-46.177748641125,-45.0511119178126,-45.0514059531005,-43.2489582141479,-43.2528002068959,6542.507,6539.891,6537.174,6538.419,6534.926,6539.42,6535.996,6536.005,6536.525,6536.181,6535.577,6535.017,6535.921,6536.467,6537.345,6531.401,6536.163,6533.186,6534.604,6536.651,6537.881,6541.318,6533.848,6535.144,6534.145,-848,-884,-869,-854,-893,-928,-842,-963,-892,-927,-919,-956,-922,-907,-900,-940,-830,-839,-894,-901,-879,-891,-897,-905,-884,FALSE
231710,"2026-07-26T17:37:42Z","2026-07-26T17:37:42Z","2026-07-26T17:38:18Z",6697,-37.549696,-47.1120446599049,-47.1141069312496,-46.0682656771162,-46.0751572091195,-43.5214325456602,-43.5214030958536,-43.3258868051822,-43.3215805504045,-43.5853350489778,-43.5842179439126,-43.8935979242696,-43.8945929236452,-44.0547287421184,-44.057963278755,-44.2119084639278,-44.2123570950694,-44.3219447847279,-44.3236790405576,-44.4149446518176,-44.4137747134808,-44.4804909748243,-44.4784476499799,-44.5280676439256,-44.5335621659716,-44.579442545228,-44.5753748387093,-44.5896300750569,-44.5887160804486,-44.5776910434424,-44.5781572182107,-44.5419093334177,-44.544284162943,-44.4762972649175,-44.4756156813968,-44.3873915994047,-44.38729194597,-44.2354827439842,-44.2419163059298,-44.1861133023599,-44.1748201155737,-47.1169254807652,-47.1079309788911,-46.7803212507492,-46.7801791018212,-46.1838599780697,-46.1793018039693,-45.0599206210985,-45.0603046056208,-43.2631503865376,-43.2671172928632,6542.505,6539.896,6537.161,6538.418,6534.928,6539.431,6535.998,6535.998,6536.532,6536.191,6535.575,6535.016,6535.92,6536.473,6537.347,6531.399,6536.159,6533.182,6534.596,6536.655,6537.878,6541.311,6533.859,6535.147,6534.142,-855,-897,-872,-865,-889,-917,-843,-962,-907,-931,-933,-950,-918,-914,-899,-941,-828,-833,-901,-907,-881,-897,-905,-895,-878,FALSE
231710,"2026-07-27T17:37:31Z","2026-07-27T17:37:31Z","2026-07-27T17:38:18Z",6697,-37.56775496,-46.9878700559842,-46.9899621329031,-46.0865590979837,-46.093584900044,-43.5939708045333,-43.5942123323468,-43.3438282989996,-43.3395933537512,-43.5500992226487,-43.5489448101071,-43.8281339387114,-43.8290295410225,-44.0064215131125,-44.0096314221743,-44.1843599407348,-44.1846987952239,-44.3103802284651,-44.3121901181392,-44.3988470641139,-44.3976132933904,-44.4774109863889,-44.475403734699,-44.5259503089365,-44.5314793749059,-44.5787353331645,-44.5747454522694,-44.589201501396,-44.5883137689482,-44.5776131197511,-44.57810529382,-44.5418378486958,-44.5442516854167,-44.4762777696374,-44.4755961777428,-44.3872938656496,-44.3872398400833,-44.235391462747,-44.2417922081419,-44.1860153980081,-44.1748462334531,-47.0103015925019,-47.0016357228585,-46.7345948167255,-46.7346828224122,-46.1793051608811,-46.1747377163207,-45.0689283004224,-45.0694085154,-43.277345947005,-43.2813251346292,6542.493,6539.899,6537.163,6538.415,6534.924,6539.42,6535.988,6535.994,6536.525,6536.179,6535.586,6535.01,6535.922,6536.465,6537.347,6531.403,6536.165,6533.184,6534.603,6536.66,6537.86,6541.308,6533.844,6535.15,6534.136,-851,-902,-876,-865,-897,-917,-848,-956,-907,-925,-926,-949,-914,-917,-912,-952,-834,-827,-899,-900,-883,-896,-905,-900,-885,FALSE
231710,"2026-07-28T17:37:29Z","2026-07-28T17:37:29Z","2026-07-28T17:38:18Z",6697,-37.56757193,-46.8961109256359,-46.898058274225,-46.0854198518603,-46.0921919904239,-43.5981062344439,-43.5983419537712,-43.3180052099424,-43.3137656862656,-43.5340651591555,-43.5329381066487,-43.828396607172,-43.8293117445414,-44.0089459317703,-44.0120779489008,-44.1783773180245,-44.1787121959787,-44.3109796786463,-44.3126400609709,-44.4014489460618,-44.4002561352087,-44.4772225439009,-44.4752476329119,-44.5259503089365,-44.5314404436468,-44.5785341981677,-44.5744340012398,-44.5890716300775,-44.5882099462567,-44.577548183276,-44.5780793316104,-44.5417663639009,-44.5441607482639,-44.4761867915921,-44.4755571704187,-44.3871896161591,-44.3871160884454,-44.2353132215889,-44.2417726137338,-44.1859827631926,-44.1748005271576,-46.9056317340701,-46.897152468169,-46.675311001662,-46.6754426754154,-46.1673635182653,-46.1628903193499,-45.0781413360793,-45.0785564503077,-43.2912996574522,-43.2952450302896,6542.493,6539.902,6537.163,6538.421,6534.923,6539.423,6535.994,6536.007,6536.533,6536.186,6535.574,6535.023,6535.919,6536.463,6537.345,6531.403,6536.162,6533.193,6534.605,6536.652,6537.859,6541.297,6533.852,6535.146,6534.147,-839,-886,-869,-863,-891,-922,-847,-957,-908,-932,-932,-942,-912,-916,-901,-948,-835,-838,-910,-914,-889,-889,-901,-897,-880,FALSE
231710,"2026-07-29T17:37:24Z","2026-07-29T17:37:24Z","2026-07-29T17:38:18Z",6689,-37.58227534,-46.8665460480055,-46.8681633329733,-46.0385257114521,-46.0453030899092,-43.5716098723654,-43.5718537659905,-43.3484814111003,-43.3441800114982,-43.6008890350793,-43.5997314795362,-43.9023421086783,-43.9032336394925,-44.0629758905949,-44.0661078156861,-44.2229795748045,-44.2232396095618,-44.3264658344122,-44.3281906240193,-44.4172793068363,-44.4160850398627,-44.4818619811682,-44.4798785046056,-44.5290093828684,-44.5345094587154,-44.5796177251059,-44.5755500277539,-44.5896041009695,-44.5887225693251,-44.5776326006819,-44.5782351047257,-44.541896336201,-44.544238694402,-44.4762842680647,-44.4755896765236,-44.3873459903361,-44.3872854327363,-44.2354827439842,-44.2418379284058,-44.1861067754076,-44.1748462334531,-46.828828303283,-46.8204137340566,-46.6151224548303,-46.6153488258728,-46.148375604992,-46.1439858229275,-45.0870371611786,-45.0874518984604,-43.3055550658051,-43.3094729757382,6542.49,6539.883,6537.158,6538.414,6534.923,6539.423,6535.986,6536.002,6536.525,6536.179,6535.58,6535.012,6535.926,6536.464,6537.344,6531.406,6536.168,6533.176,6534.604,6536.653,6537.857,6541.293,6533.855,6535.153,6534.145,-855,-893,-877,-860,-891,-919,-836,-962,-897,-935,-930,-949,-913,-915,-900,-947,-830,-828,-904,-907,-887,-890,-899,-896,-875,FALSE
231710,"2026-07-30T17:37:18Z","2026-07-30T17:37:18Z","2026-07-30T17:38:18Z",6689,-37.59398926,-46.8818878715752,-46.8836702533864,-46.0094505721771,-46.0165397407,-43.5497354195769,-43.5495005958298,-43.400065669391,-43.3966120858801,-43.6716541292824,-43.6715112730202,-43.9613892942302,-43.9632221000587,-44.0976003312513,-44.1013023734646,-44.2585959742788,-44.2594477269963,-44.3355526365686,-44.3374214980796,-44.4274299222901,-44.4263927146094,-44.4845844217089,-44.4826035514303,-44.530672008424,-44.5361315058235,-44.5806493311484,-44.5766141296744,-44.5900976070011,-44.5892286998742,-44.577704030716,-44.5783519343379,-44.5420133110646,-44.5443750999373,-44.4764337317266,-44.4757001971678,-44.3874241772924,-44.3873831311776,-44.2356783462221,-44.2419881519144,-44.1862046796276,-44.1749441754111,-46.791891814781,-46.7834794592117,-46.5662380376154,-46.5664620756614,-46.1251567500575,-46.1207903958883,-45.094925757713,-45.0953666773325,-43.3196813396634,-43.3236315123104,6542.498,6539.878,6537.153,6538.426,6534.929,6539.437,6535.997,6536.006,6536.52,6536.179,6535.564,6535.015,6535.92,6536.463,6537.341,6531.41,6536.166,6533.18,6534.607,6536.659,6537.863,6541.295,6533.862,6535.14,6534.141,-849,-893,-873,-864,-894,-923,-854,-950,-904,-928,-935,-944,-919,-916,-907,-952,-827,-841,-897,-911,-883,-885,-902,-910,-885,FALSE
231710,"2026-07-31T17:37:24Z","2026-07-31T17:37:24Z","2026-07-31T17:38:18Z",6689,-37.58904745,-46.934631889361,-46.9361909119921,-45.9896304411498,-45.9963377748593,-43.5666492396137,-43.5666813338301,-43.3778462620437,-43.3740710320534,-43.6377086541351,-43.637272374066,-43.9350520527469,-43.9367237829443,-44.081368245354,-44.0849423825661,-44.241390447651,-44.2420937333074,-44.3314686093953,-44.3333798833999,-44.4237756104194,-44.4227162257992,-44.4839931607564,-44.482089767895,-44.5300095607643,-44.5354956677966,-44.5805065941016,-44.5764519200489,-44.5900391656769,-44.5891183896764,-44.5777300052558,-44.578267557415,-44.5419613222605,-44.5442906584464,-44.476420734899,-44.4756286838297,-44.387476301881,-44.3874156972939,-44.235534904636,-44.2419750890137,-44.1861785718494,-44.1749245870308,-46.7927830102865,-46.7841930295147,-46.5354891215466,-46.5356247601376,-46.1016195442249,-46.0972254457465,-45.1015107775382,-45.101998211511,-43.3339103955414,-43.3378133282786,6542.497,6539.881,6537.162,6538.419,6534.927,6539.434,6535.992,6536.014,6536.534,6536.187,6535.577,6535.015,6535.917,6536.457,6537.337,6531.403,6536.166,6533.182,6534.597,6536.65,6537.859,6541.295,6533.847,6535.138,6534.137,-849,-900,-875,-867,-899,-922,-859,-961,-904,-933,-926,-959,-910,-924,-900,-948,-830,-839,-908,-906,-884,-893,-898,-911,-887,FALSE
231710,"2026-08-01T17:37:15Z","2026-08-01T17:37:15Z","2026-08-01T17:38:18Z",6697,-37.58215332,-47.0155647984163,-47.0172491932599,-46.0098009344774,-46.0168262133074,-43.6738208889779,-43.6738798930676,-43.320127783715,-43.3159079284214,-43.5045754483766,-43.5035293741436,-43.8075177567466,-43.8084385358014,-43.9992270539184,-44.0023371036814,-44.1722112675087,-44.1725289747609,-44.3083537874843,-44.3101751206374,-44.4015920467529,-44.4003602845463,-44.4773655003173,-44.475403734699,-44.525573598484,-44.5310705956144,-44.5786964038549,-44.5747259866202,-44.5891560464617,-44.5882294130229,-44.5775546769262,-44.5780858221637,-44.5417013776603,-44.5441477572326,-44.4761672962813,-44.4754726544753,-44.3872287097364,-44.3871421414401,-44.2353458220824,-44.2417399563743,-44.1860871945466,-44.1747809387358,-46.8254922884481,-46.816714653269,-46.5249458652966,-46.5250457663825,-46.0818781386058,-46.0775096787239,-45.1069924783586,-45.10750793629,-43.3474541369855,-43.351350242115,6542.499,6539.883,6537.165,6538.415,6534.924,6539.422,6535.988,6536.008,6536.527,6536.177,6535.579,6535.016,6535.916,6536.459,6537.347,6531.398,6536.16,6533.186,6534.607,6536.653,6537.861,6541.277,6533.857,6535.148,6534.141,-854,-898,-865,-864,-887,-917,-848,-961,-896,-929,-930,-949,-916,-923,-903,-953,-833,-839,-905,-900,-886,-894,-900,-902,-885,FALSE
231710,"2026-08-02T17:37:22Z","2026-08-02T17:37:22Z","2026-08-02T17:38:18Z",6689,-37.5917929,-47.0667693297727,-47.0685516661098,-45.9849980649154,-45.9920267981344,-43.6484608908906,-43.6483966929956,-43.3456063042671,-43.3413646098631,-43.5569029357206,-43.5558666384088,-43.8540280062806,-43.8550790382326,-44.0281898761339,-44.0315357868106,-44.1943058621482,-44.19479508438,-44.314752185283,-44.3165459627037,-44.4072247771454,-44.4060752395977,-44.4784896474686,-44.4764899333292,-44.5266582593258,-44.5321347145453,-44.5789494439847,-44.5748622460522,-44.5892144885148,-44.5883202578615,-44.5775157150162,-44.5780728410564,-44.5417923583802,-44.5441347661988,-44.4761737947188,-44.4755376667486,-44.3873264435833,-44.3871877341575,-44.2354110230224,-44.2418052710776,-44.1860545597657,-44.1747874682105,-46.8798459061709,-46.870797558245,-46.5330513004755,-46.5331558051341,-46.0680054504907,-46.0636153870639,-45.1111776485656,-45.1117414523712,-43.360816189211,-43.3647718078273,6542.5,6539.871,6537.164,6538.419,6534.927,6539.427,6535.989,6536.006,6536.534,6536.184,6535.578,6535.017,6535.915,6536.457,6537.345,6531.391,6536.165,6533.181,6534.604,6536.651,6537.858,6541.292,6533.86,6535.143,6534.153,-850,-887,-872,-874,-896,-927,-851,-968,-905,-931,-924,-953,-918,-921,-910,-948,-829,-838,-899,-901,-879,-888,-900,-910,-885,FALSE
231710,"2026-08-03T17:37:15Z","2026-08-03T17:37:15Z","2026-08-03T17:38:18Z",6689,-37.59045068,-47.1074884814615,-47.1095126999928,-45.9641715269623,-45.9713603193536,-43.6500400123304,-43.6499497905313,-43.3566103140561,-43.3524074011312,-43.5718909534459,-43.570906368479,-43.8658883456111,-43.867043915211,-44.0364794904516,-44.0398077513081,-44.1999606078251,-44.200342503907,-44.3171954080871,-44.3189650326727,-44.4105287538568,-44.4093751187454,-44.4795228073346,-44.4775500989749,-44.5272622847563,-44.5328160017806,-44.5792673649165,-44.5751931607238,-44.5894482562449,-44.5885214138774,-44.5775351959739,-44.5780988032685,-44.5417988569986,-44.544225703385,-44.4762842680647,-44.4755961777428,-44.3873068968249,-44.3872007606426,-44.2354110230224,-44.2417856766732,-44.1860741406361,-44.1748397039842,-46.9335880204618,-46.9245277906671,-46.5540017599728,-46.5539815595632,-46.0611829199725,-46.0568649928891,-45.1145114307612,-45.1150340235174,-43.374433545929,-43.3783492249018,6542.492,6539.882,6537.162,6538.417,6534.915,6539.431,6535.999,6536.003,6536.529,6536.177,6535.579,6535.012,6535.915,6536.466,6537.346,6531.405,6536.158,6533.181,6534.602,6536.652,6537.866,6541.301,6533.849,6535.141,6534.14,-853,-896,-877,-865,-896,-917,-851,-970,-904,-933,-928,-944,-920,-918,-903,-952,-830,-835,-910,-909,-889,-892,-907,-901,-886,FALSE
231710,"2026-08-04T17:37:14Z","2026-08-04T17:37:14Z","2026-08-04T17:38:18Z",6689,-37.64694594,-47.1100623704361,-47.1120427002847,-45.9240971453155,-45.9304644665185,-43.5844280140858,-43.5844898805335,-43.4573220218213,-43.4528735968376,-43.7400304156507,-43.7387989742183,-44.0083483752717,-44.0091842701961,-44.1338586560673,-44.1370140753781,-44.2824690477477,-44.2827426905542,-44.3472562343222,-44.3490430794179,-44.4345689345204,-44.433328710882,-44.4875146636996,-44.4855170880627,-44.5334256455586,-44.5389278275748,-44.5809607564334,-44.5768931293611,-44.5903183849017,-44.589397409258,-44.5777624734174,-44.5783129911552,-44.5419873166674,-44.544433559372,-44.4764337317266,-44.4757066983767,-44.3874958485917,-44.3875133955515,-44.2356196656098,-44.2420991864692,-44.1862438412761,-44.1749507048699,-46.9674352722406,-46.9582867355966,-46.5767258709826,-46.5767135587286,-46.060743354252,-46.0563614006898,-45.1173034400852,-45.1177659113248,-43.3878692657616,-43.3918179430682,6542.498,6539.866,6537.158,6538.426,6534.928,6539.43,6535.996,6536.005,6536.539,6536.181,6535.572,6535.025,6535.917,6536.464,6537.336,6531.4,6536.168,6533.182,6534.593,6536.647,6537.871,6541.296,6533.855,6535.15,6534.146,-856,-892,-869,-866,-886,-919,-847,-952,-908,-919,-922,-952,-917,-929,-909,-946,-829,-839,-900,-911,-889,-889,-909,-895,-883,FALSE
231710,"2026-08-05T17:37:08Z","2026-08-05T17:37:08Z","2026-08-05T17:38:18Z",6671,-37.68153861,-47.1664383622886,-47.1682021801576,-45.963840096078,-45.9706150843603,-43.6554482123782,-43.655622228379,-43.4111262302308,-43.4069453966501,-43.6173670296925,-43.6163005829697,-43.8892221185078,-43.890219687781,-44.0518923269125,-44.0551261868361,-44.2143173673014,-44.2145716251394,-44.3244919832745,-44.3262869283257,-44.4146129814042,-44.4134883578126,-44.4820504112321,-44.4800541074774,-44.5292237079006,-44.5347560122769,-44.5801432621383,-44.5760626154315,-44.590156048277,-44.589235188704,-44.5776975370795,-44.5782091425636,-44.5418898375918,-44.544225703385,-44.4762842680647,-44.4756091801794,-44.3873915994047,-44.3872463533213,-44.2355088243151,-44.2419816204643,-44.1860610867232,-44.1748266450445,-46.982689169565,-46.9735011373778,-46.5943442356386,-46.5942776327294,-46.0649095807015,-46.0605111654262,-45.1204177299144,-45.1209615796558,-43.4019902208125,-43.4059513925671,6542.509,6539.885,6537.158,6538.424,6534.931,6539.43,6535.998,6536.008,6536.527,6536.173,6535.569,6535.018,6535.921,6536.465,6537.348,6531.41,6536.167,6533.188,6534.6,6536.656,6537.868,6541.296,6533.855,6535.144,6534.143,-856,-901,-873,-872,-900,-918,-849,-959,-898,-930,-925,-947,-914,-917,-908,-946,-828,-839,-905,-908,-890,-883,-915,-916,-881,FALSE
231710,"2026-08-06T17:37:06Z","2026-08-06T17:37:06Z","2026-08-06T17:38:18Z",6689,-37.6436514,-47.2601834038212,-47.2618528611016,-46.024457519559,-46.0315050370212,-43.7665328263628,-43.7667205086192,-43.3646324481248,-43.3603496136688,-43.5147913014496,-43.5138434067326,-43.7973156394966,-43.7985444141015,-43.9887086761753,-43.9920452057235,-44.167952184388,-44.1684043351927,-44.3044506024083,-44.3063210288237,-44.3985023074723,-44.3972682844347,-44.4763583011964,-44.4744476057898,-44.5248396568049,-44.5303698256071,-44.5786250333983,-44.574602704051,-44.5889807200128,-44.5880347451215,-44.5774637657694,-44.5780144260447,-44.5417078762871,-44.5441347661988,-44.4761802931557,-44.4754531507817,-44.3872287097364,-44.3871747076699,-44.2353327818869,-44.2416811730879,-44.1861002484545,-44.1747874682105,-46.9895393958117,-46.9804457620092,-46.6059803662121,-46.6059429782995,-46.0708718952657,-46.0664262980076,-45.123880049723,-45.1244148117732,-43.4145204099408,-43.4183568773156,6542.508,6539.881,6537.168,6538.415,6534.928,6539.423,6535.987,6536.002,6536.531,6536.173,6535.574,6535.019,6535.922,6536.456,6537.344,6531.405,6536.166,6533.185,6534.597,6536.652,6537.87,6541.294,6533.851,6535.15,6534.151,-851,-893,-866,-863,-888,-927,-843,-956,-910,-930,-921,-953,-914,-925,-900,-952,-827,-835,-905,-911,-884,-891,-905,-903,-898,FALSE
231710,"2026-08-07T17:37:04Z","2026-08-07T17:37:04Z","2026-08-07T17:38:18Z",6697,-37.63980777,-47.3347491516903,-47.3366558823014,-46.0306608034983,-46.0372014626769,-43.7075794200877,-43.7075394775297,-43.3764193032625,-43.3722808764539,-43.5851441387921,-43.5844154243284,-43.8835994064192,-43.8849084723146,-44.0506897554797,-44.0541521346866,-44.2164585430927,-44.2169951138896,-44.322589736502,-44.3244548974929,-44.4163558593039,-44.4152520296367,-44.4815241053075,-44.4795403052415,-44.5283404247789,-44.5338281878199,-44.5797280233251,-44.575679797137,-44.5895261786501,-44.5886317249997,-44.5775676642248,-44.5780728410564,-44.5418118542335,-44.5442062168549,-44.4762712712095,-44.4755636716409,-44.3873915994047,-44.3872854327363,-44.2354697038149,-44.2418313969414,-44.1860871945466,-44.1748788807881,-47.004455577004,-46.9952659957983,-46.6155399955804,-46.6154247265869,-46.0774133945568,-46.0729464852113,-45.1283415004861,-45.1288986248751,-43.4274317030894,-43.4313942299197,6542.522,6539.885,6537.169,6538.426,6534.93,6539.435,6535.994,6536.01,6536.523,6536.181,6535.576,6535.016,6535.914,6536.459,6537.345,6531.397,6536.164,6533.19,6534.598,6536.657,6537.864,6541.299,6533.855,6535.15,6534.147,-855,-902,-873,-860,-900,-926,-848,-958,-909,-937,-938,-957,-922,-925,-907,-949,-830,-842,-907,-895,-890,-893,-912,-898,-883,FALSE
231710,"2026-08-08T17:37:03Z","2026-08-08T17:37:03Z","2026-08-08T17:38:18Z",6697,-37.65835481,-47.5674604294579,-47.5688052761405,-46.0892257655537,-46.0961416883765,-43.822624766354,-43.822704240835,-43.394491735535,-43.390272607098,-43.505340046203,-43.5043532397491,-43.7425136505449,-43.7437878246378,-43.937794195776,-43.9411906193953,-44.1276278421613,-44.1280859932584,-44.2895004576388,-44.2913199661922,-44.3799675012173,-44.378824077305,-44.4718809640876,-44.4698554032945,-44.5220597020224,-44.5275796538006,-44.5776647693473,-44.5735839924988,-44.5886235721999,-44.587768698129,-44.5773144114722,-44.5778781241638,-44.5416168954572,-44.5439983602006,-44.4760568227513,-44.4753816371917,-44.3871179445436,-44.3870965486929,-44.2352675808717,-44.2416485156848,-44.1859697092621,-44.174728702917,-47.0442734514711,-47.0350084511086,-46.6304247148208,-46.630300060669,-46.0839352807803,-46.0794597950229,-45.1333184136647,-45.1339103897905,-43.4401155321561,-43.4440127355543,6542.531,6539.892,6537.166,6538.425,6534.93,6539.423,6535.99,6535.998,6536.525,6536.185,6535.577,6535.013,6535.916,6536.464,6537.341,6531.408,6536.166,6533.19,6534.6,6536.651,6537.878,6541.301,6533.854,6535.149,6534.145,-860,-893,-870,-867,-900,-923,-854,-958,-896,-938,-930,-947,-922,-924,-903,-944,-820,-834,-901,-906,-882,-890,-910,-905,-884,FALSE
231710,"2026-08-09T17:37:01Z","2026-08-09T17:37:01Z","2026-08-09T17:38:18Z",6697,-37.64749503,-47.7012065765187,-47.7029357443939,-46.0805317407207,-46.087173510073,-43.7800218408287,-43.7796799448495,-43.3817107803107,-43.3777766911743,-43.5422276180581,-43.541725819832,-43.818598363035,-43.8201821737402,-44.0012023366813,-44.004692306584,-44.1781356507668,-44.1788690568425,-44.3078976671221,-44.3096860346653,-44.4007854753853,-44.3996768016613,-44.4764947612767,-44.4745061446698,-44.5254307077844,-44.5309667782745,-44.5786185451714,-44.5744923984123,-44.5890911107905,-44.5881450569976,-44.5774572721108,-44.5779754826768,-44.5417273721638,-44.5440957930833,-44.4761932900278,-44.4754401483162,-44.3872743188821,-44.3872007606426,-44.235365382371,-44.2417464878475,-44.186041505849,-44.1747613503085,-47.114430902588,-47.1048786869099,-46.6584163892502,-46.6582354370777,-46.0924308113863,-46.087973500186,-45.139016961919,-45.1395981490207,-43.4527703688516,-43.456668363629,6542.535,6539.894,6537.161,6538.42,6534.925,6539.415,6535.98,6536.007,6536.531,6536.182,6535.58,6535.012,6535.913,6536.465,6537.349,6531.401,6536.167,6533.188,6534.598,6536.657,6537.87,6541.299,6533.853,6535.142,6534.151,-861,-893,-871,-857,-897,-924,-848,-960,-905,-934,-923,-949,-925,-925,-911,-952,-832,-838,-901,-898,-884,-893,-906,-906,-889,FALSE
231710,"2026-08-10T17:37:07Z","2026-08-10T17:37:07Z","2026-08-10T17:38:18Z",6697,-37.66488288,-47.8189887243511,-47.8203313267733,-46.0776292923166,-46.0840694091344,-43.7354463154306,-43.7353655212939,-43.4032882888327,-43.3990486541589,-43.6070556148148,-43.6060819360752,-43.8961957170462,-43.8973006442629,-44.0598522871342,-44.0631534102071,-44.224565677204,-44.2248920843493,-44.3248177051861,-44.3265542312399,-44.4168696097896,-44.4157726621993,-44.4812447067359,-44.4792671430243,-44.5286002150839,-44.5341590916472,-44.5794620096803,-44.5753553732332,-44.589318385379,-44.5884695027019,-44.5775092213624,-44.5780533693912,-44.54184434731,-44.544225703385,-44.4762192837646,-44.4755571704187,-44.3873720526647,-44.3872854327363,-44.2354631837294,-44.2418705857184,-44.1861198293117,-44.1748788807881,-47.2200997200155,-47.2101498287051,-46.7039211139393,-46.7035982802145,-46.1051852427194,-46.1007042210673,-45.1452242789272,-45.1458007352446,-43.4651715014496,-43.4690969634692,6542.546,6539.894,6537.168,6538.42,6534.928,6539.434,6535.988,6535.999,6536.522,6536.182,6535.573,6535.017,6535.914,6536.463,6537.353,6531.409,6536.161,6533.18,6534.596,6536.652,6537.885,6541.298,6533.857,6535.152,6534.136,-858,-883,-869,-867,-892,-926,-849,-958,-906,-928,-925,-945,-917,-919,-906,-956,-827,-840,-900,-907,-891,-896,-909,-903,-889,FALSE
231710,"2026-08-11T17:36:57Z","2026-08-11T17:36:57Z","2026-08-11T17:38:18Z",6689,-37.69416768,-47.9143590957484,-47.916244953975,-46.0568891873339,-46.0638072685221,-43.6715254103273,-43.6713668909992,-43.4895712102541,-43.485581922317,-43.7474708612774,-43.7466132817549,-44.0106404544297,-44.011808789102,-44.1364827658264,-44.1397955086853,-44.289642387474,-44.2901100575465,-44.3491968725657,-44.3510764919469,-44.4374490401986,-44.43624995067,-44.4886256548371,-44.4866746649728,-44.5340426013641,-44.5394663176615,-44.5814733075652,-44.5774057073158,-44.5905326686762,-44.5895920734351,-44.5777364988893,-44.5783000100896,-44.5419613222605,-44.5443686044416,-44.4763947412367,-44.4757262019999,-44.3875023641606,-44.3874873426963,-44.2356913863512,-44.2421187807836,-44.1862568951539,-44.1750159994239,-47.3619425434319,-47.3516582214377,-46.7707406981614,-46.7703225980071,-46.1245265447595,-46.1199304764817,-45.152191592782,-45.1527627449745,-43.478323564813,-43.4822559565124,6542.55,6539.88,6537.162,6538.43,6534.93,6539.435,6535.995,6536.012,6536.528,6536.188,6535.566,6535.016,6535.914,6536.464,6537.342,6531.402,6536.166,6533.188,6534.607,6536.657,6537.884,6541.306,6533.852,6535.151,6534.151,-851,-898,-877,-866,-888,-916,-850,-960,-901,-932,-922,-957,-929,-921,-910,-945,-837,-840,-900,-908,-895,-893,-908,-901,-889,FALSE
231710,"2026-08-12T17:36:56Z","2026-08-12T17:36:56Z","2026-08-12T17:38:18Z",6697,-37.6814776,-48.1256788780846,-48.1272902201674,-46.1570674099409,-46.1643389021089,-43.7739803655714,-43.7742613340304,-43.4122156735812,-43.4078564959226,-43.5904104189773,-43.5892995807783,-43.8711910063849,-43.8721139012723,-44.0421600335846,-44.0453915705081,-44.2120781997525,-44.2124028235571,-44.3216516228309,-44.3233400078904,-44.4129676127326,-44.4118222650361,-44.4811797301648,-44.4791565770622,-44.5281585709942,-44.533646514471,-44.5795528437203,-44.5754721660098,-44.5894157885507,-44.588508436087,-44.5774767530847,-44.5780274071626,-44.5417728625216,-44.5440892975619,-44.4761997884628,-44.4754986593919,-44.3873134124116,-44.3872203003657,-44.2354305832922,-44.2417726137338,-44.1860937215009,-44.1748462334531,-47.5259984725974,-47.5153039209079,-46.859927844349,-46.8593349067013,-46.1530657070925,-46.148532454369,-45.1598284731567,-45.160471091415,-43.4907593358475,-43.4946333637265,6542.557,6539.895,6537.166,6538.427,6534.929,6539.432,6535.981,6536.003,6536.532,6536.185,6535.569,6535.007,6535.916,6536.457,6537.341,6531.405,6536.161,6533.181,6534.599,6536.65,6537.9,6541.311,6533.853,6535.15,6534.15,-860,-900,-871,-871,-898,-928,-850,-963,-899,-930,-935,-948,-910,-926,-903,-949,-835,-835,-897,-906,-894,-895,-911,-904,-883,FALSE
231710,"2026-08-13T17:37:00Z","2026-08-13T17:37:00Z","2026-08-13T17:38:18Z",6689,-37.68995799,-48.2080520263587,-48.2093193596633,-46.1609782512206,-46.1678594958251,-43.7859248767148,-43.7861422836752,-43.4531651812146,-43.4489150075672,-43.6334066583153,-43.6322931755788,-43.8871226786685,-43.8881477088543,-44.044402049583,-44.0476341217994,-44.2232471913821,-44.2235465940731,-44.3185244848183,-44.3203212395386,-44.4087467071048,-44.4076112975468,-44.4796982480692,-44.477712699648,-44.5269830048258,-44.5324461609543,-44.5791895068612,-44.5750763674869,-44.5889547456872,-44.5879893225346,-44.577444284792,-44.5779560109849,-44.5416623858869,-44.5441282706811,-44.4761348040846,-44.4754531507817,-44.3872482565168,-44.3871681944251,-44.2353784225602,-44.24175301932,-44.1860806675916,-44.1747874682105,-47.6838494065195,-47.6728160142336,-46.9626784751447,-46.9619593988738,-46.1917794396074,-46.1870862891938,-45.1683666862838,-45.1689577419479,-43.5024726325016,-43.5063880285926,6542.572,6539.899,6537.168,6538.427,6534.922,6539.43,6535.996,6536.01,6536.521,6536.178,6535.575,6535.009,6535.915,6536.457,6537.351,6531.401,6536.166,6533.184,6534.593,6536.649,6537.909,6541.319,6533.851,6535.148,6534.148,-854,-894,-866,-866,-892,-921,-853,-958,-908,-941,-930,-950,-920,-928,-904,-954,-834,-842,-897,-904,-887,-891,-904,-901,-877,FALSE
