Date Time (UTC),Device,Direction,Payload,Approx Lat/Lng,Payload (Text),Length (Bytes),Credits
02/Mar/2026 21:06:46,RockBLOCK 231709 - Head-03,MO,359db2fcdb0a466c34e6df34f54efd0e0a45fe35032034fb68fca00a469e35d08d35e5f5fcc10a457536f6e136dee2fcfc0a45e219ec,"-75.07176666666666,0.0",,54,2
02/Mar/2026 21:06:37,RockBLOCK 231709 - Head-03,MO,69a5fb1236e6b431b3b6318bb0fcbe0a356647bdda47972cfceb0a522d479a9d47a7cffcb90a551147b647478d7afcc50a519047f8f6480f44fcc70a51c7480e2748043dfce30a54c148690a4879c9fca60a5a6448c4e0489fcffc9a0a5dd048bc5c48dca1fcba0a643f48bfa148eb1afce10a5a7148d88148fc98fcd80a6bc648d5bb491c9cfcbb0a702a409d6e40ba78fd140a465e3d76263d79eefcb40a45ac36a62a369aa2fc850a45ef359477359efcfd010a45fe37003036f589fcc10a46433bc2843bac97fca40a4621405913405f1dfcbd0a3fe343ce7b43ce2cfcbf0a468145ceaf45e0b3fcd80a49be46f55246f194fcf10a468d4777244776eafcd30a4bf047a6d447cbcefcc30a49dd47aa7647c802fcc70a4a1641c7e441f084fcb40a45a33f37483f3edafcdc0a44d13d31f13cfcc1fcd30a457a3b05b83aec70fcc70a45c93780d837904afcfd0a45d23594e8,"-75.07176666666666,0.0",,340,7
02/Mar/2026 17:40:42,RockBLOCK 231710 - Head-04,MO,69a5cb0a36a52835627235540663d24afcad38f48238ee6b63c79dfc8944f52644e16663bfb5fc9847891e47850663c4dbfc9547a57d47b0f063b71dfc7c479f9247aa7163c8b2fc6c47fc8547f54b63bb43fcb148301848293d63bb57fc3e4874b948604d63bd62fc7848b75948951463bbf3fc5d48de5748c05163b9a8fc5d48dc1348fc7763b76dfc4e490bea490b5e63baebfc6848fd95491e5c63bd17fc6348f59d4907a563c08dfc7a48c85248fff063a956fc4c48cc6748c02663bbedfcbf487d5e4878e763b03cfcbb4827e148165663b5c9fc7148108b480f0663bde5fc7134d94634c7d963bfe9fc8f35fa503601c163cd14fc86382a11381be363b303fc793d07373d2a2663b6e1fc7d45e12f460b6f63b404fc8b1a29,"-75.02788333333334,0.0",,284,6
02/Mar/2026 09:06:44,RockBLOCK 231709 - Head-03,MO,352b5cfcda0a500e34981a34a66cfd0b0a4fa734ccb734c507fca90a503b35b04435c595fccc0a4f1636e2bb36cac6fcfb0a4f7e19f5,"-75.02785,0.13871666666666668",,54,2
02/Mar/2026 09:06:32,RockBLOCK 231709 - Head-03,MO,69a5525236e64e44b1924492befcba0a22b847c05247998efcef0a5b98479aac47a7d8fcaf0a5d4947b677478daafcc90a5b0947f975480fbbfccc0a5b40480ec84804d1fce60a5e324869474879f7fc9e0a63d748c4b2489f97fca20a674748bc3e48dc8ffcaa0a6cc348bf9a48eb09fcdc0a640348d87448fc7efcda0a753d48d5b4491c91fcbf0a79ab48335c4820c9fd1f0a4f403c788b3c7b96fcbc0a4f4136203c36154afc860a4f9235540d355ee1fd0a0a4fa736e72b36dca7fcc50a4fe53bc3933badb3fcb10a4fc3406147406752fcba0a496b43d74143d6effcbb0a502845d59b45e7a2fcdc0a535c46f9f246f62afcf50a503c4779bf477987fcd60a557a47a81947cd04fcc50a537d47aad747c85cfcc40a53a4426b8942955ffcbe0a4ef13e29563e3125fce40a4e723c069d3bd1d4fcd90a4f273a19a339ffecfcc30a4f7136da2436ea09fd050a4f723522b5,"-75.02785,0.13871666666666668",,340,7
01/Mar/2026 21:06:59,RockBLOCK 231709 - Head-03,MO,34cdddfcda0a53c73455813463b9fd100a535d34a0743498e8fca60a53f035955e35aac5fcc40a52cc36d27036ba87fcfb0a533719f5,"-75.02788333333334,0.0",,54,2
01/Mar/2026 21:06:47,RockBLOCK 231709 - Head-03,MO,69a4a99236e6844eab0b4e75e7fcaf0a4da947acee478694fce00a5f394795b747a2f9fcaa0a608047ade6478528fcbc0a5eae47ed684803c7fcc10a5ee648014247f766fcdd0a61d04861134871dbfc950a677948c198489c90fc990a6ade48b9a548da04fcac0a6ffa48bdf848e97afcde0a67b548d77348fb8ffccf0a78ce48d4e0491bbbfcb70a7d3e424f77424f1cfd0b0a53213bd90b3bdcc7fcb60a5312359f9f359538fc790a5354351b1e352642fcff0a536136d25d36c7f8fcb80a539e3bc5c53bafe1fc9f0a537c4069db406febfcb60a4d2243e03943dfe7fcaf0a53e045dc9e45eea4fcd00a570746fe9246fad0fcef0a53f5477c56477c24fccf0a591347a94947ce48fcc00a572947ab3347c8bafcb90a574640a84840d146fcbc0a52db3d84173d8bd8fcdf0a52383b87cf3b53a0fcd10a52e039771f395e68fcbf0a5329364e7c365de5fd010a533034c53d,"-75.02788333333334,0.0",,340,7
01/Mar/2026 17:40:43,RockBLOCK 231710 - Head-04,MO,69a4798a36a72f34f26b34e3f763d23bfcb138e4a338de7563c798fc8144865944726b63bfb7fc98476d5f47693463c4dbfc9c4799f147a56263b719fc764782fa478dbf63c8abfc6747d2c647cb7963bb3bfcac48049247fdb063bb49fc3a4866634851f663bd56fc7948ab6948891f63bbeffc5e48daab48bca763b9a3fc6548d91e48f97763b76dfc48490b02490a6863baf4fc6348fd12491dd263bd11fc6348f57649078463c086fc7848c83248ffd363a959fc4e48cc4248bffd63bbedfcc5487d3d4878c263b043fcbc4827b048162163b5c5fc7f481078480efe63bde4fc7534884134770c63bfe9fc8a35cc2535d38e63cd16fc7f381a4f380c2f63b2fdfc763d11ed3d34d863b6f1fc7b45ede846182563b403fc8c1a21,"-75.02788333333334,0.0",,284,6
01/Mar/2026 09:06:43,RockBLOCK 231709 - Head-03,MO,34617cfcd60a4e4e340f03341d11fd0b0a4de63471c4346a25fc9e0a4e78357a2d358f85fcc30a4d5036c17336a992fcf60a4db819f5,"-75.02788333333334,0.0",,54,2
01/Mar/2026 09:06:30,RockBLOCK 231709 - Head-03,MO,69a400d236e5534744fd471258fcb80a431947b8a547922bfce50a597c4796aa47a3e9fcb80a5bf147af5e47869bfcc40a58f947f0804806d1fcc20a593048058447fbaffce20a5c134863ec4874acfc970a61b048c2a8489d96fc950a651148ba7948dad5fca70a6aeb48be7648e9f2fcde0a620448d7b848fbdafcd70a72ef48d519491bfffcb50a776145ffba45ef91fd0a0a4d873acc4f3acfabfcb20a4d8a351c3c3512a7fc800a4dcf34e30634ee7afd030a4ddc36bdae36b367fcbf0a4e1a3bc7ec3bb22afca20a4df44072b64078c9fcba0a47cc43e96c43e913fcba0a4e6345e3d145f5d0fcd80a516e47035046ff8bfcf40a4e76477f18477ed8fcd90a536b47aaa447cf98fcc80a519b47abab47c926fcbd0a51ac40786240a179fcba0a4d3a3c585a3c6040fce50a4cb63a474f3a13aefcca0a4d6a387933385ffffcca0a4db235a3cc35b3aafd020a4db53458ef,"-75.02785,0.13871666666666668",,340,7
28/Feb/2026 21:06:51,RockBLOCK 231709 - Head-03,MO,340d06fce00a4a0e33d64933e454fd100a49a7344d96344616fcab0a4a393563fe35795ffcc40a491336b3f0369c18fcfb0a497c19f5,"-75.02788333333334,0.0",,54,2
28/Feb/2026 21:06:39,RockBLOCK 231709 - Head-03,MO,69a2069236e58b50693f5030cdfcae0a466647be3c4797e9fce40a552447980a47a544fcb50a588e47b351478a98fcbe0a54a847f5e4480c4ffcc00a54e1480ba94801defce00a57b14866e94877a7fc980a5d4948c3d5489ec6fc8f0a60a448bb5e48dbb1fca60a672648bf1848ea8cfcd50a5daf48d82148fc33fcd70a6e7248d562491c40fcba0a72e540d7a040d2c8fd0d0a49613a01ef3a067bfcab0a496334a25b34994bfc790a49a734b38b34bf3ffd000a49a836acc336a29bfcb90a49e33bcb053bb541fc990a49bc407bcc4081dbfcbe0a43c743f2a543f253fcac0a4a2a45eaf045fceafcd60a4d2747080347043dfced0a4a454781b3478181fcc90a4f1147abe147d0d7fccb0a4d5547ac0d47c993fcba0a4d5f3e9ddd3ec659fcbe0a492e3b79a33b8173fcd80a488b39a389397074fccb0a493437c65b37ae34fcbf0a497b351ba9352afcfd010a497834048b,"-75.02788333333334,0.0",,340,7
28/Feb/2026 17:40:52,RockBLOCK 231710 - Head-04,MO,69a1d68a36a473348bc2347d6d63d237fcad38da4e38d42f63c7a2fc7f44c8de44b4ee63bfbdfc94478064477c4163c4e2fca2479f5a47aad263b70efc824788b147938063c8b3fc6d47de7e47d72463bb3ffcb34811c2480ad663bb51fc3d486b194856b463bd54fc7a48af57488d1163bbf8fc5948dbc448bdcb63b9a0fc6148da1048fa6963b779fc4d490b43490aac63bae5fc6648fd4c491e0c63bd0efc6e48f58a49079263c08bfc7648c83b48ffdb63a956fc4a48cc4e48c00363bbeffcbe487d504878d563b044fcb64827bd48163063b5c7fc7e481080480efa63bdf2fc7b3443f73432e163bfdffc8c35a4e235ac5863cd0efc7e380d7137ff6063b301fc783d1dec3d40de63b6e5fc7d45faea46252963b40cfc861a21,"-75.07176666666666,0.0",,284,6
28/Feb/2026 09:06:46,RockBLOCK 231709 - Head-03,MO,33ab7afcd80a4c83339a9233a86afd0e0a4c18342587341e1efca90a4cab354ba73560fefcc50a4b8136a431368c5ffcf80a4be919f5,"-75.10636666666667,0.13940000000000002",,54,2
28/Feb/2026 09:06:36,RockBLOCK 231709 - Head-03,MO,69a15dd236e423452d5744e15dfcb40a498f47e48f47be2ffcdd0a577947a55b47b252fcb00a5ad247c8cc47a042fcc30a5704480e1d4824ecfcbf0a573f482431481a99fcd70a5a0248732f4883f8fc960a5f9748c7d748a2b7fc9c0a62ef48bf0d48df4ffcad0a697b48c18c48ecf0fcdb0a601348d9b148fdb3fcd20a70b348d6f8491de3fcb00a753043459e4336b6fd0a0a4bdc38f1ff38f6a0fcb50a4bd43425a3341d93fc810a4c1834855f349154fcfd0a4c1b369af43690e8fcc00a4c553bcdca3bb804fcaa0a4c2b4084d4408ae0fcbd0a465243fbd343fb7afcb20a4c9945f20a46040afcd10a4f90470caf4708ddfcf40a4cbf47844b478417fcd00a516747ad2147d216fcc50a4fbf47ac7847c9f3fcbe0a4fba3e0a673e3299fcc40a4b863a47c63a4f9ffce30a4aff386731383495fccb0a4baa36cbcf36b326fcc60a4bf03475113484f8fcfb0a4bec33a31f,"-75.07173333333333,0.13906666666666664",,340,7
27/Feb/2026 21:06:51,RockBLOCK 231709 - Head-03,MO,336722fcd80a5d8a336da8337b83fd060a5d2234071d33ffc1fca20a5db335373d354c9ffcca0a5c89369738367f66fcfd0a5cf219f5,"-75.07173333333333,-0.13906666666666664",,54,2
27/Feb/2026 21:06:38,RockBLOCK 231709 - Head-03,MO,69a0b51236e3e34bd7e74ba20dfcb40a5b3347d27647abb0fce80a6849479ed347abdefcb00a696647bd62479492fcbf0a67e148024348188cfcc20a681e48184a480e6afcdb0a6adc486df8487eabfc930a707748c61d48a0f8fc950a73ce48bd7e48ddbcfca70a78b048c06148ebc4fcdb0a711148d8f548fcfcfcd40a81a348d62b491d10fcb60a862e3e83383e8104fd070a5cf03823c43828a4fcab0a5ce933b7eb33b07ffc750a5d22345fce346c01fcfb0a5d22368c24368225fcb70a5d5d3bd1123bbb5cfc9f0a5d31408dc84093d6fcb50a572e4404cf440477fcad0a5da645f8e8460aeefcda0a608f471120470d4cfcef0a5dcd4786b147867cfccb0a625c47ae2e47d319fccc0a60c547aca547ca19fcba0a60b83c84363cabddfcbe0a5cbf3975f1397dbcfcde0a5c1837b6b73784d4fcce0a5cb936067a35eedafcc10a5cfe33f32b340279fcfc0a5d00335ed3,"-75.07176666666666,0.0",,340,7
27/Feb/2026 17:40:47,RockBLOCK 231710 - Head-04,MO,69a0850a36a30b343c48342df163d220fcae38d3f338cdd363c788fc8345066344f2b163bfc5fc9b478d2b47890663c4e9fc9a47a36d47aede63b723fc7b4796fe47a1e763c8b2fc6947f27747eb3263bb3efcb04827824820b563bb52fc40487144485cd763bd54fc7748b4d148928763bbfcfc6248dd2b48bf2d63b9a5fc5d48db2448fb8163b770fc4a490b9b490b0c63baf2fc6748fd78491e2c63bd12fc6648f5964907a663c098fc7848c84b48ffed63a94dfc4c48cc5e48c01863bbecfcc5487d524878e163b03efcb94827d248164163b5c5fc7748108a480f0b63bdecfc6f34090733f80c63bfdafc8735810b35887763cd00fc8538016737f36263b2fcfc753d29f13d4ce263b6e5fc7546076d4631b663b409fc861a29,"-75.02788333333334,0.0",,284,6
27/Feb/2026 09:06:49,RockBLOCK 231709 - Head-03,MO,331a78fcd60a680d333cf1334a9afd020a67a333e34133dbdefca50a6835352048353595fcc50a670836882436705afcf50a676f19f5,"-75.02785,0.13871666666666668",,54,2
27/Feb/2026 09:06:41,RockBLOCK 231709 - Head-03,MO,69a00c5336e493430df542dabefcb60a665447c465479ddcfce50a72b147969d47a3d3fcb00a724e47b1a44788e8fcbe0a724d47f59d480c08fcc10a7292480cd14802fafce10a754e486792487858fc9b0a7aec48c37f489e69fc940a7e3b48bb3e48db99fca90a821448beda48ea59fcd60a7b9448d7fa48fc17fcd70a8c1148d563491c3dfcb60a90a941e38041d075fd120a676936b85536bdf8fcb70a6771335436334dbffc7d0a67a6343a4734469afcfd0a67a9367c4c367264fcc60a67df3bd46f3bbeb8fca20a67b540970f409d1afcbd0a61a1440e12440daafcb60a682d45fff54611e9fcdb0a6b084715a84711cdfcf60a68594789314788f1fcdc0a6cc347af4647d439fcc80a6b4547ace447ca60fcc30a6b2a3bea1e3c11b3fcbb0a671d37e36837eb54fce00a6699362fe335fe9bfccd0a674734eb8734d34afcc10a678c33630b3372d7fcfc0a678333123f,"-75.02785,0.13871666666666668",,340,7
26/Feb/2026 21:06:51,RockBLOCK 231709 - Head-03,MO,32eb4afcd70a65ef3318fe3326bdfd100a658733c89033c14bfc9e0a661c350dd9352333fcc20a64f0367cc43664fafcf90a655a19f5,"-75.02785,0.13871666666666668",,54,2
26/Feb/2026 21:06:38,RockBLOCK 231709 - Head-03,MO,699f639236e4113d1f623cf0c9fcb40a646d47a33a477c46fce90a7029479290479fc2fcaf0a6fff47a92d47805afcc50a6fdb47e79d47fdc3fcc50a701f47f9bd47efa8fcda0a72d3485c27486cc7fc9a0a787048bee84899d7fc930a7bb548b7b548d811fca80a7fb648bcc748e842fcd20a792b48d6bf48fad1fcd40a897b48d447491b28fcb50a8e1d3b60f03b5b08fd0a0a654b3592e2359b99fcae0a654f3308ce3302c5fc740a6575341ba334281cfcfa0a656f366fc93665f5fcb60a65a83bd90d3bc366fc9d0a657e40a0e040a6effcb10a5f97441790441729fcae0a65f746071b461917fcd30a68c2471a46471675fce40a662d478bbe478b85fccb0a6a7247b07547d562fcb90a690c47ad3847cabafcb40a68e4391fa03945fbfcb90a6533368b363692e5fce30a649235553a352473fcd10a652d343a243422befcbe0a656f330ca8331bdffd030a656532e321,"-75.02788333333334,0.0",,340,7
26/Feb/2026 17:40:46,RockBLOCK 231710 - Head-04,MO,699f338a36a9a833efea33e1a163d21dfcad38a8b238a28963c790fc7f445f28444b2c63bfaefc8f47566247524063c4d4fca3478b924796f663b712fc8347789547836d63c8a5fc6b47c32c47bbe163bb32fcb847effd47e91463bb48fc3d485d9348492063bd58fc7448a21f487fd863bbf5fc6348d8c448bac063b9a2fc5848d75a48f7c063b774fc4e490a824909f563baf4fc7348fcb3491d8063bd10fc6148f56e49076e63c08afc7548c82a48ffc763a955fc4648cc3a48bff663bbeffcc0487d2b4878b263b042fcb548279a48161163b5c1fc73481070480ef463bde4fc7733d48e33c3a163bfd3fc8c35610035687d63ccfefc8337f87937ea7363b2fdfc733d37d53d5acf63b6e5fc7b461457463eab63b40bfc881a29,"-75.02788333333334,0.0",,284,6
26/Feb/2026 09:06:50,RockBLOCK 231709 - Head-03,MO,32ae7bfcd20a4f2a32ee8332fc19fd060a4ebc33a84f33a101fca30a4f5034f9d5350f1dfcc40a4e213670683658b4fcec0a4e8719f5,"-75.02785,0.13871666666666668",,54,2
26/Feb/2026 09:06:41,RockBLOCK 231709 - Head-03,MO,699ebad236e3d940b58c405c75fcba0a4d9347a7be47815afce50a593f47930847a042fcb20a5c5147a97b4780a2fcc10a58e847e77d47fdbcfcc70a593047fa2747f033fce10a5bd5485c57486d26fc950a616148bf58489a52fc980a649948b7e748d855fca70a6b0548bcf748e872fcd70a622948d6e548fb03fcd00a723148d466491b48fcb20a76d43c243a3c1613fd120a4eaa3459973464e3fcb40a4e9632c3fc32be8afc7b0a4eba33fad7340769fd010a4eb0366240365884fcc00a4ee73bddfe3bc856fca40a4ebf40ab3b40b142fcb20a496544218644211afcb20a4f39460ea1462094fcd70a51ef471f31471b58fcef0a4f75478e87478e48fccd0a538e47b1d447d6c6fcc60a523747adc047cb3efcc10a520e37825c37a7a2fcb60a4e6835168f351e20fcd50a4dd23423ba33f33dfccf0a4e73337876336064fcbd0a4eaa32aa1d32b9dafcf70a4e9a32a65e,"-75.02785,0.13871666666666668",,340,7
25/Feb/2026 21:06:52,RockBLOCK 231709 - Head-03,MO,328a00fcd40a3d6e32ce0d32dbb0fd040a3cff338fe43388abfc9c0a3d9034ea0834ff62fcbd0a3c6336677d364fc2fcee0a3cca19ec,"-75.02788333333334,0.0",,54,2
25/Feb/2026 21:06:39,RockBLOCK 231709 - Head-03,MO,699e121136e3293c4fb63c216dfcbe0a3c0e47be154797b5fce70a475a47953a47a27ffcb40a4d1e47ad0047843bfcbb0a470147ee654804c3fcbe0a474e4803d947fa0afcde0a49de4863284873f0fc9b0a4f5c48c286489d7dfc950a528348ba4f48dabafca20a5b0448be6648e9e7fcd80a503748d7bf48fbdafcd70a5ffd48d51f491bfffcb20a64a13632063636b1fd070a3d2d33c5eb33d322fcac0a3ce6328e90328941fc770a3cfc33de6933eb19fcf70a3cea365794364df0fcbf0a3d213be38b3bcde9fc9b0a3cf740b5af40bbbffcb60a3820442b65442af5fca90a3d774616054627f5fccf0a4017472401472020fce50a3db84791324790f6fccb0a41a447b32547d816fcb60a406747ae3647cbadfcb40a403035939635b7ecfcb70a3cdb34706b3477f0fcd60a3c2133cfcd339fa7fcc40a3cb73321e9330aabfcbe0a3cec3274d232840afcfb0a3ce03281df,"-75.02788333333334,0.0",,340,7
25/Feb/2026 17:40:55,RockBLOCK 231710 - Head-04,MO,699de20a36a2db33c5e233b7ab63d225fcad38c44738be2e63c79efc7d44e35244cfbb63bfb4fc974782a5477e9163c4e8fc9d479d4d47a8c063b728fc7e47852047900863c8b1fc6847d84447d10263bb41fcb5480c2548055d63bb53fc404868d748546963bd57fc7748adb5488b7763bbeffc5e48dbaa48bda463b9a5fc5d48d9b248f9fd63b776fc4e490b58490ad363baedfc6a48fd44491e1563bd18fc6248f58b4907a563c082fc7248c83a48ffde63a950fc4748cc5548c00b63bbf0fcba487d464878ce63b046fcb14827b348162e63b5c5fc6d481086480f0063bdf1fc7033a43e33937063bfccfc8e35459e354d1f63cd02fc7f37f30737e50163b305fc763d47c63d6ac863b6edfc804621d3464c1a63b405fc8d1a21,"-75.02785,0.13871666666666668",,284,6
25/Feb/2026 09:06:50,RockBLOCK 231709 - Head-03,MO,32533bfcd60a395732a39632b116fcff0a38e833705d336928fc9e0a397634d79334ecccfcc10a384b365c3c364487fcf70a38b019f5,"-75.02785,0.13871666666666668",,54,2
25/Feb/2026 09:06:38,RockBLOCK 231709 - Head-03,MO,699d695236e29437fd0437cb22fcbb0a383747c532479e51fcea0a431147988d47a5befcb00a499247b20c478939fcba0a42bc47f491480ac0fcbe0a430948085247fe53fcda0a458b48668648773afc960a4b0948c45e489f4cfc920a4e2a48bbe248dc32fcaa0a578948bf5548eacbfcd40a4bf848d85448fc64fcd60a5b8e48d596491c78fcb60a603937ff2a38024afd120a393433084a3315c7fcaf0a38cb325b6332566efc740a38e333bcfc33c9d7fcf80a38d5364b4f3641bbfcbe0a390b3be85d3bd2bbfca00a38e140bfc540c5d2fcb60a345244350b44349dfcb30a3963461d3e462f27fcd40a3bf04728984724befcec0a39a64793c147937dfcca0a3d6f47b45447d938fcc30a3c4b47ae8047cc05fcc00a3c0a3550b93574aafcb90a38b833a20533a9a2fce10a381032fa0432ca31fcc50a38a2329416327c30fcbf0a38d9322aa9323a6bfcfb0a38cc324b20,"-75.07176666666666,0.0",,340,7
24/Feb/2026 21:06:54,RockBLOCK 231709 - Head-03,MO,322c92fcde0a43013280c4328e4efd060a4290335948335223fc9c0a431e34c92534de7bfcc00a41f63653e7363c3dfcf30a425c19f5,"-75.07173333333333,-0.13906666666666664",,54,2
24/Feb/2026 21:06:42,RockBLOCK 231709 - Head-03,MO,699cc09236e0e14046d5401483fcb60a414a47d88147b222fcee0a4cb0479c7547a99ffcb10a51ce47bc644793dbfcc30a4c624802f84819b2fcc90a4caf481b414811a5fce30a4f31486f4448800bfc9d0a54a948c70148a1ecfca00a57c648be0148de47fca80a60b348c0b548ec20fcd80a55b148d92448fd3dfcd50a652d48d668491d56fcba0a69e933dab533dd9dfd100a42ca3278ff3289cdfcac0a42903230ff322bbffc740a429c339f3133ac36fcf80a428b3641df363864fcb80a42c13bed9e3bd7fbfc9b0a429340c9d140cfd9fcb60a3e15443e75443e09fcac0a4319462432463628fcd20a4595472d03472923fce70a43604796194795cffcc90a470a47b54547da32fcbb0a45f647aeaf47cc26fcbc0a45af337705339a5bfcb60a428532feed330662fcd50a41cf32cc2a329c6bfcca0a42563277ec3260befcb90a4284320eee321e1ffcfa0a427532246f,"-75.07173333333333,-0.13906666666666664",,340,7
24/Feb/2026 17:40:47,RockBLOCK 231710 - Head-04,MO,699c908a369f2c33a1333392f463d219fcad38df0a38d8ec63c7a0fc7e4564af4550d863bfc2fc95479e50479a2d63c4ddfc9e47a46447afd063b71afc8047999747a47163c8b8fc6847f96147f21163bb38fcb0482df548271a63bb4bfc3e48749448602463bd53fc7748b6ce48949163bbfcfc5c48de6048c05463b9a2fc5d48dbfd48fc5d63b770fc4b490bf2490b6163baeffc6a48fda3491e6463bd14fc6648f5a24907b163c087fc7548c85648fff363a957fc4c48cc5f48c02763bbf4fcc6487d584878e263b03dfcb64827dc48165063b5c0fc7b48108d480f0a63bde4fc703376983365e063bfbffc8d352be835336563ccfafc8337ecf337df0d63b304fc723d56ed3d79ff63b6f1fc79462e914658da63b404fc901a29,"-75.02788333333334,0.0",,284,6
24/Feb/2026 09:06:44,RockBLOCK 231709 - Head-03,MO,31e78cfcdb0a5385325538326294fd060a5316333b1f3333f4fc980a53a434b67a34cbbffcc30a527636479d362ffffcf10a52de197b,"-75.02785,0.13871666666666668",,54,2
24/Feb/2026 09:06:35,RockBLOCK 231709 - Head-03,MO,699c17d236e12435234234ef56fcba0a523e47d41f47ad73fced0a5d0d479a9a47a7b7fcb80a5fcd47b74c478e86fcbb0a5cca47fcd948131bfcc90a5d12481402480a0efce70a5f94486c5a487d15fc9e0a650e48c60b48a0eefca30a682c48bd2748dd70fcaa0a6ffe48c02348eb90fcdb0a663048d8cc48fcd4fcd40a759d48d60b491cf0fcb10a7a6b3391ce3397bffd100a5385325f4032722afcb30a531931ec7331e75ffc800a531f33800d338d48fd000a530f36371a362da7fcbd0a53403bf28b3bdcfafca40a531740d3dd40d9e7fcb30a4e894447ef44477cfcb90a53a1462b33463d1dfcd80a5614473164472d77fcee0a53e8479856479810fccd0a577447b63a47db28fcc60a567947aecc47cc48fcc00a5628329a4d32bc9cfcb80a530732b81c32bf60fcd70a5251329f32326f1cfcc90a52d83263ec324c16fcbb0a530831bf3131cf00fcfa0a52fa31df80,"-75.02785,0.13871666666666668",,340,7
23/Feb/2026 21:06:51,RockBLOCK 231709 - Head-03,MO,31b9f6fcd70a5fa03239953246f3fcfa0a5f3533288d332179fc9f0a5fbf34a91034be60fcc70a5e96363f813627ddfcef0a5efe19e4,"-75.02785,0.13871666666666668",,54,2
23/Feb/2026 21:06:42,RockBLOCK 231709 - Head-03,MO,699b6f1236e2442a3b312a1864fcbf0a5f6c47c62c479f9afcee0a68fc47947d47a1b9fcba0a69ab47abbd4782f8fcbd0a68c647ee2a48046efcc10a691048044c47fa60fce20a6b8c4863df487499fca00a710d48c29e489d94fc9f0a742648ba7248dac1fca90a7b2848be6548e9dbfcdb0a724248d7b148fbcbfcd60a819b48d51d491bfcfcb90a867530b1a130d43cfd120a5feb333c28334a01fcb10a5f2a319b32319675fc7d0a5f3a336a783377c6fcf50a5f2c362f73362601fcbd0a5f5d3bf8763be2eafc9b0a5f2d40de3c40e446fcae0a5aaf44517e445110fcb50a5fbb46323646441ffccc0a62214735bd4731d9fced0a600c479a9d479a5dfcd20a637747b72647dc19fcc20a628c47aeea47cc66fcbc0a623533ec71340f0cfcba0a5f4b33d36433dadffcdc0a5e68332dc632fe55fccd0a5ef3324ce832365ffcbc0a5f26316bf0317b21fcf70a5f1831b1f1,"-75.02785,0.13871666666666668",,340,7
23/Feb/2026 17:40:55,RockBLOCK 231710 - Head-04,MO,699b3f0a36a08f337b63336d2d63d218fcaf38e0db38dab563c7a2fc7d4528cc4514d263bfc7fc93478ce34788ba63c4edfca3479f4b47aac363b71efc7d478bd347969b63c8acfc6947e0b847d96a63bb41fcb1481257480b6f63bb5afc44486a8748561b63bd59fc7b48ad1f488ad363bbfcfc5648db8e48bd8063b99bfc6448d9c348fa2263b773fc4e490b2b490a9d63baf0fc6848fd32491dea63bd12fc6348f58a49079663c08dfc7e48c84148ffe163a954fc4748cc5548c01a63bbf3fcc6487d474878ce63b048fcbb4827b548162c63b5c6fc7c481081480ef563bde5fc76334f6b333ec663bfc5fc8935140b351b9363ccf4fc8237e7e237d9f563b2f9fc783d66c63d89e763b6f5fc78463b2146657863b40ffc8d1a21,"-75.02788333333334,0.0",,284,6
23/Feb/2026 09:06:51,RockBLOCK 231709 - Head-03,MO,3183fafcdc0a5bde3219c13226fffd080a5b73330fc93308a8fc9f0a5c0034991434ae55fcbf0a5ad436356f361ddcfcf30a5b3919e4,"-75.02788333333334,0.0",,54,2
23/Feb/2026 09:06:42,RockBLOCK 231709 - Head-03,MO,699ac65236e0ea2caddd2c88e3fcbc0a5b6347c8d947a233fcf00a650247950d47a241fcbd0a65db47ac864783bafcc20a64d247eebc480500fccb0a651e48042647fa34fce40a67934863c748747ffc9c0a6d1448c2c0489dc1fc980a701d48ba7b48dacefcac0a77f648be5f48e9e5fcdd0a6e5848d7b548fbcafcda0a7d7c48d51c491bf6fcb80a826138df8e38ee44fd150a5bde32c8ad32d0e3fcb10a5b44314c943148f8fc810a5b6c3354bc336224fd070a5b5d36260a361caafcc60a5b923bfe853be8fffca30a5b6140e90840ef09fcbf0a572e445b5f445aebfcbc0a5bf446397b464b5afcdb0a5e49473a4e473664fcf00a5c49479d0e479cc8fccf0a5f9447b83847dd2bfcbf0a5ec247af2b47cca5fcc00a5e62362532364a18fcb80a5b433367f633700afcdc0a5a913230a4320224fcd20a5b2f31642e314d18fcb70a5b6d30f14a31010bfcfd0a5b5e317c15,"-75.02788333333334,0.0",,340,7
22/Feb/2026 21:07:53,RockBLOCK 231709 - Head-03,MO,3171dcfcd10a61023205943212e8fd0a0a609332ff1232f80dfc940a611b348d7334a2c5fcbf0a5feb362f313617aafcef0a605119e4,"-74.99321666666667,0.13838333333333336",,54,2
22/Feb/2026 21:07:42,RockBLOCK 231709 - Head-03,MO,699a1d9236dfd547b9dc4786b2fcb60a5f0447b667478f93fcee0a6a2647957147a298fcb60a69d047abfd47832ffcc30a6a0247eb754801a3fcc70a6a4c47fbd047f1d5fcde0a6cbe485ce1486d9afc970a723c48bf87489a84fc9c0a753848b85e48d8b8fcae0a7d0e48bd1248e893fcde0a739448d70648fb20fcdc0a829848d4b9491b92fcba0a878a37070a36fd2cfd0c0a608e316d69317818fcae0a609c31238031204cfc760a60b33343273350abfcff0a60a1361ec536157afcb90a60d23c04f53bef73fc9d0a60a040f3bd40f9c1fcb90a5c9a44651644649efcaa0a6132464086465272fcd20a6374473eb8473ac4fce80a618c479f52479f14fcc70a64b047b92847de11fcbf0a63f247af4b47cccffcaf0a6387342843344ce1fcbd0a607231f35631fb3efcd90a5fcd31342831063cfccd0a606130abac309560fcbb0a609630c12730d04bfcf70a607f3169ec,"-74.99325,0.0",,340,7
22/Feb/2026 17:40:55,RockBLOCK 231710 - Head-04,MO,6999ed8a36a27a33426833343f63d210fca538b70238b0e363c797fc8445144745009263bfc3fc964785c94781b163c4e7fca2479d8647a8fc63b726fc7f478b8a47965463c8adfc6a47df4447d7f863bb35fcb2480fdc48090263bb4dfc3b4868e448547a63bd57fc7448ac1c4889dd63bbfafc5b48daf048bcf563b9a5fc6148d9a348f9ff63b76dfc45490b1b490a8b63baf4fc6c48fd31491def63bd11fc6648f59349079663c084fc7e48c84648ffe863a953fc4a48cc5348c00d63bbeafcc2487d444878d863b03afcb34827ba48162d63b5c4fc7d481081480efa63bdebfc74332ac9331a3263bfcafc8934fe493505d463ccfafc8037e53d37d75563b300fc763d786d3d9b9063b6effc7c46480a46725c63b406fc871a29,"-74.99325,0.0",,284,6
22/Feb/2026 09:06:53,RockBLOCK 231709 - Head-03,MO,314ae7fcd60a580c31e50431f234fd060a57a132e4da32ddd8fc970a582f347d633492aefcbe0a56ff362595360e07fcf50a576719ec,"-75.02785,0.13871666666666668",,54,2
22/Feb/2026 09:06:43,RockBLOCK 231709 - Head-03,MO,699974d236dfbe4156cf412897fcbe0a565047af6747888bfceb0a60e34791e5479f20fcb50a611647a6ed477e25fcc10a60ba47e5d747fbf9fcc60a610c47f5e847ebe8fce20a63704859b6486a72fc9e0a68eb48bead4899b0fc9e0a6bdd48b78448d7f4fca90a74f448bca548e82afcd90a6a5448d6bb48fad0fcd40a792248d44c491b24fcb40a7e183760ba3748a4fd160a57952fbd072fcdbefcb80a57a2310b22310821fc7a0a57af332cd4333a63fd070a5799361646360d04fcc90a57c73c0bd83bf650fc9f0a579640ff01410507fcbf0a53f5446f41446ec3fcba0a58334647d84659c7fcde0a5a66474350473f60fcf50a589247a1cd47a186fcd60a5b9247ba4847df31fcc20a5aea47af9b47cd18fcc20a5a7e319b2831be78fcbf0a5774301958302103fce70a56e72ff80e2fca07fcc90a57753020123008ccfcb90a57a030961d30a5cffd020a578c314300,"-75.02771666666666,0.27745",,340,7
21/Feb/2026 21:06:55,RockBLOCK 231709 - Head-03,MO,313483fcd40a4d5631cd4c31da90fd080a4ce432d38a32cc95fc990a4d723471f8348748fcbb0a4c46361fcb360836fcf20a4cac19e4,"-75.0716,-0.2781166666666667",,54,2
21/Feb/2026 21:06:43,RockBLOCK 231709 - Head-03,MO,6998cc1236df0a391c1638f1e2fcb20a4c0e47c8a547a232fced0a55fb47934947a085fcb80a570a47a9ea478133fcc70a55dc47ec3148028ffcca0a563048022747f856fce70a5887486279487347fca10a5df548c265489d5bfc9b0a60dc48ba0f48da7cfcad0a6b6948be3f48e9bbfcd50a5f7348d7a548fbbbfcd60a6e0b48d50d491beafcb90a72fe2cc7e42cd56ffd080a4d602f92972fa846fcb40a4d0230f5a130f238fc750a4cf4331ae133287bfcfb0a4cd53610cb36078dfcb20a4d0c3c13933bfe1afc9e0a4cd7410a8441108bfcb90a49ad44795b4478e4fcae0a4d77464f2d466113fcd40a4f934747dd4743e3fcef0a4dd747a43447a3effcc80a50b447bb4847e045fcbf0a502247afd447cd62fcbc0a4fb22ed0292ef045fcb50a4d132fdd472fe454fcd80a4c40303df7300fa4fcc80a4cbd305302303c7efcc30a4ce53092b130a1d4fcfd0a4ccc312c95,"-75.0625,-0.13906666666666664",,340,7
21/Feb/2026 17:40:55,RockBLOCK 231710 - Head-04,MO,69989c0a369e073323bd33159563d213fcb138c61c38bff663c7a1fc78456369454f9963bfcdfc9047a0b1479c9a63c4e7fc9e47a35447aece63b717fc82478d4447982063c8bafc6447e93547e1f363bb46fcab481fb84818d963bb57fc3b486fc4485b5863bd57fc7448b2d048908d63bbfdfc6248dd0648bf0263b9a9fc6048dad748fb3763b77afc4f490b9f490b0e63baf2fc6a48fd71491e2263bd1afc6c48f5a04907a663c092fc7648c84948ffe963a95afc4c48cc6148c02363bbebfcc6487d5f4878e063b03afcc04827c948163a63b5d0fc7748108b480f0c63bdf3fc7433077232f6eb63bfbcfc8234eb0134f29963ccf5fc7e37e4ae37d6cd63b2fbfc743d8b7d3daea663b6f6fc75465523467f8d63b411fc8819ca,"-75.02788333333334,0.0",,284,6
21/Feb/2026 09:07:44,RockBLOCK 231709 - Head-03,MO,3103e0fcd40a4bc131ab4731b86afd010a4b4c32b88f32b18afca10a4bd8346129347674fcbf0a4aa736159b35fe17fcf50a4b0b19f5,"-75.02788333333334,0.0",,54,2
21/Feb/2026 09:07:32,RockBLOCK 231709 - Head-03,MO,6998235236df05262d97260c19fcb80a4bd447d19447aaf7fced0a542f47953447a26afcad0a54e647ae2347855efcbe0a541647f2824808d5fcca0a546c48094a47ff54fce80a56bc4866e24877a2fca00a5c2048c430489f28fc9a0a5f0548bb9b48dbe9fcac0a6a4948bf2348ea9efcdf0a5db948d82c48fc45fcd50a6c2148d581491c55fcbb0a71202ec6912ee295fd140a4c2b2ff58830083cfcb60a4b5a30cb7430c859fc7e0a4b5b33050a3312c7fd030a4b3d36093636000dfcbf0a4b743c1adc3c056ffca00a4b3f4115fe411c03fcbd0a486c44837a4482f7fcb40a4be1465669466846fcd40a4ded474c5247485dfcfc0a4c4347a68947a63dfccf0a4f0147bc4e47e135fcc50a4e8447b01047cd8dfcb70a4e0e3004273024d2fcbc0a4b72304bce305328fcde0a4a9d3042eb3014b0fccd0a4b20303919302211fcc40a4b4b3055423064e9fcfa0a4b3830fc01,"-75.02788333333334,0.0",,340,7
21/Feb/2026 09:06:45,RockBLOCK 231709 - Head-03,MO,,"-75.02785,0.13871666666666668",,0,1
20/Feb/2026 21:07:00,RockBLOCK 231709 - Head-03,MO,30eb62fcd70a52903194ab31a1dafd070a521d32a7cf32a0edfc9e0a52a9345676346bd6fcbf0a517c36106135f8e2fcf60a51e119f5,"-75.02788333333334,0.0",,54,2
20/Feb/2026 21:06:37,RockBLOCK 231709 - Head-03,MO,69977a9236ddab2fd8682fb225fcbc0a51e047dc0647b599fcef0a5ae547971847a442fcbc0a59f947b5a5478d1bfcbc0a5ad747fcfd4813b9fccd0a5b2b481701480d79fce30a5d73486ccb487da3fca00a62d948c5d848a0befc9b0a65b248bcf648dd47fcaf0a70f348c01348eb83fcdd0a648748d8c048fccdfcda0a72cd48d601491ceafcbe0a77dd2e600c2e7b85fd130a52c9301dac302de5fcba0a522730a77630a472fc7d0a522932f3033300d9fd010a520f3603e035facafcbd0a52423c22903c0d1afca60a520c41215641275afcb70a4f6a448d68448ce8fcad0a52b4465d74466f4ffcd80a54b047509d474c9bfceb0a531c47a8b847a86dfcd20a55ba47bd2347e21afcc00a554e47b01a47cd9bfcb90a54d530a89730ca40fcbc0a524630ab1c30b2a5fce20a5169306b66303d9dfcc90a51ec30144f2ffe3bfcbc0a521c302f20303e4cfcf80a520930e373,"-74.99325,0.0",,340,7
20/Feb/2026 17:40:50,RockBLOCK 231710 - Head-04,MO,69974a8a369e003312193303f463d212fcb138e69638e08a63c79cfc85457ef1456b1263bfb9fc9047a45a47a03f63c4e7fc9c47a24147adb463b714fc82478fad479a8963c8b1fc6d47ee2347e6db63bb39fcad482471481d9063bb59fc3d48716d485cff63bd57fc7648b4024891b063bbf7fc5848dd7b48bf7563b99dfc6748db3748fb9563b772fc4d490bb0490b2063baeefc6748fd79491e3f63bd11fc6848f5a04907b263c082fc7748c85748ffeb63a95bfc4b48cc6548c02163bbf9fcbe487d584878e463b03ffcbc4827d348163d63b5c2fc7648108c480f0263bdf3fc7432e4ed32d47563bfbafc8d34d85834dfeb63ccf0fc8137e44c37d67263b302fc7c3d9e9c3dc1d463b6f6fc754661ec468c4d63b412fc911a21,"-75.02788333333334,0.0",,284,6
20/Feb/2026 09:06:55,RockBLOCK 231709 - Head-03,MO,30be08fcdb0a573131737b31807afd050a56c0328f973288acfc9f0a574934490c345e42fcbc0a561b3608fd35f178fcf80a568319ec,"-75.02788333333334,0.0",,54,2
20/Feb/2026 09:06:44,RockBLOCK 231709 - Head-03,MO,6996d1d236de8132db6032acf7fcc40a565747d9d947b360fcec0a5f5d4795d447a30dfcb90a5d2347b301478a71fcc50a5f5447fa4e4810f3fcc70a5fa64813e5480a4efce20a61e7486bab487c80fca00a674e48c5ac48a090fc9a0a6a2448bcbd48dd02fcb00a758448bfee48eb55fcd80a691748d89f48fcaefcd90a773248d5de491cc1fcbc0a7c4d3390a2338f0dfd130a57252f5f1b2f7062fcb80a56c130838e3080cbfc820a56c832dc6732ea4cfcfc0a56ad35fcaf35f3a4fcc60a56da3c29da3c1466fcac0a56a7412cc34132b9fcc30a544e44975b4496d3fcb40a5754466497467669fcd60a59414754f34750f1fcf00a57be47aaeb47aa97fcd10a5a4047be0b47e2f2fcbc0a59e847b03947cdbefcc00a596d30fdb2311f44fcbc0a56b02fc74a2fceb5fcda0a56072f8a762f5ce5fccd0a56952f93412f7c4efcbf0a56c42ff268300225fcff0a56ac30b62b,"-75.02788333333334,0.0",,340,7
19/Feb/2026 21:07:05,RockBLOCK 231709 - Head-03,MO,30a5bffcda0a621f315c50316962fd080a61ad32805332797cfc9d0a623a343f9d3454eafcc70a610a3604a035ed23fcf30a617019e4,"-75.02788333333334,0.0",,54,2
19/Feb/2026 21:06:52,RockBLOCK 231709 - Head-03,MO,6996291236de5b347777344d2bfcbd0a610d47d6c547b032fcec0a6a2f47940b47a14afcb30a65d847adb0478506fcc00a6a3647f3a5480a38fcc60a6a88480c2e480289fce70a6cc648680c4878d5fca00a722c48c482489f74fc9f0a74f948bbb848dc15fcb30a7fff48bf3b48eaabfce10a740b48d83148fc47fcda0a820d48d58c491c71fcc00a87352d64652d754ffd0e0a62392f42492f556ffcb70a61c93066ba3063bdfc810a61bd32cb2932d930fd030a61a735f8d635efe0fcc40a61d63c31f33c1c8ffca00a61a141383f413e3bfcbb0a5f6e44a13c44a0c2fcb10a624c466b8f467d5ffcde0a642847592b475526fcec0a62bf47ad0647acb3fcd30a651e47bec947e3b3fcc50a64d847b03947cdb0fcbd0a645b2f053c2f2621fcbc0a61ce2f81222f889efce40a61092fa6982f7921fcd00a61862f983b2f822ffcc40a61b22fe2032ff127fcfe0a619b309dc0,"-75.02788333333334,0.0",,340,7
19/Feb/2026 17:40:59,RockBLOCK 231710 - Head-04,MO,6995f90a369c0532e83832da0a63d20bfcb638d93438d31663c7a0fc7d45a98645959263bfd0fc9647aad547a6be63c4e6fc9a47a5c747b13363b71ffc7f479d0f47a7d663c8b5fc6b47fec247f76263bb36fcac4833bb482cd463bb53fc4248768848620563bd6cfc7748b7d848959063bc07fc6048de7548c06b63b99ffc5d48dc5448fcbb63b775fc48490bdb490b4f63baf1fc6a48fda7491e6b63bd16fc6548f5ab4907bc63c099fc8348c86149000063a954fc4848cc6c48c02c63bbf8fcc3487d614878ec63b03ffcb24827dc48165563b5d2fc79481095480f0963bde6fc7732c61e32b5be63bfb3fc8b34c89f34d03463cceefc8337e56d37d7a763b2fbfc783db2b03dd5e963b6f6fc7a466e9a4698f063b404fc8d1a21,"-75.10623333333334,-0.27880000000000005",,284,6
19/Feb/2026 09:07:36,RockBLOCK 231709 - Head-03,MO,307008fcdc0a6f33313abf3147a5fd0a0a6ec432690532622cfca10a6f4b34324c344791fcc80a6e1d35fcce35e560fcf20a6e7d19ec,"-75.02788333333334,0.0",,54,2
19/Feb/2026 09:07:31,RockBLOCK 231709 - Head-03,MO,6995805236ddc92e2aee2dfdc7fcbd0a6ea047ddca47b720fcee0a772547974547a462fcb90a703347b46e478b9cfcc80a773247fb41481185fcd10a77834814e6480b00fcea0a79c4486c39487ceafca30a7f2948c57a48a05ffca10a81f348bcba48dcf8fcac0a8c3e48bfd748eb48fce00a812148d89948fca6fcd40a8f0748d5e0491cb8fcb70a94402fe2bc2fee01fd0d0a6f652f2abb2f3de1fcb10a6edb3036ae303409fc7c0a6ed932b61832c433fd0a0a6ec435f28035e98efcc80a6ef23c398e3c242dfcad0a6ebc4143c94149b8fcbd0a6ca944ab2a44aaa4fcb60a6f6c467287468463fcda0a713d475d5f47595bfcf40a6fe547af1247aec6fcd50a722447bf8647e477fccd0a71f147b03647cdbcfcc70a716f2f342b2f54a1fcb70a6ede2f54872f5c05fcda0a6e1b2f59782f2bf8fcd00a6e9f2f63ca2f4cfbfcc00a6ecd2f9c792fac34fd040a6eb2306830,"-75.02785,0.13871666666666668",,340,7
18/Feb/2026 21:07:52,RockBLOCK 231709 - Head-03,MO,3054b2fcdb0a75c031283d313531fd080a7555325d713256affca60a75de342a43343f99fcc50a74ae35f94135e1cbfcf90a751519f5,"-75.02785,-0.13871666666666668",,54,2
18/Feb/2026 21:06:46,RockBLOCK 231709 - Head-03,MO,6994d79236dd53310e4030e6d0fcb60a74df47ce2c47a7c3fced0a7d6e479043479d7dfcb70a749947a6c9477e06fcc50a7d8847ea3e48008afccd0a7dde48010e47f724fce30a801a486144487208fc9b0a858448c13b489c2efca10a884048b91248d96ffcab0a924248bd9748e917fce00a878f48d72948fb51fcdc0a955248d4a6491b88fcbd0a9a942d68bc2d8154fd0d0a75ef2f72b62f8394fcb40a755d3009f530076bfc790a755c32a95b32b78efcff0a754335efa835e6c9fcbd0a75753c42743c2d13fca30a753c414fb24155b2fcbe0a736644b54544b4b7fcb40a75fa467990468b68fcda0a77b747618d475d81fcf40a766f47b11d47b0cafcce0a789347c04947e532fcc20a787847b04147cdbbfcbf0a77f62f85af2fa6e1fcbf0a75812fc8192fcfbbfce20a74a92fa5d22f78b9fccf0a75262f548c2f3ee5fcbd0a755c2f702c2f7f51fcfc0a7541304cde,"-75.02771666666666,-0.27745",,340,7
18/Feb/2026 17:40:54,RockBLOCK 231710 - Head-04,MO,6994a78a369f5032c3e232b5c363d201fcaa38c94138c32163c799fc80451e74450a9463bfc5fc9447963f47922263c4e2fca247a07f47abf463b720fc7e477b154785e063c8b5fc6347ca3947c2ee63bb3afcaf47ff7747f89b63bb55fc3b48646448500063bd5efc7748a9c048877a63bbfffc5948da0248bbfc63b99ffc6448d88848f8e263b776fc50490ad0490a4663baf3fc6648fcfa491dc063bd0bfc6748f58549079763c08ffc7748c84148ffdf63a954fc4548cc4f48c01563bbeafcc7487d374878cb63b046fcbe4827b248162363b5c9fc78481074480ef963bddefc7632ac05329bac63bfabfc9134ba7a34c21863cceefc7e37e80337da3763b2fffc843dc7fa3deb3763b6f7fc75467b2e46a59163b406fc901a21,"-75.02788333333334,0.0",,284,6
18/Feb/2026 09:06:53,RockBLOCK 231709 - Head-03,MO,302471fcd80a6b48310dd4311aa9fd070a6ad63249913242b2fc9a0a6b5e341e663433b5fcc80a6a3235f2c135db55fcfa0a6a9719f5,"-75.02788333333334,0.0",,54,2
18/Feb/2026 09:06:41,RockBLOCK 231709 - Head-03,MO,69942ed236dd7d307e35304d7cfcbc0a6a8d47a0e0477a6afcee0a72a7478d4d479a8ffcb30a69f947a1674778a3fcc30a72c647dfcd47f613fcc50a732047ed1747e32cfceb0a7553485242486309fc9f0a7ab948baff489621fc9d0a7d6648b46b48d4f6fcae0a885648bac448e65efce20a7ccf48d5a748f9d3fcd60a8a5e48d36e491a52fcba0a8fa031e05031e901fd120a6b422f08822f1834fcba0a6ac92fd5372fd356fc820a6ad23299af32a7fafd060a6ab835ea4035e15cfcbd0a6ae43c4b613c3605fcab0a6aaf415c15416210fcba0a695544bfb344bf29fcb80a6b6e4680dd4692b4fcdc0a6d194766024761fefcf00a6be947b37047b317fcd60a6de947c13647e631fcc60a6de747b06f47cde5fcbe0a6d5f30424c306346fcb80a6ad82f5cd72f6477fcdc0a6a1e2ef4c22ec7fbfccd0a6aad2ec7762eb113fcc50a6ae02f12732f224ffcfe0a6ac5301cbe,"-75.02788333333334,0.0",,340,7
17/Feb/2026 21:06:51,RockBLOCK 231709 - Head-03,MO,301a75fcd00a59a131032831101dfd0b0a59303240ce323a16fc9a0a59bd341818342d5bfcc30a588d35f10835d99ffcf10a58f119f5,"-75.02785,-0.13871666666666668",,54,2
17/Feb/2026 21:06:46,RockBLOCK 231709 - Head-03,MO,6993861236dc2e34139033e831fcb20a588647c269479c06fcf00a60c2478f62479caafcbb0a593e47a564477c9dfcc10a60e747e72847fd64fccf0a614847fa4547f046fcdf0a636e485cd5486d8ffca20a68bd48c015489b0ffc9e0a6b5f48b7f248d865fcaa0a779c48bd0748e882fcdf0a6aeb48d6dd48fafafcd70a783748d45e491b41fcbc0a7d7a2f283e2f36c0fd0e0a59922ea2752eb18afcb60a591a2fb96e2fb7c2fc7d0a5923329153329f9afd020a590535e86635df8efcba0a59323c559a3c403afcaa0a58fd4168d7416ed3fcb70a584644ca3f44c9b0fcaf0a59be468834469a0efcd60a5b5c476a6f476661fcef0a5a3c47b5b447b557fcd30a5c2347c23147e719fcbe0a5c2f47b09c47ce17fcc40a5baa2fc2a72fe467fcc30a59442f0f692f1736fce20a587d2eb50d2e88e5fcdb0a59032e647e2e4f32fccb0a59372eead32ef9e6fcfe0a59203012bb,"-74.99321666666667,-0.13838333333333336",,340,7
17/Feb/2026 17:40:55,RockBLOCK 231710 - Head-04,MO,6993560a369ce632bab832ac9e63d1f7fcac38edf338e7db63c7a9fc82455b5545476c63bfc4fc96479de14799c563c4e3fc9c479fe047ab4a63b71dfc82477ebd47898a63c8aefc7047d05647c91363bb38fcb24802dd47fbfd63bb51fc404865d448516463bd63fc7848a9fd4887b663bbf9fc6048da6148bc4a63b9a0fc6048d8fc48f95863b781fc4d490b05490a7463bafbfc6848fd27491dec63bd10fc6948f58d49079c63c081fc7948c83548ffe863a94afc4e48cc5448c01763bbecfcc4487d454878d263b040fcbf4827ba48162a63b5d5fc7a48107b480ef963bdeafc753293ac32836c63bfa7fc9434ae4134b5e863ccf7fc8237edc437dff363b304fc723ddf813e02dc63b6fafc7d46886a46b2ce63b412fc8f1a29,"-75.02788333333334,0.0",,284,6
17/Feb/2026 09:06:50,RockBLOCK 231709 - Head-03,MO,2ffbf6fcd70a52d530eb1230f7dcfd000a5265322c993225c4fca00a52eb340c9b3421dffcc20a51bc35eb8b35d42bfcf20a521e19ec,"-75.06253333333333,0.0",,54,2
17/Feb/2026 09:06:39,RockBLOCK 231709 - Head-03,MO,6992dd5236dbd232a19d326f08fcbf0a520f47d6c847b00dfcf40a59df4790f5479e28fcb80a525747a69e477ddafcc00a5a0e47e9d7480011fcce0a5a6f47ff1447f51bfce60a5c8f4861a0487256fca10a61d848c246489d3efc9d0a646d48b9f348da4afca90a712a48be0f48e992fce40a641248d77b48fba0fcd20a712948d4ea491bd0fcc20a766f3252e3324d82fd170a52b02d892f2d9a94fcb90a52682fa48c2fa330fc8c0a526d328182328fd6fd030a524835e2f535da2bfcb90a52773c5ee73c4990fca80a5243417550417b45fcc00a520544d4a544d40cfcb70a5302468f6e46a140fcd80a548e476ec5476ab1fcf90a538647b7d747b78afcd50a554547c30e47e7f6fccc0a556847b0b947ce38fcc50a54e12f29fa2f4b3dfcc30a52592da3de2dab8cfcdd0a51b62d739d2d47c3fcce0a52462db5512d9edbfcb90a52732eb5e92ec5a2fcfa0a52562ff445,"-75.02788333333334,0.0",,340,7
17/Feb/2026 05:12:48,RockBLOCK 231708 - Head-02,MO,6992a6c635f3b8f07754ee14f16f6fe98d4fe97afc6f6fe85e18e807006f6fe5cf87e4cb326f6fe31471e27dae6f6fe18a61e0868f6f6fdffb0adfc8c66f6fded08edea0f66f6fdbe6c0da49f46f6fd70dcdd606416f6fd67f97d6a1626f6fd68ca4d6781a6f6fd68a30d5894d6f6fd5b621d5917d6f6fd4f718d516566f6fd350d8d241896f6fd0cd3ccecc7f6f6fccd20fccf07c6f6fcd6181cd43e26f6fccf81bccd51d6f6fccd844cd090f6f6fcd8257cd52806f6fccfb77cd4b276f6fcd5ca9cd4a2d6f6fcd494ccd15aa6f6f1936,"-74.99325,0.0",,209,5
17/Feb/2026 01:12:49,RockBLOCK 231708 - Head-02,MO,69926e8635f2ac15a2ff15b5736f6f15e0d015ec7b6f6f16129516271b6f6f164a42165f2b6f6f168e4d16a0ee6f6f16d4a516e2946f6f1709191713376f6f17453717590a6f6f1782811791796f6f17bc4617cc996f6f17fa17180e416f6f1835c41843bf6f6f1874801887686f6f18acae18c0f96f6f18edd418fec46f6f1921e5192edc6f6f1962bf1975836f6f19a02f19b0466f6f19da6419eb786f6f1a167c1a23766f6f1a4dde1a62c26f6f1a91911aa4556f6f1ace2d1ae3306f6f1b120d1b1d446f6f1b49251b5c3a6f6f1936,"-74.99321666666667,0.13838333333333336",,209,5
16/Feb/2026 21:12:55,RockBLOCK 231708 - Head-02,MO,6992364635f3c0fb4955fb5cf16f6ffb882afb98a86f6ffbc563fbd7136f6ffbff48fc10146f6ffc3b4afc4dae6f6ffc779dfc869b6f6ffcaea8fcbf5b6f6ffcef24fd00e66f6ffd2ceafd3ccb6f6ffd6b17fd7c776f6ffda791fdb7ec6f6ffde797fdfab96f6ffe26fffe3bdb6f6ffe6989fe7a9d6f6ffea8f7febd266f6ffee098fef2bb6f6fff2310ff36776f6fff64bbff763a6f6fa554b8866f6fe161f2236f6f1f3533b56f6f68817bd06f6f00a83b00b8306f6f00ea7d00ff676f6f012d4c013f1e6f6f1936,"-74.99325,0.0",,201,5
16/Feb/2026 21:06:52,RockBLOCK 231709 - Head-03,MO,2ff7e1fcdd0a50f430dc1630e8f8fd080a507f321fdd321921fca50a51073404913419e9fcc80a4fd435e92d35d1c7fcf20a503e19e4,"-75.02785,-0.13871666666666668",,54,2
16/Feb/2026 21:06:48,RockBLOCK 231709 - Head-03,MO,6992349236db8836d51436ad79fcbd0a4fac47d72747b076fcf40a57df4790aa479dddfcb60a4fbb47a68a477dc3fcc80a581547ea0848003ffcc90a587a48001147f620fce00a5a904862354872e6fc9d0a5fd648c25b489d4afc9f0a625f48ba0d48da6cfcb00a6f2c48be2248e99dfcd90a622948d79848fba6fcd40a6f0e48d4f9491bddfcb80a74592b58932b63befd120a50f42d25f32d3af0fcb30a50a72fa0162f9e71fc820a50983275693283cffcfb0a507335e0ed35d83bfcc40a50a33c69623c5406fca60a506a41820f4187f7fcbc0a509144df0d44de6efcb30a512846968f46a853fcd10a52a84772f1476ee0fcf00a51b247b9eb47b999fcd20a535347c3d247e8b2fcc60a538747b0bf47ce3cfcb70a53002c18ed2c384ffcbd0a50b02cefa22cf703fce00a4ff02d6cb62d40bffccc0a50682dc02a2daa8bfcc70a508f2ec3632ed27efcfa0a50712ff01d,"-75.02785,-0.13871666666666668",,340,7
16/Feb/2026 17:41:00,RockBLOCK 231710 - Head-04,MO,6992048a369b613292073283df63d1f5fcb038e0a038da8663c7a6fc7b45979f45839963bfc9fc9347adbc47a99a63c4e4fc9c47a2fe47ae6263b71ffc7f478433478efa63c8bdfc6a47df3347d7e363bb4bfcae4816ba480fd563bb48fc41486d1a4858b263bd5bfc7c48b0b2488e5c63bbfffc6048dc2048be1763b99afc6148da4048faa663b774fc50490b60490ad163baf0fc7148fd60491e1563bd13fc6648f5984907ae63c08dfc7748c84b48ffed63a948fc4948cc5c48c01b63bbebfcc6487d504878db63b051fcbe4827cb48163163b5c5fc78481077480f0563bdedfc703277b432677c63bfabfc9134a1b334a95363ccf5fc8037f3b537e5ec63b309fc783df71a3e1a6863b706fc7d46952f46bf9663b414fc8a1a29,"-74.99321666666667,0.13838333333333336",,284,6
16/Feb/2026 17:12:55,RockBLOCK 231708 - Head-02,MO,6991fe0635f202fe5c6ffe74346f6ffeaf4cfec95a6f6fff0538ff1a056f6fff3f9dff54196f6f8964a2f86f6fdb19f22f6f6f1fdf35646f6f672e00839a6f6f00c3ee00dc396f6f0107e80111f76f6f014aa7015e246f6f019e5901b2ae6f6f01e83f01f7ad6f6f0223b102394f6f6f027846028d926f6f02be4202dbbc6f6f031eb40336fe6f6f03671703683f6f6f03a9e903bafc6f6f03de3e03f61e6f6f0431c5044f4b6f6f0490b504a85a6f6f04e7d304ff4b6f6f0534bc0545f26f6f05729b0588fc6f6f1936,"-74.99321666666667,-0.13838333333333336",,202,5
16/Feb/2026 13:12:49,RockBLOCK 231708 - Head-02,MO,6991c5c635f222d36cb3d06aaa6f6fd11badd511c96f6fe3867fe37d1b6f6fe01b51de733a6f6fdd298edd35c86f6fe116d7e57c5d6f6fe9205de934e16f6fdf4eece1e9f16f6fdec624e10c846f6fd56c59d0ec7d6f6fd7da1ed9d2456f6fdd8990e0bec66f6fea3d42ee55136f6ff6d6a6fa922b6f6f6a670195776f6f015319013ca06f6ffcd44ef1ba8d6f6fe13a11dc30bc6f6fd250a9d390526f6fddb908e5d1316f6fe8becfe750f46f6ff3343ef437576f6fea7e7bec572d6f6fefd59ae127f26f6fe91d8eef0a766f6f1936,"-75.02785,-0.13871666666666668",,208,5
16/Feb/2026 09:12:49,RockBLOCK 231708 - Head-02,MO,69918d8635f1fff06fedf0ae006f6ff03cf9f057fc6f6ff0901cf0e52b6f6ff0e89af0ffa66f6ff12b86f13bc46f6ff12308f15ecc6f6ff18776f189896f6ff1a1c6f1bed56f6ff1d43cf1e3566f6ff1e77ff1ded66f6ff1e197f1fa9d6f6ff21a90f222bf6f6ff219bdf211a86f6ff21cfbf1fc416f6ff20464f226366f6ff23beaf242686f6ff23f0ff22f606f6ff23725f23ebf6f6ff220f0f22dc26f6ff23cd3f241956f6ff1fdf6f1af9f6f6ff0c400f0f50f6f6ff0a2a7f0b48a6f6ff09f4af045da6f6feda706ec73466f6f1924,"-75.02788333333334,0.0",,209,5
16/Feb/2026 09:06:59,RockBLOCK 231709 - Head-03,MO,2fd182fcdb0a515930bc4130c8f8fd070a50e73205a031fee0fc9f0a517333f610340b59fccc0a503d35e19c35ca48fcfb0a509e19f5,"-75.02788333333334,0.0",,54,2
16/Feb/2026 09:06:46,RockBLOCK 231709 - Head-03,MO,69918bd236dabc292b7d290473fcbe0a510a47dcb047b60bfcf00a5822479034479d6efcb70a4f3847a68b477dcdfcc40a586547ebc8480208fccf0a58cc4803a547f9affce60a5ada4864304874e0fc9e0a601d48c2f9489df2fca20a629e48ba8348dae4fcb10a6f4748be6548e9d9fce70a628548d7b848fbdbfcd50a6f3c48d521491c00fcb90a748a2c6f482c813cfd180a51b72cff652d14fafcb50a51102f8fce2f8e34fc850a51053262d9327154fd080a50e135dce835d435fcc40a51103c739f3c5e49fca80a50d9418ee54194cffcc50a516644e97b44e8ecfcb90a519f469db246af83fcde0a530447772347730bfcf20a522347bbfb47bb9dfcd80a53a847c48747e978fccd0a53ef47b0ca47ce43fcc10a53682c42532c6138fcbb0a511d2cb5a52cbd04fce60a50502d11732ce562fcd60a50d32d9ad32d8421fcc40a50f72ea1cc2eb1a8fd010a50dd2fc9c0,"-75.02788333333334,0.0",,340,7
16/Feb/2026 05:13:47,RockBLOCK 231708 - Head-02,MO,6991554635f2bff627d4f626d76f6ff61664f61a5a6f6ff618a7f612e16f6ff610acf60bda6f6ff5f983f5ff526f6ff60973f60b346f6ff5fd6cf5fa486f6ff5f171f5efda6f6ff5db8bf5e2516f6ff5d66af5d3736f6ff5cd1df5c7a16f6ff5c06af5c31c6f6ff5ba94f5bb4c6f6ff5b6edf5b7bb6f6ff5b352f5b21e6f6ff5add5f5ab186f6ff5a628f5aa626f6ff596e7f5987d6f6ff59298f590616f6ff59317f58a746f6ff581f0f57a346f6ff576f1f576036f6ff5758af56f866f6ff5615ff562cf6f6ff56087f55b5a6f6f1936,"-75.02788333333334,0.0",,209,5
16/Feb/2026 01:12:58,RockBLOCK 231708 - Head-02,MO,69911d0635f2e1f6a6c6f6a7956f6ff6abdaf6ac466f6ff6add3f6ae0b6f6ff6b014f6b1396f6ff6b3bef6b3b66f6ff6b3a2f6b5406f6ff6b74ff6b80a6f6ff6b6f8f6b6fe6f6ff6b6c3f6b70a6f6ff6b6d2f6b7146f6ff6b3e1f6b3946f6ff6b2dcf6b2056f6ff6b052f6b12f6f6ff6b09ef6afe86f6ff6a99cf6a75d6f6ff6a21bf69fda6f6ff69b36f699fb6f6ff69696f694bf6f6ff69116f691016f6ff68e9ef68d796f6ff689e0f689bf6f6ff68851f687a56f6ff686d7f6877a6f6ff68a52f68ba86f6ff68b78f68bac6f6f1936,"-74.95796666666666,0.5522166666666667",,209,5
15/Feb/2026 21:12:56,RockBLOCK 231708 - Head-02,MO,6990e4c635f1e8f7fe61f8033e6f6ff808b9f80a9b6f6ff81108f8157a6f6ff8180cf819136f6ff81c8cf81d236f6ff81ff1f821146f6ff8226ff825a76f6ff82982f82ae26f6ff82e0cf82f786f6ff83194f8323e6f6ff832f3f834276f6ff83716f838bb6f6ff83a18f83b016f6ff8385af839876f6ff83b29f83a3c6f6ff83a95f840a36f6ff844bcf8468c6f6ff84908f849e16f6ff849b4f84b096f6ff84f31f851206f6ff84f8af84f006f6ff855c7f857a06f6ff85bd1f85da06f6ff85d26f85dfa6f6ff8631df865a76f6f1936,"-75.02785,-0.13871666666666668",,209,5
15/Feb/2026 21:07:01,RockBLOCK 231709 - Head-03,MO,2fc2cdfcd90a4fb630a86930b540fd0a0a4f4331f83131f186fca90a4fca33ee753403d0fcc50a4e9735dfab35c84cfcf70a4efb19f5,"-75.02785,0.13871666666666668",,54,2
15/Feb/2026 21:06:48,RockBLOCK 231709 - Head-03,MO,6990e31236da3227dbf227bd52fcbe0a4f5b47d63847afabfcea0a5638478f94479ccafcb70a4ccf47a590477cd0fcc50a568a47e97d47ffc3fcc80a56f247ffe647f5f3fce10a58fc48615648721cfca30a5e3548c1e7489cdbfc9e0a60aa48b9a048d9fafcae0a6d3f48bdff48e974fce00a60b348d77448fb8dfcdd0a6d3e48d4e5491bc4fcc20a728e2953c8296e70fd1c0a50132d50292d65cafcb80a4f632f811d2f7f1afc780a4f533254e932637bfd040a4f2d35dc7035d3dafcc30a4f5a3c7ed93c6982fca60a4f24419c0141a1defcb80a502144f3f844f35bfcb40a4fec46a4d346b697fcdd0a5148477b54477738fcf30a507747bdf947bd9ffcd10a51e447c54447ea26fcbf0a523a47b0cb47ce42fcbb0a51b62b88962ba71efcbd0a4f922cfd5f2d0493fcde0a4eb02d8f4f2d6328fcd30a4f282dde8d2dc8e7fcc60a4f4f2eacc62ebbd5fd020a4f312fbafc,"-74.85746666666667,-6.461383333333333",,340,7
15/Feb/2026 17:40:54,RockBLOCK 231710 - Head-04,MO,6990b30a369d883262ea3254d663d1f5fcb238c69938c08a63c78ffc81455f9a454c2463bfcdfc9847a282479e6d63c4e0fc9f47a21e47ad9363b719fc83477d9a47888e63c8bdfc6c47cec847c7ac63bb49fcb848067e47ffe163bb59fc3f48667a48521863bd5ffc7d48ac024889c763bbfefc5e48dad948bcdd63b9aafc6948d91048f96963b777fc4f490b32490aaa63baebfc6d48fd36491df363bd14fc6d48f5904907ac63c090fc7448c84948fff063a956fc4d48cc5b48c01b63bbfcfcc1487d4b4878dd63b042fcbb4827c048162963b5c6fc73481082480eff63bde0fc79325bda324bb363bfa7fc8c349655349df763ccf0fc8737faa937eced63b300fc793e0f6e3e32cc63b707fc7546a1dc46cc4d63b401fc901a21,"-75.02788333333334,0.0",,284,6
15/Feb/2026 17:12:52,RockBLOCK 231708 - Head-02,MO,6990ac8635f135f8a735f8a97a6f6ff8ab32f8ae4a6f6ff8ae49f8b0606f6ff8b1ebf8b2a16f6ff8b241f8b3156f6ff8b46cf8b6176f6ff8b649f8b6586f6ff8b5ccf8b5e86f6ff8b79af8b8d36f6ff8bd37f8bdd86f6ff8c158f8c3f46f6ff8c6eaf8c9696f6ff8cd90f8cf526f6ff8d2c1f8d4a96f6ff8d821f8d94a6f6ff8dc12f8dd3f6f6ff8e12af8e2286f6ff8e6b1f8e8746f6ff8ed60f8ee4c6f6ff8f065f8f4696f6ff8f6edf8f9986f6ff902aef905e06f6ff90ecbf911636f6ff91552f9177b6f6ff91951f91aa16f6f1936,"-74.99325,0.0",,209,5
15/Feb/2026 13:12:49,RockBLOCK 231708 - Head-02,MO,6990744635f170fa7702fa82626f6ffa6f33fa47856f6ffa1754fa80786f6ffa57a3fa7e256f6ffa6499fa666d6f6ffa8ac3fa89846f6ffa9cebfac60a6f6ffac7cefab3266f6ffae6e0fae93a6f6ffb075afaefdb6f6ffb2d79fb05e56f6ffb3759fb538a6f6ffb7291fb47256f6ffb4b0efb7d326f6ffbb645fb36db6f6ffb77b3fb44c56f6ffb20e1fb78736f6ffb6f6efb45276f6ffb3c31fb9a726f6ffbad67fb50776f6ffb61cdfb946e6f6ffbaba1fb5f006f6ffb6d90fbca026f6ffbdbaafb9e1d6f6ffbd901fbecba6f6f192d,"-74.99321666666667,-0.13838333333333336",,209,5
15/Feb/2026 09:12:49,RockBLOCK 231708 - Head-02,MO,69903c0635f153fbfee8fc206c6f6ffc59bafc3a156f6ffc6872fc22ed6f6ffc4cc5fc23ac6f6ffc819dfc5e616f6ffc6dd6fc8fde6f6ffc7b27fcd19c6f6ffc9f80fd01206f6ffd1113fced366f6ffd3d75fd2d626f6ffd1c42fd24486f6ffd3169fd533f6f6ffd5301fd50af6f6ffdb015fdbf5f6f6ffd711efd9c2d6f6ffd8ad4fd8b6a6f6ffdf80cfdc8f96f6ffdcc89fdd6b86f6ffdf391fddc3e6f6ffe2230fe52876f6ffe3454fe2ccc6f6ffe066efe448b6f6ffe43bcfe79b06f6ffe6269fe69356f6ffecd3dfeb7196f6f1924,"-75.02788333333334,0.0",,209,5
15/Feb/2026 09:06:50,RockBLOCK 231709 - Head-03,MO,2f9153fcdb0a4a673088143094b9fd050a49ee31e2bc31dc05fca00a4a7b33e41133f950fcc80a494b35db3b35c3f6fcf50a49ab19ec,"-75.02788333333334,0.0",,54,2
15/Feb/2026 09:06:41,RockBLOCK 231709 - Head-03,MO,69903a5236d9a829c20b299b98fcb80a4a1247dbfb47b55bfcea0a50b9478f92479ccefcb80a474947a5af477cf8fcc70a510f47ea654800c3fcd00a517848027647f8b1fce90a537d4863014873d0fca30a58ac48c24a489d45fca20a5b1e48ba0348da5bfcaf0a67c448be2948e9a5fcda0a5b4348d79848fbaafcdb0a679948d50a491be9fcbe0a6cea2c8b6b2c9d14fd120a4aa82d6eb62d83b1fcbe0a4a032f5ce12f5b18fc820a4a003242b232515efd050a49d935d9cf35d145fcbf0a4a063c89a83c7457fca80a49cc41a90341aeeffcc30a4b4444fe7e44fddafcb90a4a9a46ac0146bdbefcda0a4be6477f85477b6ffcf30a4b2847c00847bfa4fcd30a4c7747c60347eae6fcc20a4ce047b0d347ce48fcc40a4c622c63ec2c8278fcbf0a4a212d1f482d2697fcda0a49572d75572d4906fccc0a49d72dd1aa2dbb2efcc30a49fb2e79342e88fafd030a49e22f89a3,"-75.02788333333334,0.0",,340,7
15/Feb/2026 05:12:57,RockBLOCK 231708 - Head-02,MO,699003c635f09ff579e4f54ea26f6ff561aff57bec6f6ff58572f5974b6f6ff5bd32f5b13e6f6ff5a22bf56a076f6ff51b64f487016f6ff3fa90f40dc86f6ff2fa20f2dd056f6ff30a66f375d76f6ff322b5f2a7616f6ff2b5e2f2f0ad6f6ff3c459f4208b6f6ff30a46f2e5d36f6ff2fc44f2d9a76f6ff2a18ff2f3376f6ff390c5f3a7496f6ff312aff2f3986f6ff2791ef267dc6f6ff24507f25b726f6ff22d51f267b46f6ff252aef234206f6ff17524f164356f6ff1552bf158186f6ff1431ff0e08b6f6ff10a83f198896f6f1936,"-75.02788333333334,0.0",,209,5
15/Feb/2026 01:12:50,RockBLOCK 231708 - Head-02,MO,698fcb8635f029f85e8df858dd6f6ff877c6f86fab6f6ff89151f887456f6ff8a089f8a9c96f6ff8a90df8b46c6f6ff8c790f8cc7f6f6ff8d8c5f8d32f6f6ff8d3b8f8de766f6ff8ed72f8e9076f6ff90151f90acc6f6ff917ddf9136a6f6ff931f9f92d396f6ff9373bf938c96f6ff940f7f9475b6f6ff95a58f9634a6f6ff965b4f965ff6f6ff97135f982f96f6ff994abf98b726f6ff9a926f9b3f86f6ff9bfe5f9d3af6f6ff9cfaff9cfd86f6ff9ed2af9e8dd6f6ff9ec41f9f4946f6ff9f7e9fa10df6f6ffa23c2fa1d9f6f6f1936,"-75.02785,0.13871666666666668",,209,5
14/Feb/2026 21:12:57,RockBLOCK 231708 - Head-02,MO,698f934535f01af951f5f969356f6ff97346f988db6f6ff98c1ef99c796f6ff99e17f9bdf26f6ff9db32f9c5706f6ff9f233f9df156f6ffa09dff9f9706f6ffa1050fa1eac6f6ffa3490fa2c7f6f6ffa60c4fa47ef6f6ffa7167fa6eac6f6ffa9218fa83106f6ffaa182fabc086f6ffab056fac49f6f6ffac2dcfaed3d6f6ffad4d2faf3cf6f6ffb007ffb18d46f6ffb370afb2a8a6f6ffb4bb1fb64486f6ffb4f6efb63b26f6ffb72ddfb99a96f6ffb9c78fbbae26f6ffbae82fbc8076f6ffbe226fbd3026f6ffbffa1fbf03e6f6f192d,"-74.8481,-6.461383333333333",,209,5
14/Feb/2026 21:07:34,RockBLOCK 231709 - Head-03,MO,2f77c3fcd50a41213075e63082a4fd070a40a931d94f31d2c0fca30a413433df6433f4b6fcc30a400135db4c35c3fcfcf70a406419f5,"-74.99321666666667,-0.13838333333333336",,54,2
14/Feb/2026 21:07:26,RockBLOCK 231709 - Head-03,MO,698f919236d98728f32628d295fcbc0a40a947c9ed47a306fcf30a4730478f4f479c82fcbb0a3e6047a398477ad8fcc50a479547e48447faaafccb0a480647f53347eb28fcea0a4a03485a6a486b1dfca80a4f2648bf7e489a80fc9b0a518748b7ec48d849fcb40a5e9548bd0048e880fcde0a51ca48d6e748fb04fcd70a5dee48d46c491b49fcc20a633d2a57fa2a76bffd100a417d2de5ff2df8a2fcb60a40c02f35f42f3411fc7a0a40bd323781324648fd000a409435da6135d1d1fcc00a40bf3c959b3c804bfca70a408541b65f41bc48fcb70a427d45091745087efcb10a415346b32646c4ecfcda0a42924783b2477f91fcf00a41e647c20447c1b0fcd60a431a47c6cb47eba4fcbf0a439447b0da47ce57fcc00a43162cc8982ce7e5fcc10a40f52dda802de1f7fcdd0a40142e07742ddb6cfccd0a408d2df0ac2ddb7afcc90a40b62e5a912e69a0fd040a409b2f7007,"-74.99321666666667,-0.13838333333333336",,340,7
14/Feb/2026 17:41:02,RockBLOCK 231710 - Head-04,MO,698f618a369bce325dd5324fce63d1f1fcb138f26538ec5663c7a5fc7e458df5457a2063bfcbfc9547ab8a47a76e63c4e3fc9847a2fc47ae6463b71efc7e477cc647879f63c8b1fc6747d07947c92a63bb3afcaf4806d247fffb63bb45fc3f4867ab48534063bd53fc7c48ac55488a1063bbfcfc5a48daf348bcf663b9a5fc6148d95848f9bf63b770fc4a490b34490aaf63bae2fc6d48fd4e491e0f63bd0dfc6348f5954907ad63c096fc7948c84548ffee63a951fc4e48cc5e48c01f63bbf9fcc3487d494878db63b041fcba4827b748162c63b5c4fc7548107c480efb63bddffc7a3246d73236b363bfa7fc8d348f7b34973463cceefc8038050b37f74a63b30cfc723e29a63e4d2063b6fcfc7346aec646d93663b408fc971a21,"-75.02785,-0.13871666666666668",,284,6
14/Feb/2026 17:12:52,RockBLOCK 231708 - Head-02,MO,698f5b0535effaf83716f936ff6f6ffa0f40fa19506f6ffa0502f9fe646f6ff967f9f875206f6ff58797f511036f6fedcc64ec382c6f6fed0e15ede0346f6fef4ee0efebb16f6ff07cb0f05f396f6ff21a28f28a7b6f6ff2c63ef28f136f6ff328ecf3946a6f6ff1becdef0ac66f6fead8f5e8a37f6f6fe5cd16e362b36f6fe0cc47e03be86f6fde9162df01de6f6fdf9438e0d0a46f6fe1a534e272056f6fe369b5e398d96f6fe4462be448886f6fe4f1c8e54f4a6f6fe57b20e618606f6fe64ebae704806f6fe6fc6ee727766f6f1936,"-75.02771666666666,-0.27745",,209,5
14/Feb/2026 13:12:50,RockBLOCK 231708 - Head-02,MO,698f22c535f03ffad13cfb169d6f6ffb0c50fb45b06f6ffb66c9fb08726f6ffb85d9fb3abc6f6ffb84e6fb99226f6ffba33cfba3c86f6ffb3cf5fb41e76f6ffbb895fb79a26f6ffbdbdafbafea6f6ffc027ffbd1386f6ffbca4ffc11676f6ffc419afc43e36f6ffc3c52fc2a0e6f6ffc98c1fcd6f36f6ffd0b75fd33766f6ffd3047fd08916f6ffd332ffd2c216f6ffd5f71fd56056f6ffd5166fd5c896f6ffd479cfd030b6f6ffd7b37fd66726f6ffd20b1fd1b306f6ffd5d6bfd81df6f6ffd6d0bfda2186f6ffe0761fe0e166f6f1936,"-74.99321666666667,-0.13838333333333336",,209,5
14/Feb/2026 09:12:55,RockBLOCK 231708 - Head-02,MO,698eea8535ef5afb0af1faecfa6f6ffaf56afb267f6f6ffb4f0efb92b46f6ffb8089fbaaf76f6ffba967fbb9ce6f6ffbe8c1fbf0676f6ffc3dfffc13506f6ffbe79dfbfdf76f6ffc44f5fc64786f6ffc959bfcaf876f6ffce114fcce246f6ffce79bfd033d6f6ffd3345fd17cc6f6ffd382bfd3d5e6f6ffd585dfd3b1a6f6ffd830dfdbe2e6f6ffdce6efdd8066f6ffdf3c0fe13046f6ffe45a3fe61396f6ffe8bcffe63b36f6ffebdcefeb40e6f6ffecbf5fef2836f6fff0693ff352a6f6fff4467ff39fc6f6fff6cc9ff62dc6f6f1936,"-74.99325,0.0",,209,5
14/Feb/2026 09:07:02,RockBLOCK 231709 - Head-03,MO,2f42d1fce20a3859305a9b30672bfd0a0a37df31c74631c098fc9e0a386933d63133eb71fccb0a373635d78c35c044fcf20a379a19f5,"-75.06253333333333,0.0",,54,2
14/Feb/2026 09:06:41,RockBLOCK 231709 - Head-03,MO,698ee8d236d8f62acb8d2aa44ffcc00a37d447d29147abe5fced0a3e4a478fda479d14fcb80a363347a545477c7dfcc70a3eb247e73347fd6afcc90a3f2947f90347ef09fce90a411a485d17486dd2fca00a463848c0c3489bd2fc9b0a488a48b8b648d930fcb20a55e548bd7e48e907fce40a48e948d73d48fb56fce00a54d348d4b9491b92fcba0a5a1e2f9bce2fa647fd140a387e2da0bf2db22efcbb0a37f02f03342f01eefc840a37f8322a7632395cfd040a37ce35d85435cfd0fcc50a37f83ca1293c8be0fcae0a37c041c3ad41c98dfcc40a3a3e4513c0451313fcb60a389346ba5846cc12fcdf0a39be4787e04783c7fcfa0a392347c40d47c3a5fcdb0a3a3a47c77b47ec67fcce0a3ac647b0e047ce61fcc40a3a4c2e2ea02e4ea2fcc10a37f72da3542daae6fce00a373c2d78702d4ca2fcd40a37c62d82d42d6caffcc80a37f32e003b2e1009fcff0a37d62f3b40,"-75.02788333333334,0.0",,340,7
14/Feb/2026 05:12:57,RockBLOCK 231708 - Head-02,MO,698eb24535eed718b9f418dc216f6f191b2b1930456f6f197a3e1996de6f6f19b07919d7416f6f1a3e9f1a47976f6f1a80a01a97b26f6f1afa7b1b0e286f6f1b48211b6af16f6f1bbd5e1c098e6f6f1c321c1c4dfb6f6f1c91711c930e6f6f1cde2a1cdc3b6f6f1d04a71d4c8d6f6f1d87da1db1b06f6f1e0d9a1e09eb6f6f1e59201e90ef6f6f1ebd121efb5e6f6f1f03d51f3eb06f6f1f3aac1f8d286f6f1fc84c2002426f6f203a52205cce6f6f20bdba20d4c36f6f2106b221408a6f6f218445219f366f6f21ffd72215d36f6f1936,"-75.02788333333334,0.0",,209,5
14/Feb/2026 01:12:59,RockBLOCK 231708 - Head-02,MO,698e7a0535eef41c64d51c94a66f6f1d3e5b1d34ac6f6f1dd5951df4296f6f1e43a61e8b586f6f1ee9d71f2ca86f6f1f788c1fa8a26f6f2038e42068d76f6f20a70a20cb836f6f2152ff2150466f6f21d59121ef616f6f227cf5229bf56f6f23107c2344806f6f23a66d23db2b6f6f2428942456af6f6f24d07325082e6f6f2576c6258bfc6f6f25f9c22621c76f6f2667a626c59c6f6f2751e52773276f6f27d09527e5ab6f6f28345e28648b6f6f28e64c2929b96f6f299dcc29f2b16f6f2a5cf92a74a56f6f2ade0c2afd286f6f1936,"-74.99308333333333,0.2767833333333333",,209,5
13/Feb/2026 21:12:54,RockBLOCK 231708 - Head-02,MO,698e41c535ee941fe4511ffa026f6f206dec208e056f6f2114a3215b476f6f21ff7d22149e6f6f22757b22c9146f6f232208237d7d6f6f24270d2416096f6f24cd5c24eb5c6f6f254d5425adfc6f6f26297f2630226f6f26e58b2736426f6f27d04b27d63d6f6f2873512876996f6f2933b7293fe46f6f29b92e2a17986f6f2a6ee62ad0796f6f2b59092b86db6f6f2bf29c2c1b986f6f2cd6a42ceb9f6f6f2d8e752dc8a56f6f2e574b2e7b066f6f2f133d2f27566f6f2fc7da2fdeab6f6f307b46309e766f6f312897317fa26f6f1936,"-74.99321666666667,-0.13838333333333336",,209,5
13/Feb/2026 21:06:53,RockBLOCK 231709 - Head-03,MO,2f3388fcd80a3793305161305e0ffd110a371831c14931bab8fca70a37a633d23033e790fccb0a367035d83635c0f1fcf90a36cf19f5,"-74.81088333333334,-5.206816666666667",,54,2
13/Feb/2026 21:06:46,RockBLOCK 231709 - Head-03,MO,698e401236d9e92eaa532e8487fcbf0a36ca47e61047bf5efcf30a3d5d47943f47a16cfcb30a357e47b2814789c7fcc00a3dd247fc344812a7fccb0a3e474817a4480de5fceb0a4036486e29487ef1fc9f0a454348c6dd48a1d3fc9c0a479048bda348dde8fcb20a54b548c06e48ebd8fce20a480d48d90548fd0dfcd90a53cf48d641491d23fcc10a591a2bdbe22bf4f9fd190a37c52d9c322dac08fcb60a372d2edd492edc3cfc800a373132248a323373fd050a370235d89c35d025fcc50a372e3cad883c983bfca90a36f641d0f841d6d4fcb70a39e5451e30451d8cfcb80a37cb46c15346d311fcdd0a38e6478bee4787c2fcf10a386047c5f147c58cfcd40a395b47c81e47ed06fcca0a39fc47b0d047ce4bfcc40a39802d9ae52dbaf4fcc10a37562dd1f72dd9b3fcec0a367b2d98a12d6d5afcd00a36ff2d478f2d32cafcc30a372e2dcce02ddbe1fd020a37162f2bf2,"-75.02785,-0.13871666666666668",,340,7
13/Feb/2026 17:41:03,RockBLOCK 231710 - Head-04,MO,698e100a369824326b39325d2d63d1f0fcae39389439327963c7aefc7e46472046331163bfdffc9547ba7147b64863c4f5fca347a92947b49663b720fc8347a98f47b45d63c8b3fc6c480cfe4805a363bb3dfcb64840f4483a0663bb59fc40487b6d4866f363bd63fc7c48bbcf48998463bbf6fc5e48dfea48c1ec63b9a4fc6b48dd8648fde163b77bfc48490c70490be063bb00fc6948fdf6491ec163bd15fc7148f5c94907d363c092fc7848c86c49000a63a95bfc4d48cc7548c03c63bbfafcc1487d7b4878f463b047fcc44827eb48165a63b5d1fc7548109d480f1b63bdf2fc793233b73223a363bfb6fc8834886d34903363ccf0fc883810833802d463b311fc803e44573e67d463b707fc7846bb6546e5cf63b413fc8d1a29,"-74.99325,0.0",,284,6
13/Feb/2026 17:12:59,RockBLOCK 231708 - Head-02,MO,698e098535edea0e728b0d658c6f6f14160a16518a6f6f1b69911c900b6f6f1697411601d26f6f168de60e8aa56f6ff920d30262eb6f6f1537521433dc6f6f1d595a194b7c6f6f01a73efd971a6f6ffd889802cb176f6f4cf20099786f6fa66b02ebb66f6f01732c02f1006f6ff5f8fb396d6f6ff90d5cfe66c46f6ffa728efb81686f6f03506301431f6f6f0c75380ce5676f6f0c991915e9476f6f17f9fc170f436f6f09fee9f61f1e6f6fd3493fe3b9d06f6fe7891fe3bd406f6fe4ccd7e53cdd6f6fcda670ccfe006f6f1936,"-74.99308333333333,-0.2767833333333333",,206,5
13/Feb/2026 13:12:57,RockBLOCK 231708 - Head-02,MO,698dd14535efae3094286d50366f6f009a1f0200c29cbc6f6f00d4567800f96c316f6f0100000000f99f096f6f00d149c100ea813f6f6f00fe17e600fcc8f46f6f010000,"-75.02771666666666,-0.27745",,68,2
13/Feb/2026 09:13:02,RockBLOCK 231708 - Head-02,MO,698d990535ee51107f2dfd1f326f6fd43238ccf5fb6f6fd9e2b8db3b0d6f6fe9616cde9af86f6fe29707db901f6f6fcd48c0ccd2656f6fcd47c0cd3d736f6fdf5b0cf495866f6f15e7d1105e3b6f6f1bf9fb228c126f6f445f7a3ae3496f6f17804b1ce0b46f6f3d4a314bd7be6f6f5af09157faa26f6f4d9a0a64a88e6f6f59761e3c22af6f6f298cc41bf3676f6f1fa11d2b25ab6f6f5109225af0db6f6f5278ac55ca2e6f6f0092d95e00ad38ef6f6f00c5dd8200c5c3956f6f00e6fd9200d17d3c6f6f00c896b200b8436a6f6f00c0e40300b50ea36f6f192d,"-75.02788333333334,0.0",,219,5
13/Feb/2026 09:06:52,RockBLOCK 231709 - Head-03,MO,2f1417fcd50a46d2303dcc304a4efd0e0a465831b05e31a9b9fca80a46e533c8d433de22fcc50a45b335d50035bdbdfd000a460d19f5,"-75.02788333333334,0.0",,54,2
13/Feb/2026 09:06:42,RockBLOCK 231709 - Head-03,MO,698d975236d83b304fe5302330fcc00a46414802a947dc8cfcf40a4c95479eaf47abb6fcba0a438247c427479bcafcc60a4d18480b60482249fcc90a4d8a482863481f00fcee0a4f764873fe4884ddfca70a548648c83b48a306fca20a56d148bf0e48df32fcb10a62c648c19648ecf9fce10a576b48d9b648fdc6fcdd0a630e48d714491e07fcc70a686531aa7731a652fd160a46cc2ca3872cb3a9fcbd0a46782ec02e2ebfd2fc890a468232196932285afd090a465635d56235ccf1fccc0a467f3cb8fb3ca3b2fca90a464241ddc941e39ffcbc0a496b4528604527b3fcb50a471846c82146d9d9fce10a4829478fb6478b8efcf50a47b247c7a347c74efcdb0a489747c89547ed78fcd10a494347b09347ce16fcc30a48cb2ea05b2ec1a1fcc20a465f2cc44c2ccc29fceb0a45b62c5dbd2c3314fcd40a46482c79632c63b4fcce0a46792d80202d8fbefd0d0a46552f0c9c,"-75.02785,0.13871666666666668",,340,7
13/Feb/2026 05:12:57,RockBLOCK 231708 - Head-02,MO,698d60c535ee31129c231263326f6f1270dd126f236f6f12741412741d6f6f127e68128f2e6f6f1289d212844f6f6f12a39b1285ca6f6f1269cf1284f86f6f12c13d12b33f6f6f12b6b312d2836f6f12ce7b12c4eb6f6f12c98612e74d6f6f12e3c21308526f6f1313bc1303046f6f1301161302786f6f13085713426d6f6f1341a4134a226f6f1338ee1359636f6f1354b7132c356f6f1343261328656f6f1336ea13503a6f6f1359e91358b26f6f1374cb13472f6f6f135add13731a6f6f1368e91355626f6f13719b1399ef6f6f190a,"-75.06253333333333,0.0",,209,5
13/Feb/2026 01:13:07,RockBLOCK 231708 - Head-02,MO,698d288535edb212c07d12c8736f6f12d7bd12deaa6f6f12f99612f8c26f6f1318281323d96f6f1321761324a76f6f1331f91346376f6f135fb91369f16f6f137836136a186f6f137763137a886f6f1390f113a12e6f6f13a32913abcf6f6f13c87b13ccf16f6f13d43c13e1016f6f13e5a813e7ca6f6f13ffb3140f2c6f6f14184a141d526f6f1432ad14324f6f6f144f6c14508f6f6f1465511471e36f6f14722e1486cb6f6f148f5d148d8e6f6f14962c149e486f6f14b0b614b3876f6f14cf7b14d98e6f6f14dc9c14de3f6f6f1936,"-74.95825,0.4141666666666667",,209,5
12/Feb/2026 21:12:55,RockBLOCK 231708 - Head-02,MO,698cf04535ed7e1470751445606f6f14928f1481f06f6f14b239148c916f6f14a8711498636f6f14f31814c6536f6f1514b014f5286f6f152c7014f3c16f6f1533ef1541806f6f154b881573bb6f6f155b7915577c6f6f157751157f996f6f156aa115910f6f6f15a9bf159a236f6f15df8a15ac356f6f15f9fc15f5046f6f160045161ed66f6f161c8416133c6f6f16359f1625de6f6f16724b1673776f6f16739e168d536f6f168cbe16a3996f6f16a5d9169fc26f6f16e12b16cb366f6f16ebb016f7796f6f16ead616fafe6f6f1936,"-74.99308333333333,-0.2767833333333333",,209,5
12/Feb/2026 21:06:53,RockBLOCK 231709 - Head-03,MO,2f16f9fcd70a566f30348e30412bfd0e0a55fd31a5e3319f55fca10a568433c26333d7c4fccb0a555235d4fe35bdc2fd020a55b319ec,"-74.94796666666667,-2.2079",,54,2
12/Feb/2026 21:06:42,RockBLOCK 231709 - Head-03,MO,698cee9236d7d5341fca33f791fcc00a554047e5dc47bf1efced0a5bfe4791fd479f1efcb60a519247ae804785ccfcc60a5c9247f821480e89fccd0a5d044813c94809fafce40a5ef0486bf9487cc1fca70a640148c57648a061fc9a0a664848bca748dce2fcb30a710148bfb848eb2ffce10a670148d89a48fcb1fcd80a728848d5e0491cc4fcbb0a77e32b25f52b31c3fd100a567a2c09562c1c15fcba0a56282ebd1d2ebcacfc800a561832117d322063fd040a55ec35d50835cca4fcc20a56163cc59d3cb056fca40a55dc41eaee41f0ccfcbd0a593d4532a34531fcfcb80a56bb46cee446e09afcda0a57bb479380478f59fce80a575547c94747c8edfcda0a582647c8ff47ede7fccd0a58e547b05647cddafcc40a586f2bc1a42be101fcc30a562c2bc6022bcd60fcea0a55702bf3b82bc913fcd90a55eb2c32c62c1dd6fcc20a56182d7e552d8d49fd090a55f92f0f55,"-74.94796666666667,-2.2079",,340,7
12/Feb/2026 17:40:56,RockBLOCK 231710 - Head-04,MO,698cbe8a369a8732256c32176463d1eefcaf38f10438eade63c7a4fc8a45c9b645b5a563bfc5fc9747b6b947b2a063c4eafca247a22647ad9063b724fc8047836b478e3a63c8b0fc6447e05a47d90663bb45fcaf4819ff48131c63bb51fc3c486e78485a0b63bd62fc8048b181488f2f63bc07fc5c48dca448be9263b9a5fc6148da9848faf763b76bfc55490b7e490af663bafafc6a48fd64491e2663bd27fc6a48f5a54907b463c096fc7d48c84a48fff863a961fc4648cc6c48c02a63bbfbfcc4487d544878e063b04afcb94827ce48163863b5d6fc7c48108f480f0863bdfffc74321c72320c7163bf9bfc8934804a34880663ccf3fc84381d21380f7163b302fc763e5eb93e824863b705fc7746c78046f1f263b408fc8c1a29,"-75.02788333333334,0.0",,284,6
12/Feb/2026 17:12:52,RockBLOCK 231708 - Head-02,MO,698cb80535ecf0f8b874f8bb4d6f6ff8bbe4f8bc986f6ff8bef0f8c19e6f6ff8bff4f8c0516f6ff8c103f8be8b6f6ff8bd59f8be836f6ff8bdbef8bc516f6ff8bf41f8be1a6f6ff8bed5f8c1ec6f6ff8bd9bf8bc566f6ff8bf46f8bda16f6ff8c0c7f8c27b6f6ff8be98f8bffc6f6ff8befef8bd616f6ff8bf70f8beb36f6ff8bbc2f8bd2e6f6ff8bf75f8bdb36f6ff8b956f8b9ab6f6ff8b9d3f8b9a96f6ff8b437f8b3326f6ff8b41ef8b3036f6ff8b04af8b0086f6ff8a970f8aa056f6ff8abcff8ab696f6ff8a63df8a4e06f6f1936,"-74.99325,0.0",,209,5
12/Feb/2026 13:12:50,RockBLOCK 231708 - Head-02,MO,698c7fc535ec53f79207f795b86f6ff78a8bf780266f6ff7a070f79eb16f6ff7bdc7f7c5626f6ff7c0cff7b5366f6ff7a857f7ad1a6f6ff79a21f796a66f6ff7aae3f7aa746f6ff7b177f7b8976f6ff7abb3f7ac796f6ff78c3bf78a7d6f6ff782a4f786436f6ff785cef7799a6f6ff75cdcf7588a6f6ff74941f751556f6ff75006f752676f6ff7426df756376f6ff751c4f74b636f6ff75b21f7655e6f6ff7763ef777fd6f6ff78ac3f78e206f6ff79997f7a1386f6ff7ce10f7d6d36f6ff7dd34f7ded86f6ff7d6f5f7cd116f6f1936,"-74.99321666666667,-0.13838333333333336",,209,5
12/Feb/2026 09:12:54,RockBLOCK 231708 - Head-02,MO,698c478535ed2bf8449af86d196f6ff8ae37f8b9106f6ff8c163f8af376f6ff8bee6f8d14c6f6ff8d0e4f8e7016f6ff8f05ff8edfa6f6ff8b081f8b6676f6ff8af8ff8a6e36f6ff8f1b6f8eee26f6ff8e5c5f8e4d86f6ff8d2b1f8c8af6f6ff8d073f8de8b6f6ff92a1cf92ee96f6ff8e59af8ee196f6ff918bcf8fc446f6ff91aebf918a36f6ff8f73ff8f4836f6ff8c96bf90d546f6ff8cf70f8bbbb6f6ff8ce28f8ed296f6ff90b78f913976f6ff90b1cf90d106f6ff90868f90d8b6f6ff95a05f901d46f6ff93ff8f935626f6f1936,"-75.02788333333334,0.0",,209,5
12/Feb/2026 09:06:59,RockBLOCK 231709 - Head-03,MO,2efc1dfcdc0a564d301a96302718fd0f0a55d5318e803187f6fc9e0a565f33b6cc33cc0efcc90a552735d19e35ba6efcfc0a558719ec,"-75.02788333333334,0.0",,54,2
12/Feb/2026 09:06:50,RockBLOCK 231709 - Head-03,MO,698c45d236d7c92f02952ed0cafcbd0a557f47e39147bcf3fcf20a5ba1478d9f479ad2fcba0a519647a547477c85fcc50a5c4047ec8f4802e3fcc80a5cb548062247fc3dfcef0a5e9e48651a4875d3fca30a63aa48c304489df1fc9f0a65e648ba7948dac1fcb80a703b48be6948e9edfcdc0a66c048d7b948fbd5fcdb0a721748d520491bfffcc20a77752d76182d739efd170a565f2b3c102b5221fcb80a56052ebbc82ebb53fc8a0a55f33201e73210e6fd0a0a55c835d2a435ca4ffcc20a55f23cd2723cbd27fcb00a55b641f86d41fe42fcbe0a5979453d3d453c8ffcc40a569a46d5ef46e794fce20a578e479774479349fd020a573047cb2147cabefcd20a57e947c98e47ee72fccd0a58bc47b03d47cdbafccb0a584b2abda42adbfffcc10a55f92a944e2a9b7ffce90a554c2b0add2ae028fcdb0a55cd2bdbe22bc5a8fcc60a55f32d69ee2d79a7fcff0a55d32ef48f,"-75.02788333333334,0.0",,340,7
12/Feb/2026 05:12:56,RockBLOCK 231708 - Head-02,MO,698c0f4535ed1bf70451f7100d6f6ff740c4f714d26f6ff72622f7033d6f6ff7266cf726886f6ff7262af72f3e6f6ff747c6f72e8e6f6ff710c1f75ab96f6ff72f24f779276f6ff77619f71bad6f6ff75a14f745c56f6ff7536cf7693e6f6ff7527bf773bc6f6ff78014f763706f6ff77c04f77d946f6ff7b09ef7aee26f6ff78e2cf79f826f6ff7ccb0f7b92d6f6ff7ced5f7c4fb6f6ff7e8d4f7e7976f6ff81eb1f844bb6f6ff8927cf8a3326f6ff8a92cf8981e6f6ff88068f8716b6f6ff86003f857966f6ff8300bf8278f6f6f18bc,"-75.02788333333334,0.0",,209,5
12/Feb/2026 01:12:51,RockBLOCK 231708 - Head-02,MO,698bd70535ed101432be1434c06f6f144cd0145a366f6f1462901470916f6f1489e51490206f6f14992f14a0f46f6f14addb14bc7a6f6f14c9ce14cfae6f6f14ec9314f68d6f6f1500bb1510176f6f1528e51530876f6f1544031544d86f6f15597d1567626f6f157c7d1583f06f6f15968b159fd26f6f15a61115b1066f6f15b97715c1986f6f15def315e4a36f6f15e63c15f8906f6f1610fd16174e6f6f1636301639436f6f1647971655046f6f1667a51674696f6f168f2f1696466f6f16a0a616af046f6f16cb8d16cbe66f6f1936,"-75.02771666666666,0.27745",,209,5
11/Feb/2026 21:12:57,RockBLOCK 231708 - Head-02,MO,698b9ec535ec59f97f86f94ef56f6ff97340f9808c6f6ff98294f9b8816f6ff9a864f986376f6ff9c1b1f99e2f6f6ff9961ef98b7b6f6ff9ecd8f9cbbc6f6ff9c9a8fa07a36f6ff9e1ccf9c8b36f6ff9c6a5fa1c7d6f6ffa1a63f9e5886f6ffa0e6dfa2f6b6f6ff9f43afa3c0a6f6ffa23e3fa22fe6f6ffa6a12fa24f26f6ffa1fa3fa387a6f6ffa75defa4ace6f6ffa5ee8fa5ae66f6ffa5a71fa40926f6ffa6632fa9e406f6ffaa4edfa8cdd6f6ffa7ba3fa71056f6ffac69ffa97e96f6ffaa56afab7be6f6ffae543fae68c6f6f1936,"-74.94658333333334,-2.3457333333333334",,209,5
11/Feb/2026 21:07:07,RockBLOCK 231709 - Head-03,MO,2efad7fcd80a4df2300ad2301762fd0d0a4d7b318127317aaefca20a4e0533b12633c68dfcc10a4cd335d3db35bcaefcff0a4d3219e4,"-75.02788333333334,0.0",,54,2
11/Feb/2026 21:06:52,RockBLOCK 231709 - Head-03,MO,698b9d1236d81c2b630a2b40f6fcbd0a4d1747d99e47b2d4fcf40a52fc478dca479b05fcb60a4a6447a2a94779e6fcca0a53ae47e50d47fb3ffcc50a542347f7c447edb1fced0a5609485caf486d59fca20a5b0648c078489b7efca00a5d3548b87748d8e2fcb30a67aa48bd5248e8d4fce30a5e2c48d70d48fb2dfcda0a695248d490491b69fcc10a6ead262040263c91fd0f0a4e322b8db02ba538fcb90a4daa2ebf952ebe9efc850a4d8c31f53b32043dfd030a4d6135d46e35cc34fcc40a4d883ce08e3ccb45fcaa0a4d4b420655420c35fcb80a5194454801454741fcb30a4e3546dcf746eea8fcdd0a4f1a479b75479749fcf20a4ece47ccf147cc9afcd00a4f7447ca2747ef0bfcc20a505447b03247cda6fcc50a4fe828912828ad9dfcc00a4de22ac1d72ac8c4fcdb0a4d012b9fd42b74defcd00a4d712c3ac62c2599fcc90a4d942d8a0f2d98f4fd010a4d742ef32b,"-74.95713333333333,-0.8283",,340,7
11/Feb/2026 17:41:03,RockBLOCK 231710 - Head-04,MO,698b6d0a3699d932102232021463d1e5fcac3908ef3902d263c7a7fc8545d82345c3fa63bfd2fc9847b72647b30763c4f1fca247a1dc47ad5663b72efc82478086478b4d63c8bcfc6c47dba747d44463bb44fcb2481465480d7263bb58fc46486d314858b563bd61fc7848aff0488da963bc04fc5c48dc5d48be6163b9adfc5f48da6448facc63b776fc53490b77490aec63bafffc6448fd64491e2763bd14fc6548f5a24907b063c098fc7c48c85148ffee63a962fc4b48cc5f48c01a63bbfefcc7487d564878da63b052fcbc4827cb48163d63b5d6fc7d48108d480f0463bdfafc7632038631f38563bfa0fc90347cab34847563ccf3fc83382e843820dc63b2fdfc753e7b193e9eaf63b71dfc7f46d41946fe8863b410fc921a29,"-75.02785,-0.13871666666666668",,284,6
11/Feb/2026 17:12:59,RockBLOCK 231708 - Head-02,MO,698b668535ebf0f890e2f8976b6f6ff89982f897e86f6ff8975df897a96f6ff89797f899736f6ff89c56f8a01e6f6ff89cbaf89e026f6ff8a61cf8a5be6f6ff8a6f7f8a8836f6ff8a656f8a1726f6ff895dff895db6f6ff89f46f8a06b6f6ff8a690f8a9e66f6ff8b16bf8b4d86f6ff8a975f8a76f6f6ff8a734f8a37f6f6ff89815f891436f6ff880cdf87a766f6ff86604f868316f6ff857fbf850836f6ff8492ff841366f6ff82cfef829186f6ff81595f80d586f6ff7fc11f7f7f46f6ff7e5cdf7de7d6f6ff7d57bf7d3546f6f193e,"-74.81755,-6.30995",,209,5
11/Feb/2026 13:12:51,RockBLOCK 231708 - Head-02,MO,698b2e4535eb32f9110cf9267b6f6ff90129f92fff6f6ff91a03f8ddca6f6ff8f063f8e8386f6ff8c2c1f8efb96f6ff8ec34f8d2fc6f6ff90dcef902f06f6ff8d1d8f8d70a6f6ff918d4f957926f6ff93f70f944aa6f6ff94d71f94c576f6ff94a81f9aa756f6ff987e2f9ab036f6ff97223f934e56f6ff9485ff984756f6ff9a37cf9a5956f6ff971bdf9831a6f6ff9b4b2f9d2b86f6ff9848bf9a2c76f6ff9a2a1f9a5906f6ffa05a4fa0acf6f6ff9e46ff999d76f6ff9f8d6f9e9df6f6ff9a891f9f0796f6ff9b571f9aed96f6f1936,"-74.99321666666667,-0.13838333333333336",,209,5
11/Feb/2026 09:12:53,RockBLOCK 231708 - Head-02,MO,698af60535ebeef807f2f813e36f6ff82287f822216f6ff82760f82b0b6f6ff835f9f83e226f6ff84a9ef8553a6f6ff85e8cf85b596f6ff86991f873946f6ff866b1f85bf76f6ff8465ef850756f6ff8704cf873396f6ff86420f867206f6ff87574f87be66f6ff89a9bf8aa2a6f6ff8a7c6f8a9516f6ff8aad1f8b31f6f6ff8c86ff8d8406f6ff8d532f8dda16f6ff8f5d6f9046d6f6ff91cabf920ed6f6ff9329ef92f256f6ff924f6f92aeb6f6ff92516f925016f6ff925cef92d7c6f6ff949a8f956e26f6ff967f6f96d966f6f1936,"-75.02788333333334,0.0",,209,5
11/Feb/2026 09:08:46,RockBLOCK 231709 - Head-03,MO,2ed60efcde0a4a2f2fe9122ff57ffd0d0a49b83167b2316125fc9f0a4a3d33a79a33bceffcc60a490835d35535bc29fcf70a496419f5,"-75.02788333333334,0.0",,54,2
11/Feb/2026 09:07:43,RockBLOCK 231709 - Head-03,MO,698af45236d7cb2378d423577dfcbe0a4a1e47e10647bac5fced0a4f414792d2479ff6fcbd0a47de47b000478754fcbf0a4ffa47f5e4480c53fccc0a5077480c0b48021bfce70a5256486487487544fca30a574848c23d489d37fca40a596f48b9eb48da41fcaf0a63aa48be8348e9fffce30a5a8348d7e248fbf6fcdc0a657448d578491c51fcc00a6ac82a35632a4b06fd150a4ac12bb1762bc7ccfcba0a49fe2eb3752eb273fc830a49e831dfae31eecbfd030a49bf35d44035cc12fccc0a49e53cedf63cd8acfcae0a49a64214124219f3fcbb0a4e564552a64551f1fcb30a4a8b46e3fa46f5a7fcde0a4b5f479f69479b38fcfa0a4b2747cec147ce62fcd50a4bb147cab747ef9cfcd10a4c9b47b01a47cd8ffcc00a4c362a28432a45abfcb90a4a0b2afca22b03b1fce20a49372b803f2b552cfcc90a49ad2c31d82c1ba8fcc50a49d72d72742d8214fd010a49b42ece68,"-75.02785,0.13871666666666668",,340,7
11/Feb/2026 05:12:51,RockBLOCK 231708 - Head-02,MO,698abdc535eaa5f8df1af8d9456f6ff8e938f919056f6ff8fca7f915ff6f6ff9233ef918c96f6ff93a40f924d56f6ff9451af93be56f6ff91a2cf930d66f6ff90e7ff90e736f6ff92cc1f946416f6ff939d0f90ab96f6ff91b4ef937036f6ff934e6f90f576f6ff942c5f940a16f6ff93a6ff962886f6ff98de5f98ca16f6ff96c88f946126f6ff97629f96e7f6f6ff97ae1f9611d6f6ff97078f956826f6ff971def97c9d6f6ff979d1f97e416f6ff98dcbf9866b6f6ff99f6df9a5ca6f6ff9ad37f9d0ee6f6ff9ab98f9a6506f6f1936,"-74.99325,0.0",,209,5
11/Feb/2026 01:12:51,RockBLOCK 231708 - Head-02,MO,698a858535eaf6f7f209f7ef496f6ff7fa35f7fe8a6f6ff80d90f808f06f6ff80e1df8192d6f6ff8191bf818e46f6ff81768f814926f6ff81d46f81e446f6ff82086f826b46f6ff8182ef81ff06f6ff8272cf82b496f6ff82c09f82ed36f6ff83eebf83e1d6f6ff8442ef84aa06f6ff8483ef83ebc6f6ff843bef845216f6ff844fff8451c6f6ff8421af841af6f6ff842e5f847426f6ff84d80f848496f6ff84716f845c86f6ff8517ef857386f6ff85889f856486f6ff863bbf85a276f6ff86851f86d2c6f6ff8608ef870036f6f1936,"-74.99321666666667,0.13838333333333336",,209,5
10/Feb/2026 23:23:39,RockBLOCK 228680 - Head_26-02,MO,698a78ca481aab052b2705276e7f04cbfde30f0196052b140527537f04d5fde00f01980dc7,"53.05271666666667,9.109133333333334",,37,1
10/Feb/2026 21:13:00,RockBLOCK 231708 - Head-02,MO,698a4d4535eb0cfa9a56fadda26f6ffabb9afad29f6f6ffadc0efb09796f6ffb0293fb12026f6ffb1db5fb50056f6ffb7961fb58e66f6ffb5fc9fb57d36f6ffb6d52fbb0e36f6ffbc26dfba56e6f6ffbb8affbcb746f6ffc028afbde466f6ffbe42dfc2ac86f6ffc1089fc4a666f6ffc29f5fc5fe56f6ffc4cb2fc7a266f6ffc7d67fc99256f6ffc74adfcb5976f6ffc97c2fcb9f96f6ffcedf3fcbae56f6ffd089ffcd8356f6ffd01a0fd2ada6f6ffd31ecfd22226f6ffd6713fd2d436f6ffd562cfd91776f6ffda200fd763e6f6f1936,"-74.95758333333333,-0.6902666666666666",,209,5
10/Feb/2026 21:06:56,RockBLOCK 231709 - Head-03,MO,2ec460fcd90a4c262fceeb2fdb7efd0e0a4bb03158313151c8fcab0a4c3833a44733b9bdfcc50a4aff35d7ea35c0c8fcf60a4b6019f5,"-74.95596666666667,-1.10435",,54,2
10/Feb/2026 21:06:45,RockBLOCK 231709 - Head-03,MO,698a4b9236d6c426d02726b21bfcc80a4bb347e87947c1c4fcef0a50ef47900a479d30fcb80a4a5d47aac7478207fcd00a51b547f3b34809fcfcca0a5230480d7e4803a0fcea0a5409486988487a42fca10a58f448c51648a001fc9f0a5b1248bc3848dc7bfcb40a64e148bf6b48eaddfce10a5c4148d86948fc83fcd30a670d48d5ba491c99fcc10a6c6127bea727da54fd190a4c7c2c06372c1c78fcb90a4bd82ea7082ea57cfc810a4bc631cc0231db47fd050a4b9835d84b35d03afcc50a4bc43cfc0c3ce6b9fca60a4b834221ec4227b6fcc40a5094455d44455c81fcbb0a4c6d46ead146fc85fcd60a4d3747a335479f08fcf00a4d1047d06747d008fcce0a4d8547cb2c47f00afcc80a4e8547afdd47cd5afcbc0a4e2529b7cd29d527fcbf0a4c0c2b4d8f2b5481fcdf0a4b2d2bfd432bd20bfcd30a4b9e2c7b9b2c665dfcc70a4bc32d85fe2d94ebfcfe0a4ba92ebca3,"-74.95596666666667,-1.10435",,340,7
10/Feb/2026 17:41:05,RockBLOCK 231710 - Head-04,MO,698a1b8a36983c3201e231f3ec63d1ecfcae39372339310c63c7adfc8046195346057c63bfe0fc9a47bda647b98763c4e7fca747a2be47ae2863b71ffc84478a5c47953063c8b9fc6d47e9b647e27563bb54fcb64822a0481bbb63bb56fc47487188485d1f63bd6efc7c48b3a948916f63bc01fc5d48dd5a48bf5463b9b2fc6948db4c48fbab63b773fc50490bba490b2a63baeefc6048fda0491e5f63bd18fc6c48f5b54907b763c097fc7648c86248fffb63a954fc4f48cc6948c02a63bbebfcbd487d584878e463b03afcc14827d148164c63b5d0fc7348109e480f0c63bdf9fc7731eba731dbcf63bf92fc8d347e6534863a63ccf0fc8338420238345163b307fc7d3e97953ebb2b63b703fc7e46e076470ae963b41afc971a21,"-74.99325,0.0",,284,6
10/Feb/2026 17:12:59,RockBLOCK 231708 - Head-02,MO,698a150635ea1dfc7000fc7fa96f6ffc8b46fcc4fb6f6ffcbc75fd0b426f6ffd282afd0d496f6ffd6a64fd72cd6f6ffd4d28fd66ce6f6ffda19efd7d6b6f6ffda220fe031d6f6ffdfb39fde1ef6f6ffdfe4afe3f996f6ffe6234fe378a6f6ffe9803fe8d926f6ffe964ffed77a6f6ffef79ffee52e6f6fff2063ff2a4b6f6fff33cdff17836f6fff511a8b9a6f6fa93b81646f6f9cd8d8a06f6fe9aad0e66f6fb836e1bf6f6f35f736af6f6f247505f66f6f1d0d29586f6f56f0617e6f6f1936,"-74.95796666666666,-0.5522166666666667",,192,4
10/Feb/2026 13:13:00,RockBLOCK 231708 - Head-02,MO,6989dcc635ea20fd6122fd5d046f6ffd7235fdbd756f6ffd9338fd97e86f6ffdaefcfdc9746f6ffde66afe2b4f6f6ffedc2afed7256f6fff3e5fff43fb6f6fff3fecff5d706f6fff4f5eff70346f6fcdd1f30f6f6f1a6f315e6f6f48fa7eda6f6f00804800ae0d6f6f00e11900ce906f6f00ee7e00efc56f6f010e93011a186f6f00e8970140286f6f01804e01703e6f6f01d25401ea696f6f0227f20231bb6f6f0271b6027a656f6f02945502eb2c6f6f031b550321366f6f03145a02f96d6f6f034c9e036ce26f6f1936,"-75.02721666666666,-0.5549",,203,5
10/Feb/2026 09:13:00,RockBLOCK 231708 - Head-02,MO,6989a48635e9b300f07201105e6f6f01a6a601a41d6f6f01c84801f9d56f6f02297b02603b6f6f02a84a02dcb26f6f0325890335d66f6f03a11c03c3fe6f6f03fd8704506e6f6f048ace049c396f6f04f2e104fa7b6f6f053f890577296f6f060c4506080e6f6f0631bf06483e6f6f06d50b06e9786f6f072abf075d186f6f07ee0607f8e36f6f081c3f08275c6f6f089edb0876cb6f6f0929110936ff6f6f096a4b09735c6f6f09d15e09cb186f6f0a5ff10a524b6f6f0ab3330adc2c6f6f0b27430b56b96f6f0b8bc20ba58f6f6f1936,"-75.06253333333333,0.0",,209,5
10/Feb/2026 09:06:58,RockBLOCK 231709 - Head-03,MO,2e86ddfce00a52982fa3f92fb048fd070a5223313f8e313924fca00a52ab339e3133b389fccb0a517535d9b735c29dfcfc0a51d819f5,"-75.02788333333334,0.0",,54,2
10/Feb/2026 09:06:49,RockBLOCK 231709 - Head-03,MO,6989a2d236d6af281d3f27f2e1fcbb0a520647ee2047c776fcf20a5725479202479f1efcb30a511d47b0794787bafcc80a57f847fa6f4810d1fccd0a586e4815de480beffce80a5a46486cff487db3fca00a5f2e48c64048a11afc9f0a614548bcff48dd3efcb60a6a6948c01148eb82fce80a629748d8b448fcc6fcda0a6d3c48d607491ce4fcc20a72922ae4002af2a8fd210a52c92c29d42c40a7fcbd0a52392e80382e7e8bfc8a0a522731b2b131c228fd170a520035db6135d357fccb0a52283d09593cf40bfcb10a51ea422f8e423556fcc30a573f4567c045670afcbc0a52da46f1a8470352fce10a539b47a6fa47a2befd080a537a47d20f47d1a9fce00a53e247cb9347f07bfccb0a54ef47afac47cd2cfcca0a54962a16292a333efcc40a525e2b52822b596bfcdf0a51932bef362bc39ffcd80a52102c924a2c7bf6fcd00a52382d5b732d6b1ffd0b0a521b2e7f2b,"-75.02785,0.13871666666666668",,340,7
10/Feb/2026 05:13:00,RockBLOCK 231708 - Head-02,MO,69896c4635ea48018ce001a7686f6f0229e4025b926f6f02c8c802d7336f6f03643a036cff6f6f03e78d0405586f6f0465e704a8656f6f0520a90532486f6f05906705d4d66f6f0637b70654566f6f06e88606fb256f6f075f6b0779df6f6f07f01907d0f56f6f0843c2085d066f6f08ecab0933156f6f094e670990646f6f09f6ef0a11616f6f0a964b0aa5956f6f0aef0b0b0c836f6f0bbe440c0a506f6f0c77ca0c94806f6f0cb8420ccfdc6f6f0d36990d70396f6f0db6d00e1d7e6f6f0eb49f0e96ed6f6f0f1c2d0f507b6f6f1936,"-75.02788333333334,0.0",,209,5
10/Feb/2026 02:01:12,RockBLOCK 228680 - Head_26-02,MO,69894cca47ff2705430f053f207f04e7fddb0f3ef70542f6053f137f04e5fde70f3ef50dc7,"53.00725,9.040816666666666",,37,1
10/Feb/2026 01:13:01,RockBLOCK 231708 - Head-02,MO,6989340635e958047db904b7e66f6f051269054f606f6f05f40c05e7856f6f06600d0663ca6f6f070554071b4b6f6f079aac07d80c6f6f0838cb0860476f6f090864091a9f6f6f09924809b7336f6f0a47a50a5a906f6f0acfe50af3c26f6f0b61dd0b916a6f6f0c1e810c3aa86f6f0c940b0cd3916f6f0d5f8f0d899b6f6f0dec220e20b06f6f0e9eff0ebbef6f6f0f462f0f44a16f6f0fcdc90ffc716f6f106f081076e76f6f111a851144cc6f6f11ac1911e8e66f6f122ff3125d1f6f6f12caec12f6436f6f137e7113ac566f6f1936,"-74.99288333333334,0.4151666666666667",,209,5
09/Feb/2026 21:12:56,RockBLOCK 231708 - Head-02,MO,6988fbc635e8ed05330f055f966f6f05be5f05e97a6f6f066c6206af226f6f070c3d074ebf6f6f07be5a07e9d96f6f0846790884236f6f0910d8095c4e6f6f09c45909e8bb6f6f0a67540a877d6f6f0af5b00b3ee36f6f0b98000bdd0a6f6f0c3e6d0c78446f6f0cf3420d19a56f6f0d69590dbb7a6f6f0e26dc0e58866f6f0ee6940f05bf6f6f0f7bce0fba526f6f1024a010590c6f6f10c86e10f1306f6f1174c411ab456f6f122dbb125e376f6f12d65c13021e6f6f13784a13a0476f6f141c8c1439476f6f14b7cb14db246f6f1936,"-74.95525,-1.24235",,209,5
09/Feb/2026 21:07:05,RockBLOCK 231709 - Head-03,MO,2e5b97fce40a5bc72f88082f9476fd0e0a5b5431368431303afca60a5bd433a05c33b5cdfcd00a5a9f35e15335ca24fcf70a5afc19fe,"-75.02788333333334,0.0",,54,2
09/Feb/2026 21:06:52,RockBLOCK 231709 - Head-03,MO,6988fa1236d5e5276cc2274bd2fcc20a5b6e47ea5947c38ffcf00a606e478cc9479a01fcb90a5abd47a729477e8afccc0a614b47f17a4807e7fcd20a61c5480c774802bcfce70a63964868d04879a1fca80a687748c4df489fd7fc9e0a6a8848bbcf48dc1efcb30a72e348bf3348eaabfce60a6bef48d82f48fc49fce40a767348d589491c70fcc30a7bc727c9ff27ec35fd1c0a5c342d07c52d1c08fcbb0a5b862e49ac2e47bafc820a5b7431a1fb31b1b7fd050a5b4c35e3cd35dbc8fcc00a5b733d17703d0220fca40a5b32423d55424319fcbf0a60d045723c457179fcb50a5c2246f85c470a02fce00a5cd647aa9747a65ffcfa0a5cc147d39047d329fcd80a5d1647cbef47f0cdfccf0a5e3147af6a47cce2fcc30a5dd82a8afd2aa865fcc20a5bbd2c85582c8c5efce40a5acb2cf7ff2ccc63fcd20a5b3d2cfe112ce939fcc30a5b682d3c932d4b77fd080a5b4c2e53d9,"-75.02788333333334,0.0",,340,7
09/Feb/2026 17:40:58,RockBLOCK 231710 - Head-04,MO,6988ca0a36978e31fd7b31ef7a63d1e7fcb33967e83961bc63c7bafc83462ac64616ad63bfd8fc9b47c19f47bd7463c4e7fc9f47a15047acc163b723fc854786f14791c963c8a7fc6547e7d447e07f63bb36fcb5482217481b2863bb44fc41487129485ccb63bd65fc7e48b37948912063bc00fc5e48dd3548bf2863b9a5fc5d48db0a48fb7163b776fc56490bad490b1a63baeefc6b48fd87491e4a63bd18fc6748f5ad4907b663c092fc7c48c86548fff463a960fc4a48cc7a48c01d63bbf1fcc6487d5d4878e263b04afcbc4827e248164363b5d8fc7a48109a480f1763bdfbfc7a31df0131cf3463bf9dfc90348793348f7f63cce4fc893856ba38490263b30afc773eb42a3ed7d863b711fc7f46ec814716f763b414fc921a29,"-75.02788333333334,0.0",,284,6
09/Feb/2026 17:12:54,RockBLOCK 231708 - Head-02,MO,6988c38635e8e60d99030de9746f6f0f936e0f41a06f6f116f6b12845c6f6f17002217cbfa6f6f19b52c1a0f986f6f1b45b81b95ae6f6f1c4b851cbea16f6f1d2d991de6786f6f1c76971aec566f6f161b0316254a6f6f11c72a12e4176f6f14d5c71554f76f6f20532f2348776f6f231ccc2050dd6f6f1e1d65203f9e6f6f1f6cdd1f7f686f6f293ec82e4b756f6f3637a73998746f6f402d404196d76f6f45e23945ded76f6f4538994139546f6f3ac5f43b5e316f6f3bc49842e5396f6f5d8bc961384b6f6f61c5fe60b7956f6f1936,"-74.99221666666666,-0.6919333333333333",,209,5
09/Feb/2026 13:12:52,RockBLOCK 231708 - Head-02,MO,69888b4635e8b200e55aeb00e1ced36f6f00aac81c0089cf696f6f7fbe4e008b53a86f6f00869d1973538f6f6f008f423c009346b16f6f00c8fe9f00be073f6f6f0090575800999c236f6f00a9cc1e00c41e8e6f6f00b15fca00a1e07c6f6f00d4341c00e6ebda6f6f00dfa63e00e49ffa6f6f00fe14c200e892d86f6f00efec9200f76ed56f6f00aab09b00a52fd36f6f00b5dd6f00c5a6a86f6f00ca8d6200d0367f6f6f00a8c5b500889dbb6f6f78f91a6f38846f6f0085795069cc446f6f5df04d0083a0dc6f6f00d1f88f00df867c6f6f0100000000eb59da6f6f00ea1e5900b279296f6f7d95627fd1746f6f00adcdea00d9ae916f6f1936,"-74.99288333333334,-0.4151666666666667",,251,6
09/Feb/2026 09:13:01,RockBLOCK 231708 - Head-02,MO,6988530635e89400977922008e7a166f6f66376873e9316f6f6adcab6cbd786f6f34da993902666f6f5bd7017c70986f6f00a60f3e00b6960e6f6f00ca8e2600d230186f6f00c8bc8c00d062f06f6f00b6885d0084bf976f6f3c30c122ce8d6f6f47c1947934ca6f6f0099c9e300af9c556f6f008ceff33271666f6fdb3e75cec9226f6f07d6b1112bb76f6fee4792e505196f6fcdab7fcccff56f6fd4b7e4cd06496f6fd94dabd134b16f6fe2036610059b6f6ff7b8a2e6eacb6f6fd721f1e038d16f6f356c0e4138a86f6f5dd50073a1d56f6f711d6c0089cba26f6f1936,"-75.02788333333334,0.0",,223,5
09/Feb/2026 09:07:00,RockBLOCK 231709 - Head-03,MO,2e0cccfce00a62272f64532f708afd110a61b5312985312328fcab0a623833a16d33b6d4fcc80a610335e6a635cf7ffcf90a615c19fe,"-75.02788333333334,0.0",,54,2
09/Feb/2026 09:06:50,RockBLOCK 231709 - Head-03,MO,6988515236d4592457d9243600fcc90a623447eabc47c402fcf90a668f478b834798b7fcc00a617d47a450477b8efccc0a677847ed5a4803b9fcd40a67f248077247fd99fceb0a69c64866094876cafca50a6ea148c3a1489e9bfc9b0a70ac48babd48db13fcb30a786048be8d48ea09fce30a723148d7c648fbe0fce20a7c8e48d52b491c09fcc50a81e52d3d9f2d55d9fd170a62652d5c5e2d6cc8fcbf0a61c02df4a92df363fc8c0a61c93190d331a0c5fd0c0a61a135eaca35e2d5fcc60a61c43d24cb3d0f7cfcb50a6183424b154250dffccb0a6764457cc3457c00fcbf0a627946ff204710c2fce70a631d47ae4347aa0dfcfe0a631847d52347d4c1fcdc0a635a47cc4647f122fcd80a648447af2c47cca2fccc0a64332d1ebb2d3d4afcc90a61ea2d327e2d39dbfce90a610d2ce34d2cb7ebfcd80a61962cafae2c9a32fcc80a61ca2cbdda2ccd8afd080a61af2e0538,"-75.02788333333334,0.0",,340,7
09/Feb/2026 05:12:58,RockBLOCK 231708 - Head-02,MO,69881ac635e880009917730095674b6f6f00bbbdf900cfa7c86f6f00d5371800e366456f6f00f169ba00f806a56f6f00e994c900ffbd546f6f00df954800e024c06f6f00e9145c00d01db66f6f00ca6d1e00c616b36f6f00e1bfbc00ee76be6f6f00aeb85700c4db176f6f00e9d21a00e1df0f6f6f009e52f875baa86f6f57cd473852726f6f02285cf553766f6fefc835e746636f6f36044440cefb6f6f7159067c042c6f6f5f366b6a03b86f6f7b7119008d22396f6f6c240d7282ad6f6f5f27545704d06f6f5b0fd766f5a86f6f6cc27f592c6b6f6f3f354051ebc26f6f6eb8786aacc36f6f1936,"-75.02788333333334,0.0",,233,5
09/Feb/2026 04:41:40,RockBLOCK 228680 - Head_26-02,MO,69881fdb4804a0053f0c053b2b7f04e7fde20f5ce9053ed4053ae97f04e6fdda0f5ced0dc7,"53.002716666666664,9.099683333333333",,37,1
09/Feb/2026 01:12:52,RockBLOCK 231708 - Head-02,MO,6987e28635e867009b0b0a009395796f6f00cff55c00c3125c6f6f0087bb84008d36136f6f1fdd322d7f736f6f2dce8e3f322e6f6f28ffc838561c6f6f3b2cf03a49556f6f28a56834d59d6f6f0c5167fb8a656f6f2415b217d11d6f6f1e62d03bf9276f6f2d25ecf88bd06f6fd8e410cce23d6f6fcd0d63cd2ad06f6f00f48e0a80ac6f6f4657ef54c8196f6f262fab2f27f26f6f0086bdee6b4b486f6f0095ab0600b1e9f76f6f4d0af80452676f6f01471205020c6f6fc73ef384ff6f6f2f27432c92636f6fe292c7ee55006f6fe422adfd188e6f6f1936,"-75.02785,0.13871666666666668",,217,5
08/Feb/2026 21:13:01,RockBLOCK 231708 - Head-02,MO,6987aa4635e7d400f0ff5600efa5086f6f00f22b2a00f35ed46f6f00e2f4d100e3cb7f6f6f00d4694e00d4275e6f6f00d0341300d5bf0d6f6f00d5955900dc21976f6f00e1a54500fd1c0a6f6f010000,"-75.09928333333333,1.8116666666666668",,80,2
08/Feb/2026 21:07:02,RockBLOCK 231709 - Head-03,MO,2de42bfce10a62732f57462f6380fd0c0a61ff312ebb312876fc9f0a628233ab7433c0ecfccb0a614735f24935db30fd020a61a619ca,"-75.02788333333334,0.0",,54,2
08/Feb/2026 21:06:49,RockBLOCK 231709 - Head-03,MO,6987a89236d4a42a53b02a2e42fcc30a61e647ecda47c629fcf90a669d478b6c47989bfcb90a62c347a3cf477b08fccc0a679547ecce480306fccf0a680f48061947fc07fcf40a69e14865a8487668fca60a6eaf48c385489e7afc9f0a70b648bab548dafffcb20a780348be7d48e9fafce00a725948d7b248fbddfce00a7c8a48d521491bf7fcc00a81da2d72402d8906fd1a0a62862d65792d7217fcbb0a61f92da5832da4b5fc880a620b318bf4319c22fd060a61dc35f66735ee75fccd0a62053d33053d1db7fcad0a61c5425920425edffcc30a67fb458762458695fcb80a62c34705df471785fcde0a635947b1fa47adbcfcf70a635f47d6ad47d648fcd50a639247cca847f18bfcc60a64c647aef447cc5cfcc00a647d2e519f2e71fffcc40a62282d8a292d91d8fce40a61562ce5602cbaecfcd70a61e12c42652c2e6cfcc70a62152c5c632c6b39fd090a61fe2ddcaa,"-75.02788333333334,0.0",,340,7
08/Feb/2026 17:41:06,RockBLOCK 231710 - Head-04,MO,6987788a36974831ef0531e0fb63d1e6fcab3972fa396cd563c7bcfc864638fd4624d763bfddfc9b47c2bd47beae63c4ebfc9e47a1bc47ad2963b728fc804789b447947d63c8b1fc6f47e9f147e28b63bb3ffcb34822a8481bc263bb55fc49487139485ccb63bd69fc7c48b3144890d063bbfafc6548dce748bedf63b9aafc6148db1148fb6863b78afc54490b87490aed63bb01fc7548fd78491e3b63bd0bfc6548f5b84907c063c09cfc7948c85748fffb63a95afc5048cc6348c02163bbebfcc7487d5c4878e563b03ffcb54827df48164b63b5dafc84481096480f0f63be00fc7c31e28a31d2bc63bfa0fc91349787349f7663ccf0fc7f386cd7385f1f63b304fc773ed2053ef5c063b713fc7346f8b347231363b408fc8c1a21,"-75.02751666666667,-0.41618333333333335",,284,6
08/Feb/2026 17:12:53,RockBLOCK 231708 - Head-02,MO,6987720635e796f5e0dcf60e586f6ff6484af63ee46f6ff615c4f5f3806f6ff60ab3f612fd6f6ff5fdb5f5e5b46f6ff5b952f5aecb6f6ff5d0b7f5c0796f6ff59becf5c38f6f6ff5c153f5a4c76f6ff5bc70f5a1db6f6ff58ef8f591096f6ff5ab70f57dc46f6ff5a38ff5743c6f6ff59433f599b26f6ff55ad5f55d146f6ff57a43f54cac6f6ff57820f55fb76f6ff55c33f58def6f6ff53939f51d836f6ff52994f54da66f6ff54f44f56f036f6ff57095f532386f6ff54642f540316f6ff555c5f52f226f6ff5323bf53ca46f6f193e,"-74.90533333333333,-2.06505",,209,5
08/Feb/2026 13:12:52,RockBLOCK 231708 - Head-02,MO,698739c635e78cf7208ef724b26f6ff6fe37f712cb6f6ff70022f72e636f6ff74ab4f72a5d6f6ff724fcf7157f6f6ff70374f711006f6ff6f233f6f3f36f6ff729b5f719c86f6ff6ff09f6dc556f6ff6adc6f69f286f6ff6c917f6c83d6f6ff6cd09f6a2f56f6ff67e9af6a13a6f6ff67b0af6ac126f6ff6c2cdf668486f6ff636f0f62b386f6ff5b74ef5f9536f6ff5bd1af5eb796f6ff5a46cf5c2b16f6ff5cd3af5e79e6f6ff5de5bf5dc9c6f6ff5bb7cf5b0286f6ff5f9f9f5ecd66f6ff5c352f5d54e6f6ff5cdedf5e5c36f6f193e,"-74.99308333333333,-0.2767833333333333",,209,5
08/Feb/2026 09:12:53,RockBLOCK 231708 - Head-02,MO,6987018635e70ef6224df61fcc6f6ff66ee9f647966f6ff62d58f60a9e6f6ff5e3f9f5ee7a6f6ff5d6e9f5d3516f6ff58db2f5a5ba6f6ff5c211f5b5586f6ff59392f5dbe16f6ff5ae90f5ebf46f6ff5dc7af5b2866f6ff58582f595a76f6ff58816f556a26f6ff572c4f5a5066f6ff58a4bf587f16f6ff57f0bf5717e6f6ff56bf4f58a6b6f6ff56d24f571486f6ff5290af538446f6ff53e47f5556a6f6ff55d28f52f9a6f6ff56c39f5617a6f6ff51eb7f517756f6ff4c75ef50d956f6ff50da3f4dde56f6ff4fff3f507046f6f1936,"-75.02788333333334,0.0",,209,5
08/Feb/2026 09:07:12,RockBLOCK 231709 - Head-03,MO,2da743fcdf0a62362f43a02f4fa4fd0d0a61be312ae531247bfca00a624433af8533c4f8fccc0a610935f84a35e128fcfe0a616919f5,"-75.02788333333334,0.0",,54,2
08/Feb/2026 09:07:02,RockBLOCK 231709 - Head-03,MO,6986ffd236d549328da2327e96fcc20a613047e9bb47c31cfceb0a6648478a2a479763fcba0a63a747a0f5477834fcc70a674e47e86547feb5fcc90a67c548009047f69efce80a69944861c248728cfca30a6e5d48c1e0489ce0fca10a705a48b97048d9ccfcb60a774f48bdbf48e93afce00a721748d74f48fb63fcde0a7c1f48d4cb491baafcbd0a816f326c6732670cfd1d0a620a2c651a2c718bfcba0a61c52d563a2d5690fc7e0a61dd3188f2319955fd0e0a61aa36003e35f84afcc70a61ce3d40e73d2b88fcae0a619142674e426d09fcc00a681345920945913bfcbd0a6288470cb9471e4cfce40a631647b5a547b161fd010a632747d83d47d7d8fcda0a634647cd0947f1ecfcca0a648647aeb247cc26fcc40a64432eaa292ecb1bfcbd0a61b32c73592c7b3afce10a61122ba2b32b78f1fcd10a61a62b4a7e2b35cdfcc80a61db2bcd052bdc80fd040a61bd2d9ffb,"-75.02788333333334,0.0",,340,7
08/Feb/2026 05:12:59,RockBLOCK 231708 - Head-02,MO,6986c94635e6e21113271128136f6f1137ed1145986f6f1156b511473c6f6f1146a91139476f6f1142ae113dac6f6f114c9f1142cf6f6f1128441139496f6f114b3f114fef6f6f1137d511338f6f6f115f07114a7a6f6f1168a3116ad66f6f1153921168046f6f116ce311747f6f6f11692d1181296f6f117cbd1175276f6f11747f1177e66f6f1174811165a56f6f11869a118a3c6f6f1163241171336f6f1198631185906f6f11893e11777d6f6f118a1d11981d6f6f11889a11ac5d6f6f1192f711a1676f6f1199ae118fd26f6f1936,"-75.02788333333334,0.0",,209,5
08/Feb/2026 01:12:53,RockBLOCK 231708 - Head-02,MO,6986910635e70f11d4e711cf8d6f6f11eefa11f7da6f6f1204271201416f6f11f80311fd386f6f1209d512116e6f6f1213bb1215b16f6f1218bd1228756f6f1236d7122e306f6f1246831245616f6f125101125bad6f6f125d1012639a6f6f125e91126fea6f6f127246127c6b6f6f127d0b127f746f6f128c3712948c6f6f128f6b128cfd6f6f1295061299af6f6f12a0b712a6e06f6f12b85d12beaf6f6f12c2ff12ccf36f6f12c94b12d2016f6f12e80912f19f6f6f12ff5d13024d6f6f12fa421304926f6f1300431309136f6f1936,"-74.99321666666667,0.13838333333333336",,209,5
07/Feb/2026 21:12:53,RockBLOCK 231708 - Head-02,MO,698658c635e6e2f6cf38f6c34c6f6ff6e727f6e59a6f6ff6e5a5f6d53c6f6ff6ebd9f6f7576f6ff6dc69f6dc036f6ff6f1e3f6da6d6f6ff6db27f6eddc6f6ff6ef26f6e4bd6f6ff6e867f6f4b76f6ff70146f6fcff6f6ff6e969f703796f6ff6f38ef6dc866f6ff6e42ff6f9d66f6ff6e270f6ebde6f6ff6f752f6e41c6f6ff6eb76f6eaa06f6ff6fed6f6f4286f6ff6f67ef6ed206f6ff70f5af6f9b86f6ff705faf704db6f6ff6e7e3f6deb86f6ff6f332f71a286f6ff71017f707a56f6ff71ce6f70d4f6f6ff70905f71e8b6f6f1936,"-75.02788333333334,0.0",,209,5
07/Feb/2026 21:07:01,RockBLOCK 231709 - Head-03,MO,2d932cfcdb0a5b552f442e2f504cfd110a5add3133e3312d99fc9f0a5b6133b87d33ce0bfcc90a5a283601a835ea7cfcf90a5a8819fe,"-75.23716666666667,2.81325",,54,2
07/Feb/2026 21:06:51,RockBLOCK 231709 - Head-03,MO,6986571236d51f353b8935189dfcbd0a5a0947e55447beb8fcf60a5f43478a10479745fcc10a5e69479f3a477686fccc0a605247e41347fa6efcc90a60cc47f91747ef57fce70a6292485cd3486db3fca00a674f48c00d489b11fc9e0a694448b82148d88efcb10a702348bcf948e880fce20a6b1448d6ed48fb0cfce00a74ee48d485491b61fcc00a7a322d26902d3067fd170a5b3f2ba6742bb334fcb70a5aef2d1fb02d20affc800a5af73191b031a225fd090a5abf360de53605e5fcbf0a5ae53d4fe83d3a92fca50a5aa34275ef427ba4fcba0a6181459cd9459c0cfcb00a5ba3471386472522fcd80a5c2447b95547b50cfcf30a5c3c47d9ce47d962fcdb0a5c4d47cd6a47f24bfcc50a5d9c47ae7947cbf6fcc00a5d5c2cddbe2cfdd6fcc40a5af92b97c22b9f85fce40a5a402b00482ad75afcce0a5ac92a97302a83befcc70a5afc2b73942b825cfd050a5ae12d8bed,"-75.13595,1.5368333333333335",,340,7
07/Feb/2026 17:41:07,RockBLOCK 231710 - Head-04,MO,6986270a36972731d4de31c6ec63d1ddfcb4395547394f3163c7b8fc7f45f8e545e4c263bfd6fc9b47c13b47bd0e63c4ebfc9a47a4ec47b04a63b722fc874777bd47827f63c8b1fc6747cbbe47c46563bb43fcb34804fb47fe1963bb4ffc464867f148538563bd60fc8648ab5a48890663bbfbfc6348db0548bcf463b9adfc6548d94448f99863b779fc53490b20490a8f63bafafc6348fd3a491dfa63bd26fc6a48f5a54907a563c099fc7b48c85348ffe463a961fc5148cc5c48c01963bbf1fcc7487d444878d263b056fcbe4827b848162a63b5cffc79481083480efc63be05fc7431f11331e14563bf98fc8e34a9bc34b19c63ccf8fc8a38830d38755763b312fc733ef10a3f14cf63b717fc794704e0472f5963b418fc8c1a21,"-74.99308333333333,-0.2767833333333333",,284,6
07/Feb/2026 17:13:01,RockBLOCK 231708 - Head-02,MO,6986208635e68ef75de9f7aa6d6f6ff76670f761086f6ff79451f7a0046f6ff7b136f7a48b6f6ff75c03f799ab6f6ff7a66ef7a52e6f6ff7a134f7bcbc6f6ff7cc67f7a3936f6ff7901af753226f6ff7a4f3f7b7bf6f6ff74f54f754e26f6ff74510f757476f6ff71c70f7800d6f6ff74a32f74bd46f6ff7757ff78f8a6f6ff73c70f74fe66f6ff76286f74a046f6ff7588cf7501c6f6ff707baf766df6f6ff71ebff755306f6ff727e7f77a5d6f6ff72a67f7117c6f6ff71eacf72e2b6f6ff75902f7618b6f6ff74fbdf731e76f6f1936,"-74.87193333333333,-1.9228666666666667",,209,5
07/Feb/2026 13:12:59,RockBLOCK 231708 - Head-02,MO,6985e84635e680f66239f647b76f6ff62f03f6550c6f6ff65a63f640bb6f6ff62eb3f616c16f6ff631f6f628986f6ff62769f612a56f6ff5fc3af607396f6ff5fc8df5ea9c6f6ff6214cf5f7456f6ff60b5df5e43c6f6ff5b509f5a9ca6f6ff5c054f5cd1e6f6ff5c31ff5b7b76f6ff5ce1cf5c5ec6f6ff5b081f596726f6ff5c42df5a8216f6ff55d3cf562866f6ff5689ef557d56f6ff57326f56b976f6ff55997f555c06f6ff55baff548426f6ff54bb6f57b4e6f6ff56919f5356b6f6ff502eff523aa6f6ff4f6abf4cfc66f6f1936,"-74.89635,-2.889866666666667",,209,5
07/Feb/2026 09:57:34,RockBLOCK 228680 - Head_26-02,MO,6985c763480722053bc60537e87f04ecfde10f43c1053bd10537e07f04eefde20f43c20dc7,"53.00725,9.040816666666666",,37,1
07/Feb/2026 09:13:00,RockBLOCK 231708 - Head-02,MO,6985b00635e626f636c9f6688a6f6ff62ddff633746f6ff63ccdf6283c6f6ff64c92f61b426f6ff645c5f65ae56f6ff60655f64eba6f6ff60090f641b76f6ff5fad1f5a6df6f6ff5ddcbf623106f6ff5f609f623296f6ff5d17ff5f8506f6ff5f17cf5cddb6f6ff5c401f5c5a56f6ff5bf9ff5b6c76f6ff5de12f5ee196f6ff5dd01f5f09d6f6ff5df87f5af4d6f6ff5c53ef5baec6f6ff5e387f5a7956f6ff5d7d1f5d7706f6ff59570f5affe6f6ff5b3ebf5adc96f6ff59df2f5b90b6f6ff58f63f596086f6ff5b23af598b66f6f192d,"-75.02771666666666,0.27745",,209,5
07/Feb/2026 09:06:58,RockBLOCK 231709 - Head-03,MO,2d73d7fcdd0a50222f3f642f4b62fd120a4fa9313589312f2afca40a502e33bd3d33d2b6fcc60a4ef236073535f019fcfe0a4f5119f5,"-75.02788333333334,0.0",,54,2
07/Feb/2026 09:06:49,RockBLOCK 231709 - Head-03,MO,6985ae5236d52532fd0532d7a2fcc20a4f1447f03547c96dfcec0a53ec4789924796c2fcb80a554747a0994777e0fcc90a550447e91647ff49fccb0a557d48019b47f7b1fcf00a57424863df48749afca70a5beb48c33b489e2ffc9d0a5dde48ba7a48dad2fcb30a64d348be5548e9d4fcde0a5fc348d7b548fbccfcde0a696648d51a491bf2fcc50a6e9f30a377309730fd1a0a4ff42a3d492a4bf3fcbd0a4fc52cf8352cfa3bfc860a4fcd31999131aa1afd0b0a4f9136189b361099fcc90a4fb13d5e5e3d490afcb00a4f72428492428a47fcc00a56af45a7ca45a6e9fcb80a5076471a73472bfdfcdc0a50ee47bd0d47b8c8fcf90a510a47db6c47db01fcd80a510f47cdd747f2b6fcd00a526547ae4f47cbcbfcc50a522d2c36d02c56d1fcc30a4fa729f11729f8effce60a4f12296f82294759fcd60a4fa6298cd4297882fcc50a4fd22b0a182b197afd040a4fb02d6cc9,"-75.02788333333334,0.0",,340,7
07/Feb/2026 05:13:02,RockBLOCK 231708 - Head-02,MO,698577c535e50ef550b0f5400a6f6ff5667af561e16f6ff55405f53e366f6ff55bc2f54bb06f6ff5442af541de6f6ff538f6f54c636f6ff52b2ff549096f6ff5328cf519d16f6ff52e78f532246f6ff5366af530f86f6ff52b83f5266a6f6ff52553f50e2c6f6ff52e34f5143f6f6ff527e1f504b96f6ff5248ef52c8e6f6ff50429f4f57e6f6ff4fe7cf4ef2a6f6ff50bd5f4dccc6f6ff4d189f4f4f06f6ff4d4b0f4e91b6f6ff4f5cff4ff1c6f6ff4d05cf4df1e6f6ff4c382f4c1306f6ff4ade2f4b9d56f6ff4aff6f4c7bd6f6f1924,"-75.02788333333334,0.0",,209,5
07/Feb/2026 01:13:52,RockBLOCK 231708 - Head-02,MO,69853f8635e53912b19612b20f6f6f12bd4012d0d36f6f12ddab12ea5c6f6f1301da12f7526f6f131b39131c746f6f132afc13371f6f6f133ad9134e5c6f6f1361f2135d596f6f137cab1385c46f6f13896813a0c26f6f13b18813b8d56f6f13c88713d0726f6f13db2013d8cd6f6f13f51413f4a76f6f14085f140af96f6f1426dc142fb16f6f143d431438416f6f144fc2144b146f6f14656c146e376f6f147aae1485c06f6f1494081492566f6f14ac1a14b1626f6f14c5fa14c3d96f6f14cf8a14d9306f6f14ed0614eecb6f6f192d,"-74.99288333333334,0.4151666666666667",,209,5
06/Feb/2026 21:12:56,RockBLOCK 231708 - Head-02,MO,6985074535e542f76e21f7796c6f6ff770dff77c766f6ff7951af77a3b6f6ff79413f785b46f6ff78924f799446f6ff79a0df7a61e6f6ff7a41df7b53d6f6ff79a4bf7b5ae6f6ff7baddf7b6186f6ff7bf4bf7bffc6f6ff7c689f7cd836f6ff7df6df7d7b66f6ff7d57df7eeba6f6ff7f141f7f0d26f6ff7f87df80de46f6ff7f2e9f7fc5d6f6ff80935f824db6f6ff8170ef824da6f6ff82de1f80fd96f6ff82910f82bc06f6ff83b31f844026f6ff838e9f8512d6f6ff85019f82fbe6f6ff84a16f84bbd6f6ff86144f86d0f6f6f1936,"-75.10371666666667,1.1151",,209,5
06/Feb/2026 21:07:06,RockBLOCK 231709 - Head-03,MO,2d7b99fcdd0a53392f4a4a2f5662fd0d0a52c13140193139dcfca90a534433c4d633da57fcce0a520b360eda35f7bcfcfd0a526919fe,"-75.29463333333334,3.6732",,54,2
06/Feb/2026 21:06:53,RockBLOCK 231709 - Head-03,MO,6985059236d4ad353dca351464fcc20a51ba47eedc47c818fcf80a56c74789ba479703fcbc0a595447a450477bb3fcca0a57ee47f03e4806a8fccc0a5867480c734802b3fcee0a5a284869064879c0fca60a5ec848c4b8489fa6fca30a60b348bbc248dc01fcaa0a673d48bf2148ea91fce20a62ba48d82e48fc3efcdd0a6c3848d590491c70fcc50a716f2982cd29896efd160a53322957e2296986fcb80a52e82ceea12cf0d5fc6b0a52da31a89931b920fd0b0a529e36259d361d9efcc50a52c13d6d673d5810fcad0a52804293304298dcfcbe0a59f745b26c45b19dfcb60a53864721114732a5fcdd0a53f147c08a47bc3bfcf50a541d47dccc47dc69fcd00a541847ce1047f2fbfcc70a557547adf447cb77fcbc0a5543292058293e65fccd0a52fe289e4528a5bafce70a524628b70c288f69fcd20a52c529057228f207fcc20a52ed2aeb152af9b9fd0a0a52c92d747f,"-75.29236666666667,3.8140666666666667",,340,7
06/Feb/2026 17:40:59,RockBLOCK 231710 - Head-04,MO,6984d58a36962231d92b31cb3663d1dbfcaf395d3239571663c7acfc8646256346115a63bfcefc9a47c63247c22a63c4eafc9e47a1ff47ad5f63b723fc85477cc447878063c8bafc6747d6f447cfaf63bb3afcb4480fe94808ec63bb5cfc3c486b6a48570063bd65fc7e48aea6488c5b63bc08fc6448db9448bd7f63b9aafc5d48da1148fa6663b77efc4a490b55490acb63baf3fc7148fd70491e2c63bd22fc6748f5bb4907c263c089fc7a48c85148fff263a960fc4948cc6b48c02963bc03fcc6487d594878e063b03ffcbb4827d048163b63b5d8fc7e48108c480f0863be04fc7a32025831f29763bf98fc9334ba3634c22e63cce8fc80389862388aac63b30cfc743f10993f346d63b725fc7f4710f4473b6863b415fc961a18,"-74.99321666666667,-0.13838333333333336",,284,6
06/Feb/2026 17:13:01,RockBLOCK 231708 - Head-02,MO,6984cf0535e5dbf8b3a8f8b6356f6ff8ba15f8ba7b6f6ff8bb4ff8bc356f6ff8bbc9f8bbf86f6ff8c1b7f8c2786f6ff8beb0f8bf8d6f6ff8c1bff8c2e06f6ff8c485f8c83f6f6ff8ca35f8cb866f6ff8cd7bf8ceb66f6ff8d1ddf8d2d96f6ff8d2fdf8d53f6f6ff8d51af8d59f6f6ff8d75af8d72f6f6ff8d89ef8da1a6f6ff8d72bf8d6b66f6ff8d615f8d6306f6ff8d932f8d9056f6ff8da2ff8da356f6ff8da53f8dc8c6f6ff8e2dcf8e4e76f6ff8e522f8e65c6f6ff8e704f8e7276f6ff8e776f8e6866f6ff8d5cdf8d31a6f6f193e,"-74.99288333333334,-0.4151666666666667",,209,5
06/Feb/2026 13:12:54,RockBLOCK 231708 - Head-02,MO,698496c535e4e9f7bc8af7aad36f6ff78698f77ea96f6ff77aa1f76e886f6ff774d5f777426f6ff79acef790b56f6ff7918ff791ce6f6ff78343f77d406f6ff75031f741cd6f6ff723fcf71aee6f6ff70034f6fd306f6ff6fa19f6efeb6f6ff6d971f6d1d16f6ff6d69ef6dbfb6f6ff6dc13f6cb246f6ff6b2cff6aff26f6ff69b16f698146f6ff67a2ef671b96f6ff656b7f651406f6ff633d3f622b26f6ff60c92f606d46f6ff5f61ff5f9ad6f6ff5ebeaf5e8c46f6ff5d5cef5d1476f6ff5cd73f5d1286f6ff5c4bbf5c57d6f6f1936,"-74.95758333333333,-0.6902666666666666",,209,5
06/Feb/2026 12:34:39,RockBLOCK 228680 - Head_26-02,MO,69849b624837460519460515bf7f04dafde20f1da505194a0515ab7f04d4fdde0f1da80dc7,"53.00725,9.040816666666666",,37,1
06/Feb/2026 09:12:54,RockBLOCK 231708 - Head-02,MO,69845e8535e522f9265ff935716f6ff9331af94a496f6ff93fa6f934286f6ff94d23f9398b6f6ff9581bf9583c6f6ff962a7f996e56f6ff9ac55f9ad656f6ff9a527f994266f6ff9a00af99df96f6ff9a45df99ac46f6ff9abd8f989db6f6ff9a7a5f98fcf6f6ff99848f9d07e6f6ff9ed59f9fcb26f6ff9e881f9f3aa6f6ff9fd89fa284f6f6ffa2bcdfa37ea6f6ffa398bfa2de86f6ffa3c5cfa24c16f6ffa10cffa152b6f6ffa2c39fa29956f6ffa2dc0fa3fc56f6ffa35e9fa356a6f6ffa36cffa3aca6f6ffa60f5fa64c46f6f1936,"-75.02785,0.13871666666666668",,209,5
06/Feb/2026 09:07:00,RockBLOCK 231709 - Head-03,MO,2d70adfcdf0a52432f4be82f57eefd0d0a51c9314143313aeafca50a524e33c71233dc91fcd30a511536121835fb06fd020a517819f5,"-75.02788333333334,0.0",,54,2
06/Feb/2026 09:06:52,RockBLOCK 231709 - Head-03,MO,69845cd236d3c72d716d2d4ba8fcc40a517847ec6b47c5cdfcf90a55af478940479672fcbe0a59ab479e804775c9fcc50a56db47e42f47fa80fcc80a575e47fac047f0dcfceb0a591d485ed4486f99fca40a5db548c0f7489bf4fca70a5f9848b8ae48d919fcb60a65d248bd4948e8d1fce90a61b648d71d48fb3afcde0a6b0648d49f491b7dfcc30a70362aca352ac6b0fd1c0a5256285189286639fcc00a51fa2cedac2cf05dfc8e0a51e931b3de31c466fd0a0a51ab362f54362753fcc80a51cb3d7c013d66a7fca60a518c42a1d142a784fcc40a593d45bd3945bc55fcbf0a52924727cd473953fcdf0a52f647c41647bfd0fcf70a532747de3847ddd7fcdf0a531647ce6847f340fcca0a547e47adb447cb26fcc20a544e27b0b627cd9efcc80a52042737f9273f59fce60a515327985a2770f1fcd80a51d7286d9b285928fcc30a51fd2abd642accbcfd080a51d42d69b2,"-75.02788333333334,0.0",,340,7
06/Feb/2026 05:12:54,RockBLOCK 231708 - Head-02,MO,6984264535e53afa5965fa69806f6ffa8007fa865a6f6ffaa101faa20b6f6ffac2bbfab43c6f6ffac663faca536f6ffade5cfaefae6f6ffb0427fb148a6f6ffb2523fb32366f6ffb5b8cfb64bb6f6ffb993cfb9b586f6ffba796fbb9246f6ffbcf53fbdc316f6ffbed5bfbf4306f6ffbf34afc00196f6ffc111bfc1a2b6f6ffc197afc171d6f6ffc3439fc37fd6f6ffc4f8bfc5a126f6ffc6aeafc6fbb6f6ffc97a9fca2306f6ffcc25cfccef26f6ffcdf04fce7106f6ffcf951fd094e6f6ffd2f12fd3ded6f6ffd6e98fd741b6f6f1936,"-74.99325,0.0",,209,5
06/Feb/2026 01:13:07,RockBLOCK 231708 - Head-02,MO,6983ee0535e497148ad214980d6f6f14ac1e14b5756f6f14db5014ea566f6f150346150d516f6f152260152a916f6f153bad15471e6f6f156217156af16f6f1582331590636f6f15b0a315b8096f6f15c91315ce8e6f6f15e7a815f74e6f6f161419161aa06f6f162dce1636dc6f6f1653e7165e3d6f6f1680f4168d556f6f16a71216b0ff6f6f16d1a816dd756f6f16fb4f1705f26f6f1722971731386f6f17574d1764c36f6f1781d1178b2a6f6f17b01117be996f6f17de0e17eb346f6f18067b1811366f6f1830ec183e156f6f1936,"-75.02785,0.13871666666666668",,209,5
05/Feb/2026 21:13:02,RockBLOCK 231708 - Head-02,MO,6983b5c535e408fa697dfa7c4a6f6ffa99fbfaae436f6ffac375fad90b6f6ffaf16cfaf6426f6ffb17a7fb2ad76f6ffb375dfb42236f6ffb5e85fb6e896f6ffb725efb8db56f6ffbb906fbc4d36f6ffbe579fbdcea6f6ffbfa6dfc0b586f6ffc2323fc2bdd6f6ffc5420fc6e9b6f6ffc7f31fc860d6f6ffc9e64fcaa8c6f6ffcc54dfccbe66f6ffcdd66fceac06f6ffd02a7fd121e6f6ffd3c72fd42f16f6ffd59e2fd615f6f6ffd7ac3fd93ce6f6ffd9c1dfdac646f6ffde071fddb7b6f6ffe02b5fdfb606f6ffe1e04fe34256f6f192d,"-75.16855,1.8205166666666668",,209,5
05/Feb/2026 21:07:06,RockBLOCK 231709 - Head-03,MO,2d87a9fce10a47512f5c7f2f68a0fd090a46d7314c97314658fca60a475e33cdc033e352fccd0a4622361947360229fcf50a467e19f5,"-75.02785,0.13871666666666668",,54,2
05/Feb/2026 21:06:54,RockBLOCK 231709 - Head-03,MO,6983b41236d45c2a8cd42a6b07fcbe0a468947f43147cd76fcf70a4a9c47881e479555fcc60a50d3479f8a4776cefccc0a4bd447e9cd480006fcd20a4c5448045047fa58fcef0a4e10486582487640fcb00a529648c3c5489ebcfca00a547448bac948db1ffcaf0a5ac548be9948ea16fcdf0a56a848d7dc48fbf4fcdc0a5fc948d533491c1bfccc0a64ee246c4d2480a1fd0e0a47a32816f8282db7fcb90a471f2cfdd02d006afc800a46ff31c53e31d5b1fd030a46bb363b96363389fcc30a46dd3d8bd63d7683fca90a46a042b0f642b69ffcc20a4e9b45c81f45c742fcb10a47aa472e91474017fcdb0a47ff47c7a647c356fcf20a483747dfb647df4bfce30a481d47ceac47f38afcc80a498b47ad7d47caecfcc00a4963257a26259585fcd00a475726b78926be8cfce40a467b27864c275efdfcd10a46ed285f41284b96fcc80a470c2accfd2adb90fcff0a46e82d80ae,"-75.02788333333334,0.0",,340,7
05/Feb/2026 17:41:08,RockBLOCK 231710 - Head-04,MO,6983840a36953231f6f531e90463d1e7fcb439853c397f3763c7b9fc864646714632ab63bfdafc9a47ca8c47c66863c4f0fc9e47a1e447ad5463b719fc84477acc4785ac63c8affc6447d82547d0f463bb37fcbc481531480e6063bb54fc47486d254858c363bd5ffc7f48b0ca488e8d63bc06fc5c48dcca48beb963b9affc6948da5948fab263b780fc52490bb2490b1e63baf4fc6a48fd82491e3a63bd16fc6e48f5b34907bd63c087fc7b48c86449000a63a955fc5548cc7948c02a63bbfafccd487d5a4878ed63b046fcc54827e048163f63b5e2fc84481099480f0f63bdfdfc7932127632029963bf97fc9334c8c634d0be63ccf8fc8338ae6d38a0ad63b306fc7f3f31ac3f557a63b724fc7e471d0247477963b41afc931a29,"-74.86945,-4.535583333333333",,284,6
05/Feb/2026 17:13:02,RockBLOCK 231708 - Head-02,MO,69837d8535e3fbfc38e6fc496e6f6ffc6feffc7b956f6ffc93e9fc9d706f6ffcbbcefcc4936f6ffcd5e7fce0ae6f6ffcf8c5fd04d66f6ffd2a32fd32b76f6ffd65e8fd72dd6f6ffd924efd9ede6f6ffdb8c4fdcaa16f6ffdefd7fdfc0f6f6ffe169dfe221d6f6ffe3d4cfe4b2e6f6ffe683bfe759d6f6ffe98abfea7256f6ffec605fece7e6f6ffeedb1fef48f6f6fff0decff19c46f6fff39d2ff432f6f6fff6daaff7f806f6fa0b2ad4f6f6fc580d18d6f6ff16f00fb6f6f1cf3277a6f6f4a5158c26f6f1936,"-75.13391666666666,1.8160833333333333",,199,4
05/Feb/2026 15:13:56,RockBLOCK 228680 - Head_26-02,MO,69836f6248098d053cdc05392b7f04f4fde10f20a4053ce50539257f04effde10f20aa0dc7,"53.00725,9.040816666666666",,37,1
05/Feb/2026 13:12:54,RockBLOCK 231708 - Head-02,MO,6983454535e3b109bba5fcbbcc6f6ffe57ba09c9306f6f2318402a0c976f6f3b0a6239b4cc6f6f10999ffd1d986f6f00de1505ab216f6f241191307ae36f6f3a3f132d9a056f6f02f9b3ff5c666f6f0319b8fc951d6f6ffa700ef1bc2a6f6ff0201af415bb6f6fe6f2dbd97a526f6ffa5cddfae3216f6feee167f1314d6f6fd708b9cec8906f6fd4e16fd264486f6fee31f7f29d676f6fe025bedd2aff6f6fceff53d66f956f6fe0b197e4eebc6f6fe4ba90df9f886f6fe86b29ee7b786f6feaac9ee9ba076f6fd9c438d8a2426f6f193e,"-74.91898333333333,-1.5146666666666666",,209,5
05/Feb/2026 09:12:55,RockBLOCK 231708 - Head-02,MO,69830d0535e3acec49f1ecee9c6f6feeeca9ef5a3e6f6fea133de7cfec6f6fe8a403e8889a6f6febd494ebcae76f6feb2fdbed10c46f6feae7d0e6ed9a6f6fe65248e673de6f6fe5cedee66cb86f6fea7f61ea9acd6f6fe58567e4764b6f6fe6e745e6953f6f6fe73497e67cca6f6fdf237edcb9126f6fe11487e1f8fb6f6fe9a2e7ebf4766f6fef44a9eecbb76f6fe17f8ddc30916f6fdb07fbdca71a6f6fdc3e7fdc9adc6f6fde3654df98486f6fe0cc7be118296f6fe29855e2ff0e6f6fe24417e34bcc6f6fe5315de5ab416f6f1936,"-75.02788333333334,0.0",,209,5
05/Feb/2026 09:07:48,RockBLOCK 231709 - Head-03,MO,2d896cfce70a445d2f623e2f6e50fd0f0a43e2314d043146a6fca30a446c33cea733e426fcc60a432f361c1b360509fcfd0a438b19f5,"-75.02788333333334,0.0",,54,2
05/Feb/2026 09:06:55,RockBLOCK 231709 - Head-03,MO,69830b5236d42324af55248d1cfcc10a441f47f1a047cae6fcf60a477f47885d47958efcc00a4f6147a04947778dfccc0a48be47e91647ff4afcce0a494248005b47f660fcec0a4aff4863144873c7fca70a4f7648c30b489e05fca40a514b48ba6548daadfcb40a577448be4e48e9c7fcdd0a539848d7b648fbc9fce00a5c8e48d519491bf8fcc40a61ac264c8b2658fafd200a44bb27d2af27ea82fcbe0a44272d0a0c2d0cf1fc800a440431d08131e0f9fd090a43c7364397363b93fccc0a43e73d9ac63d856dfcae0a43a942bfc642c566fcbe0a4bdd45d2d945d207fcc00a44b247352c4746b6fcde0a450347cb2147c6c9fcfd0a454047e11747e0aafcd80a452247cef147f3d3fcc90a469247ad2847caa0fcc90a466d2524f0253f9afcc50a44552632fd2639e8fce80a438a27089d26e134fcd70a44002826b3281214fccb0a44192abbcf2acb0dfd080a43f22d8276,"-75.02788333333334,0.0",,340,7
05/Feb/2026 05:13:03,RockBLOCK 231708 - Head-02,MO,6982d4c535e38bfa32c0fa35bb6f6ffa70c4fa74436f6ffa8c3bfa8bf96f6ffa92f4fab7cd6f6ffadbd7fac4c46f6ffaed09fb06986f6ffb18bafb1cd66f6ffb527ffb584a6f6ffb709ffb7e316f6ffb715afb8ecd6f6ffbb008fba8166f6ffbc57cfbe9f96f6ffbef4ffbf58a6f6ffbf7c7fc1c126f6ffc3f75fc3ba66f6ffc4b86fc53306f6ffc823efc92486f6ffc86f9fc8ede6f6ffccb87fcd8946f6ffce326fcf5576f6ffd0dc3fd11a46f6ffd2be1fd44596f6ffd5c47fd6da66f6ffd856ffd8f8d6f6ffdc4b9fdce766f6f1936,"-74.99325,0.0",,209,5
05/Feb/2026 01:12:54,RockBLOCK 231708 - Head-02,MO,69829c8535e31ef06032f056b66f6ff06d4bf054076f6ff040d3f021ff6f6fefdddaefbe776f6fefb429efbf436f6fefb5f6ef8ae76f6fef5c8eef363b6f6fee8daeee74e06f6fee4890ee34006f6feda139ed71b86f6feceef0ece1b26f6fecee80ece8326f6fec7399ec56966f6fec62f4ec681c6f6fec6367ec62c16f6febaa06eb69f06f6feb73c0eb68cc6f6feb27b5eb0f636f6fea65b2ea87a46f6feaa371ea98646f6fea7e2aea76ac6f6fea55a0ea39fa6f6fea2677ea28ea6f6fea0ef9e9de596f6fe9a903e9a3ad6f6f192d,"-74.99321666666667,0.13838333333333336",,209,5
04/Feb/2026 21:12:54,RockBLOCK 231708 - Head-02,MO,6982644535e26bfb272afb391d6f6ffb45d5fb50066f6ffb52d8fb525e6f6ffb7581fb7a0b6f6ffb959bfba2336f6ffba840fba69e6f6ffbb886fbcbda6f6ffbcac0fbd1656f6ffbe91dfbfa026f6ffc0284fc0dec6f6ffc1df8fc297a6f6ffc315afc399e6f6ffc4f9dfc58976f6ffc6bf1fc75ad6f6ffc95dafcada96f6ffcc273fcc6226f6ffcce14fcce286f6ffce253fcf2696f6ffd0bf6fd18286f6ffd0a9afd12e36f6ffd267cfd34906f6ffd4569fd53576f6ffd67affd656f6f6ffd88c8fd88326f6ffd9cb8fd9f9b6f6f192d,"-75.02788333333334,0.0",,209,5
04/Feb/2026 21:07:50,RockBLOCK 231709 - Head-03,MO,2dad58fcdc0a48402f72b82f7f03fd140a47c231536d314d2afca40a484d33d1f333e78dfcc90a470f3621cc360ab9fcfb0a476c19fe,"-75.10535,0.6969833333333334",,54,2
04/Feb/2026 21:06:55,RockBLOCK 231709 - Head-03,MO,6982629236d33523bf0623a094fcc20a47ee47f33d47cc84fcf70a4b544787754794abfcbd0a546847a217477954fcc40a4c9b47ef2e480570fccd0a4d24480b7e48019dfcef0a4edd486952487a10fca30a534a48c52048a011fc9c0a551e48bbf048dc37fcb70a5ad948bf4d48eabdfce50a578348d84448fc57fce00a605348d594491c6efcc50a656a23bf0423d857fd100a48bc27e0b327f7c3fcb70a48162d28ff2d2bcafc840a47ee31de7a31eedefd100a47ad364dbf3645aefcc60a47d03daa863d9530fca80a479342ceb442d44efcbe0a4fe545dd8c45dca1fcb30a489d473ba8474d2dfce00a48e447ce7c47ca1dfcfe0a492647e25d47e1e7fcd40a48fa47cf1147f3e9fcd10a4a7347acc547ca38fcc20a4a5224df1924f9e7fcc70a485426495e265039fce80a4772272b1b2703ebfcdd0a47e028291f281555fccf0a47f82ae1252aefbbfd060a47d42da640,"-75.0714,0.4171833333333333",,340,7
04/Feb/2026 17:54:59,RockBLOCK 228680 - Head_26-02,MO,698242ae47f352054d340549757f04fafde20f3f91054d520549937f04fcfde20f3f7a0dd0,"52.984316666666665,9.334983333333334",,37,1
04/Feb/2026 17:41:00,RockBLOCK 231710 - Head-04,MO,6982328a36943b3203fa31f5f263d1e1fcb3399ffd3999f063c7bafc834677df4663f063bfd4fc9847ce5e47ca2163c4e9fca3479c6747a7c463b723fc86477f86478a5663c8b9fc6b47e5dd47de8b63bb40fcac4822b3481bda63bb54fc3f4871c2485d5b63bd66fc8048b44b4891ff63bbfefc6048dd9648bf7e63b9a3fc6048db3f48fb9b63b77afc54490bd8490b3763baeffc7148fda6491e6163bd0dfc6548f5be4907c763c089fc8048c86c49000963a954fc5248cc7c48c03763bbeefcc2487d6e4878ea63b04efcbb4827db48165163b5d6fc7848109f480f1663be03fc7a321b6f320b9a63bfaefc8c34d3be34dbba63ccf8fc8438c47038b6bc63b30afc7c3f530a3f76f963b726fc7c4728c647533963b40ffc981a29,"-74.95796666666666,-0.5522166666666667",,284,6
04/Feb/2026 17:12:54,RockBLOCK 231708 - Head-02,MO,69822c0535e283fd430afd5d8e6f6ffd9ffdfda2156f6ffdbd2efdd3e26f6ffe0b95fe11946f6ffe3582fe3fe06f6ffe56c6fe62fe6f6ffe5ddcfe81b06f6ffea7aafebf156f6ffedb1dfefa156f6fff348fff3dcb6f6fff56af80236f6f8fa59f326f6f804a8f796f6fe1fa0b696f6f0fa232ca6f6f525a55336f6f00931c0095eb6f6f00b17700c5b56f6f00f950011d0a6f6f012e8601231d6f6f01519f0178e76f6f0184cf01a3736f6f021e2c01b94f6f6f021de00207ce6f6f01fc5f0204f46f6f1936,"-75.13278333333334,1.9556666666666667",,198,4
04/Feb/2026 13:13:03,RockBLOCK 231708 - Head-02,MO,6981f3c535e1cb03082302e5716f6f02b43602ad3c6f6f0296f90296b46f6f02f538034c016f6f03f3e20434146f6f0541bd05d0cf6f6f078aaa07f93a6f6f08a3cc08c8be6f6f047d460448426f6f0345560391b76f6f034030036af86f6f045fed04ac016f6f0520d90570056f6f0569f40581286f6f05ae8605b3f56f6f05747605781a6f6f055b9a05936f6f6f055b5b0576646f6f0510d804b5836f6f0383240255b16f6f02e62702b13a6f6f02c4a002718a6f6f01d14c01e58b6f6f015b8b467c6f6ffe7cc8fe7c4f6f6f1936,"-75.06908333333334,1.1123833333333333",,208,5
04/Feb/2026 09:13:03,RockBLOCK 231708 - Head-02,MO,6981bb8535e1eafaa2e2fa9eb26f6ffa9c9afaaf066f6ffabe5efaee2d6f6ffaf4e4faf5946f6ffb32b3fb145c6f6ffb1a4cfb2bd36f6ffb32adfb61926f6ffb836cfb6ebe6f6ffb7522fb77bd6f6ffb8bbdfb743b6f6ffb6becfba66f6f6ffb938bfba0436f6ffbaad3fbc16c6f6ffbb362fba8846f6ffbb3dffb91666f6ffba546fbacf16f6ffbb335fbcb206f6ffbd815fbc88e6f6ffbe2a8fbe0856f6ffc01fcfc02f26f6ffc2168fc05746f6ffc1f99fc39036f6ffc592afc461d6f6ffc43e3fc5e326f6ffc667dfc65db6f6f1936,"-75.02788333333334,0.0",,209,5
04/Feb/2026 09:06:59,RockBLOCK 231709 - Head-03,MO,2db6d1fce90a4b0b2f71e92f7e15fd130a4a8d314c7f31462dfca70a4b1633cf6833e4f7fccd0a49d9362357360c55fcfa0a4a3319fe,"-75.02788333333334,0.0",,54,2
04/Feb/2026 09:06:51,RockBLOCK 231709 - Head-03,MO,6981b9d236d37523e51523c9e1fcc70a4ad347f1b847caecfcf50a4e034787b74794f3fcc40a584147a3bb477b0afcce0a4f4d47f0f848075cfcd70a4fdb480e0c480439fcef0a51904869de487aa1fcac0a55f548c52948a011fca60a57c648bbed48dc24fcbf0a5d1e48bf5348eac2fceb0a5a4248d83c48fc58fcd90a62ed48d593491c72fccb0a67fb26a58126ae87fd150a4b6c2760972779affcc40a4ade2d4ca82d4f47fc890a4ab731e41831f460fd100a4a753654c1364cb6fccc0a4a963db9de3da47afcaf0a4a5842dd9442e323fcc30a52d045e83345e74cfcbb0a4b6747422a4753a4fce50a4ba947d1b947cd6afcff0a4bef47e39347e323fcd80a4bbd47cf3a47f414fcd10a4d3947ac6447c9ddfccc0a4d1f24a00b24ba69fcc40a4b012571e8257897fce60a4a3a2677f9265094fcce0a4aaf27f68b27e170fccc0a4ac92af9852b08f5fd040a4a9d2dafbf,"-75.02788333333334,0.0",,340,7
04/Feb/2026 05:12:55,RockBLOCK 231708 - Head-02,MO,6981834535e238e3daf9e1c8936f6fdf592ae14a7a6f6fe498fae5b3546f6fe66f11e696116f6fe72d27e747ed6f6fe7db0be7e4896f6fe7bbf5e7da4f6f6fe6a6b1e707386f6fe77173e74d1e6f6fe6ef86e701d66f6fe72542e7363a6f6fe72bcde6e1db6f6fe48b5ae1e6ff6f6fe1cb59e10cc26f6fe1a22de236176f6fe34998e376cc6f6fe33748e367646f6fe39bc8e319be6f6fe3f247e40bc46f6fe13548db529d6f6fd8b81cd932ee6f6fdb97e1dc4fa76f6fdde297dd29316f6fd31132d1df7e6f6fd4129fcd41b66f6f1936,"-75.02788333333334,0.0",,209,5
04/Feb/2026 01:13:00,RockBLOCK 231708 - Head-02,MO,69814b0535e188fdd919fdf5f26f6ffe3205fe3e666f6ffe84acfe99186f6ffeeab9ff0e516f6fff3de0ff60f36f6fa04dbcff6f6f0c311b656f6f593d74bb6f6f00b6d800d1a36f6f0103f601210c6f6f01588a016fec6f6f01a5a401b6de6f6f02151a023a326f6f027ffb02904c6f6f02e4c302fb266f6f03417d03502f6f6f0390f203a4716f6f03c12603d14d6f6f03f70e04092a6f6f04393104424e6f6f045fa3047b346f6f04be5704d7276f6f050703050efe6f6f0529500532ca6f6f0587920599bb6f6f1936,"-75.0625,0.13906666666666664",,203,5
03/Feb/2026 21:12:54,RockBLOCK 231708 - Head-02,MO,698112c535e14700967800b2026f6f00f2d5010e1e6f6f0158200171f76f6f01b1b001cad46f6f01fff10213f26f6f025a4802773a6f6f02bff902d5006f6f0311c9032a046f6f035f9f0378a36f6f03c14503d8ac6f6f04155a0429966f6f046ea50483846f6f04c40904ddae6f6f051c7c052e936f6f0569440581cf6f6f05c14f05daa46f6f0616dd062dbc6f6f0669fd0680b76f6f06b88b06d21c6f6f0763130777e26f6f07b31407cb1c6f6f080d320826506f6f0862ed087a786f6f08caff08de7b6f6f0915d00930736f6f193e,"-75.0716,0.2781166666666667",,209,5
03/Feb/2026 21:07:08,RockBLOCK 231709 - Head-03,MO,2dd7bdfce00a4d312f78f02f854cfd0c0a4cbc314d1b3146f3fca20a4d4333d0fe33e6b5fcd10a4c0336290c3611fdfd010a4c6319fe,"-75.02771666666666,0.27745",,54,2
03/Feb/2026 21:06:55,RockBLOCK 231709 - Head-03,MO,6981111236d30a27836a276299fcc00a4c8a47f0a147c9ccfcf70a500e4788cc479604fcc10a5b7147a75a477ed8fccc0a516847f528480bc3fcd10a51f64813c0480a2afcf50a53b0486bff487cd7fcb20a57fd48c59248a07ffca30a59cd48bc6f48dca9fcb70a5ecb48bf9a48eb0efcea0a5c6448d87b48fc88fce10a64e848d5d8491cbbfcc80a69ef21a79621bdbdfd1a0a4da2278fe127abbffcc00a4d0d2d759c2d7793fc810a4cda31eb5231fb9dfd000a4c9e365e96365695fccb0a4cbf3dca383db4d3fca80a4c8142eca842f240fcc30a551245f2d945f1e7fcb50a4d93474899475a1bfce10a4dc947d50847d0acfd010a4e1c47e4c547e458fcd80a4ddc47cf5947f431fccc0a4f6347abfd47c970fcc60a4f48229c3422b50ffcc10a4d57255881255eeafced0a4c7626f89e26d0bbfcd50a4cd8287ada28668bfcc90a4cec2b55b72b6479fd090a4cc32dd06b,"-75.02721666666666,0.5549",,340,7
03/Feb/2026 20:32:37,RockBLOCK 228680 - Head_26-02,MO,6981149347f7bf0548bf0544e97f04fcfdd50f47d30548b80544fb7f04f8fdde0f47e70dd0,"53.00725,9.040816666666666",,37,1
03/Feb/2026 17:41:01,RockBLOCK 231710 - Head-04,MO,6980e10a369426320db331ffbf63d1e4fcb439c3ac39bd9163c7bffc8846829b466ea463bfdbfc9747d02f47cbf863c4f1fc9d479dd847a93e63b71ffc84477de44788b663c8affc6d47e28547db3063bb3bfcb548203348195363bb52fc434870fc485c8d63bd5cfc7c48b37048913a63bbf0fc5c48dd6048bf5763b9acfc6848db0f48fb6a63b779fc50490bcc490b3063baeefc6e48fd9b491e5963bd11fc6b48f5b54907cf63c08ffc8348c86649000063a966fc5048cc7848c02f63bbf3fcc4487d644878ed63b045fcbb4827d448164563b5d4fc7c4810a4480f1563bdfdfc78321dbf320def63bf9cfc8c34dd8234e58063ccf7fc8338dbc138cdfc63b2fefc793f75663f995f63b719fc8147346a475edd63b420fc901a29,"-74.95596666666667,-1.10435",,284,6
03/Feb/2026 17:12:55,RockBLOCK 231708 - Head-02,MO,6980da8535e17600def3011b566f6f018efb0141e06f6f01ceed01dfb46f6f022a60024b836f6f026df3026edf6f6f02eef802e01b6f6f02d3ee0323a56f6f03c2080378f36f6f03ee1e03aab06f6f04013a043eb16f6f048d6304c9646f6f04c6f7050b736f6f05429b051a626f6f05a096057aac6f6f05d9490600c16f6f0606ff063d236f6f0663d30687326f6f06bfed06cd1b6f6f070e660723eb6f6f076a5a07b4566f6f07aef607ca356f6f08042b0820976f6f0855fc0846856f6f08ac9608772c6f6f094a6a08abb66f6f193e,"-75.02771666666666,0.27745",,209,5
03/Feb/2026 13:12:55,RockBLOCK 231708 - Head-02,MO,6980a24535e055eece06ed22bb6f6fe30098e6fe0e6f6ff24bc9f5cccd6f6f1cab0c2cf3ce6f6f472e2f51af436f6f6ba9397539e26f6f00939dcb00950c346f6f00a847b900b082c86f6f00b636de00b9e3ab6f6f00d89bfa00e753986f6f010000,"-75.02751666666667,0.41618333333333335",,98,2
03/Feb/2026 09:13:02,RockBLOCK 231708 - Head-02,MO,69806a0635e0e53c4e23415b156f6f4f8e1860bd436f6f008892507b38056f6f0090f02c00ac2eb06f6f00d65b8900c2c2206f6f00c9f68300e3e0b26f6f5a77b94dab676f6f44c7e02acfe36f6fe930d0f85c0a6f6f18ce41200a356f6f1bc6e6451c266f6f3e42bc4b35e16f6f00a2983300d7969a6f6f00f988be00f7476e6f6f010000,"-74.99325,0.0",,133,3
03/Feb/2026 09:07:02,RockBLOCK 231709 - Head-03,MO,2dcd31fcea0a4d412f6f622f7b9dfd190a4cc73143c7313d8efcaf0a4d4e33ce9c33e438fcc60a4c0d362b57361457fd000a4c6a19fe,"-75.02788333333334,0.0",,54,2
03/Feb/2026 09:06:52,RockBLOCK 231709 - Head-03,MO,6980685236d2c31da3661d88b7fce10a4d4a47f72847d072fcf80a4ff447863b479372fcc90a5c97479e53477594fcd00a515447e92b47ff66fcd80a51ea48037747f97afced0a539a4864b5487565fcb00a57e248c34e489e41fcac0a59b048ba6348dab3fcb90a5e5448be4248e9bcfcee0a5c5c48d79348fbb7fce70a64b848d507491be4fcc90a69b7228247229f88fd1a0a4dd32825da28418afcc00a4d1e2d86122d87d8fc930a4ceb31eb7e31fbcffd160a4caa3665ac365da3fccd0a4cce3dda083dc4a8fcaf0a4c8f42fbb643014bfcc90a553a45fd9045fc98fcbb0a4da5474f0a476088fce40a4dd547d85b47d3defd020a4e2d47e60547e58ffce10a4de447cf7247f449fcce0a4f7047ab9347c90afcc10a4f5b2305f5231e58fcc90a4d7525f2c425f954fced0a4c81276e8c274618fcdc0a4ce828ec3028d6d9fcd00a4cff2b70512b7fe6fd0d0a4cd22dc5db,"-75.02788333333334,0.0",,340,7
03/Feb/2026 05:13:00,RockBLOCK 231708 - Head-02,MO,698031c635e0cbcd6c8ecd5b6f6f6f2233414b09276f6f78268900be00016f6f6f5fa4dfff866f6ff830e2d8fccc6f6fec5326e9e0546f6f3692f84061bc6f6f4f573f41760f6f6f00bc8cb300a1e7286f6f00932a5b00bfd5926f6f00f37473010000006f6f010000,"-75.02788333333334,0.0",,105,3
03/Feb/2026 01:13:00,RockBLOCK 231708 - Head-02,MO,697ff98635e0c9010000,"-75.02788333333334,0.0",,10,1
02/Feb/2026 21:13:02,RockBLOCK 231708 - Head-02,MO,697fc14635dfa000d123fa55af296f6f010000,"-75.07071666666667,0.6953",,19,1
02/Feb/2026 21:07:02,RockBLOCK 231709 - Head-03,MO,2ddd02fce00a47902f74fc2f8159fd1a0a4714314a3e31441efca70a47a333d5df33eb98fcdc0a4662363592361e90fd070a46c219f5,"-75.02785,0.13871666666666668",,54,2
02/Feb/2026 21:06:56,RockBLOCK 231709 - Head-03,MO,697fbf9236d2631dc6a11dae86fcd10a475447f86047d1a9fcfc0a4a0f4786cb4793f6fcb70a5826479ce847742dfcca0a4b7547e52747fb69fce20a4c0a47fd8c47f396fcf10a4dc14860c9487190fcb10a51f548c1d8489cc0fcb60a53c148b92148d976fcbd0a582d48bd8c48e908fceb0a567b48d73a48fb52fce20a5eb448d4b0491b84fcc40a63a4225dd02280fcfd220a481b28f61d290f54fcbb0a47492d8efd2d9066fc8b0a472531ef6931ffbdfd0c0a46e4366f59366761fccd0a470c3deac53dd560fcaf0a46cc430b02431085fcc80a4f9446084146074cfcba0a47e44755824766fbfce80a481147db9247d726fcfd0a487047e73b47e6c1fce10a482247cf9647f470fcd20a49b147ab3847c8a8fcc90a499e2468992482b6fcc00a47cb27507c275777fcea0a46c928961e286da9fcd80a472e298d94297970fcc90a47482ba2c02bb19cfd090a47212dd59d,"-75.02785,0.13871666666666668",,340,7
02/Feb/2026 17:41:01,RockBLOCK 231710 - Head-04,MO,697f8f8a369460323cf9322f0863d1e1fcb23a2e883a288963c7cdfc8146847f46706d63bfdbfc9a47d12247cd0963c4eefc9e47a23c47adb963b71bfc834776be47818863c8b3fc6847cf3e47c7e263bb3efcb348082b48014863bb54fc4b4868cd48547263bd55fc7d48abef4889bd63bbf6fc6648db0348bd0e63b9a9fc6548d95f48f9c263b77dfc50490b43490aa363bafdfc6e48fd4f491e1963bd0dfc6348f5ad4907be63c08cfc8148c86248fffb63a952fc4c48cc6848c02d63bbf2fccb487d524878d963b04efcbe4827c248164163b5cafc7e481097480efa63be06fc78321f55320f8963bfa3fc8f34e98734f18663ccfffc8f38f68338e8c663b2fefc783f99aa3fbdb363b719fc7f474019476a9b63b41cfc901a29,"-74.99288333333334,-0.4151666666666667",,284,6
02/Feb/2026 17:13:02,RockBLOCK 231708 - Head-02,MO,697f890635e02060040c6cfa5b6f6f61f9276359336f6f00919f78008560696f6f00854e83009b9ba96f6f49fd244490196f6fe1fe7fedd1576f6f774e9b00a397976f6f010000,"-75.0711,0.55625",,71,2
02/Feb/2026 13:12:31,RockBLOCK 231708 - Head-02,MO,697f50b935dd2c19e6affd510a402841ec79fd1f0a40ab3fd750fcf50a28be3f9385fcdb0a373d3f87d1fcdd0a35143fc5b3fcfb0a50dc403d29fd3b0a480f406766fcf00a590a407d9afce60a2f58408ca1fce00a605c40e99cfce70a588a40eaacfcf80a5b4d213545fd2f0a407924d2c7fd460a405c28b0e1fcc50a40092c79c5fcfc0a3f84308a3cfd0c0a3f7f3777b3fce20a3fbe3bab60fd050a3f333e4572fcf40a45f13f89affcfd0a3f8a3ff7e8fce50a5884401190fd010a41533ffa6efcd10a4fad3fdc54fcef0a45a41936,"-75.16486666666667,2.24025",,209,5
02/Feb/2026 09:12:37,RockBLOCK 231708 - Head-02,MO,697f187835de311c065dfd4d0a3cbf41e8d5fd240a3cd83fd13bfcea0a25743f8d17fcd10a33b23f815ffce40a32153fbf74fcf80a4d9e403702fd3b0a443340612dfce70a565d40776dfcd80a2cb140867bfcd90a5d2740e365fce80a549f40e494fcfa0a5763223872fd1e0a3c8f24e593fd430a3c9028b144fcc30a3c412c77b9fcf60a3bc13089defcfb0a3bbd377819fcda0a3bfa3baa89fd030a3b733e42e6fcea0a423d3f85b9fcf40a3bc43ff2f8fcda0a54e5400be5fcf90a3d8e3ff48efcd90a4c3f3fd63efcf40a420b1936,"-75.02788333333334,0.0",,209,5
02/Feb/2026 09:07:44,RockBLOCK 231709 - Head-03,MO,2dca2dfcee0a3c642f6b822f77a7fd0c0a3be43145ce313f7cfcab0a3c7433d89633ee2dfccd0a3b36363c4d36254cfcfc0a3b8819fe,"-75.02788333333334,0.0",,54,2
02/Feb/2026 09:06:52,RockBLOCK 231709 - Head-03,MO,697f16d236d1cc1dec831dd0eefcc90a3b8a47f4b747cdedfcf80a3eac4786c04793e8fcb90a4e82479de247752cfcd30a401347e69647fcebfcd50a40b447fea747f4b9fcf10a42624860134870d4fcb20a468a48c148489c45fcad0a484d48b8a748d8fbfcaf0a4ca548bd4948e8cdfce60a4b1f48d71448fb15fcdd0a532548d4a2491b77fcbf0a580725f1c0260dabfd210a3cba29468f295debfcc50a3c0a2d87a82d8942fc8d0a3bf231ee3631fea0fd0c0a3bb43676d5366edcfcd30a3bd63dfb273de5cbfcb10a3b97431a57431fdefcc30a4475461302461215fcbb0a3cae475bf6476d67fce70a3cd147ded947da74fd010a3d3f47e85b47e7f8fce10a3cea47cfc047f493fcd40a3e7747aae347c846fcc00a3e6c267b06269619fcc40a3c70280314280a52fce90a3b7e28ba3d2891a3fcda0a3bf929988e298374fcce0a3c182b89822b9944fd030a3bf72dc2d2,"-75.02788333333334,0.0",,340,7
02/Feb/2026 05:12:39,RockBLOCK 231708 - Head-02,MO,697ee03835de011dd566fd490a35cb41e69cfd1a0a360b3fcc87fcec0a1f813f87e4fccf0a2d853f7c33fcd20a2c5e3fba60fcf10a47ba4031f3fd2e0a3d5c405c18fce50a51be407262fcdd0a281940816bfcd30a57bf40de4cfcdb0a4db140df7afce40a5078228d68fd210a35952501defd370a35bf28b613fcc50a35732c7816fcee0a34f2308adcfcfc0a34f0377967fcde0a352a3baa97fd000a34a03e4132fce50a3b853f828bfcef0a34f03feeabfcd40a4e964006fafcfb0a36bc3fef33fccf0a465b3fd0f1fceb0a3bab193e,"-75.02788333333334,0.0",,209,5
02/Feb/2026 01:12:29,RockBLOCK 231708 - Head-02,MO,697ea7f935dd5f208492fd4a0a30a241e248fd200a312c3fc5aafcea0a1b563f80bffcd00a29103f7524fcd70a28673fb36ffcf30a438c402b1cfd2e0a386940553bfce60a4e6f406b7efcd70a24d1407a94fcd90a53cd40d770fcd10a48a940d88efcea0a4b77227a8ffd200a30a6250fbefd3d0a30d028b324fcb70a30852c7480fcf00a30033088d3fcf90a30013778c4fcda0a30393ba8f2fcf90a2fb23e3decfce70a369d3f7dd4fce90a30013fe8fffcd80a49ef4000b6fcf10a31c63fe8adfcc50a42093fca34fced0a37021936,"-74.99321666666667,0.13838333333333336",,209,5
01/Feb/2026 21:12:38,RockBLOCK 231708 - Head-02,MO,697e6fb935dd4c2686cdfd470a2af541d7a3fd1c0a2bc23fb8fcfcec0a16b53f739dfcd50a242e3f6804fce00a24043fa664fcf70a3ee7401df9fd300a32f4404811fceb0a4ad7405e5dfcd70a2137406d63fcd40a4f7a40ca36fcd40a432340cb46fced0a45f0221741fd1d0a2b3f250aa3fd440a2b6728a70efcbd0a2b1b2c6a06fcf00a2a9e3080a8fcfd0a2a9e377252fcd70a2ad33ba14dfcf70a2a4d3e3437fcf00a31473f7288fceb0a2a9a3fdc8dfcda0a44e83ff3b3fcf70a2c633fdb4efcd00a3d583fbcb8fcec0a31ed193e,"-75.02788333333334,0.0",,209,5
01/Feb/2026 21:07:09,RockBLOCK 231709 - Head-03,MO,2dd623fcd90a2b612f6cb62f7909fd0b0a2ae431488531425dfca00a2b6c33de6233f40ffcc90a2a2c364625362f2afcf70a2a8a19fe,"-75.07176666666666,0.0",,54,2
01/Feb/2026 21:06:56,RockBLOCK 231709 - Head-03,MO,697e6e1236d19d290e0228ec59fcc00a2aa247f70647d04efceb0a2d9a47874c47947efcb50a3f60479e14477560fcc50a2f0647e55a47fb88fccd0a2fac47fab847f0bcfce40a315a485f9f48705cfca20a356b48c200489cfdfc990a372748b95748d9b3fcb20a3b9648bdcc48e947fcd90a3a0748d76e48fb86fcd90a41e148d4d5491baefcc10a46af25a9d725c1b3fd100a2bae297ea0299462fcb60a2b122d8afb2d8c73fc7f0a2af931f2383202a1fd020a2ab3368214367a23fcc60a2ad63e0cfa3df78dfca20a2a9b432a1f432fa0fcbf0a3395461df9461cfcfcb70a2bb04762784773e2fcdb0a2bd247e22047ddbefceb0a2c4047e9ac47e936fcd30a2be647cfe247f4c3fcc60a2d7047aa8647c7fefcc10a2d6626ff66271bdcfcc30a2b522869632870bafce50a2a772918df28f082fcd50a2aea29b313299f13fcc90a2b0c2b9b152ba9fbfd050a2aed2dceb0,"-75.06253333333333,0.0",,340,7
01/Feb/2026 17:41:09,RockBLOCK 231710 - Head-04,MO,697e3e0a36931131f41431e61863d1dcfcb139dfa339d9a663c7c5fc87469d0146892863bfd7fc9c47d51647d10463c4effc9e47a1c847ad2463b723fc864775b747808263c8aefc6f47d56f47ce2063bb3bfcb6481300480c2863bb61fc43486d6c48590263bd67fc7f48b0c3488e7f63bbf8fc5d48dc9948be9863b9a1fc6848da7848faca63b77dfc4b490bc0490b2563baf0fc6d48fdb0491e6463bd10fc6c48f5c74907d563c08bfc7748c86649000863a95dfc4448cc7148c03863bbf3fcc5487d684878e263b040fcbf4827e348164563b5c8fc794810a6480f1963be02fc78321fd132100363bf9efc9534f74934ff5c63ccfffc893913be39060563b30afc803fbf273fe32163b722fc7f474bea47767863b40dfc8f1a29,"-74.95758333333333,-0.6902666666666666",,284,6
01/Feb/2026 17:12:30,RockBLOCK 231708 - Head-02,MO,697e377935dc5e1f352ffd4a0a270741ee01fd170a27583fca81fce80a130f3f84b8fcdb0a20443f791ffcd80a20903fb797fcf60a3b34402f70fd370a2e7f40597dfce80a480a406fd2fcd80a1e6a407ee9fcda0a4c0240dbd9fcd70a3e9d40dd01fce30a416c22827efd1b0a26fb24f84dfd3b0a26fd28aa86fcbc0a26b12c730bfcf30a2631308f53fcf40a262c3786b6fcd60a26683bb6c2fcf10a25e33e491dfced0a2ce03f8673fcf90a26303fef9ffcd70a40c9400629fcf20a27f43fed58fcca0a398c3fce93fcea0a2dc11936,"-75.06148333333333,0.6953",,209,5
01/Feb/2026 13:12:39,RockBLOCK 231708 - Head-02,MO,697dff3835dc421e9526fd470a273941f20afd1c0a277e3fcb88fcea0a139b3f853efcd40a20873f79b1fcdb0a215b3fb852fcf20a3bac403048fd2c0a2e9f405a66fce70a486b4070cafcd00a1ed5407fdcfccd0a4c1e40dcd6fcd50a3eb440ddfefcee0a4185236807fd210a271c24d106fd3f0a272428a745fcbd0a26db2c7144fcf40a265a309201fd020a2659378c73fcda0a26953bbc4dfcf80a260e3e4d4bfcea0a2d0b3f8970fcee0a265e3ff1adfcdc0a40bf4007a4fcf20a28213fee78fcc40a39ac3fcf95fceb0a2dce1936,"-75.16961666666667,1.6805666666666668",,209,5
01/Feb/2026 09:12:38,RockBLOCK 231708 - Head-02,MO,697dc6f835dc5a2391dafd470a29f941e828fd1d0a2a853fbfcafcef0a16cc3f7927fcd70a23713f6db3fcd60a24d13fac71fcf70a3ebf40246ffd340a319e404e84fce80a4ad24064ddfcd50a213f407411fcd20a4e8940d0e5fcd90a41b240d22cfcea0a448c241822fd1e0a29ef24b8b2fd3e0a2a2628a79bfcbd0a29d62c6b8bfcf20a2959308dc1fcfe0a29553787c6fcd60a29903bb611fcfd0a290b3e451bfce60a2ff93f7fb9fcf00a29533fe6f8fcda0a433a3ffc44fcf10a2b123fe2c9fcc50a3c293fc3b5fce80a3074193e,"-75.02788333333334,0.0",,209,5
01/Feb/2026 09:07:03,RockBLOCK 231709 - Head-03,MO,2dbccbfce00a2a682f5a662f6693fd090a29ee313c4e313605fca80a2a7833dc6b33f209fcc70a29373649ba3632cafcfd0a298d1a07,"-75.02788333333334,0.0",,54,2
01/Feb/2026 09:06:53,RockBLOCK 231709 - Head-03,MO,697dc55236d1332629f2260977fcc20a2a1e47f1f247cb1ffcf50a2cb7478ad24797f8fcbb0a3f8947ad6e4784d2fcc60a2e2c47fd2e4813b6fcce0a2ed2481ba84811fdfcec0a30794870d248819cfca60a347548c83348a312fca00a363a48be5b48de99fcb20a3a5148c0e248ec4efce40a392448d94448fd5efce00a40dc48d689491d6ffcc00a459d28f4b42901fafd170a2aca291d7c2933d9fcc20a2a2c2d89d92d8b62fc870a2a1d31ef0a31ff7ffd060a29d8368a34368245fccc0a29f83e1dc43e0856fca70a29ba433978433ef4fcc20a32b946289a46279bfcb80a2ad44768b5477a25fcdc0a2aef47e52c47e0c5fcf80a2b6047eabb47ea4bfcda0a2afd47cfe747f4bffcd00a2c8647aa1847c78dfcc80a2c7e27a17827bddffcc20a2a4a27eb4c27f293fce00a297c28792e2850bdfcd00a29fe29690e2953dbfcc90a2a1c2b7f982b8f4bfd0b0a29f72db576,"-75.02788333333334,0.0",,340,7
01/Feb/2026 05:12:38,RockBLOCK 231708 - Head-02,MO,697d8eb935dd0a2d65fcfd460a2dea41d3e1fd1c0a2f2c3faa98fcf00a1b7a3f63aefcd50a27d93f5841fcd40a29cd3f9712fcf70a4342400eeefd310a3641403905fce80a4e45404f5efcd50a24ba405e74fcd60a523440bb39fcd50a464c40bc7afcf00a492723a755fd240a2e6a24b354fd3b0a2ed528a21bfcbf0a2e842c5f90fcf50a2e043081e2fcfb0a2e06377a4ffcd20a2e413ba63dfcf70a2db93e32f2fced0a34953f6bc9fcf00a2e073fd1d9fcd10a473c3fe67afcf10a2fc83fcccbfcc90a40203fada3fceb0a34ae193e,"-75.06253333333333,0.0",,209,5
01/Feb/2026 04:01:19,RockBLOCK 228680 - Head_26-02,MO,697d891347f008054f6b054ba57f04f3fddd0f5fee054f7e054bad7f04f3fde90f5ff90dc7,"53.00725,9.040816666666666",,37,1
01/Feb/2026 01:12:35,RockBLOCK 231708 - Head-02,MO,697d567835dbc8338badfd470a328941cb0efd1c0a344f3f9fc3fcf40a20a33f587bfcd70a2cb63f4d10fcde0a2f393f8c0dfcf80a48404003dafd340a3b65402decfce70a521f404439fcd90a289c405366fcd60a564440b016fcd90a4b6640b14dfcf00a4e4a220cd7fd220a339224c1cafd3c0a33f6289a93fcbc0a33a22c580efcef0a3321307c54fcfb0a3320377571fcdb0a33593ba013fcf40a32d33e2aecfcf20a39983f623efcf00a331b3fc762fcd60a4b993fdb7dfcf90a34df3fc170fccd0a44733fa23bfceb0a393c18c4,"-75.07173333333333,0.13906666666666664",,209,5
31/Jan/2026 21:12:37,RockBLOCK 231708 - Head-02,MO,697d1e3835dcd02a2621fd480a393441e219fd150a3a6e3fb202fcf40a26ab3f6a31fcd40a327b3f5ee0fcd50a358d3f9deffcf70a4e17401603fd380a4181404024fcf00a569f40567afcde0a2d1f4065abfcda0a5b1540c274fce00a518340c3b9fcee0a5467210dddfd1d0a39e524e4a6fd430a3a14289f34fcbc0a39bb2c630bfcf60a393b308c3afcfc0a393a378a54fcd60a39703bb5e3fd020a38ee3e400efce70a3f933f7674fcf50a393b3fdacffcdc0a50e73fee36fcf80a3afd3fd3defcc60a499c3fb467fcef0a3eba1947,"-75.02771666666666,0.27745",,209,5
31/Jan/2026 21:07:08,RockBLOCK 231709 - Head-03,MO,2dbce7fce20a3a3c2f53df2f602bfd0c0a39be313a9131346efcaa0a3a4633df0133f4befcca0a3903365110363a23fcf60a395e19fe,"-75.02788333333334,0.0",,54,2
31/Jan/2026 21:06:55,RockBLOCK 231709 - Head-03,MO,697d1c9236d0de2c2c502c0859fcbc0a395d47f1fd47cb21fcf30a3c6b47891347963dfcbf0a4f6e47aa31478191fcc40a3de547fa3d4810aafccc0a3e9648180e480e45fce60a403e486f73488030fca40a443848c7c648a2abfca90a45f748bdf748de30fcb60a494f48c09448ec02fcdd0a490348d91348fd25fcde0a509948d65a491d38fcbd0a555c248c4524a1c2fd150a3a98293f2f295786fcb50a3a022d89db2d8b04fc890a39e731f002320083fd030a39a4369571368d81fcc40a39c43e2f103e19a3fcaa0a398843489f434e19fcbe0a426e4632e74631edfcb70a3aa5476eb1478018fcdb0a3abf47e80247e38bfcf60a3b3347eb9747eb18fcd60a3acb47cfb847f492fcc80a3c5547a96a47c6e2fcc60a3c5825c02425db8bfcc00a3a3827d18727d8a2fce60a396128df1028b673fcce0a39ce29b389299f63fcc50a39ef2b9a592ba955fd060a39c62db572,"-74.99325,0.0",,340,7
31/Jan/2026 17:41:02,RockBLOCK 231710 - Head-04,MO,697cec8a36940631f02c31e22163d1edfcb439febb39f8bf63c7cdfc894711e346fde463bfe2fc9c47cc4e47c82b63c4effca047a0ea47ac5163b71ffc8b47a7a847b28263c8b7fc664811bf480a7463bb4cfcb94846cb483fdd63bb74fc3f487e3f4869cc63bd68fc8048bdc5489b6f63bbf8fc6448e09b48c29463b9adfc6648de3148fe9063b778fc58490ca9490c0f63baf8fc6e48fe38491f0663bd1afc6d48f5ee4907f663c094fc7348c88b49002563a959fc4f48cc9348c05363bbf7fcc0487d8548790963b03efcc348280848167163b5dafc7f4810ae480f2663be0dfc79321d19320d5463bfa2fc8a3503cb350bea63ccfcfc88392faa3921f663b30afc7b3fe33a40076b63b727fc7b4756ee47817463b41afc911a21,"-75.06971666666666,0.9733666666666667",,284,6
31/Jan/2026 17:12:31,RockBLOCK 231708 - Head-02,MO,697ce5f935db7520b607fd450a401c41fbf5fd1e0a40b23fc6c1fce90a2cdc3f7e72fcd80a38643f731ffcdd0a3c033fb25efcf80a540e402ac5fd390a47bb4054fdfce10a5b37406b62fcd40a31bb407a9efcd60a600940d79dfcd80a57bb40d8dffcef0a5aa9211165fd1f0a404a24f9a3fd3c0a404428a00afcbe0a3ff12c6e2efcf00a3f70309d87fd010a3f6c37a1affcd30a3fa93bce95fcf80a3f203e584dfce60a45a73f8dd7fcf20a3f6c3ff15dfcd10a564740043ffcf00a412f3fe976fccb0a4ee83fc9eefcf00a444d193e,"-75.06236666666666,0.2781166666666667",,209,5
31/Jan/2026 13:12:30,RockBLOCK 231708 - Head-02,MO,697cadb935dcc91f7456fd4b0a47c3420171fd150a48773fc944fcea0a34703f807ffcd40a3fb13f7554fcdc0a43df3fb4cbfcfb0a5b63402d4bfd310a4f8440577ffce40a60cc406de3fce50a3751407d2ffcd60a662940da40fcdb0a5f7e40db92fcec0a627421c417fd200a4829250193fd3a0a48172897edfcba0a47c72c6d87fcf30a474a30a18efcff0a474237a8ccfcd60a47823bd591fcf70a46fb3e5dfefce90a4d5b3f9255fcec0a47473ff4e3fcd80a5d1c40073afcfa0a49043fec20fcc40a55913fcc6cfcf00a4b5b193e,"-75.07071666666667,0.6953",,209,5
31/Jan/2026 09:12:36,RockBLOCK 231708 - Head-02,MO,697c757835dbc41f41c2fd3f0a4e3842064dfd1f0a4e993fcb25fcf40a3a7a3f8200fcd30a457b3f76dcfcdd0a4a2d3fb688fcf70a612f402efffd330a55a0405953fceb0a652c406fc7fcd90a3bb6407f08fcd60a6aee40dc18fcd00a659640dd82fcf50a6894228540fd1f0a4e1c252116fd450a4e2f289a70fcbc0a4ddf2c7125fcf40a4d6030a788fcf70a4d5e37af93fcd40a4d963bdbacfcf90a4d103e62a5fce50a53533f95b3fce80a4d5e3ff760fcd60a625d400914fcf60a4f1f3fedb4fcbd0a5ac13fcdccfceb0a50c51947,"-75.02788333333334,0.0",,209,5
31/Jan/2026 09:07:06,RockBLOCK 231709 - Head-03,MO,2d94d3fcdd0a4e502f3d8a2f49a6fd070a4dd8312c82312642fca20a4e6033db9433f13efcc70a4d1c36536b363c85fcfd0a4d771a07,"-75.02788333333334,0.0",,54,2
31/Jan/2026 09:06:58,RockBLOCK 231709 - Head-03,MO,697c73d236d0ee22afda2293b8fcc10a4e1f47f54947ce7ffcf70a507f47863a479367fcc00a634347a3f9477b43fcc50a520247f36c4809bdfccf0a52b24810ba4806d6fce80a5463486be1487c9bfca90a584c48c62148a0fdfca00a5a1948bcbe48dcfefcb10a5c8c48bfb348eb36fce50a5d3748d88f48fc9cfcda0a64bd48d5dd491cbffcc10a697a266112267ab3fd1f0a4ef0298b8729a290fcbe0a4e272d754b2d76a2fc8f0a4e0e31ec2e31fcbffd0a0a4dcf369e19369633fccc0a4def3e3fad3e2a48fcb50a4da94357aa435d23fcc70a566b463d35463c2dfcb70a4ec94774a2478603fce30a4edc47eabb47e64dfcfd0a4f5747ec5547ebe3fcde0a4ee847cf7e47f454fcd20a507947a8c947c636fccd0a507926a66226c1abfcc40a4e582832f9283a31fcea0a4d7028e28b28b9ccfcd10a4de529aca5299794fcc50a4e082b68162b77edfd010a4de42d8d79,"-75.02788333333334,0.0",,340,7
31/Jan/2026 05:12:30,RockBLOCK 231708 - Head-02,MO,697c3d3835dbec22f1f0fd3f0a511741fde5fd110a51c73fc0e8fcf60a3dcd3f777efce00a488e3f6c4dfcd90a4db73fac15fcf40a643d4024bcfd310a58c7404efbfcea0a6778406563fcd40a3dff4074affcd00a6d5640d1b4fcd70a68b240d320fce70a6bae22c2a6fd230a5132254214fd3a0a515e2896aafcb80a51102c6d92fcf40a508b30a4b1fcf50a508d37ac10fcd70a50c83bd680fcfc0a50413e5b8bfce70a56653f8d13fcec0a508d3feda6fcd80a65003ffed2fced0a52523fe32efcce0a5d7b3fc32cfcf10a537c193e,"-75.02788333333334,0.0",,209,5
31/Jan/2026 01:12:30,RockBLOCK 231708 - Head-02,MO,697c04f835dbe1231e81fd490a528a41fff0fd120a53653fbffafced0a3fbc3f7619fcd20a4a3f3f6b0cfcd60a4fd33faae1fd000a65e7402388fd330a5a62404dd1fce90a68c540644efcdd0a3f3d40738bfcd20a6e9540d08cfcd80a6a4c40d1f1fcf00a6d5022ab7afd1f0a52d62559a2fd370a52fe28914cfcc60a52b12c6db2fcf20a523130a721fcfc0a522a37b01ffcde0a52693bd9c9fcf90a51e33e5d4afce70a57e73f8d7bfcf10a522c3fed0bfcd70a663c3ffd95fcf70a53e83fe197fccc0a5ee53fc16cfcf10a54c4193e,"-75.02788333333334,0.0",,209,5
30/Jan/2026 21:12:38,RockBLOCK 231708 - Head-02,MO,697bccb835dada221a8ffd440a5409420577fd170a54cc3fc249fceb0a41703f780cfcd40a4bbd3f6d10fcde0a51b03fad15fcf80a674f4025e3fd360a5bc3405029fce20a69d44066a5fcdd0a403a4075f4fcdc0a6f9140d304fcd90a6ba040d472fcef0a6ea5229dfdfd210a5448256219fd3a0a54632888e7fcb90a541c2c6e69fcf90a539a30ab7bfcfe0a539837b783fcd90a53d63be0fefcf90a534c3e632afced0a59333f920efcec0a539c3ff0befcdd0a67454000b7fcf40a55593fe45afcbf0a60253fc429fce70a55cb1947,"-75.14,0.6986833333333333",,209,5
30/Jan/2026 21:07:02,RockBLOCK 231709 - Head-03,MO,2d8f2cfce20a54892f38222f4463fd0f0a5410312c153125f3fca80a549633dec833f492fcc90a5356365b4f364467fcfc0a53b01a07,"-75.02788333333334,0.0",,54,2
30/Jan/2026 21:06:53,RockBLOCK 231709 - Head-03,MO,697bcb1236d02024a7c0248688fcbe0a540347f64c47cf65fcf60a56884783b64790edfcb90a697f47a0894777f5fcc80a580a47efbf480646fccf0a58c0480e0348044efce70a5a764869d6487a9dfca50a5e5348c4f0489fdcfca10a601c48bbc848dc0bfcb30a620b48bf2f48eaa1fce00a635348d83748fc44fcde0a6abd48d58e491c71fcc00a6f76263b30265473fd180a54f729dc3329f123fcc90a544d2d66472d67a2fc890a543331f0243200cbfd0b0a53f136ab4c36a371fcc70a541a3e51ee3e3c84fca60a53d3436750436ccbfcbf0a5c7b4647b14646a7fcb90a54fa477aa3478c02fcdb0a550c47ed9247e91afcf60a559047ed3247ecb7fcd40a551747cf5147f421fcca0a56a947a82947c599fcc70a56b02767c927845afcc60a548428bd5e28c4cbfcea0a539e294ffd2927a1fcd00a541a29bcb329a8defcc70a543c2b5cc12b6bb1fd0b0a541a2d87c4,"-75.02788333333334,0.0",,340,7
30/Jan/2026 17:41:03,RockBLOCK 231710 - Head-04,MO,697b9b0a36933831dbb231cdc463d1c9fcae39fd4839f73e63c7cbfc8546a3b4468fc863bfdbfc9a47d7c947d3b063c4f4fca547a32347ae7a63b723fc844772b7477d8263c8adfc6647cd5847c61563bb40fcb5480a804803a563bb4dfc48486a1e4855aa63bd6afc7948adc4488b7363bc03fc5d48dbba48bdbe63b9a7fc6648d9ab48fa0e63b77cfc4f490b71490af563baf5fc7048fd73491e2863bd18fc6e48f5b54907b763c089fc7c48c86a49000263a954fc4b48cc7848c03763bbf8fcc8487d654878ee63b040fcc24827c048163f63b5cbfc754810a1480f0a63be07fc7d321ccc320d1763bf9dfc963512c7351aed63ccfffc81394dc739400d63b305fc7b40087e402ca363b723fc7e4761f1478c6c63b416fc8c1a29,"-75.2336,3.09405",,284,6
30/Jan/2026 17:12:38,RockBLOCK 231708 - Head-02,MO,697b947835daa822b21bfd4b0a5334420911fd1f0a541f3fc278fcef0a41393f77c3fcd10a4b563f6cccfcd50a51953facf1fcf40a66cf4025c5fd360a5b0e40502efce10a6970406697fcd90a3fbf4075f6fcd50a6ee940d2f7fcd80a6ada40d46afceb0a6ddd22e611fd250a53b5254afafd390a53b7287ab1fcc10a53712c6b9efcee0a52ee30ad3bfcf70a52ed37bca7fcd60a53243be5fdfcf90a529f3e66b7fcee0a58643f9453fcee0a52ed3ff20ffcd90a666b40016ffcfb0a54b23fe4bdfcce0a5fa33fc460fcf20a54ef1947,"-75.0716,0.2781166666666667",,209,5
30/Jan/2026 13:12:31,RockBLOCK 231708 - Head-02,MO,697b5c3835db401e2374fd530a52df421857fd170a53633fcdd0fcf00a40f93f82bffcd90a4ae53f77ebfcd90a51773fb835fcf40a6646403154fd2f0a5a49405bb9fcea0a690e407261fcd50a3f4c4081aefcd00a6e4640dedefcdc0a6a0940e05dfcf20a6d1323f89efd1a0a52f3252f17fd3c0a52f428790ffcbe0a52af2c7272fcf70a522b30b8f8fcf80a522a37cc0cfcd90a52673bf5d1fcfa0a51e13e757cfceb0a57863fa1f1fcea0a522b3ffec1fcda0a6579400d82fcf80a53ee3ff071fccb0a5f183fcff0fcec0a53f4193e,"-75.0711,0.55625",,209,5
30/Jan/2026 09:12:37,RockBLOCK 231708 - Head-02,MO,697b23f935db3123e83dfd4e0a51de420b20fd280a52de3fbf03fcf60a40e83f738cfcdd0a4aad3f68b3fcd70a51863fa928fcf70a65e440222afd310a59c1404c95fce30a68d2406325fcd70a3ef0407288fcd80a6dc840cf9efcd90a697540d11cfcf50a6c8324d897fd270a5244251164fd3e0a5274287118fcbf0a52322c6abafcf40a51ac30b262fd020a51a537c444fcd10a51e03bebfefcf70a515e3e697efcf10a56ea3f9462fcf10a51a73ff031fcd90a64c43ffe5efcec0a53693fe107fcc70a5ec23fc075fcec0a53351947,"-75.02788333333334,0.0",,209,5
30/Jan/2026 09:07:02,RockBLOCK 231709 - Head-03,MO,2d6ae6fcdc0a52972f24792f3093fd110a521b311f78311947fca60a52a233dd0233f2b8fccc0a5165365f40364855fcf80a51bc1a07,"-75.02785,0.13871666666666668",,54,2
30/Jan/2026 09:06:50,RockBLOCK 231709 - Head-03,MO,697b225236cfa026c4c426a3bffccc0a520a47fa8e47d3e6fcf30a548547841d479147fcb90a67e6479dae4774e8fccd0a561047e9da480008fcc80a56cc48048347fa83fced0a58804865414875f1fca50a5c4f48c383489e79fca00a5e1848ba8d48dad9fcb80a5fba48be6448e9dffce00a616248d7b948fbcdfcdc0a68a148d525491c02fcc10a6d542994ec29a559fd160a5302298f2b29a365fcc20a525e2d51672d5336fc840a525031ef7532002afd0b0a521136b62136ae4afcc80a52333e63c13e4e52fcaf0a51f043770a437c74fcc80a5a7746524b465142fcba0a53164780bd47921afce20a532447f07847ec07fd000a53af47ee1d47ed9efcd90a533047cf3747f411fcca0a54bf47a7a547c517fcc80a54c82868962885a5fcc30a5280286e3128759ffcea0a51a828af0a2886dafcd10a522a294e952939bafcc50a52522b1bc62b2b80fd060a522b2d639c,"-75.02788333333334,0.0",,340,7
30/Jan/2026 05:12:37,RockBLOCK 231708 - Head-02,MO,697aebb835da542905ddfd490a4f2842011afd220a50d33fb313fcf60a3f683f6752fcda0a49043f5c9afcd80a501d3f9d14fcf50a641240162cfd3a0a57a6404086fce80a677740570dfcdb0a3d7a40665ffccf0a6bff40c381fcdb0a674d40c4e9fcf50a6a5a24d2e2fd1d0a5001250421fd3e0a5066286dcefcba0a501c2c665dfceb0a4f9830ae98fd010a4f9837bf67fcd10a4fd23be555fcfd0a4f503e60d3fce80a54b93f8a1bfcec0a4f993fe4fafce20a62a13ff283fcfb0a51573fd4edfccf0a5d193fb436fcef0a5100193e,"-74.99321666666667,-0.13838333333333336",,209,5
30/Jan/2026 01:12:37,RockBLOCK 231708 - Head-02,MO,697ab37835d9c82f2fdefd4f0a4c6041f701fd170a4df03fa735fcfb0a3d2c3f5b22fcdf0a46993f506cfcda0a4df43f910afcfd0a6181400a0bfd2c0a54bb403463fce30a6598404ae6fcdb0a3b7a405a3ffcd10a699b40b756fcd70a645240b8b7fced0a675f23a468fd250a4d1a24fa61fd410a4d852863f3fcbc0a4d392c5f88fcf60a4cb630a95bfd050a4caf37ba32fcd90a4cee3bdea1fcf40a4c6d3e5818fce60a51be3f7fd0fcf40a4cc33fd99ffcd90a5fc63fe699fcf70a4e833fc8c1fccf0a5acf3fa7f6fce90a4e1f1947,"-74.99321666666667,0.13838333333333336",,209,5
29/Jan/2026 21:12:30,RockBLOCK 231708 - Head-02,MO,697a7b3935da902a5a58fd490a4a15420537fd160a4b663fb127fcf20a3b3a3f64a5fcd90a44883f59ecfcd80a4c163f9abefd000a5f424013fdfd310a5226403e52fcde0a63ff4054cefcdf0a39b4406432fcd70a678340c137fce00a61ae40c2c2fcec0a64bf22bf07fd1f0a4abd24f34bfd3a0a4af42862f4fcc20a4aa92c65fdfcf00a4a2730b3e3fcfd0a4a2337c866fcdc0a4a5e3becf3fcf70a49dc3e6538fce90a4f0c3f8bc7fcef0a4a263fe4a0fcd80a5d293ff0f4fced0a4be73fd2dafccb0a58bc3fb1b9fcec0a4b6e193e,"-75.02788333333334,0.0",,209,5
29/Jan/2026 21:07:00,RockBLOCK 231709 - Head-03,MO,2d69cefcdc0a4af92f20552f2c94fd110a4a8331200f3119fbfca60a4b0833e17033f751fcc70a49c736682e36514dfcfe0a4a1e19fe,"-75.07176666666666,0.0",,54,2
29/Jan/2026 21:06:50,RockBLOCK 231709 - Head-03,MO,697a799236cfad2c85952c5fe4fcbd0a49ef47fe0847d74cfcee0a4cbb4783744790a4fcbe0a6089479b6e4772a0fcc40a4e3f47e5ec47fc17fccd0a4f0647feb147f4a4fcef0a50b948626648731efcab0a547448c2d2489dcdfc9f0a563d48ba0148da58fcb00a57bc48be0a48e98efce20a599148d78348fba8fce00a60b348d4fc491bd9fcbf0a6556267bc3268fc7fd120a4b39296879297d3ffcb50a4ab12d4a692d4c26fc8c0a4a9f31f50c3205ddfd090a4a5836c4f136bd17fcc20a4a793e76c13e614efcae0a4a3b43871d438c83fcb80a52a6465cf4465be4fcbc0a4b614786cb47982efcdd0a4b7447f35647eee5fcf50a4bff47eefc47ee85fcd40a4b8347cf2747f3f9fcc80a4d0c47a71b47c493fcc10a4d1a271bd3273833fcc30a4aeb2825d5282d09fcea0a4a1228b33e288b35fcd60a4a8c293b1729275cfcc90a4aac2b19302b2827fd050a4a8e2d626d,"-75.07176666666666,0.0",,340,7
29/Jan/2026 17:41:11,RockBLOCK 231710 - Head-04,MO,697a498a36912931e4ee31d6fe63d1ddfcb73a2b4a3a253b63c7cdfc8646c63846b24f63bfe3fc9c47dae047d6c163c4eefca047a08c47ac1363b71cfc834771c5477c9063c8affc6f47d1c747ca7c63bb3cfcb84810a34809d563bb4efc45486c9b48583a63bd5afc8248afbc488d7563bbfbfc6448dc4b48be4563b99efc6448da3448fa8463b77bfc53490b95490b0c63baf2fc6748fd8a491e4e63bd18fc6d48f5cc4907ce63c096fc8248c87a49000d63a95bfc5048cc7448c04763bbedfcc3487d5e4878ec63b03dfcbb4827d348164363b5c9fc824810a3480f1163be06fc7c32209a3210e663bfa6fc91352605352e3363ccfbfc8a396f2139617563b2fefc7e402f5f40538b63b736fc79476d244797a163b413fc8e1a29,"-75.23168333333334,3.2344",,284,6
29/Jan/2026 17:12:38,RockBLOCK 231708 - Head-02,MO,697a42f835d9a2200276fd440a480c42211efd190a48a83fc7dcfce90a39203f7ad5fcd50a424f3f7050fcd90a4a123fb149fcf60a5cd5402acdfd320a4f64405539fcee0a624a406bc1fcd90a37df407b47fcd50a654940d876fcd30a5edd40da14fcf00a61f0232886fd270a483b24d41cfd360a4848286608fcbd0a47fc2c73bbfcf30a477a30c7bffcff0a477637e1f1fcd10a47b23c07cffcf20a47343e7f6efce70a4c3f3fa50efced0a47803ffd1efcd70a5a7a4008effcfc0a493b3fea55fcc60a56a73fc933fcee0a48b91947,"-75.173,1.12055",,209,5
29/Jan/2026 13:12:38,RockBLOCK 231708 - Head-02,MO,697a0ab835d9771fc8f9fd4b0a46d34224c9fd1b0a47aa3fc883fcf10a38a13f7b2afcd50a41c33f70a9fcdf0a49ae3fb1cbfcf60a5bfe402b65fd320a4e5d4055e7fce50a61de406c85fcd90a374c407c01fcda0a647540d946fcd90a5dcc40db00fce80a60df240a6ffd230a472624a05dfd370a4740285ec6fcb50a46f02c730cfcf30a466c30cb6dfcfe0a466437e7dffcd50a46a23c0d3dfcf80a46233e8372fce80a4b103fa7c0fcf20a46683ffedcfcdc0a593e400a03fcf60a48233feb28fcc40a55ed3fc9dafcef0a477c193e,"-75.10573333333333,0.5576000000000001",,209,5
29/Jan/2026 11:29:56,RockBLOCK 228680 - Head_26-02,MO,6979fe464801a60540b4053ce07f04e1fde80f400f0540bc053cef7f04edfde10f40310dd0,"53.00725,9.040816666666666",,37,1
29/Jan/2026 09:12:31,RockBLOCK 231708 - Head-02,MO,6979d27835d9e4263bedfd440a474c4216d5fd1f0a489a3fb8fffcf00a39ea3f6b5cfcd90a42fc3f60fcfcdf0a4b1c3fa23cfcfa0a5cf0401bcefd300a4f47404645fcec0a62c4405cd8fce40a380a406c52fcd80a652740c999fcdc0a5ea840cb23fcef0a61bf2431defd260a47dc24852ffd3f0a482e2857cafcc00a47de2c6b95fcf50a475a30c51bfd000a475637dff9fcd20a47913c0357fcf50a47103e775cfcf10a4bde3f9a11fcf30a475e3ff01afcd70a59d93ffabcfcfd0a49153fdb94fccd0a56f83fba2cfcf10a4825193e,"-75.02788333333334,0.0",,209,5
29/Jan/2026 09:07:07,RockBLOCK 231709 - Head-03,MO,2d4625fce40a48432f0d092f1917fd0d0a47c431163631100ffca90a484c33e22133f7e3fccf0a470b366e03365725fcf70a47651a07,"-75.02788333333334,0.0",,54,2
29/Jan/2026 09:06:58,RockBLOCK 231709 - Head-03,MO,6979d0d236ceef2956f32934bdfcc50a46f347fd1b47d664fcf00a49f6478331479060fcb80a5dde479dc5477501fcc00a4b8447eb6e480199fcd10a4c4a48062947fc29fce90a4dff4866ef4877a5fca90a51aa48c4d3489fc6fca60a537148bb7048dbb6fcb10a54b748beea48ea64fce20a56d648d80948fc1cfcde0a5dd048d562491c38fcbe0a6273292a1c293032fd210a487428f588290bedfcb50a47fd2d3a8c2d3c90fc850a47e331f4b6320591fd090a47a236d08c36c8bdfccb0a47c23e88c33e7343fca90a47854396da439c3bfcc30a4fd0466772466661fcb90a48ab478cbe479e1cfce20a48b847f61c47f198fcfa0a494847efd347ef56fcd80a48ca47cefa47f3cefcd00a4a4f47a68a47c405fccc0a4a6226e4f427008ffcc30a481a277028277746fce50a475528090a27e106fcd70a47da28eaac28d5c8fcc60a47f82ae77c2af754fd110a47d12d3ede,"-75.02785,-0.13871666666666668",,340,7
29/Jan/2026 05:12:36,RockBLOCK 231708 - Head-02,MO,69799a3835d99a2e9ef0fd4c0a47d4420807fd1f0a49913fa8d1fcf20a3b423f5afffcdb0a444a3f50aafcd40a4c953f91eafcf90a5deb400b88fd330a50394035fffce60a63cb404c8efcda0a38e9405c14fcd60a65ff40b93dfcd70a5f8e40bad2fce80a62ad23155cfd240a48b6248c74fd3f0a4926285227fcb80a48d72c64bafcf70a485230be80fcfa0a484e37d758fcd50a48883bf88ffcf80a48033e6a4ffcee0a4caf3f8b3cfcf30a484e3fe038fcdb0a5a7d3fea51fcfc0a4a073fcae3fccc0a580e3fa960fcef0a48d71936,"-75.02788333333334,0.0",,209,5
29/Jan/2026 01:13:34,RockBLOCK 231708 - Head-02,MO,697961f835d8e92cead4fd4d0a4d99420d10fd1f0a4f523faadefcea0a41023f5ca7fcda0a4a0a3f5260fcdc0a52893f93dafcfd0a634a400d98fd320a55f540380afceb0a681f404ea2fcd80a3d24405e2afcd20a6aa340bb4efcd40a654940bcfbfcea0a686821da48fd240a4e9224a526fd410a4edb285094fcbb0a4e8b2c6809fcee0a4e0930c417fd020a4dfd37de68fcda0a4e3b3bff13fcfe0a4dba3e6f52fce90a52373f8f03fcf60a4e033fe30ffcd60a5f6b3fec8cfcfb0a4fbb3fccbdfccf0a5d393fab2ffce80a4df21924,"-75.02785,0.13871666666666668",,209,5
28/Jan/2026 21:12:38,RockBLOCK 231708 - Head-02,MO,697929b835d89325e947fd4d0a538c421f6dfd1d0a55493fb8e9fcf00a46e73f6a2ffcd30a50023f600bfcdc0a58af3fa1a9fcfa0a68d4401b84fd2f0a5bec40460afce60a6c8c405caafcde0a416f406c43fcd80a6f6940c981fce10a6b4040cb2dfcef0a6e65216531fd200a54c624b97dfd3d0a54dd28506ffcbd0a548c2c7144fcf50a540730d198fd030a540137efe1fcda0a543d3c10f8fcff0a53bd3e8045fcea0a58163f9ee8fced0a540c3ff20efcd90a64a53ffaf0fcfb0a55c13fdaddfcca0a62a23fb923fcfc0a535c1950,"-75.02788333333334,0.0",,209,5
28/Jan/2026 21:07:10,RockBLOCK 231709 - Head-03,MO,2d4352fce30a54f62f07f22f1423fd110a547c31160e311012fca90a550533e68c33fc67fcc90a53bf3676bc365fe3fcfe0a541c1a07,"-75.02771666666666,0.27745",,54,2
28/Jan/2026 21:06:59,RockBLOCK 231709 - Head-03,MO,6979281236cedb27ded427bd15fcbf0a543447f80447d0f9fcf00a56be4783f347912cfcc00a69e747a1de477948fcc70a585347f196480833fccc0a591e480ed4480547fced0a5ad0486a44487b15fca50a5e6b48c59e48a08ffc9f0a603448bc2048dc6efcaf0a610248bf5748ead1fce60a63b348d84f48fc62fcdd0a6a9548d5b8491c93fcc30a6f3424eb442504f5fd150a557629297f293f77fcbb0a54c72d31212d32f7fc840a54b031fb11320c08fd070a546736dff436d828fcc20a548b3e9b6f3e85fafcaa0a544643a68d43abdffcc10a5c5c4671bb467099fcb10a557547928747a3c4fce00a558347f8a747f41ffcf70a560f47f06a47efe9fcda0a558d47ce9f47f372fcc80a571347a5d147c342fcc40a572b261749263308fcc30a54ff27ba7d27c1e1fce70a541a287710284f4ffcce0a548f29088628f4f3fccc0a54b12ae6202af519fd020a54892d3beb,"-75.02788333333334,0.0",,340,7
28/Jan/2026 17:41:09,RockBLOCK 231710 - Head-04,MO,6978f80a3691e931f05731e25c63d1d6fcbc3a57423a514363c7dbfc81471cc24708ce63bfe5fc9747d3d047cfa063c4f1fca747961e47a18e63b71bfc83478a214794fa63c8b1fc6847f4f047edab63bb3bfcb848300948292363bb53fc4748766048620263bd61fc8948b75d48951a63bbf9fc6848de9f48c08863b9a4fc6d48dc1d48fc8863b780fc52490c09490b9363baf2fc6d48fdd3491e8e63bd10fc7348f5d54907e063c08efc7f48c87d49002163a953fc5948cc8b48c04563bbfbfcca487d6e4878fd63b04afcc44827e948166563b5c7fc7d4810ad480f2b63bdfffc803226813216cc63bf95fc96353ae035431d63cd00fc8d39906a3982b763b2fdfc744055bc407a1263b727fc824777f647a26f63b415fc941a32,"-75.37785,4.8344000000000005",,284,6
28/Jan/2026 17:12:31,RockBLOCK 231708 - Head-02,MO,6978f17935d87a20e392fd4b0a579b422f89fd1c0a587f3fc4c8fced0a4a443f75b7fcdb0a535d3f6ba7fcd20a5c313fad84fd000a6bd14027adfd320a5f1b40523cfce80a6f074068e4fcd50a43ba407891fcd90a71f740d5d6fce50a6e6440d780fcf60a718f21c226fd210a581624b004fd390a580e284af5fcbe0a57c32c7775fcf30a573a30dce5fcf70a573437ff83fcdb0a57703c212ffcfe0a56ee3e8f70fcf10a5b203fad04fcf00a57413fff35fcd80a6748400785fcf20a58f23fe71bfccb0a65993fc52ffced0a56261950,"-75.02771666666666,0.27745",,209,5
28/Jan/2026 13:58:07,RockBLOCK 228680 - Head_26-02,MO,6978d24748191e052d9b0529f57f04d9fddf0f30cf052d840529d67f04e0fde30f30ce0dd0,"53.00725,9.040816666666666",,37,1
28/Jan/2026 13:12:39,RockBLOCK 231708 - Head-02,MO,6978b93935d8961fc568fd520a5c0d42358efd160a5d2e3fc771fcf00a4efb3f77ebfcda0a58223f6debfcdb0a611d3faff5fcfe0a7029402a34fd300a63ca4054cbfce80a728f406b97fce10a471d407b2bfcd30a75ba40d878fcde0a730e40da3afced0a763922db1efd210a5cc624910efd3d0a5cc32843befcbd0a5c712c78a4fcf60a5bec30e249fcfe0a5be3380732fcd80a5c1f3c28b6fd000a5ba03e957cfce80a5fa93fb1b8fcf40a5bf440031afcda0a6b47400ad5fcfa0a5da33fea3afcca0a69da3fc82dfcea0a5a4f1950,"-75.02771666666666,0.27745",,209,5
28/Jan/2026 09:12:38,RockBLOCK 231708 - Head-02,MO,697880f835d81c2339b3fd490a6094422f0cfd1e0a61273fbed9fcef0a52f53f6f24fcd20a5c303f6554fcdd0a654b3fa78dfcf80a73c74021dcfd360a67bc404c98fce70a758040635dfcde0a49d9407309fcd60a78cf40d06afcde0a76f640d23dfcea0a7a2a23eb27fd200a6096247903fd490a60bb2840a0fcc40a606d2c76fdfcf10a5fe530e207fcfd0a5fe23805fefcd80a601c3c25f7fcfd0a5f9f3e90c5fcf30a63813fab73fceb0a5ff13ffbd2fcd80a6ea54002d7fcfa0a61a53fe1e4fccd0a6d773fbfcefcea0a5dd71958,"-74.99325,0.0",,209,5
28/Jan/2026 09:06:58,RockBLOCK 231709 - Head-03,MO,2d1b59fcdd0a60bb2ef3712eff74fd110a603d310a003103d8fca80a60c033e49f33fa62fcc70a5f7d367a24366365fd0a0a5fd419e4,"-75.02788333333334,0.0",,54,2
28/Jan/2026 09:06:50,RockBLOCK 231709 - Head-03,MO,69787f5236cec725648a254a47fccd0a602747f92947d256fcf10a623247821b478f41fcbf0a7464479e1447755ffccf0a63c747ecbf480318fcd10a649f48089447fec3fceb0a66524866a0487768fcaa0a69e648c40a489efafc9e0a6bb248baf748db4bfcb70a6c0348bea248ea19fce10a6f4748d7e448fbf4fce20a760c48d551491c34fcc00a7ab0284e642861ebfd1c0a610f28ec6e2901c4fcbb0a605f2d1d982d1fd4fc860a604931fc72320d7bfd090a600936ecb836e4e7fccc0a602e3ead8d3e980afca70a5fec43b62643bb89fcc80a67c9467bf8467ad1fcb70a611e47982247a973fce20a612f47fb2747f6a8fcfc0a61ba47f10347f083fcd70a614047ce4447f317fccf0a62c747a51447c283fcc70a62de2728f3274538fcc70a60a2277b9a27830cfcef0a5fc627eb7427c3d0fcd40a605128ae37289996fcc50a606f2aa7892ab752fd010a604c2d141f,"-75.02788333333334,0.0",,340,7
28/Jan/2026 05:12:34,RockBLOCK 231708 - Head-02,MO,697848b835d8e525a5fafd4e0a616c422b49fd1c0a622d3fb8d9fcf20a543a3f68b9fcdd0a5d7e3f5f0cfcda0a66b23fa152fcfb0a74ab401ba3fd2f0a68bc404653fce10a7661405d1afcdf0a4a81406cc0fcdd0a798840ca1bfce40a77ef40cbf1fced0a7b2123d393fd260a6155247919fd400a61b7284138fcca0a61692c7800fcf20a60e530e37dfcff0a60e0380662fcd50a611a3c24ccfcf10a60a03e8db8fced0a64593fa700fcfb0a60ef3ff667fcdb0a6f2f3ffcf6fcff0a62a23fdbb3fcd10a6e7e3fb983fcf00a5e8e1958,"-75.02788333333334,0.0",,209,5
28/Jan/2026 01:12:33,RockBLOCK 231708 - Head-02,MO,6978107835d8fe2e761efd480a6079421b18fd200a61e43fa74cfcf40a54393f570bfcdd0a5d8a3f4d5dfcde0a66d93f8fc0fcf80a7456400a15fd2d0a686e4034bcfce90a7653404b88fce00a4a33405b25fcd70a793340b879fcd80a779240ba49fcf00a7ac92228aefd200a6119247cd3fd3e0a617d283363fcbe0a61282c6e62fcfb0a60a530da82fd010a60a137fc55fcdb0a60dc3c18d0fcf60a605d3e7f63fcec0a63fc3f96f1fcf40a60b33fe546fcdd0a6e9a3feb4efcff0a62613fc9cafcca0a6e693fa76ffcf40a5e211958,"-75.02788333333334,0.0",,209,5
27/Jan/2026 21:12:40,RockBLOCK 231708 - Head-02,MO,6977d83935d79625ba23fd4a0a60184231f2fd210a60fb3fb953fcf90a539d3f689dfcdd0a5d033f5f01fce00a665b3fa19ffcfc0a736a401c31fd3b0a677e4046e9fce90a75c3405dbcfce00a496a406d73fcd90a785240caedfcda0a769c40cccdfceb0a79cd217ab7fd210a60762488abfd430a60942836bcfcbe0a60432c7bd4fcfc0a5fbe30ec23fcfb0a5fb8381213fcdd0a5ff23c2f31fcfb0a5f763e94e1fcf10a62f13fab5ffcf70a5fcf3ff8e5fcdc0a6d6c3ffe56fcfb0a61793fdc7afcce0a6db53fba08fcf30a5d141958,"-75.02771666666666,0.27745",,209,5
27/Jan/2026 21:07:02,RockBLOCK 231709 - Head-03,MO,2d18e3fce10a606c2ef07c2efcacfd110a5ff1310d28310727fcaa0a607733eb3e340136fccc0a5f353684a6366de2fd050a5f8d1a07,"-75.02788333333334,0.0",,54,2
27/Jan/2026 21:06:50,RockBLOCK 231709 - Head-03,MO,6977d69236ceca272dd9270b32fcc70a5fb947fdc847d6edfcfb0a61ea47806b478da7fcbf0a735f479aba477200fcce0a638147e96e47ffc3fcd20a645d48068047fca1fcf20a661548665b48771bfca50a699548c3cb489ec8fca20a6b6648baac48dafffcb90a6b7a48be6e48e9e7fcec0a6f0648d7bb48fbd0fce00a75b248d526491c06fccb0a7a4c24ed2d250790fd1d0a60d128f70a290c68fcb70a602a2d14922d16c2fc960a600c32057b3216a6fd100a5fca36fdb636f5f2fccc0a5fee3ec0e93eab63fca90a5fa943c64143cb93fcc20a674c46865b468531fcb80a60dd479de247af39fce30a60ef47fdb747f937fcfd0a617547f1ac47f12efce00a610047cdfd47f2d3fcc90a627e47a46c47c1dffcc40a6299261a1d2635cefcc40a607027837c278aeffcec0a5f8728241827fca7fcd60a600028ae43289adafcca0a60262a9fcb2aaec1fd050a5ffb2d118c,"-75.02788333333334,0.0",,340,7
27/Jan/2026 17:41:04,RockBLOCK 231710 - Head-04,MO,6977a68a368fe631e9e531dbf663d1ccfcb83a679c3a617e63c7dffc8146d93446c54363bfddfc9f47dea047da7e63c4effca647a73447b2b363b720fc89476ea347796f63c8b0fc7147bd3947b5f363bb32fcb947f5a247eec663bb59fc45486248484ddd63bd63fc8348a63a48840863bbf9fc5d48d94048bb3863b9a3fc6748d7f648f85d63b778fc52490ada490a4d63baf4fc7248fd2f491df063bd16fc6d48f5aa4907b663c091fc8148c85a48fff563a95efc5548cc6748c02d63bbf9fccc487d414878d463b046fcc44827b548163763b5c8fc71481091480efa63bdf4fc7c32319832220063bfaafc903553ad355bf163cd0bfc9139b42139a65a63b2fefc81407d7640a1c363b72ffc814782b347ad4963b414fc951a29,"-75.1049,0.8363666666666667",,284,6
27/Jan/2026 17:12:40,RockBLOCK 231708 - Head-02,MO,69779ff935d7ff1c4be8fd4d0a5d7c424d4ffd1a0a5da13fcfadfcfd0a50b53f7e6afcd30a5a323f74f5fcda0a63883fb7c9fcf90a70394032b5fd3d0a641c405d7bfce70a7385407452fcdd0a46e1408422fcd40a757840e1a1fcda0a732840e385fcf40a76582225dffd1b0a5d43247266fd410a5d39283801fcc80a5cec2c8a04fcee0a5c6330ffeffd050a5c5c382b43fce00a5c9c3c4984fcfc0a5c1d3eae70fceb0a5f7e3fc407fcf30a5c774010a9fce10a6a00401587fcfa0a5e243ff344fcc70a6aeb3fd0affced0a59c31958,"-75.0716,0.2781166666666667",,209,5
27/Jan/2026 13:12:31,RockBLOCK 231708 - Head-02,MO,697767b835d7ad1d065dfd4a0a5a39424d86fd1e0a5a533fcd29fcf40a4dde3f7ba1fcdc0a57673f723cfcdd0a60c63fb53ffcfc0a6d1c40303dfd320a60cf405b14fcea0a715c407213fce50a44724081ddfcd50a72b940df59fcd60a6fca40e131fcf70a72fe234da6fd220a59e524412efd3d0a59f0282db9fcbb0a599f2c8812fcf60a591c31013efd020a5915382e35fcdc0a59553c4bfcfd000a58d93eaf41fceb0a5c143fc368fcf50a592f400f1bfcda0a6698401363fcee0a5ad83ff0d2fcc70a682a3fce17fcee0a56831950,"-75.06236666666666,0.2781166666666667",,209,5
27/Jan/2026 09:12:37,RockBLOCK 231708 - Head-02,MO,69772f7935d75b236c45fd4d0a5636423efbfd1e0a56f43fbcebfcf50a4afa3f6b26fce00a54923f61d2fcde0a5ded3fa4f3fcff0a69e9401fddfd320a5d62404aaffcea0a6f37406196fcd70a420040717bfcdb0a6ff540cee6fce40a6c4f40d0e0fcf10a6f8723d005fd1b0a5648242266fd380a568c282631fcbf0a56392c81d1fcf30a55b730fb29fcfe0a55af382606fcda0a55e93c41b7fcfd0a55703ea2b0fced0a588c3fb52ffcf40a55c83fffe6fcdb0a6319400397fcf20a576e3fe0d7fcc10a65583fbe07fcf80a53311961,"-75.02788333333334,0.0",,209,5
27/Jan/2026 09:07:55,RockBLOCK 231709 - Head-03,MO,2ceefcfce30a567f2edc872ee881fd120a560231008b30fa77fca90a568b33e8a733fe86fccc0a5548368740367088fcfc0a55a019c1,"-75.02788333333334,0.0",,54,2
27/Jan/2026 09:07:41,RockBLOCK 231709 - Head-03,MO,69772dd236ce8c2628492602b2fcbc0a560d47ff5847d898fcf30a57fb478125478e51fcbd0a68c5479add47721ffccc0a599147e77f47fdb4fcd10a5a7548014a47f755fcee0a5c27486348487408fcb00a5f9748c357489e60fca60a616a48ba3548da96fcb50a618648be2448e9affce70a651248d79a48fbb3fce20a6b9548d506491bf2fcc50a702b28af4a28b8c2fd250a56c9288b9428a1a0fcb60a563c2d02ee2d0577fc870a5625320a45321b88fd0e0a55de370c4c370479fcc70a56013ed4093ebe7afcb00a55bc43d68243dbc9fcc70a5d284690d9468fb2fcbc0a56ef47a3b047b4fefce90a570048005a47fbd0fcff0a578947f25d47f1e1fce40a571347cdbf47f296fccd0a588d47a3d247c146fccb0a58ae26829e269e6afcc60a566126e61b26ed7afce00a5596276dd7274688fcdc0a561b2848cf28343efcc70a563b2a5d6a2a6d43fd0f0a56112ce7c1,"-75.02788333333334,0.0",,340,7
27/Jan/2026 05:12:32,RockBLOCK 231708 - Head-02,MO,6976f73935d7252bf65afd430a55fe422dfbfd280a57563faae2fcf50a4b993f58effce30a55463f4fbbfcdd0a5ea13f92f4fcfc0a6a39400ddafd390a5dbc4038adfcef0a6fcb404f93fce00a424c405f7dfcd70a704d40bcf4fce40a6ca040beebfcee0a6fd922f18afd230a568024243ffd460a56ef281fcbfcc00a569a2c7bc8fcfe0a561030f3f2fcfe0a560c381c25fce10a56453c3564fcf50a55ce3e93ddfcec0a58ce3fa4a9fcf60a56243fee4efcd90a630d3ff16dfcee0a57c83fce7bfcd20a65d93fab98fcf20a536b1961,"-75.02785,-0.13871666666666668",,209,5
27/Jan/2026 01:12:40,RockBLOCK 231708 - Head-02,MO,6976bef835d6e12d429cfd510a5ad4422db3fd220a5c683fa80cfcef0a50a03f55b1fcde0a5a693f4caefcdc0a63cc3f900bfd030a6edc400b02fd320a62c94035cefce80a73af404cc3fcda0a45f2405ca0fcdb0a747a40ba15fcdf0a71ad40bc1bfcef0a74e72179f9fd240a5b9c24399efd440a5bf5281badfcc10a5ba02c7dd1fcfe0a5b1730f6affd030a5b11381f5bfcdc0a5b4d3c3786fcfd0a5ad23e9435fced0a5db23fa399fcfb0a5b2c3fec43fce30a674a3feecffcf60a5cd03fcb7afcd20a6a6b3fa88afcf30a581b1961,"-74.99325,0.0",,209,5
26/Jan/2026 21:12:36,RockBLOCK 231708 - Head-02,MO,697686b835d6f3243a30fd4c0a61424245a8fd210a621a3fbb06fcfd0a56383f6859fcd90a601c3f5f6afce50a69873fa2fefd040a740e401e4ffd310a687c404932fce80a77f640602cfcde0a49f8407015fcde0a791c40cdb6fcda0a775840cfd6fcf70a7a9920e559fd250a6192244bfefd450a61a5281f2afcc40a614f2c8cccfcf90a60c531091cfd090a60c03835f9fcda0a60fa3c4ee9fd030a60833eaaa5fced0a63403fb8e8fcf10a60dc4000c8fcd60a6c1b4002b6fcfa0a627e3fdf15fccc0a6f8e3fbbfdfcf20a5d5f1961,"-75.02788333333334,0.0",,209,5
26/Jan/2026 21:07:01,RockBLOCK 231709 - Head-03,MO,2cef11fce60a61d92eddfe2eea2efd150a615d31050430ff21fca80a61e333ef4134054ffcd20a60a0369149367a81fcf70a60f71a0f,"-75.07176666666666,0.0",,54,2
26/Jan/2026 21:06:51,RockBLOCK 231709 - Head-03,MO,6976851236cdd225faa225db5bfccc0a614247f41f47cd41fcfb0a63514785c14792d1fcc30a728047aa9f4781ecfccd0a64ee47fe1d48149bfcd10a65cf481d2e481376fceb0a67894871124881d8fca90a6ae648c76848a24afca10a6cbf48bde548de0bfcc20a6c8d48c07f48ebe2fce60a707a48d8f748fd06fcdf0a76e948d64c491d2efcbe0a7b8124370024528ffd190a623b28b2da28c890fcc40a61a32cf9ca2cfc4cfc880a61803216ba3227fefd040a613e371dbf3715f3fcce0a615c3ee74c3ed1b8fcad0a611843e65a43eba0fcc60a6837469ae94699b1fcba0a625247a92647ba63fcdf0a62654802a747fe1afcf70a62ea47f2c647f248fcdf0a627c47cd4247f215fccc0a63f047a2fd47c073fcc60a640e258193259d03fcca0a61eb271832271f9ffcf30a60fd27c52f279e1cfcd30a617428552e2841eefccd0a61942a54b62a63a0fd0d0a616b2ce7d0,"-75.06253333333333,0.0",,340,7
26/Jan/2026 17:41:12,RockBLOCK 231710 - Head-04,MO,6976550a368fb5320b9431fd9a63d1d2fcb33aab673aa55e63c7e4fc8d47274847134c63bfe3fca547d82c47d3fb63c4e8fca0479319479e9463b724fc88477f4f478a1b63c8b0fc7447eb2747e3d863bb3bfcb748290248221c63bb55fc3d4873da485f7363bd5efc7b48b59448935063bbf6fc6648ddda48bfd863b9a6fc6848db8248fbe663b77efc52490bed490b5b63baf2fc7448fdb1491e7e63bd15fc7348f5cd4907e763c090fc8048c87a49001763a94ffc5148cc8148c04a63bbf5fcc9487d6748790363b042fcba4827df48164463b5cffc804810a3480f1463bdfafc763241583231c563bfabfc92356e3335767863cd09fc8a39d87039caa463b2fdfc7640a59240c9f963b740fc7c478d5147b7dc63b413fc991a32,"-75.06215,0.4171833333333333",,284,6
26/Jan/2026 17:12:38,RockBLOCK 231708 - Head-02,MO,69764e7935d6d51b5ff2fd500a653442606ffd1d0a65573fd0d4fcfc0a59823f7db8fcdb0a63783f74dcfce40a6ce13fb8bafcfd0a76f0403452fd3a0a6bba405f62fce70a7a6a407668fcdf0a4c24408664fcde0a7bbd40e423fcd60a7a9040e648fcec0a7dd1219b46fd230a6501243bcbfd3e0a64f328205efcc00a649e2c9c01fcf80a6414311cf2fd070a640b384f0bfcde0a644d3c690efcfd0a63d33ec3f8fcf40a66743fd14cfcf50a642f40183ffcdc0a6eb54019b3fcf60a65d23ff5b6fccf0a72963fd275fcf60a6069196a,"-75.02771666666666,0.27745",,209,5
26/Jan/2026 13:12:39,RockBLOCK 231708 - Head-02,MO,6976163935d6e61b48b6fd4c0a677e426334fd220a67933fd098fcf40a5bcf3f7d2ffcd90a65d53f7479fcdd0a6f3b3fb889fcf80a78e240342ffd330a6deb405f28fce90a7c1f40764afcd50a4d8e408646fcdf0a7d7b40e41cfce30a7cb840e643fcf20a7ffd22daf6fd230a6728241052fd410a67252818cffcc00a66d42c9d79fcf70a66493120cdfcf90a6644385498fcdb0a66803c6dfafcfc0a660b3ec726fcf00a688f3fd30cfcef0a6666401909fcdf0a70584019ddfd000a68063ff595fcc90a74a63fd236fcf60a626e196a,"-75.10603333333333,0.41819999999999996",,209,5
26/Jan/2026 09:12:32,RockBLOCK 231708 - Head-02,MO,6975ddf835d62c210f25fd4d0a6798425564fd230a680a3fc14efcee0a5c733f6dc3fcda0a66883f653efce20a6fe63fa972fcf80a792e402524fd380a6e6240502afcee0a7c8c40673bfcdd0a4daa407739fcda0a7dd440d50bfcdd0a7d2940d721fced0a806d2389aafd2a0a676723f172fd440a67a1281335fcc20a67522c990efcf20a66c1311bacfd020a66bf384d6bfcdc0a66fc3c649afd070a66803ebb73fcf10a68f03fc5cbfcf10a66e1400ac0fcdd0a7020400b19fcfc0a68823fe6b5fcd10a75283fc340fceb0a62cf1973,"-75.02788333333334,0.0",,209,5
26/Jan/2026 09:07:07,RockBLOCK 231709 - Head-03,MO,2ccebafcdf0a67c32ed3462edf4cfd0e0a674930ff5e30f96bfc9f0a67cb33f1203406fdfcc90a668c36971436805bfd060a66e21a07,"-75.02788333333334,0.0",,54,2
26/Jan/2026 09:06:58,RockBLOCK 231709 - Head-03,MO,6975dc5236cdf723363e2313e3fcc20a678247ff3647d85efcf90a6924477f4a478c77fcc60a76ea47991847705efcc60a6ac147e6df47fd23fcd50a6baa48028c47f8bafcf30a6d6448636c48743afcab0a70b548c2a0489da6fca70a729048b9b848da0efcb80a723448bddf48e959fce40a765d48d75b48fb77fce80a7cb348d4e3491bbafcc40a81492825c7283294fd180a6818285c212871bafcc10a67822ce80a2ceb08fc8b0a676a321e47322f9dfd080a6721372bd3372405fccd0a67413ef9ef3ee458fcae0a66fe43f62043fb6afcca0a6dcc46a4fd46a3cbfcc00a683c47ae9247bfdafcdf0a68514804fd480069fcff0a68d247f33d47f2b9fce70a686747ccd747f1a4fccd0a69d947a24547bfb3fccf0a69fb2646cc266257fcc30a67ab26a81526af7ffce70a66e2271bba26f4c1fcd60a676527e85427d3e1fccd0a67852a10bc2a2083fd0a0a675b2cc797,"-75.02788333333334,0.0",,340,7
26/Jan/2026 05:12:37,RockBLOCK 231708 - Head-02,MO,6975a5b835d6aa29a9ebfd550a64c342429bfd240a65c23fad9bfcf70a5a7f3f59d3fcdc0a64943f518afcdf0a6de13f95c0fcfd0a76de40117ffd3e0a6c15403c86fcea0a7af6405396fce30a4bc14063c0fcd90a7bda40c15ffcdb0a7acd40c38bfcef0a7e0c22eda2fd260a64fb23ea40fd490a6562280e56fcce0a650e2c9306fcfc0a648231137afd020a6478384250fcdb0a64b73c56e0fcfe0a643e3eab23fcef0a66943fb3a3fcf50a64a13ff796fcda0a6d883ff758fcfc0a663f3fd28afcd40a73453faf0afcf70a609c1973,"-75.02788333333334,0.0",,209,5
26/Jan/2026 01:12:39,RockBLOCK 231708 - Head-02,MO,69756d7835d6222aa197fd470a61114242e1fd260a622d3fab26fcf30a574e3f571cfcdd0a616d3f4ed9fcde0a6a983f9340fd010a7359400f0dfd360a68794039fcfcf00a7879405123fcdf0a48e340613dfcda0a78d240bee2fce00a771f40c11cfcef0a7a6221bcbffd2e0a617523ef5bfd460a61cc280e1afcc60a61782c9690fcf90a60ec311717fd010a60e5384671fcdd0a61223c59c3fcff0a60a73eac26fcf70a62ea3fb32dfcf60a610e3ff61afcdf0a69ab3ff554fcff0a62aa3fd049fcce0a70323fac9efcf60a5d301973,"-75.02788333333334,0.0",,209,5
25/Jan/2026 21:36:00,RockBLOCK 228680 - Head_26-02,MO,6975491e4820320522b7051f397f04d5fde10f34c20522b3051f2f7f04d9fde60f34c50dc7,"53.00725,9.040816666666666",,37,1
25/Jan/2026 21:12:33,RockBLOCK 231708 - Head-02,MO,6975353835d56c23027afd550a5d014257ecfd270a5da03fbb87fcf50a532d3f6712fcdf0a5d483f5efcfce30a665f3fa3a9fcff0a6ee8401fa1fd370a63e7404ac1fcf10a753f4061eefcdf0a4555407220fcdc0a74fd40cfe9fce80a727c40d229fcf30a75c1214fcffd230a5d1e23ea54fd430a5d3c281498fcc60a5ce82ca50afcfe0a5c5b31280bfd010a5c54385b26fce50a5c913c6ec0fcfd0a5c1a3ebff9fcf10a5e453fc5d1fcff0a5c844007dbfcdd0a64eb400684fcf80a5e1c3fe12afcd30a6c433fbd63fcf50a58de1973,"-75.06253333333333,0.0",,209,5
25/Jan/2026 21:07:12,RockBLOCK 231709 - Head-03,MO,2cdb5ffce90a5d262edce92ee915fd130a5ca83109c23103defcaf0a5d3033fb2234112cfccc0a5bee36a38f368cecfd000a5c421a07,"-75.02771666666666,0.27745",,54,2
25/Jan/2026 21:06:59,RockBLOCK 231709 - Head-03,MO,6975339236ce232533d6251734fcc30a5ca047fdd747d719fcf80a5e5d4780f9478e20fcbf0a6aeb479821476f53fccd0a5fff47dec047f4e6fcda0a60f147f1ae47e7aafcf30a62a7485747486807fcb20a65e348be32489936fca70a67c248b66248d6c7fcba0a679248bbe648e774fce80a6b9848d64b48fa66fce30a71ca48d3f6491acefcc80a765b24dbdc24f530fd1c0a5d7b28505d28653dfcc10a5cde2ce92a2cec3afc830a5cc5322f0b324073fd0e0a5c7c373e813736aefcc90a5c9e3f0e293ef896fcb20a5c57440685440bc1fcc40a62e046af4646ae07fcbc0a5d9747b42147c566fce40a5da84807574802cffcfe0a5e2d47f3bf47f342fcd90a5dc547cc7447f14ffccd0a5f3147a19147bf05fccf0a5f54259c9925b857fcc70a5d2b26a9c226b126fcee0a5c482737512710befcd80a5cc527ce5f27bb3efcd40a5ce42a0d7d2a1c57fd0c0a5cbd2cd426,"-75.02788333333334,0.0",,340,7
25/Jan/2026 17:41:23,RockBLOCK 231710 - Head-04,MO,6975038a368f8a3217e13209fe63d1d6fcb63acf2c3ac92a63c7f4fc8846ec5246d85763bfddfc9c47e2c647dea963c4f2fc9e47a94647b4b763b71dfc8a476d9647785f63c8a7fc7247bb2a47b3f163bb39fcbf47f54f47ee8663bb4dfc4a4862a4484e3263bd64fc8948a66848842763bbfefc6448d9a848bba563b9a6fc6648d81f48f88663b778fc4f490afb490a7563baeefc7248fd32491df463bd1afc7148f5b54907bd63c091fc7748c85549000b63a954fc5548cc6948c02563bbf2fccf487d4f4878d763b039fcbf4827b248162963b5cbfc7e481090480f0263bdfbfc7d3259473249a163bfa6fc8b358e8d3596ed63cd14fc873a00df39f31c63b303fc7640cfef40f45a63b737fc7e47981047c29c63b411fc961a32,"-75.07176666666666,0.0",,284,6
25/Jan/2026 17:12:35,RockBLOCK 231708 - Head-02,MO,6974fcf935d6681ce4e5fd530a5681426b86fd2b0a56ab3fca94fcf60a4cc63f75d2fcda0a56e03f6dddfce00a5fcf3fb2b7fd000a6839402ef2fd380a5ce2405a26fced0a7060407162fce50a401640819afce30a6f3540df75fcde0a6b6840e1d2fcfb0a6ea521eca3fd290a564923c01ffd470a564d2816c7fcc70a55fa2cb079fd010a556c31372dfd080a5563386eb5fcdf0a55a23c82c1fd030a552c3ed2c3fcf50a57443fd771fcf60a559140189ffcdc0a5df14016b6fcfe0a572c3ff10ffcd80a66453fcd25fcf50a524f1961,"-75.02785,0.13871666666666668",,209,5
25/Jan/2026 13:12:33,RockBLOCK 231708 - Head-02,MO,6974c4b935d5f51ebde1fd590a523c426868fd230a52813fc50cfcfb0a490c3f6ffafcdf0a53233f6842fce50a5bf53fad46fd080a64334029bdfd3c0a58b34054ecfcf90a6d9f406c38fce70a3cf1407c72fce70a6bcf40da6bfce90a672740dcccfcf60a6a6922dc05fd1c0a5211238062fd440a52242811abfcc80a51d02caf19fcfa0a514131379bfd0a0a513c38703ffce40a51763c833ffd050a51053ed133fcf50a53053fd46cfcf60a516a4014a4fce20a598a401228fd030a53023fec56fcce0a62bc3fc84afcf80a4e6c198d,"-75.02785,0.13871666666666668",,209,5
25/Jan/2026 09:12:35,RockBLOCK 231708 - Head-02,MO,69748c7935d55d254468fd520a504f4259abfd210a51073fb4eefcfa0a47dc3f5fd8fce10a51f43f5822fceb0a5aa93f9d59fd000a62ab4019bdfd380a572f4044e3fcee0a6cd0405c47fcdf0a3bcf406c8cfcdf0a6aa940ca73fcde0a659e40ccd3fcf20a68e0232a80fd230a50472354bcfd440a508c2810adfcca0a503a2caa3dfcef0a4faa3131c8fd080a4fa7386892fce00a4fe23c793efd050a4f6e3ec4c9fcf70a51593fc652fcf70a4fd9400575fce30a578c40026afcf70a516d3fdc26fcd20a61903fb81dfcf60a4d07198d,"-75.02788333333334,0.0",,209,5
25/Jan/2026 09:07:19,RockBLOCK 231709 - Head-03,MO,2cc9f3fce30a50ca2ed6ba2ee2b6fd160a504331074231013ffcae0a50ca33ffd83415ddfcd00a4f8636abf6369563fcfa0a4fdf1a0f,"-75.02788333333334,0.0",,54,2
25/Jan/2026 09:07:00,RockBLOCK 231709 - Head-03,MO,69748ad236ccd827883f275d20fcbc0a504247f6c347cfecfcf90a52154783bf4790e9fcc60a5d5947a84f477fd2fcc80a53b647fb5c481218fccf0a54ac481996481015fcf00a565d486e95487f71fcb10a598b48c6ce48a1bcfca60a5b6648bd1048dd4afcb80a5b8448c01748eb81fce90a5f4348d8b648fcc6fce60a655648d608491cecfcc90a69dd2825d3282c27fd270a510f27aecf27c539fcc60a508f2ce88a2cec03fc8a0a50733238c8324a39fd090a5028374d3a374561fcc80a50503f21863f0beafcb50a50104416a3441bebfcc50a564346b96e46b830fcc20a514247b99e47cadefce80a515a4809b948052afd030a51db47f44247f3c9fce00a516f47cc2047f0eefcd20a52d747a0e847be59fccd0a52fa258231259d8dfcc90a50a625c1c325c8f6fcf30a4fe726548b262e01fcd60a5069275ab627465afcc80a508629e23529f1f2fd0b0a505c2cc2db,"-75.06253333333333,0.0",,340,7
25/Jan/2026 05:12:32,RockBLOCK 231708 - Head-02,MO,6974543835d5152c3b4dfd490a5178424c10fd250a52bd3fa604fcee0a49af3f50b4fcde0a53d53f4933fcdf0a5c703f8e80fcff0a6420400aeafd340a58e6403626fcf30a6e4e404d6efce00a3cff405db3fcd60a6c2d40bb84fce50a674e40bdfbfce80a6a92223017fd200a51e3234a10fd400a52532812fdfcc40a51fb2ca706fcfa0a516c312cc5fd010a516638615cfcdd0a519d3c6fa4fcfe0a512f3eb8cafcec0a52fa3fb8aafcf50a519b3ff6e4fcdb0a589e3ff33efcfd0a532e3fccd1fccb0a634e3fa8b4fcf50a4eca198d,"-74.99325,0.0",,209,5
25/Jan/2026 01:12:41,RockBLOCK 231708 - Head-02,MO,69741bf935d52e2d2d32fd4d0a5611424c74fd230a577a3fa3c7fcf80a4e643f4e1efcdd0a58943f46c7fcdb0a61163f8c42fcfc0a685f4008d8fd320a5da1403419fceb0a71f1404b6efce50a405d405bc9fcd80a703440b998fcde0a6c0240bc1afcee0a6f4d20ab70fd240a56c0235170fd430a571928171cfcbc0a56b92caa41fcf90a562a313026fd090a5626386569fce00a56623c72a6fcff0a55ef3eb9eefced0a579e3fb85afcfd0a565b3ff59ffce40a5c793ff171fcf90a57ed3fcabefccb0a67af3fa690fcef0a53641995,"-75.02788333333334,0.0",,209,5
24/Jan/2026 21:12:40,RockBLOCK 231708 - Head-02,MO,6973e3b835d583244ff9fd490a5ac04263b7fd210a5ba53fb646fcf40a52823f6037fcd60a5cc03f5908fcdc0a65293f9ecafcfe0a6c0c401baafd2f0a61c84046f9fce80a7521405e5dfce60a434d406ebffcdc0a73b940ccb5fcdb0a702640cf4dfcf50a736e1ff175fd240a5b2923575dfd470a5b43282239fccc0a5ae52cb9a1fcfc0a5a58314260fcfa0a5a54387c23fce60a5a8d3c89d9fd010a5a1a3ecffafcf00a5bb63fcd68fcfb0a5a884009bcfcd30a5fc9400514fcfe0a5c1d3fde0ffcd80a6b8e3fb9aefcf50a57791995,"-75.02771666666666,0.27745",,209,5
24/Jan/2026 21:07:11,RockBLOCK 231709 - Head-03,MO,2cd9ebfce40a5b422edc282ee866fd100a5ac5310b4a310577fca80a5b4a340507341b2dfcc60a5a0736b503369e6bfd0d0a5a5c1a07,"-75.02788333333334,0.0",,54,2
24/Jan/2026 21:07:00,RockBLOCK 231709 - Head-03,MO,6973e21236cd0a25e5b725c57efcba0a5aa847f5a747cebbfcfa0a5c80477ef9478c2afcc10a65e847a0e4477831fccc0a5e1e47f587480bf0fcd70a5f1e4813f6480a30fcef0a60d3486d79487e3efca70a63f148c6a148a18efca50a65cf48bcfa48dd37fcaf0a65f448bfd448eb4dfce60a69c248d89048fca1fce50a6fbd48d5e7491cc6fcc70a744523632f237aa7fd1d0a5ba4279b3927b279fcbb0a5b132cf77d2cfacafc860a5aea32480d325981fd110a5aa1375f07375738fcc90a5ac23f35873f1febfcaa0a5a7e442698442bd2fcc30a605d46c33e46c1fffcc10a5bbb47beb747cff8fce50a5bd4480bb9480725fcff0a5c5447f48147f3fafcd90a5bef47cb7147f053fccd0a5d55479fff47bd6bfcc90a5d792409af24240efcc90a5b54259671259d88fce00a5a712677df26517ffcda0a5ae8276168274e23fcd70a5b0629f7d12a06a5fd0d0a5adb2cd29a,"-75.02788333333334,0.0",,340,7
24/Jan/2026 17:41:05,RockBLOCK 231710 - Head-04,MO,6973b20a36904e3223883215b163d1dbfcb63aeffb3ae9fe63c7f1fc8d4761e5474e1463bfe7fc9f47d6b047d28a63c4e7fcaa4791bb479d2a63b717fc90478caa47978f63c8b7fc6b47fa4447f30c63bb3dfcb4483621482f4563bb59fc4f4878214863c163bd5bfc8548b9174896c363bbf8fc6348df0548c10463b9a1fc6348dc8048fcd663b776fc5d490c45490bb063baf2fc7148fdde491ea963bd18fc6f48f5d84907f463c088fc8248c88d49003063a95afc5448cc8f48c04e63bbf4fccf487d774878f763b040fcc74827fa48166963b5cbfc774810ac480f1363be03fc7d32701132606963bfb0fc8e35adae35b60563cd16fc8b3a282a3a1a5b63b2fcfc8240f9b6411e2b63b73efc8147a26a47ccf563b411fc941a32,"-75.14038333333333,0.55895",,284,6
24/Jan/2026 17:12:42,RockBLOCK 231708 - Head-02,MO,6973ab7935d4821c8810fd580a5ecc427b03fd200a5f173fc8bafcf10a55f33f7267fcdf0a60373f6b60fce00a68853fb17ffcf90a6f0f402e92fd360a653c405a11fcec0a77cc407189fcdd0a45af408200fcdd0a76a640e02efce30a739240e2c6fcf30a76da205148fd210a5ec4234091fd420a5eba282922fcb90a5e622cc6f6fcfc0a5dd03153f3fd050a5dca3892cbfcde0a5e053ca140fcfc0a5d963ee652fcf10a5f1a3fe29efcf90a5e06401e2dfcde0a62754018e1fcfe0a5f973ff180fcce0a6ec83fcd09fcec0a5ae6199e,"-75.06253333333333,0.0",,209,5
24/Jan/2026 13:12:32,RockBLOCK 231708 - Head-02,MO,6973733835d42d1cca37fd500a6308427c32fd200a63443fc734fcf90a5a143f70a0fcde0a645d3f69c4fce30a6c903faff7fcfc0a72bc402d3bfd380a69674058b0fceb0a7af0407033fce40a489a4080bafcd30a7a3440def7fcdf0a77bb40e19efcf90a7b03212651fd290a62e823180cfd460a62e928279dfcbf0a62912cc767fcfb0a61fc3156b2fd030a61f3389760fce00a62363ca505fd080a61c23ee844fce60a632f3fe314fcf20a6236401da4fcdf0a65c24017e6fcf30a63c43ff032fcd20a729d3fcb88fcf50a5eff19a7,"-75.06236666666666,0.2781166666666667",,209,5
24/Jan/2026 09:12:39,RockBLOCK 231708 - Head-02,MO,69733af835d584217091fd4c0a666142710dfd1f0a66f43fba89fcf30a5dba3f63d6fcd30a68043f5d40fce50a70183fa39cfcfe0a75eb4020f3fd3a0a6d17404c80fce60a7dab406419fce30a4b194074a2fcdb0a7d4b40d2e4fce60a7b6440d57dfcf60a7eb22177d9fd2c0a6665230684fd480a6696282995fcd40a66392cc4a7fcfb0a65aa315387fcfd0a65a23892c1fce50a65e23c9e35fd050a656d3edf19fcee0a66c63fd86bfcfa0a65ea4011f2fce10a6894400ba1fcfe0a676e3fe3ccfcca0a75f63fbf20fcf90a62a119a7,"-75.02788333333334,0.0",,209,5
24/Jan/2026 09:07:49,RockBLOCK 231709 - Head-03,MO,2cc2abfce10a66ab2ecfff2edc1afd110a663331010c30fb2cfcaa0a66b6340341341965fcd30a656f36b86336a1e1fcf00a65c81a0f,"-75.02788333333334,0.0",,54,2
24/Jan/2026 09:06:52,RockBLOCK 231709 - Head-03,MO,6973395236cdd623e60623c124fcc60a665a47f96b47d28bfcf60a67ea477f98478cb1fcbb0a6f52479f6d4776a3fcd00a698a47f2a44808ebfcd30a6a8b4810994806b6fcea0a6c46486b96487c51fcaf0a6f5248c57248a064fca90a713d48bc2e48dc68fcc00a716748bf4c48eab5fcec0a753e48d84048fc4efce30a7b2a48d594491c77fcca0a7fb425dbd025e75afd1a0a6715273efd2757e1fcc60a66862cfd142d008afc910a665e324fc032613efd110a6614376d1937654afcd40a66313f48c13f3325fcab0a65eb443676443b8afccc0a6b6846ccf046cbacfcc30a672f47c3ca47d506fce50a6749480db648091cfcfc0a67c647f4b047f430fce10a676747cac947ef9bfcd90a68c7479f0d47bc81fcc90a68ed23e52f23ff12fcca0a66af24f64f24fd39fcf70a65de25e0d325ba4afce80a665b272670271204fccd0a667329dbb429eb87fcf60a66492cbb77,"-75.02788333333334,0.0",,340,7
24/Jan/2026 05:12:41,RockBLOCK 231708 - Head-02,MO,697302b835d3ba280febfd480a66df4262f8fd1b0a67df3fab40fcec0a5eb23f5468fcdc0a68f73f4e08fce70a70ec3f9487fcfe0a76764011f6fd310a6df8403d7bfceb0a7e53405514fce10a4b824065aefcda0a7e0840c3c9fcdf0a7c4140c688fcfb0a7f8d20a1f8fd2e0a672f2315eefd3d0a6787282c33fcc30a67222cc1cefcfa0a6696314ee3fd050a668b388c11fce30a66ce3c951dfcff0a665e3ed3b0fcee0a679e3fcb4bfcee0a66d24003d2fce70a68d63ffcf5fd060a685d3fd4eefcce0a76d23fb03dfcf30a63a419af,"-75.02771666666666,-0.27745",,209,5
24/Jan/2026 01:12:33,RockBLOCK 231708 - Head-02,MO,6972ca7835d534283817fd480a66d9426460fd290a67e73faa06fcf70a5ed73f52fafcdb0a690d3f4cd6fce10a70da3f937efcfa0a7626401114fd350a6dfb403cb9fcf30a7e4e405452fce80a4b364064fcfce10a7e0140c32afce20a7c3740c5ebfcf60a7f851f4523fd2a0a6749233a8bfd3e0a6789283017fcc50a67262cc636fd010a669831538afd050a6693389192fcdf0a66cc3c9952fd020a66603ed5e4fceb0a678a3fcc00fcf70a66d94003b1fcdb0a683b3ffc37fd000a68623fd3f1fcd50a76d33faf1cfcf40a63cd19af,"-74.99325,0.0",,209,5
23/Jan/2026 21:12:37,RockBLOCK 231708 - Head-02,MO,6972923835d47621a8a4fd570a642d4277affd270a64d93fb8bdfcf30a5c093f6169fce70a66283f5b53fcdd0a6dcd3fa24dfcfe0a72f1402015fd3b0a6ae9404bccfce60a7c0b406368fcea0a48a940741dfcdc0a7b6540d270fce50a791840d541fcf40a7c651e9bb4fd2f0a64782360effd400a647e283770fcca0a641a2cd3a1fd000a638a31634bfd050a638038a53dfce10a63bd3cad15fd0e0a634f3ee851fcf50a646d3fdd35fced0a63ca4013e9fce20a64c0400bf7fcfe0a654e3fe362fcd50a740d3fbe5efcf80a610819af,"-75.02788333333334,0.0",,209,5
23/Jan/2026 21:07:07,RockBLOCK 231709 - Head-03,MO,2cd0c7fce30a645c2ed6e92ee336fd1d0a63df3106dc31012afcb30a646334098c341fddfcd00a632036c29f36ac13fd090a63781a0f,"-75.07176666666666,0.0",,54,2
23/Jan/2026 21:07:00,RockBLOCK 231709 - Head-03,MO,6972909236ccf823bd4523a062fcc80a63dd48034047dc86fcf90a657e477c41478974fcbc0a6b3a479665476da1fcd00a672147e61247fc3bfccd0a682848037647f987fcf60a69e34864ef4875abfcac0a6ce248c307489e00fcaa0a6ed148ba2448da72fcb80a6f3548be1348e986fcec0a72dc48d77748fb96fce00a78a648d4f0491bddfccd0a7d3121ae5c21cabcfd1c0a64d227974527b04bfcbf0a642e2d09f82d0d27fc840a63fd3260323271bbfd0e0a63b5377fc13777f2fccf0a63d33f5d953f47f4fcaf0a639244469c444bc3fcb80a68b046d6ca46d580fcb80a64d447c8e447da23fce30a64f9480fa5480b17fd000a657047f4db47f45cfcd90a651147ca3247ef0afccf0a6672479e2d47bb9cfcc90a669322ef912308fafcc70a6482254d63255468fce90a639026738f264d13fcde0a6403276ff3275ccffcd10a641f29f8842a076afd0c0a63f22cc96c,"-75.07176666666666,0.0",,340,7
23/Jan/2026 17:41:13,RockBLOCK 231710 - Head-04,MO,6972608a368e8e321b5c320d7363d1dbfcb03aef2e3ae94f63c7ecfc8a470f5246fb7f63bfe9fc9f47e53a47e10c63c4f2fcb147a57647b0d963b71ffc98476e8747796963c8b8fc6f47c36f47bc3d63bb40fcbe48014e47fa9763bb54fc4a4865ff48519363bd5efc8348aa5448881a63bbfdfc6a48da8e48bc9063b9a5fc6c48d8c648f91463b771fc56490b36490aa863baf5fc7348fd4d491e0c63bd1dfc7548f5b94907c263c085fc8748c85849001963a958fc5548cc7548c03463bbf9fcc8487d574878ee63b03efcc44827d048163b63b5d0fc86481098480eff63be04fc7a328a37327a8763bfb3fc9435cea535d70b63cd18fc8b3a51343a437363b307fc7f4124af41494463b743fc8147aca547d74263b410fc971a32,"-75.02788333333334,0.0",,284,6
23/Jan/2026 17:12:41,RockBLOCK 231708 - Head-02,MO,697259f835d4c31aac67fd530a614e428d82fd2a0a617f3fca11fcf20a58ea3f7263fcdc0a62f73f6c87fcdb0a6a6b3fb3cdfd010a6f6d4031d4fd370a678a405db6fcf30a7984407572fcde0a45e140864afcdc0a788140e4c2fce10a75ad40e7a4fcf90a78f91f0abdfd230a61462371a1fd490a6129283ce7fccc0a60cb2ce16afcf90a603d3174aafd080a603038bb77fcdc0a606d3cc3a2fd020a60003efda1fcef0a61153ff169fcfc0a607e40273cfcdf0a610d401ec7fcfc0a62003ff5d1fcd00a71093fd0bffcf30a5e0d19af,"-75.02788333333334,0.0",,209,5
23/Jan/2026 13:12:49,RockBLOCK 231708 - Head-02,MO,697221b835d3d31a0acdfd520a5d24429231fd250a5d4a3fcb82fcf40a54fb3f73abfcda0a5eee3f6dfefce30a66303fb58ffd040a6b1c4033c8fd410a634f405fa2fcfa0a765e407767fce80a427740885bfcdb0a74e740e6c6fcec0a716340e9d6fcfc0a74ad200432fd2b0a5d112363fbfd4d0a5cf1283958fccd0a5c942ce437fd000a5c01317a25fd040a5bfc38c391fcdf0a5c3c3ccaebfcf90a5bcb3f0316fcef0a5ccf3ff56ffcf60a5c4d402a5efce00a5c81402145fcfd0a5dd03ff7f2fcd40a6d373fd2c9fcfa0a5a3d19c1,"-75.10603333333333,0.41819999999999996",,209,5
23/Jan/2026 09:12:41,RockBLOCK 231708 - Head-02,MO,6971e97835d44a1ccdb5fd580a5784428afcfd2a0a57a53fc270fcff0a4fa93f6a69fcdf0a597a3f6516fce20a60843facbcfcfe0a656d402b1dfd3b0a5da1405718fcf80a7230406ee2fce00a3e04407fd3fce20a701e40de45fce70a6ba740e143fcf70a6eee211841fd270a574023664bfd500a5746283cf7fcc20a56e92ce50efcf80a565b317a1efd0b0a565338c268fce40a56903cc7a6fd030a56273efd7cfcf90a571e3fee5afcfa0a56a540223cfce00a56a1401888fcff0a58233fef18fcd00a680c3fc9e7fcf30a550c19c1,"-75.02788333333334,0.0",,209,5
23/Jan/2026 09:07:07,RockBLOCK 231709 - Head-03,MO,2cb9d2fcee0a572b2ecec42edae5fd170a56ae31009730facdfcaf0a5736340a893420bffcd30a55ef36c87c36b1fcfd0b0a56461a18,"-75.02788333333334,0.0",,54,2
23/Jan/2026 09:06:59,RockBLOCK 231709 - Head-03,MO,6971e7d236cc371ed93a1ebdd7fccc0a571a48041d47dd5afcf90a5827477e02478b2cfcca0a5c6a47971a476e50fcd10a59cd47e0a847f6c4fcdf0a5ad547f66947ec67fcf40a5c91485b22486be5fcb10a5f8148bfb1489ac2fca60a616b48b7a448d80cfcbc0a624048bc9748e817fced0a658148d6af48fad0fcea0a6b2e48d442491b22fcd10a6faa24d30e24ec91fd240a579c27a7ac27bf89fccc0a56ea2d08f12d0c71fc910a56c9326aa6327c29fd100a567d378ee6378712fcd70a569f3f71f23f5c48fcb20a565c4456e3445c02fccd0a5b2046e0a346df55fcc50a579e47ce0547df41fce90a57c74811bd480d32fcff0a583b47f52347f4a4fce00a57e147c9a947ee7cfcd80a5938479d6547bacdfccf0a595b242bac2445d0fccc0a5743256483256b9bfce80a5657262eb5260830fcdf0a56d2274339272f0cfccc0a56ed29cfc429df8efd0d0a56c52cb290,"-75.02788333333334,0.0",,340,7
23/Jan/2026 05:12:34,RockBLOCK 231708 - Head-02,MO,6971b13935d50420c34ffd4e0a52ed42817cfd240a534d3fb766fcf80a4b9d3f5f48fcdf0a55453f5a26fce90a5c1f3fa1e5fcfb0a610040206afd3b0a5945404c49fcf80a6f0140643dfcf10a3a9a407538fce00a6c7440d3b4fce70a674140d6bcfcfd0a6a85213d2bfd2a0a52c0237610fd4b0a52f92841d7fccc0a529c2ce5c7fcfc0a520d317917fd0b0a520b38bfd5fce20a52493cc2affd080a51db3ef61afcf80a52ce3fe55bfcfb0a5263401869fce50a5205400e39fd000a53d73fe494fcd40a64223fbf52fcf80a513319c1,"-75.02788333333334,0.0",,209,5
23/Jan/2026 01:12:40,RockBLOCK 231708 - Head-02,MO,697178f935d49a25fb5dfd530a514542762cfd2c0a52343faa85fcf80a4aad3f5249fce70a54283f4d58fce80a5adc3f9545fd000a5f9b4013d3fd480a5828403fcdfcf10a6e324057acfcdf0a39954068b9fcdd0a6b8340c731fce40a661340ca5cfcfe0a695d2041affd330a518a2382c6fd470a51ce283df0fcc80a51702ce226fcf50a50e23174a8fd120a50db38bb5cfce40a51193cbc0bfd060a50a93eed05fcf90a51953fda84fd030a5134400c71fce20a50664001cefd010a52b03fd7dafcdb0a62fc3fb27efcff0a50561958,"-75.02788333333334,0.0",,209,5
22/Jan/2026 21:12:33,RockBLOCK 231708 - Head-02,MO,697140b835d56a2182defd510a506f428438fd280a510c3fb49ffcfc0a49a43f5c2afcea0a52fe3f577dfce70a59853f9fc3fd000a5e33401e82fd380a56f8404a98fcf80a6d4d40628dfcee0a38874073abfce70a6a8340d23cfcee0a64e240d55efcf40a68291fd226fd2b0a50a2238bbdfd480a50b2284351fccf0a50582cec59fd020a4fc93180eafd070a4fc338cb62fce90a50013ccba8fd0f0a4f933efb1efcfb0a50733fe76efcff0a5021401887fcf00a4ed5400d51fd0a0a51963fe313fcd60a61e03fbd9cfcfb0a4f9319d2,"-75.02788333333334,0.0",,209,5
22/Jan/2026 21:07:12,RockBLOCK 231709 - Head-03,MO,2ccc3dfced0a50aa2ed8b82ee51bfd110a50333107db310241fcaf0a50b334126c3428cbfccb0a4f6d36d44536bddffd000a4fc41a18,"-75.02785,0.13871666666666668",,54,2
22/Jan/2026 21:07:01,RockBLOCK 231709 - Head-03,MO,69713f1236cd74234cb0232f18fcca0a503548004447d982fcf50a51b1477c3647895efcc20a546a47994e47708efcd60a535247eb0a480143fcd60a54674808e647ff04fcf00a56194867d3487897fcb20a58fb48c47f489f6ffcb40a5ae748bb2348db66fcba0a5c1448beb848ea30fcee0a5f0348d7e148fbfcfce60a649748d54c491c2afccf0a690d230289231ed9fd1d0a511627cf2127e625fccc0a50692d13102d167afc8a0a504b327b3c328ccafd0d0a4ffa37a0c13798eefccd0a50193f870d3f7160fcb80a4fd54466f1446c1afcc90a543d46ea4f46e8f2fcbc0a511947d2fc47e42afcec0a51424813a9480f03fd020a51b647f54847f4bffce00a516047c90047edd0fcda0a52b9479c8247b9edfcc80a52dc23ec662406b7fcd00a50c425a1b425a8d3fcf20a4fd9267d372656dffce60a504d2754b0274197fcc90a506c29e05b29ef57fd180a50452cc4db,"-75.02785,0.13871666666666668",,340,7
22/Jan/2026 17:41:14,RockBLOCK 231710 - Head-04,MO,69710f0a368f68324bf2323e0063d1ddfcb53b47bf3b41c563c809fc8e474a4947363a63bfe6fca947e0a247dc8c63c4ebfca9479fa747ab1e63b71cfc89477cac47876f63c8b4fc7147d8b647d15b63bb3afcb748139c480ca763bb56fc4b486ce248587963bd5afc8848add6488b8c63bbfefc6d48dc5248be5263b9a7fc6b48da3548fa9363b77bfc4e490b99490b1363baf4fc7848fd87491e3d63bd17fc7c48f5c34907d563c093fc7e48c86849000b63a958fc5548cc7648c03a63bbf4fccd487d634878e763b040fccd4827d248164563b5c3fc8448109b480f1b63be04fc7e32a72c32978863bfb7fc9535f17035f9da63cd1dfc8b3a7d6a3a6f9c63b301fc824151674175f763b73dfc7e47b70d47e19963b417fc9b1a44,"-75.02788333333334,0.0",,284,6
22/Jan/2026 17:12:33,RockBLOCK 231708 - Head-02,MO,6971087935d4961b6306fd5c0a4f08429776fd310a4f333fc387fd030a47f23f6aeefce60a51203f666bfcee0a57853faef7fd120a5c19402e20fd410a551d405a32fcf00a6be7407268fcec0a36f4408396fce40a68de40e23ffceb0a62f840e57ffd030a663b2070a7fd310a4ef32374f6fd500a4ee72847dffcce0a4e8a2cf7ecfd000a4df3319022fd150a4dee38dfbbfce80a4e283ce029fd110a4dc13f0e5afcfc0a4e983ff96dfd000a4e4d40299bfce30a4c95401dd6fd080a4fc03ff364fcd80a60143fcdbcfcfd0a4e1e19db,"-75.02785,0.13871666666666668",,209,5
22/Jan/2026 13:12:34,RockBLOCK 231708 - Head-02,MO,6970d03835d59c1bcaebfd570a4d594297fcfd2b0a4d7c3fc174fd040a46673f68bcfcea0a4f5e3f6461fce60a55a33fad39fd070a5a22402c7efd470a53604058b6fcf40a6aa24070ddfce80a3586408212fce70a675f40e0e0fcf30a613340e42efd090a6478217eaefd320a4d22234b26fd540a4d1e284760fcd10a4cc72cf902fd090a4c37319339fd150a4c2f38e4a5fce70a4c6f3ce3cffd0a0a4c033f0fecfcfd0a4cd13ff99afd030a4c904028e4fcf00a4a75401ca6fd010a4e023ff1d9fcd20a5e553fcc48fcf70a4cc419db,"-75.02785,0.13871666666666668",,209,5
22/Jan/2026 09:12:33,RockBLOCK 231708 - Head-02,MO,697097f835d5662043a6fd550a4d50428c69fd2b0a4dca3fb492fd040a46cb3f5ba5fcee0a4f983f57bffcf50a55b93fa0bdfd0b0a5a15402011fd410a53af404c60fcf70a6ad84064adfce50a35a84075e0fce50a679140d4bafceb0a617540d81cfcfc0a64bf22003ffd300a4d332332affd580a4d67284a82fccc0a4d0b2cf6a5fcfa0a4c7b319044fd0f0a4c7538e0c1fced0a4cb33cdd78fd0d0a4c493f0725fcfc0a4d163fef22fd040a4cd9401d6dfceb0a4a41401096fd090a4e473fe5a0fcdd0a5e613fbff7fcf80a4d5a19db,"-75.02788333333334,0.0",,209,5
22/Jan/2026 09:07:11,RockBLOCK 231709 - Head-03,MO,2cbcd4fce70a4d892ed20b2ede3efd150a4d0e31014c30fba0fcb40a4d943413653429b1fcd60a4c4b36daee36c484fd070a4c9c1a18,"-75.02788333333334,0.0",,54,2
22/Jan/2026 09:06:59,RockBLOCK 231709 - Head-03,MO,6970965236ccdc22757122545cfcce0a4d4548025947db7ffd010a4e8e477cc84789eefcca0a4fc0479860476fb5fcd80a503247e65747fc99fcdf0a514647ff9747f5c3fcf20a52fb48612d487201fcb50a55cd48c23e489d52fcb00a57bd48b97748d9dbfcbd0a594548bdb048e92efcf50a5be048d75548fb6efcea0a615848d4d7491bb9fcd30a65d0267e212689b2fd290a4dda277071278867fcc90a4d522d18382d1c03fc940a4d2832849b329620fd160a4cd837aebc37a6edfcd90a4cfb3f9b473f8598fcb90a4cba4476d9447bd3fccf0a50c146f3c146f26efcc40a4dfd47d7bf47e8eefcf30a4e2548155c4810cafd090a4e9947f54847f4c5fce00a4e4047c83f47ed18fcdc0a4f93479b9547b8f5fccf0a4fb8243e872458a8fcce0a4d8125143d251b58fcf10a4cb025dd5625b6f5fcde0a4d3027087626f42afcd90a4d4c29c14d29d133fd0b0a4d212cb587,"-75.02788333333334,0.0",,340,7
22/Jan/2026 07:55:36,RockBLOCK 228680 - Head_26-02,MO,697093f647eb6d05527b054ec17f04ddfddf0f3e2105527f054ec07f04dcfdde0f3e220dc7,"53.00725,9.040816666666666",,37,1
22/Jan/2026 05:12:34,RockBLOCK 231708 - Head-02,MO,69705fb935d68829d164fd4e0a4d53427683fd260a4e783f9e3afcf50a47913f4550fce20a50273f41aefce70a56343f8adcfd060a5a68400a58fd390a545b40369bfcef0a6b54404eddfce50a361140603bfce40a681940bf0afce70a621d40c277fcfb0a656c212ab6fd250a4dba233424fd460a4e1b284ad0fcc10a4dc02ceed0fcf40a4d27318652fd070a4d2538d459fce40a4d613ccdd9fd070a4cfc3ef4b6fcf80a4dca3fdaf8fcfd0a4d8e400844fce10a4a783ffaeefcfb0a4efb3fcfc8fcd40a5ed33faa15fcf90a4e6219e4,"-75.02785,-0.13871666666666668",,209,5
22/Jan/2026 01:12:34,RockBLOCK 231708 - Head-02,MO,6970277935d7432923c1fd550a4e6b42795cfd270a4f943f9e77fcf90a48ba3f4576fce50a51123f422ffce80a57103f8b8afd0c0a5b1b400b3afd400a55734037a5fcf10a6c12404ff8fce70a36c740617afce10a68f840c048fce40a632c40c3dbfcfa0a66721fea3dfd2b0a4ef2234982fd4c0a4f3c285304fcc90a4ede2cf448fcff0a4e47318c7bfd070a4e4838dc10fceb0a4e7c3cd432fd0a0a4e1c3ef91ffcf60a4ee53fddeafd000a4eae400a49fced0a4b133ffc72fd030a50173fd10efcd50a5f913fab38fcfe0a4fcd19ec,"-75.02788333333334,0.0",,209,5
21/Jan/2026 21:12:41,RockBLOCK 231708 - Head-02,MO,696fef3835d94f215e88fd5b0a4fce428ea6fd290a507d3faf20fcfa0a49b33f55f6fce70a51db3f52edfcf90a57c43f9c9cfd060a5b9d401ca1fd420a5659404925fcf70a6ca840619afce50a3751407331fce50a69af40d218fceb0a640e40d5c9fcfe0a67561f672ffd2f0a5012235747fd540a5023285f82fccd0a4fc22d0265fcfd0a4f30319df5fd0a0a4f2e38f234fce80a4f673cea47fd090a4f013f0dcafcfb0a4fc93ff179fcfa0a4f9d401cfcfce70a4b85400e8dfd050a51023fe2ddfcd50a601a3fbceafd010a510a19f5,"-74.99325,0.0",,209,5
21/Jan/2026 21:07:07,RockBLOCK 231709 - Head-03,MO,2cd395fcef0a50022ed9312ee5b0fd1d0a4f8731034230fdbafcb80a500f3417ab342e19fcd60a4ec936e4fe36ce98fd080a4f1b1a18,"-75.02788333333334,0.0",,54,2
21/Jan/2026 21:06:58,RockBLOCK 231709 - Head-03,MO,696fed9236cc8e2333a323165efccd0a4f8247fcc647d608fd070a50f3477ac94787fdfcce0a5097479aa84771e1fcd40a529047ef0e48053bfcd50a53b2480da54803aafcf80a5568486aa9487b61fcb50a582d48c59648a086fcb20a5a1a48bc1048dc49fcc30a5bf348bf4e48eaaffcef0a5e4a48d83248fc3bfceb0a63ac48d588491c71fcd00a682a229f2122ba53fd1a0a5065278a0627a1dffcc60a4fc02d2c392d2fc8fc860a4f9632937932a50ffd120a4f4a37c02e37b85cfccc0a4f673fb0a03f9ae8fcb80a4f254486b7448bb4fcc80a52ce46fcff46fbaafcc50a506a47dc4f47ed83fce40a50994816fa481256fd020a510947f52647f4a5fce40a50b947c76a47ec2dfcd70a5209479a8047b7e5fcd00a522e2360d1237acffccd0a501a25315e25386efcf30a4f31262b96260568fce30a4fa82724f22711dafcd20a4fc129e1e429f0f5fd130a4f982ccc1a,"-75.02788333333334,0.0",,340,7
21/Jan/2026 17:41:14,RockBLOCK 231710 - Head-04,MO,696fbd8a368efd324e3732404063d1dffcba3b62093b5c0463c808fc8d4755ed4741ca63bfe7fca347e4fb47e0e163c4f4fcae479d5447a8b663b722fc89476c3547770163c8b1fc7747cd4f47c5ff63bb38fcc6480d5248066263bb55fc4c486c0148579463bd65fc8848ae8e488c4763bbf9fc6448dbce48bdd463b9a5fc7148d9f748fa4f63b77bfc4c490b7a490aeb63bafafc6c48fd83491e4863bd1efc6c48f5c24907d463c08cfc8648c86449000d63a958fc5948cc7748c03963bc02fccf487d5a4878df63b044fcc24827d748164363b5c0fc8d48109a480f0563be05fc7c32c16332b1a863bfb7fc9936129f361b2f63cd2afc9b3aaaa33a9cce63b2fafc80417de641a28f63b74afc8547c10247eb8c63b40ffc951a4c,"-75.10641666666666,0.0",,284,6
21/Jan/2026 17:12:45,RockBLOCK 231708 - Head-02,MO,696fb6f935daaa1ab67efd5d0a4ec142a34cfd310a4ee73fbf6cfd000a48453f661bfcec0a50223f634efcf30a55ff3fad5cfd080a59c0402dc4fd440a54bf405a70fcf20a6b5f407303fcec0a35fd40849cfce50a683d40e3cbfcec0a626b40e780fcf90a65b01fed32fd330a4e9d234622fd510a4e8d286800fccd0a4e2d2d0e3cfd020a4d9631ae7efd0c0a4d92390825fce80a4dcb3d003cfd130a4d6a3f2283fcfd0a4e304004ecfd040a4e00402f87fce60a499d402093fd0a0a4f683ff4aefcda0a5e503fce92fd030a4fe21a0f,"-75.07176666666666,0.0",,209,5
21/Jan/2026 13:12:34,RockBLOCK 231708 - Head-02,MO,696f7eb935def11bab05fd640a4e5242a161fd350a4e8c3fbb44fd090a480d3f61dcfceb0a4fa43f5f66fceb0a55763fa9acfd090a5912402a37fd490a54604056f5fcff0a6b01406f89fcf20a35a4408158fce60a67dc40e093fced0a620240e461fd020a654c20d479fd300a4e392321d9fd4b0a4e3828687ffcc90a4dd82d0cdbfd070a4d4231b022fd0f0a4d3a390bd6fce90a4d793d027ffd160a4d143f22a0fcfb0a4dda40038cfd020a4daf402d34fcef0a48ed401ddafd0d0a4f173ff171fcdf0a5daa3fcb6dfd040a4ff61a29,"-75.02785,0.13871666666666668",,209,5
21/Jan/2026 10:37:58,RockBLOCK 228680 - Head_26-02,MO,696f6743482c00051d280519787f04befddd0f4f7c051d0d0519497f04c4fde60f4f7e0dc7,"53.00725,9.040816666666666",,37,1
21/Jan/2026 09:12:35,RockBLOCK 231708 - Head-02,MO,696f467935e60420a3d1fd5c0a4e1a42940dfd2a0a4e843facabfcff0a48263f5341fcf20a4f753f511efcf10a55403f9ba2fd010a58b4401c48fd4a0a5458404913fcfc0a6aed4061d8fcee0a35954073abfcef0a67c540d2d0fcf30a61f540d6b3fcfb0a653d214078fd390a4e0823103ffd540a4e32286c95fcd70a4dd02d07f0fd0b0a4d4331abeffd0a0a4d36390653fcec0a4d753cfa50fd1d0a4d113f17e8fcf90a4dda3ff730fd070a4db1401febfcef0a4897400febfd090a4f153fe379fcdb0a5d493fbd59fd030a505c1a44,"-75.02788333333334,0.0",,209,5
21/Jan/2026 09:07:07,RockBLOCK 231709 - Head-03,MO,2cc59ffcf00a4e332ecd352ed997fd1d0a4db830f6fd30f164fcb70a4e3e34163c342c9cfcd40a4cf736eb0d36d4bcfd0f0a4d4c1a0f,"-75.02785,0.13871666666666668",,54,2
21/Jan/2026 09:07:02,RockBLOCK 231709 - Head-03,MO,696f44d236cc9622ef9822ca30fccc0a4ddf47f8a847d1a7fcf80a4f2c477af2478820fcc40a4d7b479c4347739ffcd70a50cc47f198480806fcdd0a51eb4810714806c1fcf60a539e486bc9487c92fcae0a565c48c61548a105fca80a584948bc6548dcb0fcc10a5a7748bf7548eae1fcef0a5c8848d85448fc64fcf10a61cf48d5ac491c91fcd40a6645258c65259a4dfd250a4e7a2730f42749eafccb0a4de62d3b3c2d3ef1fc960a4dc13298ce32aa61fd1a0a4d7837ce0e37c642fcdb0a4d933fc5403faf79fcbe0a4d5544965d449b54fccf0a509d47063a4704ddfcc80a4e9a47e0e147f20cfcee0a4ec948187d4813dcfd060a4f3a47f50847f481fce90a4ee947c67e47eb54fcd90a503947996e47b6d7fcd50a505f238b0f23a4e6fcd10a4e2f24ad1524b411fcf10a4d5d259e322577f0fce60a4ddc26ef8026db20fcd20a4df429d38829e38efd1c0a4dce2cbe2f,"-75.02788333333334,0.0",,340,7
21/Jan/2026 05:12:45,RockBLOCK 231708 - Head-02,MO,696f0e3935fce8264f4afd5e0a4e42428691fd2d0a4f203f9e4ffd000a48e43f44e9fce50a4fe33f4317fcec0a55ae3f8dd6fd0a0a58eb400ea0fd3d0a54ef403b84fcf40a6b41405455fce50a35f8406640fce90a682e40c577fce90a628540c97ffcfe0a65cb20985dfd330a4e7d231cf2fd550a4ecd287403fcd40a4e662d04b3fd080a4dd531a8a6fd1c0a4dd1390196fce90a4e0a3cf2c7fd0e0a4daa3f0dc9fcfa0a4e693feb90fd060a4e4b401358fceb0a48d34002d9fd010a4fab3fd624fce00a5d723fb002fd080a515a1a5e,"-75.02771666666666,-0.27745",,209,5
21/Jan/2026 01:12:39,RockBLOCK 231708 - Head-02,MO,696ed5f9365eea2715fcfd610a4f53428594fd360a50473f9b4cfd030a4a2c3f41d6fcec0a50dc3f406efcf20a56a93f8b77fd070a59ad400c91fd4e0a561640397ffd020a6c01405262fcf20a36d6406460fcee0a691740c3b2fcf10a63a640c7a7fd030a66ed1f69a6fd3f0a4fbd2337bafd560a4ffb287b22fcd30a4f9a2d0663fd040a4f0831ac63fd100a4f04390644fcf30a4f393cf5a3fd180a4edb3f0e90fd020a4fa53feacefd000a4f8140119bfcf10a49b040009efd0d0a50e53fd3c3fce70a5e223fad9afd070a52f01a81,"-74.99321666666667,0.13838333333333336",,209,5
20/Jan/2026 21:12:35,RockBLOCK 231708 - Head-02,MO,696e9db9396e7620e7f1fd7f0a50c04296a2fd4f0a515c3fa810fd260a4b5f3f4e89fd060a51bc3f4d75fd170a578b3f98ddfd2e0a5a57401a43fd640a572a404764fd190a6ca7406052fd160a379f407283fd120a69e140d1eafd090a64b440d62efd2a0a67fd1eced9fd520a50f7234fd5fd770a5107288603fcfd0a50a32d111ffd2d0a500f31bbf1fd350a5008391a09fd120a50473d08f8fd310a4fe33f2063fd220a50ad3ffb6efd250a508840215efd0a0a4a5f400fd4fd2a0a51e83fe2b6fcfd0a5e953fbc60fd230a54551b15,"-75.02788333333334,0.0",,209,5
20/Jan/2026 21:07:07,RockBLOCK 231709 - Head-03,MO,2cd8d7fce90a510d2ecce22ed97bfd1c0a509330f2ca30ed77fcba0a5110341837342ed4fcde0a4fc936f4c636de85fd0f0a501d1a21,"-75.07176666666666,0.0",,54,2
20/Jan/2026 21:07:01,RockBLOCK 231709 - Head-03,MO,696e9c1236cd992298bc227b7cfccf0a50ac4802ca47dc1efd030a52014779a94786defccf0a4f1147977d476ebefcd90a53a547e96347ff78fcd70a54cc48063347fc29fd030a567d48674f4877fffcb20a592d48c4b5489faefcac0a5b2248bb4d48db94fcc20a5d8948bec048ea3efced0a5f6f48d7dc48fbfffcf20a649d48d547491c25fcd20a691521f121220b69fd250a517d2768272781d7fcc50a50dc2d56772d59b5fc940a50ae32a2bc32b44efd130a505f37e04d37d884fcd80a507f3fdae93fc51ffcb00a503f44a61244ab13fccb0a532c470f47470dd5fcc60a518247e53447f658fcec0a51b54819e7481531fd020a522347f4b947f425fce80a51d747c58147ea50fcd60a531f47983b47b5abfcd10a5340229d0022b64cfcd80a512e24d56724dc63fcf00a5042260d2e25e6f7fce20a50b527336627200efcd40a50ce2a07062a1643fd100a50a42cd125,"-75.07176666666666,0.0",,340,7
20/Jan/2026 17:41:07,RockBLOCK 231710 - Head-04,MO,696e6c0a368f95326f3832613063d1e6fcbc3bb4a83baea063c80afc91479eee478adc63bff2fca247d76447d34a63c4f5fcb247901d479b9863b71ffc8b4788064792d363c8b4fc7547f4b447ed5f63bb41fcc2482f6f48287b63bb59fc4a48763a4861c063bd5afc8848b63f4893f463bbfffc7348de2748c01b63b9a8fc6e48dbe548fc3f63b77cfc56490bec490b6763baf1fc7a48fdcb491e9063bd17fc7f48f5db4907e263c095fc8948c88549002463a960fc5948cc8448c04663bbfffcc6487d704878ff63b048fcce4827ed48166363b5d3fc7e4810a6480f1563be00fc8832d03432c08963bfb3fc9e36301d3638aa63cd24fc903ad7053ac93063b302fc9141a99241ce4063b751fc8647cab947f54563b415fc9b1a55,"-74.99325,0.0",,284,6
20/Jan/2026 17:12:38,RockBLOCK 231708 - Head-02,MO,696e6578418d0e1b4330fdb30a516f42a7fafd880a51913fb508fd560a4bc23f5b83fd390a51cb3f5acefd440a57a03fa690fd600a5a3740285bfd9a0a575d4055c3fd4b0a6caf406ecefd430a37cb408109fd2e0a69f240e0b1fd3c0a64e040e500fd4b0a682d1f1aaefd890a515523495afdab0a513f288b66fd1a0a50da2d1a0bfd5d0a504a31cb69fd6d0a5046392e46fd400a50823d1ce4fd5f0a50223f32d9fd540a50e7400caafd530a50c94031b0fd3e0a4a55401fa5fd590a52273ff23bfd260a5e513fcbc5fd510a54fe1b2f,"-75.02785,0.13871666666666668",,209,5
20/Jan/2026 13:12:34,RockBLOCK 231708 - Head-02,MO,696e2d3841ba961b4378fdb70a52fe42a86efd7e0a53363fb32bfd610a4d933f5989fd3c0a534e3f5933fd530a59193fa53cfd630a5b70402751fd990a59034054cafd560a6db8406dfbfd450a390b408049fd3f0a6b4a40e018fd480a667b40e45ffd590a69cc1feacefd870a52f4233b37fda80a52e3288beefd2b0a527d2d19a1fd5d0a51e831cff7fd6b0a51e2393474fd440a521d3d2180fd6e0a51bd3f3541fd570a5283400d97fd5a0a52694031c3fd400a4b9b401f36fd5a0a53bb3ff193fd3c0a5f423fcb07fd520a56f81b1d,"-75.10623333333334,0.27880000000000005",,209,5
20/Jan/2026 13:11:17,RockBLOCK 228680 - Head_26-02,MO,696e3b4348547605040e0500cc7f04b5fdeb0f7a180503bd05004e7f04c0fde70f7a120dc7,"52.99668333333334,8.796",,37,1
20/Jan/2026 09:13:18,RockBLOCK 231708 - Head-02,MO,696df5217c4091177c1e1e4d7cfdb77c0a547a7c42a0397cfd857c0a55097c3fa9f17cfd5a7c0a4f8a7c3f506b7cfd467c0a54f97c3f50787cfd3d7c0a5ac07c3f9cdc7cfd587c0a5cd47c401f227cfd997c0a5ad67c404cc07cfd557c0a6ef47c4066117cfd457c0a3a837c4078967cfd3d7c0a6cca7c40d8687cfd467c0a684d7c40dccc7cfd547c0a6b9e7c2068ef7cfd857c0a54a17c23480f7cfdaa7c0a54bb7c2892637cfd217c0a54547c2d18c17cfd537c0a53c37c31d17f7cfd667c0a53ba7c3934d07cfd407c0a53f27c3d1f387cfd637c0a53917c3f30977cfd557c0a545a7c40074b7cfd5a7c0a54467c402a6f7cfd407c0a4d247c40176d7cfd577c0a559c7c3fe97c7cfd2b7c0a606a7c3fc2fa7cfd4e7c0a592f7c1ae0,"-75.02788333333334,0.0",,286,6
20/Jan/2026 09:07:07,RockBLOCK 231709 - Head-03,MO,2cc073fcf10a54dc2eb9302ec5a1fd260a546130e28a30dd1cfcc40a54e0341600342c82fce60a539736fb5d36e53bfd110a53ea1a29,"-75.02788333333334,0.0",,54,2
20/Jan/2026 09:06:59,RockBLOCK 231709 - Head-03,MO,696df35336ce1620381c2018a9fcd70a54d247f60947cf09fcfe0a55e0477aac4787ddfcd20a51f4479faa47772cfcd60a578147f6f2480d99fce90a58ac4812f2480936fcf80a5a60486cfc487dc0fcba0a5d0748c66048a14bfcb50a5efe48bc9848dcc8fccb0a619548bf9648eb09fcf40a635448d85e48fc75fcf10a687048d5b6491ca0fcd90a6ce9243e08245119fd290a554d27657e27800efcd00a54a62d603f2d636afc9b0a547832a2bd32b466fd200a542e37ef9437e7cffce20a544b3fefab3fd9dcfcb80a540e44b56d44ba61fcd70a56a24718134716a9fcd80a555547e96147fa80fcef0a5585481b1648166bfd040a55ee47f45847f3d1fcec0a55a447c47247e940fce00a56ee47971b47b47dfcda0a570f22cf5622e863fcd80a54ef24a8ed24afeefd050a540d25d53a25aea8fcee0a5489273a172725a2fcda0a54a02a02892a12c7fd1f0a54782cb8b4,"-75.02788333333334,0.0",,340,7
20/Jan/2026 08:09:37,RockBLOCK 231708 - Head-02,MO,1fd02cfdad0a54c7429b7efd780a55813fa4e5fd510a50103f4b6cfd340a55673f4ba6fd450a5b2b3f980efd580a5d2e401a57fd950a5b4c4047ecfd3f0a6f3b406142fd390a3ae04073b5fd3e0a6d2a40d38efd3d0a68c140d821fd500a6c0d205f64fd810a550f234ff1fda10a553a289326fd280a54d12d172afd560a543931d007fd5f0a5432393273fd440a546b3d1c12fd590a540f3f2c84fd4f0a54d94002dffd500a54c24025c2fd3c0a4d8e401288fd570a56133fe49bfd270a60b33fbe1afd540a59c31ad8,"-74.99325,0.0",,202,5
20/Jan/2026 07:09:37,RockBLOCK 231708 - Head-02,MO,2187c6fda80a54e64296d7fd7f0a55ba3fa03dfd460a50513f46e3fd2d0a559a3f4716fd310a5b583f939efd560a5d4d4015e5fd900a5b82404388fd3c0a6f5b405cddfd420a3b0c406f72fd320a6d4f40cf42fd370a68f340d3d2fd4c0a6c44204589fd820a552e2359a2fd990a5552289406fd160a54f32d15b0fd4e0a546331cecefd590a545a393074fd2c0a54993d1921fd570a54373f28fdfd400a54ff3ffecdfd460a54ea402183fd340a4da3400e23fd560a56423fe02bfd190a60b33fb9a6fd460a5a041acf,"-75.02788333333334,0.0",,202,5
20/Jan/2026 06:09:37,RockBLOCK 231708 - Head-02,MO,2304cafdab0a5516429308fd7b0a56003f9c46fd540a50a43f42e8fd3f0a55d53f4350fd3a0a5b933f8fd2fd530a5d6e40124bfd8f0a5bbe403fdefd490a6f7840594cfd3a0a3b3f406bd3fd320a6d8340cba3fd330a693240d043fd4b0a6c80201af3fd830a557b236324fda00a55a928946dfd1a0a55462d1487fd520a54b231cde3fd5f0a54a7392f17fd360a54e23d16e8fd560a54873f2625fd4b0a55503ffb96fd430a5531401e07fd2e0a4ddb400a96fd510a56883fdc84fd2b0a60d73fb609fd480a5a681acf,"-75.02788333333334,0.0",,202,5
20/Jan/2026 05:09:37,RockBLOCK 231708 - Head-02,MO,23fe57fd9d0a54a242909bfd750a55c73f99a5fd480a50813f4057fd360a559e3f40c1fd390a5b5c3f8d71fd530a5d32400ff6fd8a0a5b93403d87fd420a6f524056eefd330a3b26406990fd320a6d5740c977fd310a690340ce26fd4f0a6c521feb54fd760a5537236fb4fd9c0a556c2895c3fd170a55032d146dfd520a547331ce2bfd5d0a5469392ef5fd320a54a63d1618fd4f0a54453f24b5fd430a55173ff9aefd4c0a54fc401be9fd2b0a4d9740084cfd540a564f3fda3cfd200a607d3fb3adfd420a5a4b1ac6,"-75.02721666666666,-0.5549",,202,5
20/Jan/2026 04:09:39,RockBLOCK 231708 - Head-02,MO,23f7b3fda70a555f4290ddfd7b0a56723f9964fd510a51333f4007fd390a563e3f409dfd3d0a5bfa3f8d58fd550a5dbe400ff7fd8b0a5c3d403d99fd4b0a6fc2405703fd410a3baf406988fd330a6de640c978fd320a69a840ce01fd560a6cff1fb20efd830a55e1237c04fd9c0a561628972cfd270a55ae2d153cfd4a0a551f31cfc2fd5a0a551739309ffd370a55523d1739fd5b0a54f13f2544fd4b0a55c33ff9eefd4f0a55a2401bd8fd320a4e2740082efd4f0a56f73fda06fd280a60ef3fb37cfd500a5b061acf,"-74.85618333333333,3.29395",,202,5
20/Jan/2026 03:09:45,RockBLOCK 231708 - Head-02,MO,237fc9fd930a56714291dbfd610a57753f9998fd360a523b3f403bfd250a57323f40e4fd200a5cee3f8dbefd430a5e9d40105efd7b0a5d40403e05fd2f0a707540577cfd250a3c7a406a30fd1e0a6ebe40ca01fd240a6aae40ceb2fd2e0a6dfd1f765cfd6b0a56e5238a7cfd840a571b2898e7fd040a56b32d16b2fd3c0a562531d1edfd400a561b3932e2fd290a56573d1917fd460a55fb3f268cfd300a56c83ffabdfd3a0a56ab401c7efd230a4f174008b6fd360a58003fda70fd130a61be3fb3d5fd3b0a5c231ae0,"-74.99321666666667,0.13838333333333336",,202,5
20/Jan/2026 02:10:26,RockBLOCK 231708 - Head-02,MO,24010d7cfda37c0a56bc7c4290d87cfd797c0a57df7c3f98337cfd527c0a52b17c3f3eec7cfd397c0a57967c3f3fba7cfd417c0a5d507c3f8c967cfd557c0a5eed7c400f467cfd907c0a5daa7c403d007cfd477c0a70b47c40566f7cfd327c0a3cce7c40691c7cfd2d7c0a6f137c40c9027cfd347c0a6b187c40cdb37cfd4a7c0a6e687c1f329f7cfd7c7c0a575d7c23957b7cfdc17c0a578c7c2898697cfd1d7c0a57287c2d16ae7cfd557c0a56947c31d2ce7cfd577c0a568b7c3933ee7cfd397c0a56cb7c3d19a57cfd557c0a566b7c3f268a7cfd487c0a573c7c3ffa777cfd487c0a57217c401bfe7cfd357c0a4f777c4008037cfd4e7c0a58767c3fd9d07cfd267c0a61fe7c3fb3287cfd487c0a5cab7c1b03,"-75.02788333333334,0.0",,277,6
20/Jan/2026 01:50:04,RockBLOCK 231708 - Head-02,MO,2470fb7cfdb37c0a57087c42900f7cfd897c0a58227c3f976e7cfd5b7c0a52f07c3f3e1a7cfd3d7c0a57d37c3f3ee17cfd437c0a5d8f7c3f8bd97cfd607c0a5f207c400e7d7cfd9c7c0a5dea7c403c367cfd4c7c0a70e37c4055987cfd3b7c0a3d027c4068677cfd367c0a6f4a7c40c85d7cfd437c0a6b577c40cd0c7cfd537c0a6eae7c1f1cd07cfd857c0a57997c2399db7cfd9c7c0a57d37c2897fa7cfd277c0a57687c2d16627cfd4d7c0a56d97c31d2c57cfd667c0a56cc7c3933e67cfd447c0a570a7c3d196e7cfd647c0a56ac7c3f26247cfd4b7c0a57777c3ff9ef7cfd537c0a575f7c401b637cfd407c0a4fab7c40076d7cfd547c0a58b27c3fd9207cfd307c0a62267c3fb28c7cfd597c0a5cee7c1b2f,"-75.07173333333333,0.13906666666666664",,277,6
19/Jan/2026 21:07:06,RockBLOCK 231709 - Head-03,MO,2cc3eefcf60a59d12eb5582ec208fd260a595b30e0af30db92fcba0a59d3341b72343233fce20a589437080d36f1d1fd1a0a58e21a32,"-75.02785,0.13871666666666668",,54,2
19/Jan/2026 21:06:54,RockBLOCK 231709 - Head-03,MO,696d4a9236d01c207d8a206271fcd50a599c4801fc47db51fd030a5ac04777fc478528fcd40a561e47955f476c98fce20a5c6547e7fd47fe14fcdf0a5d9548067e47fc83fd070a5f464867034877aafcbf0a61e248c44e489f34fcb50a63dc48bae448db30fccb0a669d48be7b48e9ebfcfd0a684248d7af48fbc1fcf60a6d4b48d51e491bfbfcdb0a71cd218b6c21a9c3fd300a5a4327e9fe280499fcd00a59922d67172d69aefca10a596b32a9f932bbc9fd1b0a591b3803d637fc1dfcdb0a59404005833fefa9fcbc0a58fb44c4e844c9d7fcd60a5b4347209e471f37fcd50a5a4747ed6147fe79fce90a5a7d481c26481793fd1d0a5ae447f3c247f33cfcf00a5a9c47c34547e807fce20a5be84795ce47b336fcd70a5c08229e3d22b7e5fcda0a59fc254bfe25533dfd020a590926a5dc267f32fceb0a598027baba27a76dfcd60a59972a2fa02a3ef8fd200a59682cbc03,"-74.99325,0.0",,340,7
19/Jan/2026 20:57:45,RockBLOCK 231708 - Head-02,MO,696d48863586a652c8804e679a6f6f55249b56c0096f6f54f19c56b64e6f6f5829c4526c6f6f6f57bfd758a40a6f6f57daf85dbe8e6f6f63b87863dad26f6f67f30e6bf9fd6f6f6cad776a3f0b6f6f70304a70ad526f6f6ba65c7588666f6f00815cfd00839f456f6f008032cb7a75e96f6f00853bfc0087f4c36f6f00846b0f00844ba16f6f008d2d1d008ee4db6f6f008d07b2008bb0696f6f009575eb00911ebb6f6f0092ba50008be2226f6f008fdce00093a6256f6f008e97bf009183926f6f0095229b00932a3a6f6f00a3785d00a241fc6f6f00a497b200a023c76f6f00aeba3100adef246f6f19af,"-74.99325,0.0",,236,5
19/Jan/2026 17:41:14,RockBLOCK 231710 - Head-04,MO,696d1a8a3691ed329c1d328e4263d1e5fcc73c1e883c18a363c822fc9a47b266479e8e63bff2fcac47d96447d53963c4f0fcb4478c1b47978363b71afc934774b5477f9063c8adfc7e47dcfd47d5a963bb43fcc34818e648120e63bb56fc57486e264859b863bd55fc9648b00e488dcc63bbfefc7648dc1948be0c63b9a9fc8148da0648fa5a63b781fc5c490b8a490b0963baf8fc7848fd86491e3d63bd18fc8448f5c84907dc63c08efc8248c87049000b63a958fc6148cc7448c03263bbf5fcd4487d674878ea63b03cfccf4827d348164063b5d1fc8a4810a3480f1063be07fc8832d4b132c50363bfbdfc9d364aa136534063cd29fc9c3b00f03af31963b30afc8541d2f541f7a363b74ffc9347d3f047fe9063b412fc9d1a66,"-75.02788333333334,0.0",,284,6
19/Jan/2026 16:57:09,RockBLOCK 231708 - Head-02,MO,696d10463585da76a1b37801956f6f7007ab79da476f6f68253a595e1d6f6f781c0f70ef2b6f6f67bce36c67116f6f5e3e8f1cc3a96f6f2231951df49f6f6f2717202f198d6f6f280df52895b06f6f1bde55124cf96f6f2b2653229eae6f6f1ba9c2196b076f6f1b458616ed246f6f19666f1645366f6f23a0772bb6ce6f6f2a3114316b386f6f2ee8263296216f6f3215e92e2ed36f6f312fa62dc8886f6f314703309aa66f6f2d614d2742836f6f1ecd731e443e6f6f16f1ac1dd5346f6f2364242164e06f6f2a7c0532f3496f6f19b8,"-75.02788333333334,0.0",,209,5
19/Jan/2026 15:51:08,RockBLOCK 228680 - Head_26-02,MO,696d0f437c484a0f7c050b707c0507cf7c7f04b97cfde47c0f83427c050b757c0507dd7c7f04b97cfde17c0f833f7c0dc7,"53.00725,9.040816666666666",,49,1
19/Jan/2026 12:57:00,RockBLOCK 231708 - Head-02,MO,696cd80635284100f8629e00ff5c196f6f010000,"-75.02785,0.13871666666666668",,20,1
19/Jan/2026 09:07:13,RockBLOCK 231709 - Head-03,MO,2ca8f5fcf30a55482ea9552eb5d7fd210a54c830e12430dc07fcba0a55543426e7343d96fcdd0a540937184a37023ffd120a545d1a44,"-75.02788333333334,0.0",,54,2
19/Jan/2026 09:07:01,RockBLOCK 231709 - Head-03,MO,696ca1d236da791decb71dd0ddfcdf0a54054802c847dc21fd0d0a5643477921478641fcd40a516647960b476d29fcd90a57e447e43747fa27fcf10a591347ffff47f5e5fcfd0a5ac848624d4872e8fcc10a5d4e48c264489d70fcbe0a5f4348b99448d9dbfcc80a623648bdab48e927fd060a63bd48d72348fb45fce80a68ad48d4af491b85fcd60a6d302359d72377effd2c0a55c82873b7288cddfcda0a55072d4e7f2d5134fc9c0a54e432aa7732bc6afd240a549538149f380cdffced0a54b04019ca400406fcd00a546f44d3e244d8aefcda0a5667472926472790fcc40a55b847f155480272fcff0a55ef481d3148189cfd200a565a47f35447f2c1fcf50a561047c21247e6f5fce60a575547948447b1d4fce00a577623ddca23f72cfccc0a557d260eda261623fcf90a548327055526de05fce40a54f527f13727dd5ffce00a550a2a158b2a2585fd160a54dc2ca13a,"-75.02788333333334,0.0",,340,7
19/Jan/2026 08:56:35,RockBLOCK 231708 - Head-02,MO,696c9fb93526581ba231fd280a542642693bfcf00a55403f2797fcc40a510e3ecf63fca50a54ad3ed25bfca80a5a283f2017fcc70a5adf3fa35efd010a5b043fd16efcb80a6d603feb42fcad0a3b3a3ffe55fcaa0a6c24405e16fcac0a685340635ffcc00a6ba32007b9fced0a54ed240635fd170a54f52842c2fc940a54842cd6c6fcc20a53f6319d6cfcd10a53fb38f51dfca70a54323ccbc2fcd50a53d23ecbc3fcbd0a54ab3f97e3fcc00a54973fb521fcab0a4c413f9f22fcc90a55dc3f7016fc9c0a5ccd3f4986fcc00a5bde19db,"-75.02788333333334,0.0",,209,5
19/Jan/2026 04:56:42,RockBLOCK 231708 - Head-02,MO,696c6779352d911e4312fd190a52704260a4fcf10a534d3f1df8fcb70a4f593ec610fca60a52b03ec970fcac0a58103f17a1fcc70a58a33f9b62fd040a59083fc99afcb70a6b793fe3affca90a39dc3ff707fca70a6a344056edfca70a6648405c4dfcba0a6998205904fcf00a52e8243c5efd060a52ec283ffbfc910a52932cd7d5fcc70a51fd31a01dfcc90a51fd38f676fcaa0a52333cca78fcc90a51db3ec827fcb70a52b13f92affcc50a529a3faf28fca20a4a303f98b0fcc40a53e33f698cfc970a5a423f42eafcbf0a5a4019f5,"-75.02721666666666,-0.5549",,209,5
19/Jan/2026 00:56:43,RockBLOCK 231708 - Head-02,MO,696c2f393547f11bf985fd220a4f484266dcfcf20a4ff43f21dcfcc30a4c453eca23fca90a4f543ece11fcb30a549a3f1cbdfccd0a550c3fa0d1fd020a55a23fcf33fcb60a688d3fe966fcb00a37783ffcf6fca70a6713405d11fcb00a62de406289fcc50a662d20b017fcfb0a4f93245d99fd110a4f97283e4dfc8c0a4f3f2cdfe1fcc70a4eb031abbafcd80a4ea5390318fcac0a4ee13cd577fccf0a4e8a3ed106fcc70a4f683f9a14fcc70a4f4c3fb5a4fcac0a46e63f9e9ffcc30a508d3f6f2ffc9f0a56753f4897fcc10a575e1a18,"-75.02788333333334,0.0",,209,5
18/Jan/2026 21:07:07,RockBLOCK 231709 - Head-03,MO,f2b67c47f22c7cfd0a7c0a4ea97c47c0e27c47e5aa7cfcf97c0a4ff07c47934c7c47b0ae7cfcf27c0a50117c2581767c259cd47cfcf97c0a4df27c26e5487c26ec9c7cfd1e7c0a4cf97c2782157c275b667cfd0a7c0a4d797c2801fb7c27ef477cfcfc7c0a4d9b7c2a09ea7c2a19537cfd377c0a4d757c2c9b107c2ca3077cfd087c0a4de17c2ea5257c2eb1e37cfd3e7c0a4d647c30e4cc7c30dfa67cfcda7c0a4de77c3432217c3448ec7cfcf67c0a4c9b7c3729367c37131b7cfd377c0a4cee7c1a92,"-75.02788333333334,0.0",,196,4
18/Jan/2026 21:07:00,RockBLOCK 231709 - Head-03,MO,696bf9127c3aaf047c1e11c97c1df8667cfcfb7c0a4dba7c4809b97c47e2ea7cfd257c0a4ed37c47797f7c4786a67cfcec7c0a4a117c4793da7c476b1b7cfcfe7c0a50767c47e0917c47f6b47cfd047c0a51ac7c47fe997c47f4937cfd1d7c0a535a7c4861c47c4872887cfcd77c0a55dc7c48c2887c489d8c7cfcd37c0a57db7c48b9867c48d9e37cfce67c0a5af27c48bdc17c48e9437cfd127c0a5c4e7c48d7547c48fb707cfd167c0a61267c48d4d57c491bb77cfcf57c0a65a87c23fe1f7c2422497cfd4a7c0a4e4d7c28fcfc7c29121a7cfcf87c0a4d927c2d367a7c2d395f7cfcb77c0a4d7c7c32b4b87c32c6d87cfd3d7c0a4d2e7c382a6e7c3822b27cfcfa7c0a4d4d7c402fb47c4019d77cfcdd7c0a4d097c44e3097c44e7f47cfcf17c0a4ebc7c4731847c47300d7cfcf07c0a4e517c47f5257c4806457cfd147c0a4e8e7c481e297c4819897cfd227c0a4ef57c47,"-75.02788333333334,0.0",,340,7
18/Jan/2026 20:56:42,RockBLOCK 231708 - Head-02,MO,696bf6f935e3d81bbbb0fd2c0a4dca42677ffd030a4e0d3f2092fcd40a4ab23ec913fcb90a4d823ecd86fcb70a52a13f1cb7fcdb0a52e53fa127fd110a53bf3fcfc7fcc10a66bc3fea20fcb90a36433ffdd6fcb50a6541405e14fcb30a60f24063cafcd40a644121320cfd020a4db1245e02fd210a4da7283506fc9f0a4d562ce2a6fcd10a4cc031b245fcd90a4cb9390afbfcb40a4cf83cdb95fcdd0a4ca23ed514fccc0a4d803f9cc5fcca0a4d673fb756fcc00a45003f9fd0fcd10a4eae3f702cfca70a53fb3f4965fcc70a55d41a66,"-74.99325,0.0",,209,5
18/Jan/2026 20:00:44,RockBLOCK 231709 - Head-03,MO,f2ba7c47f2277cfd107c0a4d8f7c47c0c97c47e5a77cfd077c0a4eda7c47933a7c47b0997cfcff7c0a4efd7c25a5567c25c0b17cfcfd7c0a4cdc7c26e9987c26f0f37cfd237c0a4be57c2778277c27517f7cfd177c0a4c667c27f71b7c27e4507cfd037c0a4c897c2a00f67c2a108f7cfd437c0a4c637c2c95967c2c9d8d7cfd1f7c0a4cce7c2ea2727c2eaf2f7cfd507c0a4c517c30e3247c30ddfa7cfce67c0a4cd37c3432017c3448ca7cfd0a7c0a4b8b7c3729e47c3713c37cfd3f7c0a4bdb7c1a9b,"-74.99325,0.0",,196,4
18/Jan/2026 20:00:36,RockBLOCK 231709 - Head-03,MO,696be9847c3d7afa7c1d14167c1cfb627cfd007c0a4cca7c4805347c47de577cfd397c0a4dc67c4778267c4785517cfcfd7c0a490a7c4793f27c476b3c7cfd0a7c0a4f687c47e5897c47fbd17cfd0c7c0a509f7c4804a97c47fadb7cfd277c0a52497c4865c87c4876977cfce27c0a54d17c48c3f07c489edf7cfce27c0a56c87c48baa07c48daeb7cfcf07c0a59ea7c48be677c48e9e07cfd1e7c0a5b3d7c48d7b97c48fbd47cfd197c0a60177c48d5287c491c0b7cfcfd7c0a64967c2435e47c245bad7cfd4e7c0a4d3d7c28fb667c29102b7cfcf77c0a4c7d7c2d318c7c2d34787cfcbf7c0a4c687c32b44b7c32c6677cfd497c0a4c167c382bb27c3824057cfd007c0a4c317c4031997c401bba7cfce67c0a4bee7c44e47d7c44e95c7cfcfd7c0a4d9b7c47325c7c4730da7cfcf37c0a4d367c47f5897c4806a27cfd187c0a4d727c481e607c4819a77cfd337c0a4ddb7c47,"-75.02785,-0.13871666666666668",,340,7
18/Jan/2026 18:46:12,RockBLOCK 231709 - Head-03,MO,2c97bffd180a4bbf2e9f962eac47fd480a4b4430e17430dc4ffce40a4bc23431d83448b1fd020a4a79372a95371481fd3b0a4acb1aac,"-75.19663333333334,2.526116666666667",,54,2
18/Jan/2026 18:46:02,RockBLOCK 231709 - Head-03,MO,696bd7ca3d15351c43ed1c2ae3fd000a4bbf48081747e153fd2b0a4caa4778c84785edfcf50a47fa479427476b7bfd000a4e4c47e28b47f8abfd070a4f864800ff47f703fd280a51314863c9487487fce40a53b348c351489e48fcdd0a55ae48ba3348da84fce80a58d548be2248e9a1fd220a5a2448d79848fbb5fd180a5ef748d514491beefcf50a637b2493a924ba95fd4f0a4c2828f5ee290a64fcf70a4b642d2bf92d2f07fcbf0a4b4c32b3d032c5e6fd440a4afe382d2a38257cfcff0a4b1e4033ae401dc3fce20a4ada44e60844eaedfcfd0a4c8147333d4731bcfcee0a4c2547f5e948070bfd150a4c64481e5c4819bafd370a4cc847f29e47f212fd0b0a4c7e47c0ae47e57ffd050a4dc647931047b07cfcf90a4de925cc3c25e79bfcf40a4bc926e97f26f0e6fd1f0a4ad22769c527432bfd0a0a4b5527ea4527d754fcff0a4b7a29f7832a0739fd3c0a4b522c8fcb,"-75.02788333333334,0.0",,340,7
18/Jan/2026 18:45:04,RockBLOCK 231709 - Head-03,MO,,"-75.10636666666667,0.13940000000000002",,0,1
18/Jan/2026 17:49:43,RockBLOCK 231710 - Head-04,MO,2a3c7c3b1c617c63b35c7cfce57c41fd837c4222547c63b7a57cfcef7c47dd947c48082a7c63b4697cfcfa7c1ad8,"-75.02785,0.13871666666666668",,46,1
18/Jan/2026 17:49:34,RockBLOCK 231710 - Head-04,MO,696bc9227c4088937c3235697c3227917c63d22e7cfd227c3bb0e17c3bab027c63c86e7cfcf77c47a36c7c478f7a7c63c0497cfd077c47deec7c47dac17c63c5447cfd117c478ee17c479a4f7c63b7787cfcf77c476e697c47793c7c63c9077cfce07c47d80d7c47d0ca7c63bb967cfd207c4816877c480fa67c63bba57cfcaf7c486de97c4859817c63bdae7cfcec7c48b0327c488de97c63bc517cfcd37c48dc487c48be3f7c63b9fb7cfccf7c48da027c48fa6b7c63b7ce7cfcbd7c490bc97c490b3f7c63bb457cfce07c48fdad7c491e6c7c63bd6f7cfcd57c48f5ec7c4907fc7c63c0e57cfcf67c48c8657c49000c7c63a9b27cfcbb7c48cc9e7c48c0557c63bc517cfd307c487d727c4879017c63b09b7cfd2d7c4827d17c4816377c63b6267cfcee7c4810c07c480f267c63be5d7cfce97c32d7e77c32c8477c63c00e7cfcf57c36632b7c366bd27c63cd847cfcf57c3b,"-75.02785,0.13871666666666668",,340,7
18/Jan/2026 16:57:07,RockBLOCK 231708 - Head-02,MO,696bbed07c403c6b7c1a69047cfd487c0a4a4d7c426d7d7cfd137c0a4a4d7c3f25c47cfce57c0a47497c3ece977cfcd37c0a49da7c3ed3a37cfcd17c0a4ed27c3f23437cfcec7c0a4f017c3fa8317cfd257c0a4ffe7c3fd7027cfcdc7c0a638b7c3ff19e7cfcd37c0a33b07c4005797cfcd37c0a61ca7c4066177cfcd97c0a5d2c7c406bd37cfce07c0a60797c2220b27cfd157c0a4a017c243ef17cfd337c0a49f87c282ccf7cfcb67c0a49a87c2ce9467cfcee7c0a49117c31be767cfceb7c0a49057c3919cd7cfcd77c0a49437c3ce9517cfce77c0a48ea7c3ee1087cfce47c0a49ca7c3fa7667cfcea7c0a49ad7c3fc1207cfcd07c0a41647c3fa9137cfce57c0a4aec7c3f79387cfcc17c0a4fd37c3f52657cfcdb7c0a52837c1ae9,"-74.99325,0.0",,286,6
18/Jan/2026 16:45:15,RockBLOCK 231709 - Head-03,MO,2c8d0dfd130a49f52e9a7c2ea716fd440a497a30de4d30d915fcde0a49fb343179344849fd060a48af372ba437158efd390a49031aa3,"-75.07176666666666,0.0",,54,2
18/Jan/2026 16:45:03,RockBLOCK 231709 - Head-03,MO,696bbbaa3d2aa21c26551c0ce0fcfa0a49ee48079d47e0e4fd270a4ae24778944785c8fcf00a46444794bd476c07fd0a0a4c8147e20047f804fd040a4dbb47fe2c47f42cfd240a4f65486156487214fce50a51e848c2a0489d98fcdc0a53de48b9cf48da22fcef0a570d48bdeb48e968fd210a585748d77348fb92fd190a5d2648d4f4491bdafcf70a61aa25622c2588cafd4d0a4a6628e44728f851fced0a499c2d230e2d2644fcbf0a498a32b2f032c516fd400a493c382f633827b0fd010a49524036e640210cfce20a491244e87e44ed52fcf70a4aae473484473319fcf10a4a5747f6894807a6fd170a4a92481e8b4819e2fd290a4af947f28147f1f4fd110a4ab047c07447e54afd060a4bfa4792e247b03ffcff0a4c1f25fa562615bcfd000a49f926dcbf26e434fd220a4903274a5f2723cbfd130a498a27d33827c005fcfe0a49ab29e65429f64efd3c0a49842c851c,"-75.06253333333333,0.0",,340,7
18/Jan/2026 15:00:06,RockBLOCK 231710 - Head-04,MO,696ba34e43d8253221f832140f63d24afd353b99763b938c63c883fd0a47a2b8478ed263c061fd1c47e04447dc2863c567fd2c479217479d8063b790fd094776a947818d63c930fcf047ded147d79e63bbb4fd3c481c4048157863bbcafccb486f7c485b0f63bddafcfc48b119488ed863bc6dfce648dd0448bf0563ba21fcea48da8748fae863b7f1fccb490c29490b9a63bb63fcf148fdfd491ec363bd8dfce848f64549085363c10bfd0048c8d549007563a9c6fcd848cceb48c0ac63bc69fd49487dce48795a63b0b3fd4548283f4816b363b644fd00481114480f7e63be83fcfc32d9f832ca5863c02ffd1136677f36701d63cda7fd0d3b2fd33b21ef63b377fd0142029442275163b7c4fd0347debf48094f63b488fd141b40,"-74.81751666666666,-3.559266666666667",,284,6
18/Jan/2026 14:53:35,RockBLOCK 231708 - Head-02,MO,696ba1e541bad01b1981fd400a497f426b27fd110a49ae3f22e1fce70a46cb3ecbdcfcc80a493c3ed15dfcc90a4e223f2149fcf40a4e373fa665fd2e0a4f5a3fd575fcd70a62df3ff020fcc80a3366400408fcc00a6124406489fcd00a5c82406a9dfce40a5fcf229b4cfd120a494224282afd330a494728263ffcb00a48f72ce943fce80a486231c0b3fcee0a4856391ca8fccf0a48943ceb41fcf00a483d3ee1f7fcde0a491f3fa7aafce00a49043fc0f1fcd00a40c03fa8aefcdf0a4a483f789bfcb60a4ed73f51c1fcdd0a52051af2,"-74.95446666666666,-1.38035",,209,5
18/Jan/2026 14:45:08,RockBLOCK 231709 - Head-03,MO,2c8290fd170a49712e955c2ea1d6fd4c0a48f430db1030d5d4fce00a49753431233447eafd040a482d372caa371694fd320a487d1aac,"-75.07026666666667,0.8343333333333334",,54,2
18/Jan/2026 14:44:55,RockBLOCK 231709 - Head-03,MO,696b9f8a3cfd1a1cd4fb1cbab9fd000a49334809bd47e307fd2a0a4a584779cc4786f1fcf30a45cc479554476c90fd000a4bfd47df9447f598fd0a0a4d3147fa0a47f00bfd200a4edc485e18486ec2fce00a515c48c15f489c57fcd70a535c48b8df48d93bfcf00a568f48bd6548e8d9fd250a57d148d73048fb42fd150a5c9b48d4b7491b94fcfb0a6120266aa8268decfd4d0a49d828cbf328dfeefcf20a49162d1bc62d1f1dfcb50a490a32b2d332c4f6fd410a48b73831ff382a43fcfe0a48cf403a39402455fce10a489344eae844efbcfcfd0a4a224735ea47346afcf20a49d347f716480832fd1e0a4a12481ea24819fafd300a4a7d47f25b47f1d1fd0c0a4a2f47c03747e508fd060a4b7c47929e47affcfcfb0a4b9b2616be2631eefcf60a496c26c61326cd90fd180a488027287f2701e7fd080a490627bd6427a9eefcfd0a492b29d55229e588fd410a49062c7ab2,"-75.07026666666667,0.8343333333333334",,340,7
18/Jan/2026 13:00:06,RockBLOCK 231710 - Head-04,MO,696b872e437e2532301f32223963d242fd343baf983ba9a363c87efd0247aec8479abc63c05cfd1a47da6647d64763c55afd25478b7c4796f263b786fd0b4777de4782a763c91bfced47e49c47dd4463bbacfd2f4820d04819e463bbbffcc44871b3485d4f63bdccfd0048b29048904363bc6cfcdc48dd5748bf5263ba18fce648dafd48fb5563b7eefcd2490c20490b9b63bb64fcee48fe10491ece63bd7dfce948f64149085963c0fbfd0048c8d549007163a9c3fcd848cce648c0a563bc64fd46487dd248795463b0b6fd4148283d4816a863b633fcfb48110e480f8563be74fcfc32dc5a32ccc663c01ffd14366b303673db63cda1fd083b340b3b262c63b378fcfc420633422afd63b7c2fcfd47df82480a0f63b483fd0f1b37,"-75.02785,0.13871666666666668",,284,6
18/Jan/2026 12:53:35,RockBLOCK 231708 - Head-02,MO,696b85c5420f2e1cb225fd440a476a42657dfd160a47aa3f1cf3fce90a44fb3ec61dfcca0a47493ecbdbfcd20a4c1a3f1bddfcf30a4c223fa141fd2b0a4d593fd055fce60a612e3feb19fcca0a32093fff1bfcca0a5f4e405fc5fcd10a5a7e4065d6fce30a5dc922ff90fd170a474024162bfd2e0a475a282115fcbc0a470a2ce816fcea0a466f31c0d1fcf80a4666391c0afcd10a46a53ce976fcea0a464d3edebafce90a47353fa3a5fcee0a47153fbc5ffcd10a3ee03fa3f3fcf20a48553f73ddfcbf0a4cb13f4d06fcec0a504b1ae9,"-75.02785,0.13871666666666668",,209,5
18/Jan/2026 12:46:14,RockBLOCK 231709 - Head-03,MO,f2487c47f1b97cfd247c0a481b7c47c00e7c47e4d67cfd157c0a495f7c4792707c47afd07cfd067c0a497d7c262cc07c2648287cfd067c0a474d7c26af737c26b6f87cfd2e7c0a46707c2712107c26eb707cfd1d7c0a46f77c27af857c279bef7cfd107c0a471b7c29cbb27c29dbf67cfd4d7c0a46f37c2c74f47c2c7ccc7cfd2a7c0a475c7c2e926b7c2e9efa7cfd587c0a46e37c30d9b57c30d47d7cfcee7c0a475f7c3431d07c34488b7cfd0d7c0a461c7c372e8a7c3718837cfd437c0a46697c1ab5,"-75.07176666666666,0.0",,196,4
18/Jan/2026 12:46:02,RockBLOCK 231709 - Head-03,MO,696b836a7c3e0e887c1e35087c1e18f47cfd097c0a46f47c4802db7c47dc237cfd397c0a483e7c4777be7c4784fc7cfd017c0a43c67c47963e7c476d857cfd0e7c0a49e17c47e8ee7c47ff1a7cfd127c0a4b187c4807817c47fd977cfd307c0a4cc27c48677d7c48783d7cfcf17c0a4f437c48c4f97c489fe47cfcec7c0a513d7c48bb387c48db8b7cfcfa7c0a54767c48bec97c48ea487cfd267c0a55b67c48d7e27c48fbf77cfd277c0a5a7d7c48d5537c491c3a7cfd057c0a5efc7c2790427c27ac5e7cfd587c0a47b47c28b2f97c28c71b7cfd067c0a46fc7c2d17957c2d1b077cfcd07c0a46ec7c32b4847c32c6b57cfd4a7c0a46967c3835777c382dc57cfd0b7c0a46b17c403dcc7c4027f07cfcef7c0a466d7c44ed667c44f2377cfd017c0a47f27c4737447c4735c97cfcfe7c0a47b57c47f7bb7c4808d27cfd267c0a47f37c481ec67c481a187cfd497c0a485f7c47,"-75.07176666666666,0.0",,340,7
18/Jan/2026 12:45:03,RockBLOCK 231709 - Head-03,MO,,"-75.02788333333334,0.0",,0,1
18/Jan/2026 11:00:35,RockBLOCK 231710 - Head-04,MO,38407c3b2a607c63b35d7cfcf27c4209bc7c422e817c63b7b17cfcf07c47e01f7c480ab97c63b47c7cfd0e7c1b15,"-75.02788333333334,0.0",,46,1
18/Jan/2026 11:00:31,RockBLOCK 231710 - Head-04,MO,696b6b247c4223407c3246ca7c3238eb7c63d23b7cfd207c3bce9f7c3bc8af7c63c87f7cfcfa7c47bd0c7c47a9137c63c0537cfd087c47d6ba7c47d28a7c63c5517cfd197c478bb87c4797267c63b7817cfcfe7c4788987c4793827c63c91c7cfce47c47f68b7c47ef557c63bb9f7cfd287c4831d27c482aee7c63bbba7cfcb67c4876797c4862137c63bdc97cfcf77c48b7587c48950b7c63bc657cfcd97c48dec07c48c0b87c63ba007cfce47c48dbf97c48fc567c63b7e37cfcc07c490c817c490bf67c63bb637cfce17c48fe257c491ee67c63bd7d7cfcdf7c48f62f7c49083b7c63c0f47cfcf57c48c8a77c4900547c63a9be7cfcc47c48cccb7c48c0907c63bc537cfd3e7c487db67c4879407c63b0a77cfd377c4828247c4816907c63b6387cfcf37c4810f37c480f647c63be687cfcf37c32df2c7c32cf927c63c01d7cfd087c366f017c3677ae7c63cd937cfd037c3b,"-75.02788333333334,0.0",,340,7
18/Jan/2026 10:54:01,RockBLOCK 231708 - Head-02,MO,696b69ba7c41a8537c1fa2667cfd497c0a46957c425bd67cfd187c0a47117c3f136f7cfcea7c0a44817c3ebcd07cfcd37c0a46b57c3ec2d37cfcd67c0a4b6d7c3f13047cfcf37c0a4b657c3f98957cfd327c0a4cb97c3fc7d47cfcdf7c0a60907c3fe2aa7cfcd47c0a31ce7c3ff6d97cfcc87c0a5eb37c4057857cfcd67c0a59d57c405d987cfce77c0a5d247c23364d7cfd1b7c0a467f7c2409087cfd387c0a46a07c281c077cfcb37c0a46557c2ce51e7cfced7c0a45c07c31be647cfcf97c0a45b57c3918057cfcd37c0a45f57c3ce3887cfcf97c0a45987c3ed7897cfcde7c0a467e7c3f9b687cfce57c0a465d7c3fb3c37cfcd27c0a3e2f7c3f9b0a7cfcef7c0a479e7c3f6aed7cfcc67c0a4bac7c3f442f7cfce97c0a4fbd7c1ae0,"-75.02788333333334,0.0",,286,6
18/Jan/2026 10:21:33,RockBLOCK 231709 - Head-03,MO,2e9d91fd420a465530d9a130d468fcd70a46d3343374344a41fd030a4583373175371b6dfd2a0a45db1a78,"-75.02785,0.13871666666666668",,43,1
18/Jan/2026 10:21:21,RockBLOCK 231709 - Head-03,MO,696b61a63ba7854803c047dd09fd260a47b847786f4785a2fcec0a435a4796c3476e0bfcfb0a495c47e7de47fe0cfcfe0a4a944805de47fbf5fd1a0a4c3b4866ea4877abfcd80a4eb948c4d3489fddfcd40a50b548bb5548dba5fce90a53f648bed048ea4afd100a553248d7fb48fc11fd0e0a59f448d561491c43fcf10a5e7728b0f528c108fd550a470d28994d28add0fcf10a46712d16312d19adfcba0a466332b8b032cad6fd3e0a460e383aa23832eafcfa0a462c404230402c4afcdb0a45e844f05344f526fcf40a47644738d6473754fcf10a473247f852480979fd110a476a481ed8481a26fd2c0a47d647f20a47f185fd100a478747bfb247e481fd020a48d147920c47af71fcf30a48f4263154264cedfcf40a46ae269690269e17fd190a45dd2705dd26df4afd0a0a466727a7a9279432fcf70a468529c6fb29d73bfd350a465e2c72b52c7a97fd110a46cc2e90f6,"-75.02785,0.13871666666666668",,340,7
18/Jan/2026 09:25:12,RockBLOCK 231708 - Head-02,MO,696b54aa7c4104f87c223a277cfd477c0a467a7c4254197cfd117c0a471e7c3f0b3d7cfce17c0a44ab7c3eb4d77cfccc7c0a46ce7c3ebb337cfccc7c0a4b767c3f0b9a7cfce57c0a4b5a7c3f91237cfd237c0a4cc67c3fc07b7cfcd47c0a60807c3fdb737cfcc77c0a32087c3fef9a7cfcc17c0a5eb77c4050547cfccc7c0a59e57c4056807cfcda7c0a5d337c23372a7cfd117c0a46887c2400a47cfd317c0a46c77c2817c87cfcb17c0a46727c2ce2917cfceb7c0a45e07c31bc297cfcf57c0a45d37c3914a47cfcc57c0a460d7c3cdef27cfced7c0a45bc7c3ed1d17cfcda7c0a469e7c3f95357cfcdf7c0a46857c3fad2c7cfcca7c0a3e547c3f944b7cfcf37c0a47c37c3f64357cfcbe7c0a4b917c3f3d617cfce37c0a4ff67c1b0c,"-75.02788333333334,0.0",,286,6
18/Jan/2026 05:08:06,RockBLOCK 231710 - Head-04,MO,696b188e3e70ab32437232359963d21cfd033bcf7e3bc99863c854fcdb47b066479c7d63c02dfcf147d96447d53d63c530fcff47965c47a1c463b76afcdb47879447928263c8f9fcbe47f16647ea2b63bb8afd06482be748252263bb99fca44875204860c063bd99fcd348b66748941a63bc3afcb848ddf248bfeb63b9e8fcc648dc0748fc5d63b7b6fcaf490c49490bbf63bb3dfcc348fe41491ef363bd5cfcc748f62649083663c0dafcd648c8bc49005c63a99dfca448ccc448c09363bc40fd24487db548793f63b080fd184828374816a663b615fcd74810eb480f5c63be49fccb32e6e932d75163bff7fce73679f13682b163cd72fce23b44cf3b36ed63b337fcd542146142393563b796fcdb47e232480cc563b457fce91afa,"-75.02785,-0.13871666666666668",,284,6
18/Jan/2026 04:21:27,RockBLOCK 231709 - Head-03,MO,2e9df1fd3f0a47a130dbd530d6c4fcc50a482634384e344f28fcd70a46d537396337236dfd1d0a472c1a89,"-74.9912,0.9686666666666667",,43,1
18/Jan/2026 04:21:17,RockBLOCK 231709 - Head-03,MO,696b0d4639b8d547faf447d412fd1d0a491347875447945efccf0a450947b75c478f28fcf10a4ab44810d34827c0fcf80a4bef482583481bfdfcf40a4d96487677488721fccd0a500e48c9ca48a4b8fcd20a520b48bfae48dfecfce70a555048c1d148ed22fd110a568948d9c948fdbefd0c0a5b4448d724491e15fcec0a5fca28965a289304fd410a480a28780b288d67fcd80a47c72d15b12d18fdfcae0a47b232c52632d770fd330a475e3848933840eafcdc0a4777404d93403798fcd30a473844f7c644fc89fcea0a4891473ca1473b31fcda0a488347f9fa480b08fd0e0a48bf481f12481a5efd1c0a492847f17a47f100fcf60a48df47bed947e3bffcea0a4a2947913a47ae9efcee0a4a4825d86b25f46afce40a47e9267cc4268435fcfc0a47302719bf26f36afcf60a47b727a6d7279445fceb0a47d629c7d529d76ffd0d0a47b12c75e92c7df6fd020a481e2e9131,"-74.89456666666666,3.027233333333333",,340,7
17/Jan/2026 23:08:14,RockBLOCK 231710 - Head-04,MO,696ac42e3e60da322bbc321ddc63d21bfd0d3bb5653baf7963c854fce247b53a47a14263c02bfcee47dbb547d79563c537fcf6478cf347986163b75dfcdb4780ac478b9463c8effccc47f04f47e91663bb81fd0a482e0f48273f63bba0fc9848762e4861ba63bda8fcd748b72b4894f363bc40fcba48de7b48c07c63b9e6fcc048dc3448fc8e63b7c1fca3490c6d490bdb63bb34fcc448fe37491ef163bd59fcc748f62f49083863c0d6fcd148c8c549005c63a995fca448ccce48c09463bc3efd1f487dbb48794263b086fd174828344816a363b614fccf4810eb480f6463be49fccf32edff32de5f63c003fcea3684d1368d7f63cd73fcdc3b51b93b43d363b347fcd4421f8942445963b793fcd747e456480edd63b45dfcf11b2f,"-75.02788333333334,0.0",,284,6
17/Jan/2026 22:21:30,RockBLOCK 231709 - Head-03,MO,2e9796fd370a4efa30d84130d33dfcdc0a4f7634396c345063fcf20a4e2c373e6c372874fd270a4e7a1aa3,"-75.0716,0.2781166666666667",,43,1
17/Jan/2026 22:21:17,RockBLOCK 231709 - Head-03,MO,696ab8e63aaac147f7f547d0eafd1c0a507f4779954786c3fce80a4ca3479f114776a3fcf10a522147f722480de3fcfc0a535c481335480989fd170a5505486d7e487e49fcd10a577c48c6ec48a1ebfcce0a597b48bd0948dd49fce30a5cbd48bff248eb67fd0a0a5e0148d8a448fcb1fd0b0a62b548d606491ce9fcef0a673c258bd6259dc0fd490a4f9c286ba328803ffce30a4f322d07fa2d0b85fcaf0a4f1632ca4532dc94fd2e0a4ec73852b4384af8fcf10a4ee14057db4041eefcd30a4e9f44fed94503abfce50a4fdd474075473eeffce50a4fe647fb74480c98fd020a5027481f35481a85fd1d0a508d47f0f247f061fcfd0a504247be0347e2d8fcf50a518b47906347adc2fcee0a51a9259ee925baa8fcee0a4f65268816268f9cfd130a4e8b27114726eb34fcff0a4f0e2784c627727cfcee0a4f3029b23829c1b0fd350a4f092c6bbc2c73b5fd080a4f732e8acd,"-75.0716,0.2781166666666667",,340,7
17/Jan/2026 17:08:06,RockBLOCK 231710 - Head-04,MO,696a6fce412c053235963227a863d233fd223bc83c3bc25c63c870fcf347be7a47aa7063c04bfd0a47d6d247d2a563c54cfd1347925d479dd363b77efcff4793c3479e8763c913fcda48025547fafd63bba0fd29483d4248365263bbb6fcbe487aae48664463bdbcfcf448ba174897c863bc5efcda48dfaa48c1aa63ba06fcd948dd3148fd9363b7d1fcc7490ca3490c1763bb47fce248fe4f491f0763bd70fce148f64749085b63c0ddfce948c8d549007d63a9b2fcc748cce748c0aa63bc4efd38487dd948796463b09ffd3248284c4816b863b626fcf1481105480f7c63be52fcec32f4b132e51763c019fd07368f5a36981763cd8efcfc3b5e9b3b50be63b357fcf0422ae6424fb663b7adfcf947e68748111b63b46efd021b63,"-75.02788333333334,0.0",,284,6
17/Jan/2026 16:21:27,RockBLOCK 231709 - Head-03,MO,2e8994fd430a54c630ce9030c982fcd60a5544343774344e61fcfc0a53f63740f3372af6fd340a54471aac,"-75.02788333333334,0.0",,43,1
17/Jan/2026 16:21:17,RockBLOCK 231709 - Head-03,MO,696a64863c354547fa2947d35cfd2b0a564e477a17478733fcf50a52c1479edb47761efcf60a57ed47f655480c9ffd060a592b4812a44808c6fd200a5ace486d97487e4dfcde0a5d4348c6ec48a1d9fcda0a5f4048bd1048dd50fce80a628348bff348eb66fd160a63cd48d8b048fcb4fd130a687748d601491ce3fcf00a6d0526070426262dfd450a55a1281f262832d6fcf60a54f12cf33b2cf72ffcb90a54dc32ca1632dc73fd3b0a548a3859ff385246fcf80a54aa406174404b87fce20a546b4505ca450a96fcf70a55904744264742a3fcec0a55b547fd03480e15fd170a55f1481f49481aabfd240a565647f06047efd6fd0c0a560e47bd3547e20dfcf50a5757478f8c47acf0fcf80a577525e89d260453fcf40a554426553e265cf1fd130a545226aec32688ebfd080a54e02738e3272614fcf70a54fb2984ce2994d0fd3b0a54d92c50f92c58eefd170a553f2e7ced,"-75.02788333333334,0.0",,340,7
17/Jan/2026 11:08:50,RockBLOCK 231710 - Head-04,MO,6c297c3b5e457c63b36b7cfcf07c4236397c425b0b7c63b7b77cfcfd7c47e89e7c4813377c63b4797cfd0a7c1b15,"-75.02788333333334,0.0",,46,1
17/Jan/2026 11:08:38,RockBLOCK 231710 - Head-04,MO,696a1b8d7c41ecf97c32334a7c32256e7c63d2367cfd2d7c3bc95d7c3bc3787c63c8837cfcfd7c47bdde7c47a9e57c63c0557cfd137c47db917c47d7717c63c55b7cfd207c478da67c47991a7c63b7877cfcf97c478c277c4797017c63c9167cfce47c47fb017c47f3be7c63bbac7cfd2d7c4837c87c4830ea7c63bbbf7cfcbb7c4878d87c48646a7c63bdcb7cfcfa7c48b96a7c48971b7c63bc647cfcdf7c48df397c48c12a7c63ba057cfcdb7c48dcb77c48fd117c63b7e07cfcbf7c490ca17c490c107c63bb567cfce37c48fe477c491f017c63bd777cfcec7c48f64a7c4908507c63c0f77cfce87c48c8ca7c49006b7c63a9b87cfcc57c48ccea7c48c0a87c63bc597cfd427c487dd97c4879687c63b0a97cfd387c4828397c4816ab7c63b63a7cfcf57c48110e7c480f7d7c63be5f7cfcef7c32fdb57c32ee1f7c63c02c7cfd077c369b9b7c36a45d7c63cd9f7cfcfe7c3b,"-75.02788333333334,0.0",,340,7
17/Jan/2026 10:21:34,RockBLOCK 231709 - Head-03,MO,2e801ffd460a594530c82a30c31efcde0a59c23437c9344eb8fcfd0a587637454d372f62fd2d0a58c71a9b,"-75.02788333333334,0.0",,43,1
17/Jan/2026 10:21:26,RockBLOCK 231709 - Head-03,MO,696a10253b8de047f6a247cfaffd220a5abe4778894785bbfceb0a5793479f194776a2fcf70a5c6347f8a5480f52fd000a5da8481498480ad6fd290a5f4c486e30487ef8fcd90a61ba48c6ed48a1d5fcda0a63c448bd1848dd5efce70a670148bff548eb62fd170a685548d89f48fcb0fd0e0a6cff48d605491cf8fcf30a718c2894ce289ebcfd520a5a0227ac3427c15bfcee0a59702cee332cf26cfcb70a595c32d17332e3d6fd3a0a59093864ee385d3afcfb0a5922406bd24055e0fcde0a58e2450cd1451198fcf60a59eb4747c7474643fcf30a5a2f47fe75480f7ffd120a5a6b481f5b481abcfd2f0a5ad047efb247ef2bfd130a5a8a47bc4547e119fd000a5bd5478eaf47ac17fcfd0a5bf125d09225ec6dfcfa0a599a25e1ca25e973fd1c0a58d326523a262c59fd060a596027063626f305fcf80a597e29692d29797efd3a0a59562c40812c486dfd130a59be2e7381,"-74.99325,0.0",,340,7
17/Jan/2026 10:09:04,RockBLOCK 231710 - Head-04,MO,6e767c3b60977c63b3687cfcf17c42380b7c425ceb7c63b7b17cfcf37c47e8e97c4813787c63b4717cfd037c1b0c,"-75.02788333333334,0.0",,46,1
17/Jan/2026 10:08:46,RockBLOCK 231710 - Head-04,MO,696a0d867c420ac57c3232477c3224617c63d22f7cfd297c3bc7b37c3bc1c57c63c87e7cfcf97c47c0ad7c47acaf7c63c0547cfd137c47d9b77c47d59b7c63c54d7cfd1d7c478d7d7c4798f17c63b7797cfcf77c4791407c479c037c63c90f7cfce27c48025a7c47fafa7c63bb9d7cfd2b7c483e497c4837627c63bbba7cfcc17c487b1b7c4866b97c63bdbf7cfcf47c48babf7c48987b7c63bc5e7cfcd47c48dfc37c48c1c47c63ba087cfcdc7c48dd347c48fd857c63b7d57cfcc57c490ca07c490c177c63bb517cfcde7c48fe327c491ef97c63bd7c7cfcd77c48f6257c4908327c63c0f07cfcee7c48c89b7c4900447c63a9b97cfcc47c48cccd7c48c0837c63bc587cfd3a7c487daf7c4879307c63b0a47cfd2f7c4828027c4816777c63b62c7cfcee7c4810e97c480f587c63be607cfcf37c32ff7d7c32efe27c63c0217cfd097c369dcc7c36a68d7c63cd927cfcf37c3b,"-75.02788333333334,0.0",,340,7
17/Jan/2026 09:39:11,RockBLOCK 231710 - Head-04,MO,696a0692427b67322e913220ac63d23afd373bc3253bbd4063c884fd0347bb5f47a74c63c05cfd1d47db8c47d75d63c562fd20478d0647987363b794fd084789214793eb63c923fceb47fa1747f2b963bbb6fd3c4837d04830dc63bbcafcc94879574864e363bdcefcfe48b95b4896fe63bc70fce748df8848c18863ba1cfce648dd0848fd6163b7e4fcd3490cae490c2663bb56fceb48fe65491f1f63bd80fce748f66149086b63c102fcfe48c8ea49008c63a9cbfcce48ccfa48c0c563bc5efd49487de348797263b0b1fd4448285b4816d463b63cfd0448111f480f9963be73fcfc33009a32f0fa63c02cfd10369f1e36a7d863cda2fd0a3b6fc93b61f163b370fd00423925425e0363b7bbfd0047e9374813c963b483fd181b37,"-75.02788333333334,0.0",,284,6
17/Jan/2026 04:21:28,RockBLOCK 231709 - Head-03,MO,2e8078fd380a5d3730c95c30c47afcc60a5db3343b75345285fcf20a5c69374c843736a7fd190a5cba1a9b,"-74.99221666666666,0.6919333333333333",,43,1
17/Jan/2026 04:21:17,RockBLOCK 231709 - Head-03,MO,6969bbc639c5fe47fb2847d404fd1b0a5eb747775e47848dfce10a5bf0479afd4772a9fcf70a605f47f1ec4808c3fcfb0a619c480e744804d9fd130a6344486a6a487b32fcc50a65b448c55d48a05bfccf0a67b748bbde48dc2bfce50a6afa48bf2948eaa4fd100a6c5548d82948fc34fcfd0a70f448d5a3491c82fce90a7586278c7e27853afd440a5d9327731f2789dcfcd30a5d6c2cf6592cfa6cfca60a5d4a32e04d32f2b4fd2e0a5cfa387396386bddfceb0a5d1140771f40611cfcd10a5cce4513ea4518b3fce70a5dbe474b4b4749c4fcda0a5e1d47ffbc4810d5fd020a5e60481f47481aa4fd2a0a5ec547eef947ee68fcf70a5e7c47bb4c47e026fcfa0a5fc6478db847ab18fcea0a5fe6251db3253986fcf40a5d8325a16425a8effd0d0a5cce2656812630a8fd010a5d5427050c26f2abfcee0a5d71296f07297eacfd340a5d4b2c44cc2c4cd0fd0c0a5db42e739f,"-74.99288333333334,0.4151666666666667",,340,7
17/Jan/2026 03:39:14,RockBLOCK 231710 - Head-04,MO,6969b2323e73883226e23218e963d22bfd143bbe1b3bb81d63c863fce847ab6147975863c03bfcfa47e1c147dda663c546fd00478fe3479b5b63b770fcee477454477f2063c905fcd847e15447da0363bba1fd23482186481aa163bbbffcb048723d485dcf63bdc3fcdf48b3da48919063bc4afcc148dd6948bf5563b9f0fcca48db6348fbc163b7cefcad490c1f490b9163bb4ffcca48fe13491ecd63bd64fcce48f62c49083b63c0dcfcda48c8c449006263a9affcae48cccc48c09963bc44fd22487dbb48794b63b094fd1d4828314816a463b61dfcdd4810fa480f6563be56fcd8330bf532fc5f63c02efcfc36acf036b5b663cda5fcef3b7e2e3b704f63b36bfce34244b042698b63b7befceb47eb464815d763b47afd041b15,"-75.02785,0.13871666666666668",,284,6
16/Jan/2026 23:43:33,RockBLOCK 231708 - Head-02,MO,69697b127c3ed1697c315b917cfd417c0a5efc7c4215377cfd167c0a605a7c3ec9087cfce57c0a5fad7c3e781d7cfccc7c0a61407c3e86037cfcd17c0a63cc7c3edb727cfced7c0a61a27c3f65e17cfd277c0a66037c3f97df7cfcdf7c0a71177c3fb4fc7cfcd07c0a4b607c3fcba27cfcce7c0a74cc7c402e387cfcd47c0a730e7c4036a17cfce27c0a76717c20bd887cfd147c0a5fb47c23542c7cfd387c0a5ff17c27f0537cfcbe7c0a5f967c2cf3337cfcea7c0a5efc7c31dda07cfcea7c0a5ef37c3931457cfcd17c0a5f2f7c3ce8d37cfcf07c0a5edf7c3ec8ff7cfcdf7c0a5fd17c3f80177cfce37c0a5fb87c3f909f7cfcd27c0a578b7c3f73bc7cfce67c0a60f47c3f42007cfcb87c0a5da97c3f1af57cfce47c0a6a247c1b15,"-74.98385,-2.0750166666666665",,286,6
16/Jan/2026 22:21:33,RockBLOCK 231709 - Head-03,MO,2e7aaafd430a5ec630c5cf30c0f9fcd20a5f41343c963453b9fcfa0a5df73751b8373bdbfd370a5e471abd,"-75.02788333333334,0.0",,43,1
16/Jan/2026 22:21:22,RockBLOCK 231709 - Head-03,MO,696967663b7f1947fe8447d795fd240a60494775ca4782f3fcf50a5df0479613476d7dfcfc0a61f747ec314802aefd080a6336480ab74800f0fd1e0a64d948690c4879cdfcde0a674448c4bd489facfcd60a694c48bb6b48dbb5fce70a6c8e48bed448ea44fd1b0a6ded48d7fd48fc13fd100a728148d57a491c5bfcf20a77162408672418dcfd470a5f6e275928276fc4fcf00a5f022cf0cb2cf501fcb40a5edb32e75332f9c3fd390a5e89387e47387698fcfe0a5ea1408174406b76fcdd0a5e62451add451f9ffceb0a5f3a474ee0474d4ffcee0a5fae480117481225fd130a5ff0481f4c481aa8fd240a605247ee4647edbdfd0a0a600b47ba6a47df2bfcfd0a6157478cd447aa33fcf50a61782484f724a022fcf60a5f3b2595ac259d28fd160a5e64264c9e262712fd090a5ee626eb4626d934fcfb0a5f01295f4f296edffd3a0a5ed92c3bed2c43fffd150a5f3f2e6dc4,"-75.02771666666666,0.27745",,340,7
16/Jan/2026 21:39:13,RockBLOCK 231710 - Head-04,MO,69695dd240280d32262732184763d233fd253bc30b3bbd2063c874fcf44795fe4781f763c044fd0847ea1247e5f163c553fd1847996f47a4da63b77ffcf8476dc347788663c904fce747d00b47c8c763bba0fd2b481126480a4c63bbbbfcb8486cc748586363bdc0fcf148af3e488cf463bc59fcd348dcae48beaa63ba03fcd748da6948fabd63b7d2fcbf490c0b490b7c63bb4dfcda48fdda491ea163bd73fcde48f63149083e63c0e4fce448c8c349006463a9b9fcbe48ccd148c09363bc4cfd37487dbd48794063b0a4fd3248282d4816a463b62afce94810fe480f7463be65fce83315bd33061c63c026fd0836b9b136c27163cda1fcfd3b8c3a3b7e5463b362fcf242506442753963b7b3fcf647ed5f4817f363b479fd0b1b63,"-75.02788333333334,0.0",,284,6
16/Jan/2026 16:27:52,RockBLOCK 228680 - Head_26-02,MO,6968dbf37c4816177c0535cb7c0532267c7f04e47cfdda7c0f72f17c0535b37c0532207c7f04d87cfde97c0f72ef7c0dc7,"52.978883333333336,9.03145",,49,1
16/Jan/2026 16:21:40,RockBLOCK 231709 - Head-03,MO,b9977c47de6b7cfd2b7c0a5e877c478c107c47a9797cfd217c0a5eaa7c24a1407c24bc297cfd187c0a5c7e7c2568be7c2570547cfd3d7c0a5b957c25fc2d7c25d6ca7cfd297c0a5c1b7c26afb27c269d1b7cfd277c0a5c377c2938a77c2948c77cfd607c0a5c0e7c2c23477c2c2b507cfd3b7c0a5c787c2e60c27c2e6d7d7cfd687c0a5bfb7c30bc797c30b79b7cfcfb7c0a5c757c343b137c34522f7cfd257c0a5b2c7c3754d57c373f147cfd537c0a5b7d7c1ab5,"-75.07173333333333,-0.13906666666666664",,181,4
16/Jan/2026 16:21:29,RockBLOCK 231709 - Head-03,MO,696913097c4108507c4800a67c47d9d27cfd527c0a5d707c4775577c47828f7cfd1a7c0a5b917c47957b7c476cc47cfd267c0a5f1b7c47eaee7c48013b7cfd267c0a605f7c4809c07c47ffce7cfd4a7c0a62047c4868677c4879247cfd017c0a646b7c48c4ca7c489fb47cfd037c0a66717c48bb367c48db7f7cfd107c0a69bb7c48bed37c48ea407cfd3f7c0a6b187c48d7e17c48fbfc7cfd3c7c0a6fa37c48d5697c491c4f7cfd1c7c0a743a7c2410a87c242e9a7cfd707c0a5cf57c270b907c2721f17cfd1f7c0a5c357c2ce3ce7c2ce85c7cfce17c0a5c117c32e90c7c32fb897cfd647c0a5bbb7c3886577c387ea27cfd217c0a5bd67c408b3a7c4075407cfd097c0a5b957c4521c87c4526867cfd207c0a5c5b7c4752797c4750ec7cfd147c0a5ce17c4802867c4813977cfd3b7c0a5d267c481f6d7c481abf7cfd587c0a5d887c47edb77c47ed2a7cfd2f7c0a5d417c47,"-75.06253333333333,0.0",,340,7
16/Jan/2026 16:12:22,RockBLOCK 231708 - Head-02,MO,6969111742e9351c79911c76995d99a6fd393508423f0f4245865de8c6fd0e35213eed713ef4c157e126fcd534d83e9e5c3e9b2457d410fcc236523eae8f3ea75757e48cfcb938723f05da3f07e757d9d3fcdb36473f92523f887857dda2fd173ac43fc52a3faed557dc58fccd45a53fe32c3fc40a57e2e3fcc221f63ffabb3ffeb657db7bfcbc49e2405e3440565b57eb3bfcc447c640673e406d2957d293fcd64b272124082129dd57fc22fd0e34b9232b91232fbf5805a5fd2a34c028000c2823545810b1fca734642d1ad82d383f580273fcde33c4320f5b3213d9580b81fcee33c2396ae7395be3580440fcbd33fa3d22333d339c580a6afce833ac3effce3f2246580153fcca349d3fb4ee3fc5755805bafcd5348b3fc39f3f9dcb5809c9fcc22cd23fa6193f86435805e9fcd535c03f73ae3f6a69581009fd1131873f4c993f59a95800f1fcda3f1a1b74,"-75.02785,-0.13871666666666668",,334,7
16/Jan/2026 16:11:59,RockBLOCK 231709 - Head-03,MO,b99f7c47de707cfd377c0a5e937c478c1d7c47a97a7cfd2e7c0a5eb47c24a1a87c24bc8f7cfd2b7c0a5c887c2566657c256dff7cfd4c7c0a5b9d7c25f95d7c25d40a7cfd3d7c0a5c227c26ae1d7c269b787cfd317c0a5c3f7c2937977c2947b57cfd6d7c0a5c167c2c22947c2c2aa47cfd447c0a5c7d7c2e606b7c2e6d357cfd747c0a5c067c30bc3c7c30b7657cfd0a7c0a5c807c343b157c3452327cfd2f7c0a5b337c3754f77c373f2e7cfd5d7c0a5b877c1ae0,"-75.0625,-0.13906666666666664",,181,4
16/Jan/2026 16:11:50,RockBLOCK 231709 - Head-03,MO,6ad195217c40fb9d7c48090c7c47e2477cfd547c0a5d7d7c47767d7c4783b47cfd237c0a5ba37c47925e7c47699e7cfd2e7c0a5f2b7c47e1cc7c47f7ea7cfd357c0a606f7c48002d7c47f6367cfd4b7c0a62127c48630d7c4873c67cfd067c0a64757c48c3127c489e077cfd067c0a667d7c48ba0a7c48da637cfd177c0a69c67c48be167c48e98f7cfd417c0a6b237c48d7897c48fba47cfd487c0a6fb07c48d52f7c491c0e7cfd2d7c0a74477c241d4a7c243b137cfd847c0a5d007c2708a17c271f0e7cfd247c0a5c3c7c2ce38d7c2ce8207cfcf17c0a5c1f7c32e92f7c32fbac7cfd727c0a5bc77c38869f7c387ee77cfd2f7c0a5be27c408b897c40758f7cfd177c0a5b9e7c45220c7c4526c97cfd2e7c0a5c637c4752a17c4751097cfd247c0a5ceb7c4802987c4813ad7cfd4a7c0a5d2f7c481f687c481ac97cfd5f7c0a5d8e7c47edbe7c47ed347cfd407c0a5d457c47,"-75.0625,-0.13906666666666664",,340,7
16/Jan/2026 15:39:06,RockBLOCK 231710 - Head-04,MO,6969097244afd732306632229063d25efd4e3bd5f93bd00c63c89efd2147a30f478f3463c07afd3847ea8e47e65963c57dfd3d47967d47a1e263b7acfd224768b847739163c934fd0b47d1eb47cab263bbccfd504815c9480efc63bbe5fce7486e474859e063bdf6fd1948b147488f0163bc92fd0248dcc948bec763ba2cfd0748dab448fb0b63b803fcf3490c2d490ba863bb83fd0a48fe17491ee063bda8fd0b48f66349086a63c121fd1248c8ee49009c63a9e9fcee48cd0948c0cb63bc80fd6c487ded48797563b0d3fd604828624816cb63b65afd1848112d480f9b63be8afd16331f31330f9463c04bfd3036c66536cf2463cdc9fd293b9a613b8c7863b38afd10425c5642813263b7dffd2047efb5481a4163b4a5fd2c1b6c,"-74.99321666666667,-0.13838333333333336",,284,6
16/Jan/2026 10:54:43,RockBLOCK 228680 - Head_26-02,MO,6968c6db7c481a017c0534537c0530d87c7f04ce7cfde97c0f672b7c0534547c0530d07c7f04e17cfde77c0f67287c0dd0,"53.002716666666664,9.099683333333333",,49,1
16/Jan/2026 10:12:25,RockBLOCK 231708 - Head-02,MO,6968bcb742c28a2319c323155f5d9ba0fd3f3258421f7c4225fd5dcbbdfd1532b43ed0b63ed80357c795fcee32b53e83993e805357ba8ffccf34153e95db3e8eba57cb0afcd335e23eee733ef0a157c067fcee33cc3f7c443f727357c437fd2338563fafe43f997957c2d1fcde42f53fce763faf7657c977fcd520e83fe6b23feab157c204fccf47bb404ab64042f257d1c5fcc4454d40545d405a6757b92afcda48b4219199218cc057e25cfd1c322622f9c022fee657ebe2fd2d325d27f3f528174757f6eafcae32022d15c52d332357e8b5fcef3165320c1932108457f1e4fcf1315e3964e23955db57eaf8fccb319c3d17e23d294657f133fce9314c3ef1dd3f146657e849fcdd32403fa4aa3fb53a57ecaffce532303fb2613f8c3457f087fcc52ae93f93ce3f741657ecdbfcda33643f61633f579657f652fcb62e843f3a1b3f472357e7b4fcdc3cda1b5a,"-75.02785,-0.13871666666666668",,334,7
16/Jan/2026 09:39:08,RockBLOCK 231710 - Head-04,MO,6968b5124195af323d88322fa963d239fd2b3be7133be12463c883fcf647968647827763c04ffd1447edf447e9ca63c559fd1c47a01e47ab8163b781fcfa4764e4476fb663c917fce447c4d947bda763bbb9fd3e48086648018a63bbb2fcbd486a7748561363bdbffcf448ad51488b0d63bc61fcd648dbe148bddd63ba01fcdd48d9e948fa4963b7d6fcc4490bd2490b4a63bb53fce448fdd4491e9263bd81fcdd48f63149084663c0eefcf048c8c649006763a9befcc548ccdb48c0a163bc4ffd38487dba48794c63b0a3fd314828304816a563b62efcf0481104480f7463be67fcea332b23331b8763c028fcff36d48936dd5163cdaafcfd3ba8e73b9aff63b363fcf54267fd428cde63b7c2fcf447f1a5481c3163b47cfd081b2f,"-75.02788333333334,0.0",,284,6
16/Jan/2026 04:12:24,RockBLOCK 231708 - Head-02,MO,696868573cd2053045c53045d95d9bcbfd2e2e1a41f21441f88a5d9e7afd042f473ea7693eaeb2579e99fcdd2f8a3e5cd43e597a57919cfcb530c73e71633e6a2157a22bfcb632503ecb553ecd955797a4fcd630633f5a903f50bc579b73fd0b34e13f8f293f78d8579a2afcc83f7d3fae7d3f8f7257a0c7fcb51f1d3fc7a73fcb9757997ffcbb44b4402c1d40244b57a958fcc341cc40368d403c5e5790bcfcc7453620859e2084ad57b783fd0a2ea522fe1323034357c0fcfd302ef427eac9280e2757cbf6fca42e982d0cc92d2a1d57bd9dfcde2df93200fb32057a57c6c1fce12df239539a39449757bfbcfcb52e2e3d01213d127557c5ddfce42de13ed6eb3ef94d57bcfdfcd42ed63f874d3f97cb57c173fcce2ec73f93a23f6d9e57c561fcbc28053f746b3f54cc57c193fcd42ff93f41d53f382557cb18fcb02a983f1aad3f27a957bc74fcd939801b2f,"-75.02721666666666,0.5549",,334,7
16/Jan/2026 03:39:07,RockBLOCK 231710 - Head-04,MO,696860b23d302b3244f532371563d215fd033bf3903bed9a63c85afcd847b93447a53a63c02cfced47e3db47dfb863c53afcf9478f28479a9063b766fcd6477283477d5363c8f1fcc247e10247d9bc63bb87fd11482318481c2a63bba3fca04872bc485e5463bda4fcc748b4354891e863bc42fcb948ddb248bfb463b9e9fcb948db6c48fbcb63b7b6fca4490c27490b9763bb36fcc248fdfc491ebe63bd51fcbd48f62249082663c0cefccb48c8c449006363a999fc9e48ccc648c08a63bc33fd1d487db148793863b080fd1348281e48169a63b60afcc64810e2480f5463be3bfccb33385b3328c563c015fcee36e35636ec2163cd90fcde3bb7c23ba9da63b348fcd44273b14298a263b7a4fcd647f39a481e3863b465fced1b03,"-75.02785,0.13871666666666668",,284,6
16/Jan/2026 03:04:51,RockBLOCK 231709 - Head-03,MO,374d00fd2d2e131a92,"-75.02785,0.13871666666666668",,9,1
16/Jan/2026 03:04:44,RockBLOCK 231709 - Head-03,MO,6ad193763a73cd47fc2547d52cfd1b30104775ce4782fdfce72f464798e8477055fcf531bd47f07f480710fcf33309480e32480467fd0e34a5486a97487b62fcd2370248c57b48a067fcca390748bbe148dc1cfcda3c5948bf2a48ea9afd153db748d82148fc33fd02422d48d58c491c76fcef46c523742123773ffd482f12268b3f26a576fce92ed62cf3892cf801fca62eaa330509331786fd322e5438a361389ba4fced2e6b40a2e4408cdafcd22e2b4530a6453561fceb2eca475998475806fce62f754804d54815e0fd042fbb481ec3481a1cfd23301c47eba847eb14fd0a2fd347b70f47dbe3fcf531204789af47a70efcef313f23d57023f068fcee2efa24f89c250022fd132e3225d85025b309fd002eb3269464268264fcf32ece29275f293715fd322ea52c18702c209dfd0d2f0d2e582d2e6517fd3c2e9430b78630b2dcfcd02f1034401e34575efcf52dc33762bb,"-75.02785,0.13871666666666668",,340,7
15/Jan/2026 22:12:20,RockBLOCK 231708 - Head-02,MO,696813f73bac812716a82714e75d99c2fd322d3541f59341fc775dbaf0fd022dea3eab7b3eb2b857b7a8fccc2e793e635f3e600d57aa99fcb12f8a3e7aa13e738557bb1dfcb130cc3ed6943ed8c257b08cfcd02f153f67e43f5e1757b469fd07337f3f9d963f872757b334fcbb3da63fbdc23f9eab57b9ccfcba1efe3fd7be3fdbdf57b27ffcb843a5403d2b40356c57c231fcb34065404871404e5a57a9adfcc143cc1fd8461fe17c57d08cfd092d6f230a69230eeb57d9effd242d8d27f3cc28173e57e4dffca62d302d21a32d3efa57d6affcd72c8e321976321df757dfc4fcde2c88396e2c395f2a57d8d8fcb72cc13d19bb3d2afe57defffcdc2c793eecf23f0f9a57d600fcef2d683f9b2c3faba757da5efcce2d5e3fa6333f802257de2efcaf27163f86503f669357da74fcdc2e923f53643f49a057e40ffca928a73f2c123f392f57d54dfccb38161b2f,"-75.02788333333334,0.0",,334,7
15/Jan/2026 21:39:14,RockBLOCK 231710 - Head-04,MO,69680c523dfce0324b2f323d4a63d222fd113c00103bfa2363c86bfce647b0d8479cd663c031fcf447e9e147e5bd63c53cfd0347982247a38863b765fce4476c3d47771363c8fafcd247d3c947cc8c63bb89fd124816d148100063bba6fca8486eda485a7163bdadfcdf48b0ea488e9f63bc46fcb848dce948bed963b9edfcc748daac48fb0463b7c0fcb1490c06490b6e63bb3efcc948fdec491ea863bd61fcd048f61949083763c0d7fcd648c8c249005963a9a7fcb048cccc48c08a63bc3bfd20487db248793c63b088fd1c48281a48168663b61dfcde4810f2480f5d63be3ffcd43344623334c063c01efd0236f15436fa1b63cd98fceb3bc65f3bb86d63b359fce1427f9f42a48563b7b8fcea47f5b748204b63b46ffcf81b5a,"-75.07176666666666,0.0",,284,6
15/Jan/2026 21:06:02,RockBLOCK 231709 - Head-03,MO,b5fc7c47dac27cfd067c0a577f7c4788b37c47a60a7cfcff7c0a579b7c23bc217c23d6c27cfcfc7c0a557a7c2505617c250cf07cfd1f7c0a54937c25cb4b7c25a6407cfd107c0a55157c2675fe7c26641e7cfd037c0a55327c2912787c2922347cfd3a7c0a55067c2c0c6f7c2c14ad7cfd1b7c0a55747c2e50eb7c2e5de57cfd417c0a54f87c30b23a7c30ad967cfcdd7c0a55717c3440647c3457bd7cfd097c0a54257c3767987c3751e37cfd337c0a54747c1ad8,"-75.02788333333334,0.0",,181,4
15/Jan/2026 21:05:49,RockBLOCK 231709 - Head-03,MO,6968044f7c3b90b27c4809817c47e2a27cfd2c7c0a56787c4775d57c4783037cfcf97c0a56277c47919c7c4768f57cfd047c0a58217c47e0177c47f64c7cfd0f7c0a596d7c47ff037c47f51f7cfd227c0a5b077c4862107c4872e17cfce67c0a5d637c48c2ad7c489db07cfcde7c0a5f6a7c48b96d7c48d9d67cfcec7c0a62c47c48bd977c48e91b7cfd217c0a641c7c48d7257c48fb3d7cfd187c0a68897c48d4a07c491b847cfcf67c0a6d217c202eed7c204a6e7cfd527c0a55cd7c26979e7c26b1647cfced7c0a553e7c2cef2f7c2cf3c97cfcba7c0a550b7c330bb07c331e367cfd3c7c0a54b37c38ad4f7c38a58d7cfd007c0a54cb7c40acb97c4096ab7cfce17c0a54897c4537227c453bc97cfcf87c0a551b7c475ca57c475b1d7cfcf47c0a55d77c4805d27c4816d07cfd157c0a561a7c481e727c4819c77cfd367c0a567c7c47eac17c47ea297cfd1a7c0a56327c47,"-75.02788333333334,0.0",,340,7
15/Jan/2026 17:32:51,RockBLOCK 231709 - Head-03,MO,6967d314411114fe1b56fc16fbfa06d01ad8,"-75.10641666666666,0.0",,18,1
15/Jan/2026 16:12:21,RockBLOCK 231708 - Head-02,MO,6967bf9742521d1b6ec41b76b35d9a15fd4c2ad3420527420ba65dec20fd132ae53ebb633ec2c057e4a0fce72bc53e766e3e731d57d781fcd62c8f3e90d53e89b157e80efcd12dba3eef043ef14b57dd88fcee2c423f82e63f78fd57e172fd2730783fba033fa3a257e02cfcdc3a793fdb453fbc1b57e6c1fcd51d903ff6723ffa6c57df65fcd04120405cfc40553d57ef53fcd43d54406922406f1b57d6a4fce540c22085f4208da858001cfd142a9122e5e922ea81580987fd322a8c27fdc8282166581489fcbc2a342d3e182d5b8b58063cfcf32994323c9932412c580f63fcf8298b3996f03987e2580842fcd229c83d41bf3d5323580e99fcf229793f12b93f352b58056cfce22a6c3fbf773fd00f5809e0fce52a663fc9493fa314580dc3fcd324ac3fa89d3f88d45809e9fceb2b953f753a3f6b6458137cfcc025553f4de33f5ad75804cefce735171b74,"-74.99325,0.0",,334,7
15/Jan/2026 15:39:06,RockBLOCK 231710 - Head-04,MO,6967b7f244024e3255df3247f863d25cfd423c153e3c0f5163c8a9fd1047bbe247a7da63c074fd2b47e68947e26363c574fd35479336479ea063b7a0fd16476a4047751363c930fcfc47d58147ce3a63bbc3fd4648180e48113163bbdffcdc486f92485b2663bde7fd0a48b1ed488fa863bc85fcf148dd0048bef863ba27fcfa48db0748fb5e63b7fdfce7490c2f490ba563bb7bfd0148fe22491ee563bd99fcfa48f66449087163c11afd0e48c8ef49009a63a9e1fce048cd0248c0c563bc79fd54487de248797763b0c2fd544828554816d363b64cfd0648111c480f9663be87fd06334fca33402763c050fd2436fed53707b063cdd3fd153bd4d43bc6e163b380fd08428b9d42b08963b7ddfd0a47f7ed48228c63b4aafd261b63,"-75.02785,-0.13871666666666668",,284,6
15/Jan/2026 11:32:52,RockBLOCK 231709 - Head-03,MO,69677eb43cc487552083569d3057b9f81ad8,"-75.07176666666666,0.0",,18,1
15/Jan/2026 10:12:24,RockBLOCK 231708 - Head-02,MO,69676b37433db41e93c51ea0295d9b7ffd2e2a5041e39441ea275dde79fd062a773ea0053ea75557d8fafcda2ba03e5ee63e5b9c57cbc0fcba2c283e7ced3e75ae57dc54fcca2d513edd7f3edfb557d1c3fcdb2c0e3f73d33f6a0a57d5befd1130083fac563f960757d48afccc39683fcecc3fafbe57db37fcc31e473feb643fef5057d3b2fcc141134052db404b1257e3a8fcc73ce240602a40661557cad6fcd14052212ebb212ad657f4a9fd0c29f922b8d822be5557fe03fd262a2b27fa78281e29580905fca929c82d41572d5edd57fad3fcd429253241723245f75803e3fcde29203999e1398ad057fcb2fcc1295b3d40d53d52395802cdfcdb29113f0e423f30a757f9d0fcd32a013fb8d43fc95c57fe42fcd829fe3fc14b3f9b1a580229fcbb24cd3f9fef3f802d57fe3cfcd42b303f6c463f62955807cffca724873f45003f520057f908fcd434901b5a,"-74.99325,0.0",,334,7
15/Jan/2026 09:39:13,RockBLOCK 231710 - Head-04,MO,6967639242476b32628332549663d233fd2c3c25073c1f1563c882fd0847c43047b03763c04afd1847e45f47e03763c549fd27478c5b4797ca63b781fd03476b4947761d63c915fcea47dba547d45e63bba0fd2f481f1548183663bbbafccd4871fb485d8d63bdc3fcfa48b37048912363bc65fce048ddb648bfb663ba0bfce048db6c48fbc263b7e2fccc490c3f490bb463bb5cfce648fe16491eda63bd77fced48f64649085163c0fafcfd48c8e349007c63a9c9fcca48ccea48c0b263bc5afd48487dd448795863b0a8fd3c48284e4816b363b62ffcf9481102480f7963be6efcf5335cf3334d5263c037fd15370d293715fa63cdabfd083be36d3bd57663b36ffcfe42973c42bc3263b7cafcfc47f9db48247263b48bfd0f1b0c,"-75.02788333333334,0.0",,284,6
15/Jan/2026 09:09:09,RockBLOCK 231710 - Head-04,MO,69675c8a42171932629e3254b563d24afd333c24e33c1ee663c893fd0747c51547b11263c059fd1847e3fe47dfcf63c55ffd20478dee47995d63b78afd04476c3347770763c90dfceb47dbc547d47e63bba1fd32481f4f48187563bbc2fcc64871cf485d5863bdcbfd0248b3be48917563bc63fce048ddbe48bfb763ba17fce248db5848fbb663b7e3fccb490c52490bbd63bb62fcf248fe25491ee063bd81fce848f65149085563c0fcfcfe48c8e349008563a9c4fcc348ccea48c0aa63bc5cfd43487dce48795263b0a8fd3f48283f4816bf63b634fcf8481107480f8063be6afcfc335e36334e9163c034fd14370e7137174b63cdb0fd093be4b03bd6bd63b365fcfb42983342bd2863b7c8fcff47fa0b48249c63b483fd161ad8,"-74.99325,0.0",,284,6
15/Jan/2026 08:39:06,RockBLOCK 231710 - Head-04,MO,6967558241ab4832628c3254a863d238fd313c24873c1ea563c88efcfd47c1d947ade063c050fd1747e60a47e1d963c554fd1f479089479bf163b783fd04476a5a47752e63c914fce147d86e47d13363bba0fd2e481c8a4815b563bbbafcbe4870e1485c6c63bdc2fd0048b2ff4890bf63bc62fcde48dda848bf9e63ba07fcd748db2848fb7f63b7e1fccb490c4c490bbe63bb53fce848fe13491ed563bd7bfce748f64a49084563c0f4fcf348c8e649008263a9bffcc448ccdc48c0ab63bc5cfd42487dcd48795463b0aafd3b4828464816b363b633fcf1481101480f7163be69fcf3335f7c334fd263c027fd16370fb637188d63cda7fd023be5f13bd80563b360fcf842992f42be1963b7c1fcfc47fa2a4824bf63b47efd0b1afa,"-75.02788333333334,0.0",,284,6
15/Jan/2026 08:09:08,RockBLOCK 231710 - Head-04,MO,69674e7a41a4f13260c13252dd63d240fd2e3c22383c1c5163c887fd0147bbdb47a7e163c04cfd1947e91a47e4f263c552fd184795d047a13863b789fcff4767e84772b463c91dfce647d21d47cad663bba8fd3a481622480f4663bbbafcc1486efe485a9b63bdc4fcf948b16a488f1f63bc5efcd748dd2748bf2463ba00fcdb48dad248fb2463b7e3fcce490c30490ba563bb58fce548fe0c491ece63bd75fce448f64449084963c0effcf948c8db49007a63a9bafcc948ccd948c09f63bc5cfd44487dc948795d63b0a7fd324828364816b063b631fcf34810fb480f7063be60fcf13360c133511c63c02efd093711003719de63cdaefcfb3be73a3bd93f63b368fcf4429a2142bf1763b7cafcf547fa5a4824ed63b47dfd0d1ac6,"-75.02785,-0.13871666666666668",,284,6
15/Jan/2026 07:39:13,RockBLOCK 231710 - Head-04,MO,6967477241d7f3325dde324ff463d23cfd303c1f4a3c196d63c888fd0347b69447a29363c04ffd1747ea5f47e64363c559fd234798e947a44e63b789fd034766fd4771cd63c915fceb47cd9f47c65563bba7fd2f481111480a3663bbc1fcc7486d7548591363bdcafcfa48afe4488d9a63bc60fcd948dca748be9a63ba0ffce148da8a48fae663b7defcc7490c07490b7f63bb5efcdd48fe01491ec163bd75fce448f63949084a63c0eefcfb48c8d849007663a9bcfcc848cce148c0a763bc5cfd48487dc748794e63b0a4fd3c4828364816a763b639fcfc481102480f6e63be69fcf333620e33526d63c031fd11371257371b2f63cdadfd053be8813bda8d63b36afcfd429b2742c01a63b7c7fd0047fa8648252063b47dfd0a1af2,"-74.99325,0.0",,284,6
15/Jan/2026 07:09:06,RockBLOCK 231710 - Head-04,MO,6967406a41eea1325daf324fc863d23ffd353c1f9e3c19a963c888fcfd47b94c47a54063c04cfd1c47e95747e53163c555fd234796b447a21163b782fcfc4767284771f763c917fcea47cf8447c83163bba0fd384812c8480bda63bbc4fcc6486e6a4859fb63bdcafcf848b04f488e0763bc5cfce248dcc148bec363ba0afcde48dab048fb1463b7e1fcd2490c07490b7963bb58fce348fdfc491ec263bd81fcf048f63749084d63c0f6fcf648c8d249007b63a9bbfccf48ccde48c0a763bc57fd41487dbf48795763b0aafd404828354816aa63b630fcf6481106480f7263be65fcf633635f3353b363c02dfd0f3713a5371c8063cdb5fd0b3be9ce3bdbdd63b363fd01429c2a42c11763b7bbfd0347fab648254063b489fd0e1ae9,"-74.99325,0.0",,284,6
15/Jan/2026 06:39:14,RockBLOCK 231710 - Head-04,MO,6967396241511c325e0332502163d236fd283c20953c1ab063c885fcfe47b71147a31263c04cfd1347eacf47e6ad63c55afd1c4798d047a43763b77cfcff47666247714163c908fce447cc4a47c50a63bb9efd34480f794808a363bbb8fcbe486cb948584e63bdbbfcfd48afa2488d5b63bc63fcd248dc3a48be3863ba0afcd548da5a48fabb63b7d7fcc7490bf6490b6763bb54fce548fdf7491ec363bd75fce548f63b49083d63c0effcf148c8d049007a63a9b3fcc448ccdb48c09d63bc51fd3c487dc048794b63b0a8fd334828364816a763b62dfcf84810fc480f6863be5afcef3364a43354ff63c02bfd133714f1371dce63cdb4fd053beb113bdd1e63b35ffcf2429d2242c21063b7c0fcff47fad748256b63b47afd031ae0,"-75.02788333333334,0.0",,284,6
15/Jan/2026 06:09:13,RockBLOCK 231710 - Head-04,MO,6967325a4087be32634c32556c63d232fd1b3c26dc3c20f063c87bfcf047c88647b46e63c044fd0a47e49a47e07463c54afd15478b1447968963b779fcf6476a5747752363c904fcdc47dad747d38a63bba2fd2c481e0448172463bbadfcb848718f485d2563bdc1fcf148b3394890e463bc59fcdc48dd8148bf7463ba01fcd348db3f48fb9863b7d4fcbf490c24490b9f63bb54fcdf48fe0a491ed463bd71fcdd48f63549084463c0eefcf248c8d849007263a9adfcc148ccd648c09963bc53fd37487dc648795163b09ffd294828344816a363b625fcf34810f6480f6963be5ffce53365e333564063c02bfd0b371635371f1863cda6fcfe3bec4c3bde5663b35afcec429e1842c30563b7bafcf647faf948259663b475fd071acf,"-75.06253333333333,0.0",,284,6
15/Jan/2026 05:39:12,RockBLOCK 231710 - Head-04,MO,69672b52406cf03263f932560863d237fd213c27be3c21cb63c87dfcf447cceb47b8d363c03ffd0b47e28447de6663c54ffd164789b047951d63b77bfcf7476d4b47781863c912fcde47de9647d74d63bb99fd20482151481a6963bbb2fcba487281485e1a63bdc1fcf448b4214891ce63bc5dfccf48dddb48bfcf63b9f9fcd548db7348fbce63b7d6fcc5490c43490bb563bb52fcd648fe21491edd63bd70fcdd48f63649084363c0e4fced48c8d149008163a9bbfcc748ccda48c09f63bc4efd2d487dcb48794c63b0a3fd2a48283b4816ae63b62dfcee4810fc480f6663be55fce833672833577363c02cfcfe37178537205963cda6fcf83bed933bdf9563b35afcee429f1342c40363b7c0fcee47fb224825be63b472fd051acf,"-75.02771666666666,-0.27745",,284,6
15/Jan/2026 05:32:51,RockBLOCK 231709 - Head-03,MO,69672a543b4b155a09385cfd235fa25c1afa,"-75.07176666666666,0.0",,18,1
15/Jan/2026 05:09:07,RockBLOCK 231710 - Head-04,MO,6967244a40378132644e32566b63d229fd233c286f3c228863c87efcf547cf8247bb7f63c044fd0647e0d347dcb063c54bfd114788dc47944363b77afcf7476fa5477a8663c906fcdd47e18d47da4c63bb99fd26482419481d3d63bbb0fcb248734f485ed963bdc0fcf348b4d548928e63bc54fcce48de1648c00f63b9f7fcd748db9e48fbfa63b7d7fcc4490c4d490bc863bb47fcd848fe21491ee163bd6cfcdd48f63749084363c0e8fced48c8d449007d63a9b4fcb548ccdc48c09963bc50fd38487dc548795163b092fd2c4828334816af63b622fce64810fd480f6563be53fced33685c3358af63c028fd093718c037219963cda7fcf83beece3be0d663b359fcee42a01a42c50163b7b9fceb47fb4f4825e563b474fd091ac6,"-75.07071666666667,-0.6953",,284,6
15/Jan/2026 04:39:06,RockBLOCK 231710 - Head-04,MO,69671d423f57c83264af3256de63d22afd1e3c294c3c235763c874fce447cc3b47b84863c034fd0a47e27f47de5763c53bfd0c478bc147972d63b76efcee476dd74778b863c8f8fcd547de0847d6cb63bb96fd1c4820d8481a0b63bba2fcaf4871fe485d8a63bdaefcec48b4044891b663bc54fccc48dd9348bf8463ba00fcd148db4b48fba363b7cefcb5490c36490ba963bb45fcd348fe15491ed163bd6efcd248f63349083e63c0d2fce748c8c749006b63a9a9fcbb48ccd648c09e63bc48fd28487dbb48794763b097fd254828324816a063b626fce44810ec480f5d63be4efce33369793359d463c016fd013719ef3722c863cd96fcf23bf0083be21363b34efcec42a0fe42c5f263b7b6fcf447fb7348260863b46dfd001abd,"-74.89968333333333,2.61505",,284,6
15/Jan/2026 04:20:06,RockBLOCK 231708 - Head-02,MO,696716d73db77a2c53a82c56d85d9c4efd33288b41a35141a9c75dab67fd0529753e68ed3e703357aaebfcd92aca3e2c943e2948579de9fcba2b283e4ee33e479e57ae56fcc52c4e3eb1f43eb42d57a3cefcde2b5d3f4af33f412057a7bdfd1e2efe3f85233f6ed957a66afcce37d93fa8b53f89be57acf3fcc31e7a3fc6ce3fcae457a5b2fcbe4084402f5140279457b574fccc3bd5403dd04043c7579cd7fccd3f46203ceb203b1f57c41ffd0e28d922b64f22bbf857cd89fd26292c27f15f28151e57d8a7fca728cb2d365c2d53d457ca53fcdc28283233333237b557d38ffcec282039853139761457cc75fcc7285c3d262e3d378257d2a2fce828103eef8e3f11da57c9acfcda29043f97a53fa82b57ce16fcde29003f9ef23f78f557d21dfcbd24523f7d103f5d6357ce5bfcdf2a2e3f496b3f3fb857d7f3fcb5233a3f221e3f2f2957c93afcde33691b37,"-75.02751666666667,0.41618333333333335",,334,7
15/Jan/2026 04:09:11,RockBLOCK 231710 - Head-04,MO,6967163a3eef873267b33259c663d22cfd1d3c2cb93c26c663c877fcec47d3ed47bfeb63c041fd0647df5747db3063c53cfd094787af47932b63b76efcf2477376477e4763c904fcd447e61947ded863bb95fd1e4827f048210463bbadfcb148747748600e63bdb6fcf048b59648934663bc43fccb48de4948c03e63b9f0fccf48dbdc48fc3863b7c7fcb4490c5a490bca63bb48fcd048fe24491edf63bd5efcd448f63249083c63c0d7fcdd48c8cf49007063a9aafcb848ccdc48c09963bc41fd30487dbd48794e63b08dfd204828314816a263b61cfce54810f2480f5d63be4bfce3336aa6335af763c020fd03371b2637240863cd9efcef3bf1473be35263b35dfce442a20242c6ee63b7b6fced47fba048263463b46ffd041a89,"-75.02721666666666,0.5549",,284,6
15/Jan/2026 03:39:06,RockBLOCK 231710 - Head-04,MO,69670f323e231d32679b3259b363d21afd113c2c8c3c269c63c868fcde47d06b47bc6b63c034fcf747e0d347dcac63c534fd034789834794e563b761fce4477096477b6463c8eefccc47e25247db0963bb89fd0d4824c4481ddd63bb99fca1487353485eeb63bda2fcd448b4d748929963bc3ffcc148ddf248bff663b9e6fcc748db9348fbeb63b7bdfcab490c41490bb463bb38fcc748fe0a491ecc63bd5ffcc548f62049082c63c0d1fcdd48c8c149006163a999fcae48ccce48c08a63bc3afd24487db548793b63b08afd2048282948169263b60efcd54810ef480f5663be44fcd5336bb2335c0763c01afcf2371c4f37252b63cd99fce73bf2803be48863b355fcd442a2f142c7e163b7abfce847fbc748265463b466fcf11aa3,"-74.99321666666667,0.13838333333333336",,284,6
15/Jan/2026 03:09:06,RockBLOCK 231710 - Head-04,MO,6967082a3df1d93267e5325a0363d21dfd103c2ccd3c26df63c865fce047d0b647bcb963c031fcf047e02947dbfd63c52ffcfe478a404795a263b765fce14771d5477cb463c8f4fcbe47e35247dc1a63bb7afd0e4825e3481f0663bb9efca14873b0485f4e63bda8fcd548b5344892dc63bc40fcc448de3148c03163b9eafcc248dbaa48fc0363b7befcae490c52490bcb63bb37fccd48fe16491ed863bd55fcc548f62549082c63c0cefcdb48c8c349006363a998fca248ccdb48c08e63bc32fd21487db348794163b084fd1848282a4816a663b608fcdd4810e5480f5863be44fcd1336cc9335d2a63c00dfced371d7437265363cd85fce03bf3a73be5b263b349fcd842a3e542c8d363b7a2fce047fbe148267163b461fcf61a92,"-75.02788333333334,0.0",,284,6
15/Jan/2026 02:39:14,RockBLOCK 231710 - Head-04,MO,696701223d22cd3263c53255db63d20ffd073c28953c22a663c861fcd847c41b47b02163c028fced47e74347e31c63c529fcf1478fa7479b0c63b758fcd74767314771fe63c8e4fcbd47d52c47cde863bb7afd0848190948122c63bb8ffc96486fb8485b5463bd96fcd648b1fc488fae63bc36fcad48dcec48beeb63b9defcb348dac748fb2463b7b5fca4490bfb490b6b63bb2ffcbd48fded491ea463bd50fcbc48f60849082063c0c6fccd48c8ab49005363a990fc9f48ccbe48c07c63bc2efd1f487da448792b63b075fd1148281648168163b606fcce4810ce480f4263be39fccf336ddc335e2c63c000fce7371e9537277563cd80fcdd3bf4d73be6e463b337fccf42a4d342c9c863b79efcd247fbfc48269863b451fce31a89,"-75.02788333333334,0.0",,284,6
15/Jan/2026 02:09:14,RockBLOCK 231710 - Head-04,MO,6966fa1a3bf82432671632592b63d215fcfd3c2cbd3c26c763c850fcd347cb0447b6fb63c021fce447e42947e00063c522fcea478a7f4795fb63b755fcd1476b014775c963c8e7fcb447db9b47d45463bb6cfd02481e914817ae63bb82fc9048719c485d2f63bd90fccb48b3264890d963bc2ffcae48dd5648bf4b63b9d8fcaa48db2948fb8163b7a9fc9e490bff490b6963bb25fcbc48fdec491ead63bd4cfcb648f60849081263c0c6fcc448c8af49005363a98dfc9748ccb448c07363bc2afd11487d9c48792863b074fd0b48280d48168363b5fdfcc34810cf480f3c63be30fcc8336ef3335f4863c005fcd6371fca3728a163cd81fcd33bf6093be81b63b337fcc742a5cd42caba63b78efcc547fc254826b163b44afcdd1a89,"-74.99321666666667,0.13838333333333336",,284,6
15/Jan/2026 01:39:12,RockBLOCK 231710 - Head-04,MO,6966f3123c05bd326a1c325c2763d21ffcfe3c306e3c2a7a63c85afcd747cf0a47bb0963c02cfced47e27b47de4d63c52afce74788584793c763b74dfcd3476c6e47773f63c8e7fcb647de6447d71863bb76fd06482162481a7763bb89fc94487262485df563bd9afcce48b3e348919c63bc2ffcb248ddab48bfa863b9d8fcb048db5148fbad63b7affc9a490c1c490b8963bb2ffcba48fdf6491eb963bd50fcb948f61449081863c0c8fcd148c8ac49004a63a986fc9a48ccb748c07f63bc2efd11487d9f48792663b07afd0e48280f48168163b605fccf4810dc480f4c63be35fcc333701433606463c00afcdb3720f93729d963cd85fcd63bf7513be95d63b33cfcc842a6c942cbb363b79afcd047fc514826e863b44efce51a81,"-75.02788333333334,0.0",,284,6
15/Jan/2026 01:09:14,RockBLOCK 231710 - Head-04,MO,6966ec0a3bf3bb326a2b325c3b63d216fd073c31003c2b0863c851fcd247cddb47b9d663c023fce947e32247df0463c529fcf047896c4794d463b757fcd6476bc247768f63c8ddfcbe47dd2447d5d263bb77fd0848201948192e63bb8efc8f4871dd485d7563bd99fccc48b39348914063bc34fcb948dd6448bf5f63b9defcb548db2d48fb8f63b7adfc9d490c0a490b7d63bb27fcba48fdf4491ebb63bd4cfcb648f61049081963c0c0fcc548c8ac49005263a988fc9f48ccb348c07a63bc25fd0f487da448792c63b06efd0c48281048168063b602fccd4810de480f4c63be2efcc433713933618e63c006fce0372228372b0363cd81fcd33bf88a3bea9b63b334fcc742a7bf42ccb863b790fccf47fc7b48271263b453fce01a9b,"-75.02788333333334,0.0",,284,6
15/Jan/2026 00:39:06,RockBLOCK 231710 - Head-04,MO,6966e5023c4cc4326c48325e6063d21ffd0b3c339b3c2db663c864fcdb47d3bb47bfbd63c031fcef47e02c47dc0b63c52dfcf947871547928f63b75efcdd476ffe477ad663c8fffccb47e2d647db8163bb99fd15482530481e4863bba7fcad4873a3485f3863bdb2fcd848b4db48928863bc44fcbc48ddfe48bffa63b9e0fcc148db9248fbf463b7b8fcab490c47490bad63bb3cfcc748fe07491ecf63bd57fcc448f61549082163c0c0fcd148c8bc49006063a995fca348ccc148c08963bc37fd18487dac48793563b083fd1648282348169263b611fcd34810d8480f5063be41fccc33726e3362ca63c030fcfa372373372c5663cdb3fcf23bf9ea3bebf363b361fce242a8e942cdd663b7c6fce447fccf48276963b486fcfc1aa3,"-75.06236666666666,-0.2781166666666667",,284,6
15/Jan/2026 00:09:06,RockBLOCK 231710 - Head-04,MO,6966ddfa3ca188326bf0325e0763d216fd073c33613c2d6663c85ffcd447d1cc47bdbf63c02cfcf647e13247dd0d63c529fcf547889e47940e63b758fcdb476eea4779bf63c8eafcc247e13147d9e763bb7afd134823e4481d0463bb94fc96487350485edc63bd9ffcd948b48448923e63bc35fcb748de0248bffc63b9ddfcb748db8848fbdb63b7b5fca7490c2d490ba363bb24fcc748fdf9491ec063bd50fcc548f61f49082263c0c3fcd548c8ba49006263a997fca648ccc348c08563bc31fd22487da648793963b080fd1648281e48168563b605fcce4810e1480f4d63be38fcd43373643363b763c004fce4372480372d5863cd86fcdb3bfb033bed1c63b334fcd142a9b842ceae63b793fcd647fcd448277363b44ffce81ab5,"-75.02785,-0.13871666666666668",,284,6
14/Jan/2026 23:39:14,RockBLOCK 231710 - Head-04,MO,6966d6f23e091f3266f032590563d226fd173c2e713c288463c86bfce847c68447b27863c036fcfa47e80747e3db63c536fd00478e534799bf63b762fce447671f4771ed63c8f3fcc747d66447cf2263bb7efd18481acb4813f063bb9bfca248706f485c0a63bdaafce148b26d48902363bc3efcc848dd4848bf3e63b9effccd48daf848fb5263b7c8fcae490c11490b8c63bb39fcca48fdf2491eb863bd59fccd48f61b49082a63c0ccfce248c8c149006263a99ffcaf48ccc848c08a63bc40fd2e487db548793363b089fd1c48281748169163b612fcd84810e0480f5f63be44fcd933747f3364d263c010fce93725a7372e9263cd89fce93bfc463bee5563b34cfcda42aac942cfc063b7a5fce147fd164827a063b45dfcf41ac6,"-75.02785,0.13871666666666668",,284,6
14/Jan/2026 23:33:19,RockBLOCK 231709 - Head-03,MO,6966d6087c40b9f07c7e8ea67c7c6b1c7c7a551e7c1b63,"-75.02771666666666,0.27745",,23,1
14/Jan/2026 23:09:13,RockBLOCK 231710 - Head-04,MO,6966cfea3ed61632656232577e63d225fd1f3c2d6b3c277763c87efceb47c41147b00163c038fd0647e8e247e4b063c540fd0a47904c479bba63b770fced47666947713663c8f9fcd547d46547cd1963bb89fd1c4818af4811c463bba2fcaa487006485b9563bdaffce648b1d7488f8763bc44fcc548dd2348bf1763b9edfcc948dae248fb3a63b7cbfcb5490c09490b8063bb42fcce48fdf7491eb463bd5ffcd248f62549083763c0dbfce148c8c349006063a9a8fcbf48ccc748c08763bc4cfd2f487daf48793b63b08afd2d48281a48168a63b61bfce24810ec480f5863be54fce33375913365e163c022fcf53726d1372fb363cd96fcea3bfd883bef9963b34afce142abcc42d0c463b7a6fceb47fd424827d363b462fcf61ad8,"-75.02788333333334,0.0",,284,6
14/Jan/2026 22:39:13,RockBLOCK 231710 - Head-04,MO,6966c8e23faec332650b32572163d22afd1c3c2d903c27a163c87afcf647c17947ad7963c03ffd0f47e9ef47e5bf63c548fd0e4793ef479f5463b776fcf947656347703663c903fcd347d18647ca4863bb93fd23481632480f5c63bbaefcb4486ee9485a8863bdb9fce748b165488f2063bc4ffccb48dcf148bef363ba01fccb48daaf48fb0663b7d4fcbc490c07490b8363bb47fcd748fdf4491eb563bd71fcdf48f62649083763c0e7fcea48c8c349006963a9b1fcba48cccd48c08363bc47fd34487dc148794263b098fd2848282648169263b625fcf04810f4480f5e63be52fce03376ad33670063c01efcf93727fd3730d563cda0fcf13bfec23bf0ce63b35afcec42acc642d1c163b7affce947fd6b48280163b46efd001ae9,"-75.07173333333333,0.13906666666666664",,284,6
14/Jan/2026 22:21:16,RockBLOCK 231708 - Head-02,MO,57df357cfccb7c0a50877c3d3a507c3d4bb47c57e5667cfce67c0a503c7c3f00d57c3f23357c57dc6f7cfcda7c0a512a7c3fa6f07c3fb7897c57e0c97cfcd77c0a512c7c3facf07c3f86c87c57e4ba7cfcc37c0a4cf97c3f8a4e7c3f6a987c57e0d47cfce77c0a525d7c3f56517c3f4c817c57ea667cfcb67c0a4b1c7c3f2efa7c3f3c147c57dbb37cfcde7c0a5b5f7c1b6c,"-75.07176666666666,0.0",,146,3
14/Jan/2026 22:21:04,RockBLOCK 231708 - Head-02,MO,6966c2a97c3d74307c25ed637c25f2057c5d9b697cfd397c0a50f37c418e0e7c4194927c5dc0b47cfd0c7c0a51a27c3e5b577c3e62b97c57be587cfce97c0a53127c3e24cd7c3e217b7c57b1667cfccd7c0a53527c3e4c127c3e44d37c57c1c27cfccb7c0a547f7c3eb2b47c3eb4e17c57b7217cfced7c0a53ed7c3f4f927c3f45ac7c57bae97cfd267c0a572b7c3f8bda7c3f75817c57b99c7cfcd57c0a5f3f7c3fb1197c3f92097c57c0217cfcd37c0a479b7c3fd1087c3fd50f7c57b8be7cfcc67c0a691a7c403b357c4033597c57c8887cfccc7c0a63f77c404b497c4051397c57afff7cfce47c0a67717c1f593d7c1f62b47c57d72f7cfd0f7c0a513b7c22c0c17c22c5ae7c57e06f7cfd357c0a51547c27fb447c281f1f7c57eb827cfcaa7c0a50f47c2d49177c2d66a47c57dd507cfcda7c0a50527c32484b7c324ce47c57e6697cfcee7c0a504b7c399bbe7c398cb67c,"-75.07176666666666,0.0",,340,7
14/Jan/2026 22:09:10,RockBLOCK 231710 - Head-04,MO,6966c1da3ffb1032664d32585463d228fd203c2fb43c29ce63c87dfced47c38747af7b63c045fd1047e90447e4d563c546fd10479256479dc663b776fced47668547715563c901fce047d34547cbfb63bb99fd1f4817884810ab63bbb2fcb0486f73485b0963bdbcfcf648b1a0488f5c63bc53fcd048dcff48befb63b9f2fccc48daca48fb2263b7cafcc0490c0c490b7b63bb44fcdb48fdec491eb163bd6cfce148f62249083263c0ecfce748c8be49006563a9adfcbe48cccd48c08f63bc4bfd34487db848794563b09afd2c48281f48168863b628fcee4810fb480f5f63be50fce93377b833680e63c024fcff37292737320563cd9ffcf63c00003bf20963b352fce842adbe42d2bc63b7b2fcec47fd9448283363b46cfd031afa,"-75.02788333333334,0.0",,284,6
14/Jan/2026 21:39:06,RockBLOCK 231710 - Head-04,MO,6966bad2409fa03266e83258fd63d235fd293c30fe3c2b1d63c883fcfc47c56647b16263c048fd1147ea1047e5e963c54efd1e479061479bc863b778fcfa4766a247717163c906fcd747d46947cd3063bb99fd2a48193148124e63bbb7fcba486feb485b7c63bdb7fce948b228488fe963bc59fccc48dd2c48bf2663ba07fcd848dadc48fb3063b7d6fcc5490c22490b9163bb52fcda48fdf8491eb463bd72fce048f61b49083163c0f0fcec48c8be49005b63a9b1fcbe48ccce48c09463bc50fd39487dc248794c63b09afd3748281848168f63b62ffcf14810f6480f6463be5bfcf13378bd33691163c023fd0a372a4137332963cda3fcfb3c013c3bf34663b360fcf642aec442d3c063b7bafced47fdc348286063b475fd091b15,"-75.02788333333334,0.0",,284,6
14/Jan/2026 21:09:35,RockBLOCK 231710 - Head-04,MO,02597c3bf4667c63b35c7cfcef7c42afbd7c42d4a77c63b7bd7cfcf57c47fde57c4828797c63b4757cfd057c1b63,"-74.99325,0.0",,46,1
14/Jan/2026 21:09:23,RockBLOCK 231710 - Head-04,MO,6966b3d37c413d0c7c3266307c3258497c63d2337cfd2e7c3c30bc7c3c2acf7c63c8807cfd017c47c18e7c47ad8a7c63c04e7cfd157c47eaf27c47e6c07c63c54e7cfd1c7c4793827c479ef27c63b77a7cfcff7c4765e47c4770b47c63c9107cfce47c47d0ae7c47c9687c63bb987cfd2d7c4815647c480e857c63bbb57cfcb87c486ed47c485a5e7c63bdbc7cfcf77c48b1227c488ed77c63bc557cfcdc7c48dcbf7c48bec77c63ba007cfcdc7c48da857c48fae27c63b7d17cfcc97c490be27c490b627c63bb527cfce67c48fddf7c491e997c63bd727cfcdc7c48f6137c4908247c63c0ef7cfcf27c48c8aa7c49004a7c63a9b77cfcca7c48ccc27c48c07d7c63bc547cfd437c487db77c4879467c63b0a67cfd317c48280b7c4816847c63b62a7cfcfe7c4810eb7c480f5c7c63be5b7cfcee7c3379c87c336a0f7c63c02c7cfd017c372b537c3734357c63cdad7cfd037c3c,"-74.99321666666667,-0.13838333333333336",,340,7
14/Jan/2026 12:43:09,RockBLOCK 228680 - Head_26-02,MO,69663da34844c505142d0510be7f04d3fdec260c0514540510ed7f04d2fde926030dc7,"53.00725,9.040816666666666",,35,1
14/Jan/2026 08:22:22,RockBLOCK 231708 - Head-02,MO,6965ffef406ea8220cfa22105d5d9cbafd3f2667411613411c9a5dced3fd1126a63e05f13e0d6857cbf2fce128113de3ed3de0b957bf0dfcce28543e1ccd3e158e57cf85fcd929863e8f3a3e916a57c4e4fcf22a693f38f63f2f2e57c8bffd232c1f3f7ce43f66a357c779fcd733493fa7e23f88fb57ce20fcd21f8c3fcebb3fd2cb57c6d5fcce3f85403e2340365257d672fcd438ea40539240598b57be02fcde3c6c20a81220a30d57e682fd1c261f22606a22668057eff5fd3d265e280900282cfc57fb17fcb025f72d64002d818957ecdafce725583269a6326e2157f5dafcf2254d39bde339aeb457eef8fcc9258d3d556a3d66bc57f525fce325463f14cf3f373557ec0afcd4262c3fb64e3fc6c557f07ffce526323fb9483f933357f45dfccd237b3f95303f756c57f0acfcea27663f60923f56e357fa24fcb91fc73f394a3f466957eba0fce42fce1b26,"-75.02721666666666,0.5549",,334,7
14/Jan/2026 02:22:25,RockBLOCK 231708 - Head-02,MO,6965ab8f3b1c7b2d55ed2d55fe5d9db8fd22271d40a1f940a8815da714fcf628093dad993db50657a8c9fcc6296e3d99b63d9672579be8fca929b73ddde83dd6aa57ac54fca62ae73e58083e5a4457a1e3fcca2c973f0a093f003a57a5b2fd0a2d7e3f52eb3f3cb457a46dfcbe33e13f818f3f628b57aad1fcb8219d3facd53fb0ce57a3aafcab4144401f8f4017dd57b342fcb23a49403874403e5e579aaffcc53dcc1f72721f737b57c155fcf22777225b5322618057caa4fd0e27c1280868282c7457d5b3fc8d275b2d5d382d7aad57c74dfcc826b83260e532658357d061fcd826ae39b00439a0da57c96efcb326ee3d42173d536a57cf75fccc26a53efd823f1fd257c669fcbf278c3f9c913fad1457cacffcc927983f9e7a3f784d57cec0fcb325693f79ab3f5a0257caf5fcce28c53f44f63f3b2b57d48bfc9d20e33f1db63f2abc57c606fcc830cc1b26,"-74.99321666666667,0.13838333333333336",,334,7
14/Jan/2026 00:43:09,RockBLOCK 228680 - Head_26-02,MO,696594e348153e05334b052f937f04dbfde60dfe053349052f907f04dffde00e020dc7,"52.978883333333336,9.03145",,35,1
13/Jan/2026 20:23:13,RockBLOCK 231708 - Head-02,MO,57f05f7cfcdf7c0a51aa7c3d63d57c3d75407c57f6c37cfcfa7c0a51647c3f1d0c7c3f3f6b7c57ed9d7cfcf27c0a52497c3fba7b7c3fcaf77c57f2087cfce87c0a52597c3fbafb7c3f94f27c57f5e77cfcd07c0a50af7c3f959f7c3f75e07c57f2437cfcec7c0a53897c3f60927c3f56e67c57fbc67cfccd7c0a4b4f7c3f395a7c3f46917c57ed567cfcf07c0a5b237c1b1d,"-74.99325,0.0",,146,3
13/Jan/2026 20:23:09,RockBLOCK 231708 - Head-02,MO,696557657c404bf57c229d217c22a15c7c5d9ebc7cfd487c0a52457c403f587c4045f47c5dce6c7cfd207c0a52c47c3d6eee7c3d76837c57ce877cfcf37c0a54217c3d6ed07c3d6b8d7c57c19f7cfcd27c0a546f7c3dc3307c3dbbff7c57d2187cfcdd7c0a55a07c3e489e7c3e4ad77c57c77e7cfcf17c0a58157c3f06cf7c3efd2a7c57cb647cfd397c0a58327c3f57337c3f40fd7c57ca2a7cfce77c0a5d967c3f8b257c3f6c1a7c57d0ca7cfcd67c0a4ca07c3fbce07c3fc0e87c57c95d7cfcd37c0a6c167c4034b37c402cdc7c57d9217cfcd67c0a65027c4052707c4058637c57c0a97cfcf37c0a688f7c1ef7917c1f01857c57e8127cfd227c0a52717c22548e7c225a667c57f1637cfd377c0a52837c281e917c2842c27c57fc8d7cfcbc7c0a521a7c2d77e07c2d957c7c57ee5d7cfcfd7c0a51757c3280b67c32854c7c57f76a7cfd027c0a516f7c39d3777c39c4517c,"-74.99321666666667,-0.13838333333333336",,340,7
13/Jan/2026 20:12:53,RockBLOCK 231708 - Head-02,MO,57f17c7cfce57c0a51a97c3d64d77c3d76447c57f7ad7cfd0a7c0a515f7c3f1dd67c3f40497c57ee957cfce77c0a52477c3fbb3a7c3fcbd07c57f3297cfcef7c0a52577c3fbbd27c3f959b7c57f6f47cfcd37c0a50b07c3f96507c3f768d7c57f3137cfcf87c0a53897c3f61397c3f57807c57fcc17cfcca7c0a4b517c3f3a027c3f470c7c57ee027cfcf67c0a5b1e7c1b40,"-74.99321666666667,-0.13838333333333336",,146,3
13/Jan/2026 20:12:43,RockBLOCK 231708 - Head-02,MO,696554ea7c4094f97c22308c7c2235bc7c5d9eb97cfd4c7c0a524c7c403c3e7c4042d17c5dd02c7cfd277c0a52c47c3d6d097c3d749d7c57d0327cfcee7c0a54277c3d6d867c3d6a397c57c31f7cfcd97c0a54747c3dc2727c3dbb3f7c57d39b7cfce07c0a55a07c3e48417c3e4a607c57c9137cfd007c0a581d7c3f06e47c3efd297c57ccec7cfd377c0a58367c3f57867c3f41397c57cba07cfceb7c0a5d967c3f8b937c3f6ca27c57d23b7cfce77c0a4ca77c3fbd817c3fc1847c57cabc7cfceb7c0a6c1b7c4035827c402dbd7c57da927cfce27c0a65037c4053577c4059587c57c1ec7cfcf97c0a68937c1ef9fb7c1f04027c57e95c7cfd247c0a52727c2253367c22591d7c57f2b07cfd407c0a52827c281f1b7c28432e7c57fdbd7cfcbe7c0a52187c2d78a47c2d96297c57ef757cfcf27c0a51737c32819d7c3286317c57f8917cfd047c0a51687c39d4837c39c55c7c,"-74.99321666666667,-0.13838333333333336",,340,7
13/Jan/2026 12:47:00,RockBLOCK 228680 - Head_26-02,MO,6964ec23482dd20528650524e07f04defde8177205284b0524a57f04d7fde717640dd0,"53.00725,9.040816666666666",,35,1
13/Jan/2026 00:49:09,RockBLOCK 228680 - Head_26-02,MO,696443637c48165d7c052d897c0529e07c7f04dc7cfdea7c0f54057c052d757c0529c27c7f04e97cfde77c0f53fa7c0dc7,"53.00725,9.040816666666666",,49,1
12/Jan/2026 22:55:01,RockBLOCK 228680 - Head_26-02,MO,696429d748100c0531e3052e457f04e3fde10e9705318a052e137f04e3fde60e910dd0,"52.978883333333336,9.03145",,35,1
12/Jan/2026 22:12:08,RockBLOCK 231710 - Head-04,MO,589b707cfcee7c0a58147c3df52e7c3e069e7c58a18e7cfd0e7c0a57cf7c3fa5727c3fc81e7c5898997cfcff7c0a58b37c403c5d7c404cec7c589cf07cfcfd7c0a58cd7c4038387c4011cf7c58a0eb7cfce57c0a58e97c4010157c3ff0127c589d047cfd0c7c0a59fd7c3fd9d47c3fcff37c58a6a87cfcd27c0a50a27c3fb2637c3fbf977c5897ef7cfd047c0a5fe07c1b86,"-75.02788333333334,0.0",,146,3
12/Jan/2026 21:54:09,RockBLOCK 228680 - Head_26-02,MO,69641bc74804260539100535a67f04e6fddf0e4a0539900536137f04f0fde70e4f0dc7,"53.00725,9.040816666666666",,35,1
12/Jan/2026 20:54:05,RockBLOCK 228680 - Head_26-02,MO,69640db747ea32055405054fe87f04f6fdeb0dd70553dd054fd67f04fdfdee0ddc0dc7,"53.00725,9.040816666666666",,35,1
12/Jan/2026 19:55:58,RockBLOCK 228680 - Head_26-02,MO,6963ffa747e9c70554d40550bc7f04f6fde80d55055424054fff7f04f9fdec0d580dc7,"53.002716666666664,9.099683333333333",,35,1
12/Jan/2026 18:55:44,RockBLOCK 228680 - Head_26-02,MO,6963f19747e95105534e054f447f04f8fde80d94055355054f5a7f04f8fde40d970dc7,"53.00725,9.040816666666666",,35,1
12/Jan/2026 17:55:30,RockBLOCK 228680 - Head_26-02,MO,6963e38747e78005576105539d7f04f5fdec0eb20557b90553cf7f04f9fde10eb40dc7,"53.0076,9.766183333333334",,35,1
12/Jan/2026 16:54:54,RockBLOCK 228680 - Head_26-02,MO,6963d57747ea110555430551607f04f5fde90ff305552a0551417f04fefdde0ff00dc7,"53.00725,9.040816666666666",,35,1
12/Jan/2026 15:57:12,RockBLOCK 228680 - Head_26-02,MO,6963c76747ec6805548c0550bc7f04f3fde10ffb05548a0550ab7f04f2fde30ffa0dd0,"53.00725,9.040816666666666",,35,1
12/Jan/2026 13:58:42,RockBLOCK 228680 - Head_26-02,MO,6963ab4747f531054da70549d97f04f3fde311f6054df5054a3a7f04fffdec11f30dc7,"53.03338333333333,8.981916666666667",,35,1
12/Jan/2026 12:54:01,RockBLOCK 228680 - Head_26-02,MO,69639d3747f7d80549400545597f04f9fde5128b05495405457c7f04eefde512820dd0,"53.00725,9.040816666666666",,35,1
12/Jan/2026 11:54:15,RockBLOCK 228680 - Head_26-02,MO,69638f2747f7f505496d0545807f04f3fde5139b05497905457e7f04effde8138e0dd0,"52.99771666666667,7.051083333333334",,35,1
12/Jan/2026 10:57:08,RockBLOCK 228680 - Head_26-02,MO,6963811747f78a0548320544427f04effdea15b405483405443b7f04f1fde615b60dc7,"53.00725,9.040816666666666",,35,1
12/Jan/2026 09:54:55,RockBLOCK 228680 - Head_26-02,MO,6963730747f742054aa40546b77f04edfde518c2054ad10546e37f04fbfde818c50dc7,"53.01175,8.981916666666667",,35,1
12/Jan/2026 08:54:13,RockBLOCK 228680 - Head_26-02,MO,696364f747f7a60549f20545f17f04fafde81a420549ce0545c47f04f0fde01a3d0dc7,"53.00725,9.040816666666666",,35,1
12/Jan/2026 07:57:18,RockBLOCK 228680 - Head_26-02,MO,696356e747f8060548090544037f04f7fde91cde0547dd0544017f04edfde31cde0dc7,"53.01175,8.981916666666667",,35,1
12/Jan/2026 07:02:43,RockBLOCK 228680 - Head_26-02,MO,696348d747f9ea0548af0544bb7f04eefddd1da40548ea05450c7f04f1fde61d9c0dd0,"53.00725,9.040816666666666",,35,1
12/Jan/2026 06:05:33,RockBLOCK 228680 - Head_26-02,MO,69633ac747fcbb0546130542107f04eafde621960545db0541e17f04f4fde421870dd0,"52.978883333333336,9.03145",,35,1
12/Jan/2026 02:58:13,RockBLOCK 228680 - Head_26-02,MO,6963109747fbf605462a0542407f04f6fde52dde0546720542887f04ecfde72dd70dd0,"53.00725,9.040816666666666",,35,1
12/Jan/2026 02:07:04,RockBLOCK 228680 - Head_26-02,MO,6963028747fa0f0543e0053fe07f04eafde52f930543f5053ff47f04edfde22f900dc7,"53.002716666666664,9.099683333333333",,35,1
12/Jan/2026 00:54:18,RockBLOCK 228680 - Head_26-02,MO,6962f47747ff98054321053f377f04eefde933d0054333053f467f04eefde833d30dc7,"53.00725,9.040816666666666",,35,1
11/Jan/2026 23:01:47,RockBLOCK 228680 - Head_26-02,MO,6962d85748031f053e36053a577f04f1fdeb3c4d053e3b053a417f04ecfde93c460dc7,"53.00725,9.040816666666666",,35,1
11/Jan/2026 21:55:36,RockBLOCK 228680 - Head_26-02,MO,6962ca47480e9405366905329d7f04e3fde63fa305363805325d7f04e6fde83fae0dc7,"53.00725,9.040816666666666",,35,1
11/Jan/2026 17:59:04,RockBLOCK 228680 - Head_26-02,MO,69629207480382053caa0538b27f04f1fdec4921053c9b0538c17f04eefde349210dc7,"52.96981666666667,9.149066666666666",,35,1
11/Jan/2026 15:54:53,RockBLOCK 228680 - Head_26-02,MO,696275e74806dc0539550535687f04f0fde74e5c0539930535aa7f04ebfde24e5d0dd0,"53.002716666666664,9.099683333333333",,35,1
11/Jan/2026 14:54:07,RockBLOCK 228680 - Head_26-02,MO,696267d7480b8705383105345a7f04e8fdea4ff50538500534717f04e9fde64ffb0dc7,"53.00725,9.040816666666666",,35,1
11/Jan/2026 13:55:02,RockBLOCK 228680 - Head_26-02,MO,696259c74812f905336e052f877f04e7fde752b605335b052f887f04edfde752b60dd0,"53.05755,9.776316666666666",,35,1
11/Jan/2026 12:57:06,RockBLOCK 228680 - Head_26-02,MO,69624bb74818bb052f30052b5a7f04ddfdec5343052f0b052b3c7f04e7fdec53470dc7,"53.00725,9.040816666666666",,35,1
11/Jan/2026 11:54:11,RockBLOCK 228680 - Head_26-02,MO,69623da77c4828317c0525b07c0522097c7f04e37cfdeb7c0f96f27c0525837c0521ab7c7f04e47cfdee7c0f96f77c0dd0,"53.02435,9.099683333333333",,49,1
08/Jan/2026 21:59:55,RockBLOCK 228680 - Head_26-02,MO,695ed6f347fc2105455d0541517f04e8fde7265a0545150541157f04eefde5265a1ec1,"53.00725,9.040816666666666",,35,1
08/Jan/2026 20:00:43,RockBLOCK 228680 - Head_26-02,MO,695ebad347fe130540a5053ccd7f04e3fde9270c0540b7053cd37f04e4fdf5270d1ec1,"53.00725,9.040816666666666",,35,1
08/Jan/2026 19:00:46,RockBLOCK 228680 - Head_26-02,MO,695eacc347faea05446d05408c7f04e5fded320544a50540c67f04ecfdec311eca,"53.002716666666664,9.099683333333333",,33,1
08/Jan/2026 18:01:57,RockBLOCK 228680 - Head_26-02,MO,695e9eb347fe1905436d053f7e7f04e8fde54c05434c053f607f04f0fde84c1ec1,"53.002716666666664,9.099683333333333",,33,1
08/Jan/2026 17:08:32,RockBLOCK 228680 - Head_26-02,MO,695e90a347fc070544030540147f04e7fded6c0543e1053ff67f04ecfde76d1ec1,"52.978883333333336,9.03145",,33,1
08/Jan/2026 16:10:40,RockBLOCK 228680 - Head_26-02,MO,695e829347fbd30543a5053fa37f04eefdee0081054362053f827f04e6fded00811eca,"53.002716666666664,9.099683333333333",,35,1
08/Jan/2026 15:03:47,RockBLOCK 228680 - Head_26-02,MO,695e748347fe5d0542e5053f037f04ecfdef6b0542e5053ef57f04ebfde96b1eca,"53.00725,9.040816666666666",,33,1
08/Jan/2026 13:59:06,RockBLOCK 228680 - Head_26-02,MO,695e66734800490541c0053ddf7f04ecfdec0088054187053da97f04effdee00881ec1,"53.002716666666664,9.099683333333333",,35,1
08/Jan/2026 12:59:54,RockBLOCK 228680 - Head_26-02,MO,695e58634803f4054182053dce7f04edfdee0085054187053dad7f04f1fdf100851eca,"53.00725,9.040816666666666",,35,1
08/Jan/2026 12:00:05,RockBLOCK 228680 - Head_26-02,MO,695e4a534805f3054246053e8f7f04e9fde878054273053eb07f04e5fdf1771eca,"53.1058,11.12245",,33,1
08/Jan/2026 11:04:45,RockBLOCK 228680 - Head_26-02,MO,695e3c434804bb053dfa053a2d7f04e0fdeb008e053deb053a2d7f04f0fde4008e1ec1,"53.00725,9.040816666666666",,35,1
08/Jan/2026 10:00:38,RockBLOCK 228680 - Head_26-02,MO,695e2e3348037a053d5c0539827f04e8fdef78053d670539b37f04edfded781ec1,"52.98988333333333,8.49245",,33,1
08/Jan/2026 08:59:17,RockBLOCK 228680 - Head_26-02,MO,695e202347f6c00546f20543117f04f4fdea800546dc0543117f04f3fde77f1eca,"53.00725,9.040816666666666",,33,1
08/Jan/2026 08:05:50,RockBLOCK 228680 - Head_26-02,MO,695e121347ee9a055215054e427f04f0fdea7b05521a054e3f7f04f4fdeb7b1eca,"53.00725,9.040816666666666",,33,1
08/Jan/2026 06:59:08,RockBLOCK 228680 - Head_26-02,MO,695e040347f9410545d10542007f04e8fdf0650545f30542157f04e9fde7661eca,"53.00725,9.040816666666666",,33,1
08/Jan/2026 05:59:07,RockBLOCK 228680 - Head_26-02,MO,695df5f347fdb80545e905420f7f04ecfdf3400545ed0542157f04ebfde9401eca,"53.03338333333333,8.981916666666667",,33,1
08/Jan/2026 04:08:48,RockBLOCK 228680 - Head_26-02,MO,695dd9d34805910540c5053ce47f04ecfdef2a0540d2053cf87f04e5fdea2b1ec1,"53.00725,9.040816666666666",,33,1
08/Jan/2026 02:08:19,RockBLOCK 228680 - Head_26-02,MO,695dbdb348179b0534250530737f04e3fdf14205341b05306a7f04ddfdea431ec1,"53.00725,9.040816666666666",,33,1
08/Jan/2026 01:01:25,RockBLOCK 228680 - Head_26-02,MO,695dafa348275e05239a0520247f04eefdee400523c80520547f04d4fdeb3f1eca,"53.01175,8.981916666666667",,33,1
07/Jan/2026 23:59:05,RockBLOCK 228680 - Head_26-02,MO,695da1934827d80526610522b97f04d5fde95105261f0522867f04dafde8511ec1,"53.002716666666664,9.099683333333333",,33,1
07/Jan/2026 23:05:48,RockBLOCK 228680 - Head_26-02,MO,695d938348271605260f0522867f04d7fdeb5b0525ff0522957f04d8fde65b1eca,"53.00725,9.040816666666666",,33,1
07/Jan/2026 22:03:36,RockBLOCK 228680 - Head_26-02,MO,695d85734827540524a705210f7f04d3fded5b0524920521047f04d9fde95c1ec1,"53.00725,9.040816666666666",,33,1
07/Jan/2026 21:02:16,RockBLOCK 228680 - Head_26-02,MO,695d776348263305222f051ead7f04d4fdea540521b9051e137f04defded551eca,"53.00725,9.040816666666666",,33,1
07/Jan/2026 18:59:19,RockBLOCK 228680 - Head_26-02,MO,,"53.00725,9.040816666666666",,0,1
07/Jan/2026 17:59:06,RockBLOCK 228680 - Head_26-02,MO,695d4d3348271905243a0520c97f04d1fdf000920524460520b17f04dafdf500911eca,"53.02888333333333,9.040816666666666",,35,1
07/Jan/2026 17:06:26,RockBLOCK 228680 - Head_26-02,MO,695d3f2348365b051a600516f97f04d7fded00a3051a6d0516fd7f04d7fded00a31eca,"53.00725,9.040816666666666",,35,1
07/Jan/2026 16:07:17,RockBLOCK 228680 - Head_26-02,MO,695d31134830d3051b4e0517e57f04d2fdef00b1051b0605179a7f04cffded00ae1eca,"53.002716666666664,9.099683333333333",,35,1
07/Jan/2026 15:00:01,RockBLOCK 228680 - Head_26-02,MO,695d230348107305266b0522a87f04dffded00c10526ef05232e7f04defdec00c11eca,"53.00725,9.040816666666666",,35,1
07/Jan/2026 14:02:54,RockBLOCK 228680 - Head_26-02,MO,695d14f34830850521e7051e507f04d4fdf100e90521fd051e6d7f04dbfdef00eb1eca,"53.002716666666664,9.099683333333333",,35,1
07/Jan/2026 13:04:35,RockBLOCK 228680 - Head_26-02,MO,695d06e3483256051fc9051c347f04d6fdf2010f051fe0051c3f7f04dbfde6010f1ec1,"53.00725,9.040816666666666",,35,1
07/Jan/2026 12:01:36,RockBLOCK 228680 - Head_26-02,MO,695cf8d3482e430520b6051d0e7f04d8fde9017905208f051ced7f04d8fdf301781eca,"53.002716666666664,9.099683333333333",,35,1
07/Jan/2026 11:02:07,RockBLOCK 228680 - Head_26-02,MO,695ceac347e40505ec5a05e6d67f04e4fde801c005f3c905ed1d7f04e9fddb01c21eca,"53.00725,9.040816666666666",,35,1
07/Jan/2026 10:03:37,RockBLOCK 228680 - Head_26-02,MO,695cdcb3482d28051c2b0518877f04cdfdec021e051c170518777f04cafdee021f1eca,"53.01175,8.981916666666667",,35,1
07/Jan/2026 08:59:09,RockBLOCK 228680 - Head_26-02,MO,695ccea3480e19052b6c0527b17f04e0fdea0258052b5d0527a77f04defdf202591ec1,"53.00725,9.040816666666666",,35,1
07/Jan/2026 07:59:08,RockBLOCK 228680 - Head_26-02,MO,695cc0934728450591b2058bd17f0543fde7026d05901a058a117f053dfde6026d1ec1,"53.07605,9.904166666666667",,35,1
07/Jan/2026 07:02:59,RockBLOCK 228680 - Head_26-02,MO,695cb28347f4f805483e05443e7f04e4fded02950547ed0543fb7f04eefde802961ec1,"53.00725,9.040816666666666",,35,1
07/Jan/2026 06:09:37,RockBLOCK 228680 - Head_26-02,MO,695ca47347f54305465505424b7f04f2fdf002b705463a05424b7f04e7fded02b61eca,"53.01175,8.981916666666667",,35,1
07/Jan/2026 05:11:19,RockBLOCK 228680 - Head_26-02,MO,695c966347f6be0547f70543fc7f04f2fdeb02d105480505440c7f04eefdf202d11ec1,"53.002716666666664,9.099683333333333",,35,1
06/Jan/2026 20:48:42,RockBLOCK 231709 - Head-03,MO,3880d3fd4121b713aa,"-75.02785,-0.13871666666666668",,9,1
06/Jan/2026 20:48:33,RockBLOCK 231709 - Head-03,MO,695c229b3d42fb47f21a47cb18fd3b21f14770f5477e8bfd04223c47a109477949fd0a222447ff4c481687fd102244481a474810b5fd2c226a48703c48810afce922a748c76648a251fce222dd48bd3a48dd70fcf4230b48bff848eb61fd25235648d89048fc94fd2723c648d5dc491cb8fd052442209ec520b7a5fd5d21dd2685f326a029fcfa21cb2e4eac2e5406fcc821c5358c26359f63fd4a21bb3b8b6c3b8311fd0c21bd430b7542f49dfce921b846d77a46dbf5fd0121cc484fd5484de8fcfa21da48862b489708fd1a21e2485dae4858b1fd3821e9480c5b480baffd1721e647c5b547ea75fd122207478f5147ac9cfd09220a20427e205d49fd0221d6215256215c55fd2d21c022316122125afd1a21ce22791b226bf5fd1321d02624d0263810fd4e21cb29de7e29ea9bfd2621d52cd2172ce2c9fd5b21c82f5b532f5bdefcea21d434666f34822dfd0e21b0389318,"-75.02785,-0.13871666666666668",,340,7
06/Jan/2026 20:37:54,RockBLOCK 231709 - Head-03,MO,c73a7c47ebfe7cfd137c0a7c637c478f807c47acd37cfd107c0a7c8d7c2043997c205e5f7cfd117c0a7a837c2151b47c215b9e7cfd307c0a79a27c222f457c2210347cfd207c0a7a2d7c2276dd7c2269d27cfd127c0a7a437c2623787c2636cc7cfd577c0a7a167c29ddc27c29e9e87cfd237c0a7a777c2cd1c57c2ce26d7cfd597c0a79f97c2f5acc7c2f5b5c7cfcf17c0a7a6d7c3466577c3482207cfd167c0a790b7c3893657c38812c7cfd487c0a794b7c1353,"-74.99308333333333,-0.2767833333333333",,181,4
06/Jan/2026 20:37:46,RockBLOCK 231709 - Head-03,MO,695c20417c3d9cfd7c47f9707c47d2a37cfd397c0a7b817c4768467c47758e7cfd027c0a7e6a7c478ff77c47678f7cfd137c0a7d7e7c47edf27c4804747cfd127c0a7ec57c480e6a7c4804a47cfd357c0a80367c486b3d7c487c0d7cfceb7c0a829c7c48c5d67c48a0d27cfce57c0a84bb7c48bbdb7c48dc1f7cfcfc7c0a86847c48befd7c48ea6b7cfd2e7c0a89747c48d7f17c48fbfc7cfd297c0a8dd07c48d5497c491c2c7cfd067c0a92ad7c2079d67c2092af7cfd617c0a7ac27c2662317c267c277cfd077c0a7a0a7c2e19f97c2e1f1c7cfcc47c0a79d37c3550797c3563457cfd4d7c0a79707c3b52847c3b49c87cfd087c0a798a7c42da7c7c42c35c7cfcf37c0a79557c46b9f77c46be597cfd047c0a7a227c4845027c4842fc7cfcfd7c0a7aa77c4887eb7c4898d07cfd247c0a7af07c48634d7c485e827cfd3f7c0a7b387c480e7d7c480de27cfd1a7c0a7b1c7c47,"-74.99321666666667,-0.13838333333333336",,340,7
06/Jan/2026 19:06:31,RockBLOCK 228680 - Head_26-02,MO,695c09c347fe110544050540157f04ebfdee041b0543f70540067f04e1fdee041a1ec1,"53.01175,8.981916666666667",,35,1
06/Jan/2026 18:13:55,RockBLOCK 228680 - Head_26-02,MO,695bfbb347fff10542b7053ee07f04e2fdee0414054288053ea87f04e2fdee04141eca,"53.002716666666664,9.099683333333333",,35,1
06/Jan/2026 17:20:54,RockBLOCK 231710 - Head-04,MO,695bf2be7c42f5257c0b23f17c0b1d5d7cfcac7c0a7bbd7c13a1,"-75.02788333333334,0.0",,26,1
06/Jan/2026 17:14:52,RockBLOCK 231710 - Head-04,MO,695bf1427c4326317c0b02f57c0af7c17cfcb17c0a7bb77c1339,"-75.10641666666666,0.0",,26,1
06/Jan/2026 17:04:26,RockBLOCK 228680 - Head_26-02,MO,695beda34807bf053e0c053a277f04e9fdef03f9053de2053a087f04dcfdf303f91ec1,"53.00725,9.040816666666666",,35,1
06/Jan/2026 12:59:07,RockBLOCK 228680 - Head_26-02,MO,695bb5634835a0051f63051bb77f04bffde903cb051f6e051bd37f04c8fde903c91ec1,"53.00725,9.040816666666666",,35,1
06/Jan/2026 10:59:24,RockBLOCK 228680 - Head_26-02,MO,695b994347eb81054c120547ba7f04e6fde903fc054a850546257f04ecfded03fd1eca,"53.00725,9.040816666666666",,35,1
06/Jan/2026 10:03:48,RockBLOCK 228680 - Head_26-02,MO,695b8b33482c760520e1051d467f04d0fdeb03fb0520f5051d5d7f04d4fded03fc1ec1,"53.002716666666664,9.099683333333333",,35,1
06/Jan/2026 09:04:33,RockBLOCK 228680 - Head_26-02,MO,695b7d23481d85052a650526ac7f04d9fded03d9052a770526be7f04d6fdef03d91ec1,"53.00725,9.040816666666666",,35,1
06/Jan/2026 08:10:01,RockBLOCK 228680 - Head_26-02,MO,695b6f137c481ac47c052d357c05297a7c7f04d87cfdf47c0f67b47c052d6b7c0529bd7c7f04dc7cfdf17c0f67af7c1eca,"52.98785,8.913766666666668",,49,1
06/Jan/2026 06:23:41,RockBLOCK 228680 - Head_26-02,MO,e4fde80362053151052d9f7f04d3fdf30362053158052d957f04dcfdeb0362053161052dbc7f04d9fdef0361053179052dc87f04d9fdf10361053169052dac7f04dcfdeb036105315f052da57f04defdf20362053132052d737f04d9fde90362053103052d367f04ddfde703621ec1,"53.00725,9.040816666666666",,111,3
06/Jan/2026 06:15:32,RockBLOCK 228680 - Head_26-02,MO,695b53864825f6053088052cdc7f04e4fdf0035e0530a6052cff7f04dbfdf0035e0530c0052d097f04d7fdf2035f0530d2052d217f04d7fdf203600530c7052d147f04d9fdef03600530d9052d2d7f04defdec03600530f0052d427f04e0fdeb0360053109052d627f04d7fdeb036005310c052d5b7f04dafde803610530f8052d4c7f04d9fdea03610530fc052d437f04ddfdf40361053101052d4f7f04d6fdf20360053101052d497f04e3fde5035f0530fb052d467f04ddfdea035f053100052d4f7f04dbfdec035f05310c052d5a7f04dffde6035f053113052d6a7f04e6fde7035f05313d052d967f04defde9035f05313a052d9d7f04d8fdf5035f05316c052dce7f04dffdef0360053198052de37f04e2fdeb0361053174052dd17f04d6fdea03620531a4052df77f04ddfdf0036205319b052de17f04d7fdf3036205317b052db87f04d7fded0362053144052d867f04,"53.00725,9.040816666666666",,340,7
06/Jan/2026 05:23:39,RockBLOCK 228680 - Head_26-02,MO,7f04d17cfded7c0f636d7c0523347c051fc67c7f04d57cfdf07c0f636c7c0523ef7c05207c7c7f04d47cfdf07c0f636b7c05246f7c0520ff7c7f04cd7cfdec7c0f63707c0524747c0520ee7c7f04dc7cfdeb7c0f63727c05248e7c0521137c7f04d97cfde57c0f63657c05243c7c0520987c7f04d77cfdf07c0f63687c0523f17c05205f7c7f04ce7cfdeb7c0f63687c0523e97c0520707c7f04d37cfdeb7c0f636c7c05240d7c05207b7c7f04d37cfdec7c0f636d7c0523c77c0520297c7f04d07cfdeb7c0f636b7c0523d27c0520417c7f04d17cfdea7c0f63687c0524387c0520b77c7f04cf7cfdef7c0f63757c05246f7c0520ee7c7f04d27cfdee7c0f63717c0524b67c0521227c7f04da7cfdf37c0f63737c0524a07c0521087c7f04d87cfded7c0f63737c0524737c0520c87c7f04d17cfdf47c0f63717c1ec1,"53.00725,9.040816666666666",,317,7
06/Jan/2026 04:56:21,RockBLOCK 228680 - Head_26-02,MO,7f04d07cfdf27c0f63397c0522b87c051f5b7c7f04d07cfdf07c0f63367c0523107c051f937c7f04d37cfdf07c0f633b7c0523327c051fca7c7f04d27c,"53.00725,9.040816666666666",,61,2
06/Jan/2026 04:48:10,RockBLOCK 228680 - Head_26-02,MO,695b41497c483b2d7c051ffb7c051c9a7c7f04ce7cfde97c0f63407c0520517c051cec7c7f04d27cfdeb7c0f63417c0520807c051d107c7f04ca7cfdec7c0f63427c0520947c051d1f7c7f04d87cfdef7c0f63417c0520807c051cf87c7f04cc7cfdef7c0f63377c0520877c051d207c7f04d27cfdeb7c0f63377c051ff57c051c487c7f04dd7cfde87c0f63367c051ed17c051b317c7f05687cfdf17c0f63337c051e827c051afd7c7f04fc7cfdee7c0f63367c051e537c051ac97c7f04e57cfdef7c0f633b7c051e097c051a9c7c7f04e27cfde97c0f633f7c051e7e7c051b277c7f04d37cfdef7c0f63407c051f227c051bd87c7f04d67cfdea7c0f63407c0520107c051cc37c7f04d47cfdf57c0f633e7c0520cd7c051d7f7c7f04d57cfdf47c0f633f7c0521937c051e417c7f04dc7cfdee7c0f63417c0522147c051eb67c7f04cf7cfdf67c0f633e7c0522627c051f0a7c,"52.978883333333336,9.03145",,340,7
06/Jan/2026 04:11:49,RockBLOCK 228680 - Head_26-02,MO,695b36517c4861767c05208a7c051d237c63b9b97c7f05217cfdf47c0f62127c1eca,"53.00725,9.040816666666666",,34,1
06/Jan/2026 03:01:49,RockBLOCK 228680 - Head_26-02,MO,1eca,"53.05976666666667,8.628166666666667",,2,1
06/Jan/2026 02:32:14,RockBLOCK 228680 - Head_26-02,MO,1eca,"53.00725,9.040816666666666",,2,1
05/Jan/2026 17:16:48,RockBLOCK 228680 - Head_26-02,MO,695aa01b4806090534f105313a63b9b07f0520fdf20f59781ec1,"53.00725,9.040816666666666",,26,1
05/Jan/2026 13:04:59,RockBLOCK 228680 - Head_26-02,MO,695a654747e3da054d5605498963b9be7f053ffdec0f585c001ec1,"53.03338333333333,8.981916666666667",,27,1
05/Jan/2026 12:06:38,RockBLOCK 231710 - Head-04,MO,1330,"-75.02788333333334,0.0",,2,1
05/Jan/2026 12:05:43,RockBLOCK 228680 - Head_26-02,MO,695a573747d332054cb50548cc63b9c17f053dfdeb0f59091fbd1ec1,"53.01175,8.981916666666667",,28,1
05/Jan/2026 12:03:42,RockBLOCK 231710 - Head-04,MO,1387,"-75.02788333333334,0.0",,2,1
05/Jan/2026 11:14:42,RockBLOCK 228680 - Head_26-02,MO,,"53.002716666666664,9.099683333333333",,0,1
04/Jan/2026 19:45:56,RockBLOCK 228680 - Head_26-02,MO,695970a27c4813867c05267d7c0522c87c63b9b97c7f05267cfdeb7c0f4dd10c357c1eca,"53.00725,9.040816666666666",,36,1
04/Jan/2026 18:50:40,RockBLOCK 228680 - Head_26-02,MO,695964674805490535ca05321a63b9947f04f3fdec0f4c6a001ec1,"53.00106666666667,8.737083333333333",,27,1
04/Jan/2026 15:09:33,RockBLOCK 228680 - Head_26-02,MO,695930a37c48264c7c0529d87c05262c7c63b9947c7f05227cfdf17c0f475d007c1ec1,"53.00725,9.040816666666666",,35,1
04/Jan/2026 14:50:48,RockBLOCK 228680 - Head_26-02,MO,6959247b7c482e647c052f357c052b737c63b9217c7f04937cfdee7c0f46481fbd7c1e9e1eca1eca1eca,"53.00725,9.040816666666666",,42,1
04/Jan/2026 14:11:57,RockBLOCK 228680 - Head_26-02,MO,1ec1,"53.00725,9.040816666666666",,2,1
04/Jan/2026 13:53:42,RockBLOCK 228680 - Head_26-02,MO,69591ceb7c47fcea7c053e577c053a667c63b9447c7f04c37cfde87c0f45e7007c1eca,"53.00725,9.040816666666666",,35,1
04/Jan/2026 12:44:09,RockBLOCK 228680 - Head_26-02,MO,69590edb7c4800e57c053b2f7c0537447c63b9377c7f04bc7cfde17c0f4581007c1eca,"53.016216666666665,8.923",,35,1
04/Jan/2026 11:47:49,RockBLOCK 228680 - Head_26-02,MO,695900cb7c47ff8d7c053b517c05377a7c63b93b7c7f04c37cfdf07c0f44a7007c1eca,"53.00725,9.040816666666666",,35,1
04/Jan/2026 10:43:57,RockBLOCK 228680 - Head_26-02,MO,6958f2bb7c47f7987c0542167c053e397c63b9467c7f04cb7cfdf27c0f44e9007c1ec1,"53.01175,8.981916666666667",,35,1
04/Jan/2026 09:44:46,RockBLOCK 228680 - Head_26-02,MO,6958e4ab7c47f8767c0543837c053f967c63b92d7c7f04a87cfdee7c0f43b5007c1eca,"53.00725,9.040816666666666",,35,1
04/Jan/2026 09:16:47,RockBLOCK 228680 - Head_26-02,MO,6958dda27c47f3a97c053f407c053b5c7c63b9447c7f04c97cfde97c0f4389007c1eca,"53.00725,9.040816666666666",,35,1
04/Jan/2026 08:31:01,RockBLOCK 228680 - Head_26-02,MO,6958d3587c47e5d87c054d8f7c0549a57c63b9477c7f04da7cfdee7c0f421409c47c054d9c7c0549bc7c63b9557c7f04df7cfde87c0f421802717c1eca,"53.002716666666664,9.099683333333333",,61,2
04/Jan/2026 07:31:05,RockBLOCK 228680 - Head_26-02,MO,6958c5487c47e0737c0553627c054f5e7c63b9567c7f04e67cfdf17c0f4047222e7c0552b47c054e697c63b95e7c7f04e07cfde97c0f404704e27c1ec1,"53.002716666666664,9.099683333333333",,61,2
04/Jan/2026 06:32:32,RockBLOCK 228680 - Head_26-02,MO,6958b7387c47e12a7c05517b7c054d957c63b9557c7f04e27cfdf17c0f3f4e04e27c0551787c054d6d7c63b9627c7f04e87cfdec7c0f3f541d4c7c1ec1,"53.06175,8.991233333333334",,61,2
04/Jan/2026 05:35:59,RockBLOCK 228680 - Head_26-02,MO,6958a9287c47e05f7c0551347c054d407c63b9537c7f04d97cfdef7c0f3e9b07537c0551527c054d6a7c63b9577c7f04e57cfde97c0f3e9e09c47c1ec1,"53.00725,9.040816666666666",,61,2
04/Jan/2026 04:32:34,RockBLOCK 228680 - Head_26-02,MO,69589b187c47e0f87c0551287c054d357c63b9547c7f04e37cfdf27c0f3e82186a7c0551607c054d897c63b9577c7f04df7cfdf47c0f3e7307537c1ec1,"53.00725,9.040816666666666",,61,2
04/Jan/2026 03:38:40,RockBLOCK 228680 - Head_26-02,MO,69588d087c47dfb07c054f7b7c054b727c63b9577c7f04da7cfde77c0f3ecf1d4c7c054f467c054b507c63b9547c7f04e47cfdeb7c0f3ed00ea67c1eca,"53.01175,8.981916666666667",,61,2
04/Jan/2026 02:41:35,RockBLOCK 228680 - Head_26-02,MO,63b95c7c7f04ea7cfde87c0f3e48007c05626f7c055d967c63b9597c7f04e87cfded7c0f3e4107537c0561877c055caa7c63b95d7c7f04ea7cfdea7c0f3e3d1fbd7c05603a7c055b6d7c63b9627c7f04ee7cfdf07c0f3e5302717c055fc17c055af47c63b9567c7f04e87cfdf47c0f3e590c357c055f607c055a957c63b9587c7f04f07cfdec7c0f3e4f1fbd7c055ef17c055a227c63b95e7c7f04e47cfdf17c0f3e421adb7c1ec1,"53.00725,9.040816666666666",,168,4
04/Jan/2026 02:39:18,RockBLOCK 228680 - Head_26-02,MO,69587f577c4722cc7c05675a7c05625b7c63b8f07c7f03347cfde77c0f3e7909c47c0567197c0562017c63b9587c7f04e27cfde77c0f3e80007c0565d07c0560a17c63b9497c7f04d07cfdf17c0f3e881adb7c0565397c0560257c63b92b7c7f04ae7cfde97c0f3e7c249f7c0565597c05606a7c63b9327c7f04b57cfde47c0f3e7707537c05651b7c0560257c63b9397c7f04b87cfdf17c0f3e77186a7c0564817c055f8a7c63b9357c7f04b47cfde37c0f3e7811177c0564a27c055fd97c63b9317c7f04bc7cfde47c0f3e6c0c357c0563bf7c055eb47c63b92e7c7f04bc7cfded7c0f3e620c357c05633f7c055e677c63b9347c7f04c07cfded7c0f3e6b0c357c05639f7c055ed57c63b9057c7f04c37cfde97c0f3e611adb7c0562d47c055df97c63b9537c7f04df7cfdf27c0f3e5413887c0562c27c055e1b7c63b95b7c7f04eb7cfde57c0f3e4f007c05631b7c055e627c,"53.00725,9.040816666666666",,340,7
04/Jan/2026 00:48:00,RockBLOCK 228680 - Head_26-02,MO,695866d07c47ef1c7c0539637c0534b47c63b9eb7c7f05667cfdf77c0f3bf809c47c1ec1,"52.978883333333336,9.03145",,36,1
03/Jan/2026 14:18:08,RockBLOCK 228680 - Head_26-02,MO,647c63b9697c7f05067cfdf17c0f2612186a7c0543817c053fe47c63b9647c7f04fe7cfdf27c0f2618186a7c0543837c053fc07c63b9677c7f04fb7cfdf47c0f261c007c0543387c053f7b7c63b9637c7f05047cfdf37c0f262809c47c0542f27c053f457c63b95e7c7f05077cfdf27c0f263507537c05430f7c053f6c7c63b9647c7f05057cfdf47c0f262e1adb7c0543147c053f6d7c63b95a7c7f05027cfdf07c0f26321fbd7c1ec1,"53.00725,9.040816666666666",,170,4
03/Jan/2026 14:17:54,RockBLOCK 228680 - Head_26-02,MO,6957d1db7c47e6ce7c0541657c053db17c63b95f7c7f050d7cfdea7c0f25c31fbd7c0541ca7c053e167c63b9667c7f05097cfdeb7c0f25c70ea67c05420e7c053e577c63b9607c7f050f7cfdf37c0f25ce186a7c0542027c053e527c63b9667c7f05087cfdf17c0f25d9222e7c0542577c053ead7c63b9617c7f050c7cfdf57c0f25d411177c05426a7c053eaf7c63b9637c7f05027cfded7c0f25ce07537c0542b27c053f057c63b9707c7f05017cfdf47c0f25da0c357c0542d67c053f1c7c63b96f7c7f050a7cfdf27c0f25e31adb7c0542c57c053f077c63b9637c7f05107cfdef7c0f25ec0ea67c0542257c053e677c63b9727c7f05047cfdec7c0f25f604e27c0542317c053e727c63b9697c7f050b7cfdf47c0f260209c47c0542567c053ead7c63b9627c7f050a7cfdef7c0f260604e27c0542a87c053ef97c63b9637c7f050e7cfdf77c0f261204e27c0542f77c053f,"53.00725,9.040816666666666",,340,7
03/Jan/2026 08:33:28,RockBLOCK 228680 - Head_26-02,MO,1e9e,"53.03785,8.923",,2,1
03/Jan/2026 08:27:42,RockBLOCK 228680 - Head_26-02,MO,1e9e,"53.02066666666666,8.864066666666666",,2,1
