"At (UTC)","Direction","Thing","Type","Size","Transport","Payload","Delivery"
"27 Jul 2026 04:26:35","MO","RockBLOCK 228679","SBD",226,"SBD","6A66CF893F094214DD300100000014E49B14DA2714CDB014D91C14D74C14C89E14BB8014C18B14B1DE14A69014A4F714AAEF14AA5E149D1714A6E4149FF314926D14A11214998C149C021483551482AA147798148D48147D551479AA146FF51469A6146621146B3F14578814646F1457521454A01467C6144A9C144E92144650",
"27 Jul 2026 04:17:39","MO","RockBLOCK 234048","SBD",225,"SBD","6A66F79D3DE8F014BA9E14DB1514AC9B14A21B149533148F7214979A148CA71494AA148BAA148FC6148CBE148B05147E061492BC148B3C1485BC1488D01491F5148475148870147B4C1483A8147C98147E4114848C14792614867B147B9A147A74147FC0147F2B147B4E14827E147172146E94147747147125146DBF14858D14",
"27 Jul 2026 01:26:38","MO","RockBLOCK 228679","SBD",226,"SBD","6A66A5593FCE62132B3801000000133D591327B7132574132A321326D6131D1113158413192E130C881309D4130A6D130E8B131374130B5D1311DA1316AD1309E113152713156C131A331305D11300B313007E1313F9130A7C130D201300681308A9130D71130A9413033213084A13040013045E13157012FBE413030F12FAD9",
"27 Jul 2026 00:17:35","MO","RockBLOCK 234048","SBD",225,"SBD","6A66BF5D3E35291583F71644D11616C8160B7815FF0C15FB131602E715F6D51600AA15F8C715F98115F8DA15F5C515EAFF1601CF15FA2B15F48315F7E91603BE15F41115FA4315EBF215F47615ED7B15EF8915F68315EBC315F8C115EEAA15E9C815F07F15EE7115EB7C15F13B15DEC315DAD515E1E915DD3415D80E15F23115",
"26 Jul 2026 22:26:41","MO","RockBLOCK 228679","SBD",226,"SBD","6A667B29418F55103CB301000000104935102E7C100DE5103C890FCBEA0FC4A00FA03E0FCB5E0FC4680F9B200FA62A0FC3110FAE4A0FAC040FCE340FAC100F92740FD1170F98AB0FA9F80F8E040FA5300F8D840FABAA0F9AD50F95E40FB3C70F915B0F97F50FA9D50F89E00FC2A10FA0100FA1D60FA89D0F9B540F8C780F7D16",
"26 Jul 2026 20:17:37","MO","RockBLOCK 234048","SBD",225,"SBD","6A66871D3FCF2E118E0411D97711E86D12265411D99911F31411E90F11BEE811F57412062B11C3AE11F8AC11D31911E5161208E01215B312108312160B122DAF120341122928120F6412158D1226111218D5122C1C122FD9122CF9122AD312266912253A120C031229F0122A141211D81241AC122846121E72122CFC1244DF12",
"26 Jul 2026 19:26:41","MO","RockBLOCK 228679","SBD",226,"SBD","6A6650F94275290D81B0010000000D86F00D58240D00EF0D63B80D17290CE18F0C8CEB0CED5C0CE34A0C868F0C988A0CD1C30C92530CB4180CDADD0C8A510C8ABC0D033E0CA6C70CAC870C77740CDE9F0C830C0CA7C30C9DAE0C910A0CD9F10CAC6A0C954F0CBA9C0C92D70D041E0CB9800CBDB20CCC2E0CA1F50C944F0C747F",
"26 Jul 2026 17:37:42","MO",231710,"SBD",284,"SBD","6A66460A36C9004F32BF4F24EC63D4A9FCA94CAFD34CA9E463CA78FC7F469B8446875463BFC9FC98462C0B4627E463C4B2FC9F46C1E746CD5663B710FC87475E5247691C63C8A7FC6B47E93B47E1F663BB3EFCB548125D480B8663BB3EFC3E48618E484D1A63BD54FC7548AA7348883463BBFFFC5D48D99A48BB9263B997FC5B",
"26 Jul 2026 16:26:36","MO","RockBLOCK 228679","SBD",226,"SBD","6A6626C942437A0D5D89010000000D411D0D3E6D0CF5060D20AC0CE7640CC34A0C8E0B0CC3490CBE490C8B290CA4060CBE350C86060CBEB80CC1B80C89CF0C93030CDE720CB0880CB8B70C89A80CC80C0C9DB70C9BAF0CAD9C0CA01F0CBFBD0CB3100CAECF0CACCB0CA48E0CE7C10CB3730CBF690CD6A60C8C6D0C9C5E0C8AAE",
"26 Jul 2026 16:17:34","MO","RockBLOCK 234048","SBD",225,"SBD","6A664EDD3F79BE10D85C10980B10E7D7112A9410E3331128DB110B3010EFE51119161135E810F796112B2210E6E11105DF112D9C114E52112D29112831113E0211146411339F11146C1124C61148341140D6115088113D82112B1A112A3B1118A211200F10FCD3112C211120CC110B971142A2113D5C111C1E11301311487E11",
"26 Jul 2026 16:16:00","MO","RockBLOCK 228680","SBD",231,"SBD","6A66240D3929751ADB9E1AEBC9FDF70A63D427A10627A360FDFF0A63912B9B0A2B9138FDFE0A635A2BDAE82BDE77FDEC0A64CA2BBFE72BB57EFDE40A64DA2BC4522B9F8AFDE70A66032C19542C2EC7FDF10A67EC2CB6B12CCBA2FDE00A69552CF9FD2D0DD2FDE40A6C402D37F82D2711FDCC0A6DD61AD1111AE049FE2E0A6380",
"26 Jul 2026 13:26:39","MO","RockBLOCK 228679","SBD",226,"SBD","6A65FC994193BC0EF079010000000EC4B10EDE0A0EC6FB0EB9180E0CE40E21F10E332D0E0BB30E074A0E36740E53AC0E31160E268F0E617D0E27720E35320E31C30E1AE60E41580E56090E37300E1B2F0E48D60E208F0E543A0E43210E166B0E4D7E0E65770E24D40E413A0E2F830E28C70E4EB00E613A0DFA1F0E2D490E2D14",
"26 Jul 2026 12:17:35","MO","RockBLOCK 234048","SBD",225,"SBD","6A66169D3EBFD9125FF90F6C121160E211C38C1162D811D02511AB3211990711B7B511E0C311A10311C8BA118D8311AA1011D41A11FB1911D03E11C01E11D9FF11B47911DA2611AB6F11D05B11F49E11EAC012022511DC5F11C1C911C9D011B51411BD3611A55211CD5D11D32D11BD6A11E2E511ECBB11D00411D16611E93811",
"26 Jul 2026 10:26:41","MO","RockBLOCK 228679","SBD",226,"SBD","6A65D2693FEC9E11D00A0100000011CD3312006411FB2211F9BB10ABEB10FFA5114AD210C1BE10B0761150681158621121CF1147A1116782111F3E1165CF11431810BCA811550311767F1161BE10C1C9116B7E1125BE11669411586910F4BF114B57118AC21124EE11573710F9FE1132DC115EB7114DF41110BD114BFF115115",
"26 Jul 2026 08:17:38","MO","RockBLOCK 234048","SBD",225,"SBD","6A65DE5D3D83BB157880148CCC14BF8B14D65514C0BB14D51114D37214CA0F14D44814DD9D14D26E14D62F14CAC914C9CA14E34114E51B14DA2C14D7BA14E5D214D2C014E04914CDB214E1C114E53414DFA914E9FB14DD9114DCBB14DC4514D4A014D8EF14DBA814DCB614E52B14D10914D5D814E03F14D91014D3EE14EE1914",
"26 Jul 2026 07:26:39","MO","RockBLOCK 228679","SBD",226,"SBD","6A65A8393F371513F1410100000014081E1417C41420CD1419A51347D213889413B3991352601339A813B4AC13B64D1389E913B9DA13B6011388CC13CCA313A86C133BA613BF1C13CB5D13B4F1134E9313B4BE139C4713B43813B47D13545913A7F913D11B138A57139FF5134D4D137FDC1398CE13946E136D401396BC138CEE",
"26 Jul 2026 04:26:41","MO","RockBLOCK 228679","SBD",226,"SBD","6A657E093FBE7612E48D0100000012F82E12E1EC12DDF712E3EE12E3BE12D82012CF8612D31412C62A12C2F412C4FD12C8DF12CD4212C4DB12CDE612CDB812C22412D0A512C87812CE0B12B91A12B8CF12B52312C7E512BC6412C00D12B3E412BB8E12C0CB12C0C712B86612C07412BAAD12B91212CA3C12B1FB12B7FF12B1EE",
"26 Jul 2026 04:17:38","MO","RockBLOCK 234048","SBD",225,"SBD","6A65A61D3D1CD716B69F17539F1771E1174B9A17342617217D17226B1715E417188D170CE417156F170CAD170B8316FB1C170E9B1700E816FDEC16FE2A1703C416F6CC16F96216E7AE16F23A16E87016EB8016F2B816E5BD16F26A16E58E16E58B16E98316EC0B16E52A16EE3D16DC4716D90716E1F116DB8516D57516EE7C16",
"26 Jul 2026 01:26:38","MO","RockBLOCK 228679","SBD",226,"SBD","6A6553D9405E5B10491601000000105906104ABF104B481050821051F9104C10104924104C2410424710427710430B1047DC104B4D1044ED104ABC104D5D10441D104D5D104D2B10540A104440103F0310413D105116104A31104D45104196104780104DF8104BFD1045541049C81046E510466E1056B2103FC8104774104276",
"26 Jul 2026 00:17:50","MO","RockBLOCK 234048","SBD",225,"SBD","6A656DDD3D81F0160B9216AE4216F98D16D6CC16C3B316B5C916B9F016AD2116B45616AA0416AC9F16A4D116A54916995D16AE5616A3A916A00416A1B116AAE9169C5E16A0F8168E7C16983D1690A11690791696E5168C881699A116918A168DDA16937D1693D516903A16974A16849516815316845C167F37167B351697F016",
"25 Jul 2026 22:26:35","MO","RockBLOCK 228679","SBD",226,"SBD","6A6529A94118380F2B48010000000F361D0F32150F2BA00F36110F37540F32670F474A0F26190F1E750F217A0F234A0F24070F2C070F27F00F347F0F36920F19E20F28580F28FB0F2E250F247A0F1F800F22E30F2CC30F20D80F287D0F1C630F399E0F3DF50F38E60F28AF0F2B650F25070F21C10F26940F0FB40F15140F0F38",
"25 Jul 2026 20:17:38","MO","RockBLOCK 234048","SBD",225,"SBD","6A65359D3E9E82139489135EE3157BF8159948150F8D1547C515300D14CC85154E8D1567CB14B8FE15440314B86D14FA7615396D156575159477155427156EAF151339155062152CEC151CB61566BD156183156790157D9415592C1553DF15485B153AD114D9FF154935150D8A14E2FB158394153AA014FE7E155618155D6C15",
"25 Jul 2026 19:26:40","MO","RockBLOCK 228679","SBD",226,"SBD","6A64FF794220A50D7F5B010000000D74AB0D84A40D5E1F0D8A5D0D52230D46AF0D5E820D3FA30D3E600D33F90D40AD0D507A0D4B680D52150D5FB50D57A70D40980D5BE40D52AA0D5FE60D49000D41F00D55D50D56730D57BB0D5BE60D5DE00D5A5D0D735C0D6D860D65270D77420D6FA20D76040D7AE50D65000D6F680D63D0",
"25 Jul 2026 17:37:27","MO",231710,"SBD",284,"SBD","6A64F48A36C8564F8A894F7CC563D4ABFCB04CC7044CC11B63CA73FC8C46D5D446C19463BFD6FC9B461D014618E763C4B3FCAA4675AC46812863B70EFC8346FD1F4707F363C89CFC60479ED84797A463BB3CFCB647DB2C47D46063BB45FC3D484B8148372663BD4DFC8448937A48714B63BBF5FC6148D45C48B65F63B999FC69",
"25 Jul 2026 16:26:35","MO","RockBLOCK 228679","SBD",226,"SBD","6A64D54942A0790D0EB0010000000D061E0D18C90CD5680CE8DE0CAE790CA6570CA2420CA5D50C97210C72BB0C87F00C9DA30C82C30CA2E40CA6380CA2290C91F10CB4B00CA3E50CBA930CA75D0C96690CAFAB0CA82B0CA5170C9E330CA57A0C9C0B0CA1460C9A2F0C904D0C9DA80C95AE0CA3C10CA7BF0C7D760C91CD0C7ECC",
"25 Jul 2026 16:17:34","MO","RockBLOCK 234048","SBD",225,"SBD","6A64FD5D3EF28412B71311803515372B1590B614CE9C158910156EC814F3DB15AE2515D41B14A5E5159B3514AA8E15437D15AC8C15F47715A01D15BE1E15E80A156F1015C15A15B560158DC715FD3515F0F015EDEA15FE9C15E6E915D13B15AC1815B85314FC4315A6F5152C451509E116035C15B1511503AC15B96915E3A515",
"25 Jul 2026 16:15:18","MO","RockBLOCK 228680","SBD",231,"SBD","6A64D28D392ABD1AD5911AE5DEFDF30A52E12667F926681FFDF60A52AA2AE1B72AD761FDFD0A526C2BD57E2BD935FDEF0A53D02BBEB92BB444FDF00A53D92BBD942B990BFDEE0A55062BFC822C1177FDE90A56F62C91072CA510FDE40A585D2CE4CB2CF81CFDEB0A5B482D2B692D1A65FDC80A5CE11AEBAF1AFA9BFE230A52A0",
"25 Jul 2026 13:26:39","MO","RockBLOCK 228679","SBD",226,"SBD","6A64AB19423C560CD7DF010000000CD6CB0CFD1C0CF24E0CD3080C4ADF0C480D0C4C290C45670C48400C7C3B0C91410C79BE0C9A000C98510C68CB0CA6B10C9A9B0C35400C84240C92130C982B0C45830CBD2C0C935C0CA5910C94A10C6E5D0C9EC40CC2A40C96390CB1520C6A300C71350C95410CA27A0C730D0C8BEE0C90BC",
"25 Jul 2026 12:17:36","MO","RockBLOCK 234048","SBD",225,"SBD","6A64C51D3ED5D91379991237E313E30B1439011320C1141673141375139EE8146B84145FC8134C0A14384913841214206C1466FC14911C143666145B90149436143516148C0E14530B144DB114B41114B19014B84F14B3911497C314A196144D1B1476CE13F545145E4C1435371412BE14DC951462CE141B061493B614A49814",
"25 Jul 2026 10:26:38","MO","RockBLOCK 228679","SBD",226,"SBD","6A6480E9416A410D88B2010000000D9C120DA8690DB5ED0DA7F20D01D40D31820D55810D223A0D0C0E0D62EC0D6E2C0D4CEC0D7DA00D6C6E0D4C400D8C120D678C0D1C0D0D72D10D86370D841B0D281A0D87D30D5BEB0D8E2D0D7A820D3BE50D91280DADF60D59800D79D40D4BB40D5DDA0D8B6F0D808D0D62930D7E970D7DBF",
"25 Jul 2026 08:17:40","MO","RockBLOCK 234048","SBD",225,"SBD","6A648CDD3D8E51144939143CCA15EE74161C5F15FC8B1622AF16150416060416276F162B9A161F24162E44161B951623171639251639D81637461637CB164238162E671639CF1624241635C61644D416456116474E163B33163A5D16310F163166162FF216297F16307A16319C1611A81629AA162BF2161C9C162D74163B3716",
"25 Jul 2026 07:26:41","MO","RockBLOCK 228679","SBD",226,"SBD","6A6456B9401E5E110001010000001109FA110D70110CD1110DB6109A0010AA8410B1B5108F141082D210AAD510AC9D10A04F10B0CC10A890109FB210B162109DBD10821410AE6C10B34F1094E4107A3A109CB7109B021095AD109E791073301089F8109E6B1086741083EA106CC3107BEA107D43108AF6106CA5107818106828",
"25 Jul 2026 04:26:42","MO","RockBLOCK 228679","SBD",226,"SBD","6A642C893FBAE510BFD90100000010C70510C09810BEBD10C73810C52510BF0E10BD9510BEF610B40610B49A10B5B910BAC510BBA110B80310BAD310BDDC10B4EF10BCEB10BC7F10C1DD10B11C10A8D110AD5310BACE10B5D610B8B910A98010B07F10B51810B5A110AB2910AEE210AD8310AEFB10BFDB10A66910AC7410A871",
"25 Jul 2026 04:17:38","MO","RockBLOCK 234048","SBD",225,"SBD","6A64549D3D93B914176914D03C16280E161D12160FD41609E91611B516081F1611AB160A591612811611CE160D5C16012216191C16118E160DFC161116161A48160C611610C616053B161039160A6A160F3D161548160870161364160966160757160D77160E5A160CD416105115FF0A15FCB9160B2C1600871600D716171616",
"25 Jul 2026 01:26:45","MO","RockBLOCK 228679","SBD",226,"SBD","6A64025940B718153DED010000001542CF151AB815036615011214F81514D68D14BA7514B7B614979D14788F14690A145EBC144F461442071449E11433AC1424B1143B0E14203F1422F114051414034813F47C1408B913FA5D13F6FD13ED2113EA1713E5D013E45F13D8FA13E0CB13D1C513CC9813DA8213BA8F13BD4313B0E3",
"25 Jul 2026 00:17:36","MO","RockBLOCK 234048","SBD",225,"SBD","6A641C5D3E6A1E12B1B91445D218538A17EA1C17BDA9178E5617B09E17ACDF17B50417A74617BC1917927917A865179501179F9D17951217753A178FA01795A6178CAE178CE91787FF178437176DF91758C4176ECC177EC71775641767931782E7176ECD178D0A17547F178D5D17613B175B8117358A177401174D33176AF717",
"24 Jul 2026 22:26:40","MO","RockBLOCK 228679","SBD",226,"SBD","6A63D829436CF80E8FCD010000000EA11C0E59930E250B0E762E0DACE50D8F4C0D360A0D94D90D93A60D216C0D36CC0D7CD30D4B820D45870D93150D486F0D1CA20DAFE10D32D00D3A580D1C240D6FC30D1D200D5EA40D342F0D2FE70D85040D50C40D337B0D69AB0D2F7C0DAA520D5CB00D5D3E0D698C0D6BAE0D34200D2590",
"24 Jul 2026 20:17:39","MO","RockBLOCK 234048","SBD",225,"SBD","6A63E41D3FEAEF113442108FCF11AC9211AB3A118C7011B29911B5C211A07111C31711C33211A97711C093119D3B11B5CC11C86511D23011CA6411C0A211D7E211B9BB11D3D311BD6711C8B011D6B411C5E711D63F11CD5211CE9511D0AE11C16711C72211B87411C8E911C78C11B4FB11D18F11C48511BFFA11C9DD11DE2511",
"24 Jul 2026 19:26:41","MO","RockBLOCK 228679","SBD",226,"SBD","6A63ADF94395600CE136010000000D05640CB3DE0C50430CD0BE0C58010C0BBE0B8A700C216B0C1B0B0B71470B8EC00BFA6E0B9CE70BB0CA0C08DB0B89C00B7C840C4CC50B9E1E0B9A320B744A0C07EC0B7BA30BCFB80B9B730B98740C1BEE0BC7AE0B8C140BDD490B9AD20C4B400BD7280BC8690BF4790BE5F50BA3260B7C1E",
"24 Jul 2026 17:37:29","MO",231710,"SBD",284,"SBD","6A63A30A36C8BB4FBA2E4FAC2863D4BAFCAE4CAA0B4CA42C63CA75FC8846DEC146CAAA63BFC9FC974620B2461CA363C4B4FCA54660DD466C5363B70BFC8746C7F746D2A163C89AFC70476D2C4765D063BB2DFCB347B1E147AAF163BB3CFC41483DC748296863BD49FC82488112485ED663BBF3FC6548D00148B20763B998FC67",
"24 Jul 2026 16:26:37","MO","RockBLOCK 228679","SBD",226,"SBD","6A6383C943CDCD0CA023010000000CB8C50C99830C4B3B0C89EA0C44D30C0DD30BB0140C1B400C186A0BA48E0BC7750C126A0BC4990BE5F00C1A580BBB4D0BBE620C57AC0BDBAD0BE03C0BC3EF0C20F40BCCF30C00290BE2580BE2370C33FB0BF8740BD6B80C05010BEAE90C56F00C03D20C00C00C33DE0C065C0BE2630BC5A2",
"24 Jul 2026 16:17:35","MO","RockBLOCK 234048","SBD",225,"SBD","6A63ABDD3FEF8610F7B90F6D4D0FFC3D104E43104E77107C761080CE107B66109DE910AEBA10A1AD10AB09108DC410CA9410C9C310B65F10D73B10C2CB10CE1E10BFB410D83610BAC810FFF5110D4110F286110F8410EE7310DFC410E3F910D36710BD1210C05E10AD9E10CCA110C17210D1BA10C69010B88B10D2F710D04110",
"24 Jul 2026 16:15:19","MO","RockBLOCK 228680","SBD",231,"SBD","6A63810D392B1A1AF2A61B0329FDFB0A4E07278DBB278E4EFDF60A4DBC2BB9EB2BAF2CFDF60A4D802BD8A52BDC1AFDF00A4EF22BBC402BB1C7FDE00A4EFB2BC61A2BA13CFDDB0A502B2C20BC2C3631FDEE0A52112CBE972CD398FDE90A537B2CFDC92D11A2FDE20A56642D39EB2D2907FDD60A58001B10081B1EF1FE2A0A4DBF",
"24 Jul 2026 13:26:39","MO","RockBLOCK 228679","SBD",226,"SBD","6A6359994348B90D180F010000000CE32D0D2DC50CE93E0D14BA0C5A620C5C550C61EB0C53A00C58580C5E0E0C84400C7A4D0C64780C90DC0C78390C70FA0C5BA40C6FF80C8A020C89080C6EB80C6D970C83950C638D0C90850C78720C687A0C6F510C88400C6B140C794A0C8F970C66CB0C879F0CB0FC0C570C0C6DBB0C6A73",
"24 Jul 2026 12:17:36","MO","RockBLOCK 234048","SBD",225,"SBD","6A63739D3F78C211FA710EF3350F8AD410517E10496C108A61108C371079D410A5A510A1DC1091F3109EEF1083A010BB9510BD4C10A1FA10AD5910AA1910C31710C3E810DFDD10A48110D86110E1DB10D0FB10E52B10C33A10BCD210C8EC10AC1310B80010BF5510CA4810FD9111016B1107D110E77110F85311004011032E10",
"24 Jul 2026 10:26:41","MO","RockBLOCK 228679","SBD",226,"SBD","6A632F6940FFCD0F72EF010000000F80FB0FA82C0FAF970F9F030E64ED0ED5870EEC4E0E80310E47CE0EFED50F0E220EA19B0EFCCD0F15B00EAF870F20800F07180E6D920F33BA0F3B6C0F0C700E955F0F1A930EF05A0F15C40F342B0E9B6E0F02FA0F324A0ED6B40EF84A0E75EB0EBCA70EF9BA0F07360EBB390EF8A40EFAC6",
"24 Jul 2026 08:17:34","MO","RockBLOCK 234048","SBD",225,"SBD","6A633B5D3DC59817241A15C02C14F64915076214F879152A5E151A4015206C154E40153EEF15306E151A37154C1F153E10155B3C150E98152614150698151A6C151D851540E51524B7155F94156DBD15372F1530CA1528701573B81542941531F5151DFF152E3014ED401538DB153F07152B87151671153F42151D2E1554F715",
"24 Jul 2026 07:26:43","MO","RockBLOCK 228679","SBD",226,"SBD","6A6305393F829912029A01000000123002123A5D124791123C501189A811BFDA11D0B0118EEB11588E11D89111D39F11B0F511DDFE11CBAD11AC2C11F03111D78111621D11F95111E53711D7361180E811D73211C4DC11C7AC11D37F11752911D14911E009119BF611BABB1153F511978711A22C11A56F118ADF11C5EB11AB49",
"24 Jul 2026 04:26:37","MO","RockBLOCK 228679","SBD",226,"SBD","6A62DB093FD85D12A9360100000012B4C512A448129F1A12ADC612AD1C12A5B412A42812AA2C12A314129878129DA9129FEC12A5C312A04512ABFC12A66712985112AD9912A64F12A66B12965D1295BC12910E12A46A129AF6129B071296D212970F129AF012A1AD12937D129DBE129423128EC3129F141286E31284A0128511",
"24 Jul 2026 04:17:37","MO","RockBLOCK 234048","SBD",225,"SBD","6A63031D3D31DD1620FD175860173DA21729D5172078171C281721DE17185117210E1717AE1716441720F8171D12170CEE171FD417198A1719981719D0172507171647171C2817075F171440170D3117111F1719D3170DE11718941706A81707AF170C4C170CDB170E1B17135017006917000C17046E16FF9B16FB1217153D17",
"24 Jul 2026 01:26:40","MO","RockBLOCK 228679","SBD",226,"SBD","6A62B0D94126620ED07A010000000EDDEA0ED6780ED63E0EDDAD0EDC9F0ED7A90ED7A50ED8D30ED0210ED1380ED1870ED5DB0ED9C00ED4B30ED9980EDC3A0ED3830EDB230EDC200EE2910ED4A70ECE640ED2BA0EE04F0EDAD70EDD8D0ED2AB0ED86C0EDFB20EDD510ED8EA0EDBFF0EDAB90EDA8B0EE9320ED4AA0EDC560ED871",
"24 Jul 2026 00:18:24","MO","RockBLOCK 234048","SBD",225,"SBD","6A62CADD3EDC6214A3FE190D87195D6D19890819A7A119AA9D19B6E319AD7E19B0EE19ADD619B66019B67A19B42919A90C19C36719ACE119A5D119B2A419BEF719AED819C01D19AAD819B00019A2ED19A4D319AEF019A3E819B62819A3C519AEB219ADF919B47419ABAE19B55C19A80919A31719A59519A731198EB619B7B119",
"23 Jul 2026 22:26:41","MO","RockBLOCK 228679","SBD",226,"SBD","6A6286A942B8540DAAC0010000000DB5DC0D91A20D6B2D0DA2B30D202E0D10D40CDE5D0D17340D11F20CDC810CE87F0D0D1C0CF0BA0CF2430D19F90CEDEF0CD4980D23F30CE4160CF1C60CD2510CFB970CD7260CF4730CE58A0CDCF20D08E70CE4530CE38F0CFCC80CDC230D246A0CF59A0CFD430D00A50CF65C0CDFBC0CCE62",
"23 Jul 2026 20:17:34","MO","RockBLOCK 234048","SBD",225,"SBD","6A62929D406CEA10D4491297D7124C66125C6E120F4E1245B412311011E8AC125CC212644A11E7EC12538311E4FB122565124DE1126D1B126ED9126503126DFE12337C126046124E4E1247671274F712764A12717712896D1274C6126E70126FE6126378121F98125457122ACE1200D2127C55124CBA120CB7127617126FC112",
"23 Jul 2026 19:26:39","MO","RockBLOCK 228679","SBD",226,"SBD","6A625C7944571D0CB488010000000CA6D20CB3FD0C9AD80CB1950C42900C40590C35090C39C80C309B0C381D0C42300C482E0C3DD30C4FA20C4A0C0C45170C3A600C511B0C50AB0C58270C3BF00C43EC0C453F0C47AB0C52F70C507A0C4CFE0C519A0C5CF40C538D0C502D0C63990C52440C60950C70BB0C43FB0C4FAA0C48BC",
"23 Jul 2026 17:37:36","MO",231710,"SBD",284,"SBD","6A62518A36C1B34F901C4F822463D4A2FCBC4C04D04BFE0A63CA5BFC8A464CC146389963BFC6FC9546991146951B63C4B0FCAA474F7C475B2663B715FC8A47C2EF47CDD063C8A2FC70482BE34824A763BB3CFCBF484B6748448A63BB48FC5148766B48620C63BD53FC8548BB4E48990E63BBFDFC6848DF6048C16D63B98EFC67",
"23 Jul 2026 16:26:41","MO","RockBLOCK 228679","SBD",226,"SBD","6A6232494413070BD43C010000000BD79A0C03780BCB6D0BE2920AD4E40ACF7D0ADE1A0ADB670ACAC50AF7A30B09300B04EF0AF3880B1C530AF9F80B0A000AF15F0AF6E00B086D0B10B20AECF20AE2040B01120AE7BA0B0C000B07C00AEF100AFEDA0B23380AFE1F0B110D0B01980AF7880B23A00B321B0ADA0F0AF9440AE777",
"23 Jul 2026 16:17:37","MO","RockBLOCK 234048","SBD",225,"SBD","6A625A5D40B8590EAC4A0EF9CE1034121062F30FF56D1051AF102ADB0FFE06104E04105E930FFD111052C30FF6A4102B021056C8107C0D105BEE106070107CCB104B5B1072251064C9105F671091E7109246109C2E1098271092C7108DA510816A1085EF1051661083D21063E6104C2910ABCE10940C105A7B1092C210A6CF10",
"23 Jul 2026 16:15:14","MO","RockBLOCK 228680","SBD",231,"SBD","6A622F8D39268F1B14D41B2553FDF60A532E279DEC279FFEFE050A52E42BBCBB2BB2B8FDFB0A52A62BD9F12BDD76FDFC0A54182BBA782BB001FDE20A54232BC2A72B9DCDFDEA0A55502C1BC32C3161FDEF0A57392CB9A22CCEA4FDCD0A58A72CFB422D0F39FDEF0A5B912D38502D278CFDD90A5D2D1B35A91B441DFE250A52DF",
"23 Jul 2026 13:26:38","MO","RockBLOCK 228679","SBD",226,"SBD","6A6208194284B10CB352010000000C8BC30CAD110C8FF30C98D00BF07B0C02500BFE970BEBD90BE51E0C0BFB0C1F120C13F10C08E60C39890C14B10C1A7E0C149E0C0F130C27120C3C170C1D5F0C080D0C2DB60C12530C3A210C2E3C0C11C40C30530C48AC0C1E880C2F950C31630C2A740C4AEC0C59870C0F700C30ED0C2F91",
"23 Jul 2026 12:17:36","MO","RockBLOCK 234048","SBD",225,"SBD","6A62221D4086940F613D0E3CE70E6CFE0EA3590E7A020EC4EB0EC53B0E9D2E0EF30E0EEEB40E893F0EDB7E0EA3FF0ED3B00EF0DA0EF33C0EE70B0EE8E70EFB230EDD160EFFB90EE5270EED230F184B0F04B10F12F20F11260F05F00F0EEF0EED170EFA420ED5390EF8690EF81A0EDF000F22E00EECA00EDAC00F01420F12E80F",
"23 Jul 2026 10:26:42","MO","RockBLOCK 228679","SBD",226,"SBD","6A61DDE9410C900E4CE7010000000E3E800E55740E3A950E45460DC5270DCF200DF11F0DA3250D9AF20DB7E80DC6110DBC6F0DBD180DCE890DBD420DD1640DA9700D9F300DC00F0DCB440DAD780D9B0D0DBD820DA7910DBBD60DB2640D8C1D0DE1EE0DEBA60DC6EB0DCBC50DAB2B0DADFB0DB4160DB55D0D76DA0D923B0D856C",
"23 Jul 2026 08:17:34","MO","RockBLOCK 234048","SBD",225,"SBD","6A61E9DD3F35FF108A631051F510B54A10C3B010A69E10C2F810C3E010B1DC10D26D10D20410BBCF10D50710B66D10C52710DAF210E0AA10DF1510DD2410E4F910D34410E1AA10D2CB10DA8010E64210E34F10EAFA10E74B10E3C410E3C710D8F210DC4610D50710D4F210D83010BB0E10D87910D2C210C12F10DA2210E95410",
"23 Jul 2026 07:26:39","MO","RockBLOCK 228679","SBD",226,"SBD","6A61B3B94085B20F31E9010000000F36B00F3FCB0F37960F421B0F0CFB0F13AB0F16C00F11E50F072D0F15540F18BB0F1B0F0F1EF40F1EF80F1DBF0F23330F178C0F167A0F1F050F2B3F0F1A540F048C0F1B390F22260F225C0F25B70F14A30F1DCF0F2D1C0F21590F1FD40F1C8E0F21000F25A90F30250F172C0F23520F1D41",
"23 Jul 2026 04:26:41","MO","RockBLOCK 228679","SBD",226,"SBD","6A61898940A4320F0894010000000F12890F0CFD0F0A480F13A30F1A410F151C0F1BF30F10360F08600F08C30F069A0F0ACB0F0E320F08C20F0D870F0E120F02DA0F0D5D0F0DF30F126D0F065C0F00970F00340F0DE60F06440F09D40EFF010F0C0E0F0FB30F0CBF0F02410F06E10F04220F03500F0E4B0EF9A60EFF0C0EFB53",
"23 Jul 2026 04:17:38","MO","RockBLOCK 234048","SBD",225,"SBD","6A61B19D3F38351078C110B0CB10DBD710DAA910D62110D49E10DD8B10D68D10DDA610D87510DDE810DC3F10DC8710D1FA10E50710DE9410DB4210DDE010E6D510DB8610DDF010D58E10DD3D10D83910D91510DF5E10D69C10E06810D99810D85510DD6B10DBE910D9A110DE6410D0BB10CCEB10D4B910CF6310CB8B10E04710",
"23 Jul 2026 01:26:50","MO","RockBLOCK 228679","SBD",226,"SBD","6A615F5940E5210E6235010000000E6DCD0E67B90E66CC0E6F2C0E7B1E0E77F50E83C70E6FE20E683D0E6F540E6C770E6CEB0E741E0E722E0E74BE0E781B0E6AF20E76000E7A5B0E7F390E74F70E706D0E6E1E0E7B750E724B0E7D220E6BE10E81240E851B0E83250E78EC0E78B30E7B8E0E77F70E79FD0E68A20E6D1E0E68EA",
"23 Jul 2026 00:17:37","MO","RockBLOCK 234048","SBD",225,"SBD","6A61795D3FE3C80FBDEF105FA210B3FA109EC6108B2F1085EA10894B107D3A108460107C06107BDB107B7E107764106F4D107FDD10788510737B1073B3107A31106E0D107211106622106D6610679B106685106C1D10621E106B0C1062F110612A1064EA1063A110613410658A105774105709105BE61055D71053811064C810",
"22 Jul 2026 22:26:41","MO","RockBLOCK 228679","SBD",226,"SBD","6A6135294161AF0E4535010000000E508C0E4B770E48550E50900E4C8A0E4D040E5ACF0E40CF0E386A0E43BC0E40760E40DB0E46E60E46D90E47F20E4A1A0E3B9A0E47940E4DC50E54100E48380E40A50E3D0B0E4ACB0E3EDD0E4FAC0E391A0E5B9B0E5CEB0E54190E44930E428C0E4C560E4D3F0E43F60E331F0E389F0E32C3",
"22 Jul 2026 20:17:40","MO","RockBLOCK 234048","SBD",225,"SBD","6A61411D410CB80E3EAD0DDAD30DCCE70E002F0DF4C00E06150E0C5A0E05C20E191C0E13340E0FE10E0EDC0E0E950E1B440E24000E169B0E1EC10E1F340E2C490E24940E310F0E1C2C0E2CD10E2EA10E29390E357C0E295A0E1FC40E210A0E1B550E23210E29000E28720E39600E2DB80E30940E24BB0E29D80E29550E3B110E",
"22 Jul 2026 19:26:39","MO","RockBLOCK 228679","SBD",226,"SBD","6A610AF9426A550CDA28010000000CF4970CE8D90CC9A20CF7400CEB7E0CE6480CF9590CD3090CC3470CC90C0CC2210CD3BB0CD00B0CD3680CE5490CBAD50CA79F0CEB010CBF070CB91F0CA0720CD1140C794B0C9FE60C78020C955A0CA8950CC3B30CA4910CB6340C713F0CAB660CA26F0C9E2F0C67740C65DE0C5AB90C366B",
"22 Jul 2026 17:37:44","MO",231710,"SBD",284,"SBD","6A61000A36C7104FBB7F4FAD6463D491FCA94C1F814C198563CA42FC8F4663F8464FE063BFB7FC9A462B7446279E63C4BDFC8E46B4BA46C09D63B764FC88473FCD474AF963C888FC6747C9E447C2F763BB51FCA447F73147F09563BB4CFC58485404483FCC63BD5EFC8D489BA148795263BBE1FC8648D5FE48B7B763B9D3FC5E",
"22 Jul 2026 16:26:38","MO","RockBLOCK 228679","SBD",226,"SBD","6A60E0C942F18A0C725E010000000C80670C8A8C0C70A40C82370C5F400C6A860C8AE80C46200C3C230C44C10C40780C4A400C411F0C50FE0C4A0C0C40B50C32370C4CE30C56A50C539E0C495C0C49570C388B0C35100C391D0C43050C394A0C6E900C5E660C451A0C2BB60C30F40C35FB0C43ED0C33370C10000C22A10C0A40",
"22 Jul 2026 16:17:34","MO","RockBLOCK 234048","SBD",225,"SBD","6A6108DD4177770DD1F70D130C0C18130C73250C8E020CB3710CB0600CAA660CCCF80CC2D70CB0430CB15D0CAB3B0CD2330CCAA20CAC210CB9370CB3D70CC3400CC1020CD8130CAF4B0CCB090CCC320CA94F0CBCDA0CB66A0CC27A0CC3060CAF330CB0FC0CBAA50CC53D0CEC210CF0850CFD450CDA250CED0F0CF16B0CFEA00C",
"22 Jul 2026 16:15:16","MO","RockBLOCK 228680","SBD",231,"SBD","6A60DE0D39264F1B38FA1B4971FDFA0A4DC2280DB7280F5AFDF80A4D712BDD552BD2BCFDFA0A4D362BD5132BD8AEFE110A4EA82BB9FA2BAF8EFDF00A4EB32BC81D2BA302FDE90A4FE12C26E52C3C91FDE50A51C52CC2562CD784FDED0A53362CFF4A2D133DFDE00A561A2D3A3D2D2966FDCD0A57B31B55DF1B6444FE250A4D71",
"22 Jul 2026 13:26:40","MO","RockBLOCK 228679","SBD",226,"SBD","6A60B699430DC10BEBE2010000000BF3960C07670BF7B00C071E0B5AD60B85700B90090B78890B6BCD0B99EF0B9AB40BA0470B99EC0BB31C0B9AFE0BB7D00B98710B87670BA5AB0BB6930BA3840B77B30BA8FE0B961F0BA94F0BAA0F0B8ADF0BA67F0BB9250B923E0B9CD70B7FAD0B8E270BA1BC0B9B8F0B76760B95600B8CAD",
"22 Jul 2026 09:03:26","MO",231709,"SBD",54,"SBD","51E667FCDC0A3109513351514875FD020A457D5065CC505A75FC9C0AAE654F52384F6D2AFCBF0A3A6E4E95C04E7C80FCF10A38AB19E4",
"22 Jul 2026 09:03:17","MO",231709,"SBD",340,"SBD","6A60875237050C3B1D0F3AEEA5FCB30A08E246EFF946CA15FCE90A21E6473857474560FCB00A3EB247ABA4478311FCC30A26E6480AFC48218CFCC30A290E481A944810FBFCE00A2E1C4864B148757AFC990A475B48BEF84899D5FCA00A3DC148BA2148DA6CFCB00A624848BF5F48EAC1FCDE0A2F3448D82348FC44FCD20A5266",
"21 Jul 2026 21:03:36","MO",231709,"SBD",54,"SBD","521CFBFCD90A3096514813515DADFCFF0A45455062E750571AFCA00AADA34F47614F624CFCBD0A399A4E8E334E74F5FCF10A371219E4",
"21 Jul 2026 21:03:27","MO",231709,"SBD",340,"SBD","6A5FDE923706575DFA9A5DBDAEFCB909BB8C467460464DD7FCEC0A20FA4718EC472672FCAD0A3E2B478AC9476208FCC00A254E47F444480A8DFCC60A27774800D847F6FDFCE60A2C734856ED4867B2FC980A45CA48BA9A489596FC950A3BFE48B66C48D6DCFCA60A61B348BCE848E865FCDE0A2D6D48D6B848FADAFCD60A508F",
"21 Jul 2026 17:37:34","MO",231710,"SBD",284,"SBD","6A5FAE8A36C6E95007774FF97E63D4BEFCAB4C7F354C78A563CA66FC7D4645FE4631C063BFC2FC9046583146548463C4B8FCA4471039471C0D63B709FC87479C8047A79763C8A4FC6948103748091E63BB39FCAA483515482E6B63BB48FC3D486E614859FE63BD55FC6B48B4EF4892B963BBEBFC6148DD7548BF6D63B99BFC58",
"21 Jul 2026 09:03:27","MO",231709,"SBD",54,"SBD","525878FCD30A3A3B5153CA51697DFD060A508E50571F504B57FC9D0AB6374F39554F543AFCBD0A49824E86894E6D54FCF50A46861947",
"21 Jul 2026 09:03:19","MO",231709,"SBD",340,"SBD","6A5F35D137067F5017174FDFC3FCBB09DA0B46E55B46C135FCE90A2F954736D54743FDFCB00A486747AD5247854AFCBC0A3454480CD54823D4FCBF0A36B9481E62481513FCE40A3BDB48665A48773AFCA00A53F148BF4F489A2EFC9B0A4B8848BA9748DAE3FCAA0A6B1C48BFAE48EB25FCD80A3CEE48D86D48FC84FCD80A603B",
"20 Jul 2026 21:03:24","MO",231709,"SBD",54,"SBD","528BA6FCDA0A3ADB514D70516325FD030A51CA503F2550336EFC9F0AB77F4F280F4F42DFFCC10A4AC64E7F3F4E65FCFCF30A475B19DB",
"20 Jul 2026 21:03:21","MO",231709,"SBD",340,"SBD","6A5E8D123706A344313C43F939FCB30A07BA469B74467812FCEE0A30EF471828472617FCAF0A4955478CB3476506FCC00A354647F47A480BC4FCC40A37B148025F47F963FCE30A3CC648552A486632FC9A0A54A548B8C34893DAFC9A0A4C5F48B54E48D5E8FCAC0A6BD948BC3C48E7D3FCDD0A3DC248D67948FAA1FCD10A60FF",
"20 Jul 2026 17:37:43","MO",231710,"SBD",284,"SBD","6A5E5D0A36C6C04FEECE4FE10263D4BCFCA74C75A24C6F2163CA6FFC80463DD64629B263BFBCFC8C46658B46615B63C4BFFC97471FDF472B4C63B711FC7D47A5A047B06C63C8B2FC604818A348114D63BB38FCA8483B7C48348B63BB49FC394870AC485C5363BD50FC7748B66C48942B63BBF8FC5648DDD048BFC663B98DFC5F",
"20 Jul 2026 09:03:37","MO",231709,"SBD",54,"SBD","529FFEFCCE0A426D51325B51480CFD060A5B415020A65014E3FCA20ABF8C4F16F04F31D5FCC40A58694E79FF4E60D1FCEB0A54BE19DB",
"20 Jul 2026 09:03:27","MO",231709,"SBD",340,"SBD","6A5DE4523707AB49F4B949BFEDFCB609E40C46703C464A0BFCF20A3DCB4714694721E2FCB70A5186478A7D4761D9FCBF0A41EC47F447480AAAFCC00A447948036347F99AFCE50A49A04857FF4868D6FC990A605048B9C54894BEFC9C0A595548B61E48D686FCA50A733048BCA048E822FCDE0A4ABC48D69648FABAFCD60A6E1B",
"19 Jul 2026 21:03:44","MO",231709,"SBD",54,"SBD","5287E9FCD50A3A0A5104D1511A64FCFE0A52744FFC654FF0AAFC9E0AB9934F067D4F2171FCB70A4A014E76F34E5DC9FCF20A460C1958",
"19 Jul 2026 21:03:26","MO",231709,"SBD",340,"SBD","6A5D3B923707643843DD3816D7FCB309FAA64674DB464EB8FCEC0A2F484713E4472175FCB30A47B9478A0D47615FFCCB0A336747F2D1480934FCC40A35E948010147F73AFCE10A3AF34856354866F8FC9C0A52C448B9AC4894AAFC980A4A8B48B59348D5FCFCAC0A6A8D48BC7248E7EFFCD80A3C0348D66648FA8EFCD10A5F23",
"19 Jul 2026 17:37:44","MO",231710,"SBD",284,"SBD","6A5D0B8A36CAC14FBBB14FADB863D4B6FCAE4C6E934C68A563CA6CFC7C4658264643FB63BFC3FC8D46166146124763C4AEFC9F46ABBB46B72B63B70BFC8147463D47511663C8A9FC6447D63847CEFF63BB35FCAC48025647FB7F63BB46FC3C485C0C4847AD63BD4CFC7748A3BE48818163BBF4FC5648D87248BA7163B995FC5E",
"19 Jul 2026 09:03:46","MO",231709,"SBD",54,"SBD","524C17FCD10A367650CCC950E283FCFD0A4F654FD6214FCA62FC9E0AB8574EF7E04F12CFFCC30A43134E76544E5D2BFCF90A3EFB19DB",
"19 Jul 2026 09:03:31","MO",231709,"SBD",340,"SBD","6A5C92D23707793447BA341C9BFCBC09FCB44670AD4649E9FCEB0A282547190947265FFCB30A4360478AB74761B4FCC90A2C5C47F34148095AFCBC0A2ED147FF3E47F52FFCE60A33B94855FF4866ACFC9F0A4C1C48B9EA4894DCFC960A434248B5EA48D64DFCB30A668C48BC9E48E815FCE30A34D148D68848FAA8FCD30A57C8",
"18 Jul 2026 21:03:33","MO",231709,"SBD",54,"SBD","5202C0FCCD0A39CB50932F50A8C0FD040A54934FB1CA4FA637FC9B0ABDBA4EECA14F079BFCBE0A479A4E790D4E5FFDFCE90A436919DB",
"18 Jul 2026 21:03:26","MO",231709,"SBD",340,"SBD","6A5BEA1237084B3A27F539F985FCB70A19EA46A965468533FCE70A2C2B47293D4736A5FCB40A461747A0D64778AFFCC30A3091480402481AE5FCBD0A33154814E1480B7CFCE50A380F4861CD4872B6FC9D0A501448BDE04898CAFC990A47A848B96448D9C1FCAB0A695148BED048EA43FCD90A393548D7EA48FC05FCD20A5C2F",
"18 Jul 2026 17:37:41","MO",231710,"SBD",284,"SBD","6A5BBA0A36CC6E4FB63D4FA81563D4C0FCA84CB3DB4CADF363CA73FC7B464C1F46380A63BFC4FC8F46144746102E63C4B5FC9C46B61346C18B63B705FC7F4757014761E163C8A2FC6247E34047DC0763BB34FCAE480BE348050363BB46FC39486027484BC363BD4BFC7C48A8EB4886B163BBF7FC5748D97748BB7763B99AFC5D",
"18 Jul 2026 09:04:27","MO",231709,"SBD",54,"SBD","51B3ECFCD90A3E05505750506CD4FD010A5B1B4F90724F84E4FCA20AC3E94EE65F4F015FFCBD0A4DB24E80034E66E5FCF20A497519E4",
"18 Jul 2026 09:03:24","MO",231709,"SBD",340,"SBD","6A5B4152370765588C3758520DFCB00A2EB146BA92469523FCE30A31D4473162473E83FCB00A4A7F47A537477CD5FCBD0A364F480691481D2EFCC10A38DC481676480CF3FCDF0A3DD04863214873F5FC9A0A555148BE8748996DFC970A4D6D48B9EB48DA3DFCAD0A6D0748BF1D48EA88FCDC0A3F0048D81648FC34FCD40A6204",
"17 Jul 2026 21:03:32","MO",231709,"SBD",54,"SBD","515A68FCCD0A41485019F0502F59FD060A60F64F73614F67E6FC990AC90D4EE59F4F00ADFCBC0A53364E8B2C4E7217FCF60A4F1219E4",
"17 Jul 2026 21:03:25","MO",231709,"SBD",340,"SBD","6A5A989237081A5F62665F277AFCB50A2963469154466BABFCE80A37524720F8472E4EFCB00A4DB547990F477077FCC20A3BA647FE614814E4FCC50A3E2E480EDB480525FCE10A4332485E5D486F34FC990A5A1348BC5C489745FC940A52D648B83048D881FCAD0A700B48BE1048E98BFCD70A446948D76848FB8CFCD60A676E",
"17 Jul 2026 17:37:49","MO",231710,"SBD",284,"SBD","6A5A688A36CDA44F8D9B4F7FB563D4B8FCA24CD5F94CD00D63CA76FC7A464C134637F763BFC0FC91460C3D46082163C4B2FC9F46AEA546BA2763B70BFC7C47533C475E1063C8A4FC6847E0EA47D9AE63BB39FCA1480CCF4805F463BB45FC39485FC1484B6263BD52FC7648A89748865863BBF7FC5948D99448BB9263B991FC63",
"17 Jul 2026 09:03:34","MO",231709,"SBD",54,"SBD","50F4B4FCD70A3B094FDE154FF368FD000A5BDE4F5CAE4F513FFC990AC5B44EEADC4F05F1FCC40A490D4E9A5E4E8156FCF50A44DF19DB",
"17 Jul 2026 09:03:28","MO",231709,"SBD",340,"SBD","6A59EFD2370898597C1C59404CFCBB0A2C7846763A465050FCE70A2D4B4718EA472657FCB10A46844791944768D1FCC20A319147F8C1480F33FCC60A340248089147FEC4FCDE0A38E7485B09486BD2FC980A507C48BB1A489603FC960A487648B71548D767FCAD0A69B448BD5F48E8D4FCE20A3A2048D70648FB28FCD40A5CF6",
"16 Jul 2026 21:03:37","MO",231709,"SBD",54,"SBD","5088D0FCD30A35404FA8564FBD8CFD090A57354F4E5B4F42FBFC9B0AC29A4EF65E4F117DFCC00A3EE34EAD404E9434FCED0A3A8219DB",
"16 Jul 2026 21:03:27","MO",231709,"SBD",340,"SBD","6A5947123708D763F6B863BC8FFCB70A1DEE46637B463CBAFCEA0A230847182A47258EFCB30A4042478AC74761D4FCC10A276947F3D14809EFFCCC0A29B248007447F661FCDF0A2E724857344867E7FC9A0A46CB48BA82489575FC960A3DE348B69648D6F7FCA80A63C848BD0448E881FCDE0A2F9F48D6CC48FAEFFCCD0A5244",
"16 Jul 2026 17:37:51","MO",231710,"SBD",284,"SBD","6A59170A36CDC74F4D3A4F3F2A63D4ADFCA84CE8D24CE30263CA77FC79463AE04626C963BFC0FC924616004611D463C4B5FC9A46BA0046C56F63B70CFC7A4757A147626E63C89DFC6647E33947DBF563BB35FCAB48102D48094963BB4DFC3E48614C484CD263BD53FC7448A89048864963BBEBFC5848DA3C48BC3E63B997FC57",
"16 Jul 2026 09:03:44","MO",231709,"SBD",54,"SBD","5021D6FCD70A32BC4F7CCB4F91E4FCFC0A56844F49E24F3E94FC9E0AC2364F088E4F23ADFCBF0A3AAB4EC3BB4EAAADFCED0A361619E4",
"16 Jul 2026 09:03:35","MO",231709,"SBD",340,"SBD","6A589E523709FA5723C956E9A1FCB50A26E34651DF462B52FCED0A1E8D470E3C471BCAFCAF0A3D1C4781974758B3FCBE0A230347ED44480366FCC60A253047F9E947EFDDFCE10A29DB4853444863FAFC9B0A428248B8E04893E8FC8F0A394148B55648D5BEFCA80A611848BC4C48E7D5FCD60A2B0A48D66848FA8DFCD40A4D92",
"15 Jul 2026 21:03:44","MO",231709,"SBD",54,"SBD","4FC4AEFCD30A2E194F5D204F7237FD040A52B24F50464F44FFFC9F0ABF8B4F21554F3C80FCBE0A31B24EDD554EC452FCF10A2CA419E4",
"15 Jul 2026 21:03:38","MO",231709,"SBD",340,"SBD","6A57F5923709D369C093698403FCBC0A116646A8A146836CFCE90A1521473040473D9BFCAE0A377147A4ED477C5AFCC40A19E5480605481CA5FCC10A1BF14814AC480AE6FCE20A2092486270487330FC9B0A3A1E48BF26489A0DFC940A2FEC48BA1E48DA7DFCA90A5C2C48BF5248EAC3FCD90A21D248D82A48FC57FCD40A4429",
"15 Jul 2026 17:37:47","MO",231710,"SBD",284,"SBD","6A57C58A36CB7A4F2A884F1CA763D4ABFCA44CEE7D4CE84163CA75FC7E4612D545FECB63BFB1FC90462D3946291163C4B0FC9E46E71946F27463B711FC72477F4B4789FF63C8B0FC6547FD9347F64163BB36FCAD482262481B6963BB47FC3F48696C48550163BD43FC7348B038488DF163BBF4FC5A48DC3948BE3463B98FFC5A",
"15 Jul 2026 09:03:42","MO",231709,"SBD",54,"SBD","4F71FCFCD00A380F4F4ADE4F5FCBFD030A5FCB4F621D4F56E2FCA20AC9254F402A4F5B5AFCBC0A40974EF9524EE04DFCF00A3AF519DB",
"15 Jul 2026 09:03:34","MO",231709,"SBD",340,"SBD","6A574CD23709CE68BE61688218FCB70A1DA346DFE546BA89FCEA0A230C473FE1474CF4FCB50A41B547B2E7478A72FCBC0A280F4810004826B4FCC30A2A15481F20481593FCE50A2EC84867D04878A8FC990A474648C0F1489BCFFC990A3E3848BBBB48DBFAFCA70A654B48C06C48EBCBFCDE0A301848D8DA48FCF8FCD50A5291",
"14 Jul 2026 21:03:42","MO",231709,"SBD",54,"SBD","4F2C06FCD40A44CF4F49814F5E5EFD0A0A70284F80744F753EFC9E0AD4894F644B4F7F86FCC20A54EF4F16DB4EFDCFFCF10A4EBB19E4",
"14 Jul 2026 21:03:31","MO",231709,"SBD",340,"SBD","6A56A4123709E3665EED662343FCBC0A2F8B46DCBE46B526FCE90A366D4740E2474D9EFCB60A4F3F47B0F9478800FCC20A3BA5480DFB482432FCC30A3DAF481C08481213FCE50A427348670F4877C4FC9E0A595C48C071489B39FC930A51FA48BB7F48DBBBFCB00A715748C03D48EB99FCD90A43C948D8CB48FCD1FCD60A6676",
"14 Jul 2026 17:37:47","MO",231710,"SBD",284,"SBD","6A56740A36CD3E4F2D4F4F1F8463D4ADFCAC4CFFB74CF92763CA7FFC7A46060945F1F363BFB5FC90463A6B46368E63C4BBFCA846FD154708CA63B70FFC7D47929E479DA463C8AAFC5E48096748024063BB3BFCB2482FF348292763BB4FFC43486CB948584F63BD53FC6E48B3B648917A63BBFCFC6048DD1B48BF1563B994FC5B",
"14 Jul 2026 09:03:48","MO",231709,"SBD",54,"SBD","4EFCAEFCD40A4AB84F5D784F7254FD080A78304FAACF4F9FA6FC960AD9574F8C634FA79BFCBF0A5F0D4F353E4F1C31FCF80A583819EC",
"14 Jul 2026 09:03:39","MO",231709,"SBD",340,"SBD","6A55FB52370A8E638805634C9EFCB50A398346B0EA468A72FCEC0A3FF8473305474008FCB50A558C47A722477E4CFCC70A450D48071E481D82FCC60A47034815EB480C18FCE10A4BCE48633A4873F2FC9B0A61F248BED64899ADFC970A5B6148B9F748DA3CFCAA0A770548BF3C48EAA8FCD10A4D2B48D80E48FC25FCD00A6FEC",
"13 Jul 2026 21:03:42","MO",231709,"SBD",54,"SBD","4EF266FCD40A4CC64F87A64F9C7CFD020A7AB74FDE504FD30CFCA00ADA274FB6A84FD1E0FCC10A62B54F53B04F3A9EFCF20A5B3F19E4",
"13 Jul 2026 21:03:32","MO",231709,"SBD",340,"SBD","6A555292370A4E5F401C5F047FFCBB0A3DB246BA2F4695DAFCE80A43164731C1473F0BFCB00A57C847A8D5478097FCC10A4842480893481F67FCC90A4A1B4818F2480F80FCE30A4EEC4864094874E7FC9B0A64D448BEC84899ACFC970A5E8348BA0D48DA59FCA70A790F48BF3F48EAADFCDC0A504B48D81B48FC36FCD20A730D",
"13 Jul 2026 17:37:55","MO",231710,"SBD",284,"SBD","6A55228A36CE134F6A8B4F5CB163D4ACFCA04D29D04D23E263CA85FC8346001F45EC1263BFBEFC95461E4C461A3D63C4B0FC9D46DD9646E91A63B718FC7B477BDA4786BA63C8ADFC6547FA8947F34B63BB3BFCAC48203E48196E63BB51FC3B4867F448538663BD4FFC7348AF97488D4C63BBF4FC5648DBC348BDC563B998FC59",
"13 Jul 2026 09:03:53","MO",231709,"SBD",54,"SBD","4F135AFCD20A4F5E4FC2CD4FD7AAFD030A7CBF50168D500B4DFCA00ADAFD4FE1A74FFCE1FCBF0A66D14F71DF4F58CFFCED0A5EB719E4",
"13 Jul 2026 09:03:42","MO",231709,"SBD",340,"SBD","6A54A9D2370AC06D15136CDA7FFCBA0A3287468BAD46653BFCF10A4721472C6A4739A0FCB70A5B19479DD447750DFCBF0A4C2A48004F4816A4FCC70A4DD6480DBA4803E3FCE00A5294485F3E486FF2FC9D0A683748BDB84898A1FC980A622348B91848D972FCAB0A7BA848BE7D48E9FFFCD60A53F148D7BB48FBD0FCCB0A76AD",
"12 Jul 2026 21:03:43","MO",231709,"SBD",54,"SBD","4F55B1FCDC0A585E50058B501A7CFD030A85345050335044ECFC9A0AE0E7500CF350283BFCC20A74CB4F8FBD4F76A6FCEA0A6C2E19E4",
"12 Jul 2026 21:03:34","MO",231709,"SBD",340,"SBD","6A540112370AF4695C5E6922E4FCB30A3E3846B1E9468B35FCEB0A5459473837474537FCBA0A648047A921478061FCBF0A59A948081B481E82FCC60A5B544816B1480CECFCDD0A60254864324874F1FC960A74CB48BF2E489A14FC960A6FCC48BA5B48DAA6FCA90A83FA48BF4D48EABFFCD70A618E48D83548FC51FCD40A8468",
"12 Jul 2026 17:37:58","MO",231710,"SBD",284,"SBD","6A53D10A36CE384FC7C74FBA1163D4B9FCA94D3DC64D37C163CA7EFC8045FBFA45E7D063BFBAFC8F461F99461B8763C4B0FC9F46DB8046E6FB63B70EFC7C47780B4782EB63C8A8FC6647F84F47F10D63BB34FCA9481F3348185563BB4BFC3B4867204852AF63BD4EFC7848AEB1488C6663BBEBFC5548DB6648BD6263B99BFC5A",
"12 Jul 2026 09:03:51","MO",231709,"SBD",54,"SBD","4FA216FCD80A5EE25048D1505DD0FD030A8A08508B09507FACFC9B0AE4955038F3505430FCBC0A7F854FAD4B4F942CFCFB0A767819DB",
"12 Jul 2026 09:03:43","MO",231709,"SBD",340,"SBD","6A535852370AD05F9AE35F5BB0FCB30A44C64689AB4662F5FCEC0A5EFA47240447314DFCB20A6B764796F4476E26FCC30A643347FACA481120FCC60A65CD48089A47FECEFCDD0A6AA8485B4F486C10FC9C0A7E6748BB7D489662FC9A0A7A5348B74E48D7ACFCA70A8A1D48BD9148E90DFCDB0A6C0C48D72848FB3EFCD40A8EF6",
"11 Jul 2026 21:03:45","MO",231709,"SBD",54,"SBD","4FE84DFCCC0A5F28508CFB50A206FD030A866350C86950BCFDFC9E0AE2985065A35080DCFCC00A7FE54FCA2F4FB10AFCEA0A768019E4",
"11 Jul 2026 21:03:38","MO",231709,"SBD",340,"SBD","6A52AF92370B4F41A64B417555FCB70A1634464225461BC4FCE70A5F89470E9D471C54FCAC0A6BEA4783DF475B19FCB70A649947EE844804C4FCC20A660A47FACC47F0EEFCDC0A6AD348538248644AFC9E0A7E8148B91248941BFC980A7A7548B56948D5E1FCAF0A8A3048BC3C48E7C7FCD70A6C3048D65448FA7DFCD50A8F11",
"11 Jul 2026 17:37:58","MO",231710,"SBD",284,"SBD","6A527F8A36D07F5034B25026FD63D4CBFCAA4D5FB44D590163CA80FC7845F1F845DDED63BFBCFC8A460B3246072963C4A9FC9746CA7046D5F563B70CFC7F476E8D47796763C8ABFC6247F14147E9F563BB3BFCA848184A48116D63BB46FC3D48649C48502D63BD53FC7548AD03488ACB63BBF5FC5F48DACA48BCD163B996FC5B",
"11 Jul 2026 09:03:52","MO",231709,"SBD",54,"SBD","502CC5FCD10A5FE850D65950EB7DFD090A82C65108C450FD61FC970AE0A250923850AD76FCBE0A80E74FE5B94FCC8EFCF50A774719E4",
"11 Jul 2026 09:03:46","MO",231709,"SBD",340,"SBD","6A5206D2370B6833483E331EBDFCB40A31184669CB46451BFCE80A60584715EE4723A7FCB10A6C04478EF047668DFCBE0A659547F5C7480C78FCC80A66F94804C047FB30FCEC0A6BD248580A4868EBFC9A0A7F6C48B9E04894DFFC980A7B7248B60948D67DFCA90A8A6D48BCAE48E832FCDF0A6D3F48D69448FAB5FCD40A9017",
"10 Jul 2026 21:03:53","MO",231709,"SBD",54,"SBD","507D31FCD80A5A865126EB513C4BFCFE0A771E514B64513FECFC990AD91950BE2B50D96CFCC20A77514FFFE04FE6B4FCEE0A6D7C19E4",
"10 Jul 2026 21:03:46","MO",231709,"SBD",340,"SBD","6A515E12370BAC3561133536ACFCBA0A30CB4688E24662A5FCE90A56CA4729F4473734FCB60A65D4479E58477585FCCB0A5C4147FFD1481629FCC70A5D8A480DFA480421FCE30A624B485EE6486F9BFC9D0A76BB48BD0B4897F4FC9D0A71E448B87748D8C7FCAC0A84AD48BE1E48E996FCDE0A63CB48D76848FB87FCD50A8673",
"10 Jul 2026 17:38:02","MO",231710,"SBD",284,"SBD","6A512E0A36CF72509B86508DE663D4DBFCA24D33224D2CE063CA84FC7C45E7A745D38663BFBBFC9446077346035B63C4B1FC9A46BC5A46C7E463B70BFC82475D144767E763C8A1FC6447E49A47DD5C63BB40FCB3480B4248045E63BB49FC3C485F84484B1663BD57FC7548A8314885E963BBECFC5C48D90C48BB0663B99BFC59",
"10 Jul 2026 09:03:57","MO",231709,"SBD",54,"SBD","50DC1CFCD20A5995517CBB519201FD060A70D8518E4A5182CAFC980AD4FE50E85251038AFCBE0A74925017B14FFE83FCF30A6A7A19E4",
"10 Jul 2026 09:03:46","MO",231709,"SBD",340,"SBD","6A50B552370C3048353947FF9FFCB30A13FB46460C461F9AFCED0A5486470F8E471D49FCB70A647547814647588BFCC10A59E547EBB54801EFFCC60A5AFE47F76D47ED7CFCDF0A5FAD4851224861E2FC9E0A744448B7F6489304FC9D0A6F2B48B49848D51DFCAC0A830B48BBBE48E749FCD90A611348D61448FA40FCD60A83A4",
"9 Jul 2026 21:03:52","MO",231709,"SBD",54,"SBD","514504FCD50A580051D56451EAB9FD020A6A3F51D0CB51C52BFC9D0AD003511148512C7AFCBE0A6F6E502E5C50151AFCF20A651319E4",
"9 Jul 2026 21:03:46","MO",231709,"SBD",340,"SBD","6A500C92370C9A47DB7C47A7A3FCB60A0424471C5746FB2DFCE70A4EB3473C9B4749F1FCB30A606E47B89B479135FCC20A54C24812244829B8FCC50A55E948225C481956FCDD0A5AAB486644487762FCA40A6FE648BDE14898BFFC8A0A6A3E48B9A548D9F3FCAC0A800D48BF7C48EAE3FCD50A5C3648D85348FC6CFCD40A7EA7",
"9 Jul 2026 17:37:59","MO",231710,"SBD",284,"SBD","6A4FDC8A36CD12511A4A510C9B63D4D9FCA74D44634D3EC363CA8FFC7E45CCAC45B8A163BFB4FC95464D064648F663C4BCFC9C4715D147215E63B713FC7347A14547AC3863C8B0FC5C4813C7480C8E63BB3DFCA848382848314763BB4AFC39486FB9485B4963BD5FFC6B48B59648935263BBF5FC5E48DDA848BF9E63B9A2FC5D",
"9 Jul 2026 09:04:10","MO",231709,"SBD",54,"SBD","51B75DFCD50A629C522D9D524302FD0A0A74235210FF520565FC9E0AD50051386051538AFCC10A7CBB5043355029EAFCF70A722319DB",
"9 Jul 2026 09:03:47","MO",231709,"SBD",340,"SBD","6A4F63D2370BD438BC40388C67FCBB0A2C0546AC2F468634FCEE0A5CE147383E474563FCB10A6B0B47AA1947816CFCC00A62824807CA481E46FCC70A638D4815FF480C48FCE20A684648637F487449FC9D0A7C9048BF3B489A15FC940A77D348BA1B48DA70FCAD0A88C048BF2D48EA9DFCDA0A69CA48D81748FC2AFCDC0A8C56",
"8 Jul 2026 21:04:00","MO",231709,"SBD",54,"SBD","52299EFCD60A6FC75282A052981DFD050A8421524EED52433AFC9C0ADC3D515D9C5178C5FCBD0A8FC45055ED503CA6FCEB0A84B419E4",
"8 Jul 2026 21:03:48","MO",231709,"SBD",340,"SBD","6A4EBB12370C63448F05445C04FCBA0A20A246934A466CF1FCEC0A6F544729854736CCFCB80A7789479B5E47729DFCBF0A751147FCD548133FFCC60A7622480A1048003DFCE40A7AFA485BB6486C7BFC9B0A8DE448BB92489680FC960A8AA348B75D48D7BFFCAD0A93CA48BD7448E8F4FCDA0A7C8448D70E48FB33FCD00A9F45",
"8 Jul 2026 17:38:24","MO",231710,"SBD",0,"SBD",,
"8 Jul 2026 09:03:59","MO",231709,"SBD",54,"SBD","529621FCD40A6F5D52D45952E9F0FCFE0A859B528BB0527FEAFC9D0AD863518200519D1CFCBB0A8E5B50671C504DD7FCF30A82DC19E4",
"8 Jul 2026 09:03:48","MO",231709,"SBD",340,"SBD","6A4E1252370C6C37D9C037ACBDFCB30A30B246590346329DFCE50A6E49471B734728CEFCB40A76354790EC47682BFCC10A73D147F62B480C71FCBE0A74D44803B047F9D3FCE40A79A74858AC48696CFC990A8CAD48BA5B48954BFC950A894748B67348D6D4FCA50A926E48BCC548E837FCDB0A7B3A48D69C48FABDFCD60A9DE4",
"7 Jul 2026 21:03:53","MO",231709,"SBD",54,"SBD","52FABAFCCF0A64D653234E5338FBFCFD0A7BFD52C85252BC82FC970ACC6B51A58B51C0B2FCC70A7D56507652505CEFFCEE0A715D19DB",
"7 Jul 2026 21:03:42","MO",231709,"SBD",340,"SBD","6A4D6992370DB2314F8F31273AFCBA0A2F6F462E9E460849FCEF0A5E1B4704DE4712B3FCB50A6B3B4776FD474E31FCBD0A63B347E36B47F9A0FCC30A647847EEA047E4A1FCE80A6920484B92485C55FC9B0A7D5D48B59E4890BCFC9C0A789748B2A248D32FFCA70A881C48BA8E48E62BFCD40A6A9B48D55D48F992FCD40A8CFF",
"7 Jul 2026 17:37:58","MO",231710,"SBD",284,"SBD","6A4D398A36D28D520F675201A863D4F0FCA34D6EB04D687A63CA8EFC7D45E86745D43F63BFBCFC9545DA3745D62063C4ABFC9946730A467E8163B705FC834718224722DE63C89EFC6347B40647ACCB63BB33FCAE47E56D47DE9963BB4DFC3A485101483CA063BD4DFC7248986B48762F63BC02FC5348D52A48B72A63B99BFC63",
"7 Jul 2026 09:04:55","MO",231709,"SBD",54,"SBD","5356EFFCD50A5E6A53724553880FFD050A76EA53064052FA5FFC9C0AC3D051C85651E36EFCB90A718C5082ED506985FCF00A651419EC",
"7 Jul 2026 09:04:44","MO",231709,"SBD",340,"SBD","6A4CC0D2370CEE348589345A4BFCBC0A1DAB468CFF466742FCEA0A5200472FEF473D37FCB50A630F47A366477AB3FCC20A57C94802B848192EFCC10A589C4810DC48070DFCE10A5D464860B648717BFC9C0A72A348BDFA4898DCFC9D0A6CBA48B93348D984FCAC0A80EC48BE8648EA09FCDC0A5EE648D7B648FBCCFCD50A811C",
"6 Jul 2026 21:03:51","MO",231709,"SBD",54,"SBD","53B0C3FCCF0A638753C3A253D980FD0B0A7FB35346FF533B09FC9C0AC46251EA2D52053EFCC10A77B1508C62507300FCF50A6A9C19EC",
"6 Jul 2026 21:03:44","MO",231709,"SBD",340,"SBD","6A4C1812370D9C2F53042F2A84FCB60A345046CD7546A819FCE50A57E3473CF04749FCFCB40A674247B10847888AFCC20A5DFC480C8C482343FCC70A5ED1481C8A481300FCE20A63874866074876DCFC9C0A78A848BF39489A12FC930A730848BA8248DAC5FCB10A84AD48BF8548EAEBFCDD0A653348D84B48FC62FCD70A876F",
"6 Jul 2026 17:38:08","MO",231710,"SBD",284,"SBD","6A4BE80A36D1F45287F4527A5163D4FBFCAA4D685B4D624363CA8BFC7B45C8B045B4A063BFB9FC9845ED8A45E96F63C4B6FC9946A55346B0C663B70AFC78474D9F47587763C8A1FC5C47DAA447D36563BB34FCAA48041F47FD3763BB44FC41485D7548490463BD55FC7548A5DF48839863BBF2FC5648D8D448BACC63B998FC5A",
"6 Jul 2026 09:04:03","MO",231709,"SBD",54,"SBD","540745FCD10A6294541C43543233FD030A80DB538CB15380B4FC9F0AC01B520A42522549FCC60A75C65091DA507862FCED0A682719E4",
"6 Jul 2026 09:03:54","MO",231709,"SBD",340,"SBD","6A4B6F52370DE44224DD41F03CFCB70A1106465449462DA5FCE50A56F34722A447301BFCB30A67034793A3476ABCFCC00A5C8647F72B480D55FCCA0A5D3048020F47F81CFCE30A61CC485850486916FC950A773848BB67489660FC980A713148B70348D76CFCA80A83B148BD2A48E8AAFCD60A636048D6D648FAF5FCD00A8586",
"5 Jul 2026 21:03:58","MO",231709,"SBD",54,"SBD","5468B5FCD30A65C55484005499F7FCFC0A859653D66353CA49FCA40ABF8752260B524102FCBE0A7B495091F4507874FCFA0A6D3619E4",
"5 Jul 2026 21:03:46","MO",231709,"SBD",340,"SBD","6A4AC692370DD737DD5637AFBEFCB90A25C346ADE34688B0FCE70A5C88473A994747D4FCB30A6B3547AC7D4783F7FCBD0A62524808D1481F77FCC40A630A481755480DC5FCE20A67BA4863DA4874B0FC970A7D0A48BF41489A21FC950A772A48BA2E48DA84FCA60A877648BF3448EAA9FCDB0A696448D81548FC31FCD50A8B90",
"5 Jul 2026 17:38:07","MO",231710,"SBD",284,"SBD","6A4A968A36CEE052F82952EAA463D506FCAF4D218B4D1AFE63CA7DFC7E45A213458E1B63BFAFFC934628A546248B63C4B0FC9846F2E246FE5A63B70DFC784787BA47928D63C8ABFC614800A847F96263BB3FFCAA48243E481D5163BB47FC354869A948555163BD51FC7948B057488E2163BBF3FC5248DBDF48BDDC63B996FC5E",
"5 Jul 2026 09:04:02","MO",231709,"SBD",54,"SBD","54F0E6FCD00A6D2A54FC7C55128EFCFC0A8E1B541F205412E6FCA00AC313523ACE5255ABFCC10A8A38508BE450724BFCEB0A7BB119E4",
"5 Jul 2026 09:03:53","MO",231709,"SBD",340,"SBD","6A4A1DD2370DC43410DF33E775FCB70A3D54468BFF466759FCEB0A6C0A472C93473A17FCAE0A75B347A2654779F5FCBE0A71A34801B0481863FCCE0A726548100A48067EFCDE0A7728485F0B486FE9FCA00A8BA048BD35489824FC940A86AE48B87648D8D8FCA40A90C548BE2A48E9A6FCDA0A78D748D76548FB84FCDC0A9B26",
"4 Jul 2026 21:04:00","MO",231709,"SBD",54,"SBD","55A6CFFCD90A7201557D6F5593B1FD020A93515461505454F7FC9B0AC5FF524692526162FCBA0A9879507F9A5065FFFCEF0A897E19EC",
"4 Jul 2026 21:03:53","MO",231709,"SBD",340,"SBD","6A497512370E3A55E1C555A7A2FCBA0A41CC46B5EB469001FCEB0A7A3747399247469AFCB40A7F6F47AC8C4783EAFCC40A800D4808C0481F46FCC60A80E648185A480EC1FCE40A85C74863E94874B3FC9C0A997948BE3B489910FC950A956348B9AE48D9E8FCA40A996048BEDF48EA51FCE10A878548D7DD48FBF3FCD20AA9F6",
"4 Jul 2026 17:38:04","MO",231710,"SBD",284,"SBD","6A49450A36D29253AF2F53A1D063D516FCA74D50844D4A7163CA85FC7B45A91445951563BFBEFC9345F4E845F0C163C4A9FC9446BBB146C71C63B714FC7B4761B8476C7F63C89EFC6547E78847E04063BB45FCAB480F0948082363BB48FC36486198484D2B63BD53FC7948A99548875C63BBF8FC5448D9DA48BBD463B992FC5C",
"4 Jul 2026 09:04:07","MO",231709,"SBD",54,"SBD","567B72FCD20A6D5155FA795610E4FD030A8F595496435489D1FCA10AC1B85247A7526264FCC00A99B9506D1B505372FCF70A8A7E19E4",
"4 Jul 2026 09:03:56","MO",231709,"SBD",340,"SBD","6A48CC52370E115B8EB15B54A5FCB30A37DA467530464E92FCEE0A7C634727AA4734DCFCB20A8098479B11477233FCC30A81F547FBC6481207FCCB0A82C748093D47FF42FCE40A87AE485BCD486C85FC9E0A9B6448BB5C48963DFC970A973E48B72C48D77BFCAB0A99E848BD3548E8A5FCDB0A896B48D6DE48FAF8FCD50AABCD",
"3 Jul 2026 21:04:00","MO",231709,"SBD",54,"SBD","5757A8FCCD0A60B5566768567DF6FD030A80FA54B85A54ABC2FC970AB5C0523C7E525731FCC20A8B9A505472503ACDFCEC0A7C5E19EC",
"3 Jul 2026 21:03:49","MO",231709,"SBD",340,"SBD","6A482392370F654BFB7E4BC52CFCC00A1FD8462D544606C3FCEF0A6F69470A75471803FCAC0A771F477C54475355FCC20A74E147E56747FB56FCBF0A758C47EFD047E5B4FCE80A7A4F484CC0485D6AFC9B0A8F1F48B5AD4890A9FCA00A89C248B29848D305FCAF0A90EE48BA9048E616FCDB0A7C0248D54748F976FCD50A9E26",
"3 Jul 2026 17:38:04","MO",231710,"SBD",284,"SBD","6A47F38A36D4B054116254036363D524FCA64D24824D1DFD63CA7EFC8745B1EA459DCD63BFB4FC9245D27545CE5263C4AAFC9B4686714691EA63B712FC7F47342F473EF763C89DFC6547C8A147C16163BB3AFCAD47F65847EF8563BB43FC404857DC48436763BD4CFC7148A04F487E1363BBF9FC5948D78248B98263B999FC67",
"3 Jul 2026 09:04:01","MO",231709,"SBD",54,"SBD","5825D5FCD00A53A356BA7F56D13EFD010A6D6154C3F454B759FCA20AA7FC5224E8523F82FCC10A765650362C501C7CFCEB0A671119EC",
"3 Jul 2026 09:03:56","MO",231709,"SBD",340,"SBD","6A477AD2370EA937E57137BA57FCBC0A2426464529461F43FCEA0A5B604719314726DEFCB10A6953478E7F4765C3FCBE0A60C647F32E480991FCC80A616C47FF7847F59CFCE20A66214855F14866B7FC9A0A7C9B48B9A04894A0FC950A757348B5B048D627FCA50A844248BC5948E7DFFCDF0A67DB48D66A48FA88FCD40A89B2",
"2 Jul 2026 21:04:02","MO",231709,"SBD",54,"SBD","58D53FFCD50A4C0656EDE75704C7FD020A5E4D54B95C54ACA9FC9D0A9DC552036A521E15FCBF0A659D5014A04FFAE4FCE40A565919E4",
"2 Jul 2026 21:03:52","MO",231709,"SBD",340,"SBD","6A46D212370E0E2AAFAB2A8CD0FCB50A239646514F462AB5FCE70A4B694723BD473121FCB30A5E90479501476C0FFCBE0A50D247F6D2480CFEFCC60A516848017847F77EFCDF0A5606485794486845FC9D0A6DEC48BAEE4895DDFC9B0A653E48B68748D6DAFCAE0A7A3148BCD948E85AFCDD0A57C548D6A448FAC3FCD80A7959",
"2 Jul 2026 17:38:59","MO",231710,"SBD",284,"SBD","6A46A20A36D25B53FE6253F02A63D526FCA54C9AB14C944263CA66FC75458F0E457B0563BFB5FC8D46024545FE3863C4B1FC9946C52E46D0AB63B70BFC7D47652D476FFE63C8A8FC5E47E72747DFE563BB3EFCA3480FCD4808F063BB46FC3D48613B484CD463BD53FC7248A95448871C63BBF6FC5848DA3048BC3463B999FC5D",
"2 Jul 2026 09:04:10","MO",231709,"SBD",54,"SBD","5957FAFCD90A47B556FE8857158EFD040A5473549A25548D5EFC980A985D51DAB751F53CFCC10A5A044FF15B4FD7BFFCEE0A4AA519EC",
"2 Jul 2026 09:04:02","MO",231709,"SBD",340,"SBD","6A462952370E68275AFD273A1AFCB80A1DD7467D91465801FCEB0A40B7473086473E1BFCAC0A57AD479FED477751FCC00A461D47FE3F4814BAFCC50A46A848094B47FFA2FCDF0A4B3B485BDC486CB7FC9C0A644148BCC14897B1FC980A5A5848B7E448D859FCB10A73AF48BDAD48E928FCD70A4CF648D72B48FB4AFCD40A6E5A",
"1 Jul 2026 21:03:58","MO",231709,"SBD",54,"SBD","59A319FCD50A50E156EDDF5704F3FD010A5F67546D965460CEFC970AA11451AF9651CA2DFCBD0A663B4FCEBD4FB505FCF40A567819EC",
"1 Jul 2026 21:03:53","MO",231709,"SBD",340,"SBD","6A458092370DA929EBAE29C866FCB80A279D46B7A6469109FCE60A4CE047465F475373FCB20A60D547B1BE4788FDFCC30A526B480B01482162FCC70A530548175B480D9CFCE20A57A84865204875E8FC9A0A705B48C02B489B08FC940A66DB48BAFA48DB46FCAB0A7BBD48BF9048EB05FCD80A597048D86648FC83FCD50A7AEF",
"1 Jul 2026 17:38:15","MO",231710,"SBD",284,"SBD","6A45508A36CA8753F06353E29E63D526FCA24C6E294C67C863CA64FC7C457CDB4568D563BFBAFC94466D034668CF63C4BCFC97473DEA47494B63B710FC7B47B71347C1E063C8B0FC6A48201B4818C963BB32FCAA483D5548365A63BB4AFC394872E8485E7463BD55FC7448B7CE48958363BBF4FC4F48DE2148C01A63B996FC5B",
"1 Jul 2026 09:03:59","MO",231709,"SBD",54,"SBD","59B16EFCDE0A5E2156C1DA56D8E3FD060A746B5438FC542C3BFC9E0AAFCD518402519EA0FCC10A7E554FAD5D4F93B2FCF00A6E2519E4",
"1 Jul 2026 09:03:54","MO",231709,"SBD",340,"SBD","6A44D7D2370DB92C8F2D2C6A06FCBD0A3DCF46EB2C46C537FCEA0A64C4474D9E475A7EFCB50A718147BB0A47926CFCBD0A6A734811AE482840FCC60A6B31481FA14815F2FCE00A6FFF48688D487955FCA10A878D48C0AD489B82FC9D0A7F5948BB8548DBC4FCAB0A8AB248C00848EB6FFCDA0A71DD48D8A048FCBAFCD10A939B",
"30 Jun 2026 21:04:09","MO",231709,"SBD",54,"SBD","598968FCD60A689C568406569B1CFD060A876253FF2453F275FCA30ABB3F515781517214FCC60A90EE4F8C9F4F72FFFCF40A806219E4",
"30 Jun 2026 21:04:03","MO",231709,"SBD",340,"SBD","6A442F12370ECD305B89303394FCB30A4BDF46A279467C83FCED0A77CE4737EF474510FCAE0A7DF447A805477F55FCBA0A7D464803C3481A2CFCC70A7E1148113B480777FCE10A82FE486062487127FC990A99A848BD2A489810FC980A927048B89F48D8F2FCA80A95BF48BDFF48E976FCD30A84E048D75D48FB75FCD20AA6D0",
"30 Jun 2026 17:38:17","MO",231710,"SBD",284,"SBD","6A43FF0A36D07053D1A353C1EC63D526FCA54C5C3A4C562863CA60FC7B456AE14556E363BFB6FC934637184632EE63C4B7FC964707964712FB63B718FC7B47918F479C4D63C8A6FC5F4803C847FC7E63BB3AFCAB4823BB481CCF63BB46FC3E4867FC48538E63BD59FC7448AE26488BDD63BBFCFC6248DAB348BCAC63B997FC5D",
"30 Jun 2026 09:04:09","MO",231709,"SBD",54,"SBD","5946CBFCD00A67FD563D8056545DFD070A8C8E53C09553B3E6FC9D0ABD03512A99514525FCBB0A91244F6D0E4F535BFCEC0A804C19E4",
"30 Jun 2026 09:04:03","MO",231709,"SBD",340,"SBD","6A438651371007384C40381E90FCB60A5142464F9D462913FCE90A7868471F22472CA6FCB10A7E67478FDB4766EBFCBF0A7D8047F253480883FCC20A7E4147FCEC47F2DEFCE50A833048543D4864EEFC9C0A9A3348B8F64893ECFC980A929148B50348D56BFCA80A955148BBDC48E762FCD50A851048D61148FA39FCD10AA6EC",
"29 Jun 2026 21:04:19","MO",231709,"SBD",54,"SBD","58F969FCD50A60D955F1CC5608C4FCFE0A8BEB53817C5374DFFC9C0ABC5A50FF1D5119BBFCC50A8C214F4F2F4F3588FCF70A7ACC19E4",
"29 Jun 2026 21:04:08","MO",231709,"SBD",340,"SBD","6A42DD9237101464099463CEA6FCB50A37084622D345FC5CFCEE0A7401470A70471839FCB10A7A94477BA94752E1FCC10A78F947E42947FA55FCC90A79AF47EEC647E4DCFCE30A7EA2484B17485BDEFC9E0A963B48B4C7488FDDFC8F0A8DEF48B1CA48D252FCA40A919348B9E948E57FFCD80A807248D4FB48F928FCD70AA234",
"29 Jun 2026 17:38:19","MO",231710,"SBD",284,"SBD","6A42AD8A36D55F53FD9753EE5663D52BFCB04CC0904CBA7963CA74FC7A458DA04579A363BFB8FC8E45EC3145E8DF63C4B3FC9E46A38146AFE163B70DFC7B4747DF47536263C8A4FC6047CFE347C91663BB38FCB048061847FFBE63BB49FC3B48587B48442163BD51FC7448A0A6487E8663BBF6FC5C48D76448B95D63B998FC61",
"29 Jun 2026 09:04:59","MO",231709,"SBD",54,"SBD","58A428FCD40A4D9355A26255B940FD090A7C5553441C53378EFC9F0AB42E50D75D50F1EFFCC00A79694F346C4F1ACEFCF10A67DB19EC",
"29 Jun 2026 09:04:54","MO",231709,"SBD",340,"SBD","6A4234D237107E66AF126673CEFCB50A28FA466201463B8FFCE60A611547250347324BFCB20A6CC1479890476FB8FCC10A663347F883480ECBFCC60A66FA4805F247FC12FCE10A6BE94859DC486A9AFC950A84DE48BA30489516FC950A7B2B48B63B48D699FCA60A852048BC9548E80EFCDA0A6DD548D68848FAA8FCD60A8F4E",
"28 Jun 2026 21:04:06","MO",231709,"SBD",54,"SBD","583FECFCD40A38F8554EBB556594FD000A65BE53084052FBB9FC9E0AA95250B26F50CD0FFCBD0A61EF4F1C054F025FFCF20A503C19E4",
"28 Jun 2026 21:03:57","MO",231709,"SBD",340,"SBD","6A418C123711ED68B29768752CFCB70A193846177A45F108FCEB0A4AB24703FF4711D4FCAE0A5D724771E04748F7FCC30A4FB347DC8747F291FCBA0A504047E66147DC62FCE60A55054845D2485686FC970A6FCC48B2E8488E03FC910A640C48B04048D0CDFCA40A764548B91D48E4A9FCD20A56D048D48D48F8BCFCD60A77F0",
"28 Jun 2026 17:38:26","MO",231710,"SBD",284,"SBD","6A415C0A36D83B53A76653986C63D521FCAF4CA7BC4CA1C263CA6CFC7D45941D45801463BFB5FC9245ADA845A98763C4A4FC9A4647F046536263B70DFC7D46F23746FD0A63C894FC674797FD4790BF63BB35FCA847CFF847C91C63BB44FC3B4848224833B763BD4BFC77488E49486C0A63BBF6FC5C48D2DC48B4D663B99CFC5F",
"28 Jun 2026 09:04:16","MO",231709,"SBD",54,"SBD","57CE24FCD70A22F554FA6D551131FD030A475752CE7052C1F8FC970A9B9650900750AAA3FCBF0A441C4F05914EEBE9FCF30A324E19EC",
"28 Jun 2026 09:04:05","MO",231709,"SBD",340,"SBD","6A40E3523710B1603F5D60024BFCBC0A0A9046207C45FA03FCE70A2D8D470F71471D2CFCB40A492C477F41475638FCC20A327B47E5F847FBFAFCBF0A32F947EE8F47E46FFCDD0A379D484B43485BF5FC9C0A547C48B5FB4890FBFC9E0A467948B24F48D2C5FCA90A63A948BA7448E607FCDE0A396C48D54748F96DFCD60A5A1F",
"27 Jun 2026 21:04:15","MO",231709,"SBD",54,"SBD","575869FCDA0A17FB54AB2554C1D9FD050A334B5299C1528D69FCA20A95C050715F508C0FFCC10A326E4EF14B4ED7BDFCF20A205E19E4",
"27 Jun 2026 21:04:07","MO",231709,"SBD",340,"SBD","6A403A91370FF368287367DCD9FCBD09FA0146AAA046845DFCE50A1BBF4742E5475016FCB20A3D9247AF1847866DFCBE0A20DF4807EB481E57FCC10A21664813A54809F3FCDF0A26034862A248736BFC9C0A445248BF3D489A25FC960A34D148BA2948DA79FCAA0A592E48BF2C48EA9BFCD90A27F248D82C48FC46FCD40A485E",
"27 Jun 2026 17:38:22","MO",231710,"SBD",284,"SBD","6A400A8A36CBF552A8E4529A5963D504FCAA4BF7634BF14063CA52FC804567E74553E463BFBAFC9546434B463F3463C4B3FC9047091047149663B709FC7D478CA947979063C8A6FC6448028B47FB5763BB39FCAB482A0A48232663BB49FC3A486A6848560163BD55FC7348B003488DCD63BBEFFC5C48DC9048BE8363B993FC5A",
"27 Jun 2026 09:04:11","MO",231709,"SBD",54,"SBD","56EC4AFCD70A2D0654661D547CA6FD050A46E6526F0C5262C9FC9D0AA5B15059235073D7FCC10A49244EE0DA4EC752FCF20A367C19E4",
"27 Jun 2026 09:04:02","MO",231709,"SBD",340,"SBD","6A3F91D13710086B8B066B4DCBFCB60A05534702ED46DBE8FCEA0A32054758B3476568FCB00A4DC347C2C4479A04FCB80A37784815F5482C64FCC40A381D48231D481957FCDB0A3CD9486AE0487B9DFC9C0A5A4E48C1CD489C95FC970A4BC748BC8D48DCB8FCAF0A678D48C0C648EC32FCD70A3ED548D92E48FD35FCD60A5F7B",
"26 Jun 2026 21:04:26","MO",231709,"SBD",54,"SBD","568B67FCCE0A3BE05427C4543E43FD000A5987524B10523EC5FCA10AB07A5046185060C2FCC30A5B584ED3B14EBA1BFCEC0A484919EC",
"26 Jun 2026 21:04:16","MO",231709,"SBD",340,"SBD","6A3EE912371140779F667765BCFCB80A0ADB4696924670D1FCEF0A44834737C64744FCFCAE0A599947A8C047800DFCBD0A498C4803424819B8FCBE0A4A434810F7480734FCE20A4F244860144870DBFC9C0A6BE548BD2C489809FC960A5E2648B87E48D8CDFCA90A721A48BE0948E982FCDC0A512448D76E48FB8CFCD30A71F5",
"26 Jun 2026 17:38:24","MO",231710,"SBD",284,"SBD","6A3EB90A36D5EE52943852863E63D50BFCAF4C298C4C238763CA59FC78454CB34538B063BFBAFC924603CB45FF9B63C4B7FC9746DA6746E5CB63B70DFC7C477444477EFE63C8B0FC6247F1D847EA8963BB39FCAE4817D14810E963BB40FC3B4864D048506263BD53FC7B48AAFF4888BE63BBF5FC5648DA7F48BC7863B9A0FC59",
"26 Jun 2026 09:04:20","MO",231709,"SBD",54,"SBD","562B70FCD00A32F453ED5E5403C2FD0E0A5428522B39521EE9FCA00AABFB503587505027FCC50A51624EC74D4EADB4FCF40A3E3B19EC",
"26 Jun 2026 09:04:10","MO",231709,"SBD",340,"SBD","6A3E40513710627646D7760FEBFCB70A010F464D8446282CFCE90A3B67471EDE472C93FCB30A52BB4792D3476A32FCBF0A401347F2624808E4FCC20A40C247FE5F47F4A9FCE40A45A04854A248657DFCA10A634348B8CC4893D2FC9C0A548948B46A48D4E6FCAA0A6B7548BB9348E71AFCDC0A479348D5F048FA18FCD60A6839",
"25 Jun 2026 21:04:10","MO",231709,"SBD",54,"SBD","55CD41FCD10A230F53BA1F53D06DFD070A49D252119A520564FC9C0AA3445027F550429DFCC20A3FF14EBBC94EA22FFCED0A2CB819EC",
"25 Jun 2026 21:04:02","MO",231709,"SBD",340,"SBD","6A3D9792371122712FC270F73AFCBB09F9FB462DA446070CFCEE0A2A7F471A654727ECFCB70A46ED478B9047629AFCC30A2F2247EDC44803E8FCC60A2FB947F7C247EDC8FCE10A34834850EF4861A3FC980A537448B748489246FC940A434948B39248D3FCFCAC0A601D48BAFA48E682FCDD0A367948D5A348F9CBFCD50A56D7",
"25 Jun 2026 17:38:26","MO",231710,"SBD",284,"SBD","6A3D678A36D81C52375D52294763D504FCA84C0F474C08A463CA56FC7A456A6945565E63BFB5FC9045AA4A45A62C63C4A2FC94464C8946580463B70EFC7846F4AF46FF6C63C8A2FC62479746478FFF63BB32FCA847CF3847C86863BB3CFC3D48479748332E63BD49FC70488CF7486ABF63BBFAFC5748D31948B52363B998FC53",
"25 Jun 2026 09:04:18","MO",231709,"SBD",54,"SBD","557782FCD50A055A53918753A7C9FD030A302D51FE8A51F251FC970A91FB501D195037C6FCC10A1EFC4EB0EA4E9749FCF40A0BD919E4",
"25 Jun 2026 09:04:12","MO",231709,"SBD",340,"SBD","6A3CEED23711A36D6C016D3165FCB909E84E46140C45ED97FCEA0A0A63470AFA4718E6FCAE0A30E9477526474C2AFCC00A0F1D47DB0747F0F3FCCD0A0F8B47E15C47D724FCDB0A14194843394853ECFC9C0A355348B252488D6FFC9B0A229E48AF1048CFB0FCA80A4B8248B87E48E41CFCDD0A15F348D44448F86EFCDC0A35D5",
"24 Jun 2026 21:04:15","MO",231709,"SBD",54,"SBD","553319FCD309EF145375AC538BEBFD0D0A1C1551F2A151E683FCA90A869E5014F1502F92FCCA0A05B44EA6404E8CA4FCEC09F28319D2",
"24 Jun 2026 21:04:04","MO",231709,"SBD",340,"SBD","6A3C46123711AE7062947029ECFCB209D500469F99467C16FCED09F18C474173474EF6FCB90A20A047AFE64787B6FCC309F669480824481F16FCC609F6D74814F6480BA5FCE009FB5A4862D34873C2FC9F0A1E2C48BFE6489AD6FC9B0A09C948BA7F48DADBFCA90A3CCB48BF6B48EAE8FCD409FD5148D85548FC78FCD90A1CDF",
"24 Jun 2026 17:38:24","MO",231710,"SBD",284,"SBD","6A3C160A36D06E51D89F51CA4A63D4F6FCA34BC9134BC26463CA4EFC7C45294A45154E63BFB4FC95461FBB461BC563C4B5FC9846FB7747070D63B70DFC81478CF54797E263C8B2FC6348008B47F94663BB3EFCAB482256481B7863BB51FC3B486A164855B263BD4AFC7548B10E488ED563BBF3FC5948DC8948BE8563B997FC5F",
"24 Jun 2026 09:05:10","MO",231709,"SBD",54,"SBD","550381FCDE09F75A5365E2537C12FD070A27E251EF1651E2EEFC9F0A8D84501059502AF2FCC20A0EEE4E9CB54E830CFCF309FB8419DB",
"24 Jun 2026 09:05:03","MO",231709,"SBD",340,"SBD","6A3B9D5237115078741C7839CDFCB509DDA746CDB946A872FCEB09FAD647534F47607BFCB10A283947BCA647941CFCBF09FFBA48110D4827B4FCC50A0028481D5C4813DBFCDF0A04B548687D487951FC9F0A278948C255489D39FC980A132C48BC8748DCCEFCA90A436148C0BA48EC2CFCDA0A06B248D92048FD37FCD60A264E",
"23 Jun 2026 21:05:03","MO",231709,"SBD",54,"SBD","54E1B9FCD10A11D5535F60537589FD040A461051F0AB51E478FC9E0A9EA5500CAE50274DFCC10A2C1E4E92394E7889FCF80A186B1984",
"23 Jun 2026 21:04:10","MO",231709,"SBD",340,"SBD","6A3AF4923711386BDB716B9D6EFCB009F7F446F97C46D397FCEB0A17E3475E06476AE3FCB20A3D1A47C605479D6BFCBF0A1CF84817EF482E8BFCC50A1D7C4824CB481B3DFCE60A222E486C64487D2FFCA10A43E548C362489E34FC970A30D148BD8C48DDC4FCAF0A564F48C16E48ECDBFCD50A244248D99048FD96FCD60A442A",
"23 Jun 2026 17:38:30","MO",231710,"SBD",284,"SBD","6A3AC48A36CE9D518D3F517F1963D4F4FCA14BA07A4B99F463CA4DFC7D452DAB4519D663BFB0FC964673C046701263C4BEFCA04751CB475D8F63B717FC8247C75A47D27163C8ACFC60482AB148239563BB37FCA9484DD548471363BB4BFC454877604862E963BD4EFC7248BCEA489AAE63BBF7FC5B48DFFC48C20563B995FC57",
"23 Jun 2026 09:04:23","MO",231709,"SBD",54,"SBD","54CCE5FCD40A2AAC5362A35378C3FD050A5FF351F6F051EAC2FC980AACE45008F1502382FCC00A45F44E86014E6C47FCF70A320819EC",
"23 Jun 2026 09:04:12","MO",231709,"SBD",340,"SBD","6A3A4BD237123168BB16688049FCBB0A080746A218467C62FCEB0A3277474647475394FCB70A4F8C47B1774788B8FCC10A372E4808B4481F30FCCA0A37BB481466480A9EFCE20A3C8948632B4873F1FC9B0A5D5D48BFF8489AE5FC990A4B4848BA8348DAD4FCA50A66C848BF6348EAD7FCD70A3E9E48D83A48FC53FCDA0A5ECB",
"22 Jun 2026 21:04:15","MO",231709,"SBD",54,"SBD","54C870FCD90A3A425370865386A9FD000A6C7752014D51F50EFC9F0AB436500425501EB5FCBB0A543E4E77614E5D9AFCF20A404219EC",
"22 Jun 2026 21:04:07","MO",231709,"SBD",340,"SBD","6A39A3123711B361C0A0618451FCB40A170D466893464206FCEC0A413F473B41474896FCB40A59EB47A649477D75FCC00A45C047FFD1481610FCC50A46464809EC47FFF8FCE10A4B2F485DFB486EB7FC9F0A6B9D48BE2348990BFC970A59F548B8F748D94BFCA70A6FDA48BE4448E9BCFCD90A4D4548D78648FBA6FCD40A6D90",
"22 Jun 2026 17:38:30","MO",231710,"SBD",284,"SBD","6A39730A36D30F51906551829D63D4EAFCA44B92394B8BA163CA43FC7D4510E544FCE563BFB6FC904617B04613A963C4B2FC9B46FBA547075063B717FC7A478E5E47995563C8A3FC614800E047F9B963BB3AFCAC4823AA481CE863BB4EFC414869A448553263BD55FC6F48B09C488E6263BBF5FC5E48DC0B48BE0463B99DFC5E",
"22 Jun 2026 09:04:20","MO",231709,"SBD",54,"SBD","54D6F0FCD90A470B53890D539F27FCFE0A7361520DCF52018EFCA60AB88F4FFC6B5016EEFCBF0A5E9C4E65864E4BC3FCF90A4AA419EC",
"22 Jun 2026 09:04:09","MO",231709,"SBD",340,"SBD","6A38FA5237132B662FC365F2BCFCBA0A18EC4677EE465151FCE40A4BF24737BD4744EBFCB50A60DF47A620477D2DFCBF0A5096480025481660FCC40A5124480BBB4801D0FCE30A562A485DE3486E9AFC9F0A763248BD2848980EFC960A64FC48B85148D8A5FCA90A765048BDFD48E975FCDE0A584848D75448FB6DFCD70A78A3",
"21 Jun 2026 21:04:19","MO",231709,"SBD",54,"SBD","54FC6BFCD50A43F853AB5C53C17EFD030A69325218E6520C9AFC9B0AB2B64FEF515009C8FCC50A57924E4FB04E35E1FCF10A43CF19E4",
"21 Jun 2026 21:04:09","MO",231709,"SBD",340,"SBD","6A3851923713CA62AC96626F5AFCB40A16B7460E3A45E806FCE90A464C471176471F78FCB50A5D2B477E0D475543FCC10A4AAA47E2DE47F927FCCA0A4B1647EAC947E0E8FCDF0A500C4848F54859C3FC9C0A70E048B49C488FC0FC8F0A5EC348B16A48D20AFCA70A71FA48B9A648E541FCD70A521548D4EA48F91EFCDB0A724F",
"21 Jun 2026 17:38:33","MO",231710,"SBD",284,"SBD","6A38218A36D9F451B8E651AB0C63D4F2FCA94B97514B907D63CA49FC794523FC450FF063BFAEFC8C45AD2945A91663C4AAFCA246773F4682C763B707FC8647284C47332A63C8A0FC6047BB6147B42E63BB31FCB147E90F47E24063BB4AFC474852AF483E4363BD4CFC71489ACE48788963BBF2FC5848D64A48B84B63B996FC5B",
"21 Jun 2026 09:05:18","MO",231709,"SBD",54,"SBD","553F03FCD70A33E353D42C53EA6CFD050A544C521E1B5211BCFCA50AA5A34FDB404FF5B3FCC50A43284E36174E1C47FCF00A2FBC19EC",
"21 Jun 2026 09:04:20","MO",231709,"SBD",340,"SBD","6A37A8D23713A75B4B8D5B120FFCB70A0CB84604A445DE3CFCED0A32C7470CAA471AA8FCB20A4F7247769C474DBCFCC10A372F47DD5147F368FCC20A377B47E4F647DAF6FCE10A3C5848457848563EFC9A0A5E5148B341488E6EFC930A4AEB48B05648D0F1FCAC0A653B48B92648E4C1FCD60A3E5848D4AE48F8E0FCD60A5E49",
"20 Jun 2026 21:04:25","MO",231709,"SBD",54,"SBD","559C9DFCD30A230453FAE754113EFD060A40A1521894520C29FCA10A9AAB4FBFCD4FDA30FCC50A2FA34E19354DFF6DFCF30A1C7E19EC",
"20 Jun 2026 21:04:20","MO",231709,"SBD",340,"SBD","6A3700123712D163BCEE637C03FCBC09FAAC46808D465A51FCEC0A1FB9474412475160FCB30A42D047AD3147845EFCBF0A244048041A481A72FCC70A2494480E63480483FCE00A29684860C548718AFC9A0A4C3348BF7D489A60FC980A37E748B9FD48DA5AFCAB0A59DA48BEF348EA6AFCD60A2B8148D7FA48FC1CFCCD0A4B29",
"20 Jun 2026 17:38:34","MO",231710,"SBD",284,"SBD","6A36D00A36D33C51C35851B56A63D4F8FCA84B4E4F4B47E363CA43FC784500C244ECC663BFB7FC8C4607F34603E363C4B2FC9C46E6F446F27F63B716FC7B477E2D4788FF63C8A9FC6847F55747EE1063BB35FCA848170048102463BB46FC404865DE48517B63BD52FC6A48AD73488B3263BBEBFC5748DB1548BD1763B99DFC5B",
"20 Jun 2026 09:04:29","MO",231709,"SBD",54,"SBD","560501FCD40A2BFD541585542BEFFD010A4B9552068B51FA0DFCA10AA1344F9E8F4FB8E9FCC10A3A914DFB344DE168FCF00A278119F5",
"20 Jun 2026 09:04:21","MO",231709,"SBD",340,"SBD","6A3657523713206357E1632130FCB609FD3A46C14D469B48FCE60A2B1347514C475E71FCB40A4B3E47BA554791A2FCBC0A2FB7480E3D4824B8FCC20A3013481A4A48109DFCDF0A34F04866C2487791FC9A0A575748C163489C49FC9D0A437C48BBAD48DBF7FCAD0A61A848C02C48EB9DFCD80A371A48D8C448FCD1FCD00A56D9",
"19 Jun 2026 21:04:15","MO",231709,"SBD",54,"SBD","566102FCD60A3CDB541A785430FBFD050A620151E58851D90DFC9D0AAE3D4F77E94F9245FCBD0A50BE4DDCB04DC2E7FCF10A3DAC19EC",
"19 Jun 2026 21:04:12","MO",231709,"SBD",340,"SBD","6A35AE923713675633C755FF54FCBF0A0F7446D1D646AD54FCE80A41AB4751B7475EF0FCB30A5B6147BBC2479359FCC20A4666480F53482619FCC70A46CD481C3448129CFCDC0A4BCD4867054877DCFC9E0A6D3F48C11B489BF9FC980A5A7848BB8B48DBD2FCAA0A705248C00D48EB81FCD70A4DFB48D8A748FCC0FCCD0A6DF3",
"19 Jun 2026 17:38:34","MO",231710,"SBD",284,"SBD","6A357E8A36D02E51769451682A63D4EEFCAB4AFD5B4AF71F63CA3CFC7845060644F20D63BFB1FC95466D8446697163C4B5FC9F474DBB47592D63B71AFC7D47C30C47CDDC63C8AEFC624827C748206C63BB3BFCAC484A1248431B63BB48FC3D4876C148625263BD58FC7548BB9B48996263BBF7FC5748DFAB48C1A063B998FC5E",
"19 Jun 2026 09:04:27","MO",231709,"SBD",54,"SBD","569D9FFCD40A47E754033E5419C6FD030A72B151B4C951A844FCA30AB8654F4D264F6781FCC10A612C4DBE7C4DA4AAFCEE0A4E2419EC",
"19 Jun 2026 09:04:22","MO",231709,"SBD",340,"SBD","6A3505D23711813F07CF3ED82BFCB80A1EDB469DF84677F8FCEB0A52CA474AE9475813FCB40A679647B2E5478A12FCC40A57494807B8481E1FFCC30A57A84812CF4808FCFCE20A5CB14862F94873B5FCA20A7D8A48C003489AE0FC9D0A6B6848BA6348DAB1FCB30A7B0C48BF1E48EAA0FCD50A5EE448D80848FC20FCD40A7EFE",
"18 Jun 2026 21:04:28","MO",231709,"SBD",54,"SBD","56AB75FCD40A53B153CCCA53E33DFD040A823E51765A5169DBFC9F0AC2704F20444F3A99FCC50A70254DA16A4D87B2FCF30A5D3119A7",
"18 Jun 2026 21:04:18","MO",231709,"SBD",340,"SBD","6A345D1237141139ED6739C04AFCB60A375A46871E466178FCE70A622D474214474F69FCB80A720747AD36478481FCBE0A66AE4803B5481A2EFCC50A670D480F884805CEFCE30A6C3148608E487163FCA00A8C4C48BE9B489983FC910A7AFA48B95148D9A4FCAE0A84AD48BE7848E9ECFCD30A6E6948D79D48FBBDFCD30A8EA4",
"18 Jun 2026 17:38:40","MO",231710,"SBD",284,"SBD","6A342D0A36D3BA512E0C511FEF63D4ECFCA84ABA834AB47363CA28FC7C44E28544CEA863BFAFFC904629834625C363C4B6FCA0471044471BFF63B710FC7E479A5947A55C63C8AAFC6048057147FE3A63BB43FCAD4828A64821D463BB43FC3B486A8248560E63BD52FC7948B1FD488FC163BBF7FC5E48DC2348BE1B63B99DFC58",
"18 Jun 2026 09:05:11","MO",231709,"SBD",54,"SBD","567CD9FCD20A58F5537AC753913CFCFF0A89E751304C5123D4FCA20AC8AF4EF3F34F0E4DFCC00A77124D86624D6CABFCF30A642919E4",
"18 Jun 2026 09:05:03","MO",231709,"SBD",340,"SBD","6A33B45237132F444C7944194BFCBC0A2EAF46928D466D03FCEC0A6931474238474F76FCB40A76AB47AD8C4784E3FCBF0A6DDD4803D0481A59FCC70A6E4648105048069CFCDF0A737848609548715DFCA10A931F48BDF94898E3FC9A0A824748B90548D94DFCA80A88F448BE3A48E9A9FCD90A75BD48D77848FB9EFCDC0A95FF",
"17 Jun 2026 21:04:32","MO",231709,"SBD",54,"SBD","561667FCD70A522F53192C532F8DFD0A0A839850E8BE50DC64FC9B0AC6C24ECA444EE49EFCBE0A6FD64D6E454D5484FCF10A5D1719EC",
"17 Jun 2026 21:04:21","MO",231709,"SBD",340,"SBD","6A330B9237138D3C63393C321EFCB50A41F2461E6745F8B8FCEF0A6308472051472E24FCAB0A71E64791844768C0FCB80A674047EFC5480622FCC80A678E47F9C147EFE5FCE20A6CBD48526A486335FCA00A8CB248B870489378FC990A7B7448B47748D4F1FCAC0A841A48BB6E48E6F6FCD90A6EF648D5DE48FA0BFCDD0A8F13",
"17 Jun 2026 17:38:38","MO",231710,"SBD",284,"SBD","6A32DB8A36DB8F51434551347D63D4E6FCA74AF4444AED4463CA34FC7944EC9944D89963BFB7FC8F45BD4045B98263C4A8FCA046984846A42263B70AFC844743D9474EF963C8A0FC6347CC3147C51D63BB33FCAE47F89447F1EE63BB43FC364856F348429763BD4AFC76489F82487D5963BBF8FC5448D76248B96A63B998FC5E",
"17 Jun 2026 09:04:36","MO",231709,"SBD",54,"SBD","5592E7FCD20A400C52B42C52CA80FD0A0A70A750A38F50972BFCA10ABE364EA4334EBE8DFCC10A5C094D59394D3F8CFCF20A498619F5",
"17 Jun 2026 09:04:26","MO",231709,"SBD",340,"SBD","6A3262D23714353DDE143DACDAFCB80A47E546460F4620D2FCF00A4FA4472E45473BE6FCAF0A6420479D874774E5FCC70A53F647F7D1480E38FCCB0A543748026147F8A3FCE50A594E48581A4868F7FC920A79CC48BAFA4895F2FC9F0A67EB48B66A48D6D2FCAA0A777F48BCA648E823FCD50A5B8C48D68C48FAB1FCD70A7B60",
"16 Jun 2026 21:04:25","MO",231709,"SBD",54,"SBD","55095DFCDA0A364E525228526864FD090A662C50635150571FFC9C0ABB3E4E82DD4E9D49FCC10A509F4D47A34D2DF6FCEE0A3E2119EC",
"16 Jun 2026 21:04:18","MO",231709,"SBD",340,"SBD","6A31BA123714136354E7631B8EFCB40A1BAF466739464144FCED0A44A64738E647466AFCB40A5CF247A341477A8DFCC40A492447FBB3481214FCBD0A49534805C647FC08FCE20A4E59485A94486B66FC990A6F1E48BC0D489701FCA10A5CDB48B77F48D7E5FCA90A708748BD4E48E8D3FCD70A509648D70F48FB31FCDA0A703C",
"16 Jun 2026 17:38:33","MO",231710,"SBD",284,"SBD","6A318A0A36DAEE50FB3850EC5863D4E4FCA84B01D74AFB7E63CA37FC7844D85544C45C63BFB0FC9A45C4ED45C0CC63C4AFFC9A46A86946B3DF63B707FC7C475194475C5A63C8A4FC5C47D61947CECA63BB40FCAF47FBB447F4CC63BB46FC40485B104846B763BD54FC7748A37548812E63BBFCFC5448D84748BA4563B996FC5F",
"16 Jun 2026 09:04:34","MO",231709,"SBD",54,"SBD","548314FCD70A2FFC51F65E520C71FD090A5ECA502B7A501F5CFCA40AB99E4E685E4E82D0FCBE0A48564D3A8D4D20E8FCF20A35DE19C1",
"16 Jun 2026 09:04:26","MO",231709,"SBD",340,"SBD","6A3111523713987409E873CDACFCBE0A0B834653BA462E0EFCEA0A3CBB4736DC47445DFCB80A576347A324477A4EFCC60A411447FB954811EEFCC40A413648059647FBB2FCE40A4634485AB5486B85FC9E0A671048BCB048979CFC970A54A948B7B748D816FCAC0A6B5648BD8148E8FFFCE00A487748D71448FB32FCD00A67F1",
"15 Jun 2026 21:04:50","MO",231709,"SBD",54,"SBD","53FCA8FCE00A2EFD51A14251B73BFD090A5C094FFBF74FEFE4FCA30ABA934E53F74E6E68FCC40A44A24D31434D17A7FCF60A323319E4",
"15 Jun 2026 21:04:27","MO",231709,"SBD",340,"SBD","6A3068923713B07238E372060CFCB70A02ED467354464EB2FCEB0A3981473D40474AF6FCB30A55BE47A6E0477E6DFCBC0A3DE747FEDF48158EFCC20A3DF848096E47FFEBFCE70A42F1485C5C486D3EFC9F0A63AD48BD3E48983AFC940A515748B84748D8B7FCAC0A698848BDE548E968FCDC0A453348D76448FB7EFCD70A648F",
"15 Jun 2026 17:38:33","MO",231710,"SBD",284,"SBD","6A30388A36D616506D97505EF863D4D4FC9A4ACDBB4AC6FB63CA39FC7544C07C44AC8863BFA9FC93461E084619F963C4AEFC97470DCF47194E63B712FC7E47997647A44C63C8B0FC6E48066947FF2B63BB37FCA848297D48229D63BB4EFC42486C8548581E63BD57FC7B48B2DA48909A63BBF7FC5D48DD1548BF0F63B997FC5E",
"15 Jun 2026 09:05:08","MO",231709,"SBD",54,"SBD","53792BFCD30A36DA5154BE516A94FD0E0A62244FD4794FC876FC9C0ABFF94E44D64E5F4FFCC30A49B04D2B054D115AFCF90A374019E4",
"15 Jun 2026 09:04:20","MO",231709,"SBD",340,"SBD","6A2FBFD23714427091A87056A4FCB60A09ED465EDD463864FCEF0A3EAD4740D0474E2FFCB60A596A47A888477FA3FCC00A430547FE954814D2FCC80A43104807E347FDFAFCE50A480F485D1F486DDDFCA00A682F48BE0A4898FBFC9A0A567E48B8C048D924FCAC0A6CE448BE1A48E992FCDA0A4A5848D77148FB89FCD20A69BA",
"14 Jun 2026 21:04:38","MO",231709,"SBD",54,"SBD","52FF5CFCDA0A3D255112E55128A1FD060A667A4FB52B4FA942FC9E0AC3F14E3A9F4E5517FCC70A4D024D27554D0DB8FCF40A3A9219F5",
"14 Jun 2026 21:04:28","MO",231709,"SBD",340,"SBD","6A2F171237147072E2A472A881FCBD0A0C2E4652B7462C70FCE90A4251473BC447493CFCB10A5BF447A4B2477BDBFCC00A46A747FBDE48121EFCC40A46A948051C47FB23FCDB0A4BAF485B04486BC9FC9B0A6B3948BD09489803FC980A5A1548B80748D864FCAF0A6F3448BD9748E916FCDB0A4DFD48D72048FB44FCD70A6D58",
"14 Jun 2026 17:38:43","MO",231710,"SBD",284,"SBD","6A2EE70A36DA3D5002714FF40D63D4CCFCA34ADAE64AD4C763CA2EFC8244BB1F44A73163BFAEFC9045E01C45DBFD63C4AEFC9846CCFB46D86E63B70EFC82476CDA4777A363C8A5FC6547E82547E0E163BB35FCB1480C0B48051B63BB42FC3B4861B3484D4163BD58FC7948A98948874363BBF5FC5648D9F348BBF163B99FFC55",
"14 Jun 2026 09:04:39","MO",231709,"SBD",54,"SBD","5293C9FCD30A3C5550DC2E50F1D7FD060A636A4F9E1E4F9241FCA10AC3574E35384E4FB1FCBD0A48FA4D260A4D0C6DFCF10A369919EC",
"14 Jun 2026 09:04:30","MO",231709,"SBD",340,"SBD","6A2E6E523714AA7496F0745C54FCB40A09B9465DF646395DFCEA0A3EA147388347462EFCB40A58EF47A583477CE6FCC60A42F047FC8948131EFCCD0A42F348075547FDA9FCE40A47F9485B51486C29FC9D0A670948BCB84897B2FC9C0A565A48B79548D7FCFCAB0A6CD248BD7148E8F2FCD60A4A4E48D70848FB2DFCD60A6991",
"13 Jun 2026 21:04:34","MO",231709,"SBD",54,"SBD","5234CFFCD10A380D50B0B450C64DFD060A5D094F8FB64F83E2FC9C0AC0E44E345A4E4ED8FCC20A41AD4D26AB4D0D0CFCF10A2F6319EC",
"13 Jun 2026 21:04:26","MO",231709,"SBD",340,"SBD","6A2DC59237146C7A5A5B7A2364FCB609FE784658B246319AFCF00A37B0474085474DC3FCB60A54A747A5D4477CCDFCC20A3C0447FC38481241FCC30A3BEC48046C47FA5CFCDD0A40E6485ACB486B7AFC9A0A5FC548BD114897FCFC970A4F2C48B80F48D86BFCAE0A688248BDB048E929FCD60A433348D72A48FB48FCDA0A6254",
"13 Jun 2026 17:38:37","MO",231710,"SBD",284,"SBD","6A2D958A36D7A54F85124F771963D4C4FCA64AA1564A9A8963CA2AFC7F44AC3144983E63BFAAFC9445FC1345F7E963C4B4FC9C46E87546F3D663B707FC79477D8547884863C8A7FC6847F27947EB2A63BB38FCB4481424480D3863BB48FC4248653E4850C863BD5CFC7948AC4B488A0563BBF0FC5D48DABF48BCBE63B99DFC5E",
"13 Jun 2026 09:04:47","MO",231709,"SBD",54,"SBD","51E2ACFCD70A382850922350A7ADFCFF0A5BC94F8A764F7EAEFC9F0AC1324E37C04E5246FCC00A3F764D28DE4D0F3AFCF30A2D3D19EC",
"13 Jun 2026 09:04:32","MO",231709,"SBD",340,"SBD","6A2D1CD237140B6FE46D6FABB0FCB80A064B4691BE466BDEFCEA0A35C8474F43475C8CFCB40A53AD47B38E478ACCFCBD0A3A2E480636481CA9FCC60A3A1E4810884806C5FCDF0A3F1248623F487302FC9B0A5D4D48BFF8489ADCFC960A4D5D48BA5A48DAB3FCA50A67CB48BF1648EA8EFCDC0A416C48D80A48FC28FCD80A6073",
"12 Jun 2026 21:04:48","MO",231709,"SBD",54,"SBD","51A1E4FCDA0A43665081765096EEFD0B0A66A04F8D374F816BFC9A0AC7CB4E3E084E588DFCCA0A49334D2BDA4D1233FCF30A36FC19EC",
"12 Jun 2026 21:04:33","MO",231709,"SBD",340,"SBD","6A2C74123715136BDA316BA07BFCBC0A0F3546A56D467F81FCEC0A3FA84751F0475F1EFCB80A5A9347B6F2478E2EFCBD0A4429480898481F05FCC80A441F4813FD480A43FCE20A491E4863E94874B6FC9E0A662E48C041489B25FC9A0A577248BA9448DAE3FCAD0A6E8748BF4648EABCFCD60A4B8348D82048FC43FCD40A6A98",
"12 Jun 2026 17:38:40","MO",231710,"SBD",284,"SBD","6A2C440A36D78C4F4FF14F419F63D4BDFCAB4A996B4A92ED63CA2DFC7B449E20448A3863BFACFC8F45F97745F5AC63C4B2FC9D46E85246F41663B70BFC7E477ECF4789CD63C8AFFC6847F17B47EA4E63BB35FCAF48148B480DC363BB54FC3A48643A484FD563BD56FC7B48ACCE488A9363BBFAFC5D48DAA548BCA763B999FC5A",
"12 Jun 2026 09:04:45","MO",231709,"SBD",54,"SBD","5177A2FCDA0A473C507F21509495FD070A6A7C4F96B44F8AE9FC9A0AC9D44E46714E60F6FCBE0A4C214D2F474D159CFCFB0A39F919EC",
"12 Jun 2026 09:04:30","MO",231709,"SBD",340,"SBD","6A2BCB523714016A0E0169D4A1FCBA0A116D46293246026DFCED0A437847353C4742C6FCB80A5D8B479BB34772B2FCBE0A478147F483480A9BFCC40A475947FB2247F10EFCE30A4C5A4854C448656FFC9B0A68C248BAF44895F2FC940A5A9D48B64748D6B3FCAA0A70BC48BC9A48E820FCE10A4EAA48D68348FAA6FCD10A6DBB",
"11 Jun 2026 21:04:41","MO",231709,"SBD",54,"SBD","5166A0FCD60A46E6508976509ED7FD040A6A814FA56C4F99A8FC9D0AC9BF4E50634E6ADFFCC20A4B584D331B4D1978FCF40A394919EC",
"11 Jun 2026 21:04:33","MO",231709,"SBD",340,"SBD","6A2B22923714CE6D47FB6D0C77FCB80A0D1346ABBA46877EFCE70A428B475097475E03FCB20A5CC247B744478ECFFCBD0A46F648089C481F57FCC50A46EC4814CC480B4DFCDF0A4BF2486390487468FC9C0A675248BFFB489ADCFC9D0A5A3D48BA4F48DAA2FCA80A70D948BF1848EA95FCDE0A4E5F48D7FF48FC22FCD90A6D61",
"11 Jun 2026 17:38:49","MO",231710,"SBD",284,"SBD","6A2AF28A36D70D4F30094F218963D4B5FCA14A8C1C4A85CA63CA27FC76449294447EA463BFAFFC9546037245FF5763C4B3FC9E46F44846FFB963B70FFC8147855847901F63C8A9FC6647F5EF47EE9C63BB37FCAC4816C8480FE263BB4CFC3B4866174851AC63BD4FFC6948AD6B488B2D63BBFDFC5248DAF948BCFB63B994FC5B",
"11 Jun 2026 09:04:37","MO",231709,"SBD",54,"SBD","516D59FCD20A4B28509C3150B1A0FD060A6F704FB69B4FAACDFC9C0ACBF44E5B124E758EFCC80A4F904D37254D1D77FCF40A3D9619F5",
"11 Jun 2026 09:04:26","MO",231709,"SBD",340,"SBD","6A2A79D23714FE68F48F68B740FCB70A0EE0465515462EB8FCE40A477C474030474DBEFCB50A609247A563477C8EFCC10A4BA147FAE2481122FCCB0A4B8748030147F91CFCDF0A508F485992486A4AFC990A6B0448BC8D489780FC9C0A5ED048B78D48D7FAFCAE0A740048BD4148E8BDFCD60A52F148D6EF48FB13FCD50A71F1",
"10 Jun 2026 21:04:35","MO",231709,"SBD",54,"SBD","51842EFCD70A46AC50B1F850C76EFD0B0A6B854FC8274FBC5DFCA10AC9304E65FC4E8080FCC10A4B1F4D3AF64D2140FCF30A394D19EC",
"10 Jun 2026 21:04:28","MO",231709,"SBD",340,"SBD","6A29D11237153C6847D3680D34FCB909C18C4667C3464221FCE90A43694744EE475258FCB00A5D5D47AB654782ABFCBE0A479247FEBE48151BFCBE0A478348086147FE94FCDF0A4C88485D3E486E0AFC9F0A661548BDE14898CFFC930A5ABC48B87F48D8E5FCAB0A71A248BDE248E968FCDD0A4EF248D74948FB6BFCCE0A6DD8",
"10 Jun 2026 17:39:00","MO",231710,"SBD",284,"SBD","6A29A10A36D71A4F2E6F4F204B63D4B6FCA44A790D4A72D563CA22FC7B44851044711B63BFA8FC9B45F4C745F0A963C4AFFC9D46E5E646F14D63B711FC7F477B184785DD63C8A8FC6047EDF847E6BB63BB37FCAF480F7C4808A463BB4BFC4148639C484F2863BD58FC6B48AB5348891563BBF4FC5948DA9148BC8A63B999FC5E",
"10 Jun 2026 09:04:43","MO",231709,"SBD",54,"SBD","519F03FCD80A42E050C70350DC7EFD030A68474FDACE4FCEF7FCA00AC7114E72224E8C9AFCBF0A475E4D3EF24D2535FCF10A35B819EC",
"10 Jun 2026 09:04:36","MO",231709,"SBD",340,"SBD","6A2928523715D7600BB95FD0A0FCB809D4EA468E994669B1FCE90A4004474C1F475983FCB20A5B4A47B19D478906FCBA0A444548040E481A9EFCC10A4432480F04480578FCE30A493448609A487174FCA10A61DE48BEF24899E9FC9C0A576648B98948D9E7FCAF0A6FF948BE9148EA11FCDB0A4BA448D7C248FBE3FCD50A6A75",
"9 Jun 2026 21:04:46","MO",231709,"SBD",54,"SBD","51B2E3FCD00A471250DA6A50EFE6FD080A6D454FEE844FE2AAFCA50AC9874E7ED44E9942FCC50A4BA94D424A4D288DFCF50A3A2719AF",
"9 Jun 2026 21:04:37","MO",231709,"SBD",340,"SBD","6A287F923715A05718ED56E380FCB509F0EC467214464CE7FCED0A450647459D47532EFCB70A5F3A47AB3B478286FCBB0A491747FF784815ECFCC60A490548097547FFC8FCE40A4E07485D36486E0BFC9B0A659348BDF14898DEFC9C0A5C3248B8A148D90FFCAD0A739048BE1348E997FCD40A507348D77A48FBA1FCD50A6F41",
"9 Jun 2026 17:38:51","MO",231710,"SBD",284,"SBD","6A284F8A36D7914F54304F460E63D4BAFCA24A90DD4A8AC863CA22FC79447F5A446B7363BFA6FC9C460D6446097363C4B1FC994700E7470C7963B713FC7C478EF14799DD63C8A8FC5F47FBE847F4B363BB37FCAC481E844817AA63BB4CFC3B48686848540263BD52FC7548B02B488DED63BBF0FC5C48DBB948BDB563B99AFC5F",
"9 Jun 2026 09:04:51","MO",231709,"SBD",54,"SBD","51BECDFCD90A4A3950EF2D5104ABFD0A0A71395005384FF953FC980ACB2B4E8C414EA6A4FCC50A4ED34D448C4D2AC4FCEC0A3D7B19F5",
"9 Jun 2026 09:04:45","MO",231709,"SBD",340,"SBD","6A27D6D23715CA45367A45047FFCB40A2F98466171463B7FFCE90A48B947463B4753B0FCB60A61B347AB9C4782D7FCC30A4CBB47FED148151EFCC30A4CAE48087247FE9FFCE30A51B8485DBE486E84FCA00A681048BE3648992BFC960A5FE248B8DC48D93BFCA70A764B48BE2048E9A7FCDF0A542B48D77B48FB9AFCD40A72F2",
"8 Jun 2026 21:04:49","MO",231709,"SBD",54,"SBD","51C8DBFCD40A4AAF510A26511F9AFD020A720550208B5014A0FC9D0ACAB74E9A494EB4BCFCC40A4EE14D457B4D2BB3FCF00A3DB819EC",
"8 Jun 2026 21:04:38","MO",231709,"SBD",340,"SBD","6A272E1237174B48F29A48BF5BFCB70A25A146243745FE0AFCEB0A499347345347420CFCBA0A6274479B8B4772B5FCBB0A4D4D47F39E4809D8FCC40A4D3547FB4647F155FCEA0A523E4854AD48656EFC990A678F48BACC4895C6FC9B0A605B48B60F48D684FCB00A76FD48BC7848E805FCD80A54AA48D68748FAADFCD50A7364",
"8 Jun 2026 17:38:44","MO",231710,"SBD",284,"SBD","6A26FE0A36D8F74F74B54F669E63D4CAFCA84A7C384A761363CA1FFC8044742D44603163BFAAFC9245F75D45F33B63C4B6FC9546EB4D46F6BC63B709FC7D477FCD478A9963C8ACFC6E47F16C47EA2B63BB35FCB448140F480D3263BB44FC3C4865534850F763BD52FC7B48ACE7488AA263BBF0FC5548DB1C48BD1763B997FC5E",
"8 Jun 2026 09:04:50","MO",231709,"SBD",54,"SBD","51DD0EFCD10A479F512E8051440AFD060A6EED50401250341DFC9F0AC7E04EA7FD4EC270FCC40A4B044D44874D2AABFCF30A3A1E19F5",
"8 Jun 2026 09:04:39","MO",231709,"SBD",340,"SBD","6A2685523715B14D853A4D4868FCBA0A20A24646B8461FE6FCE40A466847419C474F13FCB00A605D47A4A4477BB7FCC30A4A2547F970480FA7FCC40A4A114800FC47F6FFFCE10A4F0A4858E54869A0FC9B0A636248BC99489791FC990A5D2148B78648D7EAFCAD0A757748BD4E48E8D2FCE40A517D48D6FD48FB23FCDA0A701D",
"7 Jun 2026 21:04:43","MO",231709,"SBD",54,"SBD","5201E8FCD20A4BEE515C2A5171B5FD090A736E50623950563DFC9F0AC98B4EB4284ECE7CFCC70A4EA54D40A34D26C7FCF50A3DF519EC",
"7 Jun 2026 21:04:37","MO",231709,"SBD",340,"SBD","6A25DC923715DE564B82560EAFFCB70A087F467B724653F5FCE80A4AA6475103475E41FCB70A642947ACE6478400FCC10A4E8047FF834815A9FCC30A4E6948064C47FC57FCDB0A5364485C69486D2BFC990A669148BDEF4898DEFC970A617948B8E248D944FCAB0A791C48BE1F48E9A2FCDC0A55D948D78F48FBB7FCD80A7479",
"7 Jun 2026 17:38:46","MO",231710,"SBD",284,"SBD","6A25AC8A36D28E4F98804F8A5B63D4C6FCA44A40824A3A5363CA1CFC7A4485EF4471FB63BFAEFC9246493446450863C4BAFC9D473351473EB163B70CFC7E47AB8B47B64563C8B6FC6148126A480B1563BB41FCA9483421482D2863BB4AFC3F487057485BE463BD50FC7C48B50A4892BF63BBFCFC5448DDC748BFB263B99AFC56",
"7 Jun 2026 09:04:47","MO",231709,"SBD",54,"SBD","52369BFCD60A54C351933051A8D0FD0A0A7CA350871B507B31FC9E0ACDBF4EBE4F4ED8AAFCC30A57034D39EE4D1FFCFCEE0A468619EC",
"7 Jun 2026 09:04:39","MO",231709,"SBD",340,"SBD","6A2533D23714BE576E7057334EFCB40A092E46ADDD468767FCE80A5352475C9A4769C2FCB40A6A2E47BB31479257FCC60A573A480981481FDDFCC40A5734481341480968FCEA0A5C4348645048750BFC990A6E0948C0F2489BD3FC970A6A6448BAF148DB3BFCA50A7F9148BF6848EADCFCDA0A5EC348D83748FC4DFCD50A7D71",
"6 Jun 2026 21:04:44","MO",231709,"SBD",54,"SBD","527BFDFCD60A633C51D4FD51EAB6FD070A8BA050AF2F50A32CFCA00AD5924EC6B54EE10AFCC20A652D4D30B04D16CCFCEE0A54DD19E4",
"6 Jun 2026 21:04:37","MO",231709,"SBD",340,"SBD","6A248B12371335529715525B25FCB90A1F5346B9174691B6FCEC0A6238476148476E5FFCB70A758247BBEB4792FBFCC20A6609480982481FB7FCC60A66064810FE480709FCDC0A6B164862FB4873B0FC9C0A7B7748C0AA489B8DFC990A794548BAC548DB18FCAA0A8A2F48BF2D48EAADFCDB0A6DA348D82848FC39FCD90A8C6C",
"6 Jun 2026 17:38:56","MO",231710,"SBD",284,"SBD","6A245B0A36CC214FBC644FAE9663D4C4FCAA49FA4549F43163CA10FC7D448DDE4479F263BFA8FC95465D6046595B63C4BBFC91474078474BF963B712FC7747B0D147BBAC63C8AEFC68481380480C3663BB3DFCA8483301482C1263BB49FC3D487010485BAB63BD4FFC7F48B5B548937963BBFBFC5E48DD8348BF8163B997FC5C",
"6 Jun 2026 09:05:29","MO",231709,"SBD",54,"SBD","52D95CFCD60A7D9952219452375DFD090AA6DC50DA1A50CE04FC9B0AE3CD4ECD874EE7D1FCB90A7FA14D261D4D0C32FCF30A6F6819F5",
"6 Jun 2026 09:04:47","MO",231709,"SBD",340,"SBD","6A23E25237132C499783496030FCB70A517A473DE94718CAFCEA0A7CC6477308477FE1FCB70A87E747D32B47AAE4FCC30A8121481BE54832DBFCCC0A814648279F481E4BFCE20A8689486D43487E16FCA10A951048C2CC489D9EFC9D0A94DD48BD0548DD3CFCAA0A9CA348C11848EC7DFCDA0A892B48D93948FD4BFCD50AA834",
"5 Jun 2026 21:04:44","MO",231709,"SBD",54,"SBD","53534FFCD80A965F5271BC52879AFD060AC09C50FDD750F19DFCA50AEEFB4ECD874EE7C4FCBF0A98BD4D17634CFD5FFCF20A88BB19EC",
"5 Jun 2026 21:04:37","MO",231709,"SBD",340,"SBD","6A2339923715384EBB664E83EAFCBE0A5CC046D2FA46AB74FCEB0A9686475FD1476C94FCB90A99EB47BE83479560FCC20A9AB1480C0E482240FCCB0A9AD9481646480C27FCE30AA02F4864AC48754CFCA20AAD0548BFB0489A85FC940AAE9E48BA5A48DA96FCAE0AAD8C48BF1E48EA83FCD90AA2D948D7F948FC0EFCD70AC220",
"5 Jun 2026 17:38:49","MO",231710,"SBD",284,"SBD","6A23098A36D3F4502FC95021CE63D4D9FCA749F50C49EE7063CA1EFC7B44793144654063BFA8FC994650BA464C9163C4B5FC9F473DE347493E63B718FC7C47B2B547BD7A63C8B2FC624817C348107563BB36FCAD4839C94832D863BB4BFC43487078485C0163BD4DFC7848B58148933C63BBFDFC5C48DD4448BF3063B99CFC5A",
"5 Jun 2026 09:04:56","MO",231709,"SBD",54,"SBD","53E21CFCD40A96F352BB5952D15CFD020AC20551145E51080DFC9D0AEC2B4EC39E4EDDCAFCC00A99FE4D02CA4CE8C8FCF60A8A5119EC",
"5 Jun 2026 09:04:44","MO",231709,"SBD",340,"SBD","6A2290D237162C504EAF5015BDFCB80A562C466AEA464477FCF40A9926474212474F58FCB10A9A3B47A823477F41FCC60A9CF347FB0848114CFCC70A9D234805B147FBC9FCE40AA288485A8E486B4BFC970AAE4748BB2648960FFC920AB0ED48B67048D6C5FCA90AAEA148BC7F48E7FFFCD70AA52948D66C48FA86FCDC0AC469",
"4 Jun 2026 21:04:53","MO",231709,"SBD",54,"SBD","54712BFCD40A822D52F56E530B8FFD070AADCF511DCB511168FC9E0ADD6F4EB2A94ECCCCFCC00A85FF4CEAD64CD0C7FCF10A76E219F5",
"4 Jun 2026 21:04:46","MO",231709,"SBD",340,"SBD","6A21E8123715A4511D2450E5F8FCBF0A30D146253145FE8FFCE80A86264734434741C9FCB50A8CC34799A047709FFCC30A89AA47F014480633FCC10A89CC47F7AE47EDA9FCE10A8F1048518D48623BFC990A9A5B48B824489321FC990A9D5048B40748D46DFCAB0AA1B948BAF948E683FCD60A91AA48D58848F9ADFCD20AB0A4",
"4 Jun 2026 17:38:50","MO",231710,"SBD",284,"SBD","6A21B80A36DACF5053DE50457C63D4D9FCB049AD6349A6CE63CA0BFC7A4444DB4430F363BFABFC8D45CFF345CBED63C4AFFC9D46C38346CF1863B70FFC89475F37476A1363C8ACFC6447D88747D14D63BB2EFCAC47FC3F47F56663BB47FC3A485A8D48462763BD52FC7448A2F64880BA63BBFAFC5B48D80648B9FA63B993FC5B",
"4 Jun 2026 09:04:46","MO",231709,"SBD",54,"SBD","54E97BFCD50A6E1C5319FD53303AFD060A9A125118D3510C60FC990ACF6C4E9AAF4EB4C6FCBF0A72744CCFC94CB5C0FCF90A63E019F5",
"4 Jun 2026 09:04:37","MO",231709,"SBD",340,"SBD","6A213F5237174C40DAC140AACCFCB80A2D6245F61145CF07FCE50A73F4472991473749FCAD0A8010478B87476298FCC60A774C47E6A047FCA3FCCA0A775647ED0747E304FCDE0A7C82484B74485C2AFC9E0A875E48B5F2489104FC9F0A8A9F48B2A148D326FCAC0A958D48BA3348E5BBFCD50A7F0C48D53B48F969FCD60A9DBF",
"3 Jun 2026 21:04:55","MO",231709,"SBD",54,"SBD","5541BBFCDA0A5B055327D3533E1EFD030A872051039A50F722FCA00AC2774E7A8C4E9499FCC20A5F904CB1774C9764FCF30A519219EC",
"3 Jun 2026 21:04:46","MO",231709,"SBD",340,"SBD","6A2096923716A92E23EC2DFDA9FCBB0A383645EFE645C937FCED0A621447268A473463FCB40A72EF478923476038FCC10A655447E3E747F9F9FCC60A655B47EAF847E0EFFCE40A6A6F48493C4859EEFCA00A74F148B52D489033FC980A786E48B1D648D269FCAA0A89AE48B99D48E532FCDC0A6CFC48D50048F924FCD30A8B67",
"3 Jun 2026 17:39:00","MO",231710,"SBD",284,"SBD","6A20668A36DDAD508C52507E1463D4DEFCA749C02049B99963CA0BFC74444011442C1B63BFABFC92459C9345986963C4A3FC9946891B46948763B70DFC7F4730AC473B6763C899FC6447B9FA47B2B863BB33FCAD47E26947DB9163BB3FFC3D4850CA483C6463BD49FC784897D048759F63BBF3FC5B48D56C48B76863B99EFC5B",
"3 Jun 2026 09:04:59","MO",231709,"SBD",54,"SBD","557C66FCD70A4EF25321B8533808FD010A7B2B50E36F50D6F9FC9B0ABB344E56B34E70BDFCC30A53924C92454C783DFCF30A4606198D",
"3 Jun 2026 09:04:47","MO",231709,"SBD",340,"SBD","6A1FEDD23715AF2DE7A82DC16FFCB00A2F5B4656B5462F97FCE80A56DF47491B475657FCBC0A6AF147A847477F4BFCBA0A5A4347FA3848105FFCC80A5A5948027A47F888FCE50A5F6A485A12486ABCFC9F0A698848BCB048979FFC960A6D5648B7A648D7FFFCA50A82C548BD4F48E8C7FCDD0A61FF48D6F848FB16FCD70A803A",
"2 Jun 2026 21:04:50","MO",231709,"SBD",54,"SBD","559AFDFCD80A4FB4530706531D46FD090A7C3250B94450ACAEFC9E0ABA754E30A54E4AA8FCC30A544F4C73694C5964FCF10A473019F5",
"2 Jun 2026 21:04:43","MO",231709,"SBD",340,"SBD","6A1F451237175736FC2E36D055FCB70A3FB946116C45EBFBFCEE0A585D472AA4473883FCB40A6ACE4793D2476AF6FCC30A5B9E47EB2D480177FCC30A5BC047F48747EA93FCE40A60E1484EBF485F89FC9F0A6A5948B71F48921AFC9C0A6EC748B2C348D352FCAA0A836C48BA5448E5E5FCD80A637B48D53D48F972FCD60A81A9",
"2 Jun 2026 17:38:53","MO",231710,"SBD",284,"SBD","6A1F150A36DE865045BE50378463D4DBFCA749761F49702E63C9FFFC83443325441F6663BFA3FC8A45C4C745C11463C4ABFCA346B35A46BEFC63B70EFC7D474FF8475ADE63C8ADFC6447CC6047C53663BB3AFCAF47F2C547EBEF63BB50FC444854F448408C63BD4BFC77489D04487ABE63BBF2FC5B48D68248B87963B99BFC58",
"2 Jun 2026 09:05:08","MO",231709,"SBD",54,"SBD","5592B8FCD60A322552D7B452EE1FFD0D0A5E31508733507ABAFC9C0AA8D54E09464E2350FCBF0A366C4C54D84C3AD5FCF20A29CC19EC",
"2 Jun 2026 09:04:58","MO",231709,"SBD",340,"SBD","6A1E9C52371702439C5D436D26FCAE0A1C4D45DDD245B7A2FCEF0A3B8D472018472E2DFCB40A56934783CF475B01FCC40A3E9D47DFF947F62DFCC20A3E9D47E77247DD7CFCE50A43924846234856F3FC9C0A4D1A48B3FD488F30FC9B0A514848B08648D126FCAC0A703D48B8EB48E489FCDD0A461A48D49348F8CAFCD90A63E8",
"1 Jun 2026 21:04:52","MO",231709,"SBD",54,"SBD","55627DFCD40A1F20529C4352B28FFD080A4A8B50551A5048ABFCA10A9E0F4DE3E04DFDE1FCC30A22AE4C37D34C1DCBFCF80A167A19EC",
"1 Jun 2026 21:04:41","MO",231709,"SBD",340,"SBD","6A1DF3923716EA438E08435A68FCBA0A0F5D466135463A18FCEC0A2845474D85475AC2FCB20A491C47AB3A478238FCC20A2BA047FBB74811C9FCC90A2BAD48035C47F94DFCE10A3087485A94486B43FC9D0A3A3348BD23489814FC9D0A3E2748B80348D871FCAB0A640548BD9B48E91FFCD90A332248D72B48FB47FCCF0A50A8",
"1 Jun 2026 17:38:55","MO",231710,"SBD",284,"SBD","6A1DC38A36DA16502F1050211663D4DAFCB24966C449604463C9FFFC7D442C7F44189163BFA0FC9245FA8545F68263C4B6FC9A46ED5446F8DA63B710FC8147794847842863C8A6FC6447EA2347E2E163BB36FCB3480DF648072A63BB47FC3F486259484DFD63BD59FC7C48A97548873963BBEEFC6448DA8C48BC8B63B99AFC61",
"1 Jun 2026 09:05:03","MO",231709,"SBD",54,"SBD","551641FCD20A18F5525CA55272EBFD060A43B750237A501727FC9D0A9A524DBFB64DD9C0FCC10A1B7A4C1BC04C01C7FCF70A0FA519F5",
"1 Jun 2026 09:04:43","MO",231709,"SBD",340,"SBD","6A1D4AD237160D3FAAED3F7A79FCB70A133A4674E3464E7EFCEF0A21BC475110475E5EFCB10A442747B03D478759FCC10A250B47FF2448156DFCC40A251A4807F547FDFEFCE60A29F9485D86486E3DFCA20A338948BE4D489933FC950A378D48B8C348D926FCAB0A600D48BE1A48E998FCD80A2C9548D77348FB88FCD20A49FA",
"31 May 2026 21:05:02","MO",231709,"SBD",54,"SBD","54C470FCD60A179552206652369DFCFE0A418A4FF4D54FE883FC9B0A99D44D9CFC4DB707FCBF0A18F74C00A84BE6A4FCF20A0D6B19EC",
"31 May 2026 21:04:52","MO",231709,"SBD",340,"SBD","6A1CA21237173D4667E0463671FCB50A15C146659E464001FCEB0A1FE8474D41475ABCFCB40A42F347AD45478462FCC60A231F47FCC948131CFCC20A233448059F47FBAEFCE30A2811485BF9486CBBFC990A317D48BDC54898B8FC960A359B48B85148D8B8FCAB0A5F3748BDC248E94CFCD60A2AB148D74748FB69FCD80A4802",
"31 May 2026 17:39:09","MO",231710,"SBD",284,"SBD","6A1C720A36DC8A502A68501BC363D4D6FCAD49712C4969FB63C9FEFC85441E24440A5063BFA5FC8E45C99D45C5CB63C4AEFC9B46BC7B46C82963B714FC8147562447610563C8A7FC6747D1E047CAA963BB2FFCB647F65547EF8963BB47FC3F4858E648447463BD53FC7A48A108487ED563BBF6FC5A48D7E748B9E663B998FC5A",
"31 May 2026 09:04:53","MO",231709,"SBD",54,"SBD","547A99FCD90A0E6E51E95151FF76FD040A37864FC9314FBCEAFCA30A94D14D7C504D9651FCBC0A0ECC4BE6FE4BCCFFFCF20A039019F5",
"31 May 2026 09:04:43","MO",231709,"SBD",340,"SBD","6A1BF95237165C69C4BF6989CBFCB809F2D946D6DF46B072FCE30A160047666247737DFCB10A3C0347C32E479A5FFCC90A1982480EB9482525FCC60A1997481840480E72FCE00A1E694866C048778BFC980A280D48C195489C6BFC970A2BE448BB9848DBE1FCAE0A595E48C00D48EB7CFCE00A210F48D8A948FCC4FCD50A3E3B",
"30 May 2026 21:05:02","MO",231709,"SBD",54,"SBD","54399AFCD80A181D51B65851CC76FD070A40A94FA0C34F9489FCA40A9B114D5E0E4D7817FCC60A17934BCF354BB531FD000A0C8319EC",
"30 May 2026 21:04:52","MO",231709,"SBD",340,"SBD","6A1B50923715B56F4E226F1394FCB109F3E646BA4546943AFCEE0A1FA94763B14770DBFCB40A434247BE3F479583FCBA0A230B480A2F4820A2FCC30A2322481459480AA2FCE00A27F848654648761AFC9F0A317248C141489C29FC9E0A357548BB5048DB96FCA60A605448BF9F48EB16FCDB0A2A9D48D86E48FC91FCD40A47D1",
"30 May 2026 17:39:05","MO",231710,"SBD",284,"SBD","6A1B208A36D65E4FCDF54FBF6A63D4CAFCA74942DD493C6C63C9F8FC7A44266744129463BFA3FC93462B1246270563C4C0FC98471D784728FD63B714FC7A4799F947A4CB63C8ADFC6E48020447FAB963BB3DFCAC482469481D7F63BB47FC42486B194856B563BD50FC7248B159488F1B63BBF7FC5D48DC6A48BE6963B994FC5A",
"30 May 2026 09:05:04","MO",231709,"SBD",54,"SBD","53FD0FFCD40A1F6C518491519AA4FD070A477D4F79364F6CFEFC990A9F3B4D41044D5B03FCC70A1E1B4BB87A4B9E83FCF90A134819EC",
"30 May 2026 09:04:53","MO",231709,"SBD",340,"SBD","6A1AA7D23717777031476FF4E5FCB209F0D946580546318EFCF50A270A474CA8475A19FCB70A482947AB03478223FCC00A2A1247FA974810CDFCCB0A2A274802BB47F8CCFCDF0A2F01485A5B486B1AFCA10A385F48BD34489826FC990A3C7A48B7DA48D83DFCAD0A654C48BD8148E902FCDA0A31A048D71E48FB3BFCDA0A4EDB",
"29 May 2026 21:05:02","MO",231709,"SBD",54,"SBD","53C0DFFCD60A1A3151526F516879FD080A41A14F52244F45E8FC9F0A9BD04D24E74D3EE1FCC20A182C4BA2AD4B88AAFCF60A0D9819FE",
"29 May 2026 21:04:54","MO",231709,"SBD",340,"SBD","6A19FF1237177469BE0C6982ADFCB509F9D546C58446A0F8FCE50A210D475C15476976FCB50A439447BD06479488FCBD0A247E4809E24820AAFCC50A249E48158E480C19FCE20A297E48636548744DFC9D0A335148BF91489A78FC940A36F648BA0048DA51FCAB0A61CF48BF0148EA83FCE20A2C2B48D81248FC2FFCD80A494F",
"29 May 2026 17:38:59","MO",231710,"SBD",284,"SBD","6A19CF0A36DCB74F8D2E4F7EC463D4CCFCA54942E2493CA063C9FFFC7E44077143F38963BFA1FC9345C08545BC7B63C4ABFC9546B58F46C10663B70EFC7F4750B0475B9363C8A8FC6447CE7947C73963BB3DFCAD47F30547EC2863BB4FFC3B4858F348449563BD4EFC7448A025487DE863BBF5FC5A48D80048B9F863B99EFC5C",
"29 May 2026 09:04:50","MO",231709,"SBD",54,"SBD","5381F1FCCD0A0D8551203B51362CFD060A34334F2BC44F1F96FCA10A940B4D09E44D23DDFCC70A0ACC4B8DB24B73B9FCF70A007C19E4",
"29 May 2026 09:04:47","MO",231709,"SBD",340,"SBD","6A1956523717746A41F36A06D8FCBE09F12D469E57467931FCEC0A14C64759E247674FFCB30A3AFA47B7E3478F1DFCC10A17E248049D481B1EFCC10A17F8480EF648053CFCE40A1CC44861304871FFFC9D0A271A48BFBA489A96FC990A2A1D48B9C348DA15FCAE0A59D548BECB48EA4DFCDB0A1F6948D7EA48FC06FCD20A3C50",
"28 May 2026 21:05:18","MO",231709,"SBD",54,"SBD","5341DBFCD40A0DB450EF5551053CFD070A33D74F07944EFB78FCA00A94DA4CF0DF4D0AD2FCC80A0A464B79E04B5FEEFCF50A003119FE",
"28 May 2026 21:04:55","MO",231709,"SBD",340,"SBD","6A18AD923715886135D560F943FCB409FA8046E7CC46C1FEFCE30A149D476EBC477BE2FCB40A3BC047C6FB479E50FCC10A17D74810334826B3FCCB0A17E8481ACB481128FCE40A1CAB48687D487953FC9F0A277D48C2CF489DB6FC950A29FC48BC6248DCA9FCAA0A5AA448C06A48EBD6FCE00A1F5448D8E948FCFFFCD90A3C32",
"28 May 2026 17:39:06","MO",231710,"SBD",284,"SBD","6A187D8A36CFFC4EFA324EEBFC63D4B9FCA948C81448C1C963C9EEFC7544483444347563BF9BFC874679B54675DC63C4BFFC9847592F4764CE63B711FC7D47BD8A47C87863C8AEFC67481B9D48146963BB37FCA8483E0048372A63BB53FC3B4873BA485F5263BD59FC7848B91D4896E363BBF5FC5948DEBB48C0C463B992FC5F",
"28 May 2026 09:04:53","MO",231709,"SBD",54,"SBD","53016CFCD30A1FF750C13750D71EFD0A0A45C64EE7744EDB6CFC9B0AA0B74CDAB74CF4B4FCC70A1BC94B67964B4D9EFCF20A11CA19F5",
"28 May 2026 09:04:49","MO",231709,"SBD",340,"SBD","6A1804D23714E9658D8E65540DFCBB0A037546AB47468659FCEE0A26FE4763AE477114FCB60A494747BBF3479357FCC90A29F34806D9481D65FCC70A2A02480FEC480665FCE10A2ED248627D487353FC9D0A39CB48C0DA489BCCFC990A3C3248BAB148DB19FCAF0A678F48BF3348EAB4FCE10A317B48D83548FC56FCDB0A4E7E",
"27 May 2026 21:04:59","MO",231709,"SBD",54,"SBD","52C112FCD70A33C05097FB50ADD2FD060A59334ECC434EC03DFC9F0AACE94CC72C4CE12FFCBC0A2EC74B56BC4B3CBFFCF30A24E419F5",
"27 May 2026 21:04:55","MO",231709,"SBD",340,"SBD","6A175C123715E3655852651C92FCBC0A0F6146FB5546D54AFCE60A39DC476FDF477CE7FCBB0A566747C9C247A0FFFCC10A3D404812604828E8FCC90A3D5E481DE548143AFCE50A4245486986487A52FC9A0A4D9C48C26A489D43FC950A4FC148BC3C48DC7AFCAD0A74D448C06748EBC9FCE00A450648D8DE48FCEDFCDA0A6230",
"27 May 2026 17:39:02","MO",231710,"SBD",284,"SBD","6A172C0A36D3B14ECD8D4EBF1463D4B7FCA748C2C248BC9663C9EEFC83440E7943FAAC63BF9BFC8C46276246237963C4B9FC9F471301471E9863B714FC81478D7F47987463C8AEFC6E47F79647F05863BB32FCAA4818914811C663BB4EFC3948667F48521463BD4DFC6F48AD3D488AFA63BBF8FC5E48DAD048BCCA63B99EFC5A",
"27 May 2026 09:05:08","MO",231709,"SBD",54,"SBD","5286B8FCD70A3D035074D7508AA9FD0F0A61F64EB5A94EA9A7FCA30AB2574CB6044CCFFDFCC50A375C4B46F34B2CF5FCF20A2D9719F5",
"27 May 2026 09:04:57","MO",231709,"SBD",340,"SBD","6A16B3523715A45FB7895F7C35FCBA0A1A1946E18D46BD40FCE30A4314476A2C477773FCB10A5D2047C40F479BACFCBD0A464F480DA1482479FCC60A4672481969480FFAFCE40A4B634866F64877D4FC950A573048C1A1489C82FC950A58DC48BB7848DBC0FCA90A7B5448BFC248EB38FCD80A4E2248D87C48FC96FCD50A6B57",
"26 May 2026 21:05:03","MO",231709,"SBD",54,"SBD","5254EBFCD80A44565055CB506B7BFD030A68CD4EA0E14E94DDFCA00AB5EB4CA5864CBF74FCC30A3E044B37114B1D1EFCF40A346519EC",
"26 May 2026 21:04:51","MO",231709,"SBD",340,"SBD","6A160A92371631676A2F672F38FCBD0A165A46BD30469658FCE70A4A52476762477473FCB20A623947BED34795DEFCB70A4D764808C4481F05FCC50A4D92481349480959FCE10A52864864B1487569FCA00A5EE948C10E489BEAFC970A600348BAFA48DB3FFCA80A804F48BF6748EAD1FCE10A554648D83448FC4DFCD80A7284",
"26 May 2026 17:39:03","MO",231710,"SBD",284,"SBD","6A15DA8A36D6034EAF4E4EA06263D4B0FCA548B35048AD5663C9E3FC7943F8BF43E4E363BF99FC974632E4462EEB63C4B6FC954727684732FB63B709FC79479D9647A87E63C8B1FC6948023A47FB0163BB32FCB5482515481E4763BB48FC3F486BA848573C63BD57FC7248B1E7488FAA63BBFAFC5B48DC8148BE8263B99AFC5B",
"26 May 2026 09:04:59","MO",231709,"SBD",54,"SBD","5227D2FCD80A4FBB503A95505034FD000A73C34E8EC54E82B9FCA50ABBD54C957A4CAF72FCC60A48CA4B26E74B0CE6FCF50A3F4819F5",
"26 May 2026 09:04:50","MO",231709,"SBD",340,"SBD","6A1561D23717796D8CAB6D52C0FCBA0A177646ADCB4687B7FCE40A55694760B9476DE4FCB00A69C247BAAB4791CCFCBF0A58944805BA481C14FCC80A58BA48114D48076CFCDA0A5DBE4862FE4873BBFCA10A6AAF48BFD1489AAFFC980A6B4248BA0E48DA58FCAB0A87C748BED948EA41FCD80A608948D7E648FBF9FCD00A7DD6",
"25 May 2026 21:05:07","MO",231709,"SBD",54,"SBD","51FF64FCD00A4E9E502467503A0BFD030A72044E7E834E7279FCA00AB90F4C85164C9EF6FCC80A47174B16124AFC1AFCF70A3DC619F5",
"25 May 2026 21:05:00","MO",231709,"SBD",340,"SBD","6A14B91237180061FBC561BA8BFCB90A22BE464B944626AFFCED0A54A04741C4474F7BFCB10A684A47A422477B5EFCBE0A577847F49D480B01FCC90A579D47FE0647F42CFCE60A5CA54855C7486695FC9E0A6A4D48BA29489526FC9C0A6A1D48B54048D5BAFCA90A869748BBEE48E772FCDC0A5F6348D62A48FA4EFCD80A7C9E",
"25 May 2026 17:39:14","MO",231710,"SBD",284,"SBD","6A14890A36E0104E9AA34E8C3B63D4B3FCA748D0E548CAD963C9E7FC7F43D1A343BDC263BF9EFC99458A9B45867E63C4A8FC9F4685614690D463B712FC83472B8A47364F63C89DFC6A47B35C47AC1F63BB35FCAE47DD4E47D67F63BB46FC37484E9E483A4563BD52FC764894FC4872C263BBF2FC5B48D50348B70563B993FC58",
"25 May 2026 09:04:59","MO",231709,"SBD",54,"SBD","51E1ACFCD40A33C65013D750297EFD020A56404E6E354E622BFCA00AA6044C73284C8D10FCC00A2BCF4B042C4AEA25FCFC0A22CE19F5",
"25 May 2026 09:04:53","MO",231709,"SBD",340,"SBD","6A1410523717795BB2BF5B7470FCBA0A1459465C6F463689FCE50A394D4746C147544AFCB00A53ED47A621477D3CFCC30A3C3747F575480BC3FCC70A3C5447FEFF47F509FCE40A414A4856CA486788FC9F0A502648BA52489540FC9A0A4E9548B53748D5AAFCA30A73A848BBFD48E777FCD80A440B48D63148FA5DFCD60A60E7",
"24 May 2026 21:05:11","MO",231709,"SBD",54,"SBD","51D294FCD80A19BC500844501DEAFD060A3B614E5E344E523AFC9C0A94AF4C60944C7A71FCC70A11784AF1D54AD7D5FCF40A08B419EC",
"24 May 2026 21:05:00","MO",231709,"SBD",340,"SBD","6A13679237164A62D0A162947BFCBC09F8A6467F2E4658D6FCF00A1FAF475CA7476A08FCB60A42A247B475478B98FCC70A227547FF3F481584FCC90A227A48077147FD8AFCE70A2740485E0B486EC1FC9B0A375C48BF004899EFFC940A346348B91B48D97DFCAD0A629248BE3748E9BCFCDD0A29F348D79648FBB3FCDA0A467C",
"24 May 2026 17:39:07","MO",231710,"SBD",284,"SBD","6A13378A36D61B4E40264E31C463D4B3FCAA48690E48624663C9DBFC8843DE9343CAA963BFA0FC9A46136A460F6563C4B0FC9F47057E4710F863B71AFC7A478483478F6863C8ABFC6147EF7E47E83A63BB3BFCA84811AD480ACA63BB49FC4048659348513463BD57FC7648AC1E4889E463BBF4FC5C48DB6648BD6563B999FC5C",
"24 May 2026 09:05:15","MO",231709,"SBD",54,"SBD","51CFC2FCDD0A1AF34FFF0250149FFD020A3C334E4E1C4E4215FCA20A952E4C4DF24C67CCFCC40A12704ADFDC4AC5DDFCF20A09DB19E4",
"24 May 2026 09:05:03","MO",231709,"SBD",340,"SBD","6A12BED23715E365EFDE65B507FCBB09F73746DE3D46B758FCEC0A2110477440478142FCB20A447647C705479E22FCC60A23F7480E794824B9FCC00A23FA48189B480EBDFCDF0A28C348687848792CFC9C0A39B348C34A489E26FC9C0A35DE48BCAF48DCF2FCAB0A643048C08048EBF0FCD80A2B7E48D8F548FD0DFCD40A47F9",
"23 May 2026 21:06:03","MO",231709,"SBD",54,"SBD","51D31CFCDC0A2E074FF399500936FD070A4F3A4E3C064E3004FC9D0AA0854C3AC64C54A2FCC20A25614ACE274AB426FCF50A1CE219FE",
"23 May 2026 21:05:03","MO",231709,"SBD",340,"SBD","6A1216123714F55E2EF25DF25FFCC20A077B46DC3F46B59BFCEB0A3464477239477F47FCB20A526947C563479C7FFCBA0A3751480CD1482322FCC50A375A48176B480D81FCE00A3C3148677A487835FC9E0A4DB948C2A6489D8CFC910A496348BC2B48DC6BFCAD0A719448C02F48EB99FCDC0A3EF748D8BF48FCCCFCD20A5B98",
"23 May 2026 17:39:13","MO",231710,"SBD",284,"SBD","6A11E60A36D2194DFC444DED9F63D49DFCAA48294F4822DC63C9D3FC7F43FBAF43E7B663BFA0FC9646627E465E5663C4BBFC9E474B644756CF63B70CFC8647B11947BBEB63C8AEFC6748109F48095463BB34FCB448322D482B3C63BB4CFC3F487084485C1B63BD59FC7B48B54F48930F63BBF5FC6048DDA648BFA263B993FC5D",
"23 May 2026 09:05:06","MO",231709,"SBD",54,"SBD","51D1BBFCDE0A399C4FE25C4FF800FD0E0A5AA74E269B4E1A9AFCA50AA6C64C267A4C4050FCC80A30D94ABC434AA246FCF50A287F19F5",
"23 May 2026 09:04:55","MO",231709,"SBD",340,"SBD","6A116D523716365B9BC85B6088FCB40A0F7946B58E468FECFCE80A40534765E647732AFCB60A5A7C47BD964794BAFCC60A432D4806A4481D09FCC10A433A48117B4807A2FCDC0A481E4863384873FBFC980A5A4348C09E489B88FC9D0A555D48BA7948DAC2FCAA0A799148BF2648EA97FCDA0A4AE948D81248FC2AFCE10A67A1",
"22 May 2026 21:05:11","MO",231709,"SBD",54,"SBD","51C508FCD80A3BF54FCCA44FE23EFD080A5CB04E0E894E0286FC9A0AA7414C11394C2B0CFCBF0A33144AAA734A9072FCF40A2AEB19FE",
"22 May 2026 21:05:00","MO",231709,"SBD",340,"SBD","6A10C4923716DD539AAD53599EFCBE0A16D046AE09468712FCE40A431D47687B4775A5FCB30A5CBD47BD4E47945FFCBC0A45F04805D1481C0AFCC80A45F4480F03480513FCE40A4AD5486277487331FCA20A5DB148C097489B81FC980A580C48BA8F48DADCFCAB0A7B8248BF2348EA9FFCDC0A4D9A48D82348FC30FCD40A6A50",
"22 May 2026 17:39:20","MO",231710,"SBD",284,"SBD","6A10948A36D6A74DF5604DE6B063D4A8FCAB483202482B2363C9D7FC7E43C82C43B45763BF9BFC984610AE460C8D63C4B4FC9B47042B470F9D63B70DFC824782EE478DC463C8A8FC6847ED3247E5F263BB3FFCB0480EAB4807CF63BB49FC43486461484FED63BD50FC8248AB9648894763BBF2FC5648DADC48BCD563B9A1FC60",
"22 May 2026 09:05:10","MO",231709,"SBD",54,"SBD","51B438FCD50A3D134FB3984FC931FD080A5D7A4DF3574DE762FC9F0AA7424BFB594C1531FCC40A34124A98F74A7F03FCF10A2C1B19F5",
"22 May 2026 09:05:01","MO",231709,"SBD",340,"SBD","6A101BD23714C93E41313E109FFCB50A3B8C46BB91469599FCEC0A44B2476D1F477A6DFCB20A5E2B47BFA64796CFFCBF0A4760480732481DA4FCC00A4760481113480756FCE00A4C424864244874E3FC9B0A5FCA48C191489C7AFC950A596E48BB2348DB7CFCAD0A7CB348BF6F48EAE9FCD80A4F0348D84548FC64FCD60A6BAB",
"21 May 2026 21:05:08","MO",231709,"SBD",54,"SBD","51A28DFCD50A516A4F970A4FACABFD020A71C04DD8944DCCA1FC9F0AB4344BE78B4C0160FCC70A48424A89724A6F77FCF10A406519EC",
"21 May 2026 21:04:58","MO",231709,"SBD",340,"SBD","6A0F73123714EF53A1815367DDFCBB0A360D46C752469ED1FCEF0A59424773E14780D7FCB10A6D7C47C0E94797F8FCC50A5C07480865481E74FCC70A5C0548102448062EFCE00A60EE4863EC487498FC9D0A74E748C17B489C5AFC9B0A6E2D48BB6148DBAAFCA40A8B0748BF9C48EB16FCDF0A63C048D87448FC7FFCD50A8092",
"21 May 2026 17:39:15","MO",231710,"SBD",284,"SBD","6A0F430A36CF5F4D9F5B4D90C863D4A1FCAC47DA3A47D3F163C9C9FC81442F5C441BAA63BFA6FC9346AED346AB0663C4C0FC964785014790A563B716FC7647D80D47E30063C8AFFC60483207482ACA63BB40FCB04855C2484EDB63BB4CFC43487B8B48671E63BD60FC7648BF48489D0A63BBF4FC5C48E0F348C2F663B996FC58",
"21 May 2026 09:05:17","MO",231709,"SBD",54,"SBD","518716FCD30A64744F73264F88B7FD070A84BA4DBC454DB05FFC9D0ABF6C4BD5464BEF1AFCC50A5B304A7B484A6148FCF30A537119EC",
"21 May 2026 09:05:06","MO",231709,"SBD",340,"SBD","6A0ECA523717165BA6B35B6A98FCC00A3781466E6C4648B9FCE70A6D16475B244768B2FCB80A7B2547AF714786C8FCBD0A6F9147FAB2481110FCC50A6F9448021647F864FCE20A749B485A68486B36FC9E0A88E548BD53489851FC9D0A81E148B7FD48D879FCAC0A981948BD5648E8D9FCDA0A776148D71548FB33FCDB0A945A",
"20 May 2026 21:05:57","MO",231709,"SBD",54,"SBD","51568CFCD60A6C2A4F48F54F5E77FD090A8C1A4DA1554D9561FC9F0AC35E4BC4DF4BDEAFFCC30A629E4A6DED4A53F5FCF70A5B0519F5",
"20 May 2026 21:05:50","MO",231709,"SBD",340,"SBD","6A0E21923715D256C2DC5687FFFCB70A416046C329469E23FCEC0A746A476A4947778EFCB70A802B47BEA047961CFCC10A773B4806BF481D56FCC60A774E4812B3480936FCE40A7C5D4864174874F6FCA00A910448C082489B71FC9A0A89B048BA9848DAE4FCB00A9CF848BF0348EA76FCDE0A7F3948D80448FC1CFCD50A9C35",
"20 May 2026 17:39:12","MO",231710,"SBD",284,"SBD","6A0DF18A36D7C04DAB474D9D1863D4A3FCB047FCC147F64E63C9C7FC7643B7E043A42863BF9FFC9546313C462D7163C4B3FC9447275147330263B713FC804799B447A4B163C8AAFC6447FCAA47F58263BB3DFCAD4820AD4819ED63BB55FC394869EF48559963BD51FC7348B0C6488E8563BBF0FC5648DBF548BDEB63B9A1FC5B",
"20 May 2026 09:05:10","MO",231709,"SBD",54,"SBD","511213FCD40A72BE4F203F4F35AEFD060A92274D8B144D7F34FCA30AC5DC4BB6D84BD0A9FCCA0A68B34A61984A4792FCF10A614619F5",
"20 May 2026 09:05:00","MO",231709,"SBD",340,"SBD","6A0D78D23716714ED7C24EA309FCBC0A4C4E4642D8461B1DFCE90A7B3547543947618DFCB50A84CD47A5A1477CABFCC60A7DB047F3A44809AFFCC90A7DAD47F8D447EEC1FCE80A82BC4854C3486571FC9C0A97BC48BABC4895BAFC9D0A900448B62A48D692FCAB0AA0D448BC3C48E7C4FCDB0A858848D66D48FA90FCDC0AA28C",
"19 May 2026 21:05:10","MO",231709,"SBD",54,"SBD","50CE62FCD30A6E2E4F00454F15B6FD0C0A8CD94D795F4D6D79FCA30AC0D54BAA064BC3D3FCBB0A638B4A558B4A3B86FCEE0A5C5D19F5",
"19 May 2026 21:05:00","MO",231709,"SBD",340,"SBD","6A0CD01237160649E3A449ABEAFCBB0A5ABB4683BC465E34FCE70A761E475CFF476A6AFCB80A809347B31F478A59FCBB0A78B547FC7D4812CFFCC50A78C44805C847FBEFFCE10A7DD6485CA7486D6FFC9D0A932248BDBC4898ADFC990A8B1C48B81248D875FCAC0A9CCB48BD6A48E8EEFCD80A80B148D70C48FB2CFCD10A9D9A",
"19 May 2026 17:39:21","MO",231710,"SBD",284,"SBD","6A0CA00A36DADE4D7ED14D6FF263D4A6FCAE47CA4C47C3D163C9C7FC80439ACD4386E963BF9AFC9945E33245DF2363C4AEFC9C46DBB246E73063B711FC7C4763AB476E7A63C8A6FC6A47D65E47CF1463BB35FCB147F91947F24063BB49FC3E485A5B4845FE63BD56FC7748A148487F1063BBF2FC6548D7A748B9A763B997FC5B",
"19 May 2026 09:05:17","MO",231709,"SBD",54,"SBD","509ED9FCDB0A65BC4EEA5C4EFFC1FD050A83B84D6A8D4D5EB4FC9F0AB8E24B9DEB4BB7BAFCC60A5AA04A49EF4A2FEAFCF40A53A619F5",
"19 May 2026 09:05:10","MO",231709,"SBD",340,"SBD","6A0C27523718225EEB855EA8F6FCB80A37E646023145DB6CFCF00A6E1847416D474F42FCB40A7A8A47965F476D94FCC60A704A47E7E947FE11FCC80A703647EB2847E133FCE10A753F484AA9485B68FC9C0A8AE348B62D48914DFC9B0A826A48B27148D30DFCAE0A964A48B9ED48E57CFCD80A780648D53548F95FFCD20A94CA",
"18 May 2026 21:05:11","MO",231709,"SBD",54,"SBD","508463FCD50A56DB4EDA924EEFE9FD080A742E4D5D6A4D5192FCA00AAD2B4B92B54BAC77FCC40A4B864A3EDD4A24DEFCF40A44C7196A",
"18 May 2026 21:05:02","MO",231709,"SBD",340,"SBD","6A0B7E9237163F6E7CE96E417EFCB50A1ECC46E8F546C6E1FCEB0A5E304766174773A5FCB20A6EAF47C167479952FCBE0A610848092C482053FCC40A610E48164A480D20FCE30A66214862994873A3FC9A0A7BE648BEDB4899C8FC9C0A733F48B95148D9B9FCAC0A8B2848BE9548EA0FFCDF0A68FD48D7CB48FBE8FCD00A8588",
"18 May 2026 17:39:15","MO",231710,"SBD",284,"SBD","6A0B4E8A36DBF64D80354D71C163D49FFCA947E8CA47E2A863C9CBFC7A438146436D5B63BF9FFC9345C90045C4EB63C4AEFC9C46C6D146D25963B70BFC7C4757C54762A663C8A7FC6647CD6A47C63863BB35FCAC47EED947E7FF63BB42FC3A48573B4842DD63BD4DFC74489F94487D4E63BBF8FC6048D6E848B8F063B9A1FC5E",
"18 May 2026 09:05:22","MO",231709,"SBD",54,"SBD","507582FCD10A4ADB4ECBFB4EE154FD060A67A24D51154D454AFC9E0AA34A4B88FB4BA2B9FCC50A3F4D4A34E84A1AE4FCF60A38CC19EC",
"18 May 2026 09:05:10","MO",231709,"SBD",340,"SBD","6A0AD5D23715F759C5CD599515FCB909FADE463A244613E2FCEA0A533E475147475F00FCB00A66C547A5F1477D14FCBF0A556947F27A4808B7FCC20A555947F80847EE10FCE10A5A494853D0486492FC9C0A704948BAB54895C1FC990A674248B5CC48D655FCB20A82AE48BC1D48E7A6FCD80A5D0D48D66748FA89FCDA0A796B",
"17 May 2026 21:06:10","MO",231709,"SBD",54,"SBD","50644AFCD40A44514EBB734ED0CDFD030A609F4D45D14D3A05FC9B0A9DAB4B80B54B9A80FCC80A38934A2BD54A11D8FCF30A325119F5",
"17 May 2026 21:05:11","MO",231709,"SBD",340,"SBD","6A0A2D1237150264E15864A683FCB909D5C546B7EE469142FCED0A4C7F476F78477CB4FCB30A625A47BEB44795D8FCC40A4EE8480529481B6BFCC60A4EDC480E3B480455FCE30A53C34862B348736CFC9D0A69BD48C10B489BECFC9F0A60B348BAB148DB0EFCAD0A7E0E48BF2648EAA0FCE00A569248D81A48FC3BFCD10A72D1",
"17 May 2026 17:39:25","MO",231710,"SBD",284,"SBD","6A09FD0A36D0164CFE6B4CEFE363D490FCAA478509477E0F63C9BCFC7943D13343BD3A63BFA2FC90464432463FF963C4B9FC924727FD47336063B71BFC7E479285479D3E63C8A8FC6C47FA7847F32463BB3CFCB4481B5248147363BB43FC444868D548546263BD56FC6F48AD2D488ADE63BBF9FC5F48DB6148BD5A63B99CFC5C",
"17 May 2026 09:05:10","MO",231709,"SBD",54,"SBD","50498AFCD70A50BC4EAA054EBF56FD050A6CC34D3C694D3097FC9B0AA4DD4B79C04B938CFCC60A449E4A23104A0904FCEF0A3E9419F5",
"17 May 2026 09:05:04","MO",231709,"SBD",340,"SBD","6A0984523713B85492DA545750FCB40A11D346D93C46B323FCEB0A5900477541478271FCAE0A6B9D47C47D479BA8FCC10A5B5F4809B2482014FCC30A5B5348136B48098EFCE60A604A48652D4875E9FCA10A761A48C1FC489CE2FCA00A6D4048BB5548DB9DFCAC0A869048BF9848EB14FCE40A631F48D85648FC6AFCDE0A7F71",
"16 May 2026 21:05:19","MO",231709,"SBD",54,"SBD","50297EFCD60A63CA4E9B9C4EB0E5FD070A7F8D4D36C44D2AEEFC9F0AB0754B74934B8E58FCBF0A573A4A1A9E4A00A9FCFC0A515D19FE",
"16 May 2026 21:05:12","MO",231709,"SBD",340,"SBD","6A08DB923713B84D98504D61D6FCBC0A389646D77D46B2D1FCE80A6C3647732C478082FCAF0A798747C23C4799B7FCC00A6E96480794481E42FCC60A6E8F4811794807F1FCE50A73964863A648747EFCA30A891848C118489C09FC9D0A809C48BAA048DB06FCAE0A939148BEFE48EA78FCD90A766548D80848FC1FFCD60A92DD",
"16 May 2026 17:39:25","MO",231710,"SBD",284,"SBD","6A08AB8A36CA084CA9284C9A8F63D48FFCA9471457470DA563C9B4FC844427E344142163BFA2FC8E46C14346BD5063C4C4FC9F478D374798C163B718FC8147D78F47E27463C8B5FC6848305A48291363BB41FCB2485244484B5363BB50FC42487B254866AF63BD4FFC7948BE48489C0463BBF7FC5F48E08B48C28B63B99BFC60",
"16 May 2026 09:05:16","MO",231709,"SBD",54,"SBD","500BD4FCD80A79EE4E940F4EA952FD020A95694D364D4D2A85FC980ABE004B71344B8AFDFCCA0A6CC94A128949F892FCEE0A672319FE",
"16 May 2026 09:05:09","MO",231709,"SBD",340,"SBD","6A0832D23713E2507739503CB8FCB80A3FCE474220471D47FCEB0A81854783CE4790CBFCB30A88E847D51247ACB3FCC10A84564817EB482ECFFCC70A845C482474481B00FCE60A8982486CC4487D99FC9F0A9E9948C33A489E14FCA30A96AB48BD0448DD3BFCAD0AA22C48C0D148EC40FCDD0A8C7348D92148FD2FFCDB0AA917",
"15 May 2026 21:05:14","MO",231709,"SBD",54,"SBD","4FF8A9FCD70A8CED4E954F4EAA80FD050AA8134D39834D2DB5FC9F0AC88F4B6E3B4B87E0FCBE0A7F474A0A5C49F057FCF60A79DC19FE",
"15 May 2026 21:05:08","MO",231709,"SBD",340,"SBD","6A078A123715875700DB56C591FCBA0A37E54646AD462034FCEF0A953647542F4761CDFCB60A967E47A6C2477DF6FCC30A975447F1AE4807E7FCC80A974B47F7B047EDBFFCD90A9C82485351486419FC9D0AB13948B9F7489509FC9B0AA9A848B53748D5AFFCAC0AAE5E48BB8748E711FCDB0A9F5B48D60048FA20FCD20ABC28",
"15 May 2026 17:39:24","MO",231710,"SBD",284,"SBD","6A075A0A36D9894D04B74CF61163D4A2FCA847679447611363C9B8FC79437C824368AF63BF91FC9246144E46104163C4BCFC9A470D2B4718AD63B713FC7F4784B7478FA063C8ADFC6647EC2047E4D563BB3AFCA9480FEC48090F63BB53FC39486387484F2463BD5BFC7448AA6E48883663BBF2FC5948DA3C48BC3263B998FC64",
"15 May 2026 09:05:25","MO",231709,"SBD",54,"SBD","4FF85EFCDA0A82794E9E3D4EB372FD030A9D0A4D3C264D305DFCA40ABE564B692F4B82E9FCBA0A74894A00FC49E6EDFCF80A6F6419E4",
"15 May 2026 09:05:15","MO",231709,"SBD",340,"SBD","6A06E1523716875AFC915ABF8BFCBA0A222146098A45E3ABFCF00A8ACC4742DB4750BDFCBA0A8E1347972D476E75FCBA0A8CCF47E66447FCA6FCC60A8CC147EC0747E228FCE80A91F1484A88485B55FCA10AA63E48B5A34890BEFC950A9EFC48B1BD48D255FCAB0AA5D448B97248E50CFCDE0A94C548D4D748F908FCD80AB166",
"14 May 2026 21:05:24","MO",231709,"SBD",54,"SBD","500DF9FCDA0A6CE44EAAB44EBFF8FD080A86E54D3C794D309AFCA20AACFB4B62CE4B7C82FCC30A5EDD49F73349DD23FCF70A5A1519FE",
"14 May 2026 21:05:12","MO",231709,"SBD",340,"SBD","6A0638923715FE5EB4F25E7658FCB80A04234658AA4632ABFCE70A750647568547640BFCC00A7DED47AB5B47826DFCC50A772647F495480AD2FCC70A772047FC6A47F275FCE50A7C4248566E48672BFCA20A901948BB46489635FCA20A893448B5F948D664FCAC0A95CF48BC2848E7ACFCDF0A7F2048D64B48FA6BFCD80A9B76",
"14 May 2026 17:39:21","MO",231710,"SBD",284,"SBD","6A06088A36DC794D19D44D0B1863D49BFCA8478069477A5063C9C0FC7443546B43408B63BF99FC9445D3C045CFA563C4AEFC9846D2B646DE2C63B714FC80475E114768E363C8A0FC6747CFA447C86363BB32FCB347F23C47EB5E63BB4AFC3B4858E148447A63BD52FC7048A0C6487E8A63BBF9FC6048D7B548B9B463B994FC5E",
"14 May 2026 09:05:18","MO",231709,"SBD",54,"SBD","503073FCDC0A5CC64EB3C44EC913FD0F0A765D4D39824D2DAAFC9E0AA0274B5C954B7640FCC30A4ED449EE4A49D431FCFD0A4A5E19F5",
"14 May 2026 09:05:09","MO",231709,"SBD",340,"SBD","6A058FD237150761D1676195BAFCB609EE82469A224673FCFCEF0A64FB4766F347743FFCB70A726F47B742478E62FCC00A673947FE1B481469FCCA0A67334807C047FDDBFCE60A6C44485E89486F4CFC990A7F9748BE8E48997CFC9B0A791C48B8B948D90DFCA40A8A0948BDDF48E95DFCDE0A6F2448D75A48FB70FCD30A8B43",
"13 May 2026 21:05:19","MO",231709,"SBD",54,"SBD","504CCFFCD90A51654EB24B4EC7A2FD060A6AB34D332A4D2757FCA00A973F4B578C4B7135FCC00A438649E68449CC74FCF10A3F6B19FE",
"13 May 2026 21:05:09","MO",231709,"SBD",340,"SBD","6A04E712371504546F1E542AFFFCB80A0A2E46B88C469446FCED0A5A1D47689A477620FCB20A6A8347BB5D4792C0FCBC0A5C3D48027548191CFCC60A5C2F480D3148039EFCE90A613D485FBC48709DFC9F0A740048BEED4899DFFC950A6E0848B8F348D958FCAF0A81E648BE3648E9B7FCDD0A642148D79548FBAFFCD60A8012",
"13 May 2026 17:39:30","MO",231710,"SBD",284,"SBD","6A04B70A36D50B4CEEED4CE00963D490FCAB4748F147426D63C9B8FC7C43802C436C5663BF9FFC9B46093546053363C4B5FC9A46F7A447032F63B711FC7A47723D477D2063C8A2FC6947DF0247D7BF63BB33FCA948012947FA4E63BB46FC3E485F4B484ADC63BD59FC7448A5D748839C63BC02FC6548D96B48BB5D63B9A4FC5C",
"13 May 2026 09:05:25","MO",231709,"SBD",54,"SBD","504D2BFCD80A53B74EA54B4EBAA4FD010A6CCB4D2DB84D21E0FCA70A995B4B558E4B6F3BFCBF0A45BF49DFF249C5C2FCF70A41EF19F5",
"13 May 2026 09:05:18","MO",231709,"SBD",340,"SBD","6A043E5237135B4E45934E0B91FCBA0A0EA246D2F746ADE1FCF30A5D2F47775E4784D6FCB90A6DB547C29E4799F0FCC90A5F05480739481DD0FCC60A5EED480FDC480645FCE10A63EF4862BC487398FC9D0A761148C153489C43FC9B0A70AF48BAB148DB18FCAC0A83FB48BF2548EAA4FCE00A66C748D82F48FC4EFCDC0A82B3",
"12 May 2026 21:05:15","MO",231709,"SBD",54,"SBD","502BB9FCD70A7F1B4E94134EA954FD090A982C4D2DE94D2213FCA20AB92B4B57D14B7170FCC60A709249DAA649C078FCF90A6D0719FE",
"12 May 2026 21:05:10","MO",231709,"SBD",340,"SBD","6A0395923713494AB17B4A7942FCBC0A363E4732D3470F85FCEF0A880E4782DB479017FCB70A8CB547D22A47AA12FCC40A8A684814F8482C27FCC20A8A6B48221C4818E6FCE30A8F9E486B91487C80FC9F0AA0D948C2DD489DB7FC9F0A9C9248BC8948DCD0FCAB0AA1E748C06648EBD5FCDA0A929348D8EF48FD07FCD80AAEE2",
"12 May 2026 17:39:24","MO",231710,"SBD",284,"SBD","6A03658A36CE8B4CA93A4C9A7A63D48FFCB246D63946CFDF63C99CFC8643CA2343B69F63BFA1FCA0469A1046964663C4C2FC96477146477CE563B716FC7A47C0D347CBC463C8B3FC5D481AB148137963BB3EFCB0483F3D48386763BB47FC3D48746F48600F63BD4CFC7148B91E4896DC63BBF8FC5D48DE6A48C06263B9A4FC5E",
"12 May 2026 09:05:20","MO",231709,"SBD",54,"SBD","4FF9A1FCD70A941C4E88184E9D4EFD040AACCA4D34C44D28F5FCA20AC7B94B5C604B75FFFCC50A84FC49D47849BA46FCF90A81C619F5",
"12 May 2026 09:05:11","MO",231709,"SBD",340,"SBD","6A02ECD237158C36A98C367D3EFCBD0A806C46A5E54681EDFCE70A9CB547612C476EABFCB30A9A6D47B497478BFEFCC40A9EEB47FBF1481292FCC70A9EEF48079A47FE03FCE20AA44D485C5E486D3FFC9F0AB4A348BC68489750FC9C0AB15448B70648D767FCAE0AAEEC48BCBD48E834FCE20AA74148D6A348FAC3FCCD0AC3BC",
"11 May 2026 21:05:33","MO",231709,"SBD",54,"SBD","4FCCA6FCDB0A77DD4E89304E9E6BFD0A0A8FAF4D44CF4D3900FC9E0AB1E44B631A4B7CBAFCC50A685349CCE649B2A1FCF90A657C19F5",
"11 May 2026 21:05:20","MO",231709,"SBD",340,"SBD","6A02441237156A4F01A84ECB02FCB90A603745F29F45CD74FCEB0A80C7473CC2474AEDFCBA0A85304790CC476816FCC50A824947E02047F671FCC70A823447E4A047DAC4FCE50A8772484544485621FCA50A970048B34D488E85FC9E0A944048AF3748CFE5FCA50A998C48B7EA48E394FCDC0A8A4C48D3EF48F82BFCD60AA66B",
"11 May 2026 17:39:34","MO",231710,"SBD",284,"SBD","6A02140A36DB634CE34D4CD49D63D490FCAF46DFE846D95A63C9A5FC7C4331F7431E0563BF8FFC9645B68045B25163C4ABFC9B46AF6D46BAE363B717FC80473B5C47462463C89CFC6347B58D47AE4B63BB37FCAC47D95F47D28963BB47FC40484D7D48391063BD4EFC744892C348708C63BBF7FC5B48D48448B68963B99BFC57",
"11 May 2026 09:05:18","MO",231709,"SBD",54,"SBD","4FAF57FCD70A5FE24E9C394EB170FD0C0A76C54D5F724D539BFCA20AA0384B6BA34B8531FCC00A4FB149C2FB49A8C4FCF40A4D3A19F5",
"11 May 2026 09:05:13","MO",231709,"SBD",340,"SBD","6A019B5237130F5D3D365D02C7FCBB0A28B846CA1946A48DFCEB0A682E4772C247801DFCBB0A73F647BEB04795F2FCC70A6A034802C3481927FCCA0A69EB480CCA4802FFFCE90A6F1448616B48723BFC9A0A7DC748C03B489B28FC990A7BC648B9B748DA1FFCB20A884048BE7C48E9FFFCDD0A71F748D7A648FBC7FCDC0A8DCB",
"10 May 2026 21:05:28","MO",231709,"SBD",54,"SBD","4FAC36FCDB0A6D9F4EC56A4EDA99FD060A83EF4D86134D7A30FC9F0AAB004B75BA4B8F3BFCC20A5CA049B731499CE8FCF90A5A8019F5",
"10 May 2026 21:05:18","MO",231709,"SBD",340,"SBD","6A00F29237136F62BF016281BBFCB50A207F472C5747097AFCEA0A7540478010478D62FCB80A7DB047CF9A47A79EFCC30A775F4811FD48293CFCC40A774B481F114815E7FCE30A7C8F486985487A7EFC9D0A8A6348C22F489D0FFC9F0A894E48BBEB48DC32FCAD0A915248C01348EB8CFCDA0A7F7948D8AF48FCC3FCD60A9B65",
"10 May 2026 17:39:26","MO",231710,"SBD",284,"SBD","6A00C28A36D09C4CF3624CE4FE63D492FCA946AC4546A5F563C99EFC78438D1843792263BF9EFC964658E146549E63C4BCFC98473CBF47481F63B713FC83479B9A47A66463C8B0FC5E47FD0547F5A263BB3AFCAA481D6948168263BB52FC41486A0B48559D63BD53FC7548AF2E488CDD63BBF0FC5A48DB7D48BD7763B996FC5D",
"10 May 2026 09:05:29","MO",231709,"SBD",54,"SBD","4FCD5CFCD30A789B4F064D4F1B8AFD060A8E434DB3934DA7A3FCA20AB2CB4B7CB74B9634FCC00A66E449A6C8498C72FCF40A651919F5",
"10 May 2026 09:05:18","MO",231709,"SBD",340,"SBD","6A0049D237123A63DEB063A30FFCB80A282246A67846806EFCED0A8012476CDC477A41FCB40A851A47B75D478E9DFCC00A81E347FC494812A7FCC90A81C54804F847FB3CFCE50A8710485CC6486D98FCA40A940948BDF64898E5FC9A0A93CF48B84148D8A0FCA80A97F448BD5D48E8D9FCDB0A89F648D70A48FB22FCD90AA5F3",
"9 May 2026 21:05:28","MO",231709,"SBD",54,"SBD","50202CFCD00A76D34F5EAC4F73F9FD080A8BC14DE4774DD86BFC9F0AB0514B7EC24B982DFCC60A649B49919A49773DFCF50A632D19EC",
"9 May 2026 21:05:19","MO",231709,"SBD",340,"SBD","69FFA1123713A566E6E066AC17FCB60A1FC2468E5A4668ECFCE80A7E3447660947738BFCB70A832A47B2D2478A15FCC30A7FF247F855480EADFCC40A7FD54800D747F71AFCDF0A85274859B7486A86FC9D0A915648BC7F48977CFC9D0A91DB48B6FE48D76EFCAA0A95C848BC9848E81AFCDF0A880E48D69248FAB4FCD80AA3F0",
"9 May 2026 17:39:28","MO",231710,"SBD",284,"SBD","69FF710A36D5074D35234D260D63D49CFCAF468D6E46867D63C997FC7D437E7F436B1863BF9BFC994659E646564D63C4B6FC9C473C7847483663B710FC7F479D2F47A83963C8B2FC6747FB5D47F42F63BB3CFCB54820CE481A1C63BB55FC4348687A48541E63BD52FC7748AF53488D1E63BBF7FC6048DBA548BD9C63B99DFC5B",
"9 May 2026 09:05:34","MO",231709,"SBD",54,"SBD","50AD3BFCD70A6E034FC5BA4FDB38FD040A823A4E114F4E0529FCA50AA7414B798B4B92E0FCC80A5BA54977BB495D60FCF00A5A8B19B8",
"9 May 2026 09:05:22","MO",231709,"SBD",340,"SBD","69FEF8523714C85FDBF85FA245FCBB0A314446256045FDAAFCEA0A75744756AC476427FCB70A7C88479E9E477589FCC50A76E047E8DC47FEC6FCC40A76A747EBC447E18EFCE10A7BFC484C32485CD4FC9F0A877348B74548924EFC9C0A889148B2EC48D369FCAC0A8E8B48BA2B48E5BEFCDB0A7ED548D52148F94AFCD60A9A91",
"8 May 2026 21:06:22","MO",231709,"SBD",54,"SBD","516734FCD90A5CA1502A9E50404CFD050A701E4E2FFC4E23C3FCA70A96714B69834B82D0FCC20A4A93495805493D95FCF90A49C719FE",
"8 May 2026 21:06:11","MO",231709,"SBD",340,"SBD","69FE4F923713E368A1F76868BEFCBA0A0FA446AD034686B9FCEE0A640C476FB6477CFFFCB30A6FC847BA3A479148FCC10A65B347FE3A48147CFCC60A658F4807FB47FDFDFCDE0A6AD8485F48487005FC9E0A75B748BF70489A51FC9D0A776248B93448D982FCA90A820048BE3448E9A7FCDB0A6DBF48D77648FB8AFCD90A8949",
"8 May 2026 17:39:37","MO",231710,"SBD",284,"SBD","69FE1F8A36D4604D889B4D799B63D4A4FCAE467300466C5B63C995FC7B434C0543382D63BF93FC974635D04631AA63C4B7FC9B47251147307F63B719FC81478B9B47966E63C8B0FC6547ECF447E5A363BB3BFCB5480F5948088363BB50FC3B4865A048513663BD50FC7448AC194889D563BBF6FC5848DAEC48BCF463B998FC65",
"8 May 2026 09:05:27","MO",231709,"SBD",54,"SBD","522A64FCDD0A5B1C507E0B5093E5FD080A6E114E3B2E4E2EDBFC9C0A91A54B4DB34B66EEFCC30A499849326B491804FCF70A491B19EC",
"8 May 2026 09:05:19","MO",231709,"SBD",340,"SBD","69FDA6D23713C962F58C62BD1CFCB80A270A46C7AB46A019FCEB0A63534778C34785D4FCB60A6F6F47BF67479661FCC10A64FC4802D34818F3FCC50A64C7480BEA4801D9FCE30A6A1F4861FF4872A9FC990A747D48C09C489B7EFC9D0A769C48BA6648DAABFCAC0A813C48BEE748EA5EFCDB0A6D0648D7F148FC05FCD30A8879",
"7 May 2026 21:05:27","MO",231709,"SBD",54,"SBD","52DE14FCD50A5FB050B83450CE3CFD020A721E4E31FF4E2592FC9B0A910A4B28014B4120FCC80A4F004908F548EE80FCF60A4EC719FE",
"7 May 2026 21:05:19","MO",231709,"SBD",340,"SBD","69FCFE123712EF32837B325985FCBF0A42C74692DC466DD0FCE50A692D4767E2477577FCB40A733E47B53A478C6FFCC70A6A8147FA9A4810FDFCC70A6A5748039E47F9ADFCEA0A6FB6485B31486BF6FC990A79A348BDEA4898E6FC9E0A7C3548B7E048D844FCAD0A84C348BD6B48E8EDFCDD0A729E48D6FF48FB23FCD80A8E16",
"7 May 2026 17:39:30","MO",231710,"SBD",284,"SBD","69FCCE0A36D0324D91DC4D82C463D4A7FCAB461E8246189263C98AFC7943809D436CA763BFA4FC91466B7D46675063C4BBFC9B4749744754D163B70CFC7C47A25647AD1963C8AAFC6A48000D47F8BE63BB40FCAB4822CA481BDD63BB45FC3D486B494856E363BD4DFC7748B066488E1E63BBF4FC5A48DC0848BDFD63B99CFC67",
"7 May 2026 09:05:37","MO",231709,"SBD",54,"SBD","53774FFCDC0A5F5F50D2D550E8FDFD030A715A4E151D4E0896FC9E0A8BF34AFBA34B14BAFCBF0A4FFA48DE7348C3FBFCF20A4FFF19F5",
"7 May 2026 09:05:27","MO",231709,"SBD",340,"SBD","69FC55523713E5287EA8285D1EFCC00A4B5246C45A469EDDFCF00A6A1B47733E47809BFCB30A73E847BCD947940BFCCA0A6B984800414816A6FCCD0A6B6D480B1B480151FCEA0A70D54860E44871A9FC980A7A5948BFF7489AD8FC950A7D4B48B99D48D9F3FCB00A853A48BE6348E9EAFCDD0A73C348D79B48FBB3FCD90A8F28",
"6 May 2026 21:05:39","MO",231709,"SBD",54,"SBD","53DDC7FCD50A5D2250C39050D9D7FD040A6EB54DE1874DD508FCA30A85904AC7BC4AE0BFFCBC0A4F5348B15D4896EAFCEF0A4F8919F5",
"6 May 2026 21:05:27","MO",231709,"SBD",340,"SBD","69FBAC9237134631FC7A31D39AFCB50A422246E3A146BE2FFCEC0A69864778BF4785FBFCB00A736647C17A4798BCFCC20A6B0F480450481ACFFCC70A6AE348100F480663FCE20A705248637B487450FCA70A797E48C0BA489B9CFC9C0A7CC048BA5048DAABFCB20A849148BED148EA4DFCD90A733B48D7E348FBFCFCD70A8E96",
"6 May 2026 17:39:31","MO",231710,"SBD",284,"SBD","69FB7C8A36D0584D39694D2A4163D4A2FCA1457FCD4578DC63C971FC7B437B804367F863BF9DFC914665D646620963C4C2FC9B474100474CC263B718FC8147987747A38263C8B2FC6A47F58447EE6463BB36FCB14816E548102A63BB4CFC3C48668D48523363BD54FC6B48AC7E488A4763BBF1FC5B48DAC148BCCE63B99DFC61",
"6 May 2026 09:05:35","MO",231709,"SBD",54,"SBD","53F8D5FCD10A60B2508E5950A495FD060A71F24DA2EE4D966BFCA00A85014A92B34AABBCFCB90A548848846A4869E7FCEC0A54E619F5",
"6 May 2026 09:05:23","MO",231709,"SBD",340,"SBD","69FB03D237133C2F375F2F0F84FCB80A499846C3BB469DE9FCEB0A6EFA4775794782C7FCB40A774447BC46479384FCBF0A706C47FF1D48157DFCCC0A703348099047FFD1FCE20A75B5486081487143FCA40A7EA548BFBA489AAAFC9E0A822248B99148D9EDFCB20A882648BE4048E9C6FCDA0A78A248D78C48FBB2FCD50A93FD",
"5 May 2026 21:05:40","MO",231709,"SBD",54,"SBD","53C398FCD60A5C70504201505836FD0C0A6D3B4D615D4D54EBFCA60A7DFB4A5E814A778EFCC90A51D848583E483DC5FCF40A524A19F5",
"5 May 2026 21:05:30","MO",231709,"SBD",340,"SBD","69FA5B123711AA2C42B22C1E10FCB80A4A7446702D4649ADFCF00A6C724765F3477370FCBC0A74CE47AE9B4785B4FCCA0A6D9147F3774809ACFCC90A6D5247FA1947F020FCDE0A72DC4855D6486692FC9B0A7B8F48BB84489680FCA40A7F3648B61B48D68EFCAE0A859B48BC0D48E797FCDD0A75B548D64A48FA6FFCD80A9100",
"5 May 2026 17:39:39","MO",231710,"SBD",284,"SBD","69FA2B0A36D1E84CDD8C4CCEE363D495FCA8452609451F1D63C96BFC814354FE43411063BF98FC8F46369F46327263C4B4FCA24718574723B463B715FC7F477A9647854D63C8A6FC6E47DC6247D51663BB30FCAF47F8AD47F1D763BB4EFC42485B594846F763BD52FC7F48A103487EBD63BBFFFC5248D78148B97A63B990FC5F",
"5 May 2026 09:05:36","MO",231709,"SBD",54,"SBD","535B4CFCE10A4C174FEFF35005FFFD0B0A5C404D1F4C4D12FDFC9C0A6DC14A2A1A4A4339FCC50A42F9482BEB481172FCF10A438019FE",
"5 May 2026 09:05:29","MO",231709,"SBD",340,"SBD","69F9B2523711CB2EA1502E7A3CFCC30A3A3546D23B46AC4FFCF30A5D2C4778774785CEFCB70A69DD47BDE9479520FCC50A5E7947FFD9481631FCCE0A5E4348093347FF66FCE80A63C34860024870C7FC9B0A6C5248BFE1489AC5FC9B0A701248B97048D9C8FCB00A7ADC48BE2748E9AEFCE10A66A648D78248FB9DFCDC0A81B4",
"4 May 2026 21:05:31","MO",231709,"SBD",54,"SBD","52F5C3FCD50A4F024FA7484FBD51FD070A5E874CE4114CD7C8FC9A0A6F0449F8AE4A11B1FCC00A46F948010847E6A1FCF30A479319F5",
"4 May 2026 21:05:22","MO",231709,"SBD",340,"SBD","69F9099237119744D77644A148FCC30A4E2547121746ED4EFCE70A60F0478160478E8AFCB10A6C9747C9C747A133FCBB0A6267480B66482215FCCA0A623248180F480E5DFCE00A67BC48674948781DFC9B0A704448C1BD489C9CFC9A0A740748BB5848DBA6FCAB0A7DA948BFB048EB2BFCDE0A6AAB48D86F48FC83FCD40A85BA",
"4 May 2026 17:39:42","MO",231710,"SBD",284,"SBD","69F8D98A36D2154D44064D34ED63D49BFCAD4569374562C763C979FC7E436D6E43595163BF96FC8F465CDA46587163C4B9FC99473DAD4748FC63B715FC7747971F47A1D263C8A7FC6847F92D47F1CF63BB3EFCB1481E7048177963BB4DFC3148697C48551B63BD55FC7448AD05488AB663BBF7FC6348DBA148BD9D63B997FC55",
"4 May 2026 09:05:38","MO",231709,"SBD",54,"SBD","52A208FCD90A4DAC4F67F74F7DFBFD080A5C734CADD34CA192FC9D0A6C2A49CA0249E2F4FCBF0A469E47D79A47BD32FCF40A474119F5",
"4 May 2026 09:05:29","MO",231709,"SBD",340,"SBD","69F860D2371281717EBD7159D6FCBE09F4F846C377469CC1FCE80A60B247757E4782ACFCB80A6BFE47BCA5479393FCC20A61E947FF1F48154DFCC40A61A44808CA47FEADFCE40A673A485F4B486FF3FC9B0A6FB248BF55489A2EFC9E0A737248B90E48D95EFCAB0A7D1648BE2F48E9A8FCDC0A6A1C48D77448FB88FCD00A8520",
"3 May 2026 21:05:42","MO",231709,"SBD",54,"SBD","525E3AFCD70A48E34F2D544F434EFD070A56E34C7A904C6E5EFC9E0A65B4499D9B49B696FCC30A42C047AF9D47952FFCF70A436519F5",
"3 May 2026 21:05:31","MO",231709,"SBD",340,"SBD","69F7B8123712A078F8FB78C0AAFCBA09A4B546C371469DD3FCE50A5CF34775A0478303FCB30A692C47BC0E479340FCCA0A5E0647FE554814B6FCCB0A5DCA48092547FF59FCEB0A635E48602A4870F4FC9E0A6BD248BFF1489AD1FC9D0A6F9348B96848D9CEFCAE0A7A6B48BE4548E9C8FCE10A664448D78548FBA8FCD40A812E",
"3 May 2026 17:39:41","MO",231710,"SBD",284,"SBD","69F7880A36D6144CF4644CE52B63D498FCA745574B45515A63C972FC7A43169C4302BA63BF91FC9846224A461E1E63C4B2FC9B471148471CAD63B713FC7447795347842363C8A8FC6247DEEB47D7A063BB3EFCAA48003847F94D63BB4AFC3C485FFB484B9663BD5AFC7D48A5CC48838763BBF4FC5E48D92648BB2863B99EFC61",
"3 May 2026 09:05:33","MO",231709,"SBD",54,"SBD","521BA2FCD80A46C14EF25B4F0839FD0A0A53F64C47FC4C3BBFFC9F0A612A497184498A6CFCCA0A417D478756476CF0FCF80A422219F5",
"3 May 2026 09:05:24","MO",231709,"SBD",340,"SBD","69F70F523712AF7320A972E79BFCB809B6EB46EC6F46C5E4FCF40A5B7D477F6D478C98FCB30A683747C331479A6DFCC60A5CA44804C1481B09FCC80A5C624810824806A2FCE50A61F94864F34875AAFC9C0A6A6D48C1A9489C8DFC970A6E2148BB0B48DB53FCA80A79A448BF3D48EAB8FCDF0A64E148D82D48FC3FFCD80A7FBD",
"2 May 2026 21:05:43","MO",231709,"SBD",54,"SBD","51D575FCD30A4ACA4EB8A44ECE73FD050A57344C17554C0B2EFC9C0A6207494643495F2EFCC20A464D475F274744BBFCF60A46F719EC",
"2 May 2026 21:05:32","MO",231709,"SBD",340,"SBD","69F6669237127A68349267FA2FFCBA09D6AF46F56A46CE9FFCE90A60394781B2478ED7FCAF0A6BAA47C48D479BB3FCBF0A615D4805DB481C24FCC50A61234811C24807E4FCDD0A66BC4865B4487668FC9C0A6F3548C1C6489CA5FC990A72E348BB4648DB8EFCAF0A7D4348BF6448EAD4FCD70A69A948D84248FC63FCD50A8482",
"2 May 2026 17:39:44","MO",231710,"SBD",284,"SBD","69F6368A36D3424C5B2D4C4C9D63D48FFCAB45031244FC6E63C960FC7C432E6B431ABB63BF98FC90464B2146472F63C4BAFCA5473142473CDA63B717FC7B478E194798F963C8B1FC6347EE1E47E6E463BB45FCAE481215480B4263BB4CFC3F4865F348518E63BD57FC7248AC0F4889DC63BBF1FC5B48DB0948BD0163B99FFC61",
"2 May 2026 09:06:26","MO",231709,"SBD",54,"SBD","51900EFCDD0A506D4E81844E973FFD090A5BFC4BE88C4BDC61FC9C0A644C491B5949342CFCC00A4CA0473673471C05FCFA0A4D4819FE",
"2 May 2026 09:06:19","MO",231709,"SBD",340,"SBD","69F5BDD23713025C911C5C575CFCB509FC8B46FB7146D560FCEB0A6680478030478D5AFCB20A702447C482479BADFCC20A67A2480603481C6FFCCA0A6770481314480953FCEA0A6D164865C348768CFC9A0A758B48C17C489C54FCA30A793E48BB0448DB4CFCAB0A81F348BF4C48EAB8FCE00A700448D82E48FC40FCD70A8ADB",
"1 May 2026 21:05:36","MO",231709,"SBD",54,"SBD","514DEFFCD90A4FC44E4D944E6343FD040A5A6E4BBB934BAF61FC9E0A60D048F0124908E9FCC70A4CA0470CF946F289FCFB0A4D4419F5",
"1 May 2026 21:05:26","MO",231709,"SBD",340,"SBD","69F515123711EF6CD25C6C990EFCB709CA8846A8B54682CAFCE80A665B477142477EABFCBA0A6F8C47B627478D5CFCBE0A674E47F867480EBFFCCC0A67214801EF47F824FCE50A6CC9485BA2486C72FC9B0A754348BD8D48987EFC9B0A78E648B7E048D848FCA90A819B48BD2348E8ABFCD40A6FB748D6F048FB0CFCD60A8A81",
"1 May 2026 17:39:39","MO",231710,"SBD",284,"SBD","69F4E50A36D8FE4C0DD14BFEEA63D48AFCA944C69544C06263C95CFC8242E4CE42D0E363BF8DFC9945FD7445F94163C4B2FC9C46F5C447012D63B70FFC8447680B4772D363C8AAFC6047CF0347C7B963BB3DFCAD47EEDA47E7F963BB45FC404858A648443C63BD52FC7148A00C487DBE63BBF7FC5848D74948B94763B997FC67",
"1 May 2026 09:05:38","MO",231709,"SBD",54,"SBD","510EDEFCDB0A3F094E1DDD4E3374FD090A48B94B8F3A4B8315FCA10A4EAD48C35948DC2BFCC90A3C7246E21D46C7A0FCF90A3D1519F5",
"1 May 2026 09:05:27","MO",231709,"SBD",340,"SBD","69F46C523712A8694F36691496FCB409CC9F46A2D4467C98FCEF0A5613477092477DE9FCB70A632D47B596478CBBFCBF0A56E847F775480DAFFCCC0A56C34800D747F6E1FCE30A5C5C485B1E486BDCFCA10A64BF48BD73489867FC960A686048B79C48D7FBFCB00A75B948BD0E48E891FCDC0A5F4148D6D148FAF7FCDB0A79D7",
"30 Apr 2026 21:05:47","MO",231709,"SBD",54,"SBD","50D984FCD60A2E2D4DF44A4E09DDFD0B0A36D74B63C34B579FFCA30A3D4848955248ADFFFCBE0A2C0B46B5F2469B8EFCF40A2CA319F5",
"30 Apr 2026 21:05:36","MO",231709,"SBD",340,"SBD","69F3C3923711A26562906527C1FCBC09CA8C468C06466523FCF10A457F47702E477D8CFCB40A56F247B2FD478A04FCC50A461747F4D9480B09FCC80A45F347FB9F47F18AFCDF0A4B7E4857E948689BFC9A0A53CA48BCD24897C5FC970A576548B71848D77CFCAB0A69C348BCCC48E84FFCE30A4E5F48D6AD48FAD0FCDD0A68BB",
"30 Apr 2026 17:39:41","MO",231710,"SBD",284,"SBD","69F3938A36D5D84B85404B771A63D470FCAB446F4944693A63C951FC7642F3EC42E01A63BF95FC964612AF460E8D63C4AFFCA5470274470DE763B712FC7D476E024778CD63C8ABFC6347D24647CB0263BB3FFCB247F1AF47EAD163BB48FC3B485A324845C463BD43FC7848A183487F4263BBF1FC6248D7F248B9EA63B99CFC5E",
"30 Apr 2026 09:05:44","MO",231709,"SBD",54,"SBD","50B3F5FCDC0A21834DD0774DE609FD090A29324B37FA4B2BD7FCA20A309F486571487E2CFCC20A1FC64688DC466E6EFCF20A206019F5",
"30 Apr 2026 09:05:34","MO",231709,"SBD",340,"SBD","69F31AD237111367D02267954EFCBD09BE8946B1FE468C24FCE60A393A4775814782E8FCB70A4E0C47B862478F93FCBE0A39CA47F975480FC0FCCE0A39AC48027247F882FCE40A3F29485C4B486D13FC9C0A476748BEC04899B4FC9F0A4AFD48B85D48D8D0FCAB0A614448BD9D48E91FFCDB0A420148D72848FB4CFCDC0A5C31",
"29 Apr 2026 21:05:45","MO",231709,"SBD",54,"SBD","509EC7FCD80A187E4DB0354DC5C5FD0A0A1F314B0A304AFE16FCA40A27B74833EB484C8FFCC00A1712465B3B4640D7FCF70A17A919EC",
"29 Apr 2026 21:05:36","MO",231709,"SBD",340,"SBD","69F272123710856FE23E6FA9E0FCB509A19946D46C46AFB2FCEF0A3070477B6A4788E9FCB10A47D847BDC247950CFCC20A30E547FEB548153EFCC50A30CC4809BB480027FCE40A363E486098487178FC9E0A3E6F48C099489B8DFC940A41FF48B9D448DA3BFCB00A5B6748BE8E48EA12FCD90A391A48D7CD48FBE7FCDA0A5325",
"29 Apr 2026 17:39:50","MO",231710,"SBD",284,"SBD","69F2420A36CE9E4B0D094AFDC263D471FCAA440D0144069663C943FC7D43572F4343B763BFA1FC9046819F467DD863C4B9FC9B47543C475FE663B714FC7B47A12747AC3063C8B2FC6547FB8C47F46663BB3BFCAD4820F3481A4363BB4EFC40486B464856ED63BD58FC6F48B173488F3463BBF6FC5E48DC7548BE7863B99BFC61",
"29 Apr 2026 09:06:35","MO",231709,"SBD",54,"SBD","509937FCD50A1C694D8DC74DA35AFD090A22304AD7BB4ACBA8FC9E0A2B4048009C48193DFCC20A1B3D462DA9461341FCF60A1BD819FE",
"29 Apr 2026 09:05:39","MO",231709,"SBD",340,"SBD","69F1C952370F8363FE5463C445FCBB09C22D472D714707A1FCEA0A3437478CEB479A02FCB80A4B3A47CD4A47A483FCC10A34E3480CCB48234CFCC90A34D3481A664810ABFCE60A3A47486A5A487B20FC9D0A427548C40C489EE4FC930A461248BCE048DD2EFCAD0A5F3348C09048EC02FCD90A3D2C48D8FA48FD0EFCD60A5734",
"28 Apr 2026 21:05:36","MO",231709,"SBD",54,"SBD","509443FCD70A2A5A4D5FA14D753BFD0A0A2F434A9CD94A90C2FCA20A38C747CA6B47E30FFCC80A297245FF5045E4F4FCF30A2A0A19F5",
"28 Apr 2026 21:05:30","MO",231709,"SBD",340,"SBD","69F12092371184596429593EC0FCBB09EC6846CA0946A384FCF30A4282477CE1478A20FCB50A55BF47BC9C4793AFFCBF0A42EE47FCFE481336FCCA0A42ED4806B447FCB0FCE60A4868485FB9487064FCA10A509B48C066489B4AFC990A543148B9BD48DA13FCB00A6A0048BE7748E9F9FCD30A4B4748D7AA48FBC8FCD50A656C",
"28 Apr 2026 17:39:50","MO",231710,"SBD",284,"SBD","69F0F08A36D4114AD2C24AC37763D466FCA743F25443EBD263C93BFC7C430F0442FB3463BF96FC934652CD464EB863C4B2FC954737544742D163B710FC87478E7F47995563C8AFFC6847EB7747E43A63BB35FCAF480FD14808ED63BB48FC4548666D48520163BD4DFC7A48AD62488B1D63BBF2FC6448DB4748BD3663B99FFC67",
"28 Apr 2026 09:05:41","MO",231709,"SBD",54,"SBD","507C89FCD70A29C74D21D74D376CFD0D0A2DD44A5B724A4F5DFCA30A38934792F947AB81FCC40A290A45D12745B6B9FCF60A29A019FE",
"28 Apr 2026 09:05:31","MO",231709,"SBD",340,"SBD","69F077D23710AC5EC7D15E8A42FCB309F08C47099246E4A1FCF10A41E54783B947910BFCB90A556D47C57E479CE0FCC10A427448060D481CA1FCC20A427E4813A8480A13FCDF0A47F4486635487706FCA20A502348C20D489CF0FC9C0A53B848BB5148DBA5FCB00A6A3648BF7B48EAF3FCDF0A4ADF48D86248FC6FFCD90A64EE",
"27 Apr 2026 21:05:48","MO",231709,"SBD",54,"SBD","504536FCD50A2B324CD6504CEBD4FD090A2E794A174D4A0B4EFC9E0A3A70475BE1477464FCC20A2A9745A385458928FCF50A2B2519F5",
"27 Apr 2026 21:05:39","MO",231709,"SBD",340,"SBD","69EFCF1237115053008F52C0BDFCB70A097F46D33646AD79FCEA0A438C477E12478B70FCB60A56D147BD0A47943FFCBE0A43E547FD1E481385FCBF0A43F148085947FE98FCE30A49664860FE4871C4FC9D0A519448C094489B87FC9B0A552048BA0748DA63FCB10A6BE248BE9048EA0DFCDB0A4C4848D7C748FBE8FCD40A6653",
"27 Apr 2026 17:39:51","MO",231710,"SBD",284,"SBD","69EF9F0A36D2384A50974A419A63D456FCA9439FFE4399B363C931FC7B43174C43036363BF96FC974662D8465EA263C4C7FCA34742A7474E0C63B712FC844792D9479D9C63C8B5FC6647EF0A47E7C163BB38FCAE481290480BA263BB4EFC364867A448533563BD56FC7548AD79488B3363BBF7FC6148DB3548BD2A63B9A8FC69",
"27 Apr 2026 09:05:43","MO",231709,"SBD",54,"SBD","4FEBC0FCDC0A28374C83014C9879FD040A2AC949D2F349C6F8FC9B0A37CF472531473DA3FCC80A27AA457631455BD7FCF50A283B19E4",
"27 Apr 2026 09:05:36","MO",231709,"SBD",340,"SBD","69EF265237116848CCED489830FCB50A249446B8614692F4FCE90A40924778744785F3FCB50A54B647B8AC478FD9FCC00A40C947F8E1480F3EFCC30A40E148029647F8BCFCE90A464F485CE4486DB3FCA10A4E6F48BF25489A1FFC990A520048B8BA48D927FCAD0A6A1E48BDCD48E94AFCDB0A493248D75748FB73FCDD0A6328",
"26 Apr 2026 21:06:28","MO",231709,"SBD",54,"SBD","4F827CFCD70A20264C31CD4C4722FD050A221A4990DC4984E7FCA20A2FE946EF354707AAFCC40A1F9D454946452EE9FCF70A202919D2",
"26 Apr 2026 21:06:20","MO",231709,"SBD",340,"SBD","69EE7D923710B541D068419D21FCB40A3C9746903C466909FCEE0A38904776E4478443FCB00A4F2A47B37B478A6DFCC00A388447F460480A7EFCC00A389D47FA1947F004FCE30A3E054857B3486855FC980A461348BDA0489893FC980A49A048B7A748D80CFCB40A64C248BD2948E8ACFCDA0A40DE48D6F148FB19FCD30A5AB2",
"26 Apr 2026 17:39:54","MO",231710,"SBD",284,"SBD","69EE4D8A36D0BA49FC1D49ECAF63D454FCB2436ABD43647863C92CFC7D430DD042FA0163BF91FC9546556946515163C4BAFC99473341473EBF63B714FC8247887947934863C8ADFC6A47E49647DD5463BB37FCAE48072248005263BB4AFC3F486384484F1963BD4FFC7E48AAE548889C63BBF7FC5748DA9348BC8F63B999FC5E",
"26 Apr 2026 09:06:39","MO",231709,"SBD",54,"SBD","4F201CFCD50A1FB24BE6904BFBCDFD020A21254950DB4944F5FC9B0A2F2A46B9D446D23CFCC50A1F24451CC6450265FCF40A1FAF19F5",
"26 Apr 2026 09:06:29","MO",231709,"SBD",340,"SBD","69EDD4D2370E586693B56658A5FCB609CD0446FAEE46D446FCEB0A38064788AC4795E7FCB30A4F5E47C445479B69FCC40A38154803624819ADFCCB0A383A480E1D480441FCE60A3D9C4864DE4875A4FC9B0A45A548C2C0489DA3FC9C0A493048BB9748DBE8FCAE0A655F48BF9A48EB08FCDE0A407A48D86A48FC7FFCD50A5A3B",
"25 Apr 2026 21:05:44","MO",231709,"SBD",54,"SBD","4ECD24FCD90A2DBD4BA0064BB52EFD0B0A2ED04911AA4905D8FCA10A3C6B46851D469D7EFCC70A2D3B44F12B44D6D1FCFB0A2DC519F5",
"25 Apr 2026 21:05:33","MO",231709,"SBD",340,"SBD","69ED2C12370E136E042B6DC83AFCB509BF6147207C46FAEBFCE80A45B7478BBC4798F0FCB50A59E447C94947A08DFCBF0A45E048087E481EFEFCC60A4616481561480BB0FCE70A4B7E4867D148789FFC9C0A539048C33B489E15FC9B0A572248BC0D48DC60FCB50A705248BFF548EB67FCDA0A4E6B48D89448FCABFCD40A6844",
"25 Apr 2026 17:39:46","MO",231710,"SBD",284,"SBD","69ECFC0A36CCAD497A0D496B2F63D44BFCA6431422430D8863C91AFC82434182432D8D63BF9AFC9146895546852663C4C0FC9C4757A047630263B71CFC86479E1C47A8DE63C8B0FC6647F8A547F15063BB40FCAB481BEB4814F863BB4AFC3B486AE948567863BD50FC7E48AFDA488D9663BBF9FC5C48DC0B48BE0363B998FC62",
"25 Apr 2026 09:05:52","MO",231709,"SBD",54,"SBD","4E84C4FCD40A35AA4B59A14B6EB6FD0C0A366F48D1B948C5E5FCA00A43684650D5466927FCC30A352744C65744ABF8FCF60A35B519FE",
"25 Apr 2026 09:05:43","MO",231709,"SBD",340,"SBD","69EC8352370E90710D6A70D798FCC109BBAD470C2B46E646FCEA0A4DD5478921479660FCBB0A603F47C4F1479C25FCC50A4DEC480454481AC5FCCA0A4E25481128480771FCDB0A538F48663D4876FAFC9D0A5BA048C2AA489D8CFC9E0A5F3348BB9D48DBEBFCAF0A76ED48BF9748EB05FCDE0A567B48D86548FC7CFCD70A7057",
"24 Apr 2026 21:06:45","MO",231709,"SBD",54,"SBD","4E3CBEFCDE0A3FC04B0FD04B24CDFD090A404248914548857EFCA20A4C5F461D864635D9FCC10A3F41449C7844822AFCF90A3FCA19FE",
"24 Apr 2026 21:06:35","MO",231709,"SBD",54,"SBD","4E3CBEFCDE0A3FC04B0FD04B24CDFD090A404248914548857EFCA20A4C5F461D864635D9FCC10A3F41449C7844822AFCF90A3FCA19FE",
"24 Apr 2026 21:06:31","MO",231709,"SBD",340,"SBD","69EBDA92370EF06DDB3A6DA0B0FCBA09D0BD470AEF46E57AFCEE0A57FF47883A47958CFCBA0A683A47C46C479BB3FCC20A57FE4803F7481A78FCC50A584748107D4806D9FCE70A5DB448654C48761EFCA70A65C248C24A489D3EFC9D0A695A48BB4A48DBAFFCB00A7F1048BF5C48EADBFCE00A609C48D84648FC55FCDB0A7A8A",
"24 Apr 2026 17:39:57","MO",231710,"SBD",284,"SBD","69EBAA8A36CD4548D5FE48C6B663D43AFCA942D50742CEE663C915FC82432D2443194963BF96FC9346886F46845663C4BCFCA247590D47648F63B71AFC7F479D9D47A86A63C8B5FC6947F66747EF1E63BB35FCB5481B2148143963BB52FC44486A7248560A63BD50FC7848B068488E2A63BBEEFC5C48DBD348BDD063B999FC5D",
"24 Apr 2026 09:05:55","MO",231709,"SBD",54,"SBD","4DE99FFCD20A48FD4AC1824AD66BFD0B0A49414850F548452EFC9F0A545745EB684603B3FCD00A487444738044592FFCFB0A48FE19F5",
"24 Apr 2026 09:05:47","MO",231709,"SBD",340,"SBD","69EB31D2370EFA648AE264508BFCB709F0A447106746EA9CFCEC0A612E47892547965CFCAF0A6F4C47C496479BD0FCBE0A612F48041E481A95FCCD0A6183481108480761FCE50A66F44865F04876BCFC9E0A6F0448C256489D34FC960A729E48BB6948DBB4FCAD0A866048BF6648EAD2FCD60A69E348D83F48FC58FCD40A83D5",
"23 Apr 2026 21:05:54","MO",231709,"SBD",54,"SBD","4D899BFCD70A4E1A4A70B54A8585FD090A4E384811724805BDFC9C0A582C45BA3D45D280FCCA0A4D95444B094430BFFCF50A4E2019F5",
"23 Apr 2026 21:05:44","MO",231709,"SBD",340,"SBD","69EA8912370D1359D09D5996A9FCB70A13A54706E146E19CFCEE0A65E44785714792C4FCB20A72E147C14A479892FCC70A65E04800C3481752FCC40A6644480D4648039DFCDF0A6BB7486342487410FC9D0A73CA48C0F8489BE7FC9B0A775F48BA4B48DAA9FCA50A8A2C48BEAC48EA2EFCD90A6EAB48D7D748FBF1FCDA0A889D",
"23 Apr 2026 17:39:58","MO",231710,"SBD",284,"SBD","69EA590A36D1F348450B48363A63D427FCAE428BDC42859963C908FC8742FB7A42E7D863BF95FC9D465054464C6563C4BFFC99472BC847374563B716FC7D477F8F478A6963C8AAFC6947DC8447D54C63BB35FCB447FEA447F7CE63BB4CFC3A485ED7484A7463BD4BFC7B48A60C4883C763BBF9FC5648D90E48BB0563B997FC60",
"23 Apr 2026 09:05:52","MO",231709,"SBD",54,"SBD","4D20AAFCD90A48A24A212A4A35DAFD0C0A489D47D41047C860FCA60A517F4589E545A221FCC20A48184422C544087DFCF90A48A219EC",
"23 Apr 2026 09:05:47","MO",231709,"SBD",340,"SBD","69E9E052370D355E0B495DD0C0FCBE0A00BF47047F46E023FCED0A609747840B47916AFCB30A6F1B47C0CA479849FCC30A607F480060481728FCCA0A60E6480D544803EEFCEB0A66534862AB487390FCA30A6E5848C09F489B8EFC9C0A71F148B9FF48DA60FCA90A866D48BE8848EA02FCD90A694048D7BA48FBDEFCD50A831B",
"22 Apr 2026 21:05:42","MO",231709,"SBD",54,"SBD","4CBAB0FCDE0A42B949D80449EC8DFD060A4296479B09478F74FCA00A4A5C455B69457397FCC60A422C43FB4443E102FCFD0A42B119EC",
"22 Apr 2026 21:05:38","MO",231709,"SBD",340,"SBD","69E93792370D386141E9610545FCBA09F1684715ED46F13EFCED0A5A684787A8479501FCB60A6AD147C3EE479B62FCC10A5A484803164819CDFCC00A5ABA48104D4806CDFCE00A601D48647D48754FFC9E0A681A48C166489C51FC960A6BAC48BA9D48DAFEFCB40A822448BEF248EA6AFCDA0A630B48D7FA48FC17FCD30A7CC7",
"22 Apr 2026 17:39:50","MO",231710,"SBD",284,"SBD","69E9078A36CF1147E01C47D13E63D429FCAB4250DC424A4163C900FC7942EE0742DA1F63BF90FC8E464B7B46474E63C4B9FCA74727954732FE63B70DFC7F477B6847862763C8A8FC6847D7F947D0B263BB2FFCB047F83C47F15563BB4BFC3F485E0648498C63BD4DFC7E48A4C248827563BBF2FC5548D8E548BAD963B996FC64",
"22 Apr 2026 09:06:44","MO",231709,"SBD",54,"SBD","4C5DC6FCD80A407E49961049AA8AFD040A4044476607475A73FCA60A46E3452E11454637FCC00A3FE543D42743B9E3FCFA0A406E19FE",
"22 Apr 2026 09:06:31","MO",231709,"SBD",340,"SBD","69E88ED2370D06696563692AC0FCB709D3DA4707D446E1B8FCED0A58264789AE4796EBFCB60A69A847C23C479973FCC60A57EC4800EC481749FCCC0A5863480CFA48033BFCE00A5DBF4864364874FBFCA20A65B048C1DF489CD6FC9C0A694048BAF948DB59FCAD0A80CA48BF1848EA88FCDD0A60AD48D81E48FC36FCD30A7A55",
"21 Apr 2026 21:05:56","MO",231709,"SBD",54,"SBD","4C0D41FCE00A458D495AF7496F4EFD080A454B4732CE472735FC9F0A4ACA450071451894FCC10A44F843ACF44392BEFCFE0A457F19F5",
"21 Apr 2026 21:05:45","MO",231709,"SBD",340,"SBD","69E7E612370D626B98456B5CD4FCBA09D4A446F28046CCE1FCEE0A5D2D47853647928AFCB40A6DBD47BE8E4795CFFCC10A5CD147FD27481389FCCA0A5D584808F047FF2CFCE20A62B048619F487268FC9D0A6A9E48C10D489BEFFC9A0A6E3248BA1948DA7DFCAA0A84B548BE9048EA10FCD40A65A048D7C448FBDFFCDA0A7F47",
"21 Apr 2026 17:40:05","MO",231710,"SBD",284,"SBD","69E7B60A36CD31475A75474B1463D415FCAC421A2B4213C263C8FBFC7E432BF443182663BF9EFC894696DC4692D363C4C6FC9C475FF8476B7763B70EFC83479E0847A8DC63C8AEFC6D47F6AA47EF6163BB3CFCAB481D6B48169063BB48FC42486B5A4856EA63BD59FC7E48B0FA488EC263BBF8FC6048DC5B48BE5B63B9A3FC5D",
"21 Apr 2026 09:05:52","MO",231709,"SBD",54,"SBD","4BCA6CFCDC0A468B4924E0493922FD0C0A463A46FEB146F322FCA90A4AAB44D16A44E97CFCC70A45EF43856A436B34FCF00A467919F5",
"21 Apr 2026 09:05:41","MO",231709,"SBD",340,"SBD","69E73D52370D556A4BF76A0DA3FCBF09D70446CE4946A7E6FCE70A5E2347808B478DF2FCB10A6EC647B9F047910BFCC40A5D9E47F7F3480E2CFCCA0A5E2B48019047F798FCE40A6387485D12486DCAFCA10A6B6A48BF6B489A5AFC9D0A6EFD48B8C148D929FCA90A857648BDC548E949FCE60A667048D74A48FB65FCD70A800F",
"20 Apr 2026 21:05:56","MO",231709,"SBD",54,"SBD","4B9873FCD40A47D348F123490562FD020A477E46C7C046BC35FC9C0A4AFF44A0DC44B8F9FCC60A4736435DF14343C6FCFE0A47BA19EC",
"20 Apr 2026 21:05:46","MO",231709,"SBD",340,"SBD","69E69492370C2969126068D5AAFCB409DC5B46B9C64692F2FCED0A5F85477EB1478C23FCB70A707F47B5D7478D02FCC30A5EDC47F48F480ACBFCCF0A5F6F47FBD147F1D8FCE00A64C74858D148698CFC9F0A6CA448BDBE4898B4FC9D0A703248B7B548D827FCA70A869B48BD0948E887FCDF0A67AD48D6E648FB09FCD30A813F",
"20 Apr 2026 17:39:59","MO",231710,"SBD",284,"SBD","69E6648A36CD1346EEA346DF9163D407FCA841DC8F41D65763C8F0FC7C433B574327AB63BF9DFC94469A0C46961E63C4C5FC9A475DD047695063B716FC77479F6447AA5263C8B5FC6A47F6BA47EF7A63BB38FCAF481E3A48176063BB46FC3B486A2B4855C663BD55FC7D48B0F1488EB263BBF0FC5D48DC0748BE0C63B9A1FC5F",
"20 Apr 2026 09:06:48","MO",231709,"SBD",54,"SBD","4B7206FCDD0A4A7D48B9C448CDFCFD0E0A4A26468C0C468098FCA50A4CE1446F4E44875CFCBF0A49DE433719431CFBFCF60A4A6919FE",
"20 Apr 2026 09:06:38","MO",231709,"SBD",340,"SBD","69E5EBD2370C2E6B35BB6AF56EFCB609D20646C87F46A1C9FCEF0A61EC47810D478E75FCB10A72B247B799478EB9FCC10A614647F6D7480D0DFCC30A61E447FEA847F4ACFCE30A673B485A6B486B1FFCA00A6F1548BE0648990FFC9E0A72A348B80D48D878FCAE0A887A48BD4548E8C9FCDC0A6A2848D72348FB37FCD50A83B1",
"19 Apr 2026 21:05:55","MO",231709,"SBD",54,"SBD","4B4B44FCD50A49284878F7488D1FFD050A48C8464C244640B1FCA50A4ADA443E36445646FCC20A48804311C642F7A3FCF30A490719FE",
"19 Apr 2026 21:05:43","MO",231709,"SBD",340,"SBD","69E54312370BB966C3B7668B86FCB509E43B4748F4472291FCED0A601247947947A18FFCB60A716E47CDF447A511FCC50A5FB3480C18482279FCC80A605B4819F5481020FCE20A65AF486A57487B16FCA70A6D8348C3C1489E8FFC940A711648BC9A48DCD6FCAD0A875048C04B48EBB5FCDB0A68A648D8CF48FCDDFCD80A8221",
"19 Apr 2026 17:40:01","MO",231710,"SBD",284,"SBD","69E5130A36C85B4664FE4655ED63D3FEFCA141A673419FEF63C8E8FC80434EB7433B3863BFA3FC9546B22346AE3D63C4C9FC97476CF447788863B71CFC8247A60047B0FA63C8BAFC6747FD7047F63463BB3DFCA6482401481D2563BB4EFC42486CF748589363BD55FC7448B28C48905163BBF6FC5548DC7348BE7263B99AFC5D",
"19 Apr 2026 09:06:01","MO",231709,"SBD",54,"SBD","4B0DD3FCDC0A517C482A8E483EA7FD0B0A511F4609C345FE5DFC9D0A52A4440E97442694FCC60A50D242EDF042D3CBFCF10A515D19F5",
"19 Apr 2026 09:05:49","MO",231709,"SBD",340,"SBD","69E49A52370BA35E518A5E1267FCBA0A047C46FB1046D4BFFCE70A68CA4787824794C7FCB70A788A47BFAE4796CDFCC00A682547FDEC481439FCCB0A68CE4808EE47FEFAFCE50A6E234861104871CDFCA10A75F448C0BF489BADFC9F0A798448B9E148DA3CFCAF0A8D9F48BE8148E9FFFCE20A711448D7B248FBD1FCD70A8A94",
"18 Apr 2026 21:06:00","MO",231709,"SBD",54,"SBD","4AAD5BFCD80A57C047D40D47E80EFD090A576645C85145BCFDFCA20A588743E0F243F8F5FCC40A571542CBA742B18DFCF40A579C19FE",
"18 Apr 2026 21:05:49","MO",231709,"SBD",340,"SBD","69E3F192370B324EC2304E8F3EFCB50A367047073446E169FCEF0A6F0A47895447969DFCB00A7DC047C0CA4797F4FCC30A6E6247FF0548156DFCCC0A6F1B480B6D4801AAFCE20A746F4862EC4873B5FC9F0A7C3C48C157489C4CFC9A0A7FD548BA6C48DABDFCAB0A923F48BEC548EA3DFCDE0A776148D7E148FBFBFCD80A90E2",
"18 Apr 2026 17:39:57","MO",231710,"SBD",284,"SBD","69E3C18A36CAFA45EC5945DD3363D3F9FCA841727F416C3D63C8DAFC784328874314A163BF9BFCA1468EA1468A8C63C4C6FC984752D1475E4963B712FC824794E9479FB963C8B7FC6147F00B47E8B963BB35FCA6481473480D8E63BB50FC3A4867D948537863BD52FC7748AC53488A0A63BBFAFC5648DB1E48BD1F63B99FFC59",
"18 Apr 2026 09:05:59","MO",231709,"SBD",54,"SBD","4A38B3FCD90A594D477C8747906CFD000A58EE45878D457C4CFCA00A59D243B47843CC79FCC50A58A242AA6442904BFCF50A592919A7",
"18 Apr 2026 09:05:48","MO",231709,"SBD",340,"SBD","69E348D2370A47438B9D43590DFCC20A650247214D46FAF8FCEB0A7042478E47479B79FCB10A7F0247C461479B90FCC10A6F9F48023D481890FCC50A705D480EC44804E5FCE50A75AB4864D248758FFC9E0A7D7948C1F8489CD9FC9C0A810F48BAEE48DB37FCAE0A92FA48BF0248EA7EFCDF0A78A348D81348FC2BFCD10A921A",
"17 Apr 2026 21:06:02","MO",231709,"SBD",54,"SBD","49C5B4FCDA0A69D74728CC473C97FD0A0A697C454A17453EE5FCA90A6A3F438A3543A235FCC50A6928428A6B427058FCFA0A69B119F5",
"17 Apr 2026 21:05:52","MO",231709,"SBD",340,"SBD","69E2A012370B0160ECE760AC3AFCBC0A17D8470A9046E2CEFCE60A80E8478DAB479AC5FCB60A8C2D47C19E4798AEFCC60A803C47FF904815B2FCC90A80FC48092747FF30FCE70A865148617148721CFC9F0A8E2448C09B489B84FC980A91BB48BA2948DA76FCB00A9F4F48BE7E48E9FBFCDE0A894F48D7D148FBE3FCD50AA2DE",
"17 Apr 2026 17:41:33","MO",231710,"SBD",284,"SBD","69E2700A36CDF345A1D745923D63D3E7FCAA41551F414EFF63C8E1FC82432189430E2863BFA0FC9946890946855E63C4BBFC9E47491E4754DF63B715FC81478E6247997063C8B5FC6947ED9F47E67B63BB38FCAE4818BC48120F63BB53FC4148669748523263BD56FC8148AA184887E163BBF6FC5C48DB5048BD5C63B99DFC61",
"17 Apr 2026 09:06:04","MO",231709,"SBD",54,"SBD","495A9EFCDC0A695946DA8046EE39FD0B0A68FB451226450700FCA50A69BB4363D9437BD6FCC80A68A8426CBE4252BAFCFB0A692D19F5",
"17 Apr 2026 09:05:53","MO",231709,"SBD",340,"SBD","69E1F752370A8A66D51A6696B1FCB60A0182474A6F472675FCE70A8033478FF2479D44FCB50A8B5647CA6F47A22AFCC00A7FA74809DA482109FCC90A806B481911480FDEFCE20A85BF48685F48795DFC9F0A8D8F48C259489D40FC990A912B48BB7248DBC4FCB00A9E3648BF7748EADDFCDD0A88C648D85B48FC6DFCDC0AA246",
"16 Apr 2026 21:05:54","MO",231709,"SBD",54,"SBD","48F184FCDB0A65AB46911446A4BBFD0C0A655144DF3E44D432FC9C0A660C434087435882FCC10A64FC4250B04236A6FCF80A657D19FE",
"16 Apr 2026 21:05:46","MO",231709,"SBD",340,"SBD","69E14E92370A2F638A896351C2FCB80A0E8846BDEA469730FCE90A7CC2477FFD478D6EFCB90A899947B4A3478BC9FCC50A7BC347F1D448080BFCC60A7C8C47F99D47EFA1FCEC0A81DC4857EA48689EFC9D0A899948BD41489848FC980A8D2A48B73648D7A3FCB30A9AD348BCCB48E846FCDB0A84D048D6A348FAD0FCCF0A9E38",
"16 Apr 2026 17:39:58","MO",231710,"SBD",284,"SBD","69E11E8A36CC9845225F45136463D3E0FCA8411ACD41149363C8D5FC7A43020E42EE8C63BF92FCA1467D3C46795B63C4C0FC9E4743E3474F7663B71CFC8047873547921C63C8A9FC6B47E1E747DAB863BB33FCAF48067047FFBA63BB4EFC424861E5484D8863BD51FC7E48A87448863063BBF8FC6048D98F48BB9363B99EFC63",
"16 Apr 2026 09:06:05","MO",231709,"SBD",54,"SBD","4889D6FCD30A6424464D06466090FD0D0A63CC44B07944A577FCA00A6489431F4A43373BFCC60A6374423574421B71FCFD0A63FD19F5",
"16 Apr 2026 09:05:53","MO",231709,"SBD",340,"SBD","69E0A5D237094A611EAF60DEF3FCB30A0E1B474346471E88FCEE0A7ABD4791C2479F04FCB50A883747C8D547A04FFCC10A7A00480760481E35FCCB0A7ACA4815C5480C3DFCEA0A801148678D487865FCA10A87D048C2C0489DB8FCA00A8B6548BB9748DBE7FCAD0A991248BF8948EAF3FCD90A831948D85348FC6EFCDB0A9C72",
"15 Apr 2026 21:06:04","MO",231709,"SBD",54,"SBD","482C04FCDA0A6E6E4610694623E1FD090A6E14448620447B2BFCA40A6EC742FFE54317D8FCC00A6DB6421B06420101FCF50A6E3D19FE",
"15 Apr 2026 21:05:54","MO",231709,"SBD",340,"SBD","69DFFD123708B261369D60F9F2FCBC0A143646FD1E46D796FCEB0A85494787A047950EFCB40A909447BBCC47931CFCC60A847047F92C480FA3FCC30A853A48048647FAE8FCE10A8A89485EB5486F86FCA40A924148BF99489A94FC980A95D948B90848D96EFCAA0AA05F48BDC648E941FCDB0A8D8948D74848FB5FFCD90AA6E6",
"15 Apr 2026 17:40:04","MO",231710,"SBD",284,"SBD","69DFCD0A36CC5644A989449A9863D3D7FCAD40E38B40DD3863C8CFFC7E42FF8742EC0B63BF97FC934685B24681BD63C4C2FC98474BFB47579163B718FC7D478C0A4796EC63C8A5FC6347E48747DD5163BB3EFCB148094848028163BB4BFC3E486354484EF363BD59FC6F48A9D048879163BBF9FC6448D9EA48BBE263B9A3FC5E",
"15 Apr 2026 09:06:05","MO",231709,"SBD",54,"SBD","47D817FCDA0A6C4F45DA5545EDADFD070A6BF5445FA44454BBFC9F0A6CAC42E22C42FA11FCC80A6B9A42012441E71BFCF80A6C1F19FE",
"15 Apr 2026 09:05:55","MO",231709,"SBD",340,"SBD","69DF5452370849671E5066D85BFCB409FE1F471F8F46F9AAFCE80A82D3478B33479871FCAD0A8E9747C14A479878FCBA0A821047FFC4481629FCC20A82E1480D21480361FCE80A88274863184873E6FC990A8FDB48C0C8489BAEFC990A937448B9FD48DA4FFCA90A9DC648BE7548E9EBFCE20A8B2D48D7AA48FBCDFCCE0AA47B",
"14 Apr 2026 21:06:02","MO",231709,"SBD",54,"SBD","478FCCFCDB0A650A45AB0145BE4DFD0B0A64AC443CBE4431E1FCA40A656142C5A342DD83FCC90A644E41E7B141CDBEFCF90A64D219FE",
"14 Apr 2026 21:05:54","MO",231709,"SBD",340,"SBD","69DEAB9237078863D544639958FCBC0A067047233F46FD14FCE80A7B6F478D32479A6FFCB40A894447C138479874FCC50A7AB447FF8C4815EFFCC70A7B83480CBC4802F4FCE40A80C04863AE487477FC9F0A886A48C119489BFCFCA30A8BFA48BA4B48DA9DFCB00A976B48BE8C48EA0CFCE30A83C848D7CA48FBE8FCD80A9CF1",
"14 Apr 2026 17:41:50","MO",231710,"SBD",284,"SBD","69DE7B8A36CBCC44410444321863D3C7FCAA40B68440B05763C8CBFC7E42F75E42E3CB63BF91FC95468284467E8D63C4BEFC9A4747EF47537963B714FC7F4786BA47919F63C8B5FC6847DF4A47D80863BB40FCB448046C47FDA263BB49FC484861EB484D8963BD57FC7648A88B48864963BBF7FC5B48DA0548BBFC63B996FC5B",
"14 Apr 2026 09:06:02","MO",231709,"SBD",54,"SBD","474F23FCD40A5B92457FFB459335FD110A5B39441A9C440FBFFCA80A5BEC42A8E342C0C2FCC20A5AD841CDE441B3E3FCF80A5B5A19F5",
"14 Apr 2026 09:05:55","MO",231709,"SBD",340,"SBD","69DE02D23707755F64775F2667FCBC0A09A347036746DE0BFCE60A71BE4787A6479510FCB50A824C47BC46479383FCC20A70D347F9D6481044FCC40A71A548058747FBBDFCE20A76DB485ECE486FA4FC9D0A7E7148BF94489A8BFC990A820548B8EE48D94DFCA70A8F3648BDD248E949FCE30A79DF48D74948FB6CFCD30A92E6",
"13 Apr 2026 21:06:02","MO",231709,"SBD",54,"SBD","471A29FCDC0A5331455B73456EA0FD090A52D343FB7543F0A0FC9C0A5387428CE242A4BCFCBC0A527141B446419A53FCF30A52F619F5",
"13 Apr 2026 21:05:52","MO",231709,"SBD",340,"SBD","69DD5A123706CA5B4D7D5B11C0FCBE0A10BE47174C46F09EFCE90A6951478F96479CDEFCBA0A7C9947C0974797BAFCC40A685747FCDE481313FCC90A69224807A147FDA3FCE70A6E4E48617A487243FCA10A75D048C15C489C4AFC9B0A796748BA3548DA9AFCAC0A885448BE9548EA10FCE00A714C48D7C148FBDBFCD90A8A33",
"13 Apr 2026 17:40:09","MO",231710,"SBD",284,"SBD","69DD2A0A36C28F43CCDA43BDD063D3C3FCB14079C140739363C8BBFC84436A1C43567463BFA3FC9346D4E346D0E163C4C6FC95477BCF47874663B713FC8347A79F47B26B63C8AEFC6847FD8147F63E63BB40FCB348238F481CB563BB48FC39486DDA48597763BD60FC7948B2B948906F63BBF7FC5548DC8148BE7F63B99BFC63",
"13 Apr 2026 09:06:08","MO",231709,"SBD",54,"SBD","46EECBFCDB0A6137453C0A454F2DFD0F0A60D843DF0D43D441FC9B0A618842719942896CFCC40A6074419B0B41810BFCF70A60F519F5",
"13 Apr 2026 09:05:58","MO",231709,"SBD",340,"SBD","69DCB1523706605C49C15C0812FCBE0A16BA476587473EC4FCEE0A7766479C4147A946FCB70A876147CF2C47A653FCC30A769C480D4A4823B6FCC80A7767481ACF481109FCE30A7C92486BE6487C9EFC9E0A841B48C48A489F61FCA20A87B648BD2548DD67FCB00A92DE48C08348EBF2FCD80A7F9948D8F348FD02FCD70A9894",
"12 Apr 2026 21:06:01","MO",231709,"SBD",54,"SBD","46CFC7FCD80A6BE1451FA04532CEFD0A0A6B8343C19243B6CDFCA10A6C3542558A426D50FCC70A6B1F4181B84167C2FCF50A6BA219F5",
"12 Apr 2026 21:05:50","MO",231709,"SBD",340,"SBD","69DC089237071A53EC8853B600FCBD0A3510475B03473575FCEA0A81B547951D47A241FCAF0A8F0A47CA4447A192FCC20A80FE480927481FC4FCC50A81D3481776480DAFFCE40A87014868DB48799BFCA00A8E9748C2AF489D95FC960A923348BBB448DBF3FCB30A9A2248BF9048EAFAFCDD0A8A1B48D84C48FC62FCD70AA31A",
"12 Apr 2026 17:40:08","MO",231710,"SBD",284,"SBD","69DBD88A36CADB43A92D439A9263D3BFFCAA406170405B1463C8BDFC8B42E6B842D30863BF94FC944682E4467ED863C4C5FC9F4746D247524E63B711FC7A47835F478E3563C8AAFC5E47DA4447D2F663BB3CFCB247FDA647F6D063BB45FC3E485F8B484B2263BD50FC7548A6F14884AE63BBEEFC5C48D91448BB0C63B99EFC61",
"12 Apr 2026 09:06:08","MO",231709,"SBD",54,"SBD","46B7AEFCD50A675E450138451453FD0C0A66FE43A0804395BCFC9E0A67B34237F1424FBBFCCD0A669F416806414E18FCF70A672119F5",
"12 Apr 2026 09:05:57","MO",231709,"SBD",340,"SBD","69DB5FD23707645681F25645FFFCBB0A295146D99E46B2BEFCE60A7D5F4784CE479227FCB30A8C7447B585478C9FFCC50A7C5A47F10648072BFCC50A7D2747FA2E47F01EFCE50A82534858C1486975FCA10A89D748BD72489863FC9A0A8D6C48B74548D7A8FCAD0A95D848BCB548E838FCDE0A855948D69A48FAC0FCD90A9E44",
"11 Apr 2026 21:06:02","MO",231709,"SBD",54,"SBD","46A2F7FCDC0A5D4A44DF9844F2AEFD0D0A5CF3437E0143733DFC950A5DA2421A98423253FCC30A5C93414F24413539FCF90A5D1619FE",
"11 Apr 2026 21:05:51","MO",231709,"SBD",340,"SBD","69DAB71237064F56A933566C34FCB70A1F1B46CB6A46A446FCEC0A73104783644790BEFCB10A84E547B33A478A4DFCC70A71FA47EF28480552FCCB0A72C747F70247ECF5FCDF0A77EA48566E48671FFCA40A7F5F48BC8548977DFCA20A82EE48B6B148D716FCB00A8D3048BC5548E7DFFCDF0A7AEB48D67648FA99FCD80A93B1",
"11 Apr 2026 17:40:54","MO",231710,"SBD",284,"SBD","69DA870A36CBA04358FA434A3863D3B7FCAE4035F5402FB863C8B1FC8542E8E042D56B63BF99FC9A4685BE4681E463C4C5FC9D4747564752EA63B71CFC874783C2478EAE63C8A7FC6647DA0247D2C263BB3AFCB147FF0147F83A63BB41FC3E485F8D484B1E63BD60FC7F48A77E48854463BBF7FC5E48D95D48BB5C63B99EFC64",
"11 Apr 2026 09:06:02","MO",231709,"SBD",54,"SBD","4681C5FCE50A4FF244B74D44CA60FD0A0A4F9643589C434DD8FCA60A504241FD084214C1FCC60A4F334136AE411CC3FCFB0A4FB519DB",
"11 Apr 2026 09:05:58","MO",231709,"SBD",340,"SBD","69DA0E523705445296C7525B79FCBD0A1FFC46EA9746C3DCFCF10A65B94787E8479548FCB50A7AC647B78A478EACFCC10A64A147F2ED48091FFCC70A656847FC1A47F21FFCE60A6A7F485A31486AE3FC990A71E048BE54489952FC9A0A757048B7DA48D841FCA80A825348BD1548E8A0FCDB0A6D7E48D6E248FB07FCD50A8610",
"10 Apr 2026 21:06:08","MO",231709,"SBD",54,"SBD","465AADFCDD0A4899448BF8449EFDFD080A48374332CD432811FC9B0A48E741E0CA41F87BFCC70A47D5411F9A4105ACFCF90A485719FE",
"10 Apr 2026 21:06:00","MO",231709,"SBD",340,"SBD","69D965923705D6457D38454886FCB70A47BB47023946DB88FCE70A5E1B478B804798D4FCBA0A752547BA904791AAFCC00A5D1047F677480CBBFCC90A5DD848013B47F740FCE80A62E2485DD1486E8EFCA50A6A3648BFC2489AACFC990A6DC648B90748D966FCB30A7C1148BDD748E94DFCDD0A65E148D74F48FB73FCD30A7E59",
"10 Apr 2026 17:40:12","MO",231710,"SBD",284,"SBD","69D9358A36C5D743116A43029563D3B2FCAE4006AA40006663C8B6FC7A430CA342F8D163BF94FC9946A1DB469DB663C4C9FCA24757F247636B63B71FFC80478A6F47954463C8ABFC6647DECD47D79063BB32FCB648024147FB6663BB40FC40486288484E2C63BD54FC7848A92A4886E363BBF1FC5748D9BA48BBBA63B99EFC69",
"10 Apr 2026 09:06:12","MO",231709,"SBD",54,"SBD","4628D7FCDC0A44AD445A95446D90FD040A444B430BED430140FCA50A44FC41C5DC41DD95FCC20A43E441094540EF5FFCF90A446A19FE",
"10 Apr 2026 09:06:02","MO",231709,"SBD",340,"SBD","69D8BCD23705314A92D74A5C23FCBC0A39AE47099346E252FCF50A5A3D478F47479C8BFCB90A72DF47BCCF4793E4FCC90A591847F8C6480EFFFCC60A59DA48028A47F899FCE50A5EDA485ED1486F83FCA20A662448C0A2489B98FC980A69B548B9B048DA1AFCAC0A78E348BE3F48E9B7FCE10A61DD48D79A48FBBBFCD80A7A36",
"9 Apr 2026 21:06:03","MO",231709,"SBD",54,"SBD","45EC8EFCD70A4C7544275E443A44FD060A4C1742E9A142DF09FCA40A4CC741AEF241C6A9FCC40A4BB240F50640DB1DFCF30A4C3219FE",
"9 Apr 2026 21:05:54","MO",231709,"SBD",340,"SBD","69D8141237051950D201509719FCBD0A27DD474B53472556FCEF0A61C74795C047A2F2FCB30A78AF47C45B479B92FCC50A60CA4801E5481864FCC20A619148107E4806C6FCE30A668B4866CE487797FCA20A6DD948C336489E1EFC9E0A716D48BBA748DBFBFCAF0A7EC848BF7748EAE2FCDF0A699D48D83F48FC5AFCD50A81FF",
"9 Apr 2026 17:40:13","MO",231710,"SBD",284,"SBD","69D7E40A36C1A742BB0A42AC1E63D3A3FCA63FD2D33FCC9763C8A9FC8043744E43605663BF9DFC9B46EBA546E76F63C4CEFCA24785D547913E63B718FC7A47A9AD47B47863C8B0FC6E47FFF147F89E63BB3EFCB348293048224263BB50FC3D487014485BAC63BD5AFC7E48B4064891BD63BBF8FC5C48DD4448BF3463B9A1FC5D",
"9 Apr 2026 09:06:02","MO",231709,"SBD",54,"SBD","459C8EFCDB0A53DD43F351440622FD0A0A538042CB2742C090FC9C0A542C419ACB41B271FCCA0A531A40E18740C79CFCF50A539D19FE",
"9 Apr 2026 09:05:55","MO",231709,"SBD",340,"SBD","69D76B5237041345C99E4590C0FCBB0A502D47180446F102FCEE0A691B478FFE479D41FCB10A7EB747BC964793ABFCBF0A680E47F826480E5AFCC70A68CD48029A47F88AFCE80A6DD1485EF7486FA7FCA30A751848C06B489B60FCA00A78AE48B97348D9D3FCAC0A844F48BE0448E98AFCDF0A70E448D76948FB8BFCD80A8945",
"8 Apr 2026 21:06:02","MO",231709,"SBD",54,"SBD","454A62FCDD0A576943C70A43D9C2FD0D0A570842B40C42A986FCA30A57B64189DF41A189FCBE0A56A540CEDF40B4E6FCFD0A572519F5",
"8 Apr 2026 21:05:55","MO",231709,"SBD",340,"SBD","69D6C2923704F13CF2C93CC2F2FCB80A792C473048470AB7FCED0A6C93478FA8479CFCFCB30A811D47BEB24795E3FCC00A6B9A47FBC948123CFCC40A6C54480A1648004FFCE40A71524862B348737CFC9E0A789D48C139489C36FCA00A7C3148BA1248DA71FCB50A86D848BE7948E9EEFCE50A746A48D7AC48FBCEFCD80A8CC3",
"8 Apr 2026 17:40:17","MO",231710,"SBD",284,"SBD","69D6928A36C56E429C56428D6963D3A1FCAB3FB3783FAD1B63C89CFC7C430FD342FC0063BF9BFC8E46A91F46A4FB63C4C1FC96475AF447666B63B712FC7E478B044795D963C8B5FC6447DFAB47D85E63BB33FCAF48045447FD6C63BB44FC3F486370484F0563BD52FC7C48A9BA48876C63BBFBFC5F48D9F948BBF263B99FFC53",
"8 Apr 2026 09:06:10","MO",231709,"SBD",54,"SBD","44F9F1FCE00A52FD43A3D643B682FD0E0A529A42A3504298CAFCA10A5348417AEC419290FCC80A522F40BBAB40A1C3FCF80A52B219F5",
"8 Apr 2026 09:06:02","MO",231709,"SBD",340,"SBD","69D619D237026056012855C59CFCBA0A3EBE473220470B9FFCF00A683347925F479FA6FCB30A7E3047BECD4795F4FCC40A672B47FAA34810EBFCC80A67E74806E147FCFEFCE30A6CDE48616948722EFCA10A741848C13A489C28FC9E0A77AC48B9F048DA5EFCAF0A836548BE4648E9C2FCDF0A6FED48D79548FBB1FCDC0A8830",
"7 Apr 2026 21:06:16","MO",231709,"SBD",54,"SBD","44BD5FFCE00A533343904243A2CDFD040A52D0429C3E4291C1FCA00A537A416F4F4186F2FCC40A526840A8F3408EEDFCF60A52E919F5",
"7 Apr 2026 21:06:05","MO",231709,"SBD",340,"SBD","69D5711237024259FC1159C158FCBA0A3392474D1B47279FFCEC0A681E47945E47A1A9FCB80A7E2B47C340479A80FCC90A671E47FFFA481673FCC50A67D8480E654804A4FCE40A6CC9486476487551FCA20A740248C218489D01FC9A0A779848BA9448DAF6FCAB0A837348BECF48EA49FCDA0A6FE548D7DF48FBF6FCD40A8813",
"7 Apr 2026 17:40:18","MO",231710,"SBD",284,"SBD","69D5410A36BF1B425D33424E3063D3A0FCA83F73623F6D1963C89AFC7E4393AD437FCE63BF9CFC9A46F2EA46EED263C4CCFC9C47852447909B63B714FC7F47A84147B31263C8B3FC6A47FD0947F5BC63BB33FCAD4825FD481F2263BB49FC44486E074859A463BD54FC7148B2BC48908163BBF4FC5C48DCF548BEEC63B999FC60",
"7 Apr 2026 09:06:16","MO",231709,"SBD",54,"SBD","4491A5FCDA0A55944388DA439B5FFD080A5531429BAA429124FC990A55DB416499417C33FCCD0A54CB4094D4407AD7FCF60A554E19FE",
"7 Apr 2026 09:06:04","MO",231709,"SBD",340,"SBD","69D4C85237020D5E8E255E50E0FCB40A27454750BE472AEFFCF10A6A5F47958947A2C1FCBF0A800E47C45A479B93FCC30A696348013D4817ADFCC60A6A1B480F6E4805AEFCE50A6F0C4865124875E3FCA00A763A48C251489D3AFC970A79D548BACD48DB2EFCAD0A856748BEFE48EA76FCE20A722848D7F448FC0DFCDC0A8A52",
"6 Apr 2026 21:06:11","MO",231709,"SBD",54,"SBD","447D64FCE30A5DFC43908143A303FD070A5D9742A1554296C1FCA20A5E42415982417109FCC30A5D2A407EFA4064FBFCF90A5DB119FE",
"6 Apr 2026 21:06:03","MO",231709,"SBD",340,"SBD","69D41F9237041961CCFF6191C0FCC00A232A47346D471036FCEB0A72C0478AEF479868FCB70A867347BF684796C4FCC20A71C047FDD948148BFCC80A7277480C9D4802F7FCE00A776D4861094871F0FC9F0A7E9D48BFDD489ACDFC980A823848B89848D904FCA90A8C1348BDE148E963FCDB0A7A9148D76148FB82FCD90A92BA",
"6 Apr 2026 17:40:14","MO",231710,"SBD",284,"SBD","69D3EF8A36C7AD42671842583A63D3A2FCAC3F65E23F5F9863C88CFC7F4323C943102363BF98FC9946B74246B35363C4C7FC9D476007476B8763B71DFC84479122479BF763C8B6FC6547E8A347E16A63BB3DFCB248114D480A7163BB4AFC3F4865C748516263BD56FC7B48AB6448892B63BBF8FC5E48DAF148BCE863B99AFC5C",
"6 Apr 2026 09:06:02","MO",231709,"SBD",54,"SBD","448025FCDB0A57DF43A3A443B626FD010A577542A638429B98FC9D0A581F414A16416197FCC10A570A406563404B64FCFE0A578E19FE",
"6 Apr 2026 09:05:58","MO",231709,"SBD",340,"SBD","69D376D23703D14ECBD04EBD25FCB80A5C864731EC470B79FCF20A6C87479134479E6CFCBB0A818A47BDFA479518FCC40A6B9E47FAC648111EFCCF0A6C544808CF47FEE3FCE40A713A48627848732FFCA10A786048C0DF489BCEFCA00A7BFB48B9F848DA49FCB60A874E48BE6548E9E4FCD90A746248D7AA48FBC2FCD10A8C6C",
"5 Apr 2026 21:06:02","MO",231709,"SBD",54,"SBD","44AA14FCDF0A4F1743C17243D415FD090A4EB642A9E0429F46FCA30A4F5F413702414E74FCC80A4E4E404931402F31FCF50A4ED219FE",
"5 Apr 2026 21:05:59","MO",231709,"SBD",340,"SBD","69D2CE123702835A180359DD76FCB50A44AD47376E471093FCF20A637A47936347A099FCB90A7AD047BF2B479638FCBF0A627F47FB8A4811B9FCC70A63344808D747FECDFCE90A680E4862D6487383FC9D0A6F2748C19A489C71FC9D0A72BB48BA5448DAA6FCAE0A806B48BE9A48EA1FFCE10A6B3348D7CA48FBE3FCD50A831F",
"5 Apr 2026 17:40:15","MO",231710,"SBD",284,"SBD","69D29E0A36C2A842560842471863D3AAFCAC3F2E143F27D763C895FC8043276643138563BF9CFC9446C0CA46BCAC63C4CFFC9A4765D847714463B717FC7E478EA047996D63C8A6FC5E47E39247DC4863BB3DFCAF4809C64802E663BB44FC384865E148517C63BD53FC7A48AB294888EF63BBF8FC5F48DAB848BCB663B99EFC58",
"5 Apr 2026 09:06:08","MO",231709,"SBD",54,"SBD","44E86DFCE00A4D9843DE8D43F131FD0E0A4D3442A766429CBDFC9E0A4DE0411F11413673FCC50A4CD04029CD400FCFFCF90A4D5419FE",
"5 Apr 2026 09:06:01","MO",231709,"SBD",340,"SBD","69D2255237017357909F577846FCB80A57874746B547201AFCF30A620F47971F47A458FCB80A7A2147C1F647991BFCC30A610247FE664814B3FCC70A61AD480C15480232FCEE0A66854865034875C1FC9A0A6D9148C2D1489DC7FC9C0A712D48BB3B48DB98FCAD0A7FD548BF2548EAA3FCE00A69AB48D82348FC3CFCDB0A8180",
"4 Apr 2026 21:06:11","MO",231709,"SBD",54,"SBD","4533BAFCE00A5ABC43F904440BC6FD0A0A5A5942A09A4295E0FC9D0A5B09410413411B71FCC80A59F94009023FEF07FCF60A5A7F19FE",
"4 Apr 2026 21:06:04","MO",231709,"SBD",340,"SBD","69D17C9237018A5774B3573A66FCBA0A4A3F478044475A6CFCEF0A6F0F479FAC47ACCBFCBB0A83BF47CE9847A5E2FCC10A6E23480D60482405FCC60A6ED0481D0A481367FCEB0A73A5486CBB487D8DFCA10A7AB948C4D9489FACFC980A7E5C48BD3048DD76FCAC0A8ABF48C09348EBFCFCDE0A76DA48D8FE48FD07FCD60A8EBE",
"4 Apr 2026 17:40:23","MO",231710,"SBD",284,"SBD","69D14C8A36BE544230AF4221AB63D3A1FCAE3EF5783EEF3163C886FC8543967043828E63BFA1FC9947042147000163C4D6FCA3479105479C7663B71BFC8047B0AC47BB7763C8AFFC644806C947FF7C63BB3BFCAF4831C7482AE563BB53FC3D4872A8485E3C63BD58FC7D48B6EC4894A363BBEEFC6248DDDA48BFDA63B9A0FC60",
"4 Apr 2026 09:06:11","MO",231709,"SBD",54,"SBD","4579BAFCD90A6B934406DE4419A6FD0E0A6B2F428F3A428471FCA30A6BE540E3FD40FB3EFCC00A6AD13FE5653FCB65FCFA0A6B5619F5",
"4 Apr 2026 09:06:00","MO",231709,"SBD",340,"SBD","69D0D3D23701D33B21873B0D46FCBC0A63A5475C6C473619FCF20A7FEA4797C747A4F7FCB90A90C447C488479BB8FCC20A7EFE4802E048194FFCCB0A7FA948124A48087AFCEB0A848A4867A4487860FCA00A8BA048C2CC489DB3FC9C0A8F4A48BB7948DBC2FCAF0A988148BF4C48EAC3FCE20A87C948D83148FC43FCDB0A9FBA",
"3 Apr 2026 21:06:09","MO",231709,"SBD",54,"SBD","45B885FCDF0A71D1440753441A2CFD0A0A7174427748426C7DFCA10A722A40C13A40D870FCC80A71163FC0A63FA6A4FCF20A719F19FE",
"3 Apr 2026 21:06:00","MO",231709,"SBD",340,"SBD","69D02B123701D83E6AED3E3C23FCBB0A689847137046ECB3FCEB0A8631478C27479973FCB10A955B47B70F478E3DFCC20A854B47F2C5480908FCC50A85F247FE8A47F4A1FCF20A8AD1485B9E486C62FCA10A91E648BDB74898B2FC9D0A958B48B79148D7F4FCAA0A9D9448BCBB48E836FCE10A8E0A48D6BF48FADAFCD90AA5FC",
"3 Apr 2026 17:40:22","MO",231710,"SBD",284,"SBD","69CFFB0A36C6764208B941F9A663D399FCAA3EAAB73EA45863C883FC7F42E7B642D3DA63BF96FCA0468BFF4687DC63C4C2FC954740C0474C3163B710FC83477514477FE263C8B1FC6247CAD947C39463BB2EFCB947EBA347E4C163BB4CFC3C48588348441B63BD55FC79489E60487C1D63BBF4FC5848D6DD48B8CF63B9A2FC59",
"3 Apr 2026 09:06:10","MO",231709,"SBD",54,"SBD","45D096FCDB0A5CF643F39D44066EFD0A0A5C96425529424A50FCA20A5D4940999540B0C9FCBE0A5C333F98FB3F7EF7FCF60A5CB819FE",
"3 Apr 2026 09:06:01","MO",231709,"SBD",340,"SBD","69CF82523700703A10CA39E1A7FCB60A567346E69246C052FCF00A7123478503479280FCB90A84DE47B0AD4787E0FCBC0A700F47EB814801BDFCC60A70BB47F4DD47EAF3FCE90A758F4853F24864B3FC9A0A7C9048BAB34895C4FC9D0A802748B4D848D564FCA80A8CCD48BB2E48E6BDFCE10A78C448D5D448F9FDFCDA0A9077",
"2 Apr 2026 21:06:09","MO",231709,"SBD",54,"SBD","45C9BDFCD40A3FA543D87D43EB4DFD080A3F3A42300C422538FC9B0A3FEF406F49408677FCCB0A3EE23F6FD73F55D7FCF80A3F6819FE",
"2 Apr 2026 21:06:02","MO",231709,"SBD",340,"SBD","69CED9923700672FEB882FC3DEFCBF0A39AA46D3E246AD07FCF10A53934785FD479370FCB60A6E1F47AFE8478711FCC50A525B47E9B747FFDCFCCA0A530247F06247E65BFCE50A57BD4851094861BFFCA50A5EA548BA1848952BFC950A623348B46048D4E7FCB20A757148BADA48E66DFCE10A5AEA48D5C748F9E7FCD50A724A",
"2 Apr 2026 17:40:19","MO",231710,"SBD",284,"SBD","69CEA98A36C2EA41CC8241BD9563D392FCB13E60993E5A5363C878FC79431E8B430AA663BF94FC9846AB1A46A6F063C4C6FCA0475123475C9263B714FC7E477D0D4787CF63C8ADFC6447CE9747C75463BB40FCAB47EF0E47E83663BB45FC41485ACE48466563BD51FC7D48A131487EEB63BBFDFC5B48D7D348B9D563B99EFC61",
"2 Apr 2026 09:06:09","MO",231709,"SBD",54,"SBD","45B339FCDD0A255443BAD243CDB5FD090A24EB4205FB41FB11FC9E0A259D4041B34058D5FCC70A248B3F44BB3F2AECFCFA0A251219F5",
"2 Apr 2026 09:06:02","MO",231709,"SBD",340,"SBD","69CE30D236FD512C7E9E2C580EFCC10A1FF1472C544705B7FCE90A390C4795ED47A345FCBB0A59B447BCFA479425FCC60A37D247F6B0480CF3FCC40A387848000D47F614FCF10A3D14485CF9486DBCFCA30A43E148C010489B16FCA00A477048B8EE48D95FFCAF0A610348BD9D48E926FCDF0A403C48D76448FB81FCE30A5752",
"1 Apr 2026 21:06:20","MO",231709,"SBD",54,"SBD","45AC64FCDC0A3ADE43A2EB43B5D0FD0F0A3A8041DF6F41D4BBFCA50A3B354014D4402BEDFCCC0A3A1D3F19E83EFFF9FCF60A3AA319F5",
"1 Apr 2026 21:06:10","MO",231709,"SBD",340,"SBD","69CD881236FC5C482B7447F7A6FCBB0A34F547D42947AE72FCF10A4E9E47B56E47C246FCB10A69BF47E42147BBA7FCC80A4DA448217348387BFCC90A4E45482FEA48267BFCE60A52E548765A488734FC9C0A59BB48C8C548A392FC9C0A5D5548C09148E0C2FCB40A737B48C31C48EE87FCDB0A562748DA8148FE82FCD10A6D5E",
"1 Apr 2026 17:40:26","MO",231710,"SBD",284,"SBD","69CD580A36B224418DBE417ECE63D38FFCA83E1C2E3E15E963C86CFC7D447AAE4466AD63BFACFC964754DF4750B263C4E0FC9D47C10E47CC6E63B71DFC7B47DD1247E7CA63C8BDFC664833DF482C7F63BB3CFCAD4856F0484FE663BB52FC4248809E486C2F63BD58FC8148C13F489EF363BBF8FC5E48E19148C38F63B999FC5D",
"1 Apr 2026 09:06:22","MO",231709,"SBD",54,"SBD","45AA84FCDA0A5F8D4385EC4398D0FD0B0A5F2F41B47C41A9C9FCA50A5FE43FE6563FFD5EFCC40A5ED13EEE223ED435FCF70A5F5719F5",
"1 Apr 2026 09:06:12","MO",231709,"SBD",340,"SBD","69CCDF5236FE005465CE542B8EFCB80A29B6478A7D4763E6FCEF0A736D47A37547B07EFCAF0A86B047CD7247A49FFCC40A7268480BB6482227FCCB0A7308481B5548119EFCE60A77BA486D18487DD3FC9A0A7E9B48C59548A073FCA00A824748BD9848DDDFFCAE0A918948C0CA48EC2EFCD80A7B0C48D90B48FD1BFCDA0A927C",
"31 Mar 2026 21:06:21","MO",231709,"SBD",54,"SBD","45A750FCDF0A747E43636443764AFD0F0A74224186D1417C18FCA10A74D63FB6593FCD4FFCC70A73C13EC2053EA81AFCF60A744919FE",
"31 Mar 2026 21:06:12","MO",231709,"SBD",340,"SBD","69CC369236FE0253981E535EB8FCBF0A35EE477230474BF5FCED0A8847479A7747A796FCB50A966547C4B1479BD8FCC00A874F4803454819AFFCCC0A87E74813C14809F1FCE30A8CA84868A7487963FC9C0A939348C38A489E70FC9A0A974548BBD948DC26FCB30AA29348BF9848EB08FCDE0A900448D84A48FC5CFCDD0AA79B",
"31 Mar 2026 17:40:34","MO",231710,"SBD",284,"SBD","69CC068A36BE604169344159C563D38FFCA93DF6B23DF06D63C85EFC7F4358644344CF63BFA3FC9746EEB946EABD63C4D1FCA0477DF147897463B717FC8047965B47A13A63C8B1FC6947E9FF47E2BF63BB3AFCAA48150A480E3663BB46FC424869404854D663BD51FC7748AF38488CF663BBF4FC5C48DB5948BD4C63B9A5FC5D",
"31 Mar 2026 09:06:11","MO",231709,"SBD",54,"SBD","458E48FCDD0A7B78433553434829FD130A7B1C4150F3414638FC9C0A7BD63F823F3F992CFCC60A7AC43E93D93E79FAFCF70A7B4919FE",
"31 Mar 2026 09:06:05","MO",231709,"SBD",340,"SBD","69CB8DD236FE5A41F3DC41BFBBFCB70A6C9B474ADC472540FCE90A8F1A47925F479FAFFCB10A9B1E47BBB84792F4FCC50A8E1E47F8BC480F3FFCCC0A8EB94808A247FEEAFCE90A937648620C4872D9FC9F0A9A6248C0B7489BA8FC950A9E1848B98A48D9EEFCAD0AA80D48BE0F48E98CFCDC0A96D948D76848FB82FCD60AAE68",
"30 Mar 2026 21:06:09","MO",231709,"SBD",54,"SBD","45714BFCD70A75DF4303F14316C8FD050A7589411894410DDBFC9F0A763F3F4C9B3F6385FCC20A752F3E65B93E4BDCFCF80A75B519F5",
"30 Mar 2026 21:06:05","MO",231709,"SBD",340,"SBD","69CAE51236FF04445AE544239DFCBE0A633646FCD446D667FCF00A897F4789AE47971AFCB90A969647B1924788C1FCC50A886447EB784801A5FCC30A890147F50F47EB12FCE40A8DBA48559E48665DFCA20A949748BC01489710FC9C0A984348B60048D677FCB40AA36548BBCE48E758FCDF0A911848D62E48FA52FCD50AA885",
"30 Mar 2026 17:40:23","MO",231710,"SBD",284,"SBD","69CAB50A36C405412CE1411DD663D386FCAE3DBE173DB7C763C85AFC7F42F81442E44063BF8EFC8D46AC3846A80A63C4CFFCA947531A475E8C63B71BFC85477BAF47868763C8ABFC6B47CCD747C59063BB3BFCBC47EFD547E8F463BB48FC42485B384846D163BD55FC7A48A29048804463BBFCFC6648D7A748B9B063B99CFC62",
"30 Mar 2026 09:06:17","MO",231709,"SBD",54,"SBD","4546D2FCDF0A679C42C92942DBF2FD0A0A674340D87440CDCBFCA60A68033F13C83F2A9DFCC60A66F03E36583E1C82FCF50A677619F5",
"30 Mar 2026 09:06:06","MO",231709,"SBD",340,"SBD","69CA3C5236FD28479254475FD7FCBA0A60D04727AE4701DCFCF00A7B0E478E6A479BD6FCB40A8A9147B640478D72FCC70A79FD47F1B248080DFCCC0A7A9247FE4947F46DFCE60A7F3C485B8C486C55FCA30A860B48BE3548993DFC9F0A89B648B78D48D803FCB00A979248BCD448E855FCE30A829C48D6C948FAE6FCD90A99DA",
"29 Mar 2026 21:06:17","MO",231709,"SBD",54,"SBD","451E88FCD80A579D428B09429DCDFD080A57414095E6408B52FCA20A57FC3EDAEA3EF1C6FCC10A56E93E081C3DEE68FCF70A57701973",
"29 Mar 2026 21:06:12","MO",231709,"SBD",340,"SBD","69C9939236FC8649A839497003FCB60A4C1446E6B446C07EFCE80A6AD047861B4793A9FCB80A7D9B47AE3547855DFCC00A699747E89447FEC7FCC90A6A3147F0BB47E6B7FCE30A6ED0485145486203FCA00A758B48B9FE489519FC9E0A793048B3FE48D48FFCAE0A8A3F48BAA948E638FCDB0A722948D59E48F9C6FCD20A8932",
"29 Mar 2026 17:40:19","MO",231710,"SBD",284,"SBD","69C9638A36BCE740A24140932963D37DFCAA3D6BD13D657E63C851FC7E4367294353A963BF9CFC9946D23446CE4A63C4D0FC9E4763DC476F6D63B70FFC814785ED4790E663C8AEFC6747DA4647D30863BB34FCAC47FFEC47F93B63BB42FC4648615A484CF463BD52FC7148A64A48841563BBF6FC5948D9CF48BBC663B9A3FC5A",
"29 Mar 2026 09:06:25","MO",231709,"SBD",54,"SBD","44E4F1FCD40A558B4243FF4256A1FD0A0A553440508F40460FFCA80A55ED3EA2023EB8C9FCBE0A54D73DD9E93DC02EFD010A555619FE",
"29 Mar 2026 09:06:13","MO",231709,"SBD",340,"SBD","69C8EAD236F9FC4CFD714CBFEAFCBD0A4127479263476CB3FCF00A68D847A24547AF65FCB70A7B7447CBC547A32FFCC40A67C4480A2A4820FDFCCC0A6858481A274810BBFCE70A6CE2486B87487C52FC9D0A739548C4D2489FAEFCA10A774748BCD848DD29FCB10A88E948C02748EBA0FCE70A704B48D8BD48FCC7FCD60A873D",
"28 Mar 2026 21:06:19","MO",231709,"SBD",54,"SBD","44AA0EFCDB0A6BB941FD7942101EFD0A0A6B634011684006F8FCA40A6C1C3E6D853E8448FCC60A6B033DAE773D94C0FCFB0A6B8B19F5",
"28 Mar 2026 21:06:08","MO",231709,"SBD",340,"SBD","69C8421236FA534E9CE14E648DFCC10A4E6B47A5FF478055FCF20A7ECE47A3F447B10EFCB40A8BCC47D00347A773FCC50A7DD3480ED74825B6FCCE0A7E66481F9F481626FCF30A82F9486D9C487E73FCA30A89B548C502489FDAFC970A8D6D48BD2348DD68FCAE0A9AB548C08148EBEFFCDC0A867648D8DD48FCE7FCD80A9D83",
"28 Mar 2026 17:40:26","MO",231710,"SBD",284,"SBD","69C8120A36B53E3FEBA03FDC8463D369FCA33D165E3D103163C840FC8344065443F27C63BFAAFC984730C6472CAB63C4D5FC9E479C2247A78863B719FC8447AD7447B84263C8AFFC5E4802C047FB7063BB3AFCB3482C1448252963BB4BFC3D4870DB485C6E63BD5BFC7B48B46048920E63BBF6FC5B48DCF948BEF963B9A3FC59",
"28 Mar 2026 09:06:11","MO",231709,"SBD",54,"SBD","445406FCDB0A74E741ABCB41BE3BFD040A74913FCD323FC2C2FCA40A75473E377E3E4E38FCC30A74363D82333D6887FCF60A74B319FE",
"28 Mar 2026 09:06:08","MO",231709,"SBD",340,"SBD","69C7995236F9A546808F46468FFCB80A70F24781C5475BC1FCF10A87F9479B2547A851FCB60A927E47C346479A90FCC00A87044801F848188DFCC20A879348127C4808DAFCE50A8C294867BB48788BFCA50A92E448C2B1489D92FC9C0A969B48BB3048DB8BFCB10AA1C048BF0448EA75FCD80A8FAF48D7F848FC13FCDA0AA6B9",
"27 Mar 2026 21:06:20","MO",231709,"SBD",54,"SBD","43F5A2FCDA0A7010415894416B00FD080A6FB93F89433F7ED5FCA90A706C3E02133E18C2FCC60A6F5A3D56C73D3D22FCFB0A6FDD19FE",
"27 Mar 2026 21:06:11","MO",231709,"SBD",340,"SBD","69C6F09236FBE04A75324A3F67FCC00A61AE473AA94713FDFCF30A82B847905D479DA0FCBC0A8D8C47B5B5478CDDFCC40A81C247F05C480695FCD20A825447FDCE47F3C6FCEB0A86E5485BF1486CA9FCA70A8D9B48BE2B489918FCA20A915348B77E48D7E3FCAE0A9CD148BCA848E82AFCDA0A8A6E48D69F48FAB8FCD80AA15D",
"27 Mar 2026 17:40:26","MO",231710,"SBD",284,"SBD","69C6C08A36C26C3FCBB93FBCCA63D363FCAD3CEB2B3CE4E263C838FC7B43057A42F22363BF96FC9846B36846AF9163C4CCFC9F475156475CEF63B712FC7B47771847820263C8AFFC6147C90347C1DE63BB31FCAA47ED2747E68063BB51FC434858494843D963BD51FC73489F19487CE663BBFDFC5B48D71948B91E63B99EFC5D",
"27 Mar 2026 09:06:19","MO",231709,"SBD",54,"SBD","4387B4FCD60A59C04102DE411520FD070A59653F43A73F3952FC9C0A5A173DCBB03DE24BFCC50A59023D2AB43D111BFCF70A598219F5",
"27 Mar 2026 09:06:09","MO",231709,"SBD",340,"SBD","69C647D236FB1E4F4B9A4F2096FCBA0A479146F27246CC77FCE80A6C654787D347955EFCBA0A7BC347ACFB47842AFCC70A6B3147E6CB47FD0DFCC40A6BC147F02A47E63EFCEB0A704248515448621AFCA20A76E148BA4D489577FCA00A7A8F48B46148D4E6FCAD0A89F148BA7E48E614FCE10A73C048D5B048F9D7FCD70A8A6A",
"26 Mar 2026 21:06:25","MO",231709,"SBD",54,"SBD","432536FCDA0A4B9140B51340C749FD0A0A4B373F030D3EF8D0FCA40A4BE93D976E3DAE0DFCC30A4AD43D00133CE679FD000A4B5619F5",
"26 Mar 2026 21:06:14","MO",231709,"SBD",340,"SBD","69C59F1236FA575536B054FC38FCBF0A2DEB474268471B74FCF50A5DEC47956447A29DFCB60A6FB847B81F478F3EFCC10A5CD047F21D480849FCC40A5D6247FD9A47F391FCE70A61CF485C6A486D24FC9F0A685C48BFAC489AA4FC9B0A6C0548B8A148D90CFCAF0A7DBF48BD6348E8E0FCE10A654F48D71E48FB2EFCDA0A7BCB",
"26 Mar 2026 17:40:31","MO",231710,"SBD",284,"SBD","69C56F0A36B9743F50933F41A363D356FCA43CA9713CA33363C827FC7F439E45438A6763BF9CFC904714C94710B163C4D3FC9A478BB047971C63B711FC81479C9647A76363C8B5FC6347F16947EA1E63BB3EFCAB481D904816A863BB46FC44486CCB48585A63BD55FC7648B169488F2263BBEFFC5D48DC6748BE6263B99AFC65",
"26 Mar 2026 09:06:27","MO",231709,"SBD",54,"SBD","42C4A4FCD50A4EDB40687C407A8CFD0B0A4E823EC2283EB7F3FC9F0A4F313D62CC3D795DFCBF0A4E1C3CD4B63CBB2EFCF80A4E9B19FE",
"26 Mar 2026 09:06:18","MO",231709,"SBD",340,"SBD","69C4F65236FB4B5BCE485B95DFFCBE0A1A8A47884447613DFCE80A60F347A00047AD09FCAE0A70F547C5A0479CB5FCBD0A5FFA48032E48195FFCC80A60834812FA480903FCE20A64ED4869284879DFFCA20A6B8048C398489E7DFC9C0A6F3248BC2248DC67FCB50A7FC048BFCE48EB41FCD60A688448D88748FC93FCD50A7EF3",
"25 Mar 2026 21:06:29","MO",231709,"SBD",54,"SBD","427366FCD30A50284022A04034A3FD050A4FCC3E85B13E7B9CFCA70A507C3D30003D468BFCC40A4F663CAAB83C9138FCF40A4FE719FE",
"25 Mar 2026 21:06:19","MO",231709,"SBD",340,"SBD","69C44D9236FAF36842D3680677FCB709FEEF46F87D46D1C0FCEB0A625A4789B347972AFCB70A71F047ACCF4783F2FCC40A612A47E69047FCD1FCC50A61B547F02747E626FCE90A66204851DD48629DFCA20A6CAA48BAEA4895F1FC9A0A705348B4F848D585FCA70A801B48BB0F48E69EFCDD0A69AD48D5E448FA0AFCD60A800C",
"25 Mar 2026 17:40:34","MO",231710,"SBD",284,"SBD","69C41D8A36C06B3EF40C3EE4DF63D347FCA93C75CC3C6F7F63C821FC834329E443162063BFA0FC9446D84546D43163C4CEFC9A47689F47740F63B717FC8447839B478E6563C8B0FC6347D46E47CD3463BB2EFCAF47FB6847F49663BB44FC41485FD3484B6863BD54FC7548A60E4883CF63BBF7FC6348D90648BB0663B99FFC5D",
"25 Mar 2026 09:06:20","MO",231709,"SBD",54,"SBD","421D5AFCDC0A411F3FDB013FECE8FD0A0A40C03E46873E3C81FCA70A41713CFBB23D1235FCCB0A40593C7FE73C6674FCFA0A40DC19F5",
"25 Mar 2026 09:06:11","MO",231709,"SBD",340,"SBD","69C3A4D236FA5B59703B592E0EFCB80A0F60471C5246F5B4FCEB0A5312478E0A479B57FCBC0A648947B1924788BAFCC30A51F047EAF9480123FCC30A527A47F68A47EC75FCE70A56D34857234867D8FCA00A5D5048BD1A489823FC980A60F748B68D48D6FDFCB10A72BE48BC4748E7D0FCD90A5A6A48D67248FA88FCD90A7090",
"24 Mar 2026 21:06:19","MO",231709,"SBD",54,"SBD","41D519FCDB0A2FF43F994A3FAB1EFD130A2F8F3E0A7F3E007AFCA50A30433CC87C3CDEF2FCCC0A2F2C3C565A3C3CE5FCFB0A2FA819B8",
"24 Mar 2026 21:06:12","MO",231709,"SBD",340,"SBD","69C2FC1236F9235E366D5DF9DFFCB609FDBB475A4D4733D9FCEF0A418E4795F447A333FCB60A55E847B8AC478FCDFCC60A407A47F456480A96FCC10A41054803B947F9C3FCEC0A454C4860EC4871A9FCA00A4BB648C12A489C15FC9C0A4F5948B9AB48DA0BFCAA0A63B848BE2C48E9A4FCDE0A48E748D78E48FBA2FCDB0A5ED7",
"24 Mar 2026 17:40:30","MO",231710,"SBD",284,"SBD","69C2CC0A36BBB43E56623E476163D344FCAD3C2C423C260C63C819FC7D4371AE435DD263BF9CFC9547006E46FC5463C4D2FC99477E1047898463B713FC7C478DDD4798A863C8A7FC6647DE9147D74763BB3CFCB348086048019563BB43FC484866124851A063BD56FC7548ABAA48896E63BBF5FC6148DAB148BCAD63B999FC64",
"24 Mar 2026 09:06:29","MO",231709,"SBD",54,"SBD","418A83FCDD0A28F43F53BA3F657DFD0D0A288F3DC92D3DBF33FCA70A29433C92EF3CA960FCC00A28283C2BD33C1264FCF90A28A919FE",
"24 Mar 2026 09:06:21","MO",231709,"SBD",340,"SBD","69C2535236F885593DBF590B0CFCC00A00B5474EE5472837FCEC0A3A8D47963847A37FFCB50A4FFD47B781478EAAFCC10A396547F1C9480803FCCA0A39F147FF8947F589FCE70A3E2C485EB8486F72FCA30A448A48C0FE489BF7FC9D0A482B48B97D48D9E7FCB20A5D6548BE0D48E998FCDD0A41C348D77848FB9CFCD50A578C",
"23 Mar 2026 21:06:22","MO",231709,"SBD",54,"SBD","414D28FCDC0A27F83F0FCB3F2182FD070A27943D88353D7E52FCA20A28403C5E463C74AAFCC30A27293C02E83BE97EFCFD0A27A619F5",
"23 Mar 2026 21:06:13","MO",231709,"SBD",340,"SBD","69C1AA9236F87A5C33385BF828FCC209FB5D476D7E47465DFCED0A394E479AE047A812FCB80A4E5747BD03479426FCC00A383947F96F480F9AFCC20A38C14807EC47FDE4FCE80A3CF64864004874AEFC980A434848C2BE489DAEFC950A46EF48BB1F48DB71FCA90A5BCC48BF0B48EA81FCE10A409448D81A48FC32FCDA0A5648",
"23 Mar 2026 17:40:35","MO",231710,"SBD",284,"SBD","69C17A8A36B9673DD9663DCA7D63D332FCA93BF2153BEBCD63C80FFC8243A15B438D6C63BFA4FC8F4719E84715CA63C4CAFC95478A7A4795E663B71DFC784795AA47A08263C8ADFC6147E98647E23363BB3DFCB1481679480F9163BB57FC42486B7448570863BD51FC7648B011488DCA63BBF8FC5448DC4E48BE4963B99BFC5E",
"23 Mar 2026 09:06:23","MO",231709,"SBD",54,"SBD","410720FCDA0A27E53EC2F43ED488FD080A27873D41E83D3807FCA30A28383C28903C3EE6FCC70A271C3BD9D13BC085FD000A279819FE",
"23 Mar 2026 09:06:13","MO",231709,"SBD",340,"SBD","69C101D236F7C656D6D6569A9EFCB909FF14478249475BDCFCED0A393C479C8147A9B8FCB50A4DAE47BFB94796EAFCC50A382847FE2448147FFCC90A38AA480F14480529FCE40A3CD648681F4878E9FC9E0A432648C45D489F49FCA40A46C948BC3548DC88FCB60A5B3248BFBD48EB39FCDD0A408548D88948FC98FCD90A5621",
"22 Mar 2026 21:06:22","MO",231709,"SBD",54,"SBD","40BFF0FCDF0A33403E730D3E849BFD090A32DE3CFDBC3CF3F9FCAA0A338F3BF5933C0BEBFCC40A32723BB3163B99C5FCFD0A32F019FE",
"22 Mar 2026 21:06:14","MO",231709,"SBD",340,"SBD","69C0591236F7455A02E459C87CFCBC0A0094478C704765BFFCED0A4493479FCE47ACEFFCBD0A562747C34D479A75FCBF0A4388480207481855FCCC0A440A4812CA4808EDFCE70A4831486A21487AE9FC9F0A4E7F48C508489FF0FC9E0A522A48BCE348DD3BFCAD0A641248C02F48EBA6FCE90A4BE848D8D148FCDEFCD60A618A",
"22 Mar 2026 17:40:34","MO",231710,"SBD",284,"SBD","69C0290A36B35C3D49B33D3ADF63D319FCB13BB9BB3BB38163C811FC7F441EA4440B6163BFB1FC92474DC14749C463C4D8FC9B47A5F047B17C63B71BFC7747B61547C11163C8AFFC64480F4448081E63BB34FCA9483D644836A363BB4AFC3C4877C848636163BD5AFC7D48BA8648984A63BBF7FC5B48DF5A48C15063B997FC5E",
"22 Mar 2026 09:06:18","MO",231709,"SBD",54,"SBD","405ADAFCDA0A43CE3E18583E29BEFD0E0A436A3CB6383CAC71FC9D0A441B3BC2793BD8C3FCC60A43033B8C363B72F1FCF80A437D19FE",
"22 Mar 2026 09:06:14","MO",231709,"SBD",340,"SBD","69BFB05236F6F647D9ED47B8E4FCBD0A2FE1479CCD4776F4FCEB0A5516479FF947AD2BFCB30A623847C734479EA0FCBA0A540F4807BE481E8AFCC50A548B481A254810A3FCE80A58B9486C9E487D73FCA20A5F1148C518489FF3FC9E0A62C248BD2048DD65FCAA0A710648C06248EBD7FCDD0A5C8848D8EF48FCFFFCDC0A7231",
"21 Mar 2026 21:06:28","MO",231709,"SBD",54,"SBD","3FEF33FCDB0A4D293DC08C3DD1D5FD070A4CD13C749B3C6AF9FCA20A4D7E3B93133BA95DFCC20A4C683B67CD3B4E8EFCFB0A4CE419F5",
"21 Mar 2026 21:06:22","MO",231709,"SBD",340,"SBD","69BF079236F84C43ACA2437C6FFCB80A37BE4760A1473AB7FCF30A5E3147946A47A1B9FCB90A688C47B655478D8BFCBC0A5D3247F2B6480927FCCA0A5DAB48035847F97AFCE80A61DB48604048710DFC9F0A683048C068489B5EFC9C0A6BE648B93048D991FCB20A779148BDD148E94BFCDB0A65B548D75348FB6FFCD50A7B5E",
"21 Mar 2026 17:40:27","MO",231710,"SBD",284,"SBD","69BED78A36BB303CDDEF3CCF2463D31AFCB13B82033B7BC463C804FC844352E9433F1E63BF9BFC9B46F12746ED0C63C4CAFCA1477247477DB163B715FC814782DF478DAF63C8A9FC6847D13647C9E863BB39FCB347F8DE47F20F63BB44FC3D485FC3484B5263BD54FC7348A62C4883E563BBF8FC5B48D8F248BAF063B9A0FC5F",
"21 Mar 2026 09:06:32","MO",231709,"SBD",54,"SBD","3F70DBFCD60A3F433D66653D7786FD080A3EE53C32AD3C2914FCA50A3F943B63F03B7A30FCCA0A3E773B433E3B2A00FCFB0A3EF419FE",
"21 Mar 2026 09:06:22","MO",231709,"SBD",340,"SBD","69BE5ED236F66847B595477F80FCBB0A494D474B044724BDFCEF0A502347930D47A05AFCAE0A5C8447B3EF478B15FCC90A4F0F47EE38480472FCC90A4F8B47FC6F47F275FCEA0A53AE485C0E486CC3FCA00A59F448BF47489A34FC9F0A5DA248B80948D877FCAD0A6ADD48BD2C48E8A1FCE40A578348D6F348FB0EFCD70A6CF8",
"20 Mar 2026 21:06:26","MO",231709,"SBD",54,"SBD","3EFEC3FCD30A32A13D18713D2981FD070A32413BF9633BEFE8FCA80A32ED3B38503B4E93FCCA0A31CF3B20C53B079BFCFF0A324819F5",
"20 Mar 2026 21:06:16","MO",231709,"SBD",340,"SBD","69BDB61236F61257AC8357752BFCB90A19954779834752DCFCF00A434E47990B47A640FCB70A519147BA0247912BFCC10A424647F71C480D61FCC50A42C14807E547FDEBFCEA0A46D04863B448746DFC9F0A4D0E48C23C489D1BFC940A50B948BA8B48DAD6FCBB0A5F4A48BE9A48EA14FCE30A4AAD48D7D948FBF1FCD70A5FF7",
"20 Mar 2026 17:40:36","MO",231710,"SBD",284,"SBD","69BD860A36B7E13C50483C415763D308FCA23B58C23B529463C7F6FC81439370437FB863BF97FC9D4709B84705A163C4D0FC9D477C0247877763B719FC7D4788AE47938363C8AFFC6147D7BF47D07863BB3DFCB048012C47FA4863BB46FC3E486294484E2263BD56FC7A48A8ED4886AB63BBFAFC6448DA2448BC1D63B9A1FC62",
"20 Mar 2026 09:06:27","MO",231709,"SBD",54,"SBD","3E8FB4FCD90A2AFA3CCED63CDFB8FD070A2A983BC01C3BB6A3FC9E0A2B463B0BEA3B220EFCC50A2A293AFD383AE412FCF60A2A9E19EC",
"20 Mar 2026 09:06:17","MO",231709,"SBD",340,"SBD","69BD0D5236F5875558B2550D55FCBA0A17B2478098475A6FFCEE0A3B804799F447A729FCB10A4AA847BA9C4791D7FCC20A3A7847F83B480EAAFCC50A3AEF4809B847FFF9FCE50A3EED48649B48756BFC9D0A452248C296489D8AFC9B0A48CD48BAD848DB38FCB00A57EC48BECB48EA44FCDC0A42D248D7F848FC16FCDA0A57EF",
"19 Mar 2026 21:06:33","MO",231709,"SBD",54,"SBD","3E3E1EFCE30A28FF3C91743CA255FD050A289D3B8CB63B8344FCA30A29453AE1913AF7BEFCCC0A28293ADB643AC244FCF80A28A319F5",
"19 Mar 2026 21:06:22","MO",231709,"SBD",340,"SBD","69BC649236F52A660FE865D743FCBF09F6CB4779804753F2FCEF0A396C4798C547A61DFCB80A484747BB4A479296FCBE0A385A47F8DD480F72FCCC0A38D148099047FFE8FCE40A3CCA48632A487406FCA00A42F548C205489CFAFC9B0A469D48BA5448DAC2FCB10A555948BE9B48EA17FCE40A40B248D7E148FBFDFCD90A55B8",
"19 Mar 2026 17:40:35","MO",231710,"SBD",284,"SBD","69BC348A36B6443BD9C23BCAC263D2FBFCAC3B29B23B237263C7F1FC7B43C98B43B5ED63BFA4FC90471EC4471ABE63C4D2FCA547869147921863B71CFC884791E2479CC363C8AFFC5F47E53D47DDF963BB3AFCB54810C64809FB63BB52FC3A4868604853FF63BD64FC7A48AD1F488AEA63BBFFFC6148DB8448BD7F63B996FC64",
"19 Mar 2026 09:06:26","MO",231709,"SBD",54,"SBD","3DEFEEFCD90A269B3C52153C62D7FD090A26323B54733B4B0EFCA40A26E03AB50C3ACB2EFCC70A25C13AB8823A9F73FCFE0A263719F5",
"19 Mar 2026 09:06:17","MO",231709,"SBD",340,"SBD","69BBBBD236F5A75F6A775F0419FCBB09F9B44780414759C2FCF20A36D5479ACE47A806FCB90A45B347BA6E4791A0FCC60A35C547F7F2480E39FCCE0A363B4808FD47FF0CFCEC0A3A2C4865164875D1FC9D0A404F48C346489E3CFC9C0A43F548BB4248DB9DFCAC0A527948BF1C48EA95FCDA0A3E1C48D82848FC3BFCDC0A5303",
"18 Mar 2026 21:06:33","MO",231709,"SBD",54,"SBD","3DB78DFCDA0A2D443C17CB3C288EFD0F0A2CD93B1ED03B158DFCA50A2D883A8A693AA086FCC90A2C683A97B43A7EA4FCF10A2CDD19F5",
"18 Mar 2026 21:06:22","MO",231709,"SBD",340,"SBD","69BB131236F45562284A61EF0FFCBF0A03274776A3475009FCF40A3D7247998747A6CAFCB10A4A5A47B870478F92FCC40A3C6747F4CE480B08FCC70A3CDE48050C47FB17FCE90A40C94862CD487395FCA00A46EE48C27F489D6DFC980A4A9448BAA048DB04FCB10A574748BEAD48EA30FCDE0A44CB48D7E948FC01FCDA0A59A8",
"18 Mar 2026 17:40:30","MO",231710,"SBD",284,"SBD","69BAE30A36B2423B54553B457963D2EEFCAF3AFD173AF6D463C7E8FC7F441D1244091F63BFABFC8B4747014742CC63C4DCFC9947A06F47ABD663B71BFC8047AB3847B60563C8ADFC6548027C47FB2963BB40FCB0483290482BA163BB49FC3D4873E3485F7063BD5EFC7948B68748943C63BBF5FC6148DE8848C07C63B9A0FC55",
"18 Mar 2026 09:06:37","MO",231709,"SBD",54,"SBD","3D755DFCD70A2FF43BD4323BE4CDFD0C0A2F8D3AE3493ADA06FCA50A303E3A5E713A7486FCC40A2F1B3A765C3A5D5AFCFA0A2F9319F5",
"18 Mar 2026 09:06:27","MO",231709,"SBD",340,"SBD","69BA6A5236F4045864C1581C8AFCBB0A1E23477138474B4CFCEF0A3FFC47979847A4E2FCBC0A4BB147B77D478EB5FCBC0A3EF047F3F2480A4DFCC90A3F6548034847F966FCE10A4352485FF94870C1FC9E0A497048C111489C0AFC9F0A4D1848B97348D9DAFCB00A589E48BE0248E984FCDA0A475848D77D48FB9DFCD40A5C26",
"17 Mar 2026 21:06:36","MO",231709,"SBD",54,"SBD","3D361CFCD50A312E3B90073BA0A6FD0F0A30C83AABB03AA276FC9E0A31713A35F13A4C0BFCC40A304E3A57B43A3EBAFCFA0A30C419FE",
"17 Mar 2026 21:06:24","MO",231709,"SBD",340,"SBD","69B9C19236F2E7541C4253E35EFCBF0A158047725F474C4FFCEC0A41214797DD47A52DFCB60A4BF847B752478E8CFCC90A401147F3DE480A35FCC70A408448041A47FA3EFCE30A446848616648723BFCA20A4A7948C1E7489CE6FCA30A4E2948B9F348DA56FCB40A58DB48BE5248E9D2FCDE0A487848D7A948FBC5FCD60A5D2D",
"17 Mar 2026 17:40:44","MO",231710,"SBD",284,"SBD","69B9918A36AEC23AD3AD3AC4DA63D2E3FCA93ADB193AD4DD63C7E8FC7A44184D44046763BFACFC934748164743FF63C4E1FC9F479A0947A57663B71FFC7D479D1447A7E463C8B3FC6E47F3C547EC7263BB38FCB7482234481B4663BB51FC3C486F77485B0063BD59FC7C48B36B48912263BC02FC5C48DD1648BF1363B99CFC64",
"17 Mar 2026 09:06:24","MO",231709,"SBD",54,"SBD","3CD85EFCE10A380E3B41F53B525EFD090A37A63A71113A67F4FCA70A38503A0D403A234BFCC60A37323A38643A1F6EFCF90A37A619F5",
"17 Mar 2026 09:06:19","MO",231709,"SBD",340,"SBD","69B918D236F2B14414C443C476FCBB0A2A3A479CBF4775FAFCEE0A47DE47A01D47AD43FCB90A50FB47C138479855FCC60A46E04800E9481733FCC80A474D48122F480838FCE90A4B28486A3A487AE8FC9B0A513B48C50A489FF8FC9C0A54F148BCD248DD13FCB60A5E0548C01348EB84FCDF0A4F4C48D8BE48FCCFFCDA0A63F9",
"16 Mar 2026 21:06:34","MO",231709,"SBD",54,"SBD","3C78C8FCDE0A45643AFA453B0A9FFD0F0A45013A3E813A3579FC9B0A45A939E89C39FEA7FCCA0A44853A1B863A0299FCF00A44FA19F5",
"16 Mar 2026 21:06:28","MO",231709,"SBD",340,"SBD","69B8701236F20D3CA8093C7985FCB80A363F47A5A2477F01FCF30A552847A0DA47ADF6FCBF0A5B0547C354479A7DFCC60A54374803A6481A01FCC70A549F4815DE480C03FCE50A587E486BB5487C7DFCA00A5E8F48C54848A023FC9C0A624648BD0F48DD4BFCAC0A68A948C02E48EB9FFCE00A5CAE48D8DD48FCE5FCD50A7158",
"16 Mar 2026 17:40:35","MO",231710,"SBD",284,"SBD","69B8400A36ACC53A69C93A5AFD63D2D7FCA63AC0E33ABAB263C7DBFC8344589D4444C763BFACFC91475DC34759A763C4E3FC9B47A56F47B0E363B71FFC7D47ABE047B6AD63C8B1FC6C48052347FDDE63BB35FCAF4832C6482BD563BB5BFC4648749F48602D63BD5BFC6E48B79448955263BBF7FC5D48DE2648C02063B99DFC61",
"16 Mar 2026 09:06:27","MO",231709,"SBD",54,"SBD","3C091DFCDB0A54383AB22D3AC260FD030A53D13A0BAE3A02A0FCA60A547639C38B39D988FCC80A535839FD9039E4A9FCFE0A53D219FE",
"16 Mar 2026 09:06:20","MO",231709,"SBD",340,"SBD","69B7C75236F18B403CB5400381FCBE0A765C479FFE477981FCF20A63D7479DC047AAEEFCB60A662447BF9D4796D2FCC70A62F047FFD6481638FCCC0A635148125C48088BFCEB0A6731486977487A30FCA40A6D4848C40B489EF2FC9A0A710648BC0948DC53FCAF0A746348BF8848EAF8FCE00A6B7548D86648FC7BFCDE0A8026",
"15 Mar 2026 21:06:40","MO",231709,"SBD",54,"SBD","3BAE8AFCDF0A559A3A78223A884FFD030A553439E18939D88EFCA90A55D639A1DB39B7DEFCC90A54B839E1A039C8BFFD000A553119F5",
"15 Mar 2026 21:06:29","MO",231709,"SBD",340,"SBD","69B71E9236F1474F36AF4F01BDFCBB0A594A4790DA476A52FCF00A651B47995647A682FCB30A664E47B911479045FCC60A643D47F816480E59FCC70A649B480A44480068FCEA0A68704864ED4875BAFCA40A6E8A48C219489CFCFC9E0A724548BA7948DAC7FCB20A74A748BE7A48E9EEFCE10A6CC548D7C648FBDAFCD90A815D",
"15 Mar 2026 17:40:41","MO",231710,"SBD",284,"SBD","69B6EE8A36B5503A253D3A168F63D2D9FCAF3A79E13A73A663C7DCFC7A43765F43626263BFA9FC9946F93F46F50A63C4D3FC97476D1F47787C63B71CFC7C47794F47841A63C8ADFC6A47C64647BEF163BB2DFCAF47E97E47E2A863BB4AFC40485A144845AB63BD56FC7A489F61487D2063BBF0FC5D48D72548B92663B9A2FC5B",
"15 Mar 2026 09:06:33","MO",231709,"SBD",54,"SBD","3B572BFCDE0A4E903A406A3A5075FD0D0A4E2D39B5A339ACA5FCAE0A4ED2397E92399488FCC50A4DAC39C43139AB5AFCFB0A4E2119F5",
"15 Mar 2026 09:06:27","MO",231709,"SBD",340,"SBD","69B675D236F1EF5249A851FCC6FCC30A66DD475FC54738D9FCEB0A5DDE47948247A1CFFCB60A5FB447B11547883CFCC20A5CEF47EB8D4801BCFCC90A5D5247F9A847EF9BFCE80A6126485ADF486B97FC9D0A673148BEB74899ABFC9B0A6AE748B7CC48D82EFCB20A6DB548BCCF48E85AFCDF0A657C48D6CF48FAEFFCE00A79EA",
"14 Mar 2026 21:06:39","MO",231709,"SBD",54,"SBD","3B1CE5FCDF0A43283A146B3A2475FD0B0A42C3398FB93986D8FCA00A4368395D9939738EFCC90A424539A888398FB2FCF30A42B819F5",
"14 Mar 2026 21:06:30","MO",231709,"SBD",340,"SBD","69B5CD1236F1AA5FEA3D5FB077FCBF0A4EDE46FE3E46D71CFCF10A5260478987479708FCB60A55BD47A492477BC5FCC30A515147DE4C47F460FCC80A51B547E74447DD40FCE70A557B484BBF485C6FFCA20A5B8048B7E14892FEFC9F0A5F2B48B25948D2EDFCB20A632148B95648E4EDFCDC0A59D248D51C48F93FFCD70A6E0F",
"14 Mar 2026 17:40:35","MO",231710,"SBD",284,"SBD","69B59D0A36B51339B48839A5E563D2D0FCB33A57893A515163C7CBFC7843C03F43AC4963BFA3FC984710B0470C9363C4D6FC9C4778DA47844963B715FC8B4786154790EB63C8A1FC6947D86047D11263BB3EFCAD4801F947FB0863BB4BFC42486217484DAA63BD52FC7048A4A048825C63BBF5FC6848D9B548BBA963B997FC5D",
"14 Mar 2026 09:06:35","MO",231709,"SBD",54,"SBD","3AE183FCDA0A2FAE39E58039F56DFD110A2F4339653F395C5CFCA60A2FE7393A3B395022FCC70A2EC3398B3939726DFCF90A2F3E19CA",
"14 Mar 2026 09:06:28","MO",231709,"SBD",340,"SBD","69B5245236F0BD5AFB6D5AB418FCBA0A4AAA478102475AC1FCEE0A3E8447978147A4C1FCB80A44EA47B545478C6BFCC40A3D8D47F252480893FCC60A3DF848034647F944FCE70A41A54860CC487180FCA30A479A48C132489C2CFC9B0A4B4548B97D48D9DBFCB00A51C948BE0148E97DFCE00A460848D77E48FBA2FCDE0A5A06",
"13 Mar 2026 21:06:34","MO",231709,"SBD",54,"SBD","3ABB61FCDE0A2A5C39BDE139CDD4FD080A29F9393F0339362AFC9D0A2A9D39189D392E7EFCC60A297C396F5B395697FCF00A29EF19FE",
"13 Mar 2026 21:06:27","MO",231709,"SBD",340,"SBD","69B47B9236F04655B2E455798BFCC20A292D47A63D477FEEFCE90A3927479DB347AAEAFCB30A405B47BDF347953CFCBF0A383747FE9B481515FCC80A389A48115E4807A0FCE60A3C3C486971487A41FCA30A422648C4B3489FA0FC9A0A45C948BC6248DCB7FCB00A4D0348BFC048EB32FCE00A40AC48D89048FC99FCD70A547F",
"13 Mar 2026 17:40:43","MO",231710,"SBD",284,"SBD","69B44B8A36AB5A394902393A5C63D2B6FCB13A45853A3F5A63C7D2FC7F444285442EB463BFB0FC9947558E47516D63C4D7FC9A479B8647A6F763B720FC844798A047A37763C8B6FC6447EE6547E71163BB3DFCB4481C914815AB63BB4FFC42486DB148594863BD50FC7548B1DD488F9A63BBF2FC5B48DC7A48BE7363B99FFC63",
"13 Mar 2026 09:06:26","MO",231709,"SBD",54,"SBD","3A8B9CFCDD0A3515398E70399E44FD0B0A34AC391234390959FCA00A355238F445390A1BFCC80A34303951883938C8FCFB0A34A419F5",
"13 Mar 2026 09:06:23","MO",231709,"SBD",340,"SBD","69B3D2D236EF764950B0490F73FCBB0A2E9747A813478139FCF10A43BF47A09E47ADBFFCB30A48BC47C001479727FCC90A42D947FFB04815E8FCC60A4337481183480792FCE90A46D6486A1D487AD3FCA40A4CBE48C513489FF3FC9E0A506C48BCB848DD0CFCAF0A55FF48BFF948EB74FCDC0A4B5648D8BE48FCC7FCD50A5F26",
"12 Mar 2026 21:06:38","MO",231709,"SBD",54,"SBD","3A6781FCD70A462C39614339710AFD0B0A45C938E94138E07EFC9F0A466C38D27B38E853FCC50A454D3935DB391D21FCF60A45C319F5",
"12 Mar 2026 21:06:30","MO",231709,"SBD",340,"SBD","69B32A1236F00F4B1C344AEAC4FCBA0A423A4787694761B0FCEE0A54E047982047A568FCBB0A560547B853478F8BFCC50A53F147F70F480D90FCC90A544E48085147FE80FCE50A57E848625048731DFCA40A5DE048C189489C84FCA70A618848B9DB48DA38FCAF0A644B48BE5348E9D7FCDE0A5C7A48D79D48FBC3FCDB0A704B",
"12 Mar 2026 17:40:44","MO",231710,"SBD",284,"SBD","69B2FA0A36AF0D38F65438E7B363D2AFFCA73A120B3A0BD063C7C6FC7F440C0643F88963BFABFC9347478347438363C4D6FC9947952547A0AC63B71EFC7F47912C479C0E63C8AEFC6847E5EB47DEAF63BB3EFCA748170248103A63BB4DFC3A486B2D4856CA63BD54FC8448B055488E2063BBF9FC6548DC0848BDFE63B99FFC62",
"12 Mar 2026 09:06:34","MO",231709,"SBD",54,"SBD","3A29DCFCDD0A47613929C7393970FD090A46FB38BB5838B29CFCA40A479C38AF4A38C50FFCC50A467A3918EC390042FCF80A46EE19DB",
"12 Mar 2026 09:06:30","MO",231709,"SBD",340,"SBD","69B2815236F09D37DE0737AF7EFCC00A3C7B478298475BFDFCEF0A55EF47967A47A3B9FCBA0A566247B25147897AFCC90A551747EF01480539FCCE0A55714800C847F6D3FCE40A590B485FEB4870AFFC9A0A5EFA48C068489B4FFC980A62A348B90648D966FCB10A64EF48BDA048E91EFCDA0A5DA848D73F48FB57FCD80A7163",
"11 Mar 2026 21:08:18","MO",231709,"SBD",54,"SBD","39F051FCDC0A393438F7E039078CFD090A38CD389459388BB5FCA20A396F388FB938A57CFCC60A384C38FE7538E5CCFCFF0A38C019F5",
"11 Mar 2026 21:08:06","MO",231709,"SBD",340,"SBD","69B1D89236EEBA3BE2D73BB503FCB60A3699478625475FACFCEB0A475A4796EC47A42FFCB70A4A0B47B26A478999FCC40A468247EEB64804FDFCC50A46D848003247F63BFCE70A4A69485F5148700FFC9C0A504648C04E489B50FC9D0A53EB48B8E948D94CFCAF0A582148BD8D48E914FCDD0A4F0D48D73B48FB55FCD60A6291",
"11 Mar 2026 17:40:43","MO",231710,"SBD",284,"SBD","69B1A88A36B26838A49D38960763D2A1FCB139F6A539F06D63C7BDFC7D43C77F43B39163BFA6FC9647257C47215463C4D5FC9D47835C478EC863B71CFC78478100478BC763C8A9FC6647CBCF47C47F63BB33FCB247F5B947EEDA63BB56FC43485FB3484B4A63BD5AFC7848A5FD4883AF63BBF7FC5C48D8FE48BAFE63B9A0FC65",
"11 Mar 2026 09:06:35","MO",231709,"SBD",54,"SBD","39A35AFCDD0A298438C17338D0FFFD090A291C386ACD386228FCA60A29C3386EA3388451FCD00A28A338E20938C969FCF90A291519F5",
"11 Mar 2026 09:06:28","MO",231709,"SBD",340,"SBD","69B12FD236EE6B378296374D0AFCB80A1259475EE3473891FCF40A379347931047A06BFCB70A3CC047AE5F478593FCC60A36B047E81947FE59FCC80A370A47F5F747EC04FCE80A3A8948574B48680CFCA00A406248BD1D489828FC9F0A43FA48B68048D6F6FCAC0A4A5248BC3448E7BFFCD60A3F2D48D67148FA96FCDA0A5274",
"10 Mar 2026 21:06:43","MO",231709,"SBD",54,"SBD","39645EFCDD0A168B38967B38A5F2FD070A161B38496E3840DAFC9F0A16BF3850103865E1FCC90A159C38C6F838AE60FCF70A160C19F5",
"10 Mar 2026 21:06:32","MO",231709,"SBD",340,"SBD","69B0871236EDA04509DA44D593FCB40A0AC84772F1474CB2FCF40A244A4795C847A30CFCB60A2CE147B11D478848FCC70A236747EC3A480282FCCA0A23C147FB7247F172FCF00A272D485B6B486C2BFCA60A2CF548BF2F489A31FCA50A308748B7F348D863FCA80A39B948BD1F48E8A9FCE20A2BDB48D70548FB1DFCDB0A3EE3",
"10 Mar 2026 17:40:46","MO",231710,"SBD",284,"SBD","69B0570A36AED7385A17384B7763D2A2FCA939DA5139D41763C7C1FC7A44095A43F56163BFABFCA04738E84734C763C4D7FC9C478A9147960063B716FC854785E54790BD63C8ACFC6D47D46147CD1063BB3DFCB94800D947F9F463BB4CFC36486438484FCC63BD4FFC7848A94448870163BBF8FC6048DAAC48BCA563B99EFC62",
"10 Mar 2026 09:06:35","MO",231709,"SBD",54,"SBD","391EAAFCDC0A0614386BEB387B4CFD0F0A05A63824E6381C4EFCA30A0643382E8138442CFCC30A052538A911389088FCF30A059219F5",
"10 Mar 2026 09:06:26","MO",231709,"SBD",340,"SBD","69AFDE5236ECFC3B119A3AE4E1FCB709F1F34777B647512FFCE90A13B447986347A5B3FCB70A1F7047B32E478A56FCC10A12C647EE10480447FCD20A132247FB7647F168FCE40A167E485BD8486C98FCA30A1C3848C023489B1EFCA20A1FC148B89548D902FCB10A2BA348BD9948E91DFCDE0A1B2F48D74648FB5CFCD90A2DF7",
"9 Mar 2026 21:06:44","MO",231709,"SBD",54,"SBD","38F92CFCDD0A0430384F4B385EBCFD0E0A03C138066D37FDE0FCA20A045C380DEF3823A1FCC60A033A388C24387383FD060A03A619EC",
"9 Mar 2026 21:06:32","MO",231709,"SBD",340,"SBD","69AF359236EB8E471CF346E920FCBC09F8F547C9F147A39CFCF00A11C747A7E747B501FCB70A1E7147C9F447A141FCC80A10E7480B1F4821C4FCC90A113D481F2B48157DFCE70A14874870F24881C3FCA40A1A3748C82A48A304FC9F0A1DC748BF1548DF4FFCB30A2AA348C19548ECFAFCDD0A194948D9B048FDBDFCE00A2BF5",
"9 Mar 2026 17:40:45","MO",231710,"SBD",284,"SBD","69AF058A36A5BC380B3337FC9E63D294FCAC39D67B39D04E63C7C8FC7E45126D44FE8363BFBCFC904785E54781C663C4E7FC9F47B32647BE9263B717FC7C47BBA047C67363C8B2FC6B48178048102063BB3EFCAC484493483D9B63BB53FC42487C444867D663BD61FC7C48BD22489AE563BBFBFC5C48E0BC48C2B263B995FC5E",
"9 Mar 2026 09:06:45","MO",231709,"SBD",54,"SBD","38D47AFCDE0A1EF9382F26383E88FD110A1E8D37E03837D79EFCA40A1F2C37E7D537FD69FCC80A1E07386B08385281FCF80A1E7819F5",
"9 Mar 2026 09:06:36","MO",231709,"SBD",340,"SBD","69AE8CD236EBDD4A5FEC4A28FFFCBE0A09B447D3EE47AD47FCF00A2CB447AC1647B90CFCBB0A34F747CE6047A599FCC50A2BD8480E93482508FCCB0A2C2248226E4818B2FCEC0A2F7148728848834DFC9A0A352B48C89C48A37DFCA50A38C248BF8948DFBFFCAA0A429148C1EB48ED54FCDB0A345448D9E848FDF9FCDA0A470A",
"8 Mar 2026 21:06:43","MO",231709,"SBD",54,"SBD","38CE87FCDA0A44283817B938271CFD0C0A43C137BCED37B465FC9E0A446137C1E437D77CFCC90A4341384ACD383252FCFB0A43B419F5",
"8 Mar 2026 21:06:33","MO",231709,"SBD",340,"SBD","69ADE41236EA764CB6464C7EAAFCBA0A41AB47DAF047B5EEFCED0A51DA47A6F647B429FCB10A538B47CCAA47A4A1FCC00A5106480E2F48258FFCCC0A514B482414481AF4FCEB0A54A4487180488272FC9F0A5A7148C71D48A207FC960A5E1248BE8C48DEDCFCB20A633048C15248ECBCFCDD0A59A548D98148FD8EFCDE0A6C80",
"8 Mar 2026 17:41:41","MO",231710,"SBD",284,"SBD","69ADB40A36A5BA37BBCF37AD3F63D28DFCA739AC6C39A62E63C7B9FC8145369345227E63BFBCFC92478C1A4787EE63C4E2FC9F47BECA47CA3063B718FC8347CD7E47D84563C8B8FC684828E748218663BB40FCAD4854A8484DA963BB57FC3A488028486BAC63BD61FC7B48C01C489DCC63BBEDFC5448E17B48C36B63B9A3FC59",
"8 Mar 2026 09:06:38","MO",231709,"SBD",54,"SBD","38BE0BFCDB0A59AD37F53E380495FD050A594F378E6F3785DFFCA80A59F137962B37ABACFCC80A58D238277F380F14FCFA0A594619F5",
"8 Mar 2026 09:06:30","MO",231709,"SBD",340,"SBD","69AD3B5236E922423F594208BDFCBD0A57D247D4E247ADFFFCF00A672247A94C47B636FCB80A654647C9ED47A125FCC80A66634809D0482040FCD00A66A2481EA54814E1FCEC0A69FF486FC7488089FCA30A6FD848C67848A158FCA20A737B48BE1348DE45FCB30A760148C0E648EC4CFCE10A6F1C48D94848FD54FCD20A8200",
"7 Mar 2026 21:06:47","MO",231709,"SBD",54,"SBD","38C1B5FCE00A64DB37D4D137E440FD050A6476376098375826FCA20A6510376AC937805CFCC80A63F33805DF37ED7DFCFB0A646519EC",
"7 Mar 2026 21:06:37","MO",231709,"SBD",340,"SBD","69AC929236EA8C417C9D414968FCBD0A634547A259477BF5FCF00A724647978447A4C3FCB90A6E2D47B1F447892DFCC40A718547F0764806C4FCCB0A71C248031747F92AFCE70A752548616B487233FCA30A7AFC48C158489C4DFC9B0A7E9E48B97448D9CEFCAC0A7F9F48BDC448E943FCE20A7A4E48D74048FB62FCDD0A8D25",
"7 Mar 2026 17:40:50","MO",231710,"SBD",284,"SBD","69AC628A36A94137638537550063D27DFCA8399C183995EF63C7C0FC814461DD444DED63BFB1FC9147594B47552F63C4D4FCA047950F47A08B63B712FC8347886047932A63C8B3FC6647D7F147D0A463BB3FFCAB4804EE47FE1363BB41FC3F48657748510E63BD59FC7C48A9E848879863BBFEFC5D48DA2348BC1F63B998FC58",
"7 Mar 2026 09:06:46","MO",231709,"SBD",54,"SBD","38ABEFFCDB0A5D3737A17837B0BEFD130A5CD737252A371CC1FCA40A5D78373AD637504DFCC80A5C5837E29D37CA4CFCFA0A5CC519F5",
"7 Mar 2026 09:06:33","MO",231709,"SBD",340,"SBD","69ABE9D236EA1E3A033639CB03FCBD0A5BFA47AF3E4788CBFCEB0A6A6047994247A67EFCBC0A67BA47B54E478C80FCCB0A69A947F5CB480C24FCC70A69DF480A3748005DFCEA0A6D3A4865E44876AAFCA40A730A48C346489E36FC950A76A748BAEF48DB51FCB10A78E948BEBC48EA32FCE20A727048D7DE48FBF1FCDE0A851B",