At (UTC),Direction,Thing,Size,Payload
22 Jul 2026 09:03:26,MO,231709,54,51E667FCDC0A3109513351514875FD020A457D5065CC505A75FC9C0AAE654F52384F6D2AFCBF0A3A6E4E95C04E7C80FCF10A38AB19E4
22 Jul 2026 09:03:17,MO,231709,340,6A60875237050C3B1D0F3AEEA5FCB30A08E246EFF946CA15FCE90A21E6473857474560FCB00A3EB247ABA4478311FCC30A26E6480AFC48218CFCC30A290E481A944810FBFCE00A2E1C4864B148757AFC990A475B48BEF84899D5FCA00A3DC148BA2148DA6CFCB00A624848BF5F48EAC1FCDE0A2F3448D82348FC44FCD20A526648D51E491BF6FCBE0A5F3D5322D25332E6FD0F0A2C8B521644522CFDFCAF0A450051D80151CDBAFC790A7E1850528E505A4BFD030A69084EA5D14E9336FCC70A38ED4BDF524BC121FCA10A52E7495245495313FCBD0A32F74766F5476397FCB10A119A46629B4672F8FCD20A14654618CD4614B7FCF60A089546206D46201CFCD10A1C53465AE2467F81FCBE0A0F3C46A30246C04AFCC10A1B425355CD538062FCBC0A16C0528683528C4BFCD40A5190524E64520DABFCCC0A6C2B52355D521206FCC20A50B9523BD0524A17FCF80A359251E0C5
21 Jul 2026 21:03:36,MO,231709,54,521CFBFCD90A3096514813515DADFCFF0A45455062E750571AFCA00AADA34F47614F624CFCBD0A399A4E8E334E74F5FCF10A371219E4
21 Jul 2026 21:03:27,MO,231709,340,6A5FDE923706575DFA9A5DBDAEFCB909BB8C467460464DD7FCEC0A20FA4718EC472672FCAD0A3E2B478AC9476208FCC00A254E47F444480A8DFCC60A27774800D847F6FDFCE60A2C734856ED4867B2FC980A45CA48BA9A489596FC950A3BFE48B66C48D6DCFCA60A61B348BCE848E865FCDE0A2D6D48D6B848FADAFCD60A508F48D3E1491AC3FCB70A5DB0519BF851AAADFD090A29A851EBF7520588FCAC0A4BA25210785205C8FC790A7BD05051E6505971FCF20A68314E9E344E8B63FCBA0A37E54BE0464BC23BFC9E0A517C494D5B494E2FFCB50A31AC476059475D0BFCAB0A0FCD465D97466DF3FCD70A12AB4615AD46118CFCE80A06F4461EC6461E5FFCCA0A1AA3465A3A467EE7FCC30A0D9B46A2FF46C049FCBA0A1994516820519325FCB90A0E70516F84517577FCD30A55EF51D73E51965DFCC70A6FCD5231C1520E4DFCBA0A5105528DAB529C7BFCF00A350F5216F7
21 Jul 2026 09:03:27,MO,231709,54,525878FCD30A3A3B5153CA51697DFD060A508E50571F504B57FC9D0AB6374F39554F543AFCBD0A49824E86894E6D54FCF50A46861947
21 Jul 2026 09:03:19,MO,231709,340,6A5F35D137067F5017174FDFC3FCBB09DA0B46E55B46C135FCE90A2F954736D54743FDFCB00A486747AD5247854AFCBC0A3454480CD54823D4FCBF0A36B9481E62481513FCE40A3BDB48665A48773AFCA00A53F148BF4F489A2EFC9B0A4B8848BA9748DAE3FCAA0A6B1C48BFAE48EB25FCD80A3CEE48D86D48FC84FCD80A603B48D575491C5DFCB50A6AFD50569450704BFD0F0A3501523D1152576AFCB20A5678524E0B5242A6FC7A0A81DD504808504F70FD000A77134E95A84E82E2FCC50A42154BE1D64BC3BBFCA40A5C844948264948F6FCB20A3D9147599D47564AFCAE0A1EFA46586B4668D2FCCD0A21E2461261460E3DFCEF0A161F461CEF461C8FFCCB0A29ED465960467E0FFCC30A1CDD46A2C846C015FCB70A28D2504B9C507633FCB80A23DF517E51518457FCD80A63D252228651E160FCC50A797E5298B852750FFCBB0A591353013F531010FCF90A3D03525260
20 Jul 2026 21:03:24,MO,231709,54,528BA6FCDA0A3ADB514D70516325FD030A51CA503F2550336EFC9F0AB77F4F280F4F42DFFCC10A4AC64E7F3F4E65FCFCF30A475B19DB
20 Jul 2026 21:03:21,MO,231709,340,6A5E8D123706A344313C43F939FCB30A07BA469B74467812FCEE0A30EF471828472617FCAF0A4955478CB3476506FCC00A354647F47A480BC4FCC40A37B148025F47F963FCE30A3CC648552A486632FC9A0A54A548B8C34893DAFC9A0A4C5F48B54E48D5E8FCAC0A6BD948BC3C48E7D3FCDD0A3DC248D67948FAA1FCD10A60FF48D3F2491AD5FCBC0A6B8B507708508BC3FD110A363652AAD652C6F5FCAD0A59D952862A5279C6FC860A7F445033DF503B33FD010A796F4E8D694E7AC8FCBE0A42604BE4034BC5CFFCA20A5CA74942D3494396FCB10A3DFE4752ED474FA2FCB10A1FAC4653674663C6FCD20A22A2460F31460B17FCEF0A16EA461B49461ADFFCCD0A2AB64658BC467D6DFCC10A1DA646A2C546C00CFCBE0A298C5026025050D9FCB70A1CA75152F9515928FCDB0A65CC5265D2522443FCC40A7BFC5338945314A4FCBE0A588E53A3C053B26AFCF70A3C7A52857A
20 Jul 2026 09:03:37,MO,231709,54,529FFEFCCE0A426D51325B51480CFD060A5B415020A65014E3FCA20ABF8C4F16F04F31D5FCC40A58694E79FF4E60D1FCEB0A54BE19DB
20 Jul 2026 09:03:27,MO,231709,340,6A5DE4523707AB49F4B949BFEDFCB609E40C46703C464A0BFCF20A3DCB4714694721E2FCB70A5186478A7D4761D9FCBF0A41EC47F447480AAAFCC00A447948036347F99AFCE50A49A04857FF4868D6FC990A605048B9C54894BEFC9C0A595548B61E48D686FCA50A733048BCA048E822FCDE0A4ABC48D69648FABAFCD60A6E1B48D3E4491AC7FCBF0A76664F58F84F7D6FFD110A3EEC53DF5053FAF1FCB20A5EDC52A0C9529341FC7A0A82FF50175A501ED2FD010A867F4E865D4E73D1FCC20A4A4D4BE6514BC827FCA80A6573493D14493DE5FCB80A47C5474BFF4748BCFCAB0A2C89464E45465EB4FCDB0A2F8D460BEE4607D6FCF10A23CA46197C461910FCD20A37BA4657EA467CA1FCC90A2AA646A29A46BFE7FCAF0A36874F11B94F3C52FCBC0A318852611C526748FCD50A758653DC7A539A6EFCC50A80F754A38D547F60FCB30A5B0E544CEB545B76FCFA0A4125529995
19 Jul 2026 21:03:44,MO,231709,54,5287E9FCD50A3A0A5104D1511A64FCFE0A52744FFC654FF0AAFC9E0AB9934F067D4F2171FCB70A4A014E76F34E5DC9FCF20A460C1958
19 Jul 2026 21:03:26,MO,231709,340,6A5D3B923707643843DD3816D7FCB309FAA64674DB464EB8FCEC0A2F484713E4472175FCB30A47B9478A0D47615FFCCB0A336747F2D1480934FCC40A35E948010147F73AFCE10A3AF34856354866F8FC9C0A52C448B9AC4894AAFC980A4A8B48B59348D5FCFCAC0A6A8D48BC7248E7EFFCD80A3C0348D66648FA8EFCD10A5F2348D3A5491A80FCBA0A69A251AF1051D681FD0C0A34CB556A4B5581D3FCAE0A49A95290D9528294FC7E0A7A1E4FF66A4FFE0BFCFB0A7B374E81894E6F1BFCBF0A40964BE9394BCB08FCA80A5A64493756493824FCBB0A3C54474548474203FCB10A1DE84649594659C7FCD40A20FC4608F84604E1FCEE0A156E4617FF46179CFCCB0A2923465771467C25FCC40A1C2846A2BB46C010FCC20A27F851BAE351E5CEFCB80A2E3255162E551C40FCD50A6BF6561D2155DAF8FCC00A72335645CD5621DCFCC30A4E4A54B49154C2E1FCFE0A3837528151
19 Jul 2026 09:03:46,MO,231709,54,524C17FCD10A367650CCC950E283FCFD0A4F654FD6214FCA62FC9E0AB8574EF7E04F12CFFCC30A43134E76544E5D2BFCF90A3EFB19DB
19 Jul 2026 09:03:31,MO,231709,340,6A5C92D23707793447BA341C9BFCBC09FCB44670AD4649E9FCEB0A282547190947265FFCB30A4360478AB74761B4FCC90A2C5C47F34148095AFCBC0A2ED147FF3E47F52FFCE60A33B94855FF4866ACFC9F0A4C1C48B9EA4894DCFC960A434248B5EA48D64DFCB30A668C48BC9E48E815FCE30A34D148D68848FAA8FCD30A57C848D3C5491A99FCB80A636855E82E560A62FD0F0A316A56AD2156BEBFFCB10A33C9525DB7524F3FFC770A77044FD4934FDC68FD050A76274E7F724E6D24FCC20A3C024BEC6E4BCE37FCA50A54D749314249320EFCB70A36C0473E5D473B21FCAE0A16B64644694654DEFCDD0A19D24605EB4601D3FCEA0A0E6946167446160BFCCB0A21FB4656E8467B9FFCC10A151246A2DC46C025FCC60A20D856AA4356D5A3FCB90A2DF7584DD958535DFCD90A5D85582EE657ED35FCCB0A652E5764BC57415DFCC20A46F054B29354C0F9FCF90A343D524544
18 Jul 2026 21:03:33,MO,231709,54,5202C0FCCD0A39CB50932F50A8C0FD040A54934FB1CA4FA637FC9B0ABDBA4EECA14F079BFCBE0A479A4E790D4E5FFDFCE90A436919DB
18 Jul 2026 21:03:26,MO,231709,340,6A5BEA1237084B3A27F539F985FCB70A19EA46A965468533FCE70A2C2B47293D4736A5FCB40A461747A0D64778AFFCC30A3091480402481AE5FCBD0A33154814E1480B7CFCE50A380F4861CD4872B6FC9D0A501448BDE04898CAFC990A47A848B96448D9C1FCAB0A695148BED048EA43FCD90A393548D7EA48FC05FCD20A5C2F48D4FE491BE7FCB30A67285A64BC5A75FDFD0B0A3665570BB4571928FCB40A29B252184F5209EEFC7A0A7AFA4FB2554FBA7BFCFC0A7ACF4E80424E6E0AFCBF0A3EF34BEFB04BD169FCA30A57BB492AE3492BA8FCB80A3A29473759473419FCB30A1AE5463F5A464FC4FCD70A1E0F4602D045FEAFFCEE0A12AF4614D4461469FCD40A264246563A467AF3FCBC0A195A46A2C546C01BFCBA0A25115B61D45B8D79FCB50A24C55A332B5A38C2FCD40A51D358FA5658B912FCC40A6113578CBB5769C0FCBA0A4876546A9C5478EBFCFA0A36E151FC1F
18 Jul 2026 09:04:27,MO,231709,54,51B3ECFCD90A3E05505750506CD4FD010A5B1B4F90724F84E4FCA20AC3E94EE65F4F015FFCBD0A4DB24E80034E66E5FCF20A497519E4
18 Jul 2026 09:03:24,MO,231709,340,6A5B4152370765588C3758520DFCB00A2EB146BA92469523FCE30A31D4473162473E83FCB00A4A7F47A537477CD5FCBD0A364F480691481D2EFCC10A38DC481676480CF3FCDF0A3DD04863214873F5FC9A0A555148BE8748996DFC970A4D6D48B9EB48DA3DFCAD0A6D0748BF1D48EA88FCDC0A3F0048D81648FC34FCD40A620448D521491BFAFCB80A6C2D5B89B35B8FF8FD080A371056D20256DF0BFCB30A2C6751CAB651BC76FC7C0A7FF14F91614F99DEFCFF0A80744E84B84E7292FCBC0A42DA4BF2E64BD49AFCA20A5BB44924264924E9FCB20A3EB6473035472CF6FCAD0A2093463A48464ABBFCD20A23D245FF9E45FB8BFCEF0A18754613214612BCFCD20A2C14465593467A49FCBE0A1F2E46A2C846C018FCB70A2ADA5C543F5C8023FCBA0A18F85A1BAC5A2138FCD70A513058BA055878D2FCC20A631757424B571F4EFCC20A4C3F5415E354243FFCF30A3A6851AD43
17 Jul 2026 21:03:32,MO,231709,54,515A68FCCD0A41485019F0502F59FD060A60F64F73614F67E6FC990AC90D4EE59F4F00ADFCBC0A53364E8B2C4E7217FCF60A4F1219E4
17 Jul 2026 21:03:25,MO,231709,340,6A5A989237081A5F62665F277AFCB50A2963469154466BABFCE80A37524720F8472E4EFCB00A4DB547990F477077FCC20A3BA647FE614814E4FCC50A3E2E480EDB480525FCE10A4332485E5D486F34FC990A5A1348BC5C489745FC940A52D648B83048D881FCAD0A700B48BE1048E98BFCD70A446948D76848FB8CFCD60A676E48D48A491B6AFCB60A709B5B2B215B3259FD0A0A396856A3D156B078FCB10A2F85516F89516181FC7F0A849A4F73874F7C67FCFE0A85724E8D244E7B18FCBB0A45F74BF5EB4BD7A0FCA80A5F09491D0E491DCDFCB70A42BB4729024725CEFCAB0A25E54635354645A7FCD00A293345FC8545F865FCEE0A1DDA46118146111AFCCF0A31804654F34679B0FCC00A249846A2C146C011FCB90A303E5BE48C5C107FFCB90A1D3559E3D359E965FCD70A5434588DD4584CA2FCC80A64A3570CC156E9E8FCC20A4ED753B4CD53C328FCFA0A3D095153CB
17 Jul 2026 09:03:34,MO,231709,54,50F4B4FCD70A3B094FDE154FF368FD000A5BDE4F5CAE4F513FFC990AC5B44EEADC4F05F1FCC40A490D4E9A5E4E8156FCF50A44DF19DB
17 Jul 2026 09:03:28,MO,231709,340,6A59EFD2370898597C1C59404CFCBB0A2C7846763A465050FCE70A2D4B4718EA472657FCB10A46844791944768D1FCC20A319147F8C1480F33FCC60A340248089147FEC4FCDE0A38E7485B09486BD2FC980A507C48BB1A489603FC960A487648B71548D767FCAD0A69B448BD5F48E8D4FCE20A3A2048D70648FB28FCD40A5CF648D436491B0FFCB70A67845B88A45B924CFD0E0A33A556793C568413FCAA0A264C51060350F886FC780A81CE4F5B6C4F64B6FCFF0A7C384E99E84E87E2FCBA0A3EEA4BF8CF4BDA6CFCA40A56E34915C4491691FCB20A3A854721EE471EAEFCAE0A1BAA4630504640BCFCD80A1F0045F99145F575FCF00A13CE461012460FA4FCCB0A274A46547E46792FFCC40A1A7846A2EB46C037FCBB0A260D5C68C35C9490FCB80A1B555A39FD5A3F85FCDA0A4C24588E41584D59FCC50A5CBF56C36656A0D1FCBD0A4973532D79533BDAFCF70A37DF50EE25
16 Jul 2026 21:03:37,MO,231709,54,5088D0FCD30A35404FA8564FBD8CFD090A57354F4E5B4F42FBFC9B0AC29A4EF65E4F117DFCC00A3EE34EAD404E9434FCED0A3A8219DB
16 Jul 2026 21:03:27,MO,231709,340,6A5947123708D763F6B863BC8FFCB70A1DEE46637B463CBAFCEA0A230847182A47258EFCB30A4042478AC74761D4FCC10A276947F3D14809EFFCCC0A29B248007447F661FCDF0A2E724857344867E7FC9A0A46CB48BA82489575FC960A3DE348B69648D6F7FCA80A63C848BD0448E881FCDE0A2F9F48D6CC48FAEFFCCD0A524448D403491AD7FCB30A5E755C149D5C18C0FD0E0A2B8556039C560D3DFCB80A1FB75094F4508840FC7C0A800E4F4B484F54F0FCFE0A72C44EAADA4E98DFFCC20A383F4BFB3F4BDCD9FCA10A4EF7490E33490EF8FCB00A3264471AC947178CFCAC0A1136462B61463BD9FCD50A149B45F69445F285FCF10A0998460E97460E36FCCB0A1CEC4654044678BFFCC50A102C46A31246C05AFCB80A1BAF5CDB5F5D0746FCB10A0D865A0B785A10FCFCD90A43F658226457E1AAFCCD0A567956298F560733FCC30A455C527FDD528E63FD010A337A508258
16 Jul 2026 09:03:44,MO,231709,54,5021D6FCD70A32BC4F7CCB4F91E4FCFC0A56844F49E24F3E94FC9E0AC2364F088E4F23ADFCBF0A3AAB4EC3BB4EAAADFCED0A361619E4
16 Jul 2026 09:03:35,MO,231709,340,6A589E523709FA5723C956E9A1FCB50A26E34651DF462B52FCED0A1E8D470E3C471BCAFCAF0A3D1C4781974758B3FCBE0A230347ED44480366FCC60A253047F9E947EFDDFCE10A29DB4853444863FAFC9B0A428248B8E04893E8FC8F0A394148B55648D5BEFCA80A611848BC4C48E7D5FCD60A2B0A48D66848FA8DFCD40A4D9248D3A5491A8AFCBB0A5A735CCDA85CCC14FD0C0A293A552F0D5537D2FCAF0A1D2350265A501A94FC7B0A81B14F44264F4E2BFCF90A6E6A4EBFBC4EADC3FCB80A35444BFD3E4BDEC9FCA10A4B4B49064E490705FCB20A2ECE471387471056FCB30A0CAE46266D4636EDFCD60A101D45F39E45EF8FFCF00A053A460D1B460CBCFCCB0A186D465389467830FCC20A0BC546A33146C080FCBB0A17395DA0B25DCCA3FCB80A06A2599C1E59A1A0FCD60A3D4D5747325706DEFCC70A538055288D550678FCC60A455F51B7D751C683FCFE0A3240501B7A
15 Jul 2026 21:03:44,MO,231709,54,4FC4AEFCD30A2E194F5D204F7237FD040A52B24F50464F44FFFC9F0ABF8B4F21554F3C80FCBE0A31B24EDD554EC452FCF10A2CA419E4
15 Jul 2026 21:03:38,MO,231709,340,6A57F5923709D369C093698403FCBC0A116646A8A146836CFCE90A1521473040473D9BFCAE0A377147A4ED477C5AFCC40A19E5480605481CA5FCC10A1BF14814AC480AE6FCE20A2092486270487330FC9B0A3A1E48BF26489A0DFC940A2FEC48BA1E48DA7DFCA90A5C2C48BF5248EAC3FCD90A21D248D82A48FC57FCD40A442948D525491C05FCB60A52B25BA6455BA1B7FD0A0A222C540F89541968FCAF0A1EFD4FC09B4FB5E1FC750A81944F47284F5189FCFA0A65C24ED85A4EC659FCB70A2FFD4BFEA64BE01DFCA00A449D48FE1C48FEDDFCBA0A27C8470C4747091CFCB40A035D462189463206FCDE0A06D545F0AD45ECA4FCF309FC16460BB2460B4EFCCE0A0F234653144677CAFCBE0A028B46A35A46C0AAFCB70A0DF15C4DE05C79E9FCB409F9FF5823F958298AFCE00A3A8655E7BB55A797FCC60A517253F0F553CEF5FCBF0A445E50F03250FEFDFCFD0A2F744FBE7F
15 Jul 2026 09:03:42,MO,231709,54,4F71FCFCD00A380F4F4ADE4F5FCBFD030A5FCB4F621D4F56E2FCA20AC9254F402A4F5B5AFCBC0A40974EF9524EE04DFCF00A3AF519DB
15 Jul 2026 09:03:34,MO,231709,340,6A574CD23709CE68BE61688218FCB70A1DA346DFE546BA89FCEA0A230C473FE1474CF4FCB50A41B547B2E7478A72FCBC0A280F4810004826B4FCC30A2A15481F20481593FCE50A2EC84867D04878A8FC990A474648C0F1489BCFFC990A3E3848BBBB48DBFAFCA70A654B48C06C48EBCBFCDE0A301848D8DA48FCF8FCD50A529148D5E7491CCBFCBA0A5F4059FA7459F635FD0D0A2ADD52EB0B52F660FCA90A2F0D4F64B34F5B10FC7B0A8E114F55294F5FCDFCF90A72974EF3CE4EE1C9FCB80A39F94BFF544BE0C1FC9D0A4F6348F58B48F649FCB10A33414704E04701B0FCAE0A1165461C6E462CF3FCD60A14EF45ED8245E971FCF10A0A24460A024609A1FCC80A1D5546526B467723FCC20A10AB46A34C46C09BFCBD0A1C0B5A7DFF5AA9F4FCBC0A0326568169568709FCDA0A45B5547836543831FCCB0A5BB152B7C65295E7FCBB0A5004502EA3503D8BFCF80A39254F6BF0
14 Jul 2026 21:03:42,MO,231709,54,4F2C06FCD40A44CF4F49814F5E5EFD0A0A70284F80744F753EFC9E0AD4894F644B4F7F86FCC20A54EF4F16DB4EFDCFFCF10A4EBB19E4
14 Jul 2026 21:03:31,MO,231709,340,6A56A4123709E3665EED662343FCBC0A2F8B46DCBE46B526FCE90A366D4740E2474D9EFCB60A4F3F47B0F9478800FCC20A3BA5480DFB482432FCC30A3DAF481C08481213FCE50A427348670F4877C4FC9E0A595C48C071489B39FC930A51FA48BB7F48DBBBFCB00A715748C03D48EB99FCD90A43C948D8CB48FCD1FCD60A667648D5C1491C95FCBC0A70585837BE5836B9FD0B0A372651D5AE51E1F8FCB10A40D54F144E4F0BCAFC7B0A9D254F6F5F4F7A3CFD000A842A4F11744EFF4AFCC40A47114BFF4B4BE09EFCA30A5DF948ECA048ED61FCB90A42D146FD5946FA31FCB10A24CD4617544627D0FCD60A286B45EA4B45E64AFCEE0A1D8A4608574607F2FCCF0A30E74651B9467677FCC30A242D46A33846C08BFCBA0A2F84589ED258CAA5FCB60A11935507D3550D7FFCD60A53C753231252E34BFCC90A67C2518549516398FCBE0A5E034F6B144F7A1BFCF70A453D4F2628
14 Jul 2026 09:03:48,MO,231709,54,4EFCAEFCD40A4AB84F5D784F7254FD080A78304FAACF4F9FA6FC960AD9574F8C634FA79BFCBF0A5F0D4F353E4F1C31FCF80A583819EC
14 Jul 2026 09:03:39,MO,231709,340,6A55FB52370A8E638805634C9EFCB50A398346B0EA468A72FCEC0A3FF8473305474008FCB50A558C47A722477E4CFCC70A450D48071E481D82FCC60A47034815EB480C18FCE10A4BCE48633A4873F2FC9B0A61F248BED64899ADFC970A5B6148B9F748DA3CFCAA0A770548BF3C48EAA8FCD10A4D2B48D80E48FC25FCD00A6FEC48D519491BEFFCB90A787356F93A56F7EBFD110A3CC8509E4550AB7EFCB10A4BEF4ED8B94ED18BFC7E0AA66D4F95CA4FA0CDFCFE0A8C214F30734F1E2EFCBE0A4D284BFE6F4BDFCDFCA00A64C348E38648E447FCB50A4A2146F5EF46F2C0FCB20A2E0B4612444622C8FCD10A31B945E73A45E332FCF20A26D44606C8460662FCD10A3A4646512B4675DAFCC20A2D8946A33E46C093FCBB0A38E157435B576F08FCBC0A18FE538D325392ECFCD90A5A0B51A99C516A26FCC30A6E015028555006D0FCBD0A66A84EA4B14EB3EDFCF90A4BC04EF700
13 Jul 2026 21:03:42,MO,231709,54,4EF266FCD40A4CC64F87A64F9C7CFD020A7AB74FDE504FD30CFCA00ADA274FB6A84FD1E0FCC10A62B54F53B04F3A9EFCF20A5B3F19E4
13 Jul 2026 21:03:32,MO,231709,340,6A555292370A4E5F401C5F047FFCBB0A3DB246BA2F4695DAFCE80A43164731C1473F0BFCB00A57C847A8D5478097FCC10A4842480893481F67FCC90A4A1B4818F2480F80FCE30A4EEC4864094874E7FC9B0A64D448BEC84899ACFC970A5E8348BA0D48DA59FCA70A790F48BF3F48EAADFCDC0A504B48D81B48FC36FCD20A730D48D534491C0FFCB30A7B2A55AF6A55AAA9FD020A3F0D4F12304F2180FCB00A55D74EC18A4EBB9FFC7C0AABF24FC5CF4FD0C1FCFA0A8E964F4FE44F3D89FCC20A4F4C4BFCDC4BDE1EFCA80A671048DA2348DAE8FCB70A4C7C46EE8446EB54FCB00A310E460D46461DCEFCD50A34C545E43E45E035FCF00A29EE4605424604E1FCCE0A3D5D46509C467562FCC10A30A446A35B46C0A5FCBB0A3BF055D6C5560246FCBE0A1A28518DC551938BFCDA0A5C2A4FB3104F741CFCC50A72374E7C494E5AD7FCBC0A6CFF4DF68D4E05F7FCFF0A4F294EECEF
13 Jul 2026 09:03:53,MO,231709,54,4F135AFCD20A4F5E4FC2CD4FD7AAFD030A7CBF50168D500B4DFCA00ADAFD4FE1A74FFCE1FCBF0A66D14F71DF4F58CFFCED0A5EB719E4
13 Jul 2026 09:03:42,MO,231709,340,6A54A9D2370AC06D15136CDA7FFCBA0A3287468BAD46653BFCF10A4721472C6A4739A0FCB70A5B19479DD447750DFCBF0A4C2A48004F4816A4FCC70A4DD6480DBA4803E3FCE00A5294485F3E486FF2FC9D0A683748BDB84898A1FC980A622348B91848D972FCAB0A7BA848BE7D48E9FFFCD60A53F148D7BB48FBD0FCCB0A76AD48D4CA491B97FCB50A7E6A5288BC5282BDFD0E0A409C4D5BB64D6FD9FCB00A66BA4ED7D04ED2C2FC7B0AB0934FFB2D50060BFD020A922E4F6F6B4F5CE9FCBE0A51F04BFA674BDB9DFCA00A69D348D09248D15AFCB30A4F4546E71246E3EBFCAA0A348B4608554618DEFCD80A385445E13F45DD30FCF30A2D844603C246035EFCCD0A40F546501D4674E6FCBA0A343C46A36C46C0CBFCC10A3F83524D11527847FCBA0A19B64E7E464E8436FCD60A639D4D4D704D0EDDFCCE0A79EC4CCEA44CAD10FCBD0A74554D91ED4DA175FCF80A52FF4F0E0A
12 Jul 2026 21:03:43,MO,231709,54,4F55B1FCDC0A585E50058B501A7CFD030A85345050335044ECFC9A0AE0E7500CF350283BFCC20A74CB4F8FBD4F76A6FCEA0A6C2E19E4
12 Jul 2026 21:03:34,MO,231709,340,6A540112370AF4695C5E6922E4FCB30A3E3846B1E9468B35FCEB0A5459473837474537FCBA0A648047A921478061FCBF0A59A948081B481E82FCC60A5B544816B1480CECFCDD0A60254864324874F1FC960A74CB48BF2E489A14FC960A6FCC48BA5B48DAA6FCA90A83FA48BF4D48EABFFCD70A618E48D83548FC51FCD40A846848D546491C26FCBB0A8A464E2C354E2C2EFD090A49E04BFB884C15CEFCAC0A7FA14F14754F0FB4FC7A0AB8B5503252503D04FCFE0A9FC04F8EDE4F7C31FCBA0A5AE64BF7104BD83AFCA40A740548C6B948C786FCB20A59E646DF9946DC79FCAD0A41E646034E4613DBFCD40A45BF45DE2445DA23FCEC0A3AE646022C4601D2FCCF0A4E72464F94467449FCC10A41AD46A37046C0C8FCBC0A4CEA4D8E7F4DB90CFCB90A24CF4B4CCF4B52FAFCDE0A73E14B2F904AF111FCCD0A88644B9F5D4B7D69FCBA0A80764D92BF4DA25BFCF80A5BB04F5071
12 Jul 2026 09:03:51,MO,231709,54,4FA216FCD80A5EE25048D1505DD0FD030A8A08508B09507FACFC9B0AE4955038F3505430FCBC0A7F854FAD4B4F942CFCFB0A767819DB
12 Jul 2026 09:03:43,MO,231709,340,6A535852370AD05F9AE35F5BB0FCB30A44C64689AB4662F5FCEC0A5EFA47240447314DFCB20A6B764796F4476E26FCC30A643347FACA481120FCC60A65CD48089A47FECEFCDD0A6AA8485B4F486C10FC9C0A7E6748BB7D489662FC9A0A7A5348B74E48D7ACFCA70A8A1D48BD9148E90DFCDB0A6C0C48D72848FB3EFCD40A8EF648D46B491B40FCC10A9339491E15492DB1FD100A51204B810D4BA09FFCAE0A93C24F60454F5B57FC700ABD3B506A8F507524FCF80AAA944FAE2A4F9B5EFCBB0A614D4BF2B34BD3DEFCA30A7B9448BCA648BD6DFCB90A61C246D81946D4F9FCAF0A4C1945FE51460ED7FCD50A4FFF45DB1C45D71DFCE80A45224600A646004DFCC40A58C5464F124673C2FCC60A4BFC46A38946C0D6FCBD0A5731485139487ABDFCC00A394A490937490FA3FCD70A84A34A34FB49F615FCC80A94C04B6D1F4B4AB5FCC40A87F14DE5AB4DF53AFCF40A61374F9CDF
11 Jul 2026 21:03:45,MO,231709,54,4FE84DFCCC0A5F28508CFB50A206FD030A866350C86950BCFDFC9E0AE2985065A35080DCFCC00A7FE54FCA2F4FB10AFCEA0A768019E4
11 Jul 2026 21:03:38,MO,231709,340,6A52AF92370B4F41A64B417555FCB70A1634464225461BC4FCE70A5F89470E9D471C54FCAC0A6BEA4783DF475B19FCB70A649947EE844804C4FCC20A660A47FACC47F0EEFCDC0A6AD348538248644AFC9E0A7E8148B91248941BFC980A7A7548B56948D5E1FCAF0A8A3048BC3C48E7C7FCD70A6C3048D65448FA7DFCD50A8F1148D3A5491A80FCB40A934446D27E46F38AFD090A528E4BFA9F4C1AF0FCAC0A975C4FA6BA4FA1ABFC710ABC3250A55450AFCDFCFE0AAC064FCD394FBA3EFCC00A611A4BED814BCE9DFCA50A7B8A48B26B48B33EFCBB0A617846D0B646CD9DFCAE0A4C4B45F96B4609F2FCD10A503F45D82C45D42BFCEF0A456E45FF3F45FEE0FCCC0A590A464E9F46735BFCC30A4C4846A3B146C100FCBB0A57744651134679F4FCBA0A4DDB4917F5491E73FCD30A8B6C4AB4744A752BFCC60A97284C013F4BDEB3FCC10A87084E426F4E51F6FCFB0A60C74FE31B
11 Jul 2026 09:03:52,MO,231709,54,502CC5FCD10A5FE850D65950EB7DFD090A82C65108C450FD61FC970AE0A250923850AD76FCBE0A80E74FE5B94FCC8EFCF50A774719E4
11 Jul 2026 09:03:46,MO,231709,340,6A5206D2370B6833483E331EBDFCB40A31184669CB46451BFCE80A60584715EE4723A7FCB10A6C04478EF047668DFCBE0A659547F5C7480C78FCC80A66F94804C047FB30FCEC0A6BD248580A4868EBFC9A0A7F6C48B9E04894DFFC980A7B7248B60948D67DFCA90A8A6D48BCAE48E832FCDF0A6D3F48D69448FAB5FCD40A901748D3DD491ABEFCB60A94084809E5482E2EFD0C0A542E4C9B6E4CB998FCAF0A92B54FE86D4FE381FC7A0ABC0150E37650EDBAFCFC0AADCD4FEB7A4FD855FCBD0A61424BE74E4BC85BFCA10A7BFF48A80B48A8EAFCB70A61B546C95946C63CFCB40A4D4145F487460519FCCF0A514145D54445D14EFCF20A467F45FDD745FD7AFCD20A5A17464E3E4672EBFCBC0A4D5C46A3D946C130FCB50A587D47EAF1481400FCBA0A52664A642E4A6A82FCD90A8B2B4B93844B543EFCC70A95634C85924C6329FCBB0A86034E7C814E8C0BFCF30A60C95027A3
10 Jul 2026 21:03:53,MO,231709,54,507D31FCD80A5A865126EB513C4BFCFE0A771E514B64513FECFC990AD91950BE2B50D96CFCC20A77514FFFE04FE6B4FCEE0A6D7C19E4
10 Jul 2026 21:03:46,MO,231709,340,6A515E12370BAC3561133536ACFCBA0A30CB4688E24662A5FCE90A56CA4729F4473734FCB60A65D4479E58477585FCCB0A5C4147FFD1481629FCC70A5D8A480DFA480421FCE30A624B485EE6486F9BFC9D0A76BB48BD0B4897F4FC9D0A71E448B87748D8C7FCAC0A84AD48BE1E48E996FCDE0A63CB48D76848FB87FCD50A867348D47B491B62FCBC0A8BBA4A50464A6ABEFD0B0A4CA54CB5374CD259FCAE0A88C7503525503073FC790AB679512443512E4EFCFC0AA55150088D4FF53CFCC00A5ADD4BE0014BC10BFCA10A74B2489DA2489E70FCBA0A598D46C21B46BEFAFCB30A43D845EFC3460048FCD60A47E145D26C45CE7DFCEE0A3D4B45FC8E45FC34FCD10A50BA464DE546729BFCC80A441046A41B46C177FCBE0A4F204A00224A29BFFCB50A41CD4AF1974AF7F1FCD70A80574BB2BE4B7398FCC90A8EA04C855E4C62D2FCBE0A81114EACAF4EBBF0FCFD0A5BD5507825
10 Jul 2026 09:03:57,MO,231709,54,50DC1CFCD20A5995517CBB519201FD060A70D8518E4A5182CAFC980AD4FE50E85251038AFCBE0A74925017B14FFE83FCF30A6A7A19E4
10 Jul 2026 09:03:46,MO,231709,340,6A50B552370C3048353947FF9FFCB30A13FB46460C461F9AFCED0A5486470F8E471D49FCB70A647547814647588BFCC10A59E547EBB54801EFFCC60A5AFE47F76D47ED7CFCDF0A5FAD4851224861E2FC9E0A744448B7F6489304FC9D0A6F2B48B49848D51DFCAC0A830B48BBBE48E749FCD90A611348D61448FA40FCD60A83A448D388491A57FCBA0A894449FA7F4A0F28FD0E0A49DC4C84E54CA423FCAA0A8B0E5090F5508C3BFC740AB3E951665151701DFCFA0AA2B950246F5010EEFCBB0A58B34BD7F24BB8ECFCA00A726F4893044893E6FCB60A56C146BACE46B7B9FCB10A411E45EAED45FB7FFCD60A453545CF9845CBA2FCE60A3AB545FB3A45FADEFCD40A4E13464D8646723CFCBD0A417346A45946C1AEFCB90A4C7A496108498A99FCB90A39164A48E04A4F33FCDB0A7EC04B56FD4B17B9FCC50A8F614C75A14C52F9FCBA0A808A4EFBBC4F0B4AFCF70A5A6850D709
09 Jul 2026 21:03:52,MO,231709,54,514504FCD50A580051D56451EAB9FD020A6A3F51D0CB51C52BFC9D0AD003511148512C7AFCBE0A6F6E502E5C50151AFCF20A651319E4
09 Jul 2026 21:03:46,MO,231709,340,6A500C92370C9A47DB7C47A7A3FCB60A0424471C5746FB2DFCE70A4EB3473C9B4749F1FCB30A606E47B89B479135FCC20A54C24812244829B8FCC50A55E948225C481956FCDD0A5AAB486644487762FCA40A6FE648BDE14898BFFC8A0A6A3E48B9A548D9F3FCAC0A800D48BF7C48EAE3FCD50A5C3648D85348FC6CFCD40A7EA748D58A491C77FCBB0A851048698F4886AAFD0D0A46A14CA9084CC969FCAD0A8BC550F95250F485FC750AB03D51A84851B1CEFD010A9D6B503EDA502B2DFCBC0A55864BCEC44BAFBCFC9E0A6EC448886848893DFCB40A523F46B38F46B07CFCB30A3C3245E62045F6B4FCD00A404D45CCC245C8D3FCED0A35E845F9EA45F993FCCA0A4932464D414671FEFCC30A3C9E46A49B46C1F4FCBB0A47994814FA483E26FCBA0A3DB44A12F04A195DFCD40A7FE84B6A6F4B2B0EFCCC0A8F374CAD214C8A4AFCBA0A7E964F61064F708FFCFB0A5847514007
09 Jul 2026 09:04:10,MO,231709,54,51B75DFCD50A629C522D9D524302FD0A0A74235210FF520565FC9E0AD50051386051538AFCC10A7CBB5043355029EAFCF70A722319DB
09 Jul 2026 09:03:47,MO,231709,340,6A4F63D2370BD438BC40388C67FCBB0A2C0546AC2F468634FCEE0A5CE147383E474563FCB10A6B0B47AA1947816CFCC00A62824807CA481E46FCC70A638D4815FF480C48FCE20A684648637F487449FC9D0A7C9048BF3B489A15FC940A77D348BA1B48DA70FCAD0A88C048BF2D48EA9DFCDA0A69CA48D81748FC2AFCDC0A8C5648D521491BFCFCB90A910F48D3BE48ED3AFD100A50E44CC3FF4CE5EEFCAE0A9606516E4851692FFC7C0AB5CF51E87551F1A7FCF90AA97E5057E450440DFCC10A5E674BC4A44BA593FCA10A7940487D9D487E83FCB60A5CA346AC3346A924FCB30A497645E12545F1B6FCD20A4DA545C9BF45C5D6FCF40A433345F86845F81CFCD50A569A464CBA46717AFCBE0A4A0046A4B946C212FCB40A54F8484D2248767BFCB80A463F49EEDD49F553FCDE0A881E4B6AB04B2B26FCCB0A9A0D4CE8254CC505FCBB0A877F4FE5964FF527FCF70A600151B25D
08 Jul 2026 21:04:00,MO,231709,54,52299EFCD60A6FC75282A052981DFD050A8421524EED52433AFC9C0ADC3D515D9C5178C5FCBD0A8FC45055ED503CA6FCEB0A84B419E4
08 Jul 2026 21:03:48,MO,231709,340,6A4EBB12370C63448F05445C04FCBA0A20A246934A466CF1FCEC0A6F544729854736CCFCB80A7789479B5E47729DFCBF0A751147FCD548133FFCC60A7622480A1048003DFCE40A7AFA485BB6486C7BFC9B0A8DE448BB92489680FC960A8AA348B75D48D7BFFCAD0A93CA48BD7448E8F4FCDA0A7C8448D70E48FB33FCD00A9F4548D455491B3FFCB80AA13A4726D94747EAFD0E0A5DFE4D38A14D5C87FCAE0AA5CE51E60151E060FC7B0ABCB4522695522F83FCFF0ABADC506FC8505BB6FCBB0A69E04BB9644B9A4FFC9F0A875B4872D04873BFFCB20A6AF646A4CE46A1B9FCAF0A5C0B45DC2945ECC1FCD90A604F45C6B845C2C6FCF20A55C545F6E645F694FCCA0A695D464C3E4670F2FCBF0A5CB146A4CC46C218FCBD0A67AA46E9CC4712CFFCB30A590949E60F49EC90FCDE0A984C4BDD814B9D97FCC60AA88B4D93284D6FCEFCBC0A91145087C5509736FCFA0A6928522482
08 Jul 2026 09:03:59,MO,231709,54,529621FCD40A6F5D52D45952E9F0FCFE0A859B528BB0527FEAFC9D0AD863518200519D1CFCBB0A8E5B50671C504DD7FCF30A82DC19E4
08 Jul 2026 09:03:48,MO,231709,340,6A4E1252370C6C37D9C037ACBDFCB30A30B246590346329DFCE50A6E49471B734728CEFCB40A76354790EC47682BFCC10A73D147F62B480C71FCBE0A74D44803B047F9D3FCE40A79A74858AC48696CFC990A8CAD48BA5B48954BFC950A894748B67348D6D4FCA50A926E48BCC548E837FCDB0A7B3A48D69C48FABDFCD60A9DE448D3E7491AC0FCBA0A9FD5472EF347581DFD060A5E604E18384E3B79FCAC0AA3BA5258EC5252CBFC7B0AB897526376526C22FCFC0ABA13508697507255FCBE0A67FE4BAD224B8E01FCA20A85E548681948690EFCB30A68C7469D8F469A84FCB20A5AAE45D75E45E7EBFCD30A5F0345C3E645BFF7FCF00A548A45F5A345F550FCCA0A6817464BF84670ADFCC90A5B7546A50146C25DFCB90A6664477A9947A393FCB60A5DB34AFB854B0201FCDC0A98DE4CE5FC4CA5C5FCC30AA8434E793F4E55CAFCBD0A8DCB51262D51357DFCF90A670752910F
07 Jul 2026 21:03:53,MO,231709,54,52FABAFCCF0A64D653234E5338FBFCFD0A7BFD52C85252BC82FC970ACC6B51A58B51C0B2FCC70A7D56507652505CEFFCEE0A715D19DB
07 Jul 2026 21:03:42,MO,231709,340,6A4D6992370DB2314F8F31273AFCBA0A2F6F462E9E460849FCEF0A5E1B4704DE4712B3FCB50A6B3B4776FD474E31FCBD0A63B347E36B47F9A0FCC30A647847EEA047E4A1FCE80A6920484B92485C55FC9B0A7D5D48B59E4890BCFC9C0A789748B2A248D32FFCA70A881C48BA8E48E62BFCD40A6A9B48D55D48F992FCD40A8CFF48D2E94919C0FCB70A911848E06B4903D7FD050A52694EEA104F0CEAFCB40A96F752C3BE52BD1BFC7C0AACCB52A03952A8A3FCFE0AAB20509C165087A9FCC30A5C3E4B9FBE4B80A9FCA00A78AD485D8A485E70FCB20A5A0F469678469377FCAD0A4A2A45D2B745E34DFCDA0A4E7B45C13C45BD4AFCF20A443745F48445F427FCD10A5785464BCE467087FCC10A4B0146A57046C2CDFCB80A55DB48F437491DBAFCB80A4AC64BEC9A4BF319FCE00A8C424DC8824D8801FCC40A9F414F51F84F2E49FCC30A823451BEAE51CDE7FCF50A5CE152F5A3
07 Jul 2026 09:04:55,MO,231709,54,5356EFFCD50A5E6A53724553880FFD050A76EA53064052FA5FFC9C0AC3D051C85651E36EFCB90A718C5082ED506985FCF00A651419EC
07 Jul 2026 09:04:44,MO,231709,340,6A4CC0D2370CEE348589345A4BFCBC0A1DAB468CFF466742FCEA0A5200472FEF473D37FCB50A630F47A366477AB3FCC20A57C94802B848192EFCC10A589C4810DC48070DFCE10A5D464860B648717BFC9C0A72A348BDFA4898DCFC9D0A6CBA48B93348D984FCAC0A80EC48BE8648EA09FCDC0A5EE648D7B648FBCCFCD50A811C48D4C2491B9AFCC00A86E04967DD4993E6FD0E0A4B144FF9EF501AAAFCAF0A8B04532245531B5CFC740AA4E752DEC752E6F2FCFC0AA1D550B015509B6CFCBE0A54574B917D4B7269FCA10A6F9E4852F04853E5FCB20A4F93468F63468C62FCAC0A3E9145CDFD45DE9AFCD70A42EA45BE8B45BA9FFCEE0A38CD45F35E45F30AFCC90A4BF2464BA1467062FCC70A3F8246A5D946C332FCBB0A4A5749FC6E4A25E2FCB50A480D4D70074D766DFCD70A87024F0CB14ECBF6FCC10A978A504118501D7EFCC30A79B2523AA45249CEFCF50A56705351D3
06 Jul 2026 21:03:51,MO,231709,54,53B0C3FCCF0A638753C3A253D980FD0B0A7FB35346FF533B09FC9C0AC46251EA2D52053EFCC10A77B1508C62507300FCF50A6A9C19EC
06 Jul 2026 21:03:44,MO,231709,340,6A4C1812370D9C2F53042F2A84FCB60A345046CD7546A819FCE50A57E3473CF04749FCFCB40A674247B10847888AFCC20A5DFC480C8C482343FCC70A5ED1481C8A481300FCE20A63874866074876DCFC9C0A78A848BF39489A12FC930A730848BA8248DAC5FCB10A84AD48BF8548EAEBFCDD0A653348D84B48FC62FCD70A876F48D573491C4CFCB80A8C5D4C9EFC4CBED0FD0D0A504250917A50B0B0FCAE0A8814537CA45375A2FC810AA6AB5320C153289AFD000AA9A550C1C450ACE8FCBE0A57EA4B824B4B633EFC9A0A745F48485F48494FFCB40A53AF468824468526FCB00A44B945C92045D9C0FCE00A492145BBAA45B7CAFCED0A3F0B45F21345F1B5FCD10A5238464B4846700AFCC10A45CC46A61546C368FCB50A508E4CAB4E4CD576FCBB0A44444E800A4E865DFCD50A85074FB4C24F73F9FCBE0A999C50C44750A098FCB90A7C4352A46452B38AFCF90A597653ABA9
06 Jul 2026 09:04:03,MO,231709,54,540745FCD10A6294541C43543233FD030A80DB538CB15380B4FC9F0AC01B520A42522549FCC60A75C65091DA507862FCED0A682719E4
06 Jul 2026 09:03:54,MO,231709,340,6A4B6F52370DE44224DD41F03CFCB70A1106465449462DA5FCE50A56F34722A447301BFCB30A67034793A3476ABCFCC00A5C8647F72B480D55FCCA0A5D3048020F47F81CFCE30A61CC485850486916FC950A773848BB67489660FC980A713148B70348D76CFCA80A83B148BD2A48E8AAFCD60A636048D6D648FAF5FCD00A858648D40C491ADFFCBE0A8AC04C8BB64CAD05FD050A4E715126865145A7FCAC0A868053D15553CA67FC7F0AA48F5368D453705BFCFC0AA88550CFFE50BAE8FCBC0A56334B727A4B536CFCA20A72D4483DDE483ED6FCB70A512C468106467DFEFCB70A42F545C46045D4FDFCD30A476C45B8EB45B505FCED0A3D6845F0D245F080FCD10A5087464B0E466FCBFCC50A442646A66046C3BCFCC60A4EE04C99104CC341FCBB0A41424F09B54F0FF7FCDA0A85FC505E65501D5FFCC90A98AE515FED513C31FCB60A79F652FFE3530F06FCFF0A5853540239
05 Jul 2026 21:03:58,MO,231709,54,5468B5FCD30A65C55484005499F7FCFC0A859653D66353CA49FCA40ABF8752260B524102FCBE0A7B495091F4507874FCFA0A6D3619E4
05 Jul 2026 21:03:46,MO,231709,340,6A4AC692370DD737DD5637AFBEFCB90A25C346ADE34688B0FCE70A5C88473A994747D4FCB30A6B3547AC7D4783F7FCBD0A62524808D1481F77FCC40A630A481755480DC5FCE20A67BA4863DA4874B0FC970A7D0A48BF41489A21FC950A772A48BA2E48DA84FCA60A877648BF3448EAA9FCDB0A696448D81548FC31FCD50A8B9048D53A491C23FCBB0A901B4E1ACC4E3F37FD0C0A523551B9BD51D5C8FCB00A828A542A675423F8FC7C0AA78353B7BA53BEC6FD000AAFC350D96050C3FAFCBD0A59CB4B62404B432BFCA50A7763483378483471FCB90A55124679C94676CCFCB20A48BD45BF7C45D021FCDE0A4D4445B61445B22FFCEF0A434145EF8245EF3FFCCC0A5668464ABC466F82FCC60A49FF46A6A946C3F5FCBD0A54BB4E7FE34EAA29FCBB0A4938506C0A507228FCDF0A86CF512E9B50EDCAFCCE0A98D351BD7B5199F3FCBC0A7C8B532F61533E82FCF80A5C195463CF
05 Jul 2026 09:04:02,MO,231709,54,54F0E6FCD00A6D2A54FC7C55128EFCFC0A8E1B541F205412E6FCA00AC313523ACE5255ABFCC10A8A38508BE450724BFCEB0A7BB119E4
05 Jul 2026 09:03:53,MO,231709,340,6A4A1DD2370DC43410DF33E775FCB70A3D54468BFF466759FCEB0A6C0A472C93473A17FCAE0A75B347A2654779F5FCBE0A71A34801B0481863FCCE0A726548100A48067EFCDE0A7728485F0B486FE9FCA00A8BA048BD35489824FC940A86AE48B87648D8D8FCA40A90C548BE2A48E9A6FCDA0A78D748D76548FB84FCDC0A9B2648D493491B77FCBA0A9D98515DDB5170CBFD0A0A5CE3514F37516AA0FCB20A86CB54AA9454A4AFFC7E0AAE6A540930540F98FCFF0ABFB850DC5350C6BEFCB80A63154B51AA4B32A1FCA10A831E482912482A1DFCBB0A60AA46727D466F7EFCB70A57F245BA9845CB39FCD30A5C8145B32845AF47FCEB0A527345EE2845EDDBFCCD0A65BF464A57466F22FCC50A594A46A6D946C42BFCBB0A6406512588515067FCB30A4722508677508C99FCDB0A869B50B53A5074E7FCBC0AA0DC513F45511BBAFCBE0A87225368895377B1FCF50A650654EC1B
04 Jul 2026 21:04:00,MO,231709,54,55A6CFFCD90A7201557D6F5593B1FD020A93515461505454F7FC9B0AC5FF524692526162FCBA0A9879507F9A5065FFFCEF0A897E19EC
04 Jul 2026 21:03:53,MO,231709,340,6A497512370E3A55E1C555A7A2FCBA0A41CC46B5EB469001FCEB0A7A3747399247469AFCB40A7F6F47AC8C4783EAFCC40A800D4808C0481F46FCC60A80E648185A480EC1FCE40A85C74863E94874B3FC9C0A997948BE3B489910FC950A956348B9AE48D9E8FCA40A996048BEDF48EA51FCE10A878548D7DD48FBF3FCD20AA9F648D50A491BE5FCBF0AAA614F57994F61A5FD0C0A64CF50582150794DFCB20A9B89556376555D6DFC780AB24C545653545BF0FD030ACD1450D7D950C208FCB90A6B9F4B40F54B21FCFC9F0A8E15481EC2481FCCFCB60A6B8B466B42466839FCAE0A665F45B5B145C64CFCD70A6B0545B03745AC5FFCED0A60E545ECD645EC87FCCF0A7452464A02466EC5FCC10A67D346A6FB46C457FCBD0A72894E91D94EBC90FCB70A450B4E6E044E7452FCD80A929B4F66EE4F2671FCC70AB03550BDA3509992FCB70A920D54063C54156AFCF50A6CF955A208
04 Jul 2026 09:04:07,MO,231709,54,567B72FCD20A6D5155FA795610E4FD030A8F595496435489D1FCA10AC1B85247A7526264FCC00A99B9506D1B505372FCF70A8A7E19E4
04 Jul 2026 09:03:56,MO,231709,340,6A48CC52370E115B8EB15B54A5FCB30A37DA467530464E92FCEE0A7C634727AA4734DCFCB20A8098479B11477233FCC30A81F547FBC6481207FCCB0A82C748093D47FF42FCE40A87AE485BCD486C85FC9E0A9B6448BB5C48963DFC970A973E48B72C48D77BFCAB0A99E848BD3548E8A5FCDB0A896B48D6DE48FAF8FCD50AABCD48D424491AFAFCBA0AABB84ABDE14AD3EEFD0A0A6539500C935034A6FCAF0AAAA75649985642A3FC760AAC8D54984D549D15FCFC0ACC8350CBBA50B5C7FCBB0A6B504B305D4B1166FCA90A8EA34814A34815ABFCB50A6BA846640F466114FCB10A682C45B0E945C18CFCD70A6CD845AD7D45A9A2FCEE0A62C345EBA745EB56FCCC0A76334649D1466E8DFCC50A69B946A75846C4AFFCBC0A74694A72C94A9CA5FCB90A51554CAD784CB3F3FCD90A9C284EDB454E9A28FCCB0ABA5651147E50EFBBFCBE0A9334551DFE552D0AFCF70A6CD6567688
03 Jul 2026 21:04:00,MO,231709,54,5757A8FCCD0A60B5566768567DF6FD030A80FA54B85A54ABC2FC970AB5C0523C7E525731FCC20A8B9A505472503ACDFCEC0A7C5E19EC
03 Jul 2026 21:03:49,MO,231709,340,6A482392370F654BFB7E4BC52CFCC00A1FD8462D544606C3FCEF0A6F69470A75471803FCAC0A771F477C54475355FCC20A74E147E56747FB56FCBF0A758C47EFD047E5B4FCE80A7A4F484CC0485D6AFC9B0A8F1F48B5AD4890A9FCA00A89C248B29848D305FCAF0A90EE48BA9048E616FCDB0A7C0248D54748F976FCD50A9E2648D2CF4919A2FCB00A9F8C471111473917FD0B0A5B8150E60551129EFCB20AAB865743C5573B2EFC790A9D2354C9DD54CDD0FCF90ABC8050B83650A22BFCBA0A60CD4B200B4B011CFCA20A8301480A96480BA6FCB30A5F0B465D05465A0AFCA70A5AFF45AC4245BCECFCD90A5FB345AAE845A70AFCF30A55C745EA9B45EA50FCD40A690A4649C2466E85FCC30A5CA846A7CE46C524FCB70A674C47AA7A47D37FFCB30A57B14C8EF24C9576FCE00A9C554FB9934F7794FCC30ABAD6527CCF52576EFCBE0A88A356919356A05AFCFF0A63CC57529C
03 Jul 2026 09:04:01,MO,231709,54,5825D5FCD00A53A356BA7F56D13EFD010A6D6154C3F454B759FCA20AA7FC5224E8523F82FCC10A765650362C501C7CFCEB0A671119EC
03 Jul 2026 09:03:56,MO,231709,340,6A477AD2370EA937E57137BA57FCBC0A2426464529461F43FCEA0A5B604719314726DEFCB10A6953478E7F4765C3FCBE0A60C647F32E480991FCC80A616C47FF7847F59CFCE20A66214855F14866B7FC9A0A7C9B48B9A04894A0FC950A757348B5B048D627FCA50A844248BC5948E7DFFCDF0A67DB48D66A48FA88FCD40A89B248D3BD491A9EFCBA0A8DA24677E646ACA7FD0F0A4EF952B38B52E14FFCAE0AA174583A29582F90FC750A8A4254E7B654EAE1FCFF0AA679509E4C508831FCBD0A52514B10244AF133FCA50A71FE4800B44801BBFCBB0A4CCF465609465317FCB00A46DB45A7BC45B85DFCD60A4B9245A86E45A488FCEE0A41DD45E9B345E965FCCA0A54D84649D1466E8FFCC30A489E46A85A46C5B0FCBE0A532D47DC90480557FCB30A51464E40CB4E4733FCD50A973451D53451924CFCC30AB3AA54B086548AA1FCBC0A78C658321E584097FCF70A574558208B
02 Jul 2026 21:04:02,MO,231709,54,58D53FFCD50A4C0656EDE75704C7FD020A5E4D54B95C54ACA9FC9D0A9DC552036A521E15FCBF0A659D5014A04FFAE4FCE40A565919E4
02 Jul 2026 21:03:52,MO,231709,340,6A46D212370E0E2AAFAB2A8CD0FCB50A239646514F462AB5FCE70A4B694723BD473121FCB30A5E90479501476C0FFCBE0A50D247F6D2480CFEFCC60A516848017847F77EFCDF0A5606485794486845FC9D0A6DEC48BAEE4895DDFC9B0A653E48B68748D6DAFCAE0A7A3148BCD948E85AFCDD0A57C548D6A448FAC3FCD80A795948D3DC491AB5FCB80A7F51483B284876ABFD0A0A4720550E79553AD2FCB30A944E591CA3590FC9FC7D0A79D854F03254F2C0FCF80A94BB507F8D506975FCBC0A46B94B00A84AE1CEFC9E0A643A47F6D947F7EDFCB90A3E2B464F11464C21FCB50A370345A31E45B3C4FCD10A3BBD45A5DE45A210FCF20A323945E8BE45E86EFCCB0A44F94649CF466E91FCC90A38D046A8E446C63DFCBF0A435A4A55C24A7F09FCB20A484E51429D5148E9FCE30A946654C3E954803FFCC00AA93457588A573260FCBA0A69E859D49159E2CDFCF60A4CC658CF95
02 Jul 2026 09:04:10,MO,231709,54,5957FAFCD90A47B556FE8857158EFD040A5473549A25548D5EFC980A985D51DAB751F53CFCC10A5A044FF15B4FD7BFFCEE0A4AA519EC
02 Jul 2026 09:04:02,MO,231709,340,6A462952370E68275AFD273A1AFCB80A1DD7467D91465801FCEB0A40B7473086473E1BFCAC0A57AD479FED477751FCC00A461D47FE3F4814BAFCC50A46A848094B47FFA2FCDF0A4B3B485BDC486CB7FC9C0A644148BCC14897B1FC980A5A5848B7E448D859FCB10A73AF48BDAD48E928FCD70A4CF648D72B48FB4AFCD40A6E5A48D463491B3BFCBB0A75D94B64CE4BA1E1FD0E0A447557AA8E57D431FCA90A85F459DF2859CFD7FC7C0A6D0954E28B54E4BAFCFA0A8847505D9E50479CFCC00A3EF74AF1B94AD2E2FCA10A5AA947ED0547EE16FCB60A34024647FD46451BFCBA0A2C39459E7A45AF1EFCD40A30F445A356459F7BFCEB0A278B45E7C145E774FCD30A3A304649D6466E81FCC50A2E1D46A96746C6B6FCB70A38954E3ED24E68B5FCB80A407954FC83550295FCDD0A90BF581CA557D8DCFCC80A9CDA5A2FB55A0964FCBE0A5CEF5B59AE5B6733FCF80A450B595229
01 Jul 2026 21:03:58,MO,231709,54,59A319FCD50A50E156EDDF5704F3FD010A5F67546D965460CEFC970AA11451AF9651CA2DFCBD0A663B4FCEBD4FB505FCF40A567819EC
01 Jul 2026 21:03:53,MO,231709,340,6A458092370DA929EBAE29C866FCB80A279D46B7A6469109FCE60A4CE047465F475373FCB20A60D547B1BE4788FDFCC30A526B480B01482162FCC70A530548175B480D9CFCE20A57A84865204875E8FC9A0A705B48C02B489B08FC940A66DB48BAFA48DB46FCAB0A7BBD48BF9048EB05FCD80A597048D86648FC83FCD50A7AEF48D57E491C57FCB80A81134EEA604F277DFD0D0A52885A81995AA7D1FCB20A80E55A70F15A5F2FFC790A6CF454C1AE54C394FCFC0A93B5503A64502474FCC10A46ED4AE3414AC47EFC9E0A63C747E30B47E42EFCB80A3D974640C6463DE4FCAF0A387345999B45AA44FCD00A3D4045A089459CB5FCF10A33DA45E68B45E644FCD30A4699464985466E50FCBE0A3A7E46A9A846C6FCFCBA0A44F552F82C5322A9FCB90A4D935931135936D5FCD90A93FA5BB3755B6F76FCC20A98CD5D0E415CE844FCB80A5AE35CA1AC5CAED5FCFC0A48D5599CBD
01 Jul 2026 09:03:59,MO,231709,54,59B16EFCDE0A5E2156C1DA56D8E3FD060A746B5438FC542C3BFC9E0AAFCD518402519EA0FCC10A7E554FAD5D4F93B2FCF00A6E2519E4
01 Jul 2026 09:03:54,MO,231709,340,6A44D7D2370DB92C8F2D2C6A06FCBD0A3DCF46EB2C46C537FCEA0A64C4474D9E475A7EFCB50A718147BB0A47926CFCBD0A6A734811AE482840FCC60A6B31481FA14815F2FCE00A6FFF48688D487955FCA10A878D48C0AD489B82FC9D0A7F5948BB8548DBC4FCAB0A8AB248C00848EB6FFCDA0A71DD48D8A048FCBAFCD10A939B48D5C0491C96FCB60A96C1536E9E53AE3DFD000A649B5DAF0C5DCF1EFCB00A77725ABCE05AA905FC7E0A740C54924C54942DFCF90AAB905016E5500119FCB80A565F4AD53D4AB676FCA20A762D47D90F47DA32FCB30A513B463974463690FCAF0A509145949A45A550FCD70A5577459DA04599C8FCEF0A4BE245E53F45E4EBFCD10A5EE1464930466DF4FCC70A52AC46A9E546C72EFCBC0A5D2B58A3F758CEEAFCBC0A62735DBD6B5DC30CFCD60A94835F54395F10ADFCC80A971F5FBBDE5F967BFCBD0A5DA65D87ED5D94FBFCF90A51EE59AADE
30 Jun 2026 21:04:09,MO,231709,54,598968FCD60A689C568406569B1CFD060A876253FF2453F275FCA30ABB3F515781517214FCC60A90EE4F8C9F4F72FFFCF40A806219E4
30 Jun 2026 21:04:03,MO,231709,340,6A442F12370ECD305B89303394FCB30A4BDF46A279467C83FCED0A77CE4737EF474510FCAE0A7DF447A805477F55FCBA0A7D464803C3481A2CFCC70A7E1148113B480777FCE10A82FE486062487127FC990A99A848BD2A489810FC980A927048B89F48D8F2FCA80A95BF48BDFF48E976FCD30A84E048D75D48FB75FCD20AA6D048D486491B66FCBC0AA76059BD4B59FA1EFD0B0A6C3260D6A060ED1BFCB10A5E985ABA6F5AA555FC7A0A7A5C545AFA545CF2FCFE0ABDD84FF3BD4FDE07FCBF0A617D4AC7A44AA8E6FCA40A83BE47CF1247D038FCBA0A601E463225462F3FFCAF0A634C458FBD45A06DFCD80A683A459AC54596F4FCF00A5E9145E3F545E3ACFCCE0A71C14648E8466DACFCC10A657E46AA1A46C772FCBF0A6FFF5F52155F7D04FCB50A6DAF6271BE6276D8FCD30A88DF62A58D6262FDFCC40A905661CFE761AB0DFCC00A5E735DE4155DF125FCFB0A58775982C6
30 Jun 2026 09:04:09,MO,231709,54,5946CBFCD00A67FD563D8056545DFD070A8C8E53C09553B3E6FC9D0ABD03512A99514525FCBB0A91244F6D0E4F535BFCEC0A804C19E4
30 Jun 2026 09:04:03,MO,231709,340,6A438651371007384C40381E90FCB60A5142464F9D462913FCE90A7868471F22472CA6FCB10A7E67478FDB4766EBFCBF0A7D8047F253480883FCC20A7E4147FCEC47F2DEFCE50A833048543D4864EEFC9C0A9A3348B8F64893ECFC980A929148B50348D56BFCA80A955148BBDC48E762FCD50A851048D61148FA39FCD10AA6EC48D373491A4DFCB40AA752637DFE63A6A9FD140A753B62E53462F038FCB80A37845A85835A6FFFFC7D0A79F0541EBE5420D0FCFD0ABD114FD1204FBB8FFCC10A603E4ABA524A9B9BFCAB0A822D47C52A47C64CFCB70A5F5A462AFF462829FCB40A639C458B06459BBBFCD60A68A1459826459461FCEE0A5EFF45E2EB45E2A9FCD10A72384648DA466DA1FCC10A660646AA8046C7E0FCC40A708366A2DB66CD93FCB30A59E165E72965EC09FCD60A6E78647A4C6438E4FCC80A847C6298016273D8FCC30A5AE25DCAE25DD77BFCFB0A57A159400E
29 Jun 2026 21:04:19,MO,231709,54,58F969FCD50A60D955F1CC5608C4FCFE0A8BEB53817C5374DFFC9C0ABC5A50FF1D5119BBFCC50A8C214F4F2F4F3588FCF70A7ACC19E4
29 Jun 2026 21:04:08,MO,231709,340,6A42DD9237101464099463CEA6FCB50A37084622D345FC5CFCEE0A7401470A70471839FCB10A7A94477BA94752E1FCC10A78F947E42947FA55FCC90A79AF47EEC647E4DCFCE30A7EA2484B17485BDEFC9E0A963B48B4C7488FDDFC8F0A8DEF48B1CA48D252FCA40A919348B9E948E57FFCD80A807248D4FB48F928FCD70AA23448D2A5491982FCBF0AA2E3695BBE695FC1FD090A698D6325B1632DCDFCB10A28D85A42CA5A2D0CFC7A0A776653DFCF53E226FCFA0AB70A4FB0634F9AF5FCBC0A5B494AAD674A8EB8FCA40A7C3947BB3B47BC65FCBA0A5A424623E34620FAFCAC0A5EE1458656459711FCD10A63EA4595994591CBFCF70A5A5E45E1F245E1B2FCCD0A6D744648D6466D9EFCC70A614A46AAFD46C85BFCB30A6BBE690A44693528FCB80A3CCA66775E667C57FCDB0A622F64A1D16460A4FCC20A7F1A628E4C626A4DFCBF0A575A5D90C65D9D8DFCF80A543E58F2B3
29 Jun 2026 09:04:59,MO,231709,54,58A428FCD40A4D9355A26255B940FD090A7C5553441C53378EFC9F0AB42E50D75D50F1EFFCC00A79694F346C4F1ACEFCF10A67DB19EC
29 Jun 2026 09:04:54,MO,231709,340,6A4234D237107E66AF126673CEFCB50A28FA466201463B8FFCE60A611547250347324BFCB20A6CC1479890476FB8FCC10A663347F883480ECBFCC60A66FA4805F247FC12FCE10A6BE94859DC486A9AFC950A84DE48BA30489516FC950A7B2B48B63B48D699FCA60A852048BC9548E80EFCDA0A6DD548D68848FAA8FCD60A8F4E48D3E4491AB7FCB50A9211699CF469A01DFD0B0A5CF2632535632C8EFCAD0A1CB759F39859DDA2FC7B0A6E74539E5853A0E1FCFA0AA31C4F91BE4F7C6EFCC00A4D604AA0B14A8206FCA50A6B0347B15A47B281FCBD0A4997461CE4461A0FFCAB0A4C824581D3459289FCD40A5190459338458F6BFCF40A483245E12745E0ECFCCF0A5B16464903466DC9FCBE0A4F0846ABA046C8FAFCBC0A596E6942D2696DBAFCB70A304A668ED06693CCFCD20A572364A23164610CFCCA0A75126278936254ABFCBF0A4D925D4E5D5D5B2EFD000A4A81589D5D
28 Jun 2026 21:04:06,MO,231709,54,583FECFCD40A38F8554EBB556594FD000A65BE53084052FBB9FC9E0AA95250B26F50CD0FFCBD0A61EF4F1C054F025FFCF20A503C19E4
28 Jun 2026 21:03:57,MO,231709,340,6A418C123711ED68B29768752CFCB70A193846177A45F108FCEB0A4AB24703FF4711D4FCAE0A5D724771E04748F7FCC30A4FB347DC8747F291FCBA0A504047E66147DC62FCE60A55054845D2485686FC970A6FCC48B2E8488E03FC910A640C48B04048D0CDFCA40A764548B91D48E4A9FCD20A56D048D48D48F8BCFCD60A77F048D25C491927FCB30A7D4B698F4C6991CDFD0F0A4D356332A5633999FCB30A0EE75990FF597AF8FC7A0A63BC535CCF535FA8FCFD0A8AC14F75C34F6095FCC00A3C6D4A94204A757FFC9F0A560E47A78147A8A4FCB30A352D4615F446131AFCB90A35B7457D4F458E0FFCDA0A3AC54590E7458D1CFCF40A319F45E07245E030FCD10A4439464940466E04FCBD0A384C46AC4F46C9B3FCBC0A429F6937BE6962B3FCB90A224166A6F866ABF0FCDB0A4AE264B451647343FCC60A68FB626DE7624A29FCC20A41695CF6DF5D03BCFCF60A3E90583922
28 Jun 2026 09:04:16,MO,231709,54,57CE24FCD70A22F554FA6D551131FD030A475752CE7052C1F8FC970A9B9650900750AAA3FCBF0A441C4F05914EEBE9FCF30A324E19EC
28 Jun 2026 09:04:05,MO,231709,340,6A40E3523710B1603F5D60024BFCBC0A0A9046207C45FA03FCE70A2D8D470F71471D2CFCB40A492C477F41475638FCC20A327B47E5F847FBFAFCBF0A32F947EE8F47E46FFCDD0A379D484B43485BF5FC9C0A547C48B5FB4890FBFC9E0A467948B24F48D2C5FCA90A63A948BA7448E607FCDE0A396C48D54748F96DFCD60A5A1F48D2C7491996FCB90A630F6A68AD6A6EB7FD050A3FD663653C636940FCA909F8705917E8590219FC820A5757531E4853218DFCFF0A6C0E4F5CBB4F47A8FCBC0A27D04A87C14A691EFCA40A3C06479DA7479EDAFCB40A1BA5460F09460C35FCB00A18AB4578EA45899CFCDA0A1DB2458EA3458AD7FCEE0A14CD45DFCB45DF90FCD00A271246498E466E4CFCC10A1B5146AD1746CA71FCBD0A258D6A3F466A6A05FCB90A10AE6728D4672DCCFCD50A383664D1EC64912CFCC40A59316238556214D6FCBA0A33465C72B95C7FACFCFC0A309057C74E
27 Jun 2026 21:04:15,MO,231709,54,575869FCDA0A17FB54AB2554C1D9FD050A334B5299C1528D69FCA20A95C050715F508C0FFCC10A326E4EF14B4ED7BDFCF20A205E19E4
27 Jun 2026 21:04:07,MO,231709,340,6A403A91370FF368287367DCD9FCBD09FA0146AAA046845DFCE50A1BBF4742E5475016FCB20A3D9247AF1847866DFCBE0A20DF4807EB481E57FCC10A21664813A54809F3FCDF0A26034862A248736BFC9C0A445248BF3D489A25FC960A34D148BA2948DA79FCAA0A592E48BF2C48EA9BFCD90A27F248D82C48FC46FCD40A485E48D539491C14FCBD0A53BB6C404F6C3D54FD0C0A33EE6325C2632766FCAF09EB1558932A587DEDFC780A528652E56252E8FFFCFB0A59854F46D14F31E3FCBC0A1C1E4A7B664A5CC8FCA20A2C194793D547950BFCB90A0C9F460815460538FCAF0A076745745845851CFCD00A0C6B458C4445887AFCF20A03BA45DF0F45DECBFCCF0A15C54649BB466E7AFCC40A0A1E46ADB646CB16FCB90A144C6B17FC6B42C1FCB809FF59671E2C67231EFCDA0A2CA8646F34642E9EFCC30A512361A07A617D1BFCBB0A2CF85BCB8F5BD896FCFE0A29A95751A4
27 Jun 2026 09:04:11,MO,231709,54,56EC4AFCD70A2D0654661D547CA6FD050A46E6526F0C5262C9FC9D0AA5B15059235073D7FCC10A49244EE0DA4EC752FCF20A367C19E4
27 Jun 2026 09:04:02,MO,231709,340,6A3F91D13710086B8B066B4DCBFCB60A05534702ED46DBE8FCEA0A32054758B3476568FCB00A4DC347C2C4479A04FCB80A37784815F5482C64FCC40A381D48231D481957FCDB0A3CD9486AE0487B9DFC9C0A5A4E48C1CD489C95FC970A4BC748BC8D48DCB8FCAF0A678D48C0C648EC32FCD70A3ED548D92E48FD35FCD60A5F7B48D644491D25FCB50A68666CF5446CEE12FD120A4037627D7A627D8BFCB109F5E058103657FBB6FC7E0A621152B2DA52B6C0FD040A70134F33F84F1F16FCBF0A2B504A6ED84A5038FCA80A3D404789B6478AEEFCB70A200C4600B645FDE5FCAF0A1DD2456F6C458031FCDE0A22EB45897B4585BBFCF30A1A1745DDE845DDA7FCD40A2C5746498B466E4DFCC00A209B46AE0646CB67FCB90A2AD26B32366B5CF0FCB50A0773668968668E4FFCD70A3645639E3B635DBEFCC60A5C8A60BD5B609A05FCBA0A3A955B1BD45B2905FCF90A363156E58D
26 Jun 2026 21:04:26,MO,231709,54,568B67FCCE0A3BE05427C4543E43FD000A5987524B10523EC5FCA10AB07A5046185060C2FCC30A5B584ED3B14EBA1BFCEC0A484919EC
26 Jun 2026 21:04:16,MO,231709,340,6A3EE912371140779F667765BCFCB80A0ADB4696924670D1FCEF0A44834737C64744FCFCAE0A599947A8C047800DFCBD0A498C4803424819B8FCBE0A4A434810F7480734FCE20A4F244860144870DBFC9C0A6BE548BD2C489809FC960A5E2648B87E48D8CDFCA90A721A48BE0948E982FCDC0A512448D76E48FB8CFCD30A71F548D4A9491B7FFCB30A789F6CC7A56CB686FD0D0A4416614D33614E85FCAB0A05745796E257831AFC7F0A6DFC52856A52899BFCF90A82184F23984F0EC1FCBD0A365A4A61FC4A4361FC9C0A4A4E477F904780CDFCC00A2F6F45F95F45F68AFCB30A2FDD456A92457B4EFCD50A350B4586CC45830AFCF30A2C1C45DCD745DC90FCD40A3E9446496C466E30FCC40A32C946AE6046CBC2FCBB0A3D016A01136A2C2BFCB90A0BC86530C06535C3FCDB0A4154626C4E622B8EFCCD0A677E5FBEB55F9B5BFCC50A45825A7C1A5A8973FCF90A3F4C5684C0
26 Jun 2026 09:04:20,MO,231709,54,562B70FCD00A32F453ED5E5403C2FD0E0A5428522B39521EE9FCA00AABFB503587505027FCC50A51624EC74D4EADB4FCF40A3E3B19EC
26 Jun 2026 09:04:10,MO,231709,340,6A3E40513710627646D7760FEBFCB70A010F464D8446282CFCE90A3B67471EDE472C93FCB30A52BB4792D3476A32FCBF0A401347F2624808E4FCC20A40C247FE5F47F4A9FCE40A45A04854A248657DFCA10A634348B8CC4893D2FC9C0A548948B46A48D4E6FCAA0A6B7548BB9348E71AFCDC0A479348D5F048FA18FCD60A683948D366491A47FCB00A6FF16A57156A4A86FD090A3F066036636039D5FCAF0A0988572341571016FC7B0A6B90525DAA526238FCFC0A77C84F15B34F00F7FCBF0A2EAF4A55004A3660FCA10A403E47759F4776E5FCB70A271245F24645EF72FCB00A265F4565FA4576B5FCD90A2B9345846C4580ABFCEA0A22BC45DC0945DBCDFCCB0A351546498F466E5AFCC60A295C46AF0646CC5DFCB70A338D6829A56854F9FCB90A0AC863E93563EE42FCDD0A414F616507612426FCC30A65755EE4715EC11AFCBA0A424A59E2F159F054FD000A3A6D5624E1
25 Jun 2026 21:04:10,MO,231709,54,55CD41FCD10A230F53BA1F53D06DFD070A49D252119A520564FC9C0AA3445027F550429DFCC20A3FF14EBBC94EA22FFCED0A2CB819EC
25 Jun 2026 21:04:02,MO,231709,340,6A3D9792371122712FC270F73AFCBB09F9FB462DA446070CFCEE0A2A7F471A654727ECFCB70A46ED478B9047629AFCC30A2F2247EDC44803E8FCC60A2FB947F7C247EDC8FCE10A34834850EF4861A3FC980A537448B748489246FC940A434948B39248D3FCFCAC0A601D48BAFA48E682FCDD0A367948D5A348F9CBFCD50A56D748D332491A04FCB60A60906875BC686EA9FD0F0A363A5F654B5F6993FCAC0A05C256B0C6569E5DFC800A6567523D7D524251FCFD0A65E14F0A284EF571FCBC0A22194A47BB4A2919FC9F0A3002476BC9476D0DFCB90A186445EB4245E878FCAA0A157A456173457233FCD60A1AAE458225457E68FCEC0A120545DB6F45DB2AFCCD0A24294649D4466EA7FCC40A189046AFB546CD1DFCC00A22AE66F6B1672221FCB60A0553630688630BBAFCD30A3B4F6092E7605200FCC30A5EBE5E1A915DF750FCBF0A3B25594196594F1AFCFA0A31DF55C6BD
25 Jun 2026 09:04:18,MO,231709,54,557782FCD50A055A53918753A7C9FD030A302D51FE8A51F251FC970A91FB501D195037C6FCC10A1EFC4EB0EA4E9749FCF40A0BD919E4
25 Jun 2026 09:04:12,MO,231709,340,6A3CEED23711A36D6C016D3165FCB909E84E46140C45ED97FCEA0A0A63470AFA4718E6FCAE0A30E9477526474C2AFCC00A0F1D47DB0747F0F3FCCD0A0F8B47E15C47D724FCDB0A14194843394853ECFC9C0A355348B252488D6FFC9B0A229E48AF1048CFB0FCA80A4B8248B87E48E41CFCDD0A15F348D44448F86EFCDC0A35D548D20A4918E6FCBB0A437467D4C867CE69FD0B0A23FF5E90255E9438FCA909F75356432256319DFC7A0A57F85225CF522AE0FCFE0A44414F00694EEBA1FCC50A0B724A3A314A1B94FC9F0A12FD476217476362FCB909FCA645E46045E195FCB309F563455D1D456DD8FCD609FA92458012457C54FCEC09F23045DAEC45DAB3FCD30A03F5464A46466F13FCC509F88746B09746CDF5FCBF0A0295665F18668AAEFCC009F2C1622A4F622F82FCDA0A2BDB5FA13D5F605DFCCD0A510A5D29E55D0697FCC00A2D3158948F58A241FCF70A223055711A
24 Jun 2026 21:04:15,MO,231709,54,553319FCD309EF145375AC538BEBFD0D0A1C1551F2A151E683FCA90A869E5014F1502F92FCCA0A05B44EA6404E8CA4FCEC09F28319D2
24 Jun 2026 21:04:04,MO,231709,340,6A3C46123711AE7062947029ECFCB209D500469F99467C16FCED09F18C474173474EF6FCB90A20A047AFE64787B6FCC309F669480824481F16FCC609F6D74814F6480BA5FCE009FB5A4862D34873C2FC9F0A1E2C48BFE6489AD6FC9B0A09C948BA7F48DADBFCA90A3CCB48BF6B48EAE8FCD409FD5148D85548FC78FCD90A1CDF48D569491C4FFCB50A2DEB672D2067255FFD0A0A16235D79D15D7E32FCB009EFBC55E66755D5DCFC820A4FCF5216B8521BEFFCFC0A2A714EF8294EE364FCC109FB634A2C6D4A0DD3FC9D09FCF34758794759BDFCB809E7F845DD5E45DA9EFCAD09DCDA45589C456966FCD909E201457DDF457A2AFCED09D9D945DA5A45DA20FCCF09EB4F464AA0466F70FCC409E00646B15B46CEC0FCC209EA0065781465A3B3FCB609E53460F3C860F8F8FCDA0A21FA5E5F135E1E43FCCE0A48DC5C028E5BDF4FFCC40A251957ED9857FB71FCFA0A17F6552CCA
24 Jun 2026 09:05:10,MO,231709,54,550381FCDE09F75A5365E2537C12FD070A27E251EF1651E2EEFC9F0A8D84501059502AF2FCC20A0EEE4E9CB54E830CFCF309FB8419DB
24 Jun 2026 09:05:03,MO,231709,340,6A3B9D5237115078741C7839CDFCB509DDA746CDB946A872FCEB09FAD647534F47607BFCB10A283947BCA647941CFCBF09FFBA48110D4827B4FCC50A0028481D5C4813DBFCDF0A04B548687D487951FC9F0A278948C255489D39FC980A132C48BC8748DCCEFCA90A436148C0BA48EC2CFCDA0A06B248D92048FD37FCD60A264E48D62A491D09FCB70A36F965B67A65A703FD080A188E5C13625C1AD6FCB20A014355A0FB559140FC7D0A58D2520F1F521477FCFA0A33644EF0C04EDBF7FCBA0A02A14A1E4749FFB2FCA20A03D2474EAE474FFDFCB309F0F045D61945D354FCB109E6274553D445649DFCD409EB5C457B5E4577A8FCF309E32F45D97E45D947FCCB09F4BE464AAE466F79FCC009E96C46B1DC46CF48FCBE09F36F6346B563729AFCB809E8325EF8515EFD93FCDC0A2D3B5CCFFC5C8EE4FCC50A534F5ADFB45ABC4DFCC10A2E8E576CCD577AC4FCFE0A1F2554FD40
23 Jun 2026 21:05:03,MO,231709,54,54E1B9FCD10A11D5535F60537589FD040A461051F0AB51E478FC9E0A9EA5500CAE50274DFCC10A2C1E4E92394E7889FCF80A186B1984
23 Jun 2026 21:04:10,MO,231709,340,6A3AF4923711386BDB716B9D6EFCB009F7F446F97C46D397FCEB0A17E3475E06476AE3FCB20A3D1A47C605479D6BFCBF0A1CF84817EF482E8BFCC50A1D7C4824CB481B3DFCE60A222E486C64487D2FFCA10A43E548C362489E34FC970A30D148BD8C48DDC4FCAF0A564F48C16E48ECDBFCD50A244248D99048FD96FCD60A442A48D69A491D88FCBC0A521362BA5562B3B5FD0B0A2D6F5B09695B1359FCB00A1BF7556C6C555D6AFC7C0A6B7B520EAD521416FCFD0A50D84EE9944ED4BCFCC20A175C4A0FF249F16EFC9B0A1BBC4744E5474636FCB70A0B5045CE9345CBD3FCAD0A034A454EE2455FABFCDD0A089A4578A94574EFFCEC0A004245D86D45D82DFCD20A121C464A8B466F51FCBC0A06AF46B23146CF8CFCBC0A10B860E0C4610CAFFCB60A02C85D71185D765DFCD80A43755BA9055B67C1FCCD0A662E5A04E959E177FCC20A41265707A85715B1FCF50A301D54DB8E
23 Jun 2026 09:04:23,MO,231709,54,54CCE5FCD40A2AAC5362A35378C3FD050A5FF351F6F051EAC2FC980AACE45008F1502382FCC00A45F44E86014E6C47FCF70A320819EC
23 Jun 2026 09:04:12,MO,231709,340,6A3A4BD237123168BB16688049FCBB0A080746A218467C62FCEB0A3277474647475394FCB70A4F8C47B1774788B8FCC10A372E4808B4481F30FCCA0A37BB481466480A9EFCE20A3C8948632B4873F1FC9B0A5D5D48BFF8489AE5FC990A4B4848BA8348DAD4FCA50A66C848BF6348EAD7FCD70A3E9E48D83A48FC53FCDA0A5ECB48D548491C29FCBB0A6A2A60A9C360A8D6FD0C0A3E3E5A3DE45A496EFCAE0A3112554580553726FC7E0A7B86521553521AB6FCF90A6AF24EE1894ECC95FCC10A29544A019249E30BFCA50A30E0473B23473C7FFCB80A22E245C71C45C45BFCAF0A1D454549FC455AC0FCD90A22AA4575FE457250FCF10A1A2D45D76145D734FCD00A2C47464A77466F3BFCC10A20C446B28846CFE8FCB80A2AD65F207C5F4C55FCBE0A18345C4C655C51BFFCDB0A559B5AC3155A81C9FCC60A75F6595121592D9FFCC30A50FC56B28B56C0ABFCF80A3E8C54C6D1
22 Jun 2026 21:04:15,MO,231709,54,54C870FCD90A3A425370865386A9FD000A6C7752014D51F50EFC9F0AB436500425501EB5FCBB0A543E4E77614E5D9AFCF20A404219EC
22 Jun 2026 21:04:07,MO,231709,340,6A39A3123711B361C0A0618451FCB40A170D466893464206FCEC0A413F473B41474896FCB40A59EB47A649477D75FCC00A45C047FFD1481610FCC50A46464809EC47FFF8FCE10A4B2F485DFB486EB7FC9F0A6B9D48BE2348990BFC970A59F548B8F748D94BFCA70A6FDA48BE4448E9BCFCD90A4D4548D78648FBA6FCD40A6D9048D49E491B7FFCB60A77B45FAC3C5FABF2FD0E0A47FF59742D5980C4FCB40A3DB8552FC9552219FC7D0A84FC5222965227E4FD010A79014ED7784EC27AFCC30A334649F32D49D4B3FCA00A3C364731924732E4FCB50A306745BFA945BCF7FCAD0A2BC24545224555F0FCDF0A313A457381456FD5FCF10A28AA45D68845D64AFCCF0A3AED464A78466F4DFCC10A2F5F46B2FB46D065FCC20A39755DFDE05E29C8FCB90A22DE5B48305B4DA3FCD50A5FAB59E2B759A16EFCC90A7FC9589F65587BD5FCBA0A5AC6566DDF567C1EFCF70A46E454C270
22 Jun 2026 09:04:20,MO,231709,54,54D6F0FCD90A470B53890D539F27FCFE0A7361520DCF52018EFCA60AB88F4FFC6B5016EEFCBF0A5E9C4E65864E4BC3FCF90A4AA419EC
22 Jun 2026 09:04:09,MO,231709,340,6A38FA5237132B662FC365F2BCFCBA0A18EC4677EE465151FCE40A4BF24737BD4744EBFCB50A60DF47A620477D2DFCBF0A5096480025481660FCC40A5124480BBB4801D0FCE30A562A485DE3486E9AFC9F0A763248BD2848980EFC960A64FC48B85148D8A5FCA90A765048BDFD48E975FCDE0A584848D75448FB6DFCD70A78A348D47A491B53FCB60A81E05E180B5E17DCFD160A4D90589BDD58AA90FCB00A4A7C552FB35522AEFC780A8B9452357A523A93FCF90A83284ECA504EB528FCBD0A3A5D49E4F349C687FCA50A446C47280247295CFCB00A3AB745B84945B584FCB00A369945406945512AFCD50A3C1C457112456D62FCF70A337C45D5B645D574FCCA0A45DF464A9A466F65FCC50A3A4C46B38746D0E7FCBC0A445E5C6C3C5C9826FCBA0A2AB95A1FC45A2545FCDA0A68D25900A758BF53FCC30A880A57FE8357DAEAFCBB0A62245642855650D0FCFA0A4CB954D10D
21 Jun 2026 21:04:19,MO,231709,54,54FC6BFCD50A43F853AB5C53C17EFD030A69325218E6520C9AFC9B0AB2B64FEF515009C8FCC50A57924E4FB04E35E1FCF10A43CF19E4
21 Jun 2026 21:04:09,MO,231709,340,6A3851923713CA62AC96626F5AFCB40A16B7460E3A45E806FCE90A464C471176471F78FCB50A5D2B477E0D475543FCC10A4AAA47E2DE47F927FCCA0A4B1647EAC947E0E8FCDF0A500C4848F54859C3FC9C0A70E048B49C488FC0FC8F0A5EC348B16A48D20AFCA70A71FA48B9A648E541FCD70A521548D4EA48F91EFCDB0A724F48D2B149198CFCB70A7C765C7D4E5C7FDCFD0E0A49A857D8C257E963FCAC0A4C95554A3A553DBCFC7C0A8858524B9052504DFCFF0A7B954EB8B64EA373FCBB0A357C49D72149B8C0FCA00A3DED471E95471FF2FCB40A35FA45B0F645AE43FCB10A305F453BD4454CA1FCDC0A35E4456ECF456B25FCF20A2D5D45D51845D4DEFCD10A3FA9464ADD466FA7FCBF0A342346B43A46D199FCBB0A3E2B5AFB185B26EEFCB90A289B5912235917BFFCDE0A68535835F357F4A3FCC70A87755774F557514CFCBD0A601E563541564398FCF70A494D54F685
21 Jun 2026 09:05:18,MO,231709,54,553F03FCD70A33E353D42C53EA6CFD050A544C521E1B5211BCFCA50AA5A34FDB404FF5B3FCC50A43284E36174E1C47FCF00A2FBC19EC
21 Jun 2026 09:04:20,MO,231709,340,6A37A8D23713A75B4B8D5B120FFCB70A0CB84604A445DE3CFCED0A32C7470CAA471AA8FCB20A4F7247769C474DBCFCC10A372F47DD5147F368FCC20A377B47E4F647DAF6FCE10A3C5848457848563EFC9A0A5E5148B341488E6EFC930A4AEB48B05648D0F1FCAC0A653B48B92648E4C1FCD60A3E5848D4AE48F8E0FCD60A5E4948D26F49193CFCB90A6AF15B37275B3A56FD100A3E18570AFA571DC6FCAE0A4730558AD0557EA3FC7C0A7D6D525FE552642CFCF90A66254EA1DE4E8C95FCC00A27B949C9D949AB75FCA20A2C3D47153F4716A7FCBB0A25AD45A9C845A70CFCB00A1CF9453763454838FCE00A227D456CCB456919FCF10A1A1D45D4A945D473FCCE0A2C34464B5646701CFCC50A20C546B50746D26FFCC20A2AC459B5CB59E181FCBB0A1D3B580606580BB1FCDC0A60555768F857278DFCCF0A80D756F6B856D2BCFCBC0A579856565B5664C3FCF50A3F53553926
20 Jun 2026 21:04:25,MO,231709,54,559C9DFCD30A230453FAE754113EFD060A40A1521894520C29FCA10A9AAB4FBFCD4FDA30FCC50A2FA34E19354DFF6DFCF30A1C7E19EC
20 Jun 2026 21:04:20,MO,231709,340,6A3700123712D163BCEE637C03FCBC09FAAC46808D465A51FCEC0A1FB9474412475160FCB30A42D047AD3147845EFCBF0A244048041A481A72FCC70A2494480E63480483FCE00A29684860C548718AFC9A0A4C3348BF7D489A60FC980A37E748B9FD48DA5AFCAB0A59DA48BEF348EA6AFCD60A2B8148D7FA48FC1CFCCD0A4B2948D50D491BE2FCBB0A5A84593A2B593A2CFD0B0A320A5617DD562F73FCAF0A489455FA8A55EE24FC7E0A724D526BDB526F96FCFC0A513F4E85FC4E70BBFCB90A1B6849BD47499EE7FC9E0A1BA7470BE8470D47FCBA0A163F45A282459FDEFCB00A0A4B4532ED4543C7FCD90A0FD2456AA545670CFCEB0A079D45D43845D3F9FCCA0A1978464BC846708CFCC40A0E2D46B5E146D33FFCC00A181F57982957C3DDFCB80A1191568D0F5692CAFCDC0A5C8D568DFB564C42FCC20A7D8C56B322568EC6FCC00A508B56C93A56D797FCFE0A36D95596AC
20 Jun 2026 09:04:29,MO,231709,54,560501FCD40A2BFD541585542BEFFD010A4B9552068B51FA0DFCA10AA1344F9E8F4FB8E9FCC10A3A914DFB344DE168FCF00A278119F5
20 Jun 2026 09:04:21,MO,231709,340,6A3657523713206357E1632130FCB609FD3A46C14D469B48FCE60A2B1347514C475E71FCB40A4B3E47BA554791A2FCBC0A2FB7480E3D4824B8FCC20A3013481A4A48109DFCDF0A34F04866C2487791FC9A0A575748C163489C49FC9D0A437C48BBAD48DBF7FCAD0A61A848C02C48EB9DFCD80A371A48D8C448FCD1FCD00A56D948D5C2491C9BFCB50A65A5549276549EE5FD0E0A39D555B8EF55D6F8FCAF0A5FE8568C1E567EA3FC780A7516526944526C7AFCF90A5B2F4E65E14E50AAFCBC0A243549B1374992E9FC9E0A25A04702594703BCFCB80A2170459AF7459848FCAD0A15B8452E40453F0CFCDA0A1B4645684A4564A2FCEE0A130745D37445D343FCCE0A24FA464BE74670BBFCBB0A19AA46B66C46D3D4FCB80A239A5491C554BD19FCB80A213A55818F558766FCD70A6DFB566BD3562992FCCB0A898C572DA45708D5FCBE0A579B5794B457A2E7FCF80A3DA355FEE1
19 Jun 2026 21:04:15,MO,231709,54,566102FCD60A3CDB541A785430FBFD050A620151E58851D90DFC9D0AAE3D4F77E94F9245FCBD0A50BE4DDCB04DC2E7FCF10A3DAC19EC
19 Jun 2026 21:04:12,MO,231709,340,6A35AE923713675633C755FF54FCBF0A0F7446D1D646AD54FCE80A41AB4751B7475EF0FCB30A5B6147BBC2479359FCC20A4666480F53482619FCC70A46CD481C3448129CFCDC0A4BCD4867054877DCFC9E0A6D3F48C11B489BF9FC980A5A7848BB8B48DBD2FCAA0A705248C00D48EB81FCD70A4DFB48D8A748FCC0FCCD0A6DF348D5C0491CA4FCB50A7AEA50A0C650C035FD0E0A4AC156891156AB3AFCB30A780757218C57124FFC7B0A7C045253F95256D6FCFF0A70754E42AB4E2D90FCC00A349449A5E8498793FCA30A398146F8A546FA0CFCB70A366D45934A45908FFCB00A2C36452966453A3DFCD90A31DA4565D645623CFCEB0A297945D29F45D268FCCE0A3BAE464C024670CBFCBD0A304446B6E946D44CFCC00A3A3752D78A53027CFCBA0A3A2155F22455F803FCDB0A8485578725574442FCC30A97455889AA58647CFCC20A614F5892D858A0CAFCF70A4916565AAD
19 Jun 2026 09:04:27,MO,231709,54,569D9FFCD40A47E754033E5419C6FD030A72B151B4C951A844FCA30AB8654F4D264F6781FCC10A612C4DBE7C4DA4AAFCEE0A4E2419EC
19 Jun 2026 09:04:22,MO,231709,340,6A3505D23711813F07CF3ED82BFCB80A1EDB469DF84677F8FCEB0A52CA474AE9475813FCB40A679647B2E5478A12FCC40A57494807B8481E1FFCC30A57A84812CF4808FCFCE20A5CB14862F94873B5FCA20A7D8A48C003489AE0FC9D0A6B6848BA6348DAB1FCB30A7B0C48BF1E48EAA0FCD50A5EE448D80848FC20FCD40A7EFE48D510491BEBFCBB0A8AB450A21050D01CFD0D0A58E3585C6C587E00FCB10A7F2957A046578EFDFC780A7F36522A48522CDAFD010A7FB84E1E0D4E0917FCC40A40AB499B32497CE5FC9D0A486146EEDE46F04AFCB80A461C458B994588F5FCB50A3CE14524A3453580FCD70A429D456380455FD9FCF70A3A2245D1F145D1B1FCCC0A4C83464C2C4670EDFCCA0A410846B76A46D4DDFCB70A4AFF543C1D54670BFCBD0A4CFA580B055810BDFCD70A8F9A599DBE595A82FCCA0A9C035A675A5A421CFCBB0A6567598FC0599D6EFCF80A5095569711
18 Jun 2026 21:04:28,MO,231709,54,56AB75FCD40A53B153CCCA53E33DFD040A823E51765A5169DBFC9F0AC2704F20444F3A99FCC50A70254DA16A4D87B2FCF30A5D3119A7
18 Jun 2026 21:04:18,MO,231709,340,6A345D1237141139ED6739C04AFCB60A375A46871E466178FCE70A622D474214474F69FCB80A720747AD36478481FCBE0A66AE4803B5481A2EFCC50A670D480F884805CEFCE30A6C3148608E487163FCA00A8C4C48BE9B489983FC910A7AFA48B95148D9A4FCAE0A84AD48BE7848E9ECFCD30A6E6948D79D48FBBDFCD30A8EA448D4BD491B9DFCB80A9929531FD2535162FD120A64E65A9FA35ABE7AFCAD0A7DF857F33B57DFAFFC7A0A81C351EDA151F02FFD020A8DB14DF9E84DE51AFCBB0A4B9E4991064972C6FCA30A561C46E50246E66BFCBC0A547D4583E3458146FCB10A4C2C451FE64530C8FCD80A51F6456129455D80FCF30A496A45D12C45D0FDFCD30A5BF3464C56467125FCBD0A507146B80A46D560FCC00A5A6757763F57A16CFCB50A5AC95AF1CF5AF75EFCDD0A92F25C1C915BD961FCC80A9C055C6A3F5C453CFCBC0A67555A66D25A7423FCFC0A56AE56A4A2
18 Jun 2026 09:05:11,MO,231709,54,567CD9FCD20A58F5537AC753913CFCFF0A89E751304C5123D4FCA20AC8AF4EF3F34F0E4DFCC00A77124D86624D6CABFCF30A642919E4
18 Jun 2026 09:05:03,MO,231709,340,6A33B45237132F444C7944194BFCBC0A2EAF46928D466D03FCEC0A6931474238474F76FCB40A76AB47AD8C4784E3FCBF0A6DDD4803D0481A59FCC70A6E4648105048069CFCDF0A737848609548715DFCA10A931F48BDF94898E3FC9A0A824748B90548D94DFCA80A88F448BE3A48E9A9FCD90A75BD48D77848FB9EFCDC0A95FF48D4AC491B7FFCC00AA01B55FD6956323AFD0D0A66AE5D5B0A5D7536FCAE0A719758000057EA7DFC7F0A814551A47451A735FCFC0A93A84DD8274DC392FCBF0A50C3498789496943FCA70A5CD346DB1846DC86FCB40A5B96457C4645799EFCB50A5369451B4D452C2BFCD20A593F455EEE455B53FCF00A50AB45D09445D065FCD00A6345464CA146716AFCCB0A57BF46B8A446D616FCBE0A61B75AF83B5B239AFCB50A5FE35E3FE15E454CFCD80A8E925EE3575EA059FCCC0A95595E7BC85E5726FCC00A63DC5AEF1A5AFC50FCFB0A583A5675D0
17 Jun 2026 21:04:32,MO,231709,54,561667FCD70A522F53192C532F8DFD0A0A839850E8BE50DC64FC9B0AC6C24ECA444EE49EFCBE0A6FD64D6E454D5484FCF10A5D1719EC
17 Jun 2026 21:04:21,MO,231709,340,6A330B9237138D3C63393C321EFCB50A41F2461E6745F8B8FCEF0A6308472051472E24FCAB0A71E64791844768C0FCB80A674047EFC5480622FCC80A678E47F9C147EFE5FCE20A6CBD48526A486335FCA00A8CB248B870489378FC990A7B7448B47748D4F1FCAC0A841A48BB6E48E6F6FCD90A6EF648D5DE48FA0BFCDD0A8F1348D34F491A2AFCB20A9A1F5C2AD45C5EF5FD120A6079604F5D605FB0FCAD0A4CF457B73857A0A0FC7F0A7C0351567351598AFCFD0A8B904DB97C4DA515FCB90A4BC0497E89496051FCA00A571546D12346D29AFCBD0A560E4574C245721FFCB70A4CAB4516D74527B5FCD40A5282455CE7455943FCF70A49FE45D02945CFF4FCD10A5C8A464D0A4671DEFCC40A511946B97246D6D4FCC00A5B03608F2760BA6AFCB60A5A35623942623E5CFCDB0A795261A8CF6166A8FCC10A84C360201F5FFC2EFCC00A59C05AF0E65AFDF6FCF80A52C9560F44
17 Jun 2026 09:04:36,MO,231709,54,5592E7FCD20A400C52B42C52CA80FD0A0A70A750A38F50972BFCA10ABE364EA4334EBE8DFCC10A5C094D59394D3F8CFCF20A498619F5
17 Jun 2026 09:04:26,MO,231709,340,6A3262D23714353DDE143DACDAFCB80A47E546460F4620D2FCF00A4FA4472E45473BE6FCAF0A6420479D874774E5FCC70A53F647F7D1480E38FCCB0A543748026147F8A3FCE50A594E48581A4868F7FC920A79CC48BAFA4895F2FC9F0A67EB48B66A48D6D2FCAA0A777F48BCA648E823FCD50A5B8C48D68C48FAB1FCD70A7B6048D3D7491AB7FCB40A88B865C4D065E3B8FD080A5FE96235B8623A09FCB60A1D1A573260571BCEFC830A739E510966510CFAFD040A76E34D9E664D8A26FCC20A3E464975EA4957B4FCA10A464B46C72446C899FCB70A456E456D59456AC0FCB30A397F45128F452376FCD80A3F54455AFE45576AFCF40A36F745CFE345CFB7FCD20A494E464DA4467276FCCA0A3DF946BA5F46D7D1FCBE0A47D66746E76771C8FCB60A3E13656DBE6572B0FCD90A58086337DF62F6A9FCC60A70A8608DEA606AD1FCB40A4D945A6D5D5A7A40FCFD0A485E558B9B
16 Jun 2026 21:04:25,MO,231709,54,55095DFCDA0A364E525228526864FD090A662C50635150571FFC9C0ABB3E4E82DD4E9D49FCC10A509F4D47A34D2DF6FCEE0A3E2119EC
16 Jun 2026 21:04:18,MO,231709,340,6A31BA123714136354E7631B8EFCB40A1BAF466739464144FCED0A44A64738E647466AFCB40A5CF247A341477A8DFCC40A492447FBB3481214FCBD0A49534805C647FC08FCE20A4E59485A94486B66FC990A6F1E48BC0D489701FCA10A5CDB48B77F48D7E5FCA90A708748BD4E48E8D3FCD70A509648D70F48FB31FCDA0A703C48D45E491B35FCB80A7F1F6C31FF6C2F53FD0E0A54E262313C623060FCAB0A084C569A9956847DFC7E0A712B50BF6B50C366FD000A6ADA4D86FE4D72EDFCBB0A3703496D70494F2CFC9B0A3CF346BCF546BE5DFCB80A3C384565D8456335FCAE0A2E9A450E26451F11FCD30A347045590845556EFCEF0A2C2945CF8B45CF62FCCE0A3E61464E264672F5FCC10A331D46BB3946D8A0FCBD0A3CED6A322A6A5CFBFCBF0A1CB965D13865D60BFCDC0A477D62E2AD62A20FFCC40A69065FE4C25FC1ABFCC50A496159B40059C13CFCFE0A431C55024D
16 Jun 2026 09:04:34,MO,231709,54,548314FCD70A2FFC51F65E520C71FD090A5ECA502B7A501F5CFCA40AB99E4E685E4E82D0FCBE0A48564D3A8D4D20E8FCF20A35DE19C1
16 Jun 2026 09:04:26,MO,231709,340,6A3111523713987409E873CDACFCBE0A0B834653BA462E0EFCEA0A3CBB4736DC47445DFCB80A576347A324477A4EFCC60A411447FB954811EEFCC40A413648059647FBB2FCE40A4634485AB5486B85FC9E0A671048BCB048979CFC970A54A948B7B748D816FCAC0A6B5648BD8148E8FFFCE00A487748D71448FB32FCD00A67F148D449491B22FCB40A78106CE77C6CD8DEFD0D0A49846156D36155F6FCB00A064455FEB155E922FC7C0A707A5079F2507E66FD000A61E84D73AF4D5FBBFCB90A31E64964F54946AFFC9E0A361E46B28446B3ECFCB10A3584455E47455BADFCB00A269B4509BE451AA6FCD50A2C73455716455378FCEE0A244445CF3945CEFEFCD00A3667464EA0467376FCC60A2B3046BC0946D974FCC30A34F769A45E69CF72FCBA0A105664DD9164E266FCD50A43FD61F0F061B046FCC30A66AD5F04515EE145FCBD0A477658F9FC590753FCFC0A3F73547C03
15 Jun 2026 21:04:50,MO,231709,54,53FCA8FCE00A2EFD51A14251B73BFD090A5C094FFBF74FEFE4FCA30ABA934E53F74E6E68FCC40A44A24D31434D17A7FCF60A323319E4
15 Jun 2026 21:04:27,MO,231709,340,6A3068923713B07238E372060CFCB70A02ED467354464EB2FCEB0A3981473D40474AF6FCB30A55BE47A6E0477E6DFCBC0A3DE747FEDF48158EFCC20A3DF848096E47FFEBFCE70A42F1485C5C486D3EFC9F0A63AD48BD3E48983AFC940A515748B84748D8B7FCAC0A698848BDE548E968FCDC0A453348D76448FB7EFCD70A648F48D4A6491B87FCB80A75816B4C1C6B43AEFD0C0A49FC609BC3609AE4FCB00A0818555B45554666FC7C0A72E4503B48504043FCFC0A5DF34D649B4D50C5FCBF0A307E495C80493E2FFC9B0A336A46A7D546A94FFCB40A32F64556A045540CFCB40A234045055745163EFCDC0A291F45551E455180FCEA0A20F945CEDB45CEA6FCCD0A330E464F1C4673EDFCC50A27EA46BCE546DA46FCBC0A31A068A05468CB72FCBD0A131764164F641B28FCDE0A447561277B60E6C2FCC80A661C5E321E5E0F2CFCBE0A47E25834CA58425CFCFB0A3E9F53F5A2
15 Jun 2026 09:05:08,MO,231709,54,53792BFCD30A36DA5154BE516A94FD0E0A62244FD4794FC876FC9C0ABFF94E44D64E5F4FFCC30A49B04D2B054D115AFCF90A374019E4
15 Jun 2026 09:04:20,MO,231709,340,6A2FBFD23714427091A87056A4FCB60A09ED465EDD463864FCEF0A3EAD4740D0474E2FFCB60A596A47A888477FA3FCC00A430547FE954814D2FCC80A43104807E347FDFAFCE50A480F485D1F486DDDFCA00A682F48BE0A4898FBFC9A0A567E48B8C048D924FCAC0A6CE448BE1A48E992FCDA0A4A5848D77148FB89FCD20A69BA48D48B491B6CFCBE0A7AA46B48296B3D8CFD0A0A4D645FCCD75FCABEFCAD0A0B1A54B344549F63FC820A7A33500515500A89FCF90A62BF4D59874D45C3FCBC0A351C4953D649358FFCA70A3848469D00469E75FCBA0A37FA454EEA454C5CFCAE0A286F4500D94511CDFCD60A2E5B455307454F70FCEC0A262F45CE6745CE37FCCD0A3852464F80467464FCC70A2D2B46BD9C46DAFEFCBB0A36E6683F1E686A55FCB80A13D26351156355EBFCDD0A46C16036B65FF606FCCA0A69565D2E535D0B88FCC10A4D10575B525768F2FCF50A4270537243
14 Jun 2026 21:04:38,MO,231709,54,52FF5CFCDA0A3D255112E55128A1FD060A667A4FB52B4FA942FC9E0AC3F14E3A9F4E5517FCC70A4D024D27554D0DB8FCF40A3A9219F5
14 Jun 2026 21:04:28,MO,231709,340,6A2F171237147072E2A472A881FCBD0A0C2E4652B7462C70FCE90A4251473BC447493CFCB10A5BF447A4B2477BDBFCC00A46A747FBDE48121EFCC40A46A948051C47FB23FCDB0A4BAF485B04486BC9FC9B0A6B3948BD09489803FC980A5A1548B80748D864FCAF0A6F3448BD9748E916FCDB0A4DFD48D72048FB44FCD70A6D5848D462491B38FCB80A7E4D6B2C126B1BB0FD090A4DA85E9D7B5E9B30FCAC0A10095410BB53FDF4FC770A80BD4FD8034FDDDAFCF80A65FA4D52414D3E96FCBC0A3876494AFF492CBAFCA70A3B8D4691FC46937CFCB80A3B634547354544A6FCAD0A2BFB44FC6F450D54FCD80A31ED455102454D77FCF50A29BF45CE0345CDD5FCCB0A3BF1464FFA4674CAFCC10A30CD46BE5A46DBCAFCC00A3A7D6763AB678F09FCBE0A11A9620EB66213ABFCD90A49675EE64D5EA5B5FCC70A6CFB5BEC775BC9BAFCC40A5205567A7A568848FD040A457552F880
14 Jun 2026 09:04:39,MO,231709,54,5293C9FCD30A3C5550DC2E50F1D7FD060A636A4F9E1E4F9241FCA10AC3574E35384E4FB1FCBD0A48FA4D260A4D0C6DFCF10A369919EC
14 Jun 2026 09:04:30,MO,231709,340,6A2E6E523714AA7496F0745C54FCB40A09B9465DF646395DFCEA0A3EA147388347462EFCB40A58EF47A583477CE6FCC60A42F047FC8948131EFCCD0A42F348075547FDA9FCE40A47F9485B51486C29FC9D0A670948BCB84897B2FC9C0A565A48B79548D7FCFCAB0A6CD248BD7148E8F2FCD60A4A4E48D70848FB2DFCD60A699148D43C491B1AFCB90A7B396A211B6A0D76FD0C0A4A6E5D1BC25D1A94FCAF0A14CD537CFE536B5EFC790A83384FB40E4FBA44FCFB0A61E54D4E6F4D3ACCFCBD0A368D4941D849238BFCA50A38334686D346885CFCB60A383D453F9D453D09FCAE0A285244F8124508FAFCD50A2E48454F25454B92FCED0A262945CDB645CD89FCD30A384846508046755BFCC10A2D3246BF3446DCA2FCC70A36D865DE9C660A41FCB80A0BEE605895605D98FCD60A4A605D4B7E5D0AE7FCC80A6E535A87CB5A6530FCBB0A53A355A5BA55B3B2FCF60A44A7528D14
13 Jun 2026 21:04:34,MO,231709,54,5234CFFCD10A380D50B0B450C64DFD060A5D094F8FB64F83E2FC9C0AC0E44E345A4E4ED8FCC20A41AD4D26AB4D0D0CFCF10A2F6319EC
13 Jun 2026 21:04:26,MO,231709,340,6A2DC59237146C7A5A5B7A2364FCB609FE784658B246319AFCF00A37B0474085474DC3FCB60A54A747A5D4477CCDFCC20A3C0447FC38481241FCC30A3BEC48046C47FA5CFCDD0A40E6485ACB486B7AFC9A0A5FC548BD114897FCFC970A4F2C48B80F48D86BFCAE0A688248BDB048E929FCD60A433348D72A48FB48FCDA0A625448D44C491B2EFCB90A75186773DF675FCDFD0B0A43D95B87395B890FFCAB0A1D2352F83D52E7A9FC7E0A83BB4F99AB4FA04BFCFF0A5A744D4DBD4D3A19FCBC0A327F493852491A05FCA00A31B9467BA0467D19FCB00A320A45380045357FFCAE0A215844F3CD4504B8FCD70A2754454D4C4549C1FCE40A1F4345CD7945CD54FCCC0A314C4651174675E8FCBF0A264646C01646DD84FCBF0A2FE763458063716CFCB80A06CC5E5A165E5F44FCD20A4D475BB1035B704CFCC20A6F11594200591F40FCBF0A537E54E6C454F4E5FD040A424F522E2F
13 Jun 2026 09:04:47,MO,231709,54,51E2ACFCD70A382850922350A7ADFCFF0A5BC94F8A764F7EAEFC9F0AC1324E37C04E5246FCC00A3F764D28DE4D0F3AFCF30A2D3D19EC
13 Jun 2026 09:04:32,MO,231709,340,6A2D1CD237140B6FE46D6FABB0FCB80A064B4691BE466BDEFCEA0A35C8474F43475C8CFCB40A53AD47B38E478ACCFCBD0A3A2E480636481CA9FCC60A3A1E4810884806C5FCDF0A3F1248623F487302FC9B0A5D4D48BFF8489ADCFC960A4D5D48BA5A48DAB3FCA50A67CB48BF1648EA8EFCDC0A416C48D80A48FC28FCD80A607348D51D491BFBFCB80A73DE6492BE648759FD0D0A454F5A4D225A5070FCAD0A24BC527DDA526E63FC840A87584F89C84F90A6FD020A584F4D4F984D3BECFCBE0A3278492E5E491008FCA30A2FE146702F4671B2FCBA0A3075453065452DE1FCB10A1F7A44EF70450065FCDA0A257B454B694547DFFCF10A1D7245CD3A45CD11FCC50A2F7946519D46767EFCC30A247746C0F646DE59FCBB0A2E0961356A61615AFCB70A0B7F5CE0BD5CE5FDFCDB0A51335A68B15A27F1FCC60A70FD58224557FF99FCC70A55DF54303E543E86FCFD0A432A51DC34
12 Jun 2026 21:04:48,MO,231709,54,51A1E4FCDA0A43665081765096EEFD0B0A66A04F8D374F816BFC9A0AC7CB4E3E084E588DFCCA0A49334D2BDA4D1233FCF30A36FC19EC
12 Jun 2026 21:04:33,MO,231709,340,6A2C74123715136BDA316BA07BFCBC0A0F3546A56D467F81FCEC0A3FA84751F0475F1EFCB80A5A9347B6F2478E2EFCBD0A4429480898481F05FCC80A441F4813FD480A43FCE20A491E4863E94874B6FC9E0A662E48C041489B25FC9A0A577248BA9448DAE3FCAD0A6E8748BF4648EABCFCD60A4B8348D82048FC43FCD40A6A9848D522491C02FCBF0A7D77636D6F636148FD0C0A4C17590140590577FCAB0A2FF452135252050CFC7E0A91274F84764F8B82FD010A622E4D53374D3F86FCC30A3AEA4923E8490593FC9E0A38B746648E466618FCBB0A39714528AC452627FCAD0A296244EB0544FC00FCD60A2F704549724545E5FCEE0A275E45CCDB45CCBAFCD10A397E4652114676E4FCC50A2E7B46C1AD46DF1FFCB40A38075FCE0E5FFA06FCBC0A121E5B62735B67BFFCD90A58B059029258C1FAFCC70A78A156EAC156C82EFCC00A5EB95382735390E9FCFB0A4A81519B7D
12 Jun 2026 09:04:45,MO,231709,54,5177A2FCDA0A473C507F21509495FD070A6A7C4F96B44F8AE9FC9A0AC9D44E46714E60F6FCBE0A4C214D2F474D159CFCFB0A39F919EC
12 Jun 2026 09:04:30,MO,231709,340,6A2BCB523714016A0E0169D4A1FCBA0A116D46293246026DFCED0A437847353C4742C6FCB80A5D8B479BB34772B2FCBE0A478147F483480A9BFCC40A475947FB2247F10EFCE30A4C5A4854C448656FFC9B0A68C248BAF44895F2FC940A5A9D48B64748D6B3FCAA0A70BC48BC9A48E820FCE10A4EAA48D68348FAA6FCD10A6DBB48D3C3491A9EFCBC0A80A7619493618832FD0B0A4D4B57860B578C2CFCB20A39CC51C11E51B408FC7C0A96B34F88974F8FD3FD010A65294D57E04D442DFCBF0A3E454918F148FA98FCA00A3B454658DB465A6BFCB40A3C3645210A451E89FCB40A2C9C44E6AA44F7ADFCD90A32AF45478A454409FCF70A2A9F45CC9845CC6EFCD50A3CC14652A746777BFCC90A31C046C28B46DFF2FCB70A3B465DDE295E0A30FCB60A15DA599F1459A47DFCDA0A5DF45779465738C5FCC80A7D7955AABF558823FCBC0A63DF52EC5A52FAEBFCF90A4DD951716A
11 Jun 2026 21:04:41,MO,231709,54,5166A0FCD60A46E6508976509ED7FD040A6A814FA56C4F99A8FC9D0AC9BF4E50634E6ADFFCC20A4B584D331B4D1978FCF40A394919EC
11 Jun 2026 21:04:33,MO,231709,340,6A2B22923714CE6D47FB6D0C77FCB80A0D1346ABBA46877EFCE70A428B475097475E03FCB20A5CC247B744478ECFFCBD0A46F648089C481F57FCC50A46EC4814CC480B4DFCDF0A4BF2486390487468FC9C0A675248BFFB489ADCFC9D0A5A3D48BA4F48DAA2FCA80A70D948BF1848EA95FCDE0A4E5F48D7FF48FC22FCD90A6D6148D51B491BFBFCB30A80A75F1DF85F10E1FD0D0A4B9355F31055FC4DFCA80A448D518E96518281FC7F0A99D34F93EF4F9B32FD010A64674D5D064D4945FCC00A3F2F490D6848EF09FCA10A3A7B464D14464EA2FCB40A3BB54519644516F1FCB20A2C3844E26444F360FCD60A324D4545C445423AFCEF0A2A4045CC6445CC40FCD40A3C6446533A46780DFCBF0A316946C36046E0D1FCB90A3AE65B6C545B9852FCBB0A175F57ABBC57B135FCD70A62EB55E91D55A89BFCC50A8160547F83545CD4FCBD0A6747527CE4528B94FCF20A4F65516081
11 Jun 2026 09:04:37,MO,231709,54,516D59FCD20A4B28509C3150B1A0FD060A6F704FB69B4FAACDFC9C0ACBF44E5B124E758EFCC80A4F904D37254D1D77FCF40A3D9619F5
11 Jun 2026 09:04:26,MO,231709,340,6A2A79D23714FE68F48F68B740FCB70A0EE0465515462EB8FCE40A477C474030474DBEFCB50A609247A563477C8EFCC10A4BA147FAE2481122FCCB0A4B8748030147F91CFCDF0A508F485992486A4AFC990A6B0448BC8D489780FC9C0A5ED048B78D48D7FAFCAE0A740048BD4148E8BDFCD60A52F148D6EF48FB13FCD50A71F148D439491B16FCBF0A85165C274C5C1D3DFD0C0A4E0454700E547D2CFCAD0A52CE517F085173B6FC810A9E5C4FA31D4FAA52FCFA0A689F4D62574D4E72FCB70A438B49012F48E2C1FCA40A3E2446412A4642B9FCB60A3F8E4511C6450F4FFCA80A30BA44DE1844EF1CFCDE0A36DB4543EC45406AFCE90A2ED145CC2845CC07FCCD0A40FE4653C7467899FCC00A360546C43846E1A0FCB90A3F7E58D84F590423FCC40A1DF555BB3355C0D2FCD90A6AB7547407543378FCCB0A87F753839A5360B5FCC40A6CCB523FC2524E8EFCFD0A533B51674F
10 Jun 2026 21:04:35,MO,231709,54,51842EFCD70A46AC50B1F850C76EFD0B0A6B854FC8274FBC5DFCA10AC9304E65FC4E8080FCC10A4B1F4D3AF64D2140FCF30A394D19EC
10 Jun 2026 21:04:28,MO,231709,340,6A29D11237153C6847D3680D34FCB909C18C4667C3464221FCE90A43694744EE475258FCB00A5D5D47AB654782ABFCBE0A479247FEBE48151BFCBE0A478348086147FE94FCDF0A4C88485D3E486E0AFC9F0A661548BDE14898CFFC930A5ABC48B87F48D8E5FCAB0A71A248BDE248E968FCDD0A4EF248D74948FB6BFCCE0A6DD848D472491B47FCB90A818D58436F583FE2FD0A0A4A4C5337E65349E0FCB50A5E1A518D9A518293FC810A9CE64FB31A4FBA4CFCFD0A64274D67EB4D53F7FCBD0A41A848F44148D5DAFCA00A39F74635424636D6FCB60A3BA6450A3B4507C7FCAE0A2CC644D9ED44EAEFFCD70A32EA45423D453EC2FCED0A2AE845CC1745CBF1FCCE0A3D0946547846794BFCC70A321C46C52946E290FCC00A3B8F55DFEE560B80FCBA0A1EFE53F99253FF41FCDA0A6F52535739531680FCCD0A8A3752E79D52C48DFCC50A6CA65239A8524879FCFE0A51D5517E20
10 Jun 2026 09:04:43,MO,231709,54,519F03FCD80A42E050C70350DC7EFD030A68474FDACE4FCEF7FCA00AC7114E72224E8C9AFCBF0A475E4D3EF24D2535FCF10A35B819EC
10 Jun 2026 09:04:36,MO,231709,340,6A2928523715D7600BB95FD0A0FCB809D4EA468E994669B1FCE90A4004474C1F475983FCB20A5B4A47B19D478906FCBA0A444548040E481A9EFCC10A4432480F04480578FCE30A493448609A487174FCA10A61DE48BEF24899E9FC9C0A576648B98948D9E7FCAF0A6FF948BE9148EA11FCDB0A4BA448D7C248FBE3FCD50A6A7548D4E7491BCFFCB70A7EBC54B9C854BF37FD090A488652927F52A8D6FCAE0A67A851AB4A51A019FC770A9B0F4FC2E04FCA0BFD000A60614D6E114D5A14FCC20A408348E69B48C82FFC9E0A367F462947462AE8FCB80A385F4502B445004AFCB40A298444D5BE44E6BEFCD50A2FAF45408D453D09FCF30A27BA45CBF745CBDFFCCB0A39CD465520467A03FCBD0A2EEC46C61346E382FCB90A384D536801539346FCBA0A252A52DF8652E566FCD50A743A52D80E52971FFCC70A8C3252C95952A60EFCBE0A6BF1525CB1526B82FCFB0A50AC5198EA
09 Jun 2026 21:04:46,MO,231709,54,51B2E3FCD00A471250DA6A50EFE6FD080A6D454FEE844FE2AAFCA50AC9874E7ED44E9942FCC50A4BA94D424A4D288DFCF50A3A2719AF
09 Jun 2026 21:04:37,MO,231709,340,6A287F923715A05718ED56E380FCB509F0EC467214464CE7FCED0A450647459D47532EFCB70A5F3A47AB3B478286FCBB0A491747FF784815ECFCC60A490548097547FFC8FCE40A4E07485D36486E0BFC9B0A659348BDF14898DEFC9C0A5C3248B8A148D90FFCAD0A739048BE1348E997FCD40A507348D77A48FBA1FCD50A6F4148D4C1491B9BFCBA0A835A519C3051B123FD080A4B8E52C01152D833FCB10A70EF51C32F51B7C4FC7B0A9D694FD3A74FDAC3FD000A64C34D750A4D6100FCCB0A455248D84648B9D5FCA40A3A8A461D50461EF1FCB70A3C4444FB1B44F8B7FCB50A2E3744D17844E288FCD60A3469453ECD453B4CFCF00A2C7345CBD945CBB5FCCA0A3E8F4655C3467AA0FCC30A33AE46C6F046E45DFCBB0A3D0C5226955251ABFCB90A330E52E1B152E79BFCD60A7C2A53204152DF2AFCC30A8FEF531AE452F798FCBB0A6E5A5283BC52927EFCF80A53E251ACCA
09 Jun 2026 09:04:51,MO,231709,54,51BECDFCD90A4A3950EF2D5104ABFD0A0A71395005384FF953FC980ACB2B4E8C414EA6A4FCC50A4ED34D448C4D2AC4FCEC0A3D7B19F5
09 Jun 2026 09:04:45,MO,231709,340,6A27D6D23715CA45367A45047FFCB40A2F98466171463B7FFCE90A48B947463B4753B0FCB60A61B347AB9C4782D7FCC30A4CBB47FED148151EFCC30A4CAE48087247FE9FFCE30A51B8485DBE486E84FCA00A681048BE3648992BFC960A5FE248B8DC48D93BFCA70A764B48BE2048E9A7FCDF0A542B48D77B48FB9AFCD40A72F248D4AB491B7CFCB90A86E45296E952AF8BFD0B0A50055345BC535C4DFCB20A6F1E51CC9D51C125FC7C0A9F824FE7EA4FEF07FD040A68104D7C8F4D6863FCBA0A492D48C93948AACBFCA00A3DA746115A461301FCB20A3F2444F39C44F133FCB10A31DF44CD5044DE4EFCD80A3819453D15453998FCEE0A302245CBB545CB98FCD50A424A465668467B44FCC50A376C46C7CD46E544FCBE0A40C25335DF536113FCBE0A368B5390195395F5FCDB0A7CA3539A095358E8FCC50A90B45367FF5344C4FCBE0A6FE15293CF52A294FCFE0A564E51B8BA
08 Jun 2026 21:04:49,MO,231709,54,51C8DBFCD40A4AAF510A26511F9AFD020A720550208B5014A0FC9D0ACAB74E9A494EB4BCFCC40A4EE14D457B4D2BB3FCF00A3DB819EC
08 Jun 2026 21:04:38,MO,231709,340,6A272E1237174B48F29A48BF5BFCB70A25A146243745FE0AFCEB0A499347345347420CFCBA0A6274479B8B4772B5FCBB0A4D4D47F39E4809D8FCC40A4D3547FB4647F155FCEA0A523E4854AD48656EFC990A678F48BACC4895C6FC9B0A605B48B60F48D684FCB00A76FD48BC7848E805FCD80A54AA48D68748FAADFCD50A736448D3D3491AB6FCBB0A876A5376AC539202FD0A0A4EAD53C09053D49DFCA70A6A6451C97F51BE52FC790AA09C50021A500933FCFC0A681D4D84054D6FAFFCC20A4AA848B972489AF9FC9E0A3DE9460566460716FCB60A3F1C44EC2544E9B6FCB00A326944C92544DA2BFCDA0A38AA453B704537FAFCEF0A30B645CBA845CB8BFCD60A42DE46571D467BFCFCBD0A380146C8C146E62CFCBC0A414E5449E8547529FCB80A37CE544954544F26FCDB0A7AC453FE1453BD29FCD00A8F075386D55363C0FCC00A6FFF5284225292EFFCFA0A572951C2E2
08 Jun 2026 09:04:50,MO,231709,54,51DD0EFCD10A479F512E8051440AFD060A6EED50401250341DFC9F0AC7E04EA7FD4EC270FCC40A4B044D44874D2AABFCF30A3A1E19F5
08 Jun 2026 09:04:39,MO,231709,340,6A2685523715B14D853A4D4868FCBA0A20A24646B8461FE6FCE40A466847419C474F13FCB00A605D47A4A4477BB7FCC30A4A2547F970480FA7FCC40A4A114800FC47F6FFFCE10A4F0A4858E54869A0FC9B0A636248BC99489791FC990A5D2148B78648D7EAFCAD0A757748BD4E48E8D2FCE40A517D48D6FD48FB23FCDA0A701D48D435491B14FCBE0A848855D0B555E2FDFD110A4CA953BB1E53CCE0FCB30A631D51C96D51BED8FC7A0AA09250232F502A30FCFD0A64534D8AB34D7630FCBA0A497648A8F1488A92FCA90A3AD745F99045FB41FCB70A3BB444E4AD44E24CFCAC0A2F3D44C50E44D614FCD60A357B4539E0453664FCF40A2D9645CBAC45CB8FFCCE0A3FB04657D1467CB8FCC20A34E146C9BE46E72AFCBC0A3E225581F655AD6AFCBB0A2FCD547C29548201FCD70A753053DA0D539964FCCC0A8C82533E39531B48FCC00A6F83526371527249FCF90A568151D72E
07 Jun 2026 21:04:43,MO,231709,54,5201E8FCD20A4BEE515C2A5171B5FD090A736E50623950563DFC9F0AC98B4EB4284ECE7CFCC70A4EA54D40A34D26C7FCF50A3DF519EC
07 Jun 2026 21:04:37,MO,231709,340,6A25DC923715DE564B82560EAFFCB70A087F467B724653F5FCE80A4AA6475103475E41FCB70A642947ACE6478400FCC10A4E8047FF834815A9FCC30A4E6948064C47FC57FCDB0A5364485C69486D2BFC990A669148BDEF4898DEFC970A617948B8E248D944FCAB0A791C48BE1F48E9A2FCDC0A55D948D78F48FBB7FCD80A747948D4C8491B9EFCBE0A88B456ED2E56F0BDFD070A500353084E531B1CFCAE0A682051DCAD51D2A8FC7E0AA4D3504AA750517BFCF80A680A4D8FDC4D7B34FCBD0A4E2648980248799AFCA30A3EEF45EDBD45EF75FCB90A3F1E44DD3244DAC9FCAB0A338044C0E544D1EDFCD70A39C94538364534B9FCF10A31E345CBA145CB86FCCF0A4402465893467D6BFCC70A393446CA9846E813FCC10A4271552971555511FCBC0A2AD953A54153AB2AFCDC0A77BE531FD652DF35FCC70A911B52BBF15298F1FCBF0A748C52559F526488FCFD0A5A9E51FC19
07 Jun 2026 09:04:47,MO,231709,54,52369BFCD60A54C351933051A8D0FD0A0A7CA350871B507B31FC9E0ACDBF4EBE4F4ED8AAFCC30A57034D39EE4D1FFCFCEE0A468619EC
07 Jun 2026 09:04:39,MO,231709,340,6A2533D23714BE576E7057334EFCB40A092E46ADDD468767FCE80A5352475C9A4769C2FCB40A6A2E47BB31479257FCC60A573A480981481FDDFCC40A5734481341480968FCEA0A5C4348645048750BFC990A6E0948C0F2489BD3FC970A6A6448BAF148DB3BFCA50A7F9148BF6848EADCFCDA0A5EC348D83748FC4DFCD50A7D7148D543491C28FCB80A911354A5B654AD66FD080A54CA525CD552725FFCB30A75965203D751FA39FC810AAB005077E5507E82FCFD0A70544D923F4D7D69FCC10A564D48867A486821FCA40A476C45E1EB45E3A7FCBE0A46B044D5B144D353FCB10A3C6044BCAF44CDBAFCD10A42B245368D453317FCF10A3AC445CB8E45CB67FCCE0A4CF546593B467E10FCC00A422046CB8046E8EDFCBB0A4B5C5379A653A51FFCB40A33A852ACE052B2E3FCD90A812C5284A5524406FCC50A99065269BE524697FCBC0A7BBE52659D527485FCF80A60F65230D5
06 Jun 2026 21:04:44,MO,231709,54,527BFDFCD60A633C51D4FD51EAB6FD070A8BA050AF2F50A32CFCA00AD5924EC6B54EE10AFCC20A652D4D30B04D16CCFCEE0A54DD19E4
06 Jun 2026 21:04:37,MO,231709,340,6A248B12371335529715525B25FCB90A1F5346B9174691B6FCEC0A6238476148476E5FFCB70A758247BBEB4792FBFCC20A6609480982481FB7FCC60A66064810FE480709FCDC0A6B164862FB4873B0FC9C0A7B7748C0AA489B8DFC990A794548BAC548DB18FCAA0A8A2F48BF2D48EAADFCDB0A6DA348D82848FC39FCD90A8C6C48D545491C24FCB90A9F0752A18C52AFF5FD0C0A5E56520120521868FCB10A84F6523C4252331AFC7C0AB45950AA1250B051FD020A7E6E4D90934D7B90FCBE0A632C487487485632FCA50A558B45D60645D7CFFCB00A539D44CE0D44CBB1FCB90A4B0E44B87344C98AFCD80A51784534D6453168FCEF0A497B45CB7545CB57FCCD0A5BCD4659D7467EB3FCBF0A50F546CC4F46E9BFFCBD0A5A28523F9B526ADDFCB80A436052221E522828FCD20A8DA25237E651F72BFCC30AA39B5246F75223BEFCC00A860C5288F35297ECFCFE0A6AB052763D
06 Jun 2026 09:05:29,MO,231709,54,52D95CFCD60A7D9952219452375DFD090AA6DC50DA1A50CE04FC9B0AE3CD4ECD874EE7D1FCB90A7FA14D261D4D0C32FCF30A6F6819F5
06 Jun 2026 09:04:47,MO,231709,340,6A23E25237132C499783496030FCB70A517A473DE94718CAFCEA0A7CC6477308477FE1FCB70A87E747D32B47AAE4FCC30A8121481BE54832DBFCCC0A814648279F481E4BFCE20A8689486D43487E16FCA10A951048C2CC489D9EFC9D0A94DD48BD0548DD3CFCAA0A9CA348C11848EC7DFCDA0A892B48D93948FD4BFCD50AA83448D672491D56FCB80AB898526104527191FD130A711E51A94551C0F8FCB00A9724528FD4528726FC820AC3D250DE6850E42DFCFD0A98FC4D89864D7464FCC20A79774862274843D3FCA50A6F6C45CA0A45CBCEFCBB0A6BDA44C65544C3FCFCAE0A661844B41D44C534FCD40A6C8E453315452FA1FCF20A647645CB3A45CB1EFCCD0A7704465A55467F3CFCC20A6C0646CD1446EA7FFCBA0A753D520E58523979FCB80A57FC51C8C451CED5FCDA0A9DDA51E38551A2D9FCC70AB3F752142851F0CBFCBB0A972452C2F252D221FCF10A7B0C52D3A7
05 Jun 2026 21:04:44,MO,231709,54,53534FFCD80A965F5271BC52879AFD060AC09C50FDD750F19DFCA50AEEFB4ECD874EE7C4FCBF0A98BD4D17634CFD5FFCF20A88BB19EC
05 Jun 2026 21:04:37,MO,231709,340,6A2339923715384EBB664E83EAFCBE0A5CC046D2FA46AB74FCEB0A9686475FD1476C94FCB90A99EB47BE83479560FCC20A9AB1480C0E482240FCCB0A9AD9481646480C27FCE30AA02F4864AC48754CFCA20AAD0548BFB0489A85FC940AAE9E48BA5A48DA96FCAE0AAD8C48BF1E48EA83FCD90AA2D948D7F948FC0EFCD70AC22048D53A491C11FCBB0AD06051BE2E51C8F5FD0F0A812250F0AD510B65FCAE0AAC00530ED653062EFC750ACFEF510F65511493FCFE0AB1A84D7CEB4D67A6FCBC0A8DDE484FD3483186FCA90A87CA45BE2345BFE8FCB60A828F44BEA744BC48FCB60A7F9F44AFD244C0F4FCD50A862D453153452DEAFCEA0A7DE345CB1545CB03FCD80A90C0465AEE467FD1FCC70A85B946CDD646EB43FCC30A8EF450FD6D512870FCBB0A677650D6DD50DCF4FCDA0AAE1E514ACC510A0BFCC80AC4F151E3C751C01CFCC40AA6AD53361C53450DFCFB0A8913534D98
05 Jun 2026 09:04:56,MO,231709,54,53E21CFCD40A96F352BB5952D15CFD020AC20551145E51080DFC9D0AEC2B4EC39E4EDDCAFCC00A99FE4D02CA4CE8C8FCF60A8A5119EC
05 Jun 2026 09:04:44,MO,231709,340,6A2290D237162C504EAF5015BDFCB80A562C466AEA464477FCF40A9926474212474F58FCB10A9A3B47A823477F41FCC60A9CF347FB0848114CFCC70A9D234805B147FBC9FCE40AA288485A8E486B4BFC970AAE4748BB2648960FFC920AB0ED48B67048D6C5FCA90AAEA148BC7F48E7FFFCD70AA52948D66C48FA86FCDC0AC46948D3CC491A9CFCBE0AD2194ED2274EDEF0FD0C0A80595053EB50745AFCB30AB73353BB9353B245FC780ACBBE513629513AB3FD000AB2654D6A9C4D554AFCBB0A8F1F483DB2481F7AFCA40A89C445B27945B43AFCB40A83B844B73244B4D5FCAC0A81CE44ABDD44BCF3FCD80A885F452FF1452C79FCEE0A801545CB3245CB1BFCCE0A92F1465BC84680A4FCC10A87EE46CECE46EC3BFCBB0A91174EBD0C4EE7B9FCB50A6A264FC2C24FC8E5FCD60AB30050F09650AF72FCC20AC9FA52212C51FCF9FCBF0AA64F53FE09540CE9FCFC0A867F53DC42
04 Jun 2026 21:04:53,MO,231709,54,54712BFCD40A822D52F56E530B8FFD070AADCF511DCB511168FC9E0ADD6F4EB2A94ECCCCFCC00A85FF4CEAD64CD0C7FCF10A76E219F5
04 Jun 2026 21:04:46,MO,231709,340,6A21E8123715A4511D2450E5F8FCBF0A30D146253145FE8FFCE80A86264734434741C9FCB50A8CC34799A047709FFCC30A89AA47F014480633FCC10A89CC47F7AE47EDA9FCE10A8F1048518D48623BFC990A9A5B48B824489321FC990A9D5048B40748D46DFCAB0AA1B948BAF948E683FCD60A91AA48D58848F9ADFCD20AB0A448D30E4919E9FCB60ABF794AD1204AEA11FD110A7092507FBD50A681FCB20AB60D5480825475B7FC7C0AB98E514DE25151C6FCFC0A9D404D53434D3DDEFCC10A7F0B482BDA480DA9FC9C0A774845A6F745A8D1FCB50A714C44AFF144ADA9FCAD0A6EAF44A81A44B939FCD70A7540452EBE452B53FCEB0A6D1C45CB9A45CB7FFCD50A7FC7465CD04681B0FCBD0A74DF46D00446ED71FCBC0A7DF74C744D4C9E74FCB60A64EE4F62D74F6906FCDE0AAD815171E6512FFFFCC90AC45E532B5D5306A0FCBD0A978555134E5521E7FCF70A7618546B42
04 Jun 2026 09:04:46,MO,231709,54,54E97BFCD50A6E1C5319FD53303AFD060A9A125118D3510C60FC990ACF6C4E9AAF4EB4C6FCBF0A72744CCFC94CB5C0FCF90A63E019F5
04 Jun 2026 09:04:37,MO,231709,340,6A213F5237174C40DAC140AACCFCB80A2D6245F61145CF07FCE50A73F4472991473749FCAD0A8010478B87476298FCC60A774C47E6A047FCA3FCCA0A775647ED0747E304FCDE0A7C82484B74485C2AFC9E0A875E48B5F2489104FC9F0A8A9F48B2A148D326FCAC0A958D48BA3348E5BBFCD50A7F0C48D53B48F969FCD60A9DBF48D2E64919C5FCBD0AADA14735484767CDFD070A63835223D5524D10FCAE0AB1805537B0552AFCFC750AA7635155C3515924FCFE0A88D04D37F44D228BFCBE0A6F15481A5C47FC30FC9E0A655E459BA1459D77FCB50A5F8544A8BF44A672FCB20A5C4244A45B44B582FCCE0A62CA452D9C452A2BFCF10A5AC745CBFF45CBE4FCCF0A6D3D465DE34682C7FCC50A627646D13B46EEA4FCB80A6B794BEAD34C149AFCBC0A64B250F0A050F6B6FCE10AAB105364655321CFFCCC0ABC785512FC54EDF3FCBC0A86B5563A4B5648AEFCFA0A65EB54E352
03 Jun 2026 21:04:55,MO,231709,54,5541BBFCDA0A5B055327D3533E1EFD030A872051039A50F722FCA00AC2774E7A8C4E9499FCC20A5F904CB1774C9764FCF30A519219EC
03 Jun 2026 21:04:46,MO,231709,340,6A2096923716A92E23EC2DFDA9FCBB0A383645EFE645C937FCED0A621447268A473463FCB40A72EF478923476038FCC10A655447E3E747F9F9FCC60A655B47EAF847E0EFFCE40A6A6F48493C4859EEFCA00A74F148B52D489033FC980A786E48B1D648D269FCAA0A89AE48B99D48E532FCDC0A6CFC48D50048F924FCD30A8B6748D2CA49199CFCB80A9C454996B949D24EFD0D0A5BC4549F7B54C513FCAF0A9FD955CC2755BD99FC800A964D514E5D51515CFCFE0A74F94D19B74D0452FCC30A5ED448094147EB1CFCA30A53EE45904C459225FCB60A4E4F44A189449F41FCB30A4A7444A0AE44B1C2FCD50A50F3452C77452910FCED0A491045CC6C45CC53FCD20A5B58465F014683DFFCCA0A50A546D26C46EFDBFCC10A59964F234C4F4D68FCB90A596953F96853FF55FCD90AA22D55F9D655B6F3FCC60AAFBB5722A456FDABFCBB0A75EE573BBE5749E4FCF70A5704553B62
03 Jun 2026 09:04:59,MO,231709,54,557C66FCD70A4EF25321B8533808FD010A7B2B50E36F50D6F9FC9B0ABB344E56B34E70BDFCC30A53924C92454C783DFCF30A4606198D
03 Jun 2026 09:04:47,MO,231709,340,6A1FEDD23715AF2DE7A82DC16FFCB00A2F5B4656B5462F97FCE80A56DF47491B475657FCBC0A6AF147A847477F4BFCBA0A5A4347FA3848105FFCC80A5A5948027A47F888FCE50A5F6A485A12486ABCFC9F0A698848BCB048979FFC960A6D5648B7A648D7FFFCA50A82C548BD4F48E8C7FCDD0A61FF48D6F848FB16FCD70A803A48D437491B16FCB30A91A64E88D04EC100FD0A0A5CC056F8CD57191DFCAF0A8BC9563E31562E07FC7B0A8ABE5138D8513B9BFD000A68294CF9C34CE46FFCC30A53C647F87E47DA6AFCA30A49054584F94586D5FCB90A4387449A3C4497F9FCB30A3F85449CDE44AE00FCD50A45FF452B524527E3FCE70A3E2F45CCCA45CCB3FCD80A50554660004684E0FCC30A45B546D39146F103FCBC0A4E9653839553AE64FCB30A52D7570CDF5712A8FCD70A977F5858FA58162FFCC70AA52F58EA2B58C558FCC00A6A92580C59581A55FCFA0A4E065575DA
02 Jun 2026 21:04:50,MO,231709,54,559AFDFCD80A4FB4530706531D46FD090A7C3250B94450ACAEFC9E0ABA754E30A54E4AA8FCC30A544F4C73694C5964FCF10A473019F5
02 Jun 2026 21:04:43,MO,231709,340,6A1F451237175736FC2E36D055FCB70A3FB946116C45EBFBFCEE0A585D472AA4473883FCB40A6ACE4793D2476AF6FCC30A5B9E47EB2D480177FCC30A5BC047F48747EA93FCE40A60E1484EBF485F89FC9F0A6A5948B71F48921AFC9C0A6EC748B2C348D352FCAA0A836C48BA5448E5E5FCD80A637B48D53D48F972FCD60A81A948D2F74919C5FCB30A9283533587536475FD0E0A63CE58E29B58FEAAFCAB0A7EC356922F56807CFC840A859151158E511827FD000A67F64CD9064CC3C5FCC30A518B47E7FB47C9E3FC9F0A49DF457985457B6BFCB70A441D4492D8449098FCAE0A410544990444AA26FCD90A4786452A094526A3FCF10A3FBF45CD0A45CCF9FCCE0A51E44660E34685CDFCC20A474946D49846F20DFCBC0A501D5731B8575CE4FCB60A50365987CF598D63FCDA0A912F5A44D65A01FCFCC90AA0565A641A5A3F62FCBF0A65E358B9AD58C77CFCF80A4D0555943B
02 Jun 2026 09:05:08,MO,231709,54,5592B8FCD60A322552D7B452EE1FFD0D0A5E31508733507ABAFC9C0AA8D54E09464E2350FCBF0A366C4C54D84C3AD5FCF20A29CC19EC
02 Jun 2026 09:04:58,MO,231709,340,6A1E9C52371702439C5D436D26FCAE0A1C4D45DDD245B7A2FCEF0A3B8D472018472E2DFCB40A56934783CF475B01FCC40A3E9D47DFF947F62DFCC20A3E9D47E77247DD7CFCE50A43924846234856F3FC9C0A4D1A48B3FD488F30FC9B0A514848B08648D126FCAC0A703D48B8EB48E489FCDD0A461A48D49348F8CAFCD90A63E848D26149193DFCB80A767855C9CA55F104FD140A4FFD5AA62F5AC049FCAE0A66A956BD3156A9DEFC800A70DE50E6C450E958FCFF0A49014CB87E4CA357FCC70A35F647D7CA47B9C0FCA50A2D31456E5C45703FFCBF0A289F448BBB448986FCAC0A241244957944A69EFCDD0A2A8545291A4525B8FCF40A22F545CDB245CD98FCD50A34CB466228468705FCC10A2A5A46D5F246F35FFCBC0A330F59572B598299FCBC0A397B5B981C5B9D95FCD90A7DB45C1F8C5BDCC3FCC50A8CBE5BE2725BBDEFFCBE0A51575940A2594E46FCFA0A3B78558BB5
01 Jun 2026 21:04:52,MO,231709,54,55627DFCD40A1F20529C4352B28FFD080A4A8B50551A5048ABFCA10A9E0F4DE3E04DFDE1FCC30A22AE4C37D34C1DCBFCF80A167A19EC
01 Jun 2026 21:04:41,MO,231709,340,6A1DF3923716EA438E08435A68FCBA0A0F5D466135463A18FCEC0A2845474D85475AC2FCB20A491C47AB3A478238FCC20A2BA047FBB74811C9FCC90A2BAD48035C47F94DFCE10A3087485A94486B43FC9D0A3A3348BD23489814FC9D0A3E2748B80348D871FCAB0A640548BD9B48E91FFCD90A332248D72B48FB47FCCF0A50A848D461491B3EFCBA0A644058EEC5591ADBFD0E0A439A5CD2395CE6DFFCB50A4C9156AE725699FBFC7D0A643C50B31A50B5CCFCFF0A34954C99334C841DFCBC0A22DB47C7D847A9CEFCA40A1A3045631A456504FCB70A16A444848D44824CFCB10A114D4491DD44A308FCD90A17BB4528174524B8FCEF0A104A45CE3C45CE23FCD10A21EB466350468830FCC90A179246D73646F4A4FCBE0A20315CC21B5CED98FCB70A2EF25E5B955E60FDFCD10A6BB05E3C085DF9B0FCC80A7C425D4ADD5D26A5FCBD0A4360597A805987FAFCFE0A313C555B87
01 Jun 2026 09:05:03,MO,231709,54,551641FCD20A18F5525CA55272EBFD060A43B750237A501727FC9D0A9A524DBFB64DD9C0FCC10A1B7A4C1BC04C01C7FCF70A0FA519F5
01 Jun 2026 09:04:43,MO,231709,340,6A1D4AD237160D3FAAED3F7A79FCB70A133A4674E3464E7EFCEF0A21BC475110475E5EFCB10A442747B03D478759FCC10A250B47FF2448156DFCC40A251A4807F547FDFEFCE60A29F9485D86486E3DFCA20A338948BE4D489933FC950A378D48B8C348D926FCAB0A600D48BE1A48E998FCD80A2C9548D77348FB88FCD20A49FA48D49A491B72FCB40A5DBA5EC1555EE6ACFD0F0A439D5EBD4C5EC96EFCB20A305D566A6956559FFC790A60B2507FF45082DCFD080A2CBF4C7B214C662BFCBE0A19C447B819479A1BFCA10A12F34557B84559ABFCBF0A100E447D47447B00FCB10A0AD7448E23449F4BFCDE0A114145270D4523A7FCF40A09E345CEAD45CE9BFCCC0A1B7046646146893AFCC80A112346D85446F5C9FCC10A19BA61688C619422FCB90A2438612431612985FCD90A5A8D5FECAA5FAB2BFCCC0A70F05E15DC5DF231FCBA0A3DB4594D0A595A88FCFF0A2CBE550F27
31 May 2026 21:05:02,MO,231709,54,54C470FCD60A179552206652369DFCFE0A418A4FF4D54FE883FC9B0A99D44D9CFC4DB707FCBF0A18F74C00A84BE6A4FCF20A0D6B19EC
31 May 2026 21:04:52,MO,231709,340,6A1CA21237173D4667E0463671FCB50A15C146659E464001FCEB0A1FE8474D41475ABCFCB40A42F347AD45478462FCC60A231F47FCC948131CFCC20A233448059F47FBAEFCE30A2811485BF9486CBBFC990A317D48BDC54898B8FC960A359B48B85148D8B8FCAB0A5F3748BDC248E94CFCD60A2AB148D74748FB69FCD80A480248D484491B60FCB60A5B9665939765A166FD0E0A46925F657D5F6A8EFCB30A1AC056102755FBB6FC7B0A617B504F72505282FCFE0A29A34C5E104C493FFCBB0A148547A88D478A94FCA30A1011454C4F454E40FCB70A0DD14475D84473A5FCB30A08FF448A67449B95FCD70A0F6E4525F4452290FCF80A081F45CF0F45CEFEFCD30A199D466560468A41FCBF0A0F5A46D97246F6E8FCBA0A17E0656D7C659916FCBA0A0DEC627DA26282E3FCE00A4C05604971600889FCCA0A6B7A5DE5AA5DC264FCC20A3D3258DD8D58EB2AFCF90A2B4754BD64
31 May 2026 09:04:53,MO,231709,54,547A99FCD90A0E6E51E95151FF76FD040A37864FC9314FBCEAFCA30A94D14D7C504D9651FCBC0A0ECC4BE6FE4BCCFFFCF20A039019F5
31 May 2026 09:04:43,MO,231709,340,6A1BF95237165C69C4BF6989CBFCB809F2D946D6DF46B072FCE30A160047666247737DFCB10A3C0347C32E479A5FFCC90A1982480EB9482525FCC60A1997481840480E72FCE00A1E694866C048778BFC980A280D48C195489C6BFC970A2BE448BB9848DBE1FCAE0A595E48C00D48EB7CFCE00A210F48D8A948FCC4FCD50A3E3B48D5B3491C93FCBC0A522768043B67FE30FD100A3A6D5ED53A5ED968FCB30A139355B96455A56BFC800A5EAD502106502440FCFA0A1ED24C41DC4C2D1AFCBF0A08C647992A477B3AFCA40A059D4540ED4542E4FCBE0A047E446E8C446C4EFCB009FF7A4486C24497EFFCD80A05E54524F2452199FCF009FEAA45CF9B45CF8CFCD60A100A46667C468B62FCC20A05D946DAA646F80EFCB70A0E5165D87366043CFCBC09FA6561F52861FA6FFCDB0A45265F9C185F5B37FCC00A67BA5D3CF15D19B5FCBD0A3A36586AB4587864FCF90A278D54738E
30 May 2026 21:05:02,MO,231709,54,54399AFCD80A181D51B65851CC76FD070A40A94FA0C34F9489FCA40A9B114D5E0E4D7817FCC60A17934BCF354BB531FD000A0C8319EC
30 May 2026 21:04:52,MO,231709,340,6A1B50923715B56F4E226F1394FCB109F3E646BA4546943AFCEE0A1FA94763B14770DBFCB40A434247BE3F479583FCBA0A230B480A2F4820A2FCC30A2322481459480AA2FCE00A27F848654648761AFC9F0A317248C141489C29FC9E0A357548BB5048DB96FCA60A605448BF9F48EB16FCDB0A2A9D48D86E48FC91FCD40A47D148D582491C65FCBA0A5ADB67199F671104FD0D0A3E655E084F5E0DBFFCB00A1E19556C9C555902FC800A66074FF42B4FF78CFD020A27364C269E4C11E4FCC10A0CCF4789D8476BF0FCA10A0D7E45355B453747FCB40A0CB84467014464D8FCB10A08D64482EC44941BFCD40A0F4C4523CA452072FCF10A080645CFEA45CFE2FCD20A197646676D468C4CFCBE0A0F4146DBA546F920FCB50A17B364B56A64E158FCBF09FEED60FB946100EFFCDB0A4CE55ECE185E8D19FCCD0A6E875C9A185C76CFFCBE0A413A58099B581761FCFF0A32AB543296
30 May 2026 09:05:04,MO,231709,54,53FD0FFCD40A1F6C518491519AA4FD070A477D4F79364F6CFEFC990A9F3B4D41044D5B03FCC70A1E1B4BB87A4B9E83FCF90A134819EC
30 May 2026 09:04:53,MO,231709,340,6A1AA7D23717777031476FF4E5FCB209F0D946580546318EFCF50A270A474CA8475A19FCB70A482947AB03478223FCC00A2A1247FA974810CDFCCB0A2A274802BB47F8CCFCDF0A2F01485A5B486B1AFCA10A385F48BD34489826FC990A3C7A48B7DA48D83DFCAD0A654C48BD8148E902FCDA0A31A048D71E48FB3BFCDA0A4EDB48D45D491B39FCBF0A6113656B46656701FD100A42BA5D5FFA5D66B2FCAF0A27015526BF551363FC820A6B434FC7E64FCB5EFCF60A2D464C0C4D4BF7A6FCC50A0E63477AA8475CCCFCA50A13074529BF452BB7FCB40A12BF445F87445D5CFCAD0A0FDD447F33449068FCD50A165A4522B1451F5DFCEF0A0F1145D05945D041FCD20A208D46686A468D55FCBE0A165E46DCB946FA28FCB80A1EC2637FFA63ABF5FCBF0A0677602D3D6032A1FCD90A536A5E2A455DE931FCD20A736D5C17165BF3CDFCBF0A461357B64257C409FCFE0A3D1B53F604
29 May 2026 21:05:02,MO,231709,54,53C0DFFCD60A1A3151526F516879FD080A41A14F52244F45E8FC9F0A9BD04D24E74D3EE1FCC20A182C4BA2AD4B88AAFCF60A0D9819FE
29 May 2026 21:04:54,MO,231709,340,6A19FF1237177469BE0C6982ADFCB509F9D546C58446A0F8FCE50A210D475C15476976FCB50A439447BD06479488FCBD0A247E4809E24820AAFCC50A249E48158E480C19FCE20A297E48636548744DFC9D0A335148BF91489A78FC940A36F648BA0048DA51FCAB0A61CF48BF0148EA83FCE20A2C2B48D81248FC2FFCD80A494F48D53F491C1DFCB40A5B7B646CF164691EFD0C0A3F745CD01C5CD811FCB10A284754E49554D15BFC840A69654F9BFF4F9FA5FD030A26E14BF32C4BDE97FCC80A0533476B99474DB2FCA40A0C83451E3C452037FCB50A0D4C445832445607FCAC0A0A79447B92448CD4FCDA0A10F64521D3451E76FCEC0A09BF45D0EB45D0D4FCCC0A1B27466987468E68FCBA0A110246DDDD46FB59FCC30A195D628CE562B8EEFCB80A027F5F765C5F7BB8FCDE0A52E35D9DB45D5C8AFCCA0A72145BAC2E5B88D8FCC20A43DC576D36577B0FFCF90A3E6F53B9D4
29 May 2026 09:04:50,MO,231709,54,5381F1FCCD0A0D8551203B51362CFD060A34334F2BC44F1F96FCA10A940B4D09E44D23DDFCC70A0ACC4B8DB24B73B9FCF70A007C19E4
29 May 2026 09:04:47,MO,231709,340,6A1956523717746A41F36A06D8FCBE09F12D469E57467931FCEC0A14C64759E247674FFCB30A3AFA47B7E3478F1DFCC10A17E248049D481B1EFCC10A17F8480EF648053CFCE40A1CC44861304871FFFC9D0A271A48BFBA489A96FC990A2A1D48B9C348DA15FCAE0A59D548BECB48EA4DFCDB0A1F6948D7EA48FC06FCD20A3C5048D4F7491BDEFCBB0A4F0462DF1462E111FD0C0A37F95C84015C8C94FCB30A24D6549F2C548C0EFC7A0A63C54F70EC4F74CAFD040A193D4BDB6D4BC6EDFCC209F5BF475C9F473EB8FCA109FEFC4512BB4514C2FCB50A01164450E2444EBAFCB309FDD444781E44895EFCD30A044B452109451DB0FCEF09FD2A45D19A45D18AFCD00A0E6A466ACA468FA2FCC10A045746DF2346FC96FCB90A0CA161AC5061D866FCB809F7125F15075F1A7AFCDD0A4ED45D55875D145FFCC70A6C795B665C5B4327FCB90A3D8E572264573044FCFB0A383A537AE3
28 May 2026 21:05:18,MO,231709,54,5341DBFCD40A0DB450EF5551053CFD070A33D74F07944EFB78FCA00A94DA4CF0DF4D0AD2FCC80A0A464B79E04B5FEEFCF50A003119FE
28 May 2026 21:04:55,MO,231709,340,6A18AD923715886135D560F943FCB409FA8046E7CC46C1FEFCE30A149D476EBC477BE2FCB40A3BC047C6FB479E50FCC10A17D74810334826B3FCCB0A17E8481ACB481128FCE40A1CAB48687D487953FC9F0A277D48C2CF489DB6FC950A29FC48BC6248DCA9FCAA0A5AA448C06A48EBD6FCE00A1F5448D8E948FCFFFCD90A3C3248D5E9491CC6FCB90A4EB56321456323D7FD0E0A3A835C49545C5121FCB10A2462545752544473FC7C0A66244F47F44F4BF3FCFD0A18524BC55B4BB0EBFCBC09F1EA474DAF472FD1FC9E09FDE245071B450922FCB80A00B444498044475CFCB109FDC444748F4485C8FCDD0A043D45201F451CC6FCEB09FD2D45D22F45D21DFCD20A0E65466BDD4690BFFCBE0A045946E04B46FDBDFCBC0A0C9361CE3361FA4CFCBB09F75E5EE5AF5EEB30FCD60A4EB45D08DC5CC7C9FCC90A6D395B0D2F5AEA02FCC10A3F2F56CF9D56DD88FCFD0A3956533ADB
28 May 2026 09:04:53,MO,231709,54,53016CFCD30A1FF750C13750D71EFD0A0A45C64EE7744EDB6CFC9B0AA0B74CDAB74CF4B4FCC70A1BC94B67964B4D9EFCF20A11CA19F5
28 May 2026 09:04:49,MO,231709,340,6A1804D23714E9658D8E65540DFCBB0A037546AB47468659FCEE0A26FE4763AE477114FCB60A494747BBF3479357FCC90A29F34806D9481D65FCC70A2A02480FEC480665FCE10A2ED248627D487353FC9D0A39CB48C0DA489BCCFC990A3C3248BAB148DB19FCAF0A678F48BF3348EAB4FCE10A317B48D83548FC56FCDB0A4E7E48D554491C2FFCB80A5FAB62FC2862FB21FD0D0A44B15BE9345BF145FCB20A30D2540CC153FA0AFC7D0A72B24F21A04F25D3FD000A29AC4BB0B34B9C47FCBD09FE9F473EA24720D1FCA50A0E8144FB4D44FD52FCB80A11164441D6443FBEFCB10A0FB94470C4448205FCD90A1643451F11451BB9FCEA0A0F1C45D28945D27EFCD00A207A466CCF4691B8FCBD0A165E46E13D46FEB6FCBC0A1E946150A1617CC7FCB80A01735E70CE5E7653FCDE0A599A5CA2725C6154FCC80A77925AB12B5A8E04FCC20A4AF7567C055689FDFCF90A45C052FA69
27 May 2026 21:04:59,MO,231709,54,52C112FCD70A33C05097FB50ADD2FD060A59334ECC434EC03DFC9F0AACE94CC72C4CE12FFCBC0A2EC74B56BC4B3CBFFCF30A24E419F5
27 May 2026 21:04:55,MO,231709,340,6A175C123715E3655852651C92FCBC0A0F6146FB5546D54AFCE60A39DC476FDF477CE7FCBB0A566747C9C247A0FFFCC10A3D404812604828E8FCC90A3D5E481DE548143AFCE50A4245486986487A52FC9A0A4D9C48C26A489D43FC950A4FC148BC3C48DC7AFCAD0A74D448C06748EBC9FCE00A450648D8DE48FCEDFCDA0A623048D5EA491CBFFCBD0A71DC6249DE624C60FD0C0A518A5BAB995BB34EFCAD0A3C8153BB5653A8F7FC7E0A7FEB4EFEDF4F033AFCFC0A3C6A4B9D214B88C2FCBF0A0D47472F814711ABFCA20A208444EF6744F170FCB10A22B0443A3644381DFCAD0A230C446D10447E4DFCD80A29A4451E06451AB1FCEF0A226B45D2FD45D2E8FCCB0A33F0466DCC4692A9FCC40A29C946E23E46FFAEFCC00A320560F95B612586FCB70A10675E3A645E3FD7FCDB0A647A5C60115C1EFDFCC40A81795A5D875A3A77FCC00A576B561DA3562BA0FCFE0A529052BA1B
27 May 2026 09:05:08,MO,231709,54,5286B8FCD70A3D035074D7508AA9FD0F0A61F64EB5A94EA9A7FCA30AB2574CB6044CCFFDFCC50A375C4B46F34B2CF5FCF20A2D9719F5
27 May 2026 09:04:57,MO,231709,340,6A16B3523715A45FB7895F7C35FCBA0A1A1946E18D46BD40FCE30A4314476A2C477773FCB10A5D2047C40F479BACFCBD0A464F480DA1482479FCC60A4672481969480FFAFCE40A4B634866F64877D4FC950A573048C1A1489C82FC950A58DC48BB7848DBC0FCA90A7B5448BFC248EB38FCD80A4E2248D87C48FC96FCD50A6B5748D594491C7CFCB50A7A2C62D01A62D22EFD0B0A589A5B551A5B5B28FCB50A3F0B5369DB535816FC7D0A87BF4EE03D4EE4C3FCFC0A44C64B8A764B761FFCC30A13AE472057470283FC9D0A288944E38D44E5A0FCB90A2AB14432A9443097FCB10A2C0A446986447ACBFCD40A32AB451D274519DFFCEB0A2B6F45D38645D37CFCCE0A3D01466ED54693B9FCCA0A32D246E3524700C8FCBD0A3B05614F4B617B5CFCBC0A14285E0D8A5E12FFFCDF0A67635BF50A5BB419FCC10A85BA59D61C59B328FCC60A5F3D55B1EC55C001FCFD0A58CD527FC9
26 May 2026 21:05:03,MO,231709,54,5254EBFCD80A44565055CB506B7BFD030A68CD4EA0E14E94DDFCA00AB5EB4CA5864CBF74FCC30A3E044B37114B1D1EFCF40A346519EC
26 May 2026 21:04:51,MO,231709,340,6A160A92371631676A2F672F38FCBD0A165A46BD30469658FCE70A4A52476762477473FCB20A623947BED34795DEFCB70A4D764808C4481F05FCC50A4D92481349480959FCE10A52864864B1487569FCA00A5EE948C10E489BEAFC970A600348BAFA48DB3FFCA80A804F48BF6748EAD1FCE10A554648D83448FC4DFCD80A728448D559491C27FCB70A80A3638BC16382EEFD0C0A5B445A73015A79B7FCAB0A45085324B3531371FC820A8E134EC5754ECA24FCF70A4B324B78A14B6445FCBE0A19A447113446F369FCA50A2ECE44D7AE44D9C2FCBC0A30F0442B27442915FCB00A3320446601447749FCDD0A39CA451C5B45190BFCEF0A328C45D42445D41FFCD00A4425466FF94694DBFCC30A39F746E46F4701E4FCBC0A421F60D3EE610015FCB90A10A65D103E5D15B1FCDB0A6B385B078A5AC69AFCCE0A8AF559176E58F462FCC10A6728555110555F3AFCFD0A5F90524E0F
26 May 2026 09:04:59,MO,231709,54,5227D2FCD80A4FBB503A95505034FD000A73C34E8EC54E82B9FCA50ABBD54C957A4CAF72FCC60A48CA4B26E74B0CE6FCF50A3F4819F5
26 May 2026 09:04:50,MO,231709,340,6A1561D23717796D8CAB6D52C0FCBA0A177646ADCB4687B7FCE40A55694760B9476DE4FCB00A69C247BAAB4791CCFCBF0A58944805BA481C14FCC80A58BA48114D48076CFCDA0A5DBE4862FE4873BBFCA10A6AAF48BFD1489AAFFC980A6B4248BA0E48DA58FCAB0A87C748BED948EA41FCD80A608948D7E648FBF9FCD00A7DD648D516491BECFCB70A8AEF6115F261103EFD050A6014599E1C59A759FCAE0A535F52E83352D751FC810A95FA4EAE654EB32AFCF60A55BE4B67254B52D8FCC00A248C47020B46E44FFCA70A393344CBB944CDD9FCBB0A3AF144239744218DFCB10A3E4644627C4473CCFCD30A44F9451B8F451839FCF30A3DAE45D4B945D4B1FCD20A4F614671044695EBFCBF0A452D46E5804702FBFCBE0A4D515EE4845F10B3FCBB0A1AB15BF1E95BF758FCDA0A75BC5A42285A010EFCCC0A9292588BC45868BFFCBF0A70E95501C2550FF6FCFC0A6B6C5220F8
25 May 2026 21:05:07,MO,231709,54,51FF64FCD00A4E9E502467503A0BFD030A72044E7E834E7279FCA00AB90F4C85164C9EF6FCC80A47174B16124AFC1AFCF70A3DC619F5
25 May 2026 21:05:00,MO,231709,340,6A14B91237180061FBC561BA8BFCB90A22BE464B944626AFFCED0A54A04741C4474F7BFCB10A684A47A422477B5EFCBE0A577847F49D480B01FCC90A579D47FE0647F42CFCE60A5CA54855C7486695FC9E0A6A4D48BA29489526FC9C0A6A1D48B54048D5BAFCA90A869748BBEE48E772FCDC0A5F6348D62A48FA4EFCD80A7C9E48D3B1491A92FCB60A89575F62DF5F642FFD130A5F7C592BEC5935B3FCB00A552452AE46529DE3FC7D0A962F4E9B6D4EA03AFCFE0A53E04B55874B413DFCBE0A256946F30246D541FCA40A378F44BFC744C1EEFCC10A395A441C2A441A1AFCAE0A3D18445F2D44707CFCDB0A43CC451AE845179FFCEE0A3C8C45D57D45D573FCD70A4E3246724F469723FCBD0A440946E6BB470431FCB70A4C205DEF395E1B58FCC20A1F905B6C595B71DCFCDD0A764859CF40598E37FCCC0A919C581E6E57FB72FCC70A724954B0ED54BF2FFD040A6F3B51F896
25 May 2026 09:04:59,MO,231709,54,51E1ACFCD40A33C65013D750297EFD020A56404E6E354E622BFCA00AA6044C73284C8D10FCC00A2BCF4B042C4AEA25FCFC0A22CE19F5
25 May 2026 09:04:53,MO,231709,340,6A1410523717795BB2BF5B7470FCBA0A1459465C6F463689FCE50A394D4746C147544AFCB00A53ED47A621477D3CFCC30A3C3747F575480BC3FCC70A3C5447FEFF47F509FCE40A414A4856CA486788FC9F0A502648BA52489540FC9A0A4E9548B53748D5AAFCA30A73A848BBFD48E777FCD80A440B48D63148FA5DFCD60A60E748D3A9491A7EFCBC0A6EC15FB2DF5FB2AEFD0B0A4EED589E9E58A7D0FCAA0A4435527ED6526F01FC7C0A87B04E8BC54E909AFCFC0A380C4B436B4B2F28FCBF0A0FBA46E41B46C65DFCA40A1CAF44B41344B62DFCC00A1FBC44150B441300FCB30A2242445C34446D8AFCD20A28EA451AA8451754FCED0A21DF45D69C45D68BFCD40A33364673CC4698B3FCC90A293546E8334705A3FCBF0A312D5DDB295E073EFCB80A0C6C5AE2B05AE83BFCD50A661B592D2958EC44FCC30A83655784D25761E6FCBA0A651A54617A546FDCFCFF0A606351DAE1
24 May 2026 21:05:11,MO,231709,54,51D294FCD80A19BC500844501DEAFD060A3B614E5E344E523AFC9C0A94AF4C60944C7A71FCC70A11784AF1D54AD7D5FCF40A08B419EC
24 May 2026 21:05:00,MO,231709,340,6A13679237164A62D0A162947BFCBC09F8A6467F2E4658D6FCF00A1FAF475CA7476A08FCB60A42A247B475478B98FCC70A227547FF3F481584FCC90A227A48077147FD8AFCE70A2740485E0B486EC1FC9B0A375C48BF004899EFFC940A346348B91B48D97DFCAD0A629248BE3748E9BCFCDD0A29F348D79648FBB3FCDA0A467C48D4AE491B95FCBA0A55945F210A5F1BD0FD170A3E5957B5D757C0B4FCAF0A3A4D5264395254C1FC7D0A7A924E7DAC4E8273FD000A1D544B30A34B1C5FFCBC09FC2846D54B46B795FCA70A02FF44A83744AA62FCBA0A0741440DE8440BEBFCB40A087B44593A446A91FCD90A0F13451A5D451717FCFA0A083745D7B045D7A5FCD20A1947467553469A33FCC20A0F6946E99E47071EFCC00A17485CBE645CEA84FCBC09FB7A59C63C59CBCCFCDD0A5A835846EA5805F8FCCB0A787D56E07B56BD76FCC10A5963542D8B543BF9FCF60A514A51CBDE
24 May 2026 09:05:15,MO,231709,54,51CFC2FCDD0A1AF34FFF0250149FFD020A3C334E4E1C4E4215FCA20A952E4C4DF24C67CCFCC40A12704ADFDC4AC5DDFCF20A09DB19E4
24 May 2026 09:05:03,MO,231709,340,6A12BED23715E365EFDE65B507FCBB09F73746DE3D46B758FCEC0A2110477440478142FCB20A447647C705479E22FCC60A23F7480E794824B9FCC00A23FA48189B480EBDFCDF0A28C348687848792CFC9C0A39B348C34A489E26FC9C0A35DE48BCAF48DCF2FCAB0A643048C08048EBF0FCD80A2B7E48D8F548FD0DFCD40A47F948D5F0491CCDFCBC0A56E55CAA0B5CA843FD100A3F4556E9B356F79BFCB40A4469525D88524E48FC7E0A7D3F4E6EEB4E739CFCFA0A1E144B1D224B08E1FCBF0A028046C68246A8C8FCA40A0457449C1B449E43FCB70A0865440676440475FCB20A09F3445607446759FCD30A108F4519D745168DFCF00A09B945D88145D87BFCCA0A1ABF467682469B75FCC30A10E146EAD8470850FCBD0A18B45ADD4B5B096FFCB50A031E58B03558B5E1FCDC0A611457955A575444FCC90A7CF9567AB056577EFCC20A5C98541DDD542C53FCFC0A543B51C8FE
23 May 2026 21:06:03,MO,231709,54,51D31CFCDC0A2E074FF399500936FD070A4F3A4E3C064E3004FC9D0AA0854C3AC64C54A2FCC20A25614ACE274AB426FCF50A1CE219FE
23 May 2026 21:05:03,MO,231709,340,6A1216123714F55E2EF25DF25FFCC20A077B46DC3F46B59BFCEB0A3464477239477F47FCB20A526947C563479C7FFCBA0A3751480CD1482322FCC50A375A48176B480D81FCE00A3C3148677A487835FC9E0A4DB948C2A6489D8CFC910A496348BC2B48DC6BFCAD0A719448C02F48EB99FCDC0A3EF748D8BF48FCCCFCD20A5B9848D5C3491C98FCB20A695D5AA30E5AA7D9FD120A4D1A56716A568184FCB20A561E5265A5525639FC7E0A890D4E5D614E6201FCFF0A30C74B09154AF4D9FCBA0A195046B7B44699FFFCA60A1760448FB74491E5FCB30A1A3943FECB43FCD0FCB10A1D4044529A4463F9FCD50A23E945191F4515DCFCF00A1D0245D91E45D921FCD50A2E2D4677A2469C89FCBD0A243F46EBE5470959FCBF0A2C12599CA259C899FCBF0A15D35808FC580EA7FCD70A6FED57358B56F44AFCCD0A89F65652F3562FA1FCC30A6839542CCE543B34FCFB0A609651CC4B
23 May 2026 09:05:06,MO,231709,54,51D1BBFCDE0A399C4FE25C4FF800FD0E0A5AA74E269B4E1A9AFCA50AA6C64C267A4C4050FCC80A30D94ABC434AA246FCF50A287F19F5
23 May 2026 09:04:55,MO,231709,340,6A116D523716365B9BC85B6088FCB40A0F7946B58E468FECFCE80A40534765E647732AFCB60A5A7C47BD964794BAFCC60A432D4806A4481D09FCC10A433A48117B4807A2FCDC0A481E4863384873FBFC980A5A4348C09E489B88FC9D0A555D48BA7948DAC2FCAA0A799148BF2648EA97FCDA0A4AE948D81248FC2AFCE10A67A148D52C491C0BFCBE0A749E58F7D158FF6AFD0E0A5560563D17564FDEFCAB0A638052715752617EFC7A0A8F304E48294E4CBDFCFB0A3BF44AF49E4AE06FFCBF0A285746A8FC468B58FCA50A232F44834144857EFCBD0A251043F74643F552FCB30A2914444F584460B9FCD50A2FCA45188A45154CFCEF0A28DB45D9E545D9D8FCD30A3A1A4678C9469DBCFCC50A302446ECFD470A7FFCB80A37F1586DC558999FFCBD0A21195798AA579E64FCE00A7AC95724DA56E358FCC50A92BD567B215657B1FCBF0A6DA35453495461A9FCFE0A63B351CAE2
22 May 2026 21:05:11,MO,231709,54,51C508FCD80A3BF54FCCA44FE23EFD080A5CB04E0E894E0286FC9A0AA7414C11394C2B0CFCBF0A33144AAA734A9072FCF40A2AEB19FE
22 May 2026 21:05:00,MO,231709,340,6A10C4923716DD539AAD53599EFCBE0A16D046AE09468712FCE40A431D47687B4775A5FCB30A5CBD47BD4E47945FFCBC0A45F04805D1481C0AFCC80A45F4480F03480513FCE40A4AD5486277487331FCA20A5DB148C097489B81FC980A580C48BA8F48DADCFCAB0A7B8248BF2348EA9FFCDC0A4D9A48D82348FC30FCD40A6A5048D541491C19FCBA0A771456B03E56C621FD110A560F56CF2E56E236FCAF0A6862526E36525E0DFC7D0A90474E300F4E3490FCFB0A3DE74AE0024ACBDAFCC50A2D99469A6E467CC5FC9F0A25FE4476D244791AFCBB0A275843EFD443EDD7FCB40A2BBD444C40445DA9FCDD0A327345182A4514E0FCF20A2B8B45DAD045DACAFCD00A3CC6467A18469F0AFCC80A32D646EE39470BAEFCBE0A3A9C57EF4D581AF0FCB40A2D725833FE58399FFCE20A803657D1DC57904DFCC90A946756FCBC56D960FCC60A6D39546A37547890FCFC0A602851BE2A
22 May 2026 09:05:10,MO,231709,54,51B438FCD50A3D134FB3984FC931FD080A5D7A4DF3574DE762FC9F0AA7424BFB594C1531FCC40A34124A98F74A7F03FCF10A2C1B19F5
22 May 2026 09:05:01,MO,231709,340,6A101BD23714C93E41313E109FFCB50A3B8C46BB91469599FCEC0A44B2476D1F477A6DFCB20A5E2B47BFA64796CFFCBF0A4760480732481DA4FCC00A4760481113480756FCE00A4C424864244874E3FC9B0A5FCA48C191489C7AFC950A596E48BB2348DB7CFCAD0A7CB348BF6F48EAE9FCD80A4F0348D84548FC64FCD60A6BAB48D564491C3EFCB80A785C5A3FD75A50A6FD100A5C6B575BB2576ACFFCB50A5F7F5262E4525288FC800A91AA4E150B4E1991FD040A3E964ACBAC4AB797FCBB0A30A5468BE1466E38FCA10A27A6446A52446C95FCBB0A288A43E86943E679FCB40A2D27444942445A9BFCD50A33E04517CA45147DFCF60A2CFD45DBBD45DBB7FCCF0A3E2E467B6946A058FCC30A344746EF77470CECFCBF0A3BFE5A6CD95A98C2FCBA0A282D592E70593419FCD80A7B8D583F7557FE35FCCE0A93D757216356FE36FCBF0A6FA954673554758BFCF60A5FA951AD3E
21 May 2026 21:05:08,MO,231709,54,51A28DFCD50A516A4F970A4FACABFD020A71C04DD8944DCCA1FC9F0AB4344BE78B4C0160FCC70A48424A89724A6F77FCF10A406519EC
21 May 2026 21:04:58,MO,231709,340,6A0F73123714EF53A1815367DDFCBB0A360D46C752469ED1FCEF0A59424773E14780D7FCB10A6D7C47C0E94797F8FCC50A5C07480865481E74FCC70A5C0548102448062EFCE00A60EE4863EC487498FC9D0A74E748C17B489C5AFC9B0A6E2D48BB6148DBAAFCA40A8B0748BF9C48EB16FCDF0A63C048D87448FC7FFCD50A809248D58F491C71FCB20A8C4C5B1C6F5B254AFD0D0A68ED574CE8575C2DFCB10A6BFB525A0752496BFC7F0A9E594DF6604DFAFDFCFF0A52854AB8394AA429FCC30A457C467D38465F8EFCA60A3C61445D8B445FCCFCBB0A3BB043E0CE43DED7FCB50A41AD44460444576EFCD50A48774517354513F4FCEC0A417B45DC7C45DC78FCD30A52DB467C8B46A178FCBD0A48E346F085470E00FCBC0A509A5A9BE25AC7DCFCBD0A30F7591FD959257FFCD90A876958343E57F2EAFCC60AA02F57231456FFD5FCB70A7F93546CBE547B14FCFC0A734F519B93
21 May 2026 09:05:17,MO,231709,54,518716FCD30A64744F73264F88B7FD070A84BA4DBC454DB05FFC9D0ABF6C4BD5464BEF1AFCC50A5B304A7B484A6148FCF30A537119EC
21 May 2026 09:05:06,MO,231709,340,6A0ECA523717165BA6B35B6A98FCC00A3781466E6C4648B9FCE70A6D16475B244768B2FCB80A7B2547AF714786C8FCBD0A6F9147FAB2481110FCC50A6F9448021647F864FCE20A749B485A68486B36FC9E0A88E548BD53489851FC9D0A81E148B7FD48D879FCAC0A981948BD5648E8D9FCDA0A776148D71548FB33FCDB0A945A48D466491B44FCB90A9F165A33EF5A3DCDFD0B0A74D6575903576993FCB20A7AAF524B51523A36FC7E0AA9084DD3EA4DD896FD000A65474AA61A4A9224FCBD0A58A6466E744650D1FCA50A4FF74450994452E7FCBA0A4DAA43D93643D74FFCB10A54F84442E344544BFCD80A5BCC4516B8451377FCEE0A54C445DD4745DD45FCCC0A6644467DC046A2A3FCC10A5C3D46F19A470F15FCC30A63EF5A05995A317FFCBC0A3F0059104D5915EEFCDC0A947E5855D9581460FCC90AAB725756035732AFFCC90A8CAD547A655488A6FCF80A8719518008
20 May 2026 21:05:57,MO,231709,54,51568CFCD60A6C2A4F48F54F5E77FD090A8C1A4DA1554D9561FC9F0AC35E4BC4DF4BDEAFFCC30A629E4A6DED4A53F5FCF70A5B0519F5
20 May 2026 21:05:50,MO,231709,340,6A0E21923715D256C2DC5687FFFCB70A416046C329469E23FCEC0A746A476A4947778EFCB70A802B47BEA047961CFCC10A773B4806BF481D56FCC60A774E4812B3480936FCE40A7C5D4864174874F6FCA00A910448C082489B71FC9A0A89B048BA9848DAE4FCB00A9CF848BF0348EA76FCDE0A7F3948D80448FC1CFCD50A9C3548D541491C22FCB90AA69A59B78759C720FD0E0A79D957D10E57E1ABFCB00A7F9252253052138FFC830AACDB4DB0A54DB587FCFA0A6C714A95B74A81C5FCBB0A605C465FA8464211FC9E0A58274443B34445FCFCBF0A54C343D1CF43CFEDFCB40A5CBB443FF4445156FCD80A639945166F451335FCF10A5C9245DE3545DE32FCCF0A6E19467F0A46A3EEFCC60A641146F2CF471043FCC40A6BBB5A2B405A5734FCB50A4709598A3D598FE3FCDC0A999458D7AC589627FCCC0AAF3B57BEDD579B9FFCBB0A907F5475CD548401FCFA0A905B514F81
20 May 2026 09:05:10,MO,231709,54,511213FCD40A72BE4F203F4F35AEFD060A92274D8B144D7F34FCA30AC5DC4BB6D84BD0A9FCCA0A68B34A61984A4792FCF10A614619F5
20 May 2026 09:05:00,MO,231709,340,6A0D78D23716714ED7C24EA309FCBC0A4C4E4642D8461B1DFCE90A7B3547543947618DFCB50A84CD47A5A1477CABFCC60A7DB047F3A44809AFFCC90A7DAD47F8D447EEC1FCE80A82BC4854C3486571FC9C0A97BC48BABC4895BAFC9D0A900448B62A48D692FCAB0AA0D448BC3C48E7C4FCDB0A858848D66D48FA90FCDC0AA28C48D3CF491AAFFCB70AACAA59B98959D40DFD0E0A7B1A58D89B58E5BCFCB00A7D6B51D7C651C627FC840AB0FF4D918B4D96A5FD010A72444A86BE4A72C6FCBF0A66764650B746331DFCA40A5F004436AD4438FDFCBA0A5A9843CA6E43C890FCB50A6324443D21444E87FCDA0A6A054516354512F5FCEC0A630145DF3545DF30FCD40A748C46806046A556FCC20A6A8146F408471177FCBE0A72275B57CC5B839BFCBA0A50025AE6CC5AEC58FCDE0A9AA359CAA0598949FCCB0AAEDA582CD95809FEFCBE0A907A543165543FA7FCFC0A96ED510B09
19 May 2026 21:05:10,MO,231709,54,50CE62FCD30A6E2E4F00454F15B6FD0C0A8CD94D795F4D6D79FCA30AC0D54BAA064BC3D3FCBB0A638B4A558B4A3B86FCEE0A5C5D19F5
19 May 2026 21:05:00,MO,231709,340,6A0CD01237160649E3A449ABEAFCBB0A5ABB4683BC465E34FCE70A761E475CFF476A6AFCB80A809347B31F478A59FCBB0A78B547FC7D4812CFFCC50A78C44805C847FBEFFCE10A7DD6485CA7486D6FFC9D0A932248BDBC4898ADFC990A8B1C48B81248D875FCAC0A9CCB48BD6A48E8EEFCD80A80B148D70C48FB2CFCD10A9D9A48D45D491B34FCB10AA7FD5EC3245ED6C6FD090A7967596E1C5973AAFCB00A68705176705165A4FC790AB1044D79524D7E98FCFD0A6CE34A78AC4A64CEFCC40A61C24641B3462411FCA00A5AD0442997442BF2FCC20A55ED43C33943C15BFCB50A5E5E443A68444BDDFCDB0A65434516264512E4FCF10A5E4B45E05C45E061FCCD0A6FC14681E346A6C4FCBF0A65C646F5534712D3FCC10A6D5E5EF1995F1D8DFCB90A41D15C2E6C5C33F2FCD90A8C775A06D559C642FCCB0AA74657CD3A57AACFFCBF0A8B3753A79453B5FBFCF90A941450C772
19 May 2026 09:05:17,MO,231709,54,509ED9FCDB0A65BC4EEA5C4EFFC1FD050A83B84D6A8D4D5EB4FC9F0AB8E24B9DEB4BB7BAFCC60A5AA04A49EF4A2FEAFCF40A53A619F5
19 May 2026 09:05:10,MO,231709,340,6A0C27523718225EEB855EA8F6FCB80A37E646023145DB6CFCF00A6E1847416D474F42FCB40A7A8A47965F476D94FCC60A704A47E7E947FE11FCC80A703647EB2847E133FCE10A753F484AA9485B68FC9C0A8AE348B62D48914DFC9B0A826A48B27148D30DFCAE0A964A48B9ED48E57CFCD80A780648D53548F95FFCD20A94CA48D2F64919B9FCB60A9F9762B52162AC8AFD110A73C258719A587589FCB60A5DB351277051179FFC7D0AAF0C4D66654D6BBDFD090A63B14A6B364A575AFCBC0A59464632764614E1FCA50A52E5441C6E441EC2FCB60A4DC643BC1B43BA45FCB40A55DE4437D7444953FCDC0A5CBA4516274512F3FCF00A55D845E19B45E195FCD00A672E46836246A852FCC30A5D4446F6B6471434FCB70A64C55FAB8C5FD7D0FCC20A27905B39B05B3F4EFCDD0A828A58D54C5894FCFCC90AA26956B2B0569045FCBD0A866C531FB0532E28FD020A8D2B5097FD
18 May 2026 21:05:11,MO,231709,54,508463FCD50A56DB4EDA924EEFE9FD080A742E4D5D6A4D5192FCA00AAD2B4B92B54BAC77FCC40A4B864A3EDD4A24DEFCF40A44C7196A
18 May 2026 21:05:02,MO,231709,340,6A0B7E9237163F6E7CE96E417EFCB50A1ECC46E8F546C6E1FCEB0A5E304766174773A5FCB20A6EAF47C167479952FCBE0A610848092C482053FCC40A610E48164A480D20FCE30A66214862994873A3FC9A0A7BE648BEDB4899C8FC9C0A733F48B95148D9B9FCAC0A8B2848BE9548EA0FFCDF0A68FD48D7CB48FBE8FCD00A858848D533491C15FCBC0A9121612E1B611AF3FD0D0A66C656CF9E56D792FCB50A5E3D50F95550EA17FC7F0AA8A74D55854D5AE9FD030A542E4A5E454A4A6FFCC20A4AB446230B460572FC9F0A44B3440F3544119FFCB90A3FB743B51A43B343FCAD0A470B44356D4446E3FCDA0A4DE2451652451314FCF00A471C45E2E845E2ECFCD20A58444684F646A9E2FCBD0A4E7446F8234715A1FCBB0A55DF5D2F885D5C12FCBD0A1B11591FAB59255CFCDC0A7ED75742F8570272FCC40A9DC655A5EA558353FCC40A7F5752CC3652DAC8FCFD0A7FBC507D8D
18 May 2026 09:05:22,MO,231709,54,507582FCD10A4ADB4ECBFB4EE154FD060A67A24D51154D454AFC9E0AA34A4B88FB4BA2B9FCC50A3F4D4A34E84A1AE4FCF60A38CC19EC
18 May 2026 09:05:10,MO,231709,340,6A0AD5D23715F759C5CD599515FCB909FADE463A244613E2FCEA0A533E475147475F00FCB00A66C547A5F1477D14FCBF0A556947F27A4808B7FCC20A555947F80847EE10FCE10A5A494853D0486492FC9C0A704948BAB54895C1FC990A674248B5CC48D655FCB20A82AE48BC1D48E7A6FCD80A5D0D48D66748FA89FCDA0A796B48D3D6491ABCFCBF0A85B75CBB775CB4CFFD0F0A5B17559C9B55A951FCB20A630C50E31950D40CFC7B0AA2B74D44414D49ADFCFA0A47D24A52054A3E24FCC00A3EEE46135045F5B5FC9E0A39844401D6440437FCB90A348B43AE1B43AC4AFCB80A3B4944330544447BFCD70A421745167E451345FCF10A3B6F45E43945E43DFCD30A4C7146869446AB7CFCBF0A42B246F993471716FCBD0A4A075A3E2A5A6A61FCB60A1EAB577E105783CBFCDD0A7EAB563B6955FAA5FCC30A9A7A5511AB54EED0FCBB0A79EB52ACD052BB63FCF90A7429506EA8
17 May 2026 21:06:10,MO,231709,54,50644AFCD40A44514EBB734ED0CDFD030A609F4D45D14D3A05FC9B0A9DAB4B80B54B9A80FCC80A38934A2BD54A11D8FCF30A325119F5
17 May 2026 21:05:11,MO,231709,340,6A0A2D1237150264E15864A683FCB909D5C546B7EE469142FCED0A4C7F476F78477CB4FCB30A625A47BEB44795D8FCC40A4EE8480529481B6BFCC60A4EDC480E3B480455FCE30A53C34862B348736CFC9D0A69BD48C10B489BECFC9F0A60B348BAB148DB0EFCAD0A7E0E48BF2648EAA0FCE00A569248D81A48FC3BFCD10A72D148D545491C1AFCBC0A7F9F58FAF258FDA4FD0C0A56D255161F5526A4FCAB0A69DC50D21D50C2E3FC7C0A9FD74D32AC4D382EFD090A40DB4A46D74A32EDFCC00A383546034645E5AFFC9D0A33A543F44243F6B7FCB40A2E8143A71143A550FCAF0A34E944309444421BFCDA0A3BB445169E45136DFCEC0A352245E57E45E58AFCD40A460246881E46AD0DFCC40A3C5346FAF2471869FCBE0A439F57EB86581773FCBE0A2465569C4356A1FFFCE20A81D155E034559F0FFCD20A9A3054FCB754D9C5FCBE0A779E52A88952B71DFCF90A6DE3505D73
17 May 2026 09:05:10,MO,231709,54,50498AFCD70A50BC4EAA054EBF56FD050A6CC34D3C694D3097FC9B0AA4DD4B79C04B938CFCC60A449E4A23104A0904FCEF0A3E9419F5
17 May 2026 09:05:04,MO,231709,340,6A0984523713B85492DA545750FCB40A11D346D93C46B323FCEB0A5900477541478271FCAE0A6B9D47C47D479BA8FCC10A5B5F4809B2482014FCC30A5B5348136B48098EFCE60A604A48652D4875E9FCA10A761A48C1FC489CE2FCA00A6D4048BB5548DB9DFCAC0A869048BF9848EB14FCE40A631F48D85648FC6AFCDE0A7F7148D574491C47FCB90A8C04571509572622FD0E0A604D5558A5556922FCAF0A743C50B4D850A582FC7D0AA8EC4D22E94D2880FCFD0A4CD54A3CDE4A28F3FCBB0A43AC45F2F245D55AFCAE0A406E43E68143E8F7FCBD0A3A31439FDE439E16FCB10A4151442DFE443F84FCDA0A482445168D451356FCEF0A418945E6A045E69BFCD10A527946897B46AE75FCC20A48C246FC204719A1FCB90A500757833A57AEDCFCBB0A362256E1E256E789FCDF0A8C09562A1955E8FCFCC40AA21A5529955506B1FCBF0A808C52959D52A432FCFF0A79A95042AA
16 May 2026 21:05:19,MO,231709,54,50297EFCD60A63CA4E9B9C4EB0E5FD070A7F8D4D36C44D2AEEFC9F0AB0754B74934B8E58FCBF0A573A4A1A9E4A00A9FCFC0A515D19FE
16 May 2026 21:05:12,MO,231709,340,6A08DB923713B84D98504D61D6FCBC0A389646D77D46B2D1FCE80A6C3647732C478082FCAF0A798747C23C4799B7FCC00A6E96480794481E42FCC60A6E8F4811794807F1FCE50A73964863A648747EFCA30A891848C118489C09FC9D0A809C48BAA048DB06FCAE0A939148BEFE48EA78FCD90A766548D80848FC1FFCD60A92DD48D539491C18FCB70A9EF45898AD58A95BFD120A6DE455AB9255B982FCAD0A7B83508A78507B5CFC790AB6E24D16DC4D1C8DFD010A5F604A33CD4A1FDDFCBF0A557F45E25445C4BFFCA70A53B343D88843DAFAFCBE0A4C184398B04396EEFCAF0A544F442B66443CEEFCD60A5B2A451679451347FCF00A547545E7AE45E7ABFCD40A6584468ACD46AFBCFCC40A5BC246FD40471AC3FCC00A630258B48F58E042FCB50A414F576F305774E9FCE20A953456629B5621BFFCC40AAC2355253A5502B3FCC00A8E8E5264E452737BFCFA0A8C2A5022C2
16 May 2026 09:05:16,MO,231709,54,500BD4FCD80A79EE4E940F4EA952FD020A95694D364D4D2A85FC980ABE004B71344B8AFDFCCA0A6CC94A128949F892FCEE0A672319FE
16 May 2026 09:05:09,MO,231709,340,6A0832D23713E2507739503CB8FCB80A3FCE474220471D47FCEB0A81854783CE4790CBFCB30A88E847D51247ACB3FCC10A84564817EB482ECFFCC70A845C482474481B00FCE60A8982486CC4487D99FC9F0A9E9948C33A489E14FCA30A96AB48BD0448DD3BFCAD0AA22C48C0D148EC40FCDD0A8C7348D92148FD2FFCDB0AA91748D64F491D39FCBE0AB4955A2E7F5A3702FD130A7BDA559C6655A8CFFCB50A8604505A52504BA0FC7F0AC7474D0FCB4D158DFD030A74C64A2AEA4A16FEFCC30A6A3745D14E45B3B3FC990A69B943CA6D43CCF3FCBA0A60B843917C438FC6FCB10A6A2E4428D0443A54FCDA0A711C451662451336FCF80A6A5A45E8B645E8BAFCCE0A7B93468C1546B10AFCC00A71C146FE5C471BE4FCC10A7900596142598D34FCC00A4A89577C125781CFFCDC0AA021563A4A55F991FCC50AB82454E00C54BD94FCC10A9F91522134522FD9FCFD0AA296500506
15 May 2026 21:05:14,MO,231709,54,4FF8A9FCD70A8CED4E954F4EAA80FD050AA8134D39834D2DB5FC9F0AC88F4B6E3B4B87E0FCBE0A7F474A0A5C49F057FCF60A79DC19FE
15 May 2026 21:05:08,MO,231709,340,6A078A123715875700DB56C591FCBA0A37E54646AD462034FCEF0A953647542F4761CDFCB60A967E47A6C2477DF6FCC30A975447F1AE4807E7FCC80A974B47F7B047EDBFFCD90A9C82485351486419FC9D0AB13948B9F7489509FC9B0AA9A848B53748D5AFFCAC0AAE5E48BB8748E711FCDB0A9F5B48D60048FA20FCD20ABC2848D3A4491A71FCB60AC7215AA03F5AA766FD0D0A86465548CD55540CFCBA0A8F20502D99501F8BFC820AD56E4D0DAF4D1373FCFD0A87124A218E4A0D99FCBC0A7BFD45BFCB45A230FCA40A7C9643BC4043BEC1FCB80A7260438A6E4388B5FCB40A7CEF44265F4437E8FCD90A83EB451662451341FCF10A7D1945E9CA45E9D5FCD10A8E76468D7646B266FCC70A849646FF8B471D06FCBA0A8BD45990C959BCBAFCBE0A54E95741275746DEFCDA0AA8E155D17E5590F8FCC70AC16054655F5442F9FCBD0AAED451D45251E312FCFE0AB6C44FF1F8
15 May 2026 09:05:25,MO,231709,54,4FF85EFCDA0A82794E9E3D4EB372FD030A9D0A4D3C264D305DFCA40ABE564B692F4B82E9FCBA0A74894A00FC49E6EDFCF80A6F6419E4
15 May 2026 09:05:15,MO,231709,340,6A06E1523716875AFC915ABF8BFCBA0A222146098A45E3ABFCF00A8ACC4742DB4750BDFCBA0A8E1347972D476E75FCBA0A8CCF47E66447FCA6FCC60A8CC147EC0747E228FCE80A91F1484A88485B55FCA10AA63E48B5A34890BEFC950A9EFC48B1BD48D255FCAB0AA5D448B97248E50CFCDE0A94C548D4D748F908FCD80AB16648D2BC491994FCBB0ABCF45B12925B12CAFD100A7CEF547F33548A91FCAD0A881C5014B4500757FC7F0AD0CD4D0E6C4D141DFD000A7C124A17754A037CFCBC0A714045ADF9459067FCA70A724D43AE4243B0CEFCB70A68774383D343821FFCB20A72894424504435DDFCD70A79804516D6451398FCF60A72C345EB4645EB4BFCCE0A83FA468F1E46B416FCC50A7A324700F4471E78FCBD0A815E5933B8595FC4FCC00A490B566B255670F2FCDF0AA0C254F8A754B858FCC60ABAA353ADA7538B36FCBE0AABA35194D851A3A6FCFD0AAEF84FF1B9
14 May 2026 21:05:24,MO,231709,54,500DF9FCDA0A6CE44EAAB44EBFF8FD080A86E54D3C794D309AFCA20AACFB4B62CE4B7C82FCC30A5EDD49F73349DD23FCF70A5A1519FE
14 May 2026 21:05:12,MO,231709,340,6A0638923715FE5EB4F25E7658FCB80A04234658AA4632ABFCE70A750647568547640BFCC00A7DED47AB5B47826DFCC50A772647F495480AD2FCC70A772047FC6A47F275FCE50A7C4248566E48672BFCA20A901948BB46489635FCA20A893448B5F948D664FCAC0A95CF48BC2848E7ACFCDF0A7F2048D64B48FA6BFCD80A9B7648D3C3491A9AFCB80AA8145A28B95A22AAFD0D0A6D7A53517B535FACFCB10A7F97501D75501070FC7A0AC4994D0E0B4D1396FCFF0A66214A0CE549F8E5FCC60A5BDF459BAF457E19FCA30A5D1343A05143A2E0FCB60A5455437D69437BB6FCB60A5D4044228244340CFCD80A6426451768451439FCF10A5D8E45ECEB45ECEBFCCD0A6E874690E946B5DEFCC10A64D9470289471FFFFCB90A6BF157A51557D137FCB40A390354EBD654F1B8FCDD0A950A53D400539390FCC70AAF9A52F4EA52D244FCBE0AA25751867851954AFCFF0A9B78500759
14 May 2026 09:05:18,MO,231709,54,503073FCDC0A5CC64EB3C44EC913FD0F0A765D4D39824D2DAAFC9E0AA0274B5C954B7640FCC30A4ED449EE4A49D431FCFD0A4A5E19F5
14 May 2026 09:05:09,MO,231709,340,6A058FD237150761D1676195BAFCB609EE82469A224673FCFCEF0A64FB4766F347743FFCB70A726F47B742478E62FCC00A673947FE1B481469FCCA0A67334807C047FDDBFCE60A6C44485E89486F4CFC990A7F9748BE8E48997CFC9B0A791C48B8B948D90DFCA40A8A0948BDDF48E95DFCDE0A6F2448D75A48FB70FCD30A8B4348D4AD491B83FCB90A98C6567F42567CFEFD100A615952527B5265FBFCAE0A80205043C0503680FC7F0ABA594D08504D0DC6FCF80A55C14A028F49EE95FCBA0A4C054588C9456B32FCA20A4D494392424394E3FCB60A45764376F8437554FCB60A4D7E4420A1443231FCD90A545F4517FC4514C9FCF20A4DE445EE7B45EE83FCCF0A5EAE4692A746B7A3FCC80A551E470406472180FCBE0A5C1654C17354ED3EFCB80A34FF5367EE536DD0FCDC0A909A53062852C56DFCC70AA92852AE2F528B2DFCC10A9BD251B8BF51C780FCFE0A8AF15029B5
13 May 2026 21:05:19,MO,231709,54,504CCFFCD90A51654EB24B4EC7A2FD060A6AB34D332A4D2757FCA00A973F4B578C4B7135FCC00A438649E68449CC74FCF10A3F6B19FE
13 May 2026 21:05:09,MO,231709,340,6A04E712371504546F1E542AFFFCB80A0A2E46B88C469446FCED0A5A1D47689A477620FCB20A6A8347BB5D4792C0FCBC0A5C3D48027548191CFCC60A5C2F480D3148039EFCE90A613D485FBC48709DFC9F0A740048BEED4899DFFC950A6E0848B8F348D958FCAF0A81E648BE3648E9B7FCDD0A642148D79548FBAFFCD60A801248D4E8491BC9FCBA0A8E505332735339A3FD0F0A5AAE52064F521E61FCB60A8192507317506507FC7E0AB1634CFBAB4D010EFD030A4A5749F99A49E598FCC20A4114457516455794FC9F0A425843842D4386CCFCB70A3B484370A3436EF9FCB10A42AA441ECB443061FCD50A498245188245155DFCEF0A432245F01145F018FCD20A53C346946B46B957FCC30A4A3D4705864722FDFCBD0A512752AC3152D79BFCB80A34E452B0A452B691FCDF0A8EAC52F28252B154FCCC0AA5D753019C52DE45FCC40A95B7521B8D522A47FCFC0A7CA9504600
13 May 2026 09:05:25,MO,231709,54,504D2BFCD80A53B74EA54B4EBAA4FD010A6CCB4D2DB84D21E0FCA70A995B4B558E4B6F3BFCBF0A45BF49DFF249C5C2FCF70A41EF19F5
13 May 2026 09:05:18,MO,231709,340,6A043E5237135B4E45934E0B91FCBA0A0EA246D2F746ADE1FCF30A5D2F47775E4784D6FCB90A6DB547C29E4799F0FCC90A5F05480739481DD0FCC60A5EED480FDC480645FCE10A63EF4862BC487398FC9D0A761148C153489C43FC9B0A70AF48BAB148DB18FCAC0A83FB48BF2548EAA4FCE00A66C748D82F48FC4EFCDC0A82B348D586491C68FCBE0A914E4F9BEE4FB7FEFD080A5D8152D9A352F3B8FCAE0A8A00508881507975FC780AB12F4CEB694CF0F5FD020A4C7449F30649DEFFFCC60A43774560B4454325FCA20A44C84375F44378A2FCB80A3DF1436A2243687EFCB00A4545441CD2442E62FCD40A4C1D4518F24515C0FCEC0A45C545F17D45F183FCD40A56594695F746BAEBFCBF0A4CD84706D2472458FCBB0A53B851937F51BE52FCB90A427D53620C5367CBFCDA0A976953FC0053BA58FCC70AAB0954020B53DEA6FCBE0A9531527A0452889BFD000A7A93504643
12 May 2026 21:05:15,MO,231709,54,502BB9FCD70A7F1B4E94134EA954FD090A982C4D2DE94D2213FCA20AB92B4B57D14B7170FCC60A709249DAA649C078FCF90A6D0719FE
12 May 2026 21:05:10,MO,231709,340,6A0395923713494AB17B4A7942FCBC0A363E4732D3470F85FCEF0A880E4782DB479017FCB70A8CB547D22A47AA12FCC40A8A684814F8482C27FCC20A8A6B48221C4818E6FCE30A8F9E486B91487C80FC9F0AA0D948C2DD489DB7FC9F0A9C9248BC8948DCD0FCAB0AA1E748C06648EBD5FCDA0A929348D8EF48FD07FCD80AAEE248D65D491D3FFCBD0ABC4F5049C45072D6FD0E0A7E595496B954ACDEFCA70AA0FA5069D8505A40FC7C0ACC0E4CDDED4CE3B1FCFF0A775749EF2449DB10FCC00A6E1A454B58452DCEFCA20A6FA9436769436A1DFCBE0A66F1436336436197FCB30A707E441A69442BFBFCD80A77714518E94515BAFCEB0A70E645F27D45F286FCD00A81D246972C46BC16FCC60A78304707C947254AFCBE0A7F1753A06253CB2BFCBF0A63C155A09855A62AFCDD0AB3FB55C044557EABFCC60AC3B95521F154FEECFCC20AAF73528BE7529A65FCFE0AA2335024E0
12 May 2026 09:05:20,MO,231709,54,4FF9A1FCD70A941C4E88184E9D4EFD040AACCA4D34C44D28F5FCA20AC7B94B5C604B75FFFCC50A84FC49D47849BA46FCF90A81C619F5
12 May 2026 09:05:11,MO,231709,340,6A02ECD237158C36A98C367D3EFCBD0A806C46A5E54681EDFCE70A9CB547612C476EABFCB30A9A6D47B497478BFEFCC40A9EEB47FBF1481292FCC70A9EEF48079A47FE03FCE20AA44D485C5E486D3FFC9F0AB4A348BC68489750FC9C0AB15448B70648D767FCAE0AAEEC48BCBD48E834FCE20AA74148D6A348FAC3FCCD0AC3BC48D42B491B07FCB60AD09B565696567DD3FD0C0A8BC9561BDD562886FCAB0A9A2F501FB150107DFC7F0AD9804CD8404CDE41FD060A8B8849ED2749D8F5FCC60A82814535274517A3FCA70A83EE43591D435BD1FCBE0A7A6F435CB5435B22FCB90A851A4418574429EBFCD80A8C1B45193C451610FCF10A857F45F3CB45F3D1FCD40A969546989E46BD92FCC60A8CE24708F1472679FCC20A93CF58C64E58F198FCB60A6A7E582A2E582FC6FCD40AB65256F80056B726FCC30AC975556FF0554D78FCBC0ABAF85236B152454FFCFB0AB6F44FF2D7
11 May 2026 21:05:33,MO,231709,54,4FCCA6FCDB0A77DD4E89304E9E6BFD0A0A8FAF4D44CF4D3900FC9E0AB1E44B631A4B7CBAFCC50A685349CCE649B2A1FCF90A657C19F5
11 May 2026 21:05:20,MO,231709,340,6A02441237156A4F01A84ECB02FCB90A603745F29F45CD74FCEB0A80C7473CC2474AEDFCBA0A85304790CC476816FCC50A824947E02047F671FCC70A823447E4A047DAC4FCE50A8772484544485621FCA50A970048B34D488E85FC9E0A944048AF3748CFE5FCA50A998C48B7EA48E394FCDC0A8A4C48D3EF48F82BFCD60AA66B48D21C4918F4FCBD0AB46A5CF61B5CF90EFD0F0A77F455F92056014BFCB60A7BE34FCB784FBD27FC810AC8304CDDBD4CE3DDFCFE0A6E7249EC1949D7CCFCC40A666C451E344500C0FCA20A6727434B63434E1AFCC00A5F644356E8435553FCB30A68854416F9442899FCD60A6F77451A294516FDFCF30A691045F5AB45F5B6FCD40A79CF469A9546BF86FCC50A7046470A9847281FFCBD0A77165B67145B934CFCBD0A3FEB5861E658679BFCD90A9CB75694A9565452FCC90AB5F254CEC454AC92FCBB0AA68F51B61651C4C0FCFA0A9CBA4FC5F9
11 May 2026 09:05:18,MO,231709,54,4FAF57FCD70A5FE24E9C394EB170FD0C0A76C54D5F724D539BFCA20AA0384B6BA34B8531FCC00A4FB149C2FB49A8C4FCF40A4D3A19F5
11 May 2026 09:05:13,MO,231709,340,6A019B5237130F5D3D365D02C7FCBB0A28B846CA1946A48DFCEB0A682E4772C247801DFCBB0A73F647BEB04795F2FCC70A6A034802C3481927FCCA0A69EB480CCA4802FFFCE90A6F1448616B48723BFC9A0A7DC748C03B489B28FC990A7BC648B9B748DA1FFCB20A884048BE7C48E9FFFCDD0A71F748D7A648FBC7FCDC0A8DCB48D4D1491BB4FCB40A9CCE5CFED85CFC42FD090A64DE5520D15528A1FCB20A6DB24F7EF44F71D5FC7B0ABC2A4CF1274CF762FD040A55F649EB3D49D6CFFCC30A4F114506A944E934FC9E0A4EEE433DAD43406CFCBF0A48DF435115434F87FCB20A5089441594442731FCDA0A5768451B144517EAFCEC0A512345F77F45F789FCD30A61A6469C8246C16FFCC10A5833470C2F4729B2FCC50A5EEC5ADD775B09C3FCBE0A2D93577A79578050FCDD0A8E84559C2F555C19FCC70AA88F53E10353BEF7FCC10A9809512CF6513BCFFCF60A86AB4FA8D3
10 May 2026 21:05:28,MO,231709,54,4FAC36FCDB0A6D9F4EC56A4EDA99FD060A83EF4D86134D7A30FC9F0AAB004B75BA4B8F3BFCC20A5CA049B731499CE8FCF90A5A8019F5
10 May 2026 21:05:18,MO,231709,340,6A00F29237136F62BF016281BBFCB50A207F472C5747097AFCEA0A7540478010478D62FCB80A7DB047CF9A47A79EFCC30A775F4811FD48293CFCC40A774B481F114815E7FCE30A7C8F486985487A7EFC9D0A8A6348C22F489D0FFC9F0A894E48BBEB48DC32FCAD0A915248C01348EB8CFCDA0A7F7948D8AF48FCC3FCD60A9B6548D5F7491CE4FCB90AAA205C6E375C67B2FD090A6D0853F71253FF86FCAF0A78AF4F451D4F395EFC7B0AC9FC4D138B4D19ABFCFA0A62EA49E8AD49D410FCC30A5CD044EE6D44D0F8FCA10A5C00432FB143327DFCB70A55A6434AE343494FFCB30A5DD74413CA442567FCD50A64BD451B9445186CFCF50A5E7145F8EB45F8F5FCCC0A6EFD469E0E46C2FFFCC90A658A470D6F472AFCFCBB0A6C3A59B9F859E647FCBE0A33B35622EA5628D8FCDA0A975154576A54179AFCCA0AB18652C96852A757FCC10AA7D250ADCA50BCB9FCFE0A960B4FA5D7
10 May 2026 09:05:29,MO,231709,54,4FCD5CFCD30A789B4F064D4F1B8AFD060A8E434DB3934DA7A3FCA20AB2CB4B7CB74B9634FCC00A66E449A6C8498C72FCF40A651919F5
10 May 2026 09:05:18,MO,231709,340,6A0049D237123A63DEB063A30FFCB80A282246A67846806EFCED0A8012476CDC477A41FCB40A851A47B75D478E9DFCC00A81E347FC494812A7FCC90A81C54804F847FB3CFCE50A8710485CC6486D98FCA40A940948BDF64898E5FC9A0A93CF48B84148D8A0FCA80A97F448BD5D48E8D9FCDB0A89F648D70A48FB22FCD90AA5F348D469491B51FCBD0AB4775B02CF5AFA4CFD100A7124528147528B53FCB40A83094F2C454F2218FC820AD57A4D43B94D499BFD000A6CF949E1F649CD1EFCBF0A67A744D5A244B841FCA10A664A4321D94324AFFCB80A5FAB4344D343434FFCB30A685644122A4423C6FCDD0A6F45451C2E451903FCEF0A68F845FA6E45FA7EFCD10A798E469FA546C49DFCC30A7019470EB9472C41FCC00A76BF5801B5582DFFFCC00A395A546EED5474E9FCE00A9E8A52D3AF5293FDFCD10AB86F5193CB5171BBFCC50AB4CB5048FE50580BFCFD0AA3934FC737
09 May 2026 21:05:28,MO,231709,54,50202CFCD00A76D34F5EAC4F73F9FD080A8BC14DE4774DD86BFC9F0AB0514B7EC24B982DFCC60A649B49919A49773DFCF50A632D19EC
09 May 2026 21:05:19,MO,231709,340,69FFA1123713A566E6E066AC17FCB60A1FC2468E5A4668ECFCE80A7E3447660947738BFCB70A832A47B2D2478A15FCC30A7FF247F855480EADFCC40A7FD54800D747F71AFCDF0A85274859B7486A86FC9D0A915648BC7F48977CFC9D0A91DB48B6FE48D76EFCAA0A95C848BC9848E81AFCDF0A880E48D69248FAB4FCD80AA3F048D403491AE3FCB90AB29058BB1C58B155FD110A6BDC50BBDB50C8C4FCB10A87FE4F4A014F4158FC7F0AD8594D7D254D8281FD010A6A9649D51849C00CFCBF0A660444BC95449F42FCA70A643C43143443171BFCB80A5DFD433EFF433D7DFCB10A666F4410AF442258FCCD0A6D56451D004519CAFCF30A671345FC1F45FC25FCD20A779846A16446C656FCC00A6E2F471024472DA3FCBB0A74C5559E8C55CA90FCB70A3A45525D4952635AFCDF0A9EED511B4B50DBBDFCCD0AB802505129502EECFCCA0AB73E501A46502968FD020AA4A9501A2F
09 May 2026 09:05:34,MO,231709,54,50AD3BFCD70A6E034FC5BA4FDB38FD040A823A4E114F4E0529FCA50AA7414B798B4B92E0FCC80A5BA54977BB495D60FCF00A5A8B19B8
09 May 2026 09:05:22,MO,231709,340,69FEF8523714C85FDBF85FA245FCBB0A314446256045FDAAFCEA0A75744756AC476427FCB70A7C88479E9E477589FCC50A76E047E8DC47FEC6FCC40A76A747EBC447E18EFCE10A7BFC484C32485CD4FC9F0A877348B74548924EFC9C0A889148B2EC48D369FCAC0A8E8B48BA2B48E5BEFCDB0A7ED548D52148F94AFCD60A9A9148D2DB4919ADFCBD0AA97C56463D56364FFD120A61764E791C4E8BACFCB10A8B234FBA224FB269FC7D0AD4CB4DB6614DBAFFFCFD0A612A49C0E649ABB7FCC00A5D5144A35B44861AFCA30A5B544306C44309B5FCB90A55B14339664337EFFCB20A5D97440F6844210FFCD70A647D451DEE451AC5FCF60A5E5345FDF745FDF9FCD30A6EB546A33B46C833FCC00A655F4711A4472F2DFCBA0A6BE852A9F252D5AAFCBE0A35244FA7744FAD8FFCDF0A9AED4F0E1D4ECEA7FCCE0AB3764F194E4EF696FCBE0AB47B50552F506465FCF50A9D7750A745
08 May 2026 21:06:22,MO,231709,54,516734FCD90A5CA1502A9E50404CFD050A701E4E2FFC4E23C3FCA70A96714B69834B82D0FCC20A4A93495805493D95FCF90A49C719FE
08 May 2026 21:06:11,MO,231709,340,69FE4F923713E368A1F76868BEFCBA0A0FA446AD034686B9FCEE0A640C476FB6477CFFFCB30A6FC847BA3A479148FCC10A65B347FE3A48147CFCC60A658F4807FB47FDFDFCDE0A6AD8485F48487005FC9E0A75B748BF70489A51FC9D0A776248B93448D982FCA90A820048BE3448E9A7FCDB0A6DBF48D77648FB8AFCD90A894948D4A8491B7AFCBB0A98A74FC4434FB63EFD0F0A4CF44C364D4C548EFCAE0A930F508232507A16FC7D0AC84D4DE4984DE85EFCFC0A4FB649A593499047FCBD0A4C93448A3F446CFFFCA60A4A8342F98842FC75FCBB0A45D84333F7433286FCB00A4CC5440E4A441FEFFCD60A53A0451F01451BD8FCEE0A4D8E45FFDD45FFE4FCCD0A5DC146A52746CA1EFCBD0A54804713354730B7FCBF0A5AF64D493F4D740EFCBF0A330C4C6C234C7243FCD80A964E4D4B844D0B72FCC80AAB124E9DB04E7A1FFCBD0AAA09512EBC513DD5FCFE0A8B3C51611E
08 May 2026 09:05:27,MO,231709,54,522A64FCDD0A5B1C507E0B5093E5FD080A6E114E3B2E4E2EDBFC9C0A91A54B4DB34B66EEFCC30A499849326B491804FCF70A491B19EC
08 May 2026 09:05:19,MO,231709,340,69FDA6D23713C962F58C62BD1CFCB80A270A46C7AB46A019FCEB0A63534778C34785D4FCB60A6F6F47BF67479661FCC10A64FC4802D34818F3FCC50A64C7480BEA4801D9FCE30A6A1F4861FF4872A9FC990A747D48C09C489B7EFC9D0A769C48BA6648DAABFCAC0A813C48BEE748EA5EFCDB0A6D0648D7F148FC05FCD30A887948D512491BE3FCC30A97D845D92F45E2FBFD0C0A2BEC4B86D54BB24FFCB20AAA1D5179A0516FB1FC7B0AC3084E00A04E0393FCFC0A4E6649843A496EDCFCBE0A4BBE44714744541BFCA00A49DF42EC3742EF2BFCBD0A455B432E6A432CF3FCA80A4C15440CF6441EA5FCD60A52ED451FE7451CC3FCEE0A4CE246019F4601A7FCCC0A5D0546A6ED46CBE9FCBD0A53CF4714A2473228FCB80A5A3147255C474E49FCBC0A4C4F4AA8954AAE95FCDC0A9FB44D55364D13C7FCC80AAED94FB2E04F8E59FCBF0AAA8E528D25529C0BFCFA0A866B5223FE
07 May 2026 21:05:27,MO,231709,54,52DE14FCD50A5FB050B83450CE3CFD020A721E4E31FF4E2592FC9B0A910A4B28014B4120FCC80A4F004908F548EE80FCF60A4EC719FE
07 May 2026 21:05:19,MO,231709,340,69FCFE123712EF32837B325985FCBF0A42C74692DC466DD0FCE50A692D4767E2477577FCB40A733E47B53A478C6FFCC70A6A8147FA9A4810FDFCC70A6A5748039E47F9ADFCEA0A6FB6485B31486BF6FC990A79A348BDEA4898E6FC9E0A7C3548B7E048D844FCAD0A84C348BD6B48E8EDFCDD0A729E48D6FF48FB23FCD80A8E1648D45C491B35FCB40A9D363FB3993FEBDAFD0E0A5C094D53594D8245FCB40AB972526ED752628CFC7F0ABF3F4E064D4E089FFD030A5363495E174948B4FCB90A511D445870443B51FCAD0A4F8C42DEFE42E1FFFCB40A4AD84328DA432768FCB10A51B4440BB6441D5AFCD80A588E4520D1451DA0FCF40A5286460354460365FCD00A62A846A8A746CDA1FCC50A59754715F247337AFCC00A5FD44682A346AA3FFCB40A6C2B4C7C544C820BFCE00AA9B84F87E34F4579FCC80AB67851DF5951BA68FCB80AADE95411B454205FFCFD0A86EE52D76B
07 May 2026 09:05:37,MO,231709,54,53774FFCDC0A5F5F50D2D550E8FDFD030A715A4E151D4E0896FC9E0A8BF34AFBA34B14BAFCBF0A4FFA48DE7348C3FBFCF20A4FFF19F5
07 May 2026 09:05:27,MO,231709,340,69FC55523713E5287EA8285D1EFCC00A4B5246C45A469EDDFCF00A6A1B47733E47809BFCB30A73E847BCD947940BFCCA0A6B984800414816A6FCCD0A6B6D480B1B480151FCEA0A70D54860E44871A9FC980A7A5948BFF7489AD8FC950A7D4B48B99D48D9F3FCB00A853A48BE6348E9EAFCDD0A73C348D79B48FBB3FCD90A8F2848D4D2491BB3FCBF0A9E2441BE7C420001FD100A667B5000FD502E59FCAD0ABBAE534A11533AFFFC820AB6434DF3C54DF591FCFF0A53D74934E3491F90FCC10A51E3443FA74422A2FCA60A50AE42D1E542D4F2FCBE0A4C06432376432201FCB10A52D4440A81441C35FCD60A59AE4521CC451EA3FCEB0A53AF46052046052EFCD50A63C346AA7146CF69FCC40A5A944717634734E3FCBD0A60E7493B1949637BFCBD0A6D0B4F32FB4F38BAFCDC0AAB0C52299751E68CFCCF0ABB1A544B4854260CFCBE0AAD5C559DD355AC29FCFB0A823A537038
06 May 2026 21:05:39,MO,231709,54,53DDC7FCD50A5D2250C39050D9D7FD040A6EB54DE1874DD508FCA30A85904AC7BC4AE0BFFCBC0A4F5348B15D4896EAFCEF0A4F8919F5
06 May 2026 21:05:27,MO,231709,340,69FBAC9237134631FC7A31D39AFCB50A422246E3A146BE2FFCEC0A69864778BF4785FBFCB00A736647C17A4798BCFCC20A6B0F480450481ACFFCC70A6AE348100F480663FCE20A705248637B487450FCA70A797E48C0BA489B9CFC9C0A7CC048BA5048DAABFCB20A849148BED148EA4DFCD90A733B48D7E348FBFCFCD70A8E9648D514491BF6FCB60A9D6844B1F244F950FD120A681F5332B3535CF0FCB30ABB1353F1AB53DFA0FC7F0AAA484DCBC64DCD52FCFB0A52B9490B0048F5CDFCC30A511044271D440A1DFCA10A503B42C4F742C800FCB40A4BB5431E1F431CB1FCB50A5252440958441B13FCD10A59254522D3451FAFFCF90A532E4606F04606FFFCD60A633746AC4046D132FCC30A5A0E4718CE473650FCBC0A60534C6B934C94F9FCB70A6E9C527DCA528362FCE20AAB3B5543D9550020FCC40ABFB7570E4F56E8D9FCBD0AA8C3571EC2572CF3FD040A7B9C53D65B
06 May 2026 09:05:35,MO,231709,54,53F8D5FCD10A60B2508E5950A495FD060A71F24DA2EE4D966BFCA00A85014A92B34AABBCFCB90A548848846A4869E7FCEC0A54E619F5
06 May 2026 09:05:23,MO,231709,340,69FB03D237133C2F375F2F0F84FCB80A499846C3BB469DE9FCEB0A6EFA4775794782C7FCB40A774447BC46479384FCBF0A706C47FF1D48157DFCCC0A703348099047FFD1FCE20A75B5486081487143FCA40A7EA548BFBA489AAAFC9E0A822248B99148D9EDFCB20A882648BE4048E9C6FCDA0A78A248D78C48FBB2FCD50A93FD48D4D8491BB3FCB60AA280492E104977D0FD0C0A6C2D5707E8572C33FCB40AB9FA544105542C6AFC810AA34F4D96284D97AEFD080A578E48E1A248CC82FCC00A5626440EB143F1BBFCA60A55A042B81142BB24FCBB0A50F04318CA43176CFCB10A57AE44083E4419EBFCD70A5E844523D34520B5FCF00A588D4608B54608C3FCD30A689246ADFE46D2F6FCC90A5F6D471A304737A4FCC40A65A94FD2554FFBD2FCB90A6F6F5677D5567CFCFCDC0AB2875909FD58C5C7FCC70AC6D85A389B5A1337FCC10AA24D5862B958709BFCF60A7C4953F0ED
05 May 2026 21:05:40,MO,231709,54,53C398FCD60A5C70504201505836FD0C0A6D3B4D615D4D54EBFCA60A7DFB4A5E814A778EFCC90A51D848583E483DC5FCF40A524A19F5
05 May 2026 21:05:30,MO,231709,340,69FA5B123711AA2C42B22C1E10FCB80A4A7446702D4649ADFCF00A6C724765F3477370FCBC0A74CE47AE9B4785B4FCCA0A6D9147F3774809ACFCC90A6D5247FA1947F020FCDE0A72DC4855D6486692FC9B0A7B8F48BB84489680FCA40A7F3648B61B48D68EFCAE0A859B48BC0D48E797FCDD0A75B548D64A48FA6FFCD80A910048D3C3491AA2FCB70A9F5550E452513A53FD0D0A633A5B46115B5C18FCB50AA0FD5428B95412BCFC7E0A99B84D5BF44D5DAFFD0B0A545F48B8D648A3CEFCC60A533C43F64C43D967FCAB0A52F542AB6442AE8AFCBD0A4E714313AC431247FCB60A54F7440746441900FCDA0A5BCC4524F64521D6FCFB0A55E6460AB4460AB6FCD20A65D546AFE046D4D0FCC90A5CBA471B9C47391EFCC10A62F3565E3756883FFCBB0A664E5C86D85C8BFEFCDB0AB30A5DC7855D8453FCC60AC1D85D5B4E5D372EFCBC0A94D058FFD4590DBBFCFA0A773053BB68
05 May 2026 09:05:36,MO,231709,54,535B4CFCE10A4C174FEFF35005FFFD0B0A5C404D1F4C4D12FDFC9C0A6DC14A2A1A4A4339FCC50A42F9482BEB481172FCF10A438019FE
05 May 2026 09:05:29,MO,231709,340,69F9B2523711CB2EA1502E7A3CFCC30A3A3546D23B46AC4FFCF30A5D2C4778774785CEFCB70A69DD47BDE9479520FCC50A5E7947FFD9481631FCCE0A5E4348093347FF66FCE80A63C34860024870C7FC9B0A6C5248BFE1489AC5FC9B0A701248B97048D9C8FCB00A7ADC48BE2748E9AEFCE10A66A648D78248FB9DFCDC0A81B448D4B6491B8CFCB90A902B5E6B945E9726FD120A64435DAF7D5DB74AFCAD0A776053D1C853BBC3FC810A8A1C4D234B4D252DFD080A451E4890BD487BC5FCC40A444D43DE1243C141FCA60A4422429EFB42A22DFCB40A4073430ECD430D69FCBB0A461544067D441833FCD90A4CE3452651452326FCEF0A4718460CB9460CC0FCD90A56D546B1D446D6D2FCC70A4DCB471D27473AAFFCC10A53ED61A80D61D27FFCBD0A591262C8D062CE6FFCE20A94A461545C6113A0FCCB0AAFA65ED5755EB353FCC10A839158BCA958CAD0FCFF0A68B5535300
04 May 2026 21:05:31,MO,231709,54,52F5C3FCD50A4F024FA7484FBD51FD070A5E874CE4114CD7C8FC9A0A6F0449F8AE4A11B1FCC00A46F948010847E6A1FCF30A479319F5
04 May 2026 21:05:22,MO,231709,340,69F9099237119744D77644A148FCC30A4E2547121746ED4EFCE70A60F0478160478E8AFCB10A6C9747C9C747A133FCBB0A6267480B66482215FCCA0A623248180F480E5DFCE00A67BC48674948781DFC9B0A704448C1BD489C9CFC9A0A740748BB5848DBA6FCAB0A7DA948BFB048EB2BFCDE0A6AAB48D86F48FC83FCD40A85BA48D599491C7BFCBB0A93D666D84A66D714FD150A69445DD3BE5DD5F6FCB30A6A82537401535E76FC7A0A8B1C4CEFB74CF1B9FD010A48CE4869B94854DDFCC40A483B43C5E843A914FCA50A482842927E4295B1FCBC0A44644309B7430855FCB40A4A0D440583441743FCDA0A50D9452767452450FCF00A4B12460E8C460EAAFCD60A5AC746B3A246D896FCC50A51CB471E87473C0EFCC30A57E368CF4D68FBAFFCBF0A305264793F647F74FCDD0A842D6194B7615554FCC70AADA45E6B1C5E4923FCBE0A8AD65826925834A9FCFB0A6DF152EDA3
04 May 2026 09:05:38,MO,231709,54,52A208FCD90A4DAC4F67F74F7DFBFD080A5C734CADD34CA192FC9D0A6C2A49CA0249E2F4FCBF0A469E47D79A47BD32FCF40A474119F5
04 May 2026 09:05:29,MO,231709,340,69F860D2371281717EBD7159D6FCBE09F4F846C377469CC1FCE80A60B247757E4782ACFCB80A6BFE47BCA5479393FCC20A61E947FF1F48154DFCC40A61A44808CA47FEADFCE40A673A485F4B486FF3FC9B0A6FB248BF55489A2EFC9E0A737248B90E48D95EFCAB0A7D1648BE2F48E9A8FCDC0A6A1C48D77448FB88FCD00A852048D49D491B78FCB70A92F36775CA676E06FD0D0A64F75D15905D175BFCA80A69495320F3530BE3FC820A897D4CBDF74CC008FCFC0A480C4842E4482E05FCBF0A47AE43ADC34390FDFCA80A47C342863042895DFCBA0A44244304C4430373FCB80A49A74404B644166DFCD60A50744528AE452589FCF50A4AB2461089461098FCCE0A5A5C46B58946DA7EFCC70A5165471FF8473D80FCB90A57746910A4693D1DFCB80A266563D2CB63D90DFCDB0A81BD60AE61606F10FCCC0AACB25D83285D6126FCBA0A8A185794FF57A32EFD000A6EBD5299F2
03 May 2026 21:05:42,MO,231709,54,525E3AFCD70A48E34F2D544F434EFD070A56E34C7A904C6E5EFC9E0A65B4499D9B49B696FCC30A42C047AF9D47952FFCF70A436519F5
03 May 2026 21:05:31,MO,231709,340,69F7B8123712A078F8FB78C0AAFCBA09A4B546C371469DD3FCE50A5CF34775A0478303FCB30A692C47BC0E479340FCCA0A5E0647FE554814B6FCCB0A5DCA48092547FF59FCEB0A635E48602A4870F4FC9E0A6BD248BFF1489AD1FC9D0A6F9348B96848D9CEFCAE0A7A6B48BE4548E9C8FCE10A664448D78548FBA8FCD40A812E48D4CA491B95FCB90A8EC86603B165F709FD0C0A5DE35C0F845C1401FCAB0A6D8152DBBD52C6F2FC800A80B64C8C1E4C8E45FCFB0A441B481BD8480710FCBD0A43DF43958B4378E0FCA60A4415427A0C427D49FCBB0A40C443000542FEB0FCB70A45EB4403F94415BBFCD50A4CB5452A0B4526E4FCF30A46FC4612934612A1FCCF0A568A46B76846DC60FCC30A4DA747216D473EF7FCC40A53A1673B59676834FCB909FBA36225F2622C1AFCDC0A82F75F63C85F2403FCC90AAC165C9DF15C7BA8FCBA0A8C32572CA7573ACFFD020A6B77525625
03 May 2026 09:05:33,MO,231709,54,521BA2FCD80A46C14EF25B4F0839FD0A0A53F64C47FC4C3BBFFC9F0A612A497184498A6CFCCA0A417D478756476CF0FCF80A422219F5
03 May 2026 09:05:24,MO,231709,340,69F70F523712AF7320A972E79BFCB809B6EB46EC6F46C5E4FCF40A5B7D477F6D478C98FCB30A683747C331479A6DFCC60A5CA44804C1481B09FCC80A5C624810824806A2FCE50A61F94864F34875AAFC9C0A6A6D48C1A9489C8DFC970A6E2148BB0B48DB53FCA80A79A448BF3D48EAB8FCDF0A64E148D82D48FC3FFCD80A7FBD48D542491C29FCBA0A8D12637DAD637747FD0D0A5D125B6B725B725EFCAE0A7391529BAA5286F3FC840A75A04C5B274C5D6DFD000A429F47F53947E07CFCBC0A4289437D734360C9FCA10A42CF426E06427143FCB50A3FB642FB3F42F9F3FCB30A449B440345441512FCD70A4B5E452B63452843FCF30A45B14614944614A6FCCD0A553346B95146DE4DFCC40A4C514722E6474063FCBC0A524364C2B964EF94FCBC0A063060CDAC60D3B7FCD20A87C95E8E485E4E1DFCCC0AAD285C1DFD5BFB8AFCC50A89B456E30156F13CFCFE0A6A5C521380
02 May 2026 21:05:43,MO,231709,54,51D575FCD30A4ACA4EB8A44ECE73FD050A57344C17554C0B2EFC9C0A6207494643495F2EFCC20A464D475F274744BBFCF60A46F719EC
02 May 2026 21:05:32,MO,231709,340,69F6669237127A68349267FA2FFCBA09D6AF46F56A46CE9FFCE90A60394781B2478ED7FCAF0A6BAA47C48D479BB3FCBF0A615D4805DB481C24FCC50A61234811C24807E4FCDD0A66BC4865B4487668FC9C0A6F3548C1C6489CA5FC990A72E348BB4648DB8EFCAF0A7D4348BF6448EAD4FCD70A69A948D84248FC63FCD50A848248D569491C43FCB50A916B61F74561FA43FD090A623D5B41425B4818FCAE0A787152574E5242C4FC820A6D3B4C2BD24C2E2BFCFF0A474647CEB247BA12FCC30A475A4365654348CEFCA80A479E42620E42655DFCBC0A446D42F68742F531FCB60A496344029B441463FCDE0A5028452CB4452995FCF00A4A814616944616A6FCD70A59FE46BB2946E023FCC10A511E4724434741C6FCBA0A570B6385A263B252FCB80A166A608771608D93FCDB0A8D995E69F65E29C0FCC50AB0415BEE9C5BCC60FCC30A91225694A256A2EDFCF80A6F8851CD64
02 May 2026 09:06:26,MO,231709,54,51900EFCDD0A506D4E81844E973FFD090A5BFC4BE88C4BDC61FC9C0A644C491B5949342CFCC00A4CA0473673471C05FCFA0A4D4819FE
02 May 2026 09:06:19,MO,231709,340,69F5BDD23713025C911C5C575CFCB509FC8B46FB7146D560FCEB0A6680478030478D5AFCB20A702447C482479BADFCC20A67A2480603481C6FFCCA0A6770481314480953FCEA0A6D164865C348768CFC9A0A758B48C17C489C54FCA30A793E48BB0448DB4CFCAB0A81F348BF4C48EAB8FCE00A700448D82E48FC40FCD70A8ADB48D556491C31FCB80A975662D17862D19AFD0A0A67095AFF655B0529FCB30A7A465212B851FE71FC7F0A69C94BFEA44C010CFD020A4D7F47A84047939EFCC40A4DB2434D794330F3FCA30A4DF542563B425983FCBB0A4AA742F1D642F08AFCB40A4FB24401ED4413B2FCE00A5678452E12452AF9FCF60A50D44618954618A2FCCD0A604746BD0A46E208FCCB0A576E4725A8474328FCBD0A5D52646B346497F4FCC00A177B609F4260A579FCDE0A8E435E2ED75DEEF5FCC80AB2DC5B89EC5B67C2FCBF0A98215634EC564340FCFB0A761451880A
01 May 2026 21:05:36,MO,231709,54,514DEFFCD90A4FC44E4D944E6343FD040A5A6E4BBB934BAF61FC9E0A60D048F0124908E9FCC70A4CA0470CF946F289FCFB0A4D4419F5
01 May 2026 21:05:26,MO,231709,340,69F515123711EF6CD25C6C990EFCB709CA8846A8B54682CAFCE80A665B477142477EABFCBA0A6F8C47B627478D5CFCBE0A674E47F867480EBFFCCC0A67214801EF47F824FCE50A6CC9485BA2486C72FC9B0A754348BD8D48987EFC9B0A78E648B7E048D848FCA90A819B48BD2348E8ABFCD40A6FB748D6F048FB0CFCD60A8A8148D450491B30FCB40A96A36267F262653EFD0B0A63D35A86465A8C8CFCAF0A7B7351D0D551BCC4FC770A648E4BD37D4BD5F3FCFD0A4D46478142476CB4FCC60A4D954335B9431945FCA00A4DDD424A98424DF2FCB30A4AA342ED4C42EC07FCB10A4F8D440165441331FCDF0A5656452F89452C6EFCF40A50BA461AAD461AB6FCD50A602246BEF246E3EEFCC50A575147270F474497FCBF0A5D2963CEF863FBE5FCB90A127C5FF2AC5FF8EAFCDC0A8DD95D98C15D58D6FCC80AB1D05B0A125AE7FAFCC40A995955D84D55E6A8FCFC0A75825145EC
01 May 2026 09:05:38,MO,231709,54,510EDEFCDB0A3F094E1DDD4E3374FD090A48B94B8F3A4B8315FCA10A4EAD48C35948DC2BFCC90A3C7246E21D46C7A0FCF90A3D1519F5
01 May 2026 09:05:27,MO,231709,340,69F46C523712A8694F36691496FCB409CC9F46A2D4467C98FCEF0A5613477092477DE9FCB70A632D47B596478CBBFCBF0A56E847F775480DAFFCCC0A56C34800D747F6E1FCE30A5C5C485B1E486BDCFCA10A64BF48BD73489867FC960A686048B79C48D7FBFCB00A75B948BD0E48E891FCDC0A5F4148D6D148FAF7FCDB0A79D748D437491B09FCBC0A85DB61BCF761BBCCFD080A58C75A1D6F5A23EAFCB10A72665191FB517E41FC820A4FE64BAAA24BAD16FD010A3D0A4759824744FBFCC40A3D6B431E564301F7FCA10A3DB1423F4C4242ABFCBB0A3B4F42E91242E7C8FCB50A3F574401264412F8FCD90A4611453149452E2CFCF20A408B461CFD461D0BFCD10A4FC246C10846E609FCC20A47084728A8474630FCC30A4CCF63188063457FFCB90A0B3E5F6C415F728CFCE00A84555D1E665CDE81FCCD0AA57E5A94A35A7293FCC10A8AE155790F55877DFD010A64955106E7
30 Apr 2026 21:05:47,MO,231709,54,50D984FCD60A2E2D4DF44A4E09DDFD0B0A36D74B63C34B579FFCA30A3D4848955248ADFFFCBE0A2C0B46B5F2469B8EFCF40A2CA319F5
30 Apr 2026 21:05:36,MO,231709,340,69F3C3923711A26562906527C1FCBC09CA8C468C06466523FCF10A457F47702E477D8CFCB40A56F247B2FD478A04FCC50A461747F4D9480B09FCC80A45F347FB9F47F18AFCDF0A4B7E4857E948689BFC9A0A53CA48BCD24897C5FC970A576548B71848D77CFCAB0A69C348BCCC48E84FFCE30A4E5F48D6AD48FAD0FCDD0A68BB48D3FB491AD9FCBF0A74B0618031617EFCFD0E0A4DF559A39159A9E7FCB00A6884515B9951482CFC7D0A3D294B83604B85D3FD030A2C7C473094471C1AFCC50A2CEE43073842EAE4FCA00A2D3242342542378CFCBD0A2BB842E4E442E3AFFCBA0A2ECB4400FE4412C8FCDA0A357F45330E452FFCFCEE0A3016461F56461F59FCCE0A3F1A46C32346E820FCC40A3676472A454747CEFCBE0A3C2D62DC8A630994FCBC0A01E95EFF365F0598FCDB0A79985C970C5C5740FCC80A9B135A05B359E3BDFCBF0A7A4655173F5525BBFCFA0A53F050D191
30 Apr 2026 09:05:44,MO,231709,54,50B3F5FCDC0A21834DD0774DE609FD090A29324B37FA4B2BD7FCA20A309F486571487E2CFCC20A1FC64688DC466E6EFCF20A206019F5
30 Apr 2026 09:05:34,MO,231709,340,69F31AD237111367D02267954EFCBD09BE8946B1FE468C24FCE60A393A4775814782E8FCB70A4E0C47B862478F93FCBE0A39CA47F975480FC0FCCE0A39AC48027247F882FCE40A3F29485C4B486D13FC9C0A476748BEC04899B4FC9F0A4AFD48B85D48D8D0FCAB0A614448BD9D48E91FFCDB0A420148D72848FB4CFCDC0A5C3148D474491B56FCB60A67F8612480611EB9FD100A44B758EC9858F428FCB40A63855134DD5121B7FC840A2FC94B5C1B4B5E6FFD040A204147063F46F1D4FCC10A20BB42F06042D414FCA60A2100422911422C7EFCC20A203F42E0BF42DF8AFCB50A228A4400C644129EFCD60A292E4534D84531BDFCEB0A23DA4621A64621AAFCD20A32B246C53F46EA38FCC70A2A28472BC9474955FCBE0A2FCC625214627F4CFCC009F5465E05AB5E0C04FCE00A71755BAE6B5B6E79FCD00A96B95950FF592EECFCBC0A6FD754CAA654D91AFD000A477450AC11
29 Apr 2026 21:05:45,MO,231709,54,509EC7FCD80A187E4DB0354DC5C5FD0A0A1F314B0A304AFE16FCA40A27B74833EB484C8FFCC00A1712465B3B4640D7FCF70A17A919EC
29 Apr 2026 21:05:36,MO,231709,340,69F272123710856FE23E6FA9E0FCB509A19946D46C46AFB2FCEF0A3070477B6A4788E9FCB10A47D847BDC247950CFCC20A30E547FEB548153EFCC50A30CC4809BB480027FCE40A363E486098487178FC9E0A3E6F48C099489B8DFC940A41FF48B9D448DA3BFCB00A5B6748BE8E48EA12FCD90A391A48D7CD48FBE7FCDA0A532548D4FB491BD1FCB40A5EBF5F342D5F323AFD120A3E6F585082585A14FCB50A6346511DD9510ABAFC790A25984B31A04B33DEFCFC0A178B46DA5746C5FFFCC40A180142D9C442BD93FCA00A1844421E0A422182FCBD0A181E42DCA542DB73FCB00A19CB44009F441270FCD90A206745369145337AFCF50A1B264623EB4623F6FCD00A29D846C74E46EC4DFCC40A215E472D53474AE2FCB70A26F260598C6086BEFCBD09F5F85CD89A5CDF00FCDC0A6F3D5AE2105AA201FCC80A90DF58CDF658ABA9FCC00A699554A19354B005FCFA0A3E5B5096E2
29 Apr 2026 09:06:35,MO,231709,54,509937FCD50A1C694D8DC74DA35AFD090A22304AD7BB4ACBA8FC9E0A2B4048009C48193DFCC20A1B3D462DA9461341FCF60A1BD819FE
29 Apr 2026 09:05:39,MO,231709,340,69F1C952370F8363FE5463C445FCBB09C22D472D714707A1FCEA0A3437478CEB479A02FCB80A4B3A47CD4A47A483FCC10A34E3480CCB48234CFCC90A34D3481A664810ABFCE60A3A47486A5A487B20FC9D0A427548C40C489EE4FC930A461248BCE048DD2EFCAD0A5F3348C09048EC02FCD90A3D2C48D8FA48FD0EFCD60A573448D5FE491CCEFCBE0A62725E5DB45E5D2FFD060A432657CBC557D704FCB30A699051186D510510FC790A29224B01D04B03FEFD060A1BAE46AD93469951FCC10A1C2A42C35A42A738FCA00A1C6D4212FF42167CFCBA0A1C4F42D86442D730FCB10A1DEA440059441233FCD80A2484453845453526FCFA0A1F4C462623462629FCD60A2DF746C93D46EE39FCC00A257D472EB6474C44FCB80A2B0D5F87785FB4ECFCC009FEF65BFBF35C025DFCE00A73145A2E7E59EE26FCC90A95785866BC584417FCBB0A6FA954A38554B1E2FCFC0A41F550914B
28 Apr 2026 21:05:36,MO,231709,54,509443FCD70A2A5A4D5FA14D753BFD0A0A2F434A9CD94A90C2FCA20A38C747CA6B47E30FFCC80A297245FF5045E4F4FCF30A2A0A19F5
28 Apr 2026 21:05:30,MO,231709,340,69F12092371184596429593EC0FCBB09EC6846CA0946A384FCF30A4282477CE1478A20FCB50A55BF47BC9C4793AFFCBF0A42EE47FCFE481336FCCA0A42ED4806B447FCB0FCE60A4868485FB9487064FCA10A509B48C066489B4AFC990A543148B9BD48DA13FCB00A6A0048BE7748E9F9FCD30A4B4748D7AA48FBC8FCD50A656C48D4E2491BBEFCB90A702C5BF1485BF511FD090A4B1F578DDF579C46FCA80A791C51190F5104FEFC7C0A37844ACAA54ACCB1FCFA0A29D046808A466C6AFCBF0A2A4C42AD3F429127FCA70A2A934207EB420B77FCBB0A29FE42D41342D2E8FCAF0A2C074400034411D6FCD90A32AD4539D64536B0FCEC0A2D6F46283446283EFCCE0A3C2246CB1746F011FCC50A33A9473010474D92FCBE0A39365CDD8A5D0A8EFCBA0A0DBE5AC4F35ACAC7FCD50A7F9A59B3155971E2FCCD0A9BB9587053584D32FCC70A7EBB54DF7D54EDD6FD000A4F28508C08
28 Apr 2026 09:05:41,MO,231709,54,507C89FCD70A29C74D21D74D376CFD0D0A2DD44A5B724A4F5DFCA30A38934792F947AB81FCC40A290A45D12745B6B9FCF60A29A019FE
28 Apr 2026 09:05:31,MO,231709,340,69F077D23710AC5EC7D15E8A42FCB309F08C47099246E4A1FCF10A41E54783B947910BFCB90A556D47C57E479CE0FCC10A427448060D481CA1FCC20A427E4813A8480A13FCDF0A47F4486635487706FCA20A502348C20D489CF0FC9C0A53B848BB5148DBA5FCB00A6A3648BF7B48EAF3FCDF0A4ADF48D86248FC6FFCD90A64EE48D579491C50FCB70A6F555A33C65A4208FD0A0A49F85806DD58165CFCB30A7C09510A1850F52AFC7E0A37824A8C7E4A8E9EFD060A29704653D9463FD2FCBC0A29F0429788427B80FCA20A2A2B41FD244200B5FCBC0A29CC42D00B42CEDEFCB50A2B9C43FFE34411C0FCD50A323E453BA645388FFCF70A2D00462A75462A88FCD40A3BAB46CD0F46F20CFCCA0A3333473175474F00FCBC0A38BE5B288F5B546FFCBA0A17515ACAA05AD006FCD60A81FA5A37D459F606FCC20A9C18591F0D58FBCDFCBF0A7D455534865542E6FCFC0A4CD2507411
27 Apr 2026 21:05:48,MO,231709,54,504536FCD50A2B324CD6504CEBD4FD090A2E794A174D4A0B4EFC9E0A3A70475BE1477464FCC20A2A9745A385458928FCF50A2B2519F5
27 Apr 2026 21:05:39,MO,231709,340,69EFCF1237115053008F52C0BDFCB70A097F46D33646AD79FCEA0A438C477E12478B70FCB60A56D147BD0A47943FFCBE0A43E547FD1E481385FCBF0A43F148085947FE98FCE30A49664860FE4871C4FC9D0A519448C094489B87FC9B0A552048BA0748DA63FCB10A6BE248BE9048EA0DFCDB0A4C4848D7C748FBE8FCD40A665348D505491BE2FCBD0A70585AA7B15ABD93FD0D0A493D59095259168DFCA90A7AA750DA7D50C4D8FC7C0A3A354A4AB64A4D08FCFF0A2AF04627DB4613F5FCBB0A2B6D42820E426619FCA40A2BAC41F27741F60FFCB60A2B6142CC0942CAE8FCB00A2D0E43FFDC4411B2FCDC0A33B0453D83453A60FCF30A2E7D462CC2462CD6FCD40A3D1846CF1046F407FCC60A34AB4732EB475074FCBB0A3A2A5BD8775C03AEFCB90A1D835C46FA5C4C54FCD90A82CA5B9E4F5B5CBDFCC80A9B835A29ED5A0715FCBC0A7C9C556C48557AB9FD030A4BDF503CA1
27 Apr 2026 09:05:43,MO,231709,54,4FEBC0FCDC0A28374C83014C9879FD040A2AC949D2F349C6F8FC9B0A37CF472531473DA3FCC80A27AA457631455BD7FCF50A283B19E4
27 Apr 2026 09:05:36,MO,231709,340,69EF265237116848CCED489830FCB50A249446B8614692F4FCE90A40924778744785F3FCB50A54B647B8AC478FD9FCC00A40C947F8E1480F3EFCC30A40E148029647F8BCFCE90A464F485CE4486DB3FCA10A4E6F48BF25489A1FFC990A520048B8BA48D927FCAD0A6A1E48BDCD48E94AFCDB0A493248D75748FB73FCDD0A632848D4A3491B76FCB60A6CD35D7E785D917EFD110A46125A0F8F5A187CFCAA0A7222508650507078FC7F0A36284A09764A0BF1FD0C0A280745FCBB45E8ECFCC20A2885426CF942510DFCAC0A28C341E7F341EB81FCBD0A28CB42C82E42C709FCB60A2A1A43FFEC4411C8FCD80A30B9453F6C453C54FCF80A2B91462F26462F30FCD70A3A1846D11C46F61BFCC40A31B74734614751ECFCC50A37255EFF2C5F2AFCFCB70A17115E806A5E863FFCDF0A7CCD5D36AB5CF5F2FCD30A97DE5B10085AEDF6FCBB0A76635557C4556648FCF90A463A4FE30D
26 Apr 2026 21:06:28,MO,231709,54,4F827CFCD70A20264C31CD4C4722FD050A221A4990DC4984E7FCA20A2FE946EF354707AAFCC40A1F9D454946452EE9FCF70A202919D2
26 Apr 2026 21:06:20,MO,231709,340,69EE7D923710B541D068419D21FCB40A3C9746903C466909FCEE0A38904776E4478443FCB00A4F2A47B37B478A6DFCC00A388447F460480A7EFCC00A389D47FA1947F004FCE30A3E054857B3486855FC980A461348BDA0489893FC980A49A048B7A748D80CFCB40A64C248BD2948E8ACFCDA0A40DE48D6F148FB19FCD30A5AB248D441491B1AFCC00A64156135F3614478FD0D0A40BC5AA9EE5AACB9FCB60A63A4501C4A5006C3FC7D0A293B49CAC949CD6DFD080A1FF945D24845BE93FCC80A206F42583B423C57FC9E0A20AB41DD8A41E130FCBC0A214042C46F42C354FCBB0A2200440021441200FCDB0A289545417A453E64FCF40A237E4631964631A1FCD70A31E746D33346F832FCC40A29924735E8475374FCBE0A2EF663487A6374A9FCBB0A0C81610170610818FCDC0A71425E7F8B5E407EFCC50A8A005B4F385B2E3CFCC40A6A1E54E03854EEEDFCFA0A3B9B4F79DD
26 Apr 2026 09:06:39,MO,231709,54,4F201CFCD50A1FB24BE6904BFBCDFD020A21254950DB4944F5FC9B0A2F2A46B9D446D23CFCC50A1F24451CC6450265FCF40A1FAF19F5
26 Apr 2026 09:06:29,MO,231709,340,69EDD4D2370E586693B56658A5FCB609CD0446FAEE46D446FCEB0A38064788AC4795E7FCB30A4F5E47C445479B69FCC40A38154803624819ADFCCB0A383A480E1D480441FCE60A3D9C4864DE4875A4FC9B0A45A548C2C0489DA3FC9C0A493048BB9748DBE8FCAE0A655F48BF9A48EB08FCDE0A407A48D86A48FC7FFCD50A5A3B48D57E491C63FCBB0A633D646E4A646660FD100A3D3A5A17AA5A18CEFCB30A60DF4FB7264FA22BFC800A2382498EBF499193FCFD0A1F9F45A86F4594E1FCC60A20144243AB4227D6FCA70A204B41D32A41D6C7FCB50A211E42C0A442BF7DFCB30A219444004944122DFCDD0A282845437C45405CFCF40A23164633F44633FDFCD80A316446D53A46FA40FCC30A291E4737514754E1FCC40A2E76667ACD66A90AFCB909F21C612EB9613622FCD90A6A245DFACE5DBC6AFCCA0A8A9E5A8D0A5A6C45FCC00A66385444F05453A9FD000A39034F1785
25 Apr 2026 21:05:44,MO,231709,54,4ECD24FCD90A2DBD4BA0064BB52EFD0B0A2ED04911AA4905D8FCA10A3C6B46851D469D7EFCC70A2D3B44F12B44D6D1FCFB0A2DC519F5
25 Apr 2026 21:05:33,MO,231709,340,69ED2C12370E136E042B6DC83AFCB509BF6147207C46FAEBFCE80A45B7478BBC4798F0FCB50A59E447C94947A08DFCBF0A45E048087E481EFEFCC60A4616481561480BB0FCE70A4B7E4867D148789FFC9C0A539048C33B489E15FC9B0A572248BC0D48DC60FCB50A705248BFF548EB67FCDA0A4E6B48D89448FCABFCD40A684448D5B1491C8DFCC10A70B763D6F963CB32FD100A424F59243459267FFCB10A6C3C4F613C4F4CA0FC770A2E694953A349568FFD000A2D92457F3B456BC2FCC10A2E0A422F4C421390FCA60A2E4741C8AC41CC4CFCB50A2EB642BCAB42BB92FCB50A2F8944005244122AFCD50A362445455B454236FCF20A310E46362F46363DFCD10A3F6946D71B46FC1BFCC30A37204738A447562DFCC00A3C7C65B52265E3D5FCBA09F9425FF8705FFFF3FCD40A77285CCFEC5C916DFCD00A98265995F259750AFCBE0A716553BDD653CC8FFD000A45434EC49F
25 Apr 2026 09:05:52,MO,231709,54,4E84C4FCD40A35AA4B59A14B6EB6FD0C0A366F48D1B948C5E5FCA00A43684650D5466927FCC30A352744C65744ABF8FCF60A35B519FE
25 Apr 2026 09:05:43,MO,231709,340,69EC8352370E90710D6A70D798FCC109BBAD470C2B46E646FCEA0A4DD5478921479660FCBB0A603F47C4F1479C25FCC50A4DEC480454481AC5FCCA0A4E25481128480771FCDB0A538F48663D4876FAFC9D0A5BA048C2AA489D8CFC9E0A5F3348BB9D48DBEBFCAF0A76ED48BF9748EB05FCDE0A567B48D86548FC7CFCD70A705748D583491C5DFCB70A784561C74161BC94FD0E0A035258377A583C36FCAD0A763F4F17CA4F0348FC800A36C349174A491A4BFCFE0A35984556A5454339FCBF0A360B421B4141FF89FC9F0A364441BE5041C1FCFCB80A368E42B8DF42B7CDFCB50A377F44007B44125DFCDB0A3E1945474C454436FCF60A390046388B463896FCD30A475C46D91246FE10FCC30A3F14473A0A475787FCB90A446B6364D2639366FCC30A02F45E55095E5C33FCD90A7F6D5B9CAA5B5D9EFCC80AA0DB58CB1C58A9D2FCBF0A7665535F57536E0BFCF90A4B6B4E7C38
24 Apr 2026 21:06:45,MO,231709,54,4E3CBEFCDE0A3FC04B0FD04B24CDFD090A404248914548857EFCA20A4C5F461D864635D9FCC10A3F41449C7844822AFCF90A3FCA19FE
24 Apr 2026 21:06:35,MO,231709,54,4E3CBEFCDE0A3FC04B0FD04B24CDFD090A404248914548857EFCA20A4C5F461D864635D9FCC10A3F41449C7844822AFCF90A3FCA19FE
24 Apr 2026 21:06:31,MO,231709,340,69EBDA92370EF06DDB3A6DA0B0FCBA09D0BD470AEF46E57AFCEE0A57FF47883A47958CFCBA0A683A47C46C479BB3FCC20A57FE4803F7481A78FCC50A584748107D4806D9FCE70A5DB448654C48761EFCA70A65C248C24A489D3EFC9D0A695A48BB4A48DBAFFCB00A7F1048BF5C48EADBFCE00A609C48D84648FC55FCDB0A7A8A48D56F491C4CFCC10A81EE5F7D415F77F1FD0D0A0F3A57A7FE57AEF9FCB60A827F4ED0384EBBB2FC830A431748D99E48DCD2FD020A3FC1452EEB451BACFCBD0A403042075B41EBA9FCA40A406541B40341B7B4FCB90A407742B51D42B40CFCB10A419E4400AC441293FCDB0A483C454954454638FCF90A431A463AD8463AE7FCD10A517B46DB1047000CFCBE0A4930473B554758E1FCBF0A4E80610EB7613CF7FCBA0A119A5D11815D1858FCDE0A903D5ADB325A9B9EFCCE0AAD225864B458432BFCC40A7D465324005332B8FD020A53B14E342A
24 Apr 2026 09:05:55,MO,231709,54,4DE99FFCD20A48FD4AC1824AD66BFD0B0A49414850F548452EFC9F0A545745EB684603B3FCD00A487444738044592FFCFB0A48FE19F5
24 Apr 2026 09:05:47,MO,231709,340,69EB31D2370EFA648AE264508BFCB709F0A447106746EA9CFCEC0A612E47892547965CFCAF0A6F4C47C496479BD0FCBE0A612F48041E481A95FCCD0A6183481108480761FCE50A66F44865F04876BCFC9E0A6F0448C256489D34FC960A729E48BB6948DBB4FCAD0A866048BF6648EAD2FCD60A69E348D83F48FC58FCD40A83D548D56F491C4CFCBA0A8AAE5E1E4B5E2102FD170A1AA25791845798A4FCB00A8AD44E7EA24E6A07FC7B0A4E9B489C26489F7FFD010A48FA45086344F536FCBE0A496941F3AB41D809FCA50A499C41A9CA41AD85FCB90A497842B16F42B065FCBB0A4ACE4400FE4412E5FCD20A516D454B6E45484DFCF50A4C4A463D3D463D47FCCB0A5AAB46DCFE4701FEFCC00A525E473CA9475A3AFCC20A57B05FAF145FDC97FCB80A21065CC9365CCFCFFCDF0A9CFE5ACE935A8ED2FCC70AB4A0585EF8583D81FCBD0A827C52E9DA52F8AAFCFB0A5B0B4DE10E
23 Apr 2026 21:05:54,MO,231709,54,4D899BFCD70A4E1A4A70B54A8585FD090A4E384811724805BDFC9C0A582C45BA3D45D280FCCA0A4D95444B094430BFFCF50A4E2019F5
23 Apr 2026 21:05:44,MO,231709,340,69EA8912370D1359D09D5996A9FCB70A13A54706E146E19CFCEE0A65E44785714792C4FCB20A72E147C14A479892FCC70A65E04800C3481752FCC40A6644480D4648039DFCDF0A6BB7486342487410FC9D0A73CA48C0F8489BE7FC9B0A775F48BA4B48DAA9FCA50A8A2C48BEAC48EA2EFCD90A6EAB48D7D748FBF1FCDA0A889D48D50B491BF2FCBB0A8F035E8FD95E9471FD110A1DF4579CF957A253FCAE0A89D14E20174E0B9BFC7D0A532248608D486426FD010A4DEF44E2FF44CFF0FCBF0A4E5C41E04641C4BAFCAA0A4E99419FAC41A370FCBB0A4E5842ADE642ACD5FCB30A4FBC44016644134EFCD90A5661454D8D454A78FCF10A5142463FAB463FBBFCD40A5F9F46DF054703FFFCC30A575A473E1A475B98FCBE0A5CA6605156607EBAFCBE0A25EF5D51595D582DFCD60A9A865B14EC5AD595FCC70AB4505859B85838ACFCC00A82C452904B529F20FCFC0A5E3F4D80FC
23 Apr 2026 09:05:52,MO,231709,54,4D20AAFCD90A48A24A212A4A35DAFD0C0A489D47D41047C860FCA60A517F4589E545A221FCC20A48184422C544087DFCF90A48A219EC
23 Apr 2026 09:05:47,MO,231709,340,69E9E052370D355E0B495DD0C0FCBE0A00BF47047F46E023FCED0A609747840B47916AFCB30A6F1B47C0CA479849FCC30A607F480060481728FCCA0A60E6480D544803EEFCEB0A66534862AB487390FCA30A6E5848C09F489B8EFC9C0A71F148B9FF48DA60FCA90A866D48BE8848EA02FCD90A694048D7BA48FBDEFCD50A831B48D501491BE6FCBC0A89195F919D5F9211FD110A1637576DA4577162FCB00A7EE24DB9984DA57DFC820A4CC8482843482C07FCFC0A489244BE9A44ABA9FCBC0A490341CD3C41B1B7FC9C0A49384195C041998AFCB90A495142AA7F42A981FCB00A4A4C4402014413F3FCD80A50EA454FED454CD4FCF10A4BD646424246424CFCD30A5A1546E132470621FCC40A51E0473F86475D14FCBF0A5723616BF86199C5FCC00A1D805DAB3F5DB25DFCD70A8DDD5B12AB5AD3D5FCCA0AA892580EEF57EE41FCBE0A783B521117522004FCFB0A56F04D1817
22 Apr 2026 21:05:42,MO,231709,54,4CBAB0FCDE0A42B949D80449EC8DFD060A4296479B09478F74FCA00A4A5C455B69457397FCC60A422C43FB4443E102FCFD0A42B119EC
22 Apr 2026 21:05:38,MO,231709,340,69E93792370D386141E9610545FCBA09F1684715ED46F13EFCED0A5A684787A8479501FCB60A6AD147C3EE479B62FCC10A5A484803164819CDFCC00A5ABA48104D4806CDFCE00A601D48647D48754FFC9E0A681A48C166489C51FC960A6BAC48BA9D48DAFEFCB40A822448BEF248EA6AFCDA0A630B48D7FA48FC17FCD30A7CC748D53B491C10FCB80A8272602D5160299FFD0F0A0F5556F18056F429FCAF0A74AD4D52804D3EF3FC770A45F347F37347F75EFD040A4297449AAD4487C8FCBC0A430541BA5F419EEBFCA40A4338418BE2418FB8FCBE0A43BB42A74142A641FCB70A444D4402C04414AFFCD90A4AE445525B454F39FCF10A45D94644E44644F1FCD30A53FE46E34D47084CFCCA0A4BDB474101475E8EFCBC0A51116238906266D3FCB90A15575D97475D9EA4FCDD0A89C45AA87A5A6A0DFCCC0A9B7D57741A5753A6FCC60A6D9B517A7A518965FCFC0A4F574CB237
22 Apr 2026 09:06:44,MO,231709,54,4C5DC6FCD80A407E49961049AA8AFD040A4044476607475A73FCA60A46E3452E11454637FCC00A3FE543D42743B9E3FCFA0A406E19FE
22 Apr 2026 09:06:31,MO,231709,340,69E88ED2370D06696563692AC0FCB709D3DA4707D446E1B8FCED0A58264789AE4796EBFCB60A69A847C23C479973FCC60A57EC4800EC481749FCCC0A5863480CFA48033BFCE00A5DBF4864364874FBFCA20A65B048C1DF489CD6FC9C0A694048BAF948DB59FCAD0A80CA48BF1848EA88FCDD0A60AD48D81E48FC36FCD30A7A5548D550491C2BFCC20A7FB1601AFA60126EFD110A0BE7562798562A80FCAE0A6FB34CF2F34CDFE9FC7F0A431047C20D47C608FD050A40624476F6446424FCBF0A40C841A7BD418C4FFCA80A410041820A4185DEFCBB0A41C342A3FB42A305FCB80A420F44037C44156EFCDD0A489D4554BB4551A6FCEB0A439E46477D464789FCD30A51AD46E56C470A70FCC10A4994474279475FFFFCC20A4EBB6207276235D5FCBB0A10CA5CC9065CD080FCD80A86BF59C29D59843EFCCA0A9037569BA0567B24FCC70A678850E1B650F09CFD050A4BA34C5571
21 Apr 2026 21:05:56,MO,231709,54,4C0D41FCE00A458D495AF7496F4EFD080A454B4732CE472735FC9F0A4ACA450071451894FCC10A44F843ACF44392BEFCFE0A457F19F5
21 Apr 2026 21:05:45,MO,231709,340,69E7E612370D626B98456B5CD4FCBA09D4A446F28046CCE1FCEE0A5D2D47853647928AFCB40A6DBD47BE8E4795CFFCC10A5CD147FD27481389FCCA0A5D584808F047FF2CFCE20A62B048619F487268FC9D0A6A9E48C10D489BEFFC9A0A6E3248BA1948DA7DFCAA0A84B548BE9048EA10FCD40A65A048D7C448FBDFFCDA0A7F4748D4F4491BD5FCB70A844D5ED67B5ECE49FD120A10BD5548AF554CA9FCB00A70954C9E784C8BF8FC820A478747932D47974FFCFF0A4568445326444067FCBF0A45D24195544179E3FCA60A460A41781E417BF7FCBB0A46C142A0BB429FC2FCB20A470C440435441629FCD50A4DA045571E45540AFCF30A48A04649F8464A0FFCCE0A56A846E778470C78FCC00A4E934743DD47615EFCB70A53B960C80460F6B8FCC10A16255BA2935BAA01FCDD0A8E0E58BB03587C9BFCD00A8EB555BC60559BDCFCC40A69965055B95064A4FCFE0A4F704C0501
21 Apr 2026 09:05:52,MO,231709,54,4BCA6CFCDC0A468B4924E0493922FD0C0A463A46FEB146F322FCA90A4AAB44D16A44E97CFCC70A45EF43856A436B34FCF00A467919F5
21 Apr 2026 09:05:41,MO,231709,340,69E73D52370D556A4BF76A0DA3FCBF09D70446CE4946A7E6FCE70A5E2347808B478DF2FCB10A6EC647B9F047910BFCC40A5D9E47F7F3480E2CFCCA0A5E2B48019047F798FCE40A6387485D12486DCAFCA10A6B6A48BF6B489A5AFC9D0A6EFD48B8C148D929FCA90A857648BDC548E949FCE60A667048D74A48FB65FCD70A800F48D48A491B65FCBA0A84CC5D950E5D8D40FD110A136954669C546BE7FCB30A6F954C58B24C46B2FC7F0A480C476530476959FCFB0A465D442F30441C8FFCC50A46C64183224167C6FCA70A46FA416E4741722CFCB80A47D2429D8C429C97FCB80A47F944050D44170BFCD40A4E8A4559A5455686FCF40A498D464C9D464CA6FCD10A578646E994470E8DFCCB0A4F804745444762CEFCBF0A54975F65FD5F94A1FCBF0A1D225A69C15A7111FCE00A907D57A7B457693DFCC80A876A54DD7F54BCD2FCC20A68184FDA7D4FE968FCFA0A4F464BC242
20 Apr 2026 21:05:56,MO,231709,54,4B9873FCD40A47D348F123490562FD020A477E46C7C046BC35FC9C0A4AFF44A0DC44B8F9FCC60A4736435DF14343C6FCFE0A47BA19EC
20 Apr 2026 21:05:46,MO,231709,340,69E69492370C2969126068D5AAFCB409DC5B46B9C64692F2FCED0A5F85477EB1478C23FCB70A707F47B5D7478D02FCC30A5EDC47F48F480ACBFCCF0A5F6F47FBD147F1D8FCE00A64C74858D148698CFC9F0A6CA448BDBE4898B4FC9D0A703248B7B548D827FCA70A869B48BD0948E887FCDF0A67AD48D6E648FB09FCD30A813F48D452491B28FCBC0A85BF5C166B5C0F35FD070A17245382BD5389DFFCB10A72964C24CE4C1300FC810A48FB473601473A2BFD000A47A8440B5943F8C7FCC30A481141712B4155D5FCA80A484241647541685EFCB80A4933429A7042997DFCB60A49404405FD4417F5FCDC0A4FC8455C1D455903FCEE0A4AD0464F37464F59FCD80A58BB46EBA64710AAFCC30A50BB4746B2476434FCB90A55D05DE1525E1005FCBE0A1F1959066E590DACFCDA0A97BE567F795640C3FCC70A854C54067553E58CFCC30A677D4F815F4F902EFD050A4F884B9057
20 Apr 2026 09:06:48,MO,231709,54,4B7206FCDD0A4A7D48B9C448CDFCFD0E0A4A26468C0C468098FCA50A4CE1446F4E44875CFCBF0A49DE433719431CFBFCF60A4A6919FE
20 Apr 2026 09:06:38,MO,231709,340,69E5EBD2370C2E6B35BB6AF56EFCB609D20646C87F46A1C9FCEF0A61EC47810D478E75FCB10A72B247B799478EB9FCC10A614647F6D7480D0DFCC30A61E447FEA847F4ACFCE30A673B485A6B486B1FFCA00A6F1548BE0648990FFC9E0A72A348B80D48D878FCAE0A887A48BD4548E8C9FCDC0A6A2848D72348FB37FCD50A83B148D498491B73FCB70A87FD59F4D759F077FD120A1D1352C27E52CC52FCB20A788E4BFF754BED91FC800A4B4B47032A470761FCF80A4A4943E7F143D57BFCC00A4AAF415F6041441EFC9D0A4AE2415AA2415E94FCB40A4BDD429766429673FCB50A4BD84406EC4418F4FCD50A5260455EAF455B8DFCEA0A4D694651D84651F2FCD40A5B4D46EDC44712C4FCBC0A535147480D476594FCBD0A58605B6C345B9A65FCB40A2C665771DA5778B7FCDD0A9F0C556D17552DD3FCCC0A881B536DEB534C78FCC30A68B04F5A244F68DFFCFA0A51434B69DF
19 Apr 2026 21:05:55,MO,231709,54,4B4B44FCD50A49284878F7488D1FFD050A48C8464C244640B1FCA50A4ADA443E36445646FCC20A48804311C642F7A3FCF30A490719FE
19 Apr 2026 21:05:43,MO,231709,340,69E54312370BB966C3B7668B86FCB509E43B4748F4472291FCED0A601247947947A18FFCB60A716E47CDF447A511FCC50A5FB3480C18482279FCC80A605B4819F5481020FCE20A65AF486A57487B16FCA70A6D8348C3C1489E8FFC940A711648BC9A48DCD6FCAD0A875048C04B48EBB5FCDB0A68A648D8CF48FCDDFCD80A822148D5DE491CC0FCBB0A865557AE1757AF02FD100A223152660B527270FCB00A79D44BDC464BC9FEFC810A49B546CC0246D04DFCFF0A48F143C59643B339FCB80A4958414DC841328CFCA00A498C4150E34154D8FCBC0A4AB542947D42938DFCB10A4A7C44080B441A07FCD60A50FC45615D455E35FCFB0A4C0E4654984654A3FCD30A59DE46EFDF4714E2FCC60A51F047497A476708FCC50A56F758F177591EFAFCB90A30FF563803563E5CFCDC0AA20054D64B549650FCC80A8672534EB6532CCEFCC00A660A4F66E84F7580FD010A4EF34B42FD
19 Apr 2026 09:06:01,MO,231709,54,4B0DD3FCDC0A517C482A8E483EA7FD0B0A511F4609C345FE5DFC9D0A52A4440E97442694FCC60A50D242EDF042D3CBFCF10A515D19F5
19 Apr 2026 09:05:49,MO,231709,340,69E49A52370BA35E518A5E1267FCBA0A047C46FB1046D4BFFCE70A68CA4787824794C7FCB70A788A47BFAE4796CDFCC00A682547FDEC481439FCCB0A68CE4808EE47FEFAFCE50A6E234861104871CDFCA10A75F448C0BF489BADFC9F0A798448B9E148DA3CFCAF0A8D9F48BE8148E9FFFCE20A711448D7B248FBD1FCD70A8A9448D4EE491BD2FCB90A8EAE563645563E54FD0F0A2DDE529CD652AA4BFCB20A7DF54BA7B44B94E2FC790A51EE46929846971BFD030A516043A4A5439269FCC10A51CA413C2F4120FCFCA30A51FA41470B414AFFFCBD0A52EA429180429095FCB20A52D8440923441B21FCDD0A595E4563EA4560CFFCED0A546746572E46573FFCD90A623746F1EF4716EDFCBF0A5A4C474AD447685AFCBC0A5F495738225764C3FCC00A478055F7AF55FD97FCD30AB22455196254D89EFCC40A8EA953CD5953AB24FCC00A6CF54F87084F9595FCFE0A56444B0570
18 Apr 2026 21:06:00,MO,231709,54,4AAD5BFCD80A57C047D40D47E80EFD090A576645C85145BCFDFCA20A588743E0F243F8F5FCC40A571542CBA742B18DFCF40A579C19FE
18 Apr 2026 21:05:49,MO,231709,340,69E3F192370B324EC2304E8F3EFCB50A367047073446E169FCEF0A6F0A47895447969DFCB00A7DC047C0CA4797F4FCC30A6E6247FF0548156DFCCC0A6F1B480B6D4801AAFCE20A746F4862EC4873B5FC9F0A7C3C48C157489C4CFC9A0A7FD548BA6C48DABDFCAB0A923F48BEC548EA3DFCDE0A776148D7E148FBFBFCD80A90E248D527491C07FCC10A94F455ED715602B0FD0F0A38165376E853818BFCAF0A7B884B51D64B3EE5FC7D0A5801465A6F465F2FFD010A57A6438559437330FCC20A580C412AA8410F7FFCA90A5839413D39414131FCB80A5911428E9D428DBFFCAF0A5916440A49441C4EFCDC0A5F9C456698456377FCF20A5AA34659D84659E0FCCE0A686E46F3FD4718F6FCCE0A608B474C324769B3FCBF0A65855745AF577156FCB60A5CE4578ADB57908AFCDD0ABB7F5699FD56592FFCC90A932754CEDC54AD16FCBF0A70E74F6F234F7DA0FCFF0A5B704AA4E0
18 Apr 2026 09:05:59,MO,231709,54,4A38B3FCD90A594D477C8747906CFD000A58EE45878D457C4CFCA00A59D243B47843CC79FCC50A58A242AA6442904BFCF50A592919A7
18 Apr 2026 09:05:48,MO,231709,340,69E348D2370A47438B9D43590DFCC20A650247214D46FAF8FCEB0A7042478E47479B79FCB10A7F0247C461479B90FCC10A6F9F48023D481890FCC50A705D480EC44804E5FCE50A75AB4864D248758FFC9E0A7D7948C1F8489CD9FC9C0A810F48BAEE48DB37FCAE0A92FA48BF0248EA7EFCDF0A78A348D81348FC2BFCD10A921A48D551491C21FCC10A96375A2F7C5A4023FD0D0A2DCC53F5F753FA36FCB70A6DFA4AE9AC4AD725FC7C0A59434625A1462A98FD030A59134367B94355A9FCBF0A597941193740FE19FCA90A59A341337141376DFCB80A5A8C428BE1428AFDFCAF0A5A7F440BA4441D9CFCD70A610745695345663CFCF60A5C11465C93465CADFCCA0A69CE46F61B471B1BFCC90A61F4474D92476B15FCBE0A66E85CABF45CD7B3FCBD0A51065A94915A9A58FCDC0AB070580AB257CAFDFCCC0A8E7355120354F105FCC40A6EC34EE4BD4EF363FD000A5BEF4A303D
17 Apr 2026 21:06:02,MO,231709,54,49C5B4FCDA0A69D74728CC473C97FD0A0A697C454A17453EE5FCA90A6A3F438A3543A235FCC50A6928428A6B427058FCFA0A69B119F5
17 Apr 2026 21:05:52,MO,231709,340,69E2A012370B0160ECE760AC3AFCBC0A17D8470A9046E2CEFCE60A80E8478DAB479AC5FCB60A8C2D47C19E4798AEFCC60A803C47FF904815B2FCC90A80FC48092747FF30FCE70A865148617148721CFC9F0A8E2448C09B489B84FC980A91BB48BA2948DA76FCB00A9F4F48BE7E48E9FBFCDE0A894F48D7D148FBE3FCD50AA2DE48D518491BE9FCBD0AA70A5CCBDA5CC4FFFD110A2946534C58534FDCFCB60A75FF4A85BC4A73AAFC810A69B545F4A545F9CBFCFE0A69A6434BB64339AAFCC80A6A094107AB40EC8CFCA10A6A38412972412D77FCBC0A6A964288E9428819FCB10A6B0B440CBD441EC0FCE00A7194456BE64568C6FCF90A6C90465F19465F2CFCD10A7A5B46F804471D10FCC50A7282474EC2476C4CFCBF0A77705FB8355FE544FCC10A3CB05A74DD5A7AE5FCE00AB72557514B57121AFCCC0A972D54322554116DFCC10A7BB44E390C4E47C6FD010A6BA849BD54
17 Apr 2026 09:06:04,MO,231709,54,495A9EFCDC0A695946DA8046EE39FD0B0A68FB451226450700FCA50A69BB4363D9437BD6FCC80A68A8426CBE4252BAFCFB0A692D19F5
17 Apr 2026 09:05:53,MO,231709,340,69E1F752370A8A66D51A6696B1FCB60A0182474A6F472675FCE70A8033478FF2479D44FCB50A8B5647CA6F47A22AFCC00A7FA74809DA482109FCC90A806B481911480FDEFCE20A85BF48685F48795DFC9F0A8D8F48C259489D40FC990A912B48BB7248DBC4FCB00A9E3648BF7748EADDFCDD0A88C648D85B48FC6DFCDC0AA24648D598491C7DFCBC0AA6885BAFA25BA72EFD110A27325275175279E8FCBB0A74854A25D04A1434FC780A691E45C68545CBD4FD020A692D4330B4431EC7FCBF0A699240F62940DB1BFCA90A69BC411FBB4123D1FCB60A6A32428667428591FCAE0A6A86440E4644204DFCD60A7110456ED4456BB1FCF80A6C0E4661EC4661F4FCD20A79CC46FA34471F2CFCC30A71F847502B476DB3FCBF0A76DF5E574E5E845DFCC00A3B2559229C5928AEFCDC0AB37B5630E255F1ACFCCA0A8EB0534A5853298BFCBF0A77FC4D9FA34DAE78FCFD0A6A87495237
16 Apr 2026 21:05:54,MO,231709,54,48F184FCDB0A65AB46911446A4BBFD0C0A655144DF3E44D432FC9C0A660C434087435882FCC10A64FC4250B04236A6FCF80A657D19FE
16 Apr 2026 21:05:46,MO,231709,340,69E14E92370A2F638A896351C2FCB80A0E8846BDEA469730FCE90A7CC2477FFD478D6EFCB90A899947B4A3478BC9FCC50A7BC347F1D448080BFCC60A7C8C47F99D47EFA1FCEC0A81DC4857EA48689EFC9D0A899948BD41489848FC980A8D2A48B73648D7A3FCB30A9AD348BCCB48E846FCDB0A84D048D6A348FAD0FCCF0A9E3848D41B491AF4FCBA0AA29859F87D59F52AFD130A29E651CF9251D515FCAD0A6E4749C7BF49B6A5FC7E0A6555459C7E45A202FCFF0A65704316E4430501FCC10A65D240E4AD40C9AEFCA40A65FE411618411A34FCBC0A66A5428408428332FCB10A66C8440FE34421EBFCD50A6D484571C4456EB6FCF50A684D4664C54664D6FCCF0A75F546FC60472159FCC20A6E3147519D476F2CFCC00A730D5C80235CAD2EFCB90A3DA95818FA581F12FCE10AAAF955663155270BFCC80A83515299815278E0FCC70A718F4D0B554D1A37FD050A665F48E92E
16 Apr 2026 09:06:05,MO,231709,54,4889D6FCD30A6424464D06466090FD0D0A63CC44B07944A577FCA00A6489431F4A43373BFCC60A6374423574421B71FCFD0A63FD19F5
16 Apr 2026 09:05:53,MO,231709,340,69E0A5D237094A611EAF60DEF3FCB30A0E1B474346471E88FCEE0A7ABD4791C2479F04FCB50A883747C8D547A04FFCC10A7A00480760481E35FCCB0A7ACA4815C5480C3DFCEA0A801148678D487865FCA10A87D048C2C0489DB8FCA00A8B6548BB9748DBE7FCAD0A991248BF8948EAF3FCD90A831948D85348FC6EFCDB0A9C7248D589491C68FCB90AA0E759867F598366FD0F0A272D512D565132BDFCB20A665D496DC3495D3FFC7D0A63B6457700457CA1FCF80A63DD42FDF342EC19FCC00A644240D32140B823FCA80A646B410C6D411085FCC00A653B4281B34280E2FCB10A652F4411944423ABFCD90A6BAD4574C64571B1FCEF0A66B546679C4667AFFCD20A744B46FE8C47238DFCC10A6C96475304477094FCBC0A71695C0ADE5C37B6FCB80A3EDF5786FA578D14FCE00A9F6354B4D25475DFFCCB0A7B6551D83E51B7D9FCC40A6DA54C66F74C75F6FCFF0A647948818D
15 Apr 2026 21:06:04,MO,231709,54,482C04FCDA0A6E6E4610694623E1FD090A6E14448620447B2BFCA40A6EC742FFE54317D8FCC00A6DB6421B06420101FCF50A6E3D19FE
15 Apr 2026 21:05:54,MO,231709,340,69DFFD123708B261369D60F9F2FCBC0A143646FD1E46D796FCEB0A85494787A047950EFCB40A909447BBCC47931CFCC60A847047F92C480FA3FCC30A853A48048647FAE8FCE10A8A89485EB5486F86FCA40A924148BF99489A94FC980A95D948B90848D96EFCAA0AA05F48BDC648E941FCDB0A8D8948D74848FB5FFCD90AA6E648D4A2491B80FCB40AAB685903F058FEDDFD100A2DFE505F4150650AFCB70A6A8E491DE1490DE8FC800A6E0B4555A9455B76FCFE0A6E3E42E58642D3B9FCBD0A6E9940C17440A673FCA60A6EC84102934106AFFCB70A6F3F427F40427E73FCB50A6F8244133744253DFCD20A75FF4577AF457495FCF40A70FE466A55466A61FCD80A7E9A47009547258CFCCB0A76E14754474771D2FCBE0A7BB05BBC405BE956FCBC0A450556A96E56AFA7FCE20A9D2453B81D53798EFCCD0A807550DE8650BE50FCBE0A75FA4BC0A24BCFA7FCFD0A6E7A4823CB
15 Apr 2026 09:06:05,MO,231709,54,47D817FCDA0A6C4F45DA5545EDADFD070A6BF5445FA44454BBFC9F0A6CAC42E22C42FA11FCC80A6B9A42012441E71BFCF80A6C1F19FE
15 Apr 2026 09:05:55,MO,231709,340,69DF5452370849671E5066D85BFCB409FE1F471F8F46F9AAFCE80A82D3478B33479871FCAD0A8E9747C14A479878FCBA0A821047FFC4481629FCC20A82E1480D21480361FCE80A88274863184873E6FC990A8FDB48C0C8489BAEFC990A937448B9FD48DA4FFCA90A9DC648BE7548E9EBFCE20A8B2D48D7AA48FBCDFCCE0AA47B48D4ED491BCFFCBD0AA90E57BD8C57B6D2FD140A302B4F76524F7DC7FCAE0A68F848D9C748CA4EFC7F0A6BD44537AB453D86FCFF0A6C0A42CD5042BB88FCBA0A6C7040AFBF4094D6FCA70A6C9840F8F040FD11FCBB0A6D2D427D23427C5DFCB10A6D51441517442725FCD60A73C9457ACF4577A9FCF10A6ECB466D37466D4CFCD70A7C554702C64727C0FCC60A74AC4755B247733FFCBA0A79725A20715A4D8EFCBA0A3F8D551A945520DAFCE10A90135265EB52276DFCCC0A7A3F4FD3A64FB36BFCC40A72504B29AF4B38D3FCFB0A6C2847CFF0
14 Apr 2026 21:06:02,MO,231709,54,478FCCFCDB0A650A45AB0145BE4DFD0B0A64AC443CBE4431E1FCA40A656142C5A342DD83FCC90A644E41E7B141CDBEFCF90A64D219FE
14 Apr 2026 21:05:54,MO,231709,340,69DEAB9237078863D544639958FCBC0A067047233F46FD14FCE80A7B6F478D32479A6FFCB40A894447C138479874FCC50A7AB447FF8C4815EFFCC70A7B83480CBC4802F4FCE40A80C04863AE487477FC9F0A886A48C119489BFCFCA30A8BFA48BA4B48DA9DFCB00A976B48BE8C48EA0CFCE30A83C848D7CA48FBE8FCD80A9CF148D50C491BE0FCB90AA19355DFEB55DD85FD110A2B0C4EB3204EBC00FCB40A656948A101489200FC7E0A649B451C86452278FCFD0A64D042B51242A34FFCC40A6533409E28408348FCA10A656040EF5640F380FCBA0A663B427B39427A73FCB60A660D441723442937FCD70A6C78457E05457AE3FCF00A678746702846703BFCCF0A74F34704F84729F9FCC50A6D5B4757234774A7FCC00A72115814B45841A2FCC50A451753BF4153C59BFCE10A82C351519651132FFCD00A6FDB4EF2A34ED28CFCBE0A69DB4AA5B94AB4DCFCFB0A64BA4787A6
14 Apr 2026 09:06:02,MO,231709,54,474F23FCD40A5B92457FFB459335FD110A5B39441A9C440FBFFCA80A5BEC42A8E342C0C2FCC20A5AD841CDE441B3E3FCF80A5B5A19F5
14 Apr 2026 09:05:55,MO,231709,340,69DE02D23707755F64775F2667FCBC0A09A347036746DE0BFCE60A71BE4787A6479510FCB50A824C47BC46479383FCC20A70D347F9D6481044FCC40A71A548058747FBBDFCE20A76DB485ECE486FA4FC9D0A7E7148BF94489A8BFC990A820548B8EE48D94DFCA70A8F3648BDD248E949FCE30A79DF48D74948FB6CFCD30A92E648D4A4491B76FCBB0A979054B5D054B3B7FD120A266B4DFD0A4E074BFCAC0A601F4873BD48650FFC810A5AFF450370450958FCFD0A5B36429C7B428AC0FCC00A5B98408C8A4071B2FCA30A5BCC40E5C340E9F8FCBC0A5D0C4279624278A5FCB40A5C7B44194B442B59FCD40A62E1458148457E30FCEF0A5DF746733146733EFCCF0A6B4047073E472C41FCC50A63BF475892477626FCBB0A686A56A01956CCCAFCC00A3C1652765C527CCBFCE10A748C503AFA4FFCC3FCCA0A63BF4E174E4DF728FCC80A5F724A2D7F4A3CC1FD000A5B28474713
13 Apr 2026 21:06:02,MO,231709,54,471A29FCDC0A5331455B73456EA0FD090A52D343FB7543F0A0FC9C0A5387428CE242A4BCFCBC0A527141B446419A53FCF30A52F619F5
13 Apr 2026 21:05:52,MO,231709,340,69DD5A123706CA5B4D7D5B11C0FCBE0A10BE47174C46F09EFCE90A6951478F96479CDEFCBA0A7C9947C0974797BAFCC40A685747FCDE481313FCC90A69224807A147FDA3FCE70A6E4E48617A487243FCA10A75D048C15C489C4AFC9B0A796748BA3548DA9AFCAC0A885448BE9548EA10FCE00A714C48D7C148FBDBFCD90A8A3348D4F1491BD2FCBC0A8EE85336C8533841FD120A27254D66194D71BCFCB50A5BF248518C484314FC780A52A444EB9B44F175FD050A52DF4283614271B2FCC40A5342407AEB406019FCAA0A536F40DC2B40E066FCBD0A55074277A44276E1FCB40A5413441B7D442D91FCDF0A5A6E458494458179FCE80A558E46763346763BFCD40A62BB470978472E75FCC20A5B50475A07477793FCC20A5FE7550BDF553890FCBC0A3B1E514E1051548CFCDD0A69BF4F4D444F0F29FCCD0A59674D5BFE4D3BEFFCC30A565649CACB49DA12FCFE0A52B1471225
13 Apr 2026 09:06:08,MO,231709,54,46EECBFCDB0A6137453C0A454F2DFD0F0A60D843DF0D43D441FC9B0A618842719942896CFCC40A6074419B0B41810BFCF70A60F519F5
13 Apr 2026 09:05:58,MO,231709,340,69DCB1523706605C49C15C0812FCBE0A16BA476587473EC4FCEE0A7766479C4147A946FCB70A876147CF2C47A653FCC30A769C480D4A4823B6FCC80A7767481ACF481109FCE30A7C92486BE6487C9EFC9E0A841B48C48A489F61FCA20A87B648BD2548DD67FCB00A92DE48C08348EBF2FCD80A7F9948D8F348FD02FCD70A989448D619491CF3FCBB0A9D3C51FF765202FFFD100A34C54CEB7C4CF84DFCB70A6A81483997482B55FC830A60D144D37D44D95BFD000A610A4269794257CDFCC10A616A406903404E3BFCA80A619440D24340D68AFCBA0A62B74275BA4274FAFCB20A6235441D83442F96FCD40A68904587B345848DFCF50A63A24678F54678FEFCD60A70DA470B8047307BFCC40A6967475B3E4778C5FCC20A6DFE5368875394B5FCBF0A4E0A504002504662FCE40A76804E7DA84E3F83FCCA0A66334CC1C54CA19AFCC10A63D24978D0498831FCFB0A60A946E6CB
12 Apr 2026 21:06:01,MO,231709,54,46CFC7FCD80A6BE1451FA04532CEFD0A0A6B8343C19243B6CDFCA10A6C3542558A426D50FCC70A6B1F4181B84167C2FCF50A6BA219F5
12 Apr 2026 21:05:50,MO,231709,340,69DC089237071A53EC8853B600FCBD0A3510475B03473575FCEA0A81B547951D47A241FCAF0A8F0A47CA4447A192FCC20A80FE480927481FC4FCC50A81D3481776480DAFFCE40A87014868DB48799BFCA00A8E9748C2AF489D95FC960A923348BBB448DBF3FCB30A9A2248BF9048EAFAFCDD0A8A1B48D84C48FC62FCD70AA31A48D585491C6BFCC00AA7BD511577511AE7FD100A3EB84C85D94C9391FCAF0A74AE482CA3481E7AFC810A6B5B44B99644BF5FFCFE0A6B97424F07423D5FFCBE0A6BF8405713403C5BFCA20A6C2740C86B40CCB6FCBB0A6CE84273F5427342FCB60A6CBF441FA14431C0FCDA0A7320458AD94587B4FCF40A6E24467BBD467BD0FCD00A7B67470D86473286FCCA0A73F9475C7F477A0BFCC10A788A5278D052A4E1FCB40A5C5A4F76304F7CA1FCE20A7FD54DD0F54D9307FCCB0A6FE24C33E84C13DCFCC30A6E074938E5494833FCFA0A6B4A46C7C9
12 Apr 2026 09:06:08,MO,231709,54,46B7AEFCD50A675E450138451453FD0C0A66FE43A0804395BCFC9E0A67B34237F1424FBBFCCD0A669F416806414E18FCF70A672119F5
12 Apr 2026 09:05:57,MO,231709,340,69DB5FD23707645681F25645FFFCBB0A295146D99E46B2BEFCE60A7D5F4784CE479227FCB30A8C7447B585478C9FFCC50A7C5A47F10648072BFCC50A7D2747FA2E47F01EFCE50A82534858C1486975FCA10A89D748BD72489863FC9A0A8D6C48B74548D7A8FCAD0A95D848BCB548E838FCDE0A855948D69A48FAC0FCD90A9E4448D402491AE4FCB70AA2DF502FE950352BFD100A3B894C26424C35B6FCB30A72B2482943481ADCFC790A66D1449BDF44A19CFCFD0A670F4234414222ADFCC30A676F404544402A8BFCA40A679940BEC740C31EFCBC0A687D42728D4271D5FCB30A6832442218443435FCD60A6E8E458E37458B27FCF20A6992467EBF467ECFFCD00A76C4470FBD4734B5FCBF0A6F62475DE3477B68FCC00A73E8514A93517656FCB90A56FD4E646D4E6AD6FCDB0A7A3B4CFAAA4CBCBEFCCE0A6A8F4BA8204B87DEFCC30A691F49133A4922ABFD020A66C046AFA3
11 Apr 2026 21:06:02,MO,231709,54,46A2F7FCDC0A5D4A44DF9844F2AEFD0D0A5CF3437E0143733DFC950A5DA2421A98423253FCC30A5C93414F24413539FCF90A5D1619FE
11 Apr 2026 21:05:51,MO,231709,340,69DAB71237064F56A933566C34FCB70A1F1B46CB6A46A446FCEC0A73104783644790BEFCB10A84E547B33A478A4DFCC70A71FA47EF28480552FCCB0A72C747F70247ECF5FCDF0A77EA48566E48671FFCA40A7F5F48BC8548977DFCA20A82EE48B6B148D716FCB00A8D3048BC5548E7DFFCDF0A7AEB48D67648FA99FCD80A93B148D3E9491AC6FCBB0A98454E863A4E9016FD110A3B624C107A4C21CDFCB40A6D54482675481795FC840A5CA6447A13447FD8FCFC0A5CE04219BE420832FCBD0A5D4640335B4018ADFCA60A5D6E40B54240B994FCBB0A5EB442715F4270ABFCAE0A5E074424B44436D2FCD80A64574591CC458EA6FCF10A5F654681D74681E1FCD20A6C774711FB473702FCC60A652D475F46477CDBFCC00A69A44F2D4B4F58D5FCB80A54B84D50F34D576BFCDC0A70DB4C71ED4C33E1FCC70A5FEF4B77EE4B578FFCC20A5EC649166D4925C8FD000A5CAB469AE9
11 Apr 2026 09:06:02,MO,231709,54,4681C5FCE50A4FF244B74D44CA60FD0A0A4F9643589C434DD8FCA60A504241FD084214C1FCC60A4F334136AE411CC3FCFB0A4FB519DB
11 Apr 2026 09:05:58,MO,231709,340,69DA0E523705445296C7525B79FCBD0A1FFC46EA9746C3DCFCF10A65B94787E8479548FCB50A7AC647B78A478EACFCC10A64A147F2ED48091FFCC70A656847FC1A47F21FFCE60A6A7F485A31486AE3FC990A71E048BE54489952FC9A0A757048B7DA48D841FCA80A825348BD1548E8A0FCDB0A6D7E48D6E248FB07FCD50A861048D442491B14FCC50A8A984D71274D8303FD0C0A3A6B4C78954C8A31FCAE0A6338481679480734FC7B0A4F6B4454C0445A7AFD040A4FA241FFCF41EE61FCC10A500440214240069CFCA40A503040ABC940B020FCB90A51E8427063426FB5FCB40A50BC442778443990FCD40A5702459561459238FCEB0A521A46850146850EFCD20A5F0647144B473946FCC40A57CD4760BB477E4BFCBB0A5C354DAAC44DD5A2FCBF0A542A4D1EB24D250CFCD80A64834C951E4C56C4FCD00A523B4BB3E64B9374FCBE0A5140491B14492A8CFCFB0A4F504679A0
10 Apr 2026 21:06:08,MO,231709,54,465AADFCDD0A4899448BF8449EFDFD080A48374332CD432811FC9B0A48E741E0CA41F87BFCC70A47D5411F9A4105ACFCF90A485719FE
10 Apr 2026 21:06:00,MO,231709,340,69D965923705D6457D38454886FCB70A47BB47023946DB88FCE70A5E1B478B804798D4FCBA0A752547BA904791AAFCC00A5D1047F677480CBBFCC90A5DD848013B47F740FCE80A62E2485DD1486E8EFCA50A6A3648BFC2489AACFC990A6DC648B90748D966FCB30A7C1148BDD748E94DFCDD0A65E148D74F48FB73FCD30A7E5948D4AF491B7FFCB90A82D04E7A874E9383FD0E0A3B794D1CEE4D2B83FCB60A57CF47F91147E97EFC7B0A480D442CC144329FFD040A484641E74E41D5F3FCC60A48A2400ECB3FF432FCA40A48D140A24140A6A4FCBC0A4AD1426F69426EBFFCAE0A4959442A33443C52FCD60A4F944598F54595D0FCF00A4AAF46881F46881FFCCD0A5782471683473B84FCCB0A506047622A477FAEFCBC0A54B94ECFA04EFAA1FCC00A563A4E22024E2883FCE20A5C0A4D387B4CFA5AFCCD0A4A874BF7964BD77AFCBE0A49AF490A25491987FCF90A47EF46527B
10 Apr 2026 09:06:12,MO,231709,54,4628D7FCDC0A44AD445A95446D90FD040A444B430BED430140FCA50A44FC41C5DC41DD95FCC20A43E441094540EF5FFCF90A446A19FE
10 Apr 2026 09:06:02,MO,231709,340,69D8BCD23705314A92D74A5C23FCBC0A39AE47099346E252FCF50A5A3D478F47479C8BFCB90A72DF47BCCF4793E4FCC90A591847F8C6480EFFFCC60A59DA48028A47F899FCE50A5EDA485ED1486F83FCA20A662448C0A2489B98FC980A69B548B9B048DA1AFCAC0A78E348BE3F48E9B7FCE10A61DD48D79A48FBBBFCD80A7A3648D4DA491BB9FCC30A7E9D512369512D97FD0E0A24494D315F4D3F06FCAA0A515F47D35B47C381FC7C0A442D4401CB4407C9FCFF0A446441D07041BF1AFCC70A44C43FFBEB3FE150FCA50A44EF4098B4409D22FCBB0A4717426E82426DDBFCB00A4577442CF3443F15FCD30A4BA3459C86459959FCEC0A46C8468B19468B28FCCE0A53844718AE473DB3FCCB0A4C7047638B478106FCBA0A50B85016145041A3FCBD0A42A04E4FE74E567BFCDF0A55AC4D32A54CF4A2FCCB0A46264BE96B4BC939FCBE0A458D48ECB348FC2FFCFD0A4403462096
09 Apr 2026 21:06:03,MO,231709,54,45EC8EFCD70A4C7544275E443A44FD060A4C1742E9A142DF09FCA40A4CC741AEF241C6A9FCC40A4BB240F50640DB1DFCF30A4C3219FE
09 Apr 2026 21:05:54,MO,231709,340,69D8141237051950D201509719FCBD0A27DD474B53472556FCEF0A61C74795C047A2F2FCB30A78AF47C45B479B92FCC50A60CA4801E5481864FCC20A619148107E4806C6FCE30A668B4866CE487797FCA20A6DD948C336489E1EFC9E0A716D48BBA748DBFBFCAF0A7EC848BF7748EAE2FCDF0A699D48D83F48FC5AFCD50A81FF48D57A491C4EFCBD0A8648502924503429FD140A2A884D60E44D6F3DFCB50A5D44479C9E478C61FC760A4BF543D6E343DD0EFCF90A4C2B41BBFA41AAC0FCBF0A4C913FE8783FCDE3FCA60A4CBB408F1740938EFCBC0A4E96426D99426CF6FCB10A4D3A442FA74441C5FCDC0A536A459FEF459CC8FCF10A4E7D468E08468E19FCC90A5B3E471AC1473FCAFCC40A542F4764C2478240FCBF0A58734F66E44F9297FCBD0A4CD64E47CC4E4E79FCDD0A5D5E4D61904D2379FCC60A4D8A4C151E4BF51CFCC80A4D2A48CF3348DE9BFCFC0A4BCE45E444
09 Apr 2026 09:06:02,MO,231709,54,459C8EFCDB0A53DD43F351440622FD0A0A538042CB2742C090FC9C0A542C419ACB41B271FCCA0A531A40E18740C79CFCF50A539D19FE
09 Apr 2026 09:05:55,MO,231709,340,69D76B5237041345C99E4590C0FCBB0A502D47180446F102FCEE0A691B478FFE479D41FCB10A7EB747BC964793ABFCBF0A680E47F826480E5AFCC70A68CD48029A47F88AFCE80A6DD1485EF7486FA7FCA30A751848C06B489B60FCA00A78AE48B97348D9D3FCAC0A844F48BE0448E98AFCDF0A70E448D76948FB8BFCD80A894548D4B4491B97FCBC0A8D75507938508C62FD0D0A381B4E078E4E1375FCB20A63354746214735F8FC870A535343AF6543B5E3FD040A538A41A9CF41988DFCC00A53E83FD46B3FB9E7FCA00A541440858A408A0DFCBE0A55AC426CD7426C3DFCB80A549244327C444494FCDA0A5AC245A37545A047FCF30A55CB46910346910CFCD00A628D471CD64741E4FCC60A5B864765F8478382FCBC0A5FC3502481505027FCBE0A59254F243D4F2AECFCDD0A63B84DF48A4DB682FCC90A548A4C4C904C2CCEFCBF0A5457487E46488DCAFD000A532D45944E
08 Apr 2026 21:06:02,MO,231709,54,454A62FCDD0A576943C70A43D9C2FD0D0A570842B40C42A986FCA30A57B64189DF41A189FCBE0A56A540CEDF40B4E6FCFD0A572519F5
08 Apr 2026 21:05:55,MO,231709,340,69D6C2923704F13CF2C93CC2F2FCB80A792C473048470AB7FCED0A6C93478FA8479CFCFCB30A811D47BEB24795E3FCC00A6B9A47FBC948123CFCC40A6C54480A1648004FFCE40A71524862B348737CFC9E0A789D48C139489C36FCA00A7C3148BA1248DA71FCB50A86D848BE7948E9EEFCE50A746A48D7AC48FBCEFCD80A8CC348D4F1491BCEFCBA0A90D553942953A78DFD0F0A32BE4E78074E7E30FCB20A5B6046D95746C9B9FC860A56DE438F2A4395F4FD000A57154199D941889DFCC90A57733FBFED3FA56FFCA90A579C407C3D4080CAFCBE0A590D426C4D426BB6FCB30A5816443570444789FCDF0A5E4045A70F45A3DBFCF90A594646940A46940EFCD50A6602471EFD4743FDFCC50A5F044767414784C2FCBA0A633752F5D0532225FCBB0A55F750403850470CFCE20A63C84E3BE44DFE81FCCB0A57924C06404BE708FCC50A57A447FA9D480A0BFD020A56B9454245
08 Apr 2026 09:06:10,MO,231709,54,44F9F1FCE00A52FD43A3D643B682FD0E0A529A42A3504298CAFCA10A5348417AEC419290FCC80A522F40BBAB40A1C3FCF80A52B219F5
08 Apr 2026 09:06:02,MO,231709,340,69D619D237026056012855C59CFCBA0A3EBE473220470B9FFCF00A683347925F479FA6FCB30A7E3047BECD4795F4FCC40A672B47FAA34810EBFCC80A67E74806E147FCFEFCE30A6CDE48616948722EFCA10A741848C13A489C28FC9E0A77AC48B9F048DA5EFCAF0A836548BE4648E9C2FCDF0A6FED48D79548FBB1FCDC0A883048D4E0491BB3FCBF0A8C2B562C7B562B67FD110A12364DEB9D4DF01EFCAF0A541A46671F465865FC7C0A528F437803437EFAFD000A52BF418B304179EAFCC00A53193FAAE23F906EFCA00A533C4073214077B3FCB20A54D5426C0A426B72FCB40A53BD443891444AB6FCD70A59D845AAC345A79AFCEF0A54D746971E469720FCD10A6186472127474626FCC50A5A95476898478614FCBE0A5EBB5394CA53C166FCC30A3F794FCA804FD162FCDE0A5C034D81CA4D44CAFCC60A52924B38EC4B19BEFCC40A52F94758D1476868FCFA0A524E44F208
07 Apr 2026 21:06:16,MO,231709,54,44BD5FFCE00A533343904243A2CDFD040A52D0429C3E4291C1FCA00A537A416F4F4186F2FCC40A526840A8F3408EEDFCF60A52E919F5
07 Apr 2026 21:06:05,MO,231709,340,69D5711237024259FC1159C158FCBA0A3392474D1B47279FFCEC0A681E47945E47A1A9FCB80A7E2B47C340479A80FCC90A671E47FFFA481673FCC50A67D8480E654804A4FCE40A6CC9486476487551FCA20A740248C218489D01FC9A0A779848BA9448DAF6FCAB0A837348BECF48EA49FCDA0A6FE548D7DF48FBF6FCD40A881348D50D491BF8FCB80A8BF95638645632F4FD0B0A11764D0AA74D0E35FCB40A540545FCCF45EF36FC7E0A52B3436B10437230FD040A52DE417D1D416BBCFCC30A533D3F954C3F7AE8FC9C0A5365406A3B406ECFFCB90A54EA426BE5426B52FCB80A53DC443BCC444DECFCDB0A59F845AE8945AB5BFCEF0A54F3469A30469A3FFCD60A619047234B474850FCC30A5AB24769D4478762FCC40A5ECC53254D535221FCBD0A3CB84EE3A94EEAB0FCDE0A59EF4C7FFA4C436BFCCD0A524A4A37AF4A18DEFCC40A52E646BA0B46C980FD000A528444B58C
07 Apr 2026 09:06:16,MO,231709,54,4491A5FCDA0A55944388DA439B5FFD080A5531429BAA429124FC990A55DB416499417C33FCCD0A54CB4094D4407AD7FCF60A554E19FE
07 Apr 2026 09:06:04,MO,231709,340,69D4C85237020D5E8E255E50E0FCB40A27454750BE472AEFFCF10A6A5F47958947A2C1FCBF0A800E47C45A479B93FCC30A696348013D4817ADFCC60A6A1B480F6E4805AEFCE50A6F0C4865124875E3FCA00A763A48C251489D3AFC970A79D548BACD48DB2EFCAD0A856748BEFE48EA76FCE20A722848D7F448FC0DFCDC0A8A5248D537491C14FCB90A8E1856907D568098FD130A0AC74B9D5F4BA1E6FCB80A559E45A83B459BCCFC840A551843681E436F4EFD020A5545416E62415CF6FCC50A55A33F7F1E3F64CCFCA20A55CE40617140660AFCB30A5730426BF7426B67FCB20A563D443F14445135FCD80A5C5545B24C45AF14FCFC0A5747469D45469D57FCD60A63E047256E474A6DFCC80A5D0B476B1B4788A5FCC40A611E51F20F521EA4FCBF0A39114D3D104D43F4FCDE0A5A7B4AF6304AB9D9FCCD0A544249020A48E31CFCC50A550F462A84463A35FCF90A54EA4489EA
06 Apr 2026 21:06:11,MO,231709,54,447D64FCE30A5DFC43908143A303FD070A5D9742A1554296C1FCA20A5E42415982417109FCC30A5D2A407EFA4064FBFCF90A5DB119FE
06 Apr 2026 21:06:03,MO,231709,340,69D41F9237041961CCFF6191C0FCC00A232A47346D471036FCEB0A72C0478AEF479868FCB70A867347BF684796C4FCC20A71C047FDD948148BFCC80A7277480C9D4802F7FCE00A776D4861094871F0FC9F0A7E9D48BFDD489ACDFC980A823848B89848D904FCA90A8C1348BDE148E963FCDB0A7A9148D76148FB82FCD90A92BA48D4D1491BB5FCC40A966B5315E75305F9FD120A0E354A1BF24A2485FCAB0A65DF456AAE455F53FC780A5D8C436FC84376EFFCFD0A5DB7415E5B414CD6FCC30A5E143F68933F4E47FCA10A5E394058C7405D6BFCB90A5F3D426C04426B76FCB10A5EA744425544547CFCDB0A64BF45B60045B2D0FCE70A5FA046A04F46A04FFCD10A6C4347277D474C7FFCCB0A6571476C474789D4FCB80A697E4EFF4E4F2B95FCC10A46C44B48D54B4FA8FCE30A63154995A4495978FCC70A5C634808FF47EA2CFCC40A5D4E45BEDE45CE65FCF90A5D524475CE
06 Apr 2026 09:06:02,MO,231709,54,448025FCDB0A57DF43A3A443B626FD010A577542A638429B98FC9D0A581F414A16416197FCC10A570A406563404B64FCFE0A578E19FE
06 Apr 2026 09:05:58,MO,231709,340,69D376D23703D14ECBD04EBD25FCB80A5C864731EC470B79FCF20A6C87479134479E6CFCBB0A818A47BDFA479518FCC40A6B9E47FAC648111EFCCF0A6C544808CF47FEE3FCE40A713A48627848732FFCA10A786048C0DF489BCEFCA00A7BFB48B9F848DA49FCB60A874E48BE6548E9E4FCD90A746248D7AA48FBC2FCD10A8C6C48D501491BD7FCBA0A900250245F502A95FD110A2A21490A814912F0FCB80A5EB34549C1453FB4FC7E0A5778437F0E438608FCFE0A579F414B744139D8FCC00A57FB3F51CF3F378DFCA30A5822405076405522FCB60A5942426C6E426BE5FCB40A58894445E3445800FCDB0A5E9845B9E945B6B9FCF50A597C46A37F46A37DFCD40A66004729B5474EB4FCC60A5F48476D9B478B27FCBD0A633C4D9EA84DC9F1FCBD0A4D724A34AB4A3B72FCE20A5C9F487346483782FCCC0A561047076646E891FCC00A570B455C36456BF2FCFD0A57384478B6
05 Apr 2026 21:06:02,MO,231709,54,44AA14FCDF0A4F1743C17243D415FD090A4EB642A9E0429F46FCA30A4F5F413702414E74FCC80A4E4E404931402F31FCF50A4ED219FE
05 Apr 2026 21:05:59,MO,231709,340,69D2CE123702835A180359DD76FCB50A44AD47376E471093FCF20A637A47936347A099FCB90A7AD047BF2B479638FCBF0A627F47FB8A4811B9FCC70A63344808D747FECDFCE90A680E4862D6487383FC9D0A6F2748C19A489C71FC9D0A72BB48BA5448DAA6FCAE0A806B48BE9A48EA1FFCE10A6B3348D7CA48FBE3FCD50A831F48D50A491BDEFCBA0A86A94FF3E74FE534FD180A0BDE47322B473E2EFCB30A56DB45606145572CFC7F0A4E97439179439816FD030A4EB74135654123B1FCC70A4F153F3AE33F20B3FCA90A4F4040485F404D12FCC00A509F426D09426C84FCB00A4FA6444980445BB0FCD70A55AD45BDE545BAB5FCF60A509046A6AF46A6B0FCD60A5D04472BED4750ECFCCE0A565D476EF6478C78FCBC0A5A454BC71B4BF297FCBF0A3A0C48113F48181EFCDB0A537F46C0264684BAFCD70A4D2145E66945C76AFCC10A4E27453FE1454F7DFD020A4E7844A29A
05 Apr 2026 09:06:08,MO,231709,54,44E86DFCE00A4D9843DE8D43F131FD0E0A4D3442A766429CBDFC9E0A4DE0411F11413673FCC50A4CD04029CD400FCFFCF90A4D5419FE
05 Apr 2026 09:06:01,MO,231709,340,69D2255237017357909F577846FCB80A57874746B547201AFCF30A620F47971F47A458FCB80A7A2147C1F647991BFCC30A610247FE664814B3FCC70A61AD480C15480232FCEE0A66854865034875C1FC9A0A6D9148C2D1489DC7FC9C0A712D48BB3B48DB98FCAD0A7FD548BF2548EAA3FCE00A69AB48D82348FC3CFCDB0A818048D561491C3EFCB40A84FC4BBAEB4BA7FAFD140A0ADB45469F455B2DFCB30A5DAA45ACF345A3C3FC790A4D2143A03343A656FD000A4D41411B5041098FFCC10A4DA13F23923F0971FCAB0A4DCB404055404517FCB80A4F2F426D9E426D23FCB00A4E30444D23445F50FCDE0A542E45C1D545BEA4FCF30A4F0D46A9CF46A9D7FCCF0A5B70472E0E475317FCC70A54D7477029478DBBFCC00A58B54780EF47AB21FCC00A3C9C455CFA45638FFCDD0A538345215E44E59DFCD10A4BA0453F0E451F55FCC10A4C9C457C5E458C17FCFC0A4CFA44E0F3
04 Apr 2026 21:06:11,MO,231709,54,4533BAFCE00A5ABC43F904440BC6FD0A0A5A5942A09A4295E0FC9D0A5B09410413411B71FCC80A59F94009023FEF07FCF60A5A7F19FE
04 Apr 2026 21:06:04,MO,231709,340,69D17C9237018A5774B3573A66FCBA0A4A3F478044475A6CFCEF0A6F0F479FAC47ACCBFCBB0A83BF47CE9847A5E2FCC10A6E23480D60482405FCC60A6ED0481D0A481367FCEB0A73A5486CBB487D8DFCA10A7AB948C4D9489FACFC980A7E5C48BD3048DD76FCAC0A8ABF48C09348EBFCFCDE0A76DA48D8FE48FD07FCD60A8EBE48D638491D21FCC00A922A430CB5431967FD0C0A417444C40244DFA6FCB10A74CC461503460B36FC7A0A5A4843A85A43AE1AFD000A5A6740FDE740EC0FFCC30A5AC83F0C0C3EF1F8FCA00A5AF440385A403D25FCBE0A5BD7426E2D426DA7FCB30A5B554450A14462CCFCD90A615645C5A045C25FFCEF0A5C1E46ACCB46ACCFFCCF0A689547300B475507FCC40A61FA477149478ECFFCBC0A65D5431EF643471EFCBC0A642044377F443DE3FCDD0A640844FB2C44BEDFFCCA0A58DC4592A54572AAFCBF0A59C645FF87460F1BFCFF0A5A1D452C24
04 Apr 2026 09:06:11,MO,231709,54,4579BAFCD90A6B934406DE4419A6FD0E0A6B2F428F3A428471FCA30A6BE540E3FD40FB3EFCC00A6AD13FE5653FCB65FCFA0A6B5619F5
04 Apr 2026 09:06:00,MO,231709,340,69D0D3D23701D33B21873B0D46FCBC0A63A5475C6C473619FCF20A7FEA4797C747A4F7FCB90A90C447C488479BB8FCC20A7EFE4802E048194FFCCB0A7FA948124A48087AFCEB0A848A4867A4487860FCA00A8BA048C2CC489DB3FC9C0A8F4A48BB7948DBC2FCAF0A988148BF4C48EAC3FCE20A87C948D83148FC43FCDB0A9FBA48D57C491C5AFCB60AA31D4179CE419598FD100A73814533F5455127FCB50A852C4687F7467D3EFC780A6B1D43A5E843AB40FD030A6B4740DD2840CB51FCC30A6BAD3EF4563EDA51FCA40A6BD9403087403558FCC10A6C0E426EDA426E5BFCB70A6C3444542F446651FCDA0A723945C95C45C623FCF40A6CEC46AFB946AFC4FCD70A796D473203475704FCC90A72D647725B478FEEFCC40A76AE42B81742DF9AFCBE0A7ED8448DDA44942BFCDE0A764E457E42454171FCD10A69CC4638A3461820FCC20A6AA546976146A715FD010A6AF6457205
03 Apr 2026 21:06:09,MO,231709,54,45B885FCDF0A71D1440753441A2CFD0A0A7174427748426C7DFCA10A722A40C13A40D870FCC80A71163FC0A63FA6A4FCF20A719F19FE
03 Apr 2026 21:06:00,MO,231709,340,69D02B123701D83E6AED3E3C23FCBB0A689847137046ECB3FCEB0A8631478C27479973FCB10A955B47B70F478E3DFCC20A854B47F2C5480908FCC50A85F247FE8A47F4A1FCF20A8AD1485B9E486C62FCA10A91E648BDB74898B2FC9D0A958B48B79148D7F4FCAA0A9D9448BCBB48E836FCE10A8E0A48D6BF48FADAFCD90AA5FC48D44D491B22FCBE0AA955415DD44177D4FD140A72E345D1D445F151FCB50A8B1946FDE946F1ABFC800A715C439878439D81FCFA0A719040BA8C40A8AFFCBE0A71F83EDCBD3EC2D5FCA20A7222402924402DF8FCB80A71F9426FD1426F50FCB50A72774457ED446A17FCD80A787E45CD4845CA18FCF10A732646B2D446B2CEFCD50A7FA7473412475919FCC20A792047738747910DFCBD0A7CE442CFC042F794FCBB0A85A8450C17451269FCE20A7E294653D8461677FCD50A702C47382D47177AFCC20A70F24756F1476669FD020A713545B092
03 Apr 2026 09:06:10,MO,231709,54,45D096FCDB0A5CF643F39D44066EFD0A0A5C96425529424A50FCA20A5D4940999540B0C9FCBE0A5C333F98FB3F7EF7FCF60A5CB819FE
03 Apr 2026 09:06:01,MO,231709,340,69CF82523700703A10CA39E1A7FCB60A567346E69246C052FCF00A7123478503479280FCB90A84DE47B0AD4787E0FCBC0A700F47EB814801BDFCC60A70BB47F4DD47EAF3FCE90A758F4853F24864B3FC9A0A7C9048BAB34895C4FC9D0A802748B4D848D564FCA80A8CCD48BB2E48E6BDFCE10A78C448D5D448F9FDFCDA0A907748D38D491A63FCB30A93D33F89353FB218FD0E0A6DF2475360477465FCB00A782D47541D474639FC7D0A5C6A4381A443867BFD010A5CA34095F340841DFCBC0A5D0D3EC5813EABA2FCA30A5D34402264402743FCB70A5D9242715C4270DCFCAE0A5D8A445C1E446E4FFCD30A637D45D1A145CE5EFCEF0A5E2C46B63846B635FCD60A6A82473664475B61FCC80A64124774F347927EFCC30A67C842CC8942F3D2FCC80A7F75467DE346841DFCE10A6BAF47FA2547BBDFFCD20A5B5448BFEA489ECBFCBD0A5C204801244810BAFCFB0A5C5345C885
02 Apr 2026 21:06:09,MO,231709,54,45C9BDFCD40A3FA543D87D43EB4DFD080A3F3A42300C422538FC9B0A3FEF406F49408677FCCB0A3EE23F6FD73F55D7FCF80A3F6819FE
02 Apr 2026 21:06:02,MO,231709,340,69CED9923700672FEB882FC3DEFCBF0A39AA46D3E246AD07FCF10A53934785FD479370FCB60A6E1F47AFE8478711FCC50A525B47E9B747FFDCFCCA0A530247F06247E65BFCE50A57BD4851094861BFFCA50A5EA548BA1848952BFC950A623348B46048D4E7FCB20A757148BADA48E66DFCE10A5AEA48D5C748F9E7FCD50A724A48D366491A37FCC00A75B340D142410651FD110A630C49D78949F3FCFCBC0A59034772DE4763E3FC800A3F0C43686A436D29FD0D0A3F42407024405E53FCC20A3FAB3EAE843E94C0FCAB0A3FD4401BFB4020E8FCBC0A410642731B4272A3FCB30A402C4460814472B1FCDB0A460745D60645D2D3FCF30A40C346B9B246B9B1FCD50A4CE34738C6475DCAFCC90A46984776644793FAFCC00A4A3245AB6845D3A0FCB90A6DF14998C1499F02FCDF0A4F8E4A88424A49ADFCD40A3E014A72F74A5271FCC50A3ECC4861C748712DFD010A3EF645C17C
02 Apr 2026 09:06:09,MO,231709,54,45B339FCDD0A255443BAD243CDB5FD090A24EB4205FB41FB11FC9E0A259D4041B34058D5FCC70A248B3F44BB3F2AECFCFA0A251219F5
02 Apr 2026 09:06:02,MO,231709,340,69CE30D236FD512C7E9E2C580EFCC10A1FF1472C544705B7FCE90A390C4795ED47A345FCBB0A59B447BCFA479425FCC60A37D247F6B0480CF3FCC40A387848000D47F614FCF10A3D14485CF9486DBCFCA30A43E148C010489B16FCA00A477048B8EE48D95FFCAF0A610348BD9D48E926FCDF0A403C48D76448FB81FCE30A575248D4B7491B95FCC00A5AC748913448C83BFD120A79E04C076F4C186EFCB30A3581476A25475B07FC860A24C6434D6C435200FD090A24F340479B4035D5FCCA0A25543E97903E7DD9FCB10A25854015C9401AC1FCC10A277E4274FA42748FFCB40A25D34464E3447710FCDE0A2B9645DA7345D72CFCF20A266646BD2B46BD1AFCD40A3252473B3947602AFCCF0A2C284777D347956AFCC90A2FB14C42D54C6C97FCBC0A58154CEF7D4CF60AFCE30A334A4C41B64C03A3FCCA0A23BC4B24304B03EFFCC70A2473485A894869C7FCFC0A24A445AAF6
01 Apr 2026 21:06:20,MO,231709,54,45AC64FCDC0A3ADE43A2EB43B5D0FD0F0A3A8041DF6F41D4BBFCA50A3B354014D4402BEDFCCC0A3A1D3F19E83EFFF9FCF60A3AA319F5
01 Apr 2026 21:06:10,MO,231709,340,69CD881236FC5C482B7447F7A6FCBB0A34F547D42947AE72FCF10A4E9E47B56E47C246FCB10A69BF47E42147BBA7FCC80A4DA448217348387BFCC90A4E45482FEA48267BFCE60A52E548765A488734FC9C0A59BB48C8C548A392FC9C0A5D5548C09148E0C2FCB40A737B48C31C48EE87FCDB0A562748DA8148FE82FCD10A6D5E48D800491EE8FCB60A70D9506B0C50769FFD110A5A024C3F0C4C4B8CFCB20A431F476CBE475DA3FC860A3A7B43321D433675FCFC0A3AAA401D5F400BA4FCC00A3B113E80353E669AFCA50A3B37400F05401400FCB90A3C774276314275BCFCAE0A3B804468AC447AD8FCDB0A414545DE3E45DB06FCF20A3BFF46C00346C00AFCCB0A4807473D08476204FCC50A41CD4778C947965EFCBD0A455A4F76414FA1E8FCB80A521B4D79E84D8081FCE30A47104C43614C05C7FCC40A394D4AFAFD4ADB25FCBF0A3A0A4854D848642FFD010A3A3C45A412
01 Apr 2026 09:06:22,MO,231709,54,45AA84FCDA0A5F8D4385EC4398D0FD0B0A5F2F41B47C41A9C9FCA50A5FE43FE6563FFD5EFCC40A5ED13EEE223ED435FCF70A5F5719F5
01 Apr 2026 09:06:12,MO,231709,340,69CCDF5236FE005465CE542B8EFCB80A29B6478A7D4763E6FCEF0A736D47A37547B07EFCAF0A86B047CD7247A49FFCC40A7268480BB6482227FCCB0A7308481B5548119EFCE60A77BA486D18487DD3FC9A0A7E9B48C59548A073FCA00A824748BD9848DDDFFCAE0A918948C0CA48EC2EFCD80A7B0C48D90B48FD1BFCDA0A927C48D643491D24FCBB0A95FF51716A516BEAFD180A63284B87104B964EFCB30A634F478385477430FC7F0A5F13430FFD431413FD030A5F4E3FF0483FDE8CFCBF0A5FB53E68DF3E4F4DFCA50A5FD9400857400D55FCBC0A5FCF4277624276FCFCB20A6025446C5E447E8EFCDC0A65FF45E1FE45DEBBFCF10A608C46C2C946C2C8FCD40A6CBF473EB94763B9FCC50A66824779A747972EFCBD0A6A044E8FA04EBB24FCB90A72144C980D4C9E8BFCE20A6B844BB28F4B74B0FCD00A5DEA4ACD3B4AACC6FCBC0A5EB04870DB488058FCFC0A5EE945A21F
31 Mar 2026 21:06:21,MO,231709,54,45A750FCDF0A747E43636443764AFD0F0A74224186D1417C18FCA10A74D63FB6593FCD4FFCC70A73C13EC2053EA81AFCF60A744919FE
31 Mar 2026 21:06:12,MO,231709,340,69CC369236FE0253981E535EB8FCBF0A35EE477230474BF5FCED0A8847479A7747A796FCB50A966547C4B1479BD8FCC00A874F4803454819AFFCCC0A87E74813C14809F1FCE30A8CA84868A7487963FC9C0A939348C38A489E70FC9A0A974548BBD948DC26FCB30AA29348BF9848EB08FCDE0A900448D84A48FC5CFCDD0AA79B48D587491C61FCBE0AAB254CFDE24D0412FD0C0A86854B5E284B7210FCAF0A7652479FBE478F8FFC790A73FB42E7EE42EBEFFCFC0A743D3FC1B43FB011FCC40A74AB3E522A3E38B6FCA80A74CA40022E40073FFCB20A73EF427906427893FCB30A751844706D448296FCD90A7AEA45E5E745E2AAFCF20A756746C5C046C5C2FCD70A81AD47409C47659CFCC90A7B6F477A9A479824FCB40A7EEF4C8C1E4CB6FCFCBA0A94324C2FA54C35FFFCE40A818E4BE0E74BA293FCCD0A72DA4B34B14B1432FCBF0A739E48B3F248C33EFD000A73D4459ECC
31 Mar 2026 09:06:11,MO,231709,54,458E48FCDD0A7B78433553434829FD130A7B1C4150F3414638FC9C0A7BD63F823F3F992CFCC60A7AC43E93D93E79FAFCF70A7B4919FE
31 Mar 2026 09:06:05,MO,231709,340,69CB8DD236FE5A41F3DC41BFBBFCB70A6C9B474ADC472540FCE90A8F1A47925F479FAFFCB10A9B1E47BBB84792F4FCC50A8E1E47F8BC480F3FFCCC0A8EB94808A247FEEAFCE90A937648620C4872D9FC9F0A9A6248C0B7489BA8FC950A9E1848B98A48D9EEFCAD0AA80D48BE0F48E98CFCDC0A96D948D76848FB82FCD60AAE6848D4C9491BA5FCB80AB2084B83134B9AFCFD130AAA764C3DED4C5188FCAF0A7DD247A77647969EFC810A7AE042B97242BD57FD040A7B273F90F43F7F66FCBD0A7B923E3BDD3E227DFCAA0A7BB83FFC904001A1FCB70A7A78427B02427AA1FCB30A7C014474B54486EBFCD70A81D745EA1545E6CDFCF40A7C4646C8D146C8DDFCD60A88864742A247679CFCC10A8258477BB747993FFCBD0A85D14C9D0C4CC739FCBF0AA64E4D17D94D1E1CFCDA0A89574CB8C14C7A25FCCC0A79D94BDBF94BBB4BFCC70A7A9B48D97448E8F0FCFF0A7ACD4585A8
30 Mar 2026 21:06:09,MO,231709,54,45714BFCD70A75DF4303F14316C8FD050A7589411894410DDBFC9F0A763F3F4C9B3F6385FCC20A752F3E65B93E4BDCFCF80A75B519F5
30 Mar 2026 21:06:05,MO,231709,340,69CAE51236FF04445AE544239DFCBE0A633646FCD446D667FCF00A897F4789AE47971AFCB90A969647B1924788C1FCC50A886447EB784801A5FCC30A890147F50F47EB12FCE40A8DBA48559E48665DFCA20A949748BC01489710FC9C0A984348B60048D677FCB40AA36548BBCE48E758FCDF0A911848D62E48FA52FCD50AA88548D3C0491A97FCBA0AAC3B4DDF004DF67DFD100AA1F64D38904D4865FCB40A7AA8479F63478E00FC7C0A754E428726428AE9FD000A75933F5F4D3F4DD4FCC10A76043E26493E0D03FCAA0A76233FF76F3FFC89FCBD0A74E1427D5A427CF8FCB30A766B44793C448B72FCD80A7C3845EE6B45EB1FFCF50A769F46CC1B46CC21FCD80A82CE4744C04769BCFCC60A7CB6477CE4479A73FCC10A80164EEB674F1677FCBE0A9FC44E71034E776DFCE30A838A4DA2164D63ABFCCF0A744F4C5D924C3D58FCC40A750448ED3F48FC88FCF80A753645689D
30 Mar 2026 09:06:17,MO,231709,54,4546D2FCDF0A679C42C92942DBF2FD0A0A674340D87440CDCBFCA60A68033F13C83F2A9DFCC60A66F03E36583E1C82FCF50A677619F5
30 Mar 2026 09:06:06,MO,231709,340,69CA3C5236FD28479254475FD7FCBA0A60D04727AE4701DCFCF00A7B0E478E6A479BD6FCB40A8A9147B640478D72FCC70A79FD47F1B248080DFCCC0A7A9247FE4947F46DFCE60A7F3C485B8C486C55FCA30A860B48BE3548993DFC9F0A89B648B78D48D803FCB00A979248BCD448E855FCE30A829C48D6C948FAE6FCD90A99DA48D443491B26FCBA0A9DA850F6FA5109EDFD190A8BB74DAF294DBC44FCB80A6F80478F1F477D70FC800A6709424E74425220FCFC0A674B3F2BDA3F1A90FCBE0A67BD3E11163DF7E1FCA90A67E13FF2A23FF7C3FCB70A66EE428004427FA1FCB40A6829447DFA44902BFCD90A6DEE45F2DF45EF94FCF20A685A46CF7146CF6FFCD50A74624746F1476BF0FCCB0A6E65477E2B479BB1FCBC0A71C050B6F850E233FCBD0A8C4C4F2A524F30B4FCDB0A74744DF17B4DB319FCC90A660E4C82EC4C6286FCC60A66C048E3B348F335FD030A66EA453E0C
29 Mar 2026 21:06:17,MO,231709,54,451E88FCD80A579D428B09429DCDFD080A57414095E6408B52FCA20A57FC3EDAEA3EF1C6FCC10A56E93E081C3DEE68FCF70A57701973
29 Mar 2026 21:06:12,MO,231709,340,69C9939236FC8649A839497003FCB60A4C1446E6B446C07EFCE80A6AD047861B4793A9FCB80A7D9B47AE3547855DFCC00A699747E89447FEC7FCC90A6A3147F0BB47E6B7FCE30A6ED0485145486203FCA00A758B48B9FE489519FC9E0A793048B3FE48D48FFCAE0A8A3F48BAA948E638FCDB0A722948D59E48F9C6FCD20A893248D33B491A16FCBB0A8D1E515155515A4EFD090A6F4C4DD9AE4DE6DEFCB50A627047807C476E2EFC780A56FC42105D4213FFFD000A573D3EF8723EE739FCC10A57AD3DFC723DE358FCA50A57D13FEE313FF356FCBB0A572E4282D6428274FCB70A58104482D3449506FCE00A5DBB45F76E45F416FCF10A583546D2D546D2D6FCCF0A642147492B476E29FCC60A5E33477F6C479CF6FCBE0A617450D9EF5105A5FCB80A7AA24F65654F6BCEFCE60A63E14E39BB4DFB62FCCB0A561A4CB4214C942AFCC10A56BA48E8E848F820FD010A56E64515A1
29 Mar 2026 09:06:25,MO,231709,54,44E4F1FCD40A558B4243FF4256A1FD0A0A553440508F40460FFCA80A55ED3EA2023EB8C9FCBE0A54D73DD9E93DC02EFD010A555619FE
29 Mar 2026 09:06:13,MO,231709,340,69C8EAD236F9FC4CFD714CBFEAFCBD0A4127479263476CB3FCF00A68D847A24547AF65FCB70A7B7447CBC547A32FFCC40A67C4480A2A4820FDFCCC0A6858481A274810BBFCE70A6CE2486B87487C52FC9D0A739548C4D2489FAEFCA10A774748BCD848DD29FCB10A88E948C02748EBA0FCE70A704B48D8BD48FCC7FCD60A873D48D607491CE3FCC60A8B3E52A39D52A994FD100A6BB54DFFE74E0D68FCB80A61BB476DB6475AC7FC830A551341CB2741CEC6FD030A555B3EC4773EB362FCC90A55C83DE7E03DCEC5FCA50A55DF3FE9B63FEEE1FCBD0A5537428586428530FCBE0A562544877D4499BAFCDA0A5BC645FBBB45F872FCF60A563846D60A46D5FFFCD10A620D474B33477039FCC60A5C32478093479E16FCC10A5F5F515323517ECCFCC40A77CD4F81DE4F8840FCE30A61244E4E7A4E0FDEFCD00A541E4CDE824CBDEDFCB70A54BB48E5EB48F560FCFE0A54D844DBED
28 Mar 2026 21:06:19,MO,231709,54,44AA0EFCDB0A6BB941FD7942101EFD0A0A6B634011684006F8FCA40A6C1C3E6D853E8448FCC60A6B033DAE773D94C0FCFB0A6B8B19F5
28 Mar 2026 21:06:08,MO,231709,340,69C8421236FA534E9CE14E648DFCC10A4E6B47A5FF478055FCF20A7ECE47A3F447B10EFCB40A8BCC47D00347A773FCC50A7DD3480ED74825B6FCCE0A7E66481F9F481626FCF30A82F9486D9C487E73FCA30A89B548C502489FDAFC970A8D6D48BD2348DD68FCAE0A9AB548C08148EBEFFCDC0A867648D8DD48FCE7FCD80A9D8348D623491D03FCB90AA19C502DFA5040E1FD110A8FDE4EB1B94EBF6BFCB10A77724749CB4735F4FC820A6B3341818D418549FD030A6B7F3E91513E8072FCC30A6BED3DD3793DBA7FFCA90A6C093FE5443FEA74FCBD0A6A8D4288244287C0FCB80A6C4B448C04449E39FCDC0A71F445FFDD45FC94FCED0A6C5146D8F746D8FBFCCF0A7835474D07477209FCBE0A725F478171479EFDFCC80A758A5104C851300CFCC00A99C85038E6503F22FCE30A775A4F152B4ED675FCCE0A6A554D68BC4D48B4FCC00A6AE948E8D448F7F3FD040A6B0544A117
28 Mar 2026 09:06:11,MO,231709,54,445406FCDB0A74E741ABCB41BE3BFD040A74913FCD323FC2C2FCA40A75473E377E3E4E38FCC30A74363D82333D6887FCF60A74B319FE
28 Mar 2026 09:06:08,MO,231709,340,69C7995236F9A546808F46468FFCB80A70F24781C5475BC1FCF10A87F9479B2547A851FCB60A927E47C346479A90FCC00A87044801F848188DFCC20A879348127C4808DAFCE50A8C294867BB48788BFCA50A92E448C2B1489D92FC9C0A969B48BB3048DB8BFCB10AA1C048BF0448EA75FCD80A8FAF48D7F848FC13FCDA0AA6B948D546491C32FCB90AAAE852B08952C3BFFD0B0A9B204FAAB34FB512FCB70A7C4D4703FC46EFA9FC7F0A7461413377413758FD000A74B73E5E7E3E4DB2FCC10A751D3DBF883DA6AAFCA60A75383FE13C3FE680FCBB0A733C428B0C428AB4FCB80A75774490C744A304FCDD0A7B194604304600EAFCF70A757046DC2646DC19FCD90A8151474F0A477401FCC30A7B7947827B47A002FCC50A7EA452E8775313E3FCBE0AA2DA51530E51595BFCE00A7FDE4FB5D24F7713FCCF0A73954DB5AD4D9564FCC30A741F48B24C48C1A1FD030A743A444AE5
27 Mar 2026 21:06:20,MO,231709,54,43F5A2FCDA0A7010415894416B00FD080A6FB93F89433F7ED5FCA90A706C3E02133E18C2FCC60A6F5A3D56C73D3D22FCFB0A6FDD19FE
27 Mar 2026 21:06:11,MO,231709,340,69C6F09236FBE04A75324A3F67FCC00A61AE473AA94713FDFCF30A82B847905D479DA0FCBC0A8D8C47B5B5478CDDFCC40A81C247F05C480695FCD20A825447FDCE47F3C6FCEB0A86E5485BF1486CA9FCA70A8D9B48BE2B489918FCA20A915348B77E48D7E3FCAE0A9CD148BCA848E82AFCDA0A8A6E48D69F48FAB8FCD80AA15D48D417491AF9FCC10AA5A654FFF055101FFD110A8C07507927507F3CFCAF0A710C46A2CB468E32FC800A6F6F40E69F40EABBFD040A6FBC3E2D853E1CEBFCC20A70273DAC4B3D9377FCA20A70443FDDA63FE2EEFCB70A6E40428E4A428DF4FCB50A70834495C444A7FDFCDA0A761C4608A1460565FCF30A707046DF5B46DF56FCD70A7C3D475113477613FCC90A767F47839C47A125FCBF0A799554B4FD54E119FCC00A9D16523F44524577FCD60A79485032424FF3D2FCD10A6EC44DC8BD4DA910FCC50A6F42485D7D486C98FD060A6F5843EC8E
27 Mar 2026 09:06:19,MO,231709,54,4387B4FCD60A59C04102DE411520FD070A59653F43A73F3952FC9C0A5A173DCBB03DE24BFCC50A59023D2AB43D111BFCF70A598219F5
27 Mar 2026 09:06:09,MO,231709,340,69C647D236FB1E4F4B9A4F2096FCBA0A479146F27246CC77FCE80A6C654787D347955EFCBA0A7BC347ACFB47842AFCC70A6B3147E6CB47FD0DFCC40A6BC147F02A47E63EFCEB0A704248515448621AFCA20A76E148BA4D489577FCA00A7A8F48B46148D4E6FCAD0A89F148BA7E48E614FCE10A73C048D5B048F9D7FCD70A8A6A48D361491A3BFCC00A8ECC5875CD587A3AFD160A643D50BA5550BCF0FCB30A57FE46271E4612CCFC7F0A5918409A3D409E8DFD040A59643DFCA23DEC22FCC00A59C93D99863D80C5FCA60A59E63FDA993FDFE0FCB60A58654291E6429192FCB50A5A24449B1244AD46FCDE0A5FAB460D64460A1BFCF00A5A0C46E2CB46E2D1FCD80A65AE47534F477850FCC80A600E4784DC47A269FCC20A630E55E8CE5614D4FCBD0A8149528956528F74FCE60A5FE95016234FD7E7FCC80A587F4D75194D556BFCC30A58ED47D7D347E727FCFC0A5906437EA9
26 Mar 2026 21:06:25,MO,231709,54,432536FCDA0A4B9140B51340C749FD0A0A4B373F030D3EF8D0FCA40A4BE93D976E3DAE0DFCC30A4AD43D00133CE679FD000A4B5619F5
26 Mar 2026 21:06:14,MO,231709,340,69C59F1236FA575536B054FC38FCBF0A2DEB474268471B74FCF50A5DEC47956447A29DFCB60A6FB847B81F478F3EFCC10A5CD047F21D480849FCC40A5D6247FD9A47F391FCE70A61CF485C6A486D24FC9F0A685C48BFAC489AA4FC9B0A6C0548B8A148D90CFCAF0A7DBF48BD6348E8E0FCE10A654F48D71E48FB2EFCDA0A7BCB48D480491B55FCBE0A804559B18959B395FD170A4F0050A39650A27CFCB30A499345A5C045920FFC800A4AED405280405705FD080A4B333DCD0A3DBCACFCBD0A4B9A3D872F3D6E83FCA80A4BB63FD7A33FDCF5FCBA0A4A7742958742952DFCB90A4BEB44A04544B284FCDD0A515F46120E460EB9FCF00A4BD046E62446E623FCD20A574D475577477A76FCC60A51C347860E47A399FCC00A54B556BCE156E95AFCBD0A71995291745297ADFCDC0A4E584FC3264F8566FCC70A4A604CE0814CC168FCC40A4AC2474A744759ADFCF90A4ADB431C2E
26 Mar 2026 09:06:27,MO,231709,54,42C4A4FCD50A4EDB40687C407A8CFD0B0A4E823EC2283EB7F3FC9F0A4F313D62CC3D795DFCBF0A4E1C3CD4B63CBB2EFCF80A4E9B19FE
26 Mar 2026 09:06:18,MO,231709,340,69C4F65236FB4B5BCE485B95DFFCBE0A1A8A47884447613DFCE80A60F347A00047AD09FCAE0A70F547C5A0479CB5FCBD0A5FFA48032E48195FFCC80A60834812FA480903FCE20A64ED4869284879DFFCA20A6B8048C398489E7DFC9C0A6F3248BC2248DC67FCB50A7FC048BFCE48EB41FCD60A688448D88748FC93FCD50A7EF348D5BB491C96FCBD0A83825C8D625C7B15FD140A3CCE4F956A4F93E3FCB40A4D1F452D75451A60FC790A4E40400C3B4010F0FD010A4E7E3D9D033D8CCEFCBE0A4EE73D74DF3D5C3BFC9F0A4F003FD48E3FD9EFFCC20A4D7B4298F84298ADFCBA0A4F3544A55444B787FCDB0A54A746167D461327FCF10A4F1246E95746E94EFCCC0A5A7B47576C477C6FFCC60A550447871A47A4AAFCC00A57E8567EE856AB4BFCBF0A690E517E2E51846BFCDE0A4E9F4EA6584E68C0FCCB0A4DB84BF5CF4BD67CFCCA0A4E1446BB9146CB01FD060A4E2642BBB3
25 Mar 2026 21:06:29,MO,231709,54,427366FCD30A50284022A04034A3FD050A4FCC3E85B13E7B9CFCA70A507C3D30003D468BFCC40A4F663CAAB83C9138FCF40A4FE719FE
25 Mar 2026 21:06:19,MO,231709,340,69C44D9236FAF36842D3680677FCB709FEEF46F87D46D1C0FCEB0A625A4789B347972AFCB70A71F047ACCF4783F2FCC40A612A47E69047FCD1FCC50A61B547F02747E626FCE90A66204851DD48629DFCA20A6CAA48BAEA4895F1FC9A0A705348B4F848D585FCA70A801B48BB0F48E69EFCDD0A69AD48D5E448FA0AFCD60A800C48D398491A6BFCC20A84AF5923F05914CBFD100A437B4E7B3E4E7C7FFCB30A4ECE44C18C44AED4FC7E0A4F873FC8C83FCDA2FCF90A4FCA3D6DC33D5DA9FCBB0A50323D63413D4AB5FCA20A50453FD1E73FD74EFCB00A4E86429CA7429C59FCB60A507D44AA8144BCB0FCD90A55EA461AF84617AAFCED0A505346EC7E46EC7DFCD40A5BAC475961477E65FCC80A563D47881B47A59FFCBE0A59135485C754B240FCC00A637450501050565BFCE00A4E9E4DD1934D942DFCC90A4F0F4B4BE44B2CEDFCC60A4F65464EF5465E2FFCFF0A4F72426A75
25 Mar 2026 09:06:20,MO,231709,54,421D5AFCDC0A411F3FDB013FECE8FD0A0A40C03E46873E3C81FCA70A41713CFBB23D1235FCCB0A40593C7FE73C6674FCFA0A40DC19F5
25 Mar 2026 09:06:11,MO,231709,340,69C3A4D236FA5B59703B592E0EFCB80A0F60471C5246F5B4FCEB0A5312478E0A479B57FCBC0A648947B1924788BAFCC30A51F047EAF9480123FCC30A527A47F68A47EC75FCE70A56D34857234867D8FCA00A5D5048BD1A489823FC980A60F748B68D48D6FDFCB10A72BE48BC4748E7D0FCD90A5A6A48D67248FA88FCD90A709048D3EE491AD3FCBD0A754758073157FAC1FD100A3DE24D97584D99F9FCB40A3FFF4458BE44467DFC850A408D3F85B83F8AA1FD080A40C83D3DC93D2DC7FCBD0A412E3D523D3D39C2FCA40A41453FCFCF3FD52FFCC20A3FC242A0D142A083FCB20A417844AFFE44C238FCDB0A46D1461FB9461C65FCF10A414846EFDF46EFCFFCCE0A4C73475B86478083FCC60A472147894047A6CCFCC40A49E5534942537534FCC00A505A4F5D9C4F63EFFCE50A3F2B4D034B4CC5EAFCC30A400D4AAC0A4A8CD5FCC50A405F45DD1A45ECA8FD020A406C42146E
24 Mar 2026 21:06:19,MO,231709,54,41D519FCDB0A2FF43F994A3FAB1EFD130A2F8F3E0A7F3E007AFCA50A30433CC87C3CDEF2FCCC0A2F2C3C565A3C3CE5FCFB0A2FA819B8
24 Mar 2026 21:06:12,MO,231709,340,69C2FC1236F9235E366D5DF9DFFCB609FDBB475A4D4733D9FCEF0A418E4795F447A333FCB60A55E847B8AC478FCDFCC60A407A47F456480A96FCC10A41054803B947F9C3FCEC0A454C4860EC4871A9FCA00A4BB648C12A489C15FC9C0A4F5948B9AB48DA0BFCAA0A63B848BE2C48E9A4FCDE0A48E748D78E48FBA2FCDB0A5ED748D4D6491BB4FCBE0A63A3558B3F558839FD120A370F4D07134D09D0FCB50A2EE643F7BD43E5E5FC800A2F5F3F457E3F4A79FCFB0A2F923D0E4C3CFE76FCBD0A2FF93D41EC3D2986FCA40A300E3FCDFD3FD35CFCB90A2EE242A51A42A4D0FCAC0A303F44B59244C7C3FCD80A358C46248546212EFCEE0A301146F34446F341FCD70A3B11475DAE4782ACFCC50A35D9478A6D47A7F8FCBD0A388B52760652A21CFCBC0A3D334EDD554EE3AAFCD80A2DE44C90734C535FFCD10A2EE64A2FCD4A1106FCC50A2F2F457DA5458CF0FCFF0A2F4141CC36
24 Mar 2026 09:06:29,MO,231709,54,418A83FCDD0A28F43F53BA3F657DFD0D0A288F3DC92D3DBF33FCA70A29433C92EF3CA960FCC00A28283C2BD33C1264FCF90A28A919FE
24 Mar 2026 09:06:21,MO,231709,340,69C2535236F885593DBF590B0CFCC00A00B5474EE5472837FCEC0A3A8D47963847A37FFCB50A4FFD47B781478EAAFCC10A396547F1C9480803FCCA0A39F147FF8947F589FCE70A3E2C485EB8486F72FCA30A448A48C0FE489BF7FC9D0A482B48B97D48D9E7FCB20A5D6548BE0D48E998FCDD0A41C348D77848FB9CFCD50A578C48D4CB491BA1FCBF0A5C6B56AEA756A25FFD0C0A2A9E4C21B34C24DAFCB90A27FC43A1FC43909CFC830A28633F03DC3F08E0FD020A28963CDDC93CCE18FCBD0A28F63D31A93D1961FCA90A290D3FCC203FD18DFCC20A27EB42A95042A905FCB60A294044BB0F44CD41FCDE0A2E7D46292D4625D5FCF50A290946F68846F682FCD30A33ED475FAC4784B0FCC60A2EC8478B8347A90CFCC10A316851E83F521411FCBF0A315A4DFE954E04F7FCE30A26EC4BBC244B7F37FCCC0A27E8498B1E496C16FCC20A2834451BCC452B5FFCFF0A283F418196
23 Mar 2026 21:06:22,MO,231709,54,414D28FCDC0A27F83F0FCB3F2182FD070A27943D88353D7E52FCA20A28403C5E463C74AAFCC30A27293C02E83BE97EFCFD0A27A619F5
23 Mar 2026 21:06:13,MO,231709,340,69C1AA9236F87A5C33385BF828FCC209FB5D476D7E47465DFCED0A394E479AE047A812FCB80A4E5747BD03479426FCC00A383947F96F480F9AFCC20A38C14807EC47FDE4FCE80A3CF64864004874AEFC980A434848C2BE489DAEFC950A46EF48BB1F48DB71FCA90A5BCC48BF0B48EA81FCE10A409448D81A48FC32FCDA0A564848D559491C31FCBA0A5B3753CCFC53C5C1FD110A2F7D4B4A6C4B4F7AFCB60A2704435F0C434DC5FC7E0A275F3EC0C73EC5DDFD010A278B3CADFE3C9E6EFCC00A27EE3D21F83D09B4FC9F0A28053FCA5D3FCFD2FCBC0A26BE42AD8A42AD38FCAC0A283644C06F44D2B3FCDA0A2D6B462DC7462A74FCF00A280046F9B746F9ADFCD20A32C84761994786A6FCC50A2DB4478C8247AA0AFCBE0A304750982450C3FDFCC00A2D634D352B4D3B9DFCE90A25FC4B2D364AF06FFCCC0A26EA49176948F8BAFCC20A273744DC8244EBD8FD000A2740414426
23 Mar 2026 09:06:23,MO,231709,54,410720FCDA0A27E53EC2F43ED488FD080A27873D41E83D3807FCA30A28383C28903C3EE6FCC70A271C3BD9D13BC085FD000A279819FE
23 Mar 2026 09:06:13,MO,231709,340,69C101D236F7C656D6D6569A9EFCB909FF14478249475BDCFCED0A393C479C8147A9B8FCB50A4DAE47BFB94796EAFCC50A382847FE2448147FFCC90A38AA480F14480529FCE40A3CD648681F4878E9FC9E0A432648C45D489F49FCA40A46C948BC3548DC88FCB60A5B3248BFBD48EB39FCDD0A408548D88948FC98FCD90A562148D5B0491C92FCC60A5B25535E1F535242FD0E0A30174A5F994A6775FCB30A2716432894431725FC830A275D3E77063E7C33FD040A27913C7E003C6E97FCC40A27F23D127A3CFA4AFCA50A28053FC8C53FCE44FCB80A269442B1E142B19CFCB00A283144C5F544D826FCE20A2D5F463266462F07FCF70A27F746FCE346FCD6FCD60A32A347639A478891FCCF0A2D9C478D8147AB05FCBF0A30234F63014F8E43FCBA0A2A8F4C425B4C48CAFCE00A26004A7FC44A42DAFCCD0A26E548B82248990DFCC60A272844A9C244B954FCFF0A273040FE22
22 Mar 2026 21:06:22,MO,231709,54,40BFF0FCDF0A33403E730D3E849BFD090A32DE3CFDBC3CF3F9FCAA0A338F3BF5933C0BEBFCC40A32723BB3163B99C5FCFD0A32F019FE
22 Mar 2026 21:06:14,MO,231709,340,69C0591236F7455A02E459C87CFCBC0A0094478C704765BFFCED0A4493479FCE47ACEFFCBD0A562747C34D479A75FCBF0A4388480207481855FCCC0A440A4812CA4808EDFCE70A4831486A21487AE9FC9F0A4E7F48C508489FF0FC9E0A522A48BCE348DD3BFCAD0A641248C02F48EBA6FCE90A4BE848D8D148FCDEFCD60A618A48D5FA491CD9FCB80A66934EE94E4EEACDFD0C0A49BA4A1DDB4A28E6FCB20A328542F28C42E071FC7D0A32BE3E29A93E2F0CFCFD0A32F23C4FF43C40C5FCC30A33563D03623CEB49FCA80A33623FC73C3FCCBEFCB70A318142B62D42B5DFFCB70A339344CB5944DD90FCDA0A38BD4636DF463375FCF10A335146FFF946FFE4FCD60A3DED476560478A60FCBF0A38EF478E5B47ABDEFCC00A3B6E4DE9C34E1508FCB90A35694BF99B4C0019FCDF0A31734A91144A540DFCCF0A324148D3C548B508FCC40A327F44936E44A2C2FD020A328D40B6DB
22 Mar 2026 09:06:18,MO,231709,54,405ADAFCDA0A43CE3E18583E29BEFD0E0A436A3CB6383CAC71FC9D0A441B3BC2793BD8C3FCC60A43033B8C363B72F1FCF80A437D19FE
22 Mar 2026 09:06:14,MO,231709,340,69BFB05236F6F647D9ED47B8E4FCBD0A2FE1479CCD4776F4FCEB0A5516479FF947AD2BFCB30A623847C734479EA0FCBA0A540F4807BE481E8AFCC50A548B481A254810A3FCE80A58B9486C9E487D73FCA20A5F1148C518489FF3FC9E0A62C248BD2048DD65FCAA0A710648C06248EBD7FCDD0A5C8848D8EF48FCFFFCDC0A723148D61F491D06FCBD0A77494E6C804E733BFD180A668A4A82314A8DCCFCB00A4314429ED5428C35FC7E0A434C3DD8143DDDACFD040A43873C22CD3C13B8FCC10A43E53CF4663CDC5AFCA70A43F53FC5C53FCB52FCBA0A417342BA7B42BA33FCB30A442344D0BD44E2F2FCE20A4945463B544637F8FCF50A43DF4702F74702E9FCD10A4E71476728478C22FCC90A497A478F2B47ACB1FCBD0A4BEF4DC3124DEDD8FCC10A46264C54F54C5B65FCDD0A42084AEC2D4AAEEBFCC80A42CD4916A148F7A7FCC90A430A4455AC446533FD020A431C4051C1
21 Mar 2026 21:06:28,MO,231709,54,3FEF33FCDB0A4D293DC08C3DD1D5FD070A4CD13C749B3C6AF9FCA20A4D7E3B93133BA95DFCC20A4C683B67CD3B4E8EFCFB0A4CE419F5
21 Mar 2026 21:06:22,MO,231709,340,69BF079236F84C43ACA2437C6FFCB80A37BE4760A1473AB7FCF30A5E3147946A47A1B9FCB90A688C47B655478D8BFCBC0A5D3247F2B6480927FCCA0A5DAB48035847F97AFCE80A61DB48604048710DFC9F0A683048C068489B5EFC9C0A6BE648B93048D991FCB20A779148BDD148E94BFCDB0A65B548D75348FB6FFCD50A7B5E48D4B8491B94FCB90A80874DC8114DE609FD110A888C4BB1934BB7B8FCB30A4C50422778421499FC7D0A4C973D891E3D8F09FD040A4CD23BF8593BE96CFCC30A4D353CE6373CCE39FCAB0A4D413FC4C53FCA56FCBC0A4A4942BF1942BED1FCB00A4D7044D64A44E881FCD60A528D463FDA463C7BFCF20A4D294706004705F9FCD80A57AB4768F7478DF0FCC30A52C247900947AD8CFCBC0A55264FAF614FDABAFCBB0A51FD4DD2924DD908FCE40A4B584BCC0F4B8F18FCD00A4C13494F7B49314FFCC20A4C5B43F00843FF43FCFF0A4C703FE616
21 Mar 2026 09:06:32,MO,231709,54,3F70DBFCD60A3F433D66653D7786FD080A3EE53C32AD3C2914FCA50A3F943B63F03B7A30FCCA0A3E773B433E3B2A00FCFB0A3EF419FE
21 Mar 2026 09:06:22,MO,231709,340,69BE5ED236F66847B595477F80FCBB0A494D474B044724BDFCEF0A502347930D47A05AFCAE0A5C8447B3EF478B15FCC90A4F0F47EE38480472FCC90A4F8B47FC6F47F275FCEA0A53AE485C0E486CC3FCA00A59F448BF47489A34FC9F0A5DA248B80948D877FCAD0A6ADD48BD2C48E8A1FCE40A578348D6F348FB0EFCD70A6CF848D45C491B33FCBF0A722754E3A754E5D6FD150A76B14BDE764BDF8DFCB70A3E3F4195244182CCFC840A3EA33D3C923D42C3FD070A3EDA3BCEC23BBFF6FCC20A3F393CD88E3CC09DFCA80A3F423FC4653FC9F1FCC70A3C7E42C44B42C406FCB60A3F7244DC4844EE6FFCDF0A44824644BB46415BFCF40A3F31470959470952FCD40A4988476AFD479000FCCB0A44BA47912247AEA3FCC70A470E5224B7525046FCBF0A44314E36894E3CF4FCDE0A3D5D4B8D054B506EFCC40A3E2848D42348B5D4FCC60A3E7A434C12435BADFD000A3E8E3F67D6
20 Mar 2026 21:06:26,MO,231709,54,3EFEC3FCD30A32A13D18713D2981FD070A32413BF9633BEFE8FCA80A32ED3B38503B4E93FCCA0A31CF3B20C53B079BFCFF0A324819F5
20 Mar 2026 21:06:16,MO,231709,340,69BDB61236F61257AC8357752BFCB90A19954779834752DCFCF00A434E47990B47A640FCB70A519147BA0247912BFCC10A424647F71C480D61FCC50A42C14807E547FDEBFCEA0A46D04863B448746DFC9F0A4D0E48C23C489D1BFC940A50B948BA8B48DAD6FCBB0A5F4A48BE9A48EA14FCE30A4AAD48D7D948FBF1FCD70A5FF748D515491BF6FCBD0A652B549B95549AF9FD0A0A68274BB55A4BB3C8FCB70A31AF40F9D140E831FC7B0A32163CF87F3CFF02FCFF0A32483BA74A3B98A2FCC20A32A03CCB6C3CB397FCA60A32AB3FC4403FC9D2FCBF0A301442C98942C943FCB70A32DB44E23B44F479FCD50A37E0464997464624FCEF0A3297470CA4470C99FCD10A3CC4476CFC4791FBFCC60A380B47922747AFADFCBF0A3A4E523E4A526A81FCC00A356E4E27484E2DC7FCDE0A30C74B42E44B06C5FCCB0A3183483854481AD4FCBE0A31D7429D2042AC68FD010A31F03EF5C7
20 Mar 2026 09:06:27,MO,231709,54,3E8FB4FCD90A2AFA3CCED63CDFB8FD070A2A983BC01C3BB6A3FC9E0A2B463B0BEA3B220EFCC50A2A293AFD383AE412FCF60A2A9E19EC
20 Mar 2026 09:06:17,MO,231709,340,69BD0D5236F5875558B2550D55FCBA0A17B2478098475A6FFCEE0A3B804799F447A729FCB10A4AA847BA9C4791D7FCC20A3A7847F83B480EAAFCC50A3AEF4809B847FFF9FCE50A3EED48649B48756BFC9D0A452248C296489D8AFC9B0A48CD48BAD848DB38FCB00A57EC48BECB48EA44FCDC0A42D248D7F848FC16FCDA0A57EF48D53A491C2AFCBA0A5D3258CB0758BB8FFD130A668D4AC2954ABDC0FCAF0A29F24061AA40513BFC840A2A6B3CB89E3CBF51FD060A2A943B7F543B70C5FCC00A2AF13CBE7B3CA6AAFCAF0A2AF93FC4403FC9DCFCB70A286F42CEE842CEA2FCB70A2B2744E83E44FA78FCDB0A301C464E65464B04FCF30A2AE7470FE5470FD4FCD70A34EC476EF54793E4FCC40A304847931E47B0A3FCC20A327953401C536BF6FCBA0A2C804D58024D5E85FCD80A290C4A00C349C53EFCCC0A29D947011B46E37AFCC60A2A3241D3FC41E3AFFCFB0A2A483E86DD
19 Mar 2026 21:06:33,MO,231709,54,3E3E1EFCE30A28FF3C91743CA255FD050A289D3B8CB63B8344FCA30A29453AE1913AF7BEFCCC0A28293ADB643AC244FCF80A28A319F5
19 Mar 2026 21:06:22,MO,231709,340,69BC649236F52A660FE865D743FCBF09F6CB4779804753F2FCEF0A396C4798C547A61DFCB80A484747BB4A479296FCBE0A385A47F8DD480F72FCCC0A38D148099047FFE8FCE40A3CCA48632A487406FCA00A42F548C205489CFAFC9B0A469D48BA5448DAC2FCB10A555948BE9B48EA17FCE40A40B248D7E148FBFDFCD90A55B848D537491C14FCB60A5AFE56669C565026FD0E0A4A2049363A493330FCB50A28023FE4803FD4FBFC7B0A286B3C7EDD3C85B3FCF60A28903B58893B4A1AFCBC0A28EB3CB20A3C9A44FCA90A28F13FC4603FC9FAFCB60A264A42D44B42D40CFCB30A292444EE2F450068FCDC0A2E0C46531C464FBDFCF60A28E347130A4712FBFCD50A32C84770C64795CBFCC40A2E3747940347B18CFCB90A305751270451532BFCC20A26384BA9874BB01CFCDD0A272648A08A486572FCCB0A27E945D35445B640FCC90A283E4137454146B2FD010A28503E3546
19 Mar 2026 09:06:26,MO,231709,54,3DEFEEFCD90A269B3C52153C62D7FD090A26323B54733B4B0EFCA40A26E03AB50C3ACB2EFCC70A25C13AB8823A9F73FCFE0A263719F5
19 Mar 2026 09:06:17,MO,231709,340,69BBBBD236F5A75F6A775F0419FCBB09F9B44780414759C2FCF20A36D5479ACE47A806FCB90A45B347BA6E4791A0FCC60A35C547F7F2480E39FCCE0A363B4808FD47FF0CFCEC0A3A2C4865164875D1FC9D0A404F48C346489E3CFC9C0A43F548BB4248DB9DFCAC0A527948BF1C48EA95FCDA0A3E1C48D82848FC3BFCDC0A530348D564491C3FFCB90A585155D9FA55B8EBFD120A3AE6474741474816FCB40A25A23F81D03F732BFC7D0A26043C447D3C4B68FD030A26273B30CA3B228EFCC90A26853CA59F3C8DE4FCA20A268D3FC4A53FCA4AFCC00A23D442D9CF42D988FCB70A26BA44F436450662FCE00A2B984657EB465482FCF40A267D47164147162DFCD20A30424772AE4797AAFCCB0A2BC24794EF47B279FCB50A2DD84EE1254F0C93FCC00A23D9496E0749749FFCDD0A24CC46D1884696BBFCCE0A2594449802447A71FCC50A25E140AFD240BFA0FD030A25EE3DE720
18 Mar 2026 21:06:33,MO,231709,54,3DB78DFCDA0A2D443C17CB3C288EFD0F0A2CD93B1ED03B158DFCA50A2D883A8A693AA086FCC90A2C683A97B43A7EA4FCF10A2CDD19F5
18 Mar 2026 21:06:22,MO,231709,340,69BB131236F45562284A61EF0FFCBF0A03274776A3475009FCF40A3D7247998747A6CAFCB10A4A5A47B870478F92FCC40A3C6747F4CE480B08FCC70A3CDE48050C47FB17FCE90A40C94862CD487395FCA00A46EE48C27F489D6DFC980A4A9448BAA048DB04FCB10A574748BEAD48EA30FCDE0A44CB48D7E948FC01FCDA0A59A848D52F491C08FCB60A5EFC4F39A44F2AD3FD120A2DD345EFBC45F4D6FCB50A2C7F3F3B4D3F2CE1FC7B0A2CC53C0A663C1169FD000A2CEC3B0A7A3AFC52FCC00A2D3D3C99A53C8200FCA70A2D473FC4F33FCA99FCB90A2A3742DF3B42DF04FCAD0A2D7644FA1C450C51FCD60A324B465C8B465919FCF00A2D3647194A471936FCD10A36DD47746B479967FCC70A326E4795C547B34EFCBF0A34734B82DE4BADEAFCC20A2BBB47D5D847DC91FCDD0A2B9945D595459B1EFCD10A2C4F43E4EA43C7D0FCC40A2C954063E540735FFD040A2C973DAEC6
18 Mar 2026 09:06:37,MO,231709,54,3D755DFCD70A2FF43BD4323BE4CDFD0C0A2F8D3AE3493ADA06FCA50A303E3A5E713A7486FCC40A2F1B3A765C3A5D5AFCFA0A2F9319F5
18 Mar 2026 09:06:27,MO,231709,340,69BA6A5236F4045864C1581C8AFCBB0A1E23477138474B4CFCEF0A3FFC47979847A4E2FCBC0A4BB147B77D478EB5FCBC0A3EF047F3F2480A4DFCC90A3F6548034847F966FCE10A4352485FF94870C1FC9E0A497048C111489C0AFC9F0A4D1848B97348D9DAFCB00A589E48BE0248E984FCDA0A475848D77D48FB9DFCD40A5C2648D4E5491BC1FCB80A617F4E2B894E1A29FD110A2F4A44BCBE44C5B5FCB70A2F333F031B3EF4ADFC7E0A2F753BCA773BD186FCFF0A2F963AE4113AD60FFCC10A2FF03C8DB73C7627FCA60A2FF23FC5903FCB3DFCBD0A2CA942E4EE42E4ADFCB50A302645002D45125DFCDB0A34EE466143465DD5FCF30A2FE6471C67471C4AFCD40A396F47763B479B3BFCCA0A351147968D47B422FCBE0A370749B2AA49DCEBFCC30A2E89466582466C44FCE40A2E5244CB754490FEFCC80A2F0543513443338AFCBD0A2F464026B0403688FD030A2F483D6C7F
17 Mar 2026 21:06:36,MO,231709,54,3D361CFCD50A312E3B90073BA0A6FD0F0A30C83AABB03AA276FC9E0A31713A35F13A4C0BFCC40A304E3A57B43A3EBAFCFA0A30C419FE
17 Mar 2026 21:06:24,MO,231709,340,69B9C19236F2E7541C4253E35EFCBF0A158047725F474C4FFCEC0A41214797DD47A52DFCB60A4BF847B752478E8CFCC90A401147F3DE480A35FCC70A408448041A47FA3EFCE30A446848616648723BFCA20A4A7948C1E7489CE6FCA30A4E2948B9F348DA56FCB40A58DB48BE5248E9D2FCDE0A487848D7A948FBC5FCD60A5D2D48D4FD491BD6FCBB0A628A485A89485CA7FD160A2FEB446345446FD4FCB30A30793ECD013EBDF5FC810A30A83B89033B904AFCFF0A30CB3AC0613AB279FCC70A31243C82693C6ADAFCA00A31273FC6733FCC2DFCBC0A2DB642EAC442EA84FCB20A315B450647451874FCD50A361A46660846628BFCF10A311B471F78471F69FCD00A3A884777FD479CFBFCC90A363947976847B4F2FCC30A3820476301478D18FCB50A301A45D88B45DF6FFCE00A2FA344C0FD448673FCC80A3040435C35433F05FCBD0A307C400EBA401E30FCF80A307A3D2D36
17 Mar 2026 09:06:24,MO,231709,54,3CD85EFCE10A380E3B41F53B525EFD090A37A63A71113A67F4FCA70A38503A0D403A234BFCC60A37323A38643A1F6EFCF90A37A619F5
17 Mar 2026 09:06:19,MO,231709,340,69B918D236F2B14414C443C476FCBB0A2A3A479CBF4775FAFCEE0A47DE47A01D47AD43FCB90A50FB47C138479855FCC60A46E04800E9481733FCC80A474D48122F480838FCE90A4B28486A3A487AE8FC9B0A513B48C50A489FF8FC9C0A54F148BCD248DD13FCB60A5E0548C01348EB84FCDF0A4F4C48D8BE48FCCFFCDA0A63F948D5E3491CCAFCC30A695C480A49481263FD0B0A36DE44AB9B44B8C3FCB90A37613E7A073E6A9CFC840A37873B44993B4C1AFD070A37AC3A9D443A8F71FCC70A38003C76D53C5F5AFCA80A37FF3FC7663FCD1FFCBA0A343D42F09B42F05FFCB50A382B450C5B451E8EFCD80A3CE7466AAE466744FCF30A37EF47228447226EFCCE0A41474779C1479EBCFCC40A3D0347983347B5BEFCC50A3EE4472A684753EEFCC20A36FF460685460D4BFCD70A368444F1D844B709FCCF0A37204386624368CAFCC10A37593FCD583FDD27FD020A375F3CCF83
16 Mar 2026 21:06:34,MO,231709,54,3C78C8FCDE0A45643AFA453B0A9FFD0F0A45013A3E813A3579FC9B0A45A939E89C39FEA7FCCA0A44853A1B863A0299FCF00A44FA19F5
16 Mar 2026 21:06:28,MO,231709,340,69B8701236F20D3CA8093C7985FCB80A363F47A5A2477F01FCF30A552847A0DA47ADF6FCBF0A5B0547C354479A7DFCC60A54374803A6481A01FCC70A549F4815DE480C03FCE50A587E486BB5487C7DFCA00A5E8F48C54848A023FC9C0A624648BD0F48DD4BFCAC0A68A948C02E48EB9FFCE00A5CAE48D8DD48FCE5FCD50A715848D603491CE5FCBE0A76BF46D79B46F679FD110A449245BE3C45C689FCB40A44AE3E072C3DF7C1FC840A44E33B058D3B0D5EFD040A450B3A7D063A6F60FCC60A455E3C6BA23C5432FC9F0A45613FC8803FCE42FCBC0A412542F67942F63CFCB60A4594451264452488FCD30A4A46466F4C466BD2FCEE0A4552472578472561FCD20A4E94477B6547A062FCC60A4A5D4798ED47B66BFCBD0A4C2948944B48BE72FCBE0A4473476FE14776C3FCE00A43CF45D6B1459C2CFCCE0A446D43C11C43A475FCBF0A44B03F6A1E3F7986FD030A44B93C6FF0
16 Mar 2026 09:06:27,MO,231709,54,3C091DFCDB0A54383AB22D3AC260FD030A53D13A0BAE3A02A0FCA60A547639C38B39D988FCC80A535839FD9039E4A9FCFE0A53D219FE
16 Mar 2026 09:06:20,MO,231709,340,69B7C75236F18B403CB5400381FCBE0A765C479FFE477981FCF20A63D7479DC047AAEEFCB60A662447BF9D4796D2FCC70A62F047FFD6481638FCCC0A635148125C48088BFCEB0A6731486977487A30FCA40A6D4848C40B489EF2FC9A0A710648BC0948DC53FCAF0A746348BF8848EAF8FCE00A6B7548D86648FC7BFCDE0A802648D5AF491C89FCBD0A858C4E05DA4E0A64FD140A52A945F07445F326FCB70A535E3D7BC73D6D04FC850A53AD3ACA463AD262FD0B0A53D93A5CE53A4F59FCCA0A542C3C604A3C48EAFCA50A54273FC9BA3FCF79FCC00A4F6742FC7142FC32FCB70A545B451872452AA0FCDE0A59114673E646705DFCEB0A541D47286147284FFCD20A5D4F477D0B47A1FBFCC80A592547999347B724FCBD0A5AE64B876F4BB240FCC00A52E847F57C47FC71FCE20A527C459559455B3AFCCE0A53354334E6431826FCC50A53863EC2D73ED2A3FD040A538E3C005A
15 Mar 2026 21:06:40,MO,231709,54,3BAE8AFCDF0A559A3A78223A884FFD030A553439E18939D88EFCA90A55D639A1DB39B7DEFCC90A54B839E1A039C8BFFD000A553119F5
15 Mar 2026 21:06:29,MO,231709,340,69B71E9236F1474F36AF4F01BDFCBB0A594A4790DA476A52FCF00A651B47995647A682FCB30A664E47B911479045FCC60A643D47F816480E59FCC70A649B480A44480068FCEA0A68704864ED4875BAFCA40A6E8A48C219489CFCFC9E0A724548BA7948DAC7FCB20A74A748BE7A48E9EEFCE10A6CC548D7C648FBDAFCD90A815D48D525491C03FCC00A86C14E5BB14E5B37FD0D0A53D44585B9458540FCB00A54C63CF0B73CE2FAFC7C0A551B3A97E23AA02DFD040A55433A3EE73A3173FCC30A55943C55CB3C3E78FC9F0A55963FCB9D3FD165FCC00A509B4302D943029CFCB70A55C5451EC04530EFFCD70A5A6A4678AA46752FFCF10A5589472B75472B65FCCF0A5E94477EC247A3B8FCC50A5A7C479A6447B7E5FCBE0A5C314BD3594BFEBEFCBF0A545347B8B247BFADFCDD0A53E1450FB344D648FCCD0A549A426A27424E40FCC60A54E93E1CF43E2C65FD000A54F43BA5DA
15 Mar 2026 09:06:33,MO,231709,54,3B572BFCDE0A4E903A406A3A5075FD0D0A4E2D39B5A339ACA5FCAE0A4ED2397E92399488FCC50A4DAC39C43139AB5AFCFB0A4E2119F5
15 Mar 2026 09:06:27,MO,231709,340,69B675D236F1EF5249A851FCC6FCC30A66DD475FC54738D9FCEB0A5DDE47948247A1CFFCB60A5FB447B11547883CFCC20A5CEF47EB8D4801BCFCC90A5D5247F9A847EF9BFCE80A6126485ADF486B97FC9D0A673148BEB74899ABFC9B0A6AE748B7CC48D82EFCB20A6DB548BCCF48E85AFCDF0A657C48D6CF48FAEFFCE00A79EA48D457491B2CFCC30A7F4B5208CD51F1CFFD1D0A4CA14408FD440816FCBC0A4DAB3C74823C67E3FC840A4E0B3A69153A7188FD0D0A4E2B3A20393A12D5FCC40A4E7F3C4B703C3432FCAF0A4E783FCDF23FD3B6FCC00A498343098A430940FCB50A4EB045254345376DFCDA0A5345467D9A467A11FCF50A4E75472EA3472E86FCD50A575747808D47A58DFCCA0A5356479B3B47B8B7FCC30A54F74BD3824BFEAFFCB50A4D234637EC463EECFCE10A4CD1436FB94336DFFCCE0A4D95411AEC40FEB7FCC30A4DE33D6E583D7E2DFD020A4DEE3B4E95
14 Mar 2026 21:06:39,MO,231709,54,3B1CE5FCDF0A43283A146B3A2475FD0B0A42C3398FB93986D8FCA00A4368395D9939738EFCC90A424539A888398FB2FCF30A42B819F5
14 Mar 2026 21:06:30,MO,231709,340,69B5CD1236F1AA5FEA3D5FB077FCBF0A4EDE46FE3E46D71CFCF10A5260478987479708FCB60A55BD47A492477BC5FCC30A515147DE4C47F460FCC80A51B547E74447DD40FCE70A557B484BBF485C6FFCA20A5B8048B7E14892FEFC9F0A5F2B48B25948D2EDFCB20A632148B95648E4EDFCDC0A59D248D51C48F93FFCD70A6E0F48D2F74919CCFCB90A736E4D1DDA4D0B79FD160A42144272F3427570FCB60A425C3C16203C0A49FC810A42A73A40473A48CCFD040A42C43A02C939F582FCC00A43123C41B33C2A81FC9E0A43123FD0973FD660FCB70A3E33431061431025FCAF0A4345452BD3453DFEFCD40A47CA468282467F02FCF00A430F4731C84731B3FCD10A4BC747825D47A75EFCC50A47DD479C1447B9A1FCB80A496E48C6CB48F1AAFCBC0A41FD446A1044712EFCE10A418842270C41EEBBFCD00A42394016E03FFB43FCC40A42863CF69D3D0619FD030A428F3B1458
14 Mar 2026 09:06:35,MO,231709,54,3AE183FCDA0A2FAE39E58039F56DFD110A2F4339653F395C5CFCA60A2FE7393A3B395022FCC70A2EC3398B3939726DFCF90A2F3E19CA
14 Mar 2026 09:06:28,MO,231709,340,69B5245236F0BD5AFB6D5AB418FCBA0A4AAA478102475AC1FCEE0A3E8447978147A4C1FCB80A44EA47B545478C6BFCC40A3D8D47F252480893FCC60A3DF848034647F944FCE70A41A54860CC487180FCA30A479A48C132489C2CFC9B0A4B4548B97D48D9DBFCB00A51C948BE0148E97DFCE00A460848D77E48FBA2FCDE0A5A0648D4DA491BA9FCBE0A5F5E4C47504C2EC2FD110A2EB740C00040C669FCBE0A2EE83BCDF23BC2B8FC810A2F2D3A16A43A1F3CFD060A2F4139E41539D6DDFCC80A2F8E3C38113C20F1FCA70A2F8F3FD3B03FD980FCBD0A2B0743178C431751FCB20A2FC545329A4544C8FCDE0A3435468793468413FCF20A2F904735184734F8FCD70A381747844D47A941FCC90A3443479D0A47BA8EFCC80A35C346A76E46D16CFCC10A2E7D426C7242738DFCE30A2E104092A6405A9FFCD60A2EC93F13F93EF7CCFCC40A2F093C8E703C9E58FCFF0A2F103AD916
13 Mar 2026 21:06:34,MO,231709,54,3ABB61FCDE0A2A5C39BDE139CDD4FD080A29F9393F0339362AFC9D0A2A9D39189D392E7EFCC60A297C396F5B395697FCF00A29EF19FE
13 Mar 2026 21:06:27,MO,231709,340,69B47B9236F04655B2E455798BFCC20A292D47A63D477FEEFCE90A3927479DB347AAEAFCB30A405B47BDF347953CFCBF0A383747FE9B481515FCC80A389A48115E4807A0FCE60A3C3C486971487A41FCA30A422648C4B3489FA0FC9A0A45C948BC6248DCB7FCB00A4D0348BFC048EB32FCE00A40AC48D89048FC99FCD70A547F48D5BE491C9EFCBF0A59D345ABA245A5C9FD120A29CF3FC54A3FCFB9FCB20A29BA3B9A063B8EFCFC790A29EE39EF1B39F7BDFCFF0A29FF39C66139B930FCC80A2A4B3C2E9E3C1797FC9E0A2A473FD6C83FDCA1FCB60A25C7431E98431E55FCAF0A2A7A453924454B51FCD20A2EE1468C744688DDFCF50A2A4D473827473812FCCC0A32AF4785FB47AAF5FCC60A2EED479DCC47BB52FCBC0A3060437E8243A7B5FCB80A2974412EA74135B2FCDF0A28E03FEE8A3FB6A4FCD10A29853EA3D23E8831FCCC0A29C23C5ACE3C6A5AFD060A29C33AB2D3
13 Mar 2026 09:06:26,MO,231709,54,3A8B9CFCDD0A3515398E70399E44FD0B0A34AC391234390959FCA00A355238F445390A1BFCC80A34303951883938C8FCFB0A34A419F5
13 Mar 2026 09:06:23,MO,231709,340,69B3D2D236EF764950B0490F73FCBB0A2E9747A813478139FCF10A43BF47A09E47ADBFFCB30A48BC47C001479727FCC90A42D947FFB04815E8FCC60A4337481183480792FCE90A46D6486A1D487AD3FCA40A4CBE48C513489FF3FC9E0A506C48BCB848DD0CFCAF0A55FF48BFF948EB74FCDC0A4B5648D8BE48FCC7FCD50A5F2648D5F1491CCCFCBA0A647544FA0C44FC60FD160A34D43F11773F1CE4FCBB0A346D3B6E5F3B6390FC810A349A39C32739CBC5FD000A34B039A733399A1EFCC60A34FE3C24BC3C0DB3FCAB0A34F73FD9CE3FDFA0FCB70A301B43256F432529FCBB0A3530453F854551B1FCE10A398C46912A468D9FFCF50A3500473B20473B08FCE20A3D4347879347AC88FCC80A3992479E6D47BBF9FCC00A3AF742BD4542E59DFCBB0A3435406D8C4074A0FCE30A33963F35693EFDAFFCC90A343A3E27563E0B1EFCC90A34783C20EC3C30DAFD000A34793A8313
12 Mar 2026 21:06:38,MO,231709,54,3A6781FCD70A462C39614339710AFD0B0A45C938E94138E07EFC9F0A466C38D27B38E853FCC50A454D3935DB391D21FCF60A45C319F5
12 Mar 2026 21:06:30,MO,231709,340,69B32A1236F00F4B1C344AEAC4FCBA0A423A4787694761B0FCEE0A54E047982047A568FCBB0A560547B853478F8BFCC50A53F147F70F480D90FCC90A544E48085147FE80FCE50A57E848625048731DFCA40A5DE048C189489C84FCA70A618848B9DB48DA38FCAF0A644B48BE5348E9D7FCDE0A5C7A48D79D48FBC3FCDB0A704B48D513491BEDFCBB0A7592422D29422C89FD140A45C63E7DCC3E8C5CFCB80A458F3B4EF53B43C3FC800A45AC3996E1399F9AFD020A45C13989C0397CC9FCC60A460E3C1B1E3C0435FCA20A46073FDCE23FE2C0FCBC0A40A1432C36432BFEFCB50A463F4545D84557FAFCD60A4A934695BD46922BFCF40A460D473DEA473DCFFCD40A4E4447891747AE0EFCC50A4A9A479F0847BC8AFCC20A4BF84108D0413129FCC10A45573FAD0C3FB416FCE60A44BA3EEF3D3EB78CFCCF0A45573E09A63DEDE4FCC40A458F3C15093C2498FD030A45903A5EE1
12 Mar 2026 09:06:34,MO,231709,54,3A29DCFCDD0A47613929C7393970FD090A46FB38BB5838B29CFCA40A479C38AF4A38C50FFCC50A467A3918EC390042FCF80A46EE19DB
12 Mar 2026 09:06:30,MO,231709,340,69B2815236F09D37DE0737AF7EFCC00A3C7B478298475BFDFCEF0A55EF47967A47A3B9FCBA0A566247B25147897AFCC90A551747EF01480539FCCE0A55714800C847F6D3FCE40A590B485FEB4870AFFC9A0A5EFA48C068489B4FFC980A62A348B90648D966FCB10A64EF48BDA048E91EFCDA0A5DA848D73F48FB57FCD80A716348D4AE491B91FCBD0A76A0410DB6411348FD150A475D3E5C9F3E6D5DFCBC0A46E03B20963B1532FC7E0A46F53966C3396FA0FD060A4710396BDB395EF8FCC70A475C3C11AE3BFACCFCA90A47523FE0813FE666FCC10A41BE43336E433320FCBC0A4789454C63455E88FCDE0A4BD2469A844696F4FCF90A47574740E54740C8FCD70A4F6B478AB347AFAFFCCC0A4BD2479FAD47BD41FCC70A4D1C4009EF403155FCBE0A469E3F5D003F63FDFCDC0A45F83ED0C13E98CBFCD00A46923E13893DF73EFCBE0A46C73BEF1C3BFF09FCFC0A46C73A2147
11 Mar 2026 21:08:18,MO,231709,54,39F051FCDC0A393438F7E039078CFD090A38CD389459388BB5FCA20A396F388FB938A57CFCC60A384C38FE7538E5CCFCFF0A38C019F5
11 Mar 2026 21:08:06,MO,231709,340,69B1D89236EEBA3BE2D73BB503FCB60A3699478625475FACFCEB0A475A4796EC47A42FFCB70A4A0B47B26A478999FCC40A468247EEB64804FDFCC50A46D848003247F63BFCE70A4A69485F5148700FFC9C0A504648C04E489B50FC9D0A53EB48B8E948D94CFCAF0A582148BD8D48E914FCDD0A4F0D48D73B48FB55FCD60A629148D4AB491B87FCBF0A67C13E399F3E5784FD0E0A39513F1DA63F2BE3FCB20A38893AE1063AD560FC800A38A3393A5039434CFCFE0A38B839505F394386FCC10A39063C092E3BF252FCA00A38FB3FE4D83FEAC4FCBC0A339F433AF7433AC3FCAC0A3940455339456554FCDB0A3D77469F82469BF5FCF50A391447440D4743ECFCD20A40F7478C7047B16BFCC70A3D7B47A08347BE0CFCB80A3EB84088A740B085FCBC0A3896405599405CB6FCDD0A37C63F8AFC3F5321FCCD0A38573E555D3E39EAFCC30A38933BC0D83BD05DFD080A389639E7B8
11 Mar 2026 09:06:35,MO,231709,54,39A35AFCDD0A298438C17338D0FFFD090A291C386ACD386228FCA60A29C3386EA3388451FCD00A28A338E20938C969FCF90A291519F5
11 Mar 2026 09:06:28,MO,231709,340,69B12FD236EE6B378296374D0AFCB80A1259475EE3473891FCF40A379347931047A06BFCB70A3CC047AE5F478593FCC60A36B047E81947FE59FCC80A370A47F5F747EC04FCE80A3A8948574B48680CFCA00A406248BD1D489828FC9F0A43FA48B68048D6F6FCAC0A4A5248BC3448E7BFFCD60A3F2D48D67148FA96FCDA0A527448D413491AE7FCC10A5799440E4044184BFD0D0A29703F42F23F4DB1FCBD0A28DF3A8F783A8422FC830A2911390E6E391795FD060A29213933FF39273CFCC10A29683C00AA3BE9D6FCAA0A29613FE9753FEF64FCBD0A243A4342BA434276FCB40A2997455A1B456C43FCE00A2DC346A48246A0E6FCF10A297847473647470DFCD80A3128478E3647B340FCCC0A2DC647A15447BEDEFCC20A2EF342B82042E093FCBA0A28B240A9F740B11BFCDD0A28073F5D033F2569FCCE0A28A83E0A783DEEB4FCC10A28EA3B5F8F3B6F76FD060A28E8399AD8
10 Mar 2026 21:06:43,MO,231709,54,39645EFCDD0A168B38967B38A5F2FD070A161B38496E3840DAFC9F0A16BF3850103865E1FCC90A159C38C6F838AE60FCF70A160C19F5
10 Mar 2026 21:06:32,MO,231709,340,69B0871236EDA04509DA44D593FCB40A0AC84772F1474CB2FCF40A244A4795C847A30CFCB60A2CE147B11D478848FCC70A236747EC3A480282FCCA0A23C147FB7247F172FCF00A272D485B6B486C2BFCA60A2CF548BF2F489A31FCA50A308748B7F348D863FCA80A39B948BD1F48E8A9FCE20A2BDB48D70548FB1DFCDB0A3EE348D475491B55FCBA0A43F5428657429371FD0E0A16483F44DF3F4E4DFCB60A15D03A36FF3A2BF9FC880A160538E96D38F2AEFD010A160D3918C2390C19FCC00A16563BF8C83BE215FCA50A16523FEE783FF46FFCBB0A117D434A99434A4FFCB20A168F456107457320FCCF0A1AA046A98346A5F0FCF30A166E474A54474A2FFCD40A1DEE478FF847B4FAFCC70A1AA647A22647BFB5FCBB0A1BC24272C5429BA1FCC30A15B640C30B40CA42FCDE0A15043F66123F2ED3FCCB0A15A43DCDF93DB316FCC50A15E53B01323B10B4FD000A15E7395BD7
10 Mar 2026 09:06:35,MO,231709,54,391EAAFCDC0A0614386BEB387B4CFD0F0A05A63824E6381C4EFCA30A0643382E8138442CFCC30A052538A911389088FCF30A059219F5
10 Mar 2026 09:06:26,MO,231709,340,69AFDE5236ECFC3B119A3AE4E1FCB709F1F34777B647512FFCE90A13B447986347A5B3FCB70A1F7047B32E478A56FCC10A12C647EE10480447FCD20A132247FB7647F168FCE40A167E485BD8486C98FCA30A1C3848C023489B1EFCA20A1FC148B89548D902FCB10A2BA348BD9948E91DFCDE0A1B2F48D74648FB5CFCD90A2DF748D4B4491B8EFCBC0A3300462AD8462E80FD140A05D03EDA553EE128FCB50A055839DAEE39D0D9FC860A059C38C75F38D0B4FD0C0A05A438FB6D38EEC6FCBD0A05ED3BF0F53BDA44FCAA0A05E13FF39E3FF995FCC30A015C43527D435239FCB90A06214567F1457A0EFCE10A0A1F46AE8A46AAF0FCEE0A0601474D7A474D54FCD70A0D4D4791C247B6B6FCC80A0A1C47A2F947C07DFCC20A0B28439CBE43C596FCBD0A051E407672407DB8FCDE0A04833EADE03E7702FCCE0A05303D11E53CF6A6FCBA0A056F3A7A163A8A07FD060A0576391643
09 Mar 2026 21:06:44,MO,231709,54,38F92CFCDD0A0430384F4B385EBCFD0E0A03C138066D37FDE0FCA20A045C380DEF3823A1FCC60A033A388C24387383FD060A03A619EC
09 Mar 2026 21:06:32,MO,231709,340,69AF359236EB8E471CF346E920FCBC09F8F547C9F147A39CFCF00A11C747A7E747B501FCB70A1E7147C9F447A141FCC80A10E7480B1F4821C4FCC90A113D481F2B48157DFCE70A14874870F24881C3FCA40A1A3748C82A48A304FC9F0A1DC748BF1548DF4FFCB30A2AA348C19548ECFAFCDD0A194948D9B048FDBDFCE00A2BF548D6DF491DC8FCBD0A30EC452B66452AAEFD170A03C43E0D713E137CFCB70A03803994D5398B6BFC7E0A03C538AB9A38B4ECFD000A03C938DDC938D12BFCC10A04123BE9753BD2D5FCA50A04073FF8BF3FFEA8FCBD09FF87435A324359E3FCB00A0443456EA54580C6FCDF0A083446B34A46AFAFFCFA0A0428475067475048FCD50A0B4F47935647B84FFCC70A083347A3A647C11BFCBA0A092F42ED794316D5FCC40A03473FACAC3FB401FCE40A02AF3DE7053DB0E6FCD20A035B3C45AD3C2B3BFCC40A03903A18713A27F1FCFD0A039838F0CE
09 Mar 2026 09:06:45,MO,231709,54,38D47AFCDE0A1EF9382F26383E88FD110A1E8D37E03837D79EFCA40A1F2C37E7D537FD69FCC80A1E07386B08385281FCF80A1E7819F5
09 Mar 2026 09:06:36,MO,231709,340,69AE8CD236EBDD4A5FEC4A28FFFCBE0A09B447D3EE47AD47FCF00A2CB447AC1647B90CFCBB0A34F747CE6047A599FCC50A2BD8480E93482508FCCB0A2C2248226E4818B2FCEC0A2F7148728848834DFC9A0A352B48C89C48A37DFCA50A38C248BF8948DFBFFCAA0A429148C1EB48ED54FCDB0A345448D9E848FDF9FCDA0A470A48D728491E10FCC90A4BFB46C27E46AD75FD0E0A1E5F3C7C823C8588FCBC0A1E6C39663C395D85FC850A1EA6388E0A389746FD0A0A1EA938BC5438AFD3FCC80A1EF03BE1883BCB06FCA90A1EE03FFD70400362FCC10A19C843616F436129FCBB0A1F214574FF45871AFCE00A230746B7C746B434FCFA0A1EFF47530A4752E9FCDF0A261F47949D47B990FCC90A230847A3FA47C186FCC40A23F541749D419D41FCC00A1DF43DC58C3DCCE1FCE60A1D813C4FE13C1A11FCD20A1E2A3B46BE3B2B91FCC30A1E6839C4CD39D4D5FD030A1E6438CC2E
08 Mar 2026 21:06:43,MO,231709,54,38CE87FCDA0A44283817B938271CFD0C0A43C137BCED37B465FC9E0A446137C1E437D77CFCC90A4341384ACD383252FCFB0A43B419F5
08 Mar 2026 21:06:33,MO,231709,340,69ADE41236EA764CB6464C7EAAFCBA0A41AB47DAF047B5EEFCED0A51DA47A6F647B429FCB10A538B47CCAA47A4A1FCC00A5106480E2F48258FFCCC0A514B482414481AF4FCEB0A54A4487180488272FC9F0A5A7148C71D48A207FC960A5E1248BE8C48DEDCFCB20A633048C15248ECBCFCDD0A59A548D98148FD8EFCDE0A6C8048D6F1491DE4FCBC0A717040254B40215FFD110A43B03B6F7F3B7C95FCB30A43A03955DD394D67FC7C0A43C0387203387B1AFCFF0A43C9389A7F388DFDFCBF0A44113BDA7F3BC408FCA00A43FE40024A400855FCBC0A3E164368A743685FFCB50A4441457B3C458D56FCDE0A482C46BC1546B870FD070A442447558547555DFCD00A4B3C4795C747BABEFCC80A483147A44447C1CAFCBF0A49113E2E963E562CFCC00A43623C74AF3C7BE6FCE00A42C43BA6A03B7107FCD00A435D3ADEBE3AC421FCC40A439639B8BA39C844FD010A439338C628
08 Mar 2026 09:06:38,MO,231709,54,38BE0BFCDB0A59AD37F53E380495FD050A594F378E6F3785DFFCA80A59F137962B37ABACFCC80A58D238277F380F14FCFA0A594619F5
08 Mar 2026 09:06:30,MO,231709,340,69AD3B5236E922423F594208BDFCBD0A57D247D4E247ADFFFCF00A672247A94C47B636FCB80A654647C9ED47A125FCC80A66634809D0482040FCD00A66A2481EA54814E1FCEC0A69FF486FC7488089FCA30A6FD848C67848A158FCA20A737B48BE1348DE45FCB30A760148C0E648EC4CFCE10A6F1C48D94848FD54FCD20A820048D69F491D73FCB60A86EB3FD4CA3FCF7DFD1D0A59623A7EF03A8F49FCBE0A592B39554D394CD1FC7F0A593E384E94385788FD060A594A3875463868DBFCBF0A59983BD4533BBDE5FCAB0A59864007F3400DF0FCC20A5319437060437017FCB40A59CE4581CE4593E7FCDA0A5DB646C0B146BD0BFCF50A59B747583E475813FCDB0A60B747971447BC15FCCD0A5DB947A4B047C22FFCC50A5E903CDB143D01B1FCC10A58E63B4AF43B5202FCE30A58503ACBD13A961FFCD60A58ED3A7FDF3A6466FCC50A592339B3A839C3ADFD070A591938B5AB
07 Mar 2026 21:06:47,MO,231709,54,38C1B5FCE00A64DB37D4D137E440FD050A6476376098375826FCA20A6510376AC937805CFCC80A63F33805DF37ED7DFCFB0A646519EC
07 Mar 2026 21:06:37,MO,231709,340,69AC929236EA8C417C9D414968FCBD0A634547A259477BF5FCF00A724647978447A4C3FCB90A6E2D47B1F447892DFCC40A718547F0764806C4FCCB0A71C248031747F92AFCE70A752548616B487233FCA30A7AFC48C158489C4DFC9B0A7E9E48B97448D9CEFCAC0A7F9F48BDC448E943FCE20A7A4E48D74048FB62FCDD0A8D2548D4AE491B9AFCC10A92023A93683A9E6DFD100A64C73A30C33A4435FCB60A646C39671E395E01FC860A646F3827A238306FFCFC0A647B385076384437FCC20A64C73BCFC43BB965FCA40A64B5400E4A40144CFCBA0A5DF443787B437831FCB40A6501458891459AAAFCDB0A68D946C55F46C1B6FCED0A64E4475AF6475ACEFCD10A6BCD47988047BD77FCC50A68DF47A52247C2A8FCB80A69A43AD67C3AFC59FCBA0A64493AE8C43AEFC9FCE00A63903AE8B53AB2EDFCD90A641B3AB54E3A9A46FCC10A644B39EC1439FB9DFCFF0A644238B92D
07 Mar 2026 09:06:46,MO,231709,54,38ABEFFCDB0A5D3737A17837B0BEFD130A5CD737252A371CC1FCA40A5D78373AD637504DFCC80A5C5837E29D37CA4CFCFA0A5CC519F5
07 Mar 2026 09:06:33,MO,231709,340,69ABE9D236EA1E3A033639CB03FCBD0A5BFA47AF3E4788CBFCEB0A6A6047994247A67EFCBC0A67BA47B54E478C80FCCB0A69A947F5CB480C24FCC70A69DF480A3748005DFCEA0A6D3A4865E44876AAFCA40A730A48C346489E36FC950A76A748BAEF48DB51FCB10A78E948BEBC48EA32FCE20A727048D7DE48FBF1FCDE0A851B48D527491C09FCC20A89EA3A7E703A8938FD110A5D343A2B1F3A40BBFCB60A5CC13976E5396D47FC840A5CBB37F4E337FD92FD090A5CD5382928381D0CFCCB0A5D203BCB9F3BB54DFCAB0A5D10401516401B12FCBE0A566B4380EC438099FCB80A5D57458F9E45A1B7FCDA0A612546CA4446C69CFCF40A5D46475DEB475DC2FCD50A63FF479A0D47BF0BFCCD0A612E47A5CE47C34CFCBF0A61E43A4A2A3A6F22FCC10A5CAC3ACD3D3AD416FCE10A5BEF3AF7843AC13DFCD40A5C803AFA403ADE75FCC50A5CAE3A13163A2322FD050A5CA238A349
06 Mar 2026 21:06:46,MO,231709,54,3899FEFCD50A61B23767EC377751FD0B0A615536EA2F36E1E7FCA60A61EC370DDF372368FCCC0A60CD37C39137AB40FCF80A613E19F5
06 Mar 2026 21:06:37,MO,231709,340,69AB411236EA6433A2D83378E8FCBF0A612F47977E477124FCF50A6ED34796A047A3EDFCB90A6B6C47B0644787A1FCC20A6E1B47EE0A480469FCD20A6E5247FF4947F578FCEB0A71A7485F4548701AFC9C0A777448C0D8489BD8FC970A7B1148B91A48D98DFCB40A7CDB48BD9748E922FCE00A76F148D73448FB59FCD60A897A48D4B2491B8FFCC00A8E3C389F2538BA74FD110A61FC3AA7463ABC5BFCAF0A6142398BE939812DFC7F0A613F37BB6F37C41CFD040A615838038737F798FCC10A61A43BC8143BB1D2FCA90A618B401BAE4021ADFCC10A5AC543890B4388C4FCBD0A61DA45966E45A881FCDA0A659B46CEF946CB55FCF30A61C64760B647608AFCD20A6861479B7647C06EFCC30A659C47A64947C3CEFCBF0A66423AD7703AFD10FCBA0A61403B90863B977FFCE00A60693BBC263B85B4FCD30A60F23B91C13B7681FCC60A61243A60533A6FDCFCFE0A611B389130
10 Aug 2026 17:37:07,MO,231710,284,6A7A0C8A36C1A050EB1550DCC863D4D2FCA64CB5924CAF5D63CA76FC8D471A8847064A63BFD0FC9B4659CD4655B163C4B4FC9D46CECB46DA5063B710FC84475FDE476AB963C8AAFC6247EC4B47E51063BB34FCAF4819F048130563BB3FFC42486347484ED363BD4AFC7648AB9B48896763BBF6FC6048DA0E48BC1063B995FC6348D96348F9DA63B769FC4F4909F249095D63BAEAFC6B48FBD3491C9F63BD0FFC6948F46D49067863C089FC7648C78048FF1963A951FC4448CBA948BF6D63BBE1FCC5487CEB48787563B03CFCB84827784815E663B5C4FC7C481042480EFF63BDCCFC754F58C44F41DF63C29DFC854E2A7E4E333763CFF2FC804C96524C834763B2E1FC734A4DBC4A737563B7F0FC79463E2846683963B3F8FC871A29
09 Aug 2026 17:37:01,MO,231710,284,6A78BB0A36C2BD50A18450937663D4C7FCA34CB75A4CB14563CA76FC8347350A4720A363BFC9FC99464D0A46491C63C4B4FCA746A85546B42163B70DFC7F4731B0473CCD63C897FC6447C94047C22463BB2CFCB047FE2947F78163BB47FC404859224844B863BD53FC7748A1F2487FBE63BBF6FC5A48D73348B93463B99CFC6548D77B48F7EE63B764FC4B4909704908D863BAE9FC6348FBB0491C6D63BD11FC6348F46549066C63C085FC7148C76E48FF0563A949FC4848CBA548BF5B63BBE7FCC0487CDC48786863B044FCBA4827694815D363B5C6FC7B481036480EED63BDD1FC7E4F17354F007F63C28EFC8C4E0E604E172E63CFF3FC834C8E7F4C7B7963B2DDFC764A49F94A6FB263B7E6FC764636D44660DF63B407FC871A29
08 Aug 2026 17:37:03,MO,231710,284,6A77698A36C20B504E13503FC963D4C3FCA44CBCB04CB6C763CA74FC83474E64473A3C63BFCEFC9A46549946508063C4B9FC9D469277469DF963B712FC7C470476470F5D63C89FFC6547A366479C3E63BB36FCAA47DFF747D92A63BB3EFC42484E1B4839B863BD4DFC8048957248733B63BBF9FC5648D46D48B66963B999FC5E48D57448F5E463B765FC4D4908DD49084C63BAECFC6648FB68491C3363BD10FC6448F44F49065D63C07DFC7948C75D48FEF663A950FC5048CB9048BF5263BBE6FCCC487CC448785863B046FCBE48275A4815C463B5C8FC7B48102B480EE863BDCBFC764EEBB84ED52563C296FC8E4DFD164E05EC63CFF5FC864C89494C764163B2DEFC724A46854A6C3F63B7EDFC77462F5A46596363B401FC8C1A29
07 Aug 2026 17:37:04,MO,231710,284,6A76180A36C33B4FBD244FAF3663D4BAFCA94C98C14C929763CA6DFC7A4709F846F5C163BFD1FC974649E94645DC63C4BAFCA446C1CA46CD7463B712FC7C47585E47635763C8ABFC6247E6D147DFAF63BB3AFCB0481516480E4C63BB4AFC424861F1484D9163BD4BFC7348AB4C48891763BBF5FC5748DA3948BC3A63B998FC5648D93B48F9A763B768FC43490A1B49098F63BAEAFC6648FBF3491CB863BD0BFC6348F47649067B63C081FC7548C77B48FF1663A945FC4B48CBB148BF6E63BBE4FCC2487CEE48787563B046FCB64827794815E063B5C6FC7548103D480EFF63BDD1FC814ED30D4EBC8063C288FC864DF3E54DFCBC63CFF3FC834C85494C724363B2DFFC704A43814A693563B7EEFC7E4627DC4651ED63B403FC8D1A29
06 Aug 2026 17:37:06,MO,231710,284,6A74C68A36C2FC4F8EC54F80B263D4ACFCAD4C94F34C8F1863CA69FC83472D044718EE63BFD0FC9E4642F1463ECE63C4AFFCA146981146A39963B710FC88472508472FED63C89FFC6147C1CA47BA9763BB33FCB547F81247F14063BB42FC444857114842B463BD53FC7248A093487E4C63BBEDFC5E48D71E48B92B63B996FC6748D72048F79263B76BFC474909714908E963BAF2FC6E48FB9F491C5C63BD08FC6348F46649067263C080FC7C48C76B48FF0B63A94DFC4848CBA348BF5D63BBE6FCC5487CD548786463B041FCBD4827644815C963B5C5FC7748103F480EF163BDCCFC714EC9D04EB35063C28EFC8C4DEDFE4DF6E163CFEEFC854C81464C6E4463B2DBFC774A40CD4A667D63B7EEFC7946203C464A3863B407FC7E1A21
05 Aug 2026 17:37:08,MO,231710,284,6A73750A36C08F4F54854F468263D4ADFCA84C6FC94C69BD63CA6DFC7B46EB0146D6EC63BFC6FC97465E70465A5D63C4B8FC9846D4EA46E06163B713FC7C475BB747668163C8A6FC6A47E78947E04463BB3EFCAF4813CE480CD963BB48FC41486315484EAA63BD4FFC7E48AA4048880863BBEDFC5E48DA8A48BC8963B991FC6348D9C348FA3663B76AFC4D490A5B4909CA63BAF1FC6E48FC54491D1563BD11FC6B48F48A49069063C084FC7448C78748FF1963A952FC4E48CBB348BF7563BBE7FCC4487CEE48786F63B044FCB948277F4815F763B5C8FC77481039480EF763BDD0FC744EC5924EAF0263C28CFC864DE6CF4DEFAD63CFF0FC8D4C7D9E4C6AA463B2DFFC6D4A3EB44A646563B7E8FC6C4618D64642E363B3FFFC8F1A0F
04 Aug 2026 17:37:14,MO,231710,284,6A72238A36C2C64F31844F23A463D4A2FCA84C576F4C511F63CA5AFC8446C0DC46ACB863BFC6FC9B4679C746758C63C4BAFC9E471DCE47292D63B710FC8A47A2B547AD7163C8A6FC6948188E48113A63BB3CFCB1483C9B4835A263BB45FC484870BC485C4D63BD5BFC7448B63D4893F163BBF5FC6948DDD348BFD163B994FC6648DC4A48FCB963B771FC48490AD9490A4A63BAEDFC6B48FC6D491D2E63BD10FC5F48F4944906A063C078FC7348C79648FF3963A948FC4E48CBCA48BF8463BBE8FCC3487CFE48789863B03EFCB948279048160963B5C1FC7C481055480F0A63BDC7FC714EBC204EA59463C28FFC874DDBEF4DE4D563CFF0FC874C7B104C681963B2DFFC734A3CD14A627563B7EEFC81461080463A8963B402FC8D1A21
03 Aug 2026 17:37:15,MO,231710,284,6A70D20A36C6644F2FEB4F221263D49CFCAB4C6FFD4C6A3263CA6AFC8046E7CB46D38E63BFCAFC93463E33463A1C63C4B1FC9F46B9ED46C57063B703FC80474DD34758B363C8A7FC6B47DE5347D71D63BB3FFCAD480B3748045763BB43FC36485EB5484A4763BD51FC7848A7CC48859063BBF1FC5B48D90548BB0863B99BFC6048D89548F90B63B764FC504909D449094463BAEBFC6848FBE7491CA763BD12FC6A48F47149067F63C082FC7948C77948FF1963A94DFC4848CBB348BF7363BBDEFCC2487CE148786863B03DFCBD4827704815D963B5CAFC7248103B480EF963BDCCFC734EA72C4E90A963C28AFC874DCDE94DD6CD63CFF5FC844C7B554C686863B2D9FC754A3B204A60CD63B7E5FC7B46089246329463B3FCFC8A1A21
02 Aug 2026 17:37:22,MO,231710,284,6A6F808A36C64E4F16A64F08A763D4A4FCAE4C7CC14C76DF63CA5FFC8946E6DB46D2A263BFCCFC984637B246339563C4B3FC9646B10946BC8463B70FFC804746C447519363C8A3FC6147D95F47D22C63BB35FCAD4807D548010663BB46FC38485D3E4848D463BD56FC7748A5D048839563BBF8FC5D48D86648BA6563B99AFC6448D83848F8A263B769FC474909A349091163BAEBFC6A48FBC3491C8863BD09FC6748F46E49067B63C081FC7248C77848FF0B63A93FFC4C48CBA248BF6A63BBE5FCC3487CE448786663B03DFCBA4827704815DC63B5CCFC7D481038480EF163BDCBFC7B4E85EB4E6F6263C282FC914DC0FC4DC9F363CFECFC884C7F844C6C8B63B2E4FC7C4A391B4A5ECE63B7E7FC72460089462A8F63B409FC8B1A21
01 Aug 2026 17:37:15,MO,231710,284,6A6E2F0A36C6EC4EF6E34EE8D563D4A3FCAA4C8BF64C861663CA6BFC7E46F5EA46E1C363BFCDFC9F4628A446248A63C4AFFCA0469203469D7C63B70CFC89472B194735D063C89EFC6B47C81247C0BC63BB34FCB047FA9E47F3B763BB48FC3F48596848450363BD4FFC8048A26E48802763BBF1FC5F48D7B948B9BE63B99BFC5E48D79148F7FE63B768FC4B49097C4908FC63BAECFC6C48FBBA491C7A63BD0BFC6548F47449067D63C083FC7948C76A48FF0D63A946FC4748CBA148BF6063BBE0FCBF487CD548785F63B042FCB94827664815D263B5CFFC7748103D480EF063BDCDFC7C4E644E4E4DE863C285FC8A4DBBFC4DC4F263CFDDFC824C88064C750F63B2E1FC7C4A36924A5C3D63B7ECFC7A45F8A74622A263B3FDFC8B1A29
31 Jul 2026 17:37:24,MO,231710,284,6A6CDD8A36C67B4EC4B84EB69763D4A1FCAF4C7F984C798463CA69FC7C46B65146A22963BFCAFC95464AC14646EB63C4B3FC9D46E0FE46ECD563B70FFC7D47770347823863C8AAFC6647F92847F21663BB38FCA5482402481D4F63BB4EFC3F4867444852EA63BD56FC7848AFC1488D9263BBFBFC5B48DBB548BDC263B999FC6248DA3C48FAA863B767FC41490A93490A0663BAEDFC7248FC42491D0363BD09FC6448F48F49069963C079FC7C48C79248FF2363A94BFC4C48CBC848BF7863BBE6FCC2487CFB48788963B03EFCB94827834815F663B5C5FC7448104B480F0663BDCAFC764E50164E39C963C283FC8C4DC27D4DCB7963CFEFFC834C94224C812563B2D7FC7E4A33404A58E663B7E2FC7145F0AA461AA463B3F9FC891A21
30 Jul 2026 17:37:18,MO,231710,284,6A6B8C0A36C62A4EA40C4E960F63D4A2FCAF4C8BBF4C85E963CA66FC8346AC4A4697FA63BFC1FC974657E546544063C4BAFCA046F52847012C63B711FC824786B547920563C8ADFC654802DD47FBDE63BB3DFCAA482E4F4827B163BB46FC4A4869B748555663BD48FC7848B1F3488FC763BBF3FC6048DC1048BE1163B98CFC5948DAA248FB0A63B767FC50490AA9490A1F63BAF0FC6948FC4B491D1463BD0FFC6C48F48B4906A663C07DFC7548C79A48FF3063A952FC4848CBCA48BF8363BBE6FCC5487CF348788463B03CFCB74827994815F863B5CFFC7F48104F480F0963BDD3FC714E4F894E395863C287FC8D4DD5764DDE8163CFEFFC8B4CA2934C8F9863B2E6FC7A4A2F434A54E163B7E4FC7245E84646124563B3FDFC8B1A21
29 Jul 2026 17:37:24,MO,231710,284,6A6A3A8A36C6EA4E9A8C4E8C7563D49AFCA94C9D944C979063CA6BFC8346B94246A53A63BFC6FC9346396546353F63C4AEFCA446CB2246D68B63B70BFC85476387476E4263C89FFC6947EE2947E6D463BB32FCBC4818FD48120863BB42FC3E486444484FCE63BD4DFC7F48ABDA48899763BBF3FC5948DA6D48BC6E63B99CFC5E48D9A248FA1063B764FC4B490A0A49097B63BAF6FC6F48FBFF491CC663BD10FC6D48F48049069463C080FC7C48C78848FF1B63A94EFC4D48CBB348BF7263BBE8FCC2487CE748787563B038FCC448277B4815E163B5CCFC78481040480EFA63BDCDFC754E665E4E503263C281FC894DF3A34DFCB063CFEDFC864CB0D34C9DD263B2DFFC7D4A2A7C4A501563B7F1FC8045DFF24609EA63B401FC951A21
28 Jul 2026 17:37:29,MO,231710,284,6A68E90A36C7DB4EACDB4E9EF863D49DFCB94CBA5A4CB45A63CA7EFC8A46C8F946B4EF63BFCBFC9B46276346234663C4B5FCA146A37E46AEEB63B70BFC8547378447423C63C89FFC6647CDE047C68D63BB3AFCB147FE4E47F76963BB47FC43485AFB48467D63BD55FC7448A25848801763BBFAFC5C48D7A348B9A663B996FC5C48D7CB48F83763B76FFC524909634908CF63BAEFFC7048FBAD491C7763BD0FFC6C48F47349067C63C081FC7B48C77448FF0F63A94BFC4C48CBA448BF6D63BBE2FCBD487CCF48785B63B049FCBA4827614815D763B5CDFC7248102D480EF363BDCCFC6E4E95DF4E7FB463C283FC874E18D04E21D063CFF1FC874CBC7B4CA96B63B2DCFC7B4A25194A4AB163B7EAFC7F45D78B46018563B403FC901A29
27 Jul 2026 17:37:31,MO,231710,284,6A67978A36C7D84EE5B74ED7EA63D49DFCAD4CBB0D4CB53563CA7BFC7A46C68546B27C63BFCBFC944636A546328963C4AFFC9F46AD0046B86963B70CFC7F47375C47421163C89CFC6B47CC5E47C51763BB34FCB04801E247FAFD63BB3AFC44485A9F48463863BD4DFC7548A0C8487E8163BBF3FC6348D7C048B9BE63B9A2FC6248D7CB48F83D63B762FC4B4909824908FF63BAF2FC6E48FBC1491C8763BD11FC6B48F47D49068063C083FC7048C77F48FF1D63A94BFC4848CBB248BF7363BBE5FCBE487CDF48786E63B040FCC548276D4815DA63B5CBFC7D481032480EFA63BDD4FC7C4ED6AC4EC07363C284FC8D4E3D744E466F63CFFCFC804CC3D04CB0B063B2D4FC774A1F854A452663B7EEFC7C45CF5245F94F63B3F8FC8B1A29
26 Jul 2026 17:37:42,MO,231710,284,6A66460A36C9004F32BF4F24EC63D4A9FCA94CAFD34CA9E463CA78FC7F469B8446875463BFC9FC98462C0B4627E463C4B2FC9F46C1E746CD5663B710FC87475E5247691C63C8A7FC6B47E93B47E1F663BB3EFCB548125D480B8663BB3EFC3E48618E484D1A63BD54FC7548AA7348883463BBFFFC5D48D99A48BB9263B997FC5B48D91148F97E63B768FC4A4909EF49096063BAF0FC6A48FC03491CC563BD19FC6E48F48949068863C083FC7D48C78A48FF2263A947FC5348CBB548BF7663BBDFFCC4487CEE48787663B03EFCBF48277B4815ED63B5C4FC7B481041480EF663BDCFFC754F18C14F026463C296FC8F4E59BB4E629363CFFFFC7F4CC69C4CB37D63B2E3FC774A1A114A3FA263B7EBFC8145C6F545F0EE63B3FEFC921A29
25 Jul 2026 17:37:27,MO,231710,284,6A64F48A36C8564F8A894F7CC563D4ABFCB04CC7044CC11B63CA73FC8C46D5D446C19463BFD6FC9B461D014618E763C4B3FCAA4675AC46812863B70EFC8346FD1F4707F363C89CFC60479ED84797A463BB3CFCB647DB2C47D46063BB45FC3D484B8148372663BD4DFC8448937A48714B63BBF5FC6148D45C48B65F63B999FC6948D4AD48F51B63B769FC444908E449085C63BAF1FC6648FB50491C1E63BD13FC7548F46B49066C63C081FC7C48C76C48FF0363A949FC5448CB9648BF5F63BBE3FCC2487CC148785663B042FCB948274C4815B963B5CCFC82481022480EE363BDCBFC7B4F4A884F341863C299FC914E69924E726663D006FC854CC5AA4CB28963B2D8FC7F4A14BC4A3A3E63B7E8FC7745BE9945E87D63B401FC8C1A29
24 Jul 2026 17:37:29,MO,231710,284,6A63A30A36C8BB4FBA2E4FAC2863D4BAFCAE4CAA0B4CA42C63CA75FC8846DEC146CAAA63BFC9FC974620B2461CA363C4B4FCA54660DD466C5363B70BFC8746C7F746D2A163C89AFC70476D2C4765D063BB2DFCB347B1E147AAF163BB3CFC41483DC748296863BD49FC82488112485ED663BBF3FC6548D00148B20763B998FC6748D1C548F23163B764FC544907D549074A63BAE8FC7548FB28491BE563BD0DFC6B48F45949065F63C076FC7C48C74648FEE863A94DFC4C48CB7A48BF3C63BBEAFCBD487CA948784463B039FCC24827364815AE63B5C5FC84481021480EDD63BDC6FC7F4F66364F4FA263C29AFC8A4E6F134E77DD63CFFCFC824CC27B4CAF5963B2D9FC7A4A0FE94A357963B7E3FC8245B68345E07663B3FBFC8C1A21
23 Jul 2026 17:37:36,MO,231710,284,6A62518A36C1B34F901C4F822463D4A2FCBC4C04D04BFE0A63CA5BFC8A464CC146389963BFC6FC9546991146951B63C4B0FCAA474F7C475B2663B715FC8A47C2EF47CDD063C8A2FC70482BE34824A763BB3CFCBF484B6748448A63BB48FC5148766B48620C63BD53FC8548BB4E48990E63BBFDFC6848DF6048C16D63B98EFC6748DD8748FDEF63B764FC50490B7D490ADB63BAE9FC7648FCE4491DA563BD0AFC7948F4AF4906BC63C085FC8948C7BE48FF5463A94EFC5C48CBE148BF9E63BBE6FCCB487D1A4878B963B04CFCC74827B548161563B5CCFC8A481064480F1363BDCCFC874F737D4F5CE263C29DFC894E6DFA4E771863D004FC7E4CBEB24CABAF63B310FC844A0BFB4A318563B7DFFC7F45AE3C45D83963B3F1FC9819F5
22 Jul 2026 17:37:44,MO,231710,284,6A61000A36C7104FBB7F4FAD6463D491FCA94C1F814C198563CA42FC8F4663F8464FE063BFB7FC9A462B7446279E63C4BDFC8E46B4BA46C09D63B764FC88473FCD474AF963C888FC6747C9E447C2F763BB51FCA447F73147F09563BB4CFC58485404483FCC63BD5EFC8D489BA148795263BBE1FC8648D5FE48B7B763B9D3FC5E48D5B848F64E63B73AFC654909624908C363BAFEFC7948FBF1491C5B63BCDEFC6748F46149069463C087FC6C48C75E48FED163A934FC6948CB8248BF4663BC06FCD1487CF148788363B058FCCC4827344815A163B574FC62481059480F0E63BDECFC724F77A34F60FA63C2A3FC9D4E64A84E6EB763CFEAFC8E4CB8F44CA93363B18DFC764A08C74A2E2F63B7F0FCAC459DD545D1BD63B5DDFC8E1A29
21 Jul 2026 17:37:34,MO,231710,284,6A5FAE8A36C6E95007774FF97E63D4BEFCAB4C7F354C78A563CA66FC7D4645FE4631C063BFC2FC9046583146548463C4B8FCA4471039471C0D63B709FC87479C8047A79763C8A4FC6948103748091E63BB39FCAA483515482E6B63BB48FC3D486E614859FE63BD55FC6B48B4EF4892B963BBEBFC6148DD7548BF6D63B99BFC5848DBC548FC3263B763FC4A490B14490A8363BAF6FC6148FC96491D5B63BD0CFC5E48F4B34906B863C081FC7448C7AB48FF4763A945FC4248CBD048BF8E63BBE6FCBC487D0D48789A63B039FCB44827BA48162763B5C7FC75481057480F0663BDC9FC6E4F68964F51DB63C299FC854E55C94E5E9363D003FC814CB9B14CA69B63B2D9FC714A05F04A2B7063B7EEFC77459D4545C72C63B3FFFC851A29
20 Jul 2026 17:37:43,MO,231710,284,6A5E5D0A36C6C04FEECE4FE10263D4BCFCA74C75A24C6F2163CA6FFC80463DD64629B263BFBCFC8C46658B46615B63C4BFFC97471FDF472B4C63B711FC7D47A5A047B06C63C8B2FC604818A348114D63BB38FCA8483B7C48348B63BB49FC394870AC485C5363BD50FC7748B66C48942B63BBF8FC5648DDD048BFC663B98DFC5F48DC5A48FCC363B767FC46490B05490A7263BAE4FC6548FC98491D5A63BD0AFC6648F4B64906C263C081FC7448C7B548FF4C63A950FC4748CBD848BF9963BBE9FCB8487D1248789663B03BFCB04827B748162963B5C0FC7748105D480F0D63BDCAFC724F424B4F2B9B63C29AFC874E41694E4A3E63CFF8FC7E4CBC234CA90E63B2D7FC744A025C4A27D763B7E4FC724594A845BE9963B403FC8A1A21
19 Jul 2026 17:37:44,MO,231710,284,6A5D0B8A36CAC14FBBB14FADB863D4B6FCAE4C6E934C68A563CA6CFC7C4658264643FB63BFC3FC8D46166146124763C4AEFC9F46ABBB46B72B63B70BFC8147463D47511663C8A9FC6447D63847CEFF63BB35FCAC48025647FB7F63BB46FC3C485C0C4847AD63BD4CFC7748A3BE48818163BBF4FC5648D87248BA7163B995FC5E48D80C48F87563B75EFC494909D249094763BAEFFC6348FBF6491CBA63BD0FFC6048F49349069363C080FC7248C78548FF2863A94BFC4248CBBC48BF7C63BBDCFCBC487CE748787163B046FCBA48278248160063B5C7FC77481038480EED63BDC3FC704F12724EFBD363C295FC864E326F4E3B5763CFF9FC7B4CC4DD4CB1D163B2E1FC7249FE3C4A23BF63B7DEFC79458C5245B63663B3FAFC881A29
18 Jul 2026 17:37:41,MO,231710,284,6A5BBA0A36CC6E4FB63D4FA81563D4C0FCA84CB3DB4CADF363CA73FC7B464C1F46380A63BFC4FC8F46144746102E63C4B5FC9C46B61346C18B63B705FC7F4757014761E163C8A2FC6247E34047DC0763BB34FCAE480BE348050363BB46FC39486027484BC363BD4BFC7C48A8EB4886B163BBF7FC5748D97748BB7763B99AFC5D48D8F548F95363B761FC4C490A1249098563BAEAFC5E48FC28491CF563BD0FFC6148F49C4906A463C085FC7A48C79448FF2263A94DFC4748CBC348BF8263BBDBFCBD487CE948787663B03CFCB048279448160763B5C9FC74481044480EF663BDC8FC734EE7884ED11663C28FFC854E2E734E376E63CFFBFC7C4CD4444CC13763B2DCFC7149F9024A1E7663B7E5FC6B4583EB45ADCD63B3FBFC8D1A18
17 Jul 2026 17:37:49,MO,231710,284,6A5A688A36CDA44F8D9B4F7FB563D4B8FCA24CD5F94CD00D63CA76FC7A464C134637F763BFC0FC91460C3D46082163C4B2FC9F46AEA546BA2763B70BFC7C47533C475E1063C8A4FC6847E0EA47D9AE63BB39FCA1480CCF4805F463BB45FC39485FC1484B6263BD52FC7648A89748865863BBF7FC5948D99448BB9263B991FC6348D8C948F93163B768FC48490A1949097C63BAF1FC6148FC07491CC263BD0EFC6848F4924906A163C07DFC7648C79848FF2963A946FC4548CBC048BF7963BBE4FCB8487CE848787663B03EFCB948278A48160463B5C6FC74481048480EF163BDC6FC724ECC304EB5DB63C292FC814E3A834E439063CFF8FC7C4CEA354CD71763B2E7FC7649F26E4A17ED63B7E3FC70457B7245A55563B403FC851A29
16 Jul 2026 17:37:51,MO,231710,284,6A59170A36CDC74F4D3A4F3F2A63D4ADFCA84CE8D24CE30263CA77FC79463AE04626C963BFC0FC924616004611D463C4B5FC9A46BA0046C56F63B70CFC7A4757A147626E63C89DFC6647E33947DBF563BB35FCAB48102D48094963BB4DFC3E48614C484CD263BD53FC7448A89048864963BBEBFC5848DA3C48BC3E63B997FC5748D92248F98A63B769FC4A490A3E4909B163BAE5FC6348FC1A491CE463BD12FC6148F49C49069F63C087FC7348C79548FF2963A949FC4748CBC048BF8063BBDFFCBC487CE548788263B039FCB348278D4815FC63B5C8FC76481047480EFF63BDCAFC6F4ECAEE4EB4B863C294FC834E589C4E61AF63CFF4FC7D4D04964CF16863B2DBFC6F49EA074A0F6D63B7E5FC75457347459D2263B3F9FC8D1A29
15 Jul 2026 17:37:47,MO,231710,284,6A57C58A36CB7A4F2A884F1CA763D4ABFCA44CEE7D4CE84163CA75FC7E4612D545FECB63BFB1FC90462D3946291163C4B0FC9E46E71946F27463B711FC72477F4B4789FF63C8B0FC6547FD9347F64163BB36FCAD482262481B6963BB47FC3F48696C48550163BD43FC7348B038488DF163BBF4FC5A48DC3948BE3463B98FFC5A48DADD48FB4463B769FC44490AB1490A1D63BAEFFC5E48FC8B491D4563BD16FC5D48F4B34906BB63C085FC6A48C7A448FF3F63A950FC4648CBC748BF9263BBE5FCC1487CFC48788E63B042FCB84827A048161563B5C0FC72481051480F0663BDD4FC714EE95B4ED34363C296FC844E87F54E90FB63D004FC7D4D213C4D0E1263B2DBFC7149DF9D4A050063B7E3FC7D456B1645950363B3FAFC861A21
14 Jul 2026 17:37:47,MO,231710,284,6A56740A36CD3E4F2D4F4F1F8463D4ADFCAC4CFFB74CF92763CA7FFC7A46060945F1F363BFB5FC90463A6B46368E63C4BBFCA846FD154708CA63B70FFC7D47929E479DA463C8AAFC5E48096748024063BB3BFCB2482FF348292763BB4FFC43486CB948584F63BD53FC6E48B3B648917A63BBFCFC6048DD1B48BF1563B994FC5B48DB5B48FBC263B76AFC4C490AEC490A6463BAEEFC6348FC7A491D4663BD17FC6148F4B94906BE63C07DFC7148C7AF48FF3D63A94DFC4448CBD548BF9463BBE5FCBE487D0C48789963B043FCB54827B048162163B5CBFC7548104F480F0963BDC4FC6F4F28A24F128E63C296FC864EC3F44ECD0563D00BFC784D3DB54D2A7763B2DBFC7149D31949F88063B7DEFC76456285458C5F63B40AFC871A29
13 Jul 2026 17:37:55,MO,231710,284,6A55228A36CE134F6A8B4F5CB163D4ACFCA04D29D04D23E263CA85FC8346001F45EC1263BFBEFC95461E4C461A3D63C4B0FC9D46DD9646E91A63B718FC7B477BDA4786BA63C8ADFC6547FA8947F34B63BB3BFCAC48203E48196E63BB51FC3B4867F448538663BD4FFC7348AF97488D4C63BBF4FC5648DBC348BDC563B998FC5948DA5E48FACE63B764FC47490A97490A0663BAF2FC6C48FC5F491D1363BD0AFC5C48F4AE4906B463C07DFC7448C79948FF3D63A94BFC3C48CBD148BF8F63BBEAFCBC487CFA48787E63B044FCB44827A748160D63B5CBFC78481047480F0863BDC3FC704F806F4F6A4B63C2A8FC8D4F05924F0E9263D017FC824D58064D44B063B2DFFC7A49C45949E9B363B7EBFC74455A4045842663B3FDFC871A29
12 Jul 2026 17:37:58,MO,231710,284,6A53D10A36CE384FC7C74FBA1163D4B9FCA94D3DC64D37C163CA7EFC8045FBFA45E7D063BFBAFC8F461F99461B8763C4B0FC9F46DB8046E6FB63B70EFC7C47780B4782EB63C8A8FC6647F84F47F10D63BB34FCA9481F3348185563BB4BFC3B4867204852AF63BD4EFC7848AEB1488C6663BBEBFC5548DB6648BD6263B99BFC5A48DA3948FAA063B769FC48490A794909ED63BAEBFC6948FC41491D1263BD0EFC6648F4A94906B363C073FC7648C7A148FF3C63A951FC4B48CBD048BF8F63BBE9FCBF487CF348788663B03BFCB94827A248161263B5C9FC7A481042480F0163BDCFFC6B4FE02C4FC9F963C2A3FC804F48204F510E63D01EFC844D6F574D5BF863B2E4FC7049B36C49D8BE63B7DAFC714551DC457BBC63B3F7FC861A29
11 Jul 2026 17:37:58,MO,231710,284,6A527F8A36D07F5034B25026FD63D4CBFCAA4D5FB44D590163CA80FC7845F1F845DDED63BFBCFC8A460B3246072963C4A9FC9746CA7046D5F563B70CFC7F476E8D47796763C8ABFC6247F14147E9F563BB3BFCA848184A48116D63BB46FC3D48649C48502D63BD53FC7548AD03488ACB63BBF5FC5F48DACA48BCD163B996FC5B48D99748FA0063B769FC4B490A3E4909B763BAE6FC6248FC23491CE863BD03FC6548F49E4906B263C081FC7048C79B48FF3B63A94DFC4B48CBC448BF8363BBE2FCBC487CF848787C63B03EFCB54827A148160363B5CBFC76481042480EF363BDCCFC71504532502EEF63C2AEFC844F8A9C4F937563D020FC7D4D826E4D6EF063B2D9FC7549A02849C57863B7E1FC714549BC45739463B408FC881A21
10 Jul 2026 17:38:02,MO,231710,284,6A512E0A36CF72509B86508DE663D4DBFCA24D33224D2CE063CA84FC7C45E7A745D38663BFBBFC9446077346035B63C4B1FC9A46BC5A46C7E463B70BFC82475D144767E763C8A1FC6447E49A47DD5C63BB40FCB3480B4248045E63BB49FC3C485F84484B1663BD57FC7548A8314885E963BBECFC5C48D90C48BB0663B99BFC5948D89248F8FF63B762FC454909EC49096163BAF0FC6548FC09491CD363BD0CFC6148F49F4906A663C07DFC7548C79048FF2C63A94EFC4348CBBA48BF7E63BBE4FCC0487CF048787B63B03FFCB248278E4815FC63B5C6FC73481047480EF463BDD5FC7050AF035098A363C2B4FC874FCA814FD33E63D023FC7C4D906A4D7CDD63B2D9FC70498ABD49B00463B7E1FC754541C0456B9A63B3F9FC8C1A29
09 Jul 2026 17:37:59,MO,231710,284,6A4FDC8A36CD12511A4A510C9B63D4D9FCA74D44634D3EC363CA8FFC7E45CCAC45B8A163BFB4FC95464D064648F663C4BCFC9C4715D147215E63B713FC7347A14547AC3863C8B0FC5C4813C7480C8E63BB3DFCA848382848314763BB4AFC39486FB9485B4963BD5FFC6B48B59648935263BBF5FC5E48DDA848BF9E63B9A2FC5D48DBF548FC6063B76CFC4D490AFE490A7663BAF3FC6748FCA8491D5A63BD0FFC6248F4BE4906D063C085FC7448C7B648FF4B63A94EFC4348CBD848BF9963BBE5FCBD487D0F4878A063B046FCB74827AE48161B63B5CBFC7548105F480F0263BDCDFC6951175B5100DB63C2C4FC89500590500E4063D02BFC7E4D98C84D851C63B2DFFC754973634998A563B7DDFC744539C74563A763B3FFFC8519EC
07 Jul 2026 17:37:58,MO,231710,284,6A4D398A36D28D520F675201A863D4F0FCA34D6EB04D687A63CA8EFC7D45E86745D43F63BFBCFC9545DA3745D62063C4ABFC9946730A467E8163B705FC834718224722DE63C89EFC6347B40647ACCB63BB33FCAE47E56D47DE9963BB4DFC3A485101483CA063BD4DFC7248986B48762F63BC02FC5348D52A48B72A63B99BFC6348D5DE48F64563B770FC4249092849089D63BAE7FC6148FBB3491C7D63BD13FC5D48F48549069563C081FC6D48C78348FF1A63A94EFC4348CBB148BF6863BBDFFCBE487CD948785E63B040FCBA4827774815E763B5CAFC77481031480EDE63BDC4FC6B51DEA251C7DD63C2D8FC87506E2950769A63D037FC814D94284D806363B2DDFC7549400949653C63B7D9FC6E4529BC45539863B3FBFC821A29
06 Jul 2026 17:38:08,MO,231710,284,6A4BE80A36D1F45287F4527A5163D4FBFCAA4D685B4D624363CA8BFC7B45C8B045B4A063BFB9FC9845ED8A45E96F63C4B6FC9946A55346B0C663B70AFC78474D9F47587763C8A1FC5C47DAA447D36563BB34FCAA48041F47FD3763BB44FC41485D7548490463BD55FC7548A5DF48839863BBF2FC5648D8D448BACC63B998FC5A48D84648F8A463B768FC484909E249095963BAF0FC5F48FC06491CCC63BD11FC6048F4A04906A863C083FC7548C79648FF2B63A94DFC4A48CBC448BF8663BBE8FCBF487CE448787463B043FCB148278A4815F263B5CAFC7548103E480EF363BDCDFC7152480C52312163C2E7FC875099A950A1F063D042FC794D834D4D6F7263B2DCFC6F492546494A6E63B7D0FC784521DF454BAD63B3FCFC871A29
05 Jul 2026 17:38:07,MO,231710,284,6A4A968A36CEE052F82952EAA463D506FCAF4D218B4D1AFE63CA7DFC7E45A213458E1B63BFAFFC934628A546248B63C4B0FC9846F2E246FE5A63B70DFC784787BA47928D63C8ABFC614800A847F96263BB3FFCAA48243E481D5163BB47FC354869A948555163BD51FC7948B057488E2163BBF3FC5248DBDF48BDDC63B996FC5E48DABB48FB1E63B76AFC4A490A94490A0763BAEBFC6548FC6E491D3563BD13FC5D48F4BA4906C063C07EFC7548C7A948FF4D63A948FC4548CBD948BF9763BBE8FCC0487D0448789063B044FCB84827AA48161663B5CCFC7148104F480F0063BDC8FC6E52B515529DFA63C2ECFC8450B52650BD4963D044FC7E4D66DC4D530E63B2DCFC70490ABE492FEC63B7DFFC6E4519E84543B463B3F5FC8D1A29
04 Jul 2026 17:38:04,MO,231710,284,6A49450A36D29253AF2F53A1D063D516FCA74D50844D4A7163CA85FC7B45A91445951563BFBEFC9345F4E845F0C163C4A9FC9446BBB146C71C63B714FC7B4761B8476C7F63C89EFC6547E78847E04063BB45FCAB480F0948082363BB48FC36486198484D2B63BD53FC7948A99548875C63BBF8FC5448D9DA48BBD463B992FC5C48D8E848F95463B768FC4B490A0049097163BAEBFC5E48FBFE491CC263BD10FC5E48F4A44906AD63C080FC6F48C79E48FF3D63A951FC4348CBCA48BF8963BBE6FCBB487CF348788763B044FCB14827934815FD63B5CAFC6B481040480EF263BDD3FC69530AE952F38363C2F9FC8D50B3E950BBE663D03FFC844D3FEE4D2C2363B2E0FC7048F0C34915EC63B7D6FC7E4511CB453B9363B3F9FC8F1A29
03 Jul 2026 17:38:04,MO,231710,284,6A47F38A36D4B054116254036363D524FCA64D24824D1DFD63CA7EFC8745B1EA459DCD63BFB4FC9245D27545CE5263C4AAFC9B4686714691EA63B712FC7F47342F473EF763C89DFC6547C8A147C16163BB3AFCAD47F65847EF8563BB43FC404857DC48436763BD4CFC7148A04F487E1363BBF9FC5948D78248B98263B999FC6748D6F848F76263B766FC5049098F49090363BAEFFC6848FBBD491C8163BD15FC5D48F49149069B63C07EFC7A48C78B48FF1D63A94CFC4448CBBA48BF7E63BBEAFCB7487CE248786B63B03FFCB348277A4815ED63B5CBFC7748102B480EE863BDC9FC73532A1253126863C2F3FC8A50907E50986563D041FC7F4D11B54CFDF963B2D7FC7548D78E48FCBF63B7D2FC73450A344533F863B3FFFC821A29
02 Jul 2026 17:38:59,MO,231710,284,6A46A20A36D25B53FE6253F02A63D526FCA54C9AB14C944263CA66FC75458F0E457B0563BFB5FC8D46024545FE3863C4B1FC9946C52E46D0AB63B70BFC7D47652D476FFE63C8A8FC5E47E72747DFE563BB3EFCA3480FCD4808F063BB46FC3D48613B484CD463BD53FC7248A95448871C63BBF6FC5848DA3048BC3463B999FC5D48D8D348F93E63B768FC46490A484909B963BAEBFC6B48FC17491CDD63BD0BFC6148F4AB4906B163C083FC7748C79C48FF3C63A951FC4748CBCC48BF8963BBE2FCBB487CF848787C63B03DFCB34827924815FD63B5C5FC7048104C480EFA63BDC8FC6E5307EF52F01663C2EFFC8C5051F25059E363D03FFC7C4CE16F4CCDB963B2DFFC7448BF1E48E44563B7D1FC764502C0452C8863B3F5FC8F1A29
01 Jul 2026 17:38:15,MO,231710,284,6A45508A36CA8753F06353E29E63D526FCA24C6E294C67C863CA64FC7C457CDB4568D563BFBAFC94466D034668CF63C4BCFC97473DEA47494B63B710FC7B47B71347C1E063C8B0FC6A48201B4818C963BB32FCAA483D5548365A63BB4AFC394872E8485E7463BD55FC7448B7CE48958363BBF4FC4F48DE2148C01A63B996FC5B48DCA148FD0B63B767FC43490B0D490A7D63BAEDFC6448FCD2491D9063BD13FC5D48F4D24906E163C081FC7048C7C748FF6063A94DFC4548CBEA48BFA463BBE1FCC6487D1548789E63B036FCAD4827C448162D63B5C6FC7248105E480F0863BDCBFC7752B56C529D8B63C2F0FC8350084450103A63D032FC824CB3D34CA02763B2DBFC7048A77948CC9763B7D7FC7944FAE24524AD63B3F4FC8F1A07
30 Jun 2026 17:38:17,MO,231710,284,6A43FF0A36D07053D1A353C1EC63D526FCA54C5C3A4C562863CA60FC7B456AE14556E363BFB6FC934637184632EE63C4B7FC964707964712FB63B718FC7B47918F479C4D63C8A6FC5F4803C847FC7E63BB3AFCAB4823BB481CCF63BB46FC3E4867FC48538E63BD59FC7448AE26488BDD63BBFCFC6248DAB348BCAC63B997FC5D48D9CE48FA3063B766FC49490A2049099563BAEFFC6348FC2F491CE863BD12FC6448F4BA4906B663C07BFC7148C7A548FF4463A947FC4248CBD348BF9363BBE9FCBD487CFB48788263B03FFCB348279D48161363B5CEFC72481042480EF863BDD0FC6C52511F52394D63C2E6FC864FBF5C4FC75D63D027FC784C8A934C770063B2D9FC6C48905348B57563B7CBFC7444F2D5451C9063B3FFFC831A29
29 Jun 2026 17:38:19,MO,231710,284,6A42AD8A36D55F53FD9753EE5663D52BFCB04CC0904CBA7963CA74FC7A458DA04579A363BFB8FC8E45EC3145E8DF63C4B3FC9E46A38146AFE163B70DFC7B4747DF47536263C8A4FC6047CFE347C91663BB38FCB048061847FFBE63BB49FC3B48587B48442163BD51FC7448A0A6487E8663BBF6FC5C48D76448B95D63B998FC6148D6CA48F73363B768FC434909C749093863BAEEFC6848FBC2491C8763BD11FC6248F4A34906B363C080FC7048C79348FF3663A94EFC4D48CBC248BF8463BBF2FCC0487CF048787663B03BFCB04827874815EF63B5BEFC76481049480EF263BDC4FC6E51E9B351D1FB63C2DDFC8B4F7B444F835563D01DFC7E4C65E14C525463B2DDFC71487996489EA763B7CFFC7D44EB4A45150E63B3FDFC881A29
28 Jun 2026 17:38:26,MO,231710,284,6A415C0A36D83B53A76653986C63D521FCAF4CA7BC4CA1C263CA6CFC7D45941D45801463BFB5FC9245ADA845A98763C4A4FC9A4647F046536263B70DFC7D46F23746FD0A63C894FC674797FD4790BF63BB35FCA847CFF847C91C63BB44FC3B4848224833B763BD4BFC77488E49486C0A63BBF6FC5C48D2DC48B4D663B99CFC5F48D3EA48F44F63B764FC4F4908AD49081563BAF1FC6948FB70491C3663BD17FC6248F48549069063C080FC6C48C78648FF1263A947FC4848CBB148BF6763BBE6FCB6487CCD48785663B036FCB84827584815CD63B5C4FC79481030480EE063BDD3FC7051882A51709463C2D0FC8E4F40934F48AA63D01CFC7A4C45B14C323163B2D7FC724862E44887F363B7CCFC7444E418450DD263B400FC881A21
27 Jun 2026 17:38:22,MO,231710,284,6A400A8A36CBF552A8E4529A5963D504FCAA4BF7634BF14063CA52FC804567E74553E463BFBAFC9546434B463F3463C4B3FC9047091047149663B709FC7D478CA947979063C8A6FC6448028B47FB5763BB39FCAB482A0A48232663BB49FC3A486A6848560163BD55FC7348B003488DCD63BBEFFC5C48DC9048BE8363B993FC5A48DB2B48FBA763B771FC55490B11490A8463BAF2FC6D48FCCA491D7F63BD0BFC6948F4D14906E463C084FC7748C7BF48FF5863A952FC4448CBE648BFAB63BBE6FCC1487D1748789A63B035FCBB4827BA48161C63B5C0FC73481058480F0163BDD2FC6C513699511F2463C2C5FC834F11874F19B863D016FC754C299B4C162963B2D9FC77484C3048714063B7C2FC7844DCDA4506A163B3FDFC8A1A29
26 Jun 2026 17:38:24,MO,231710,284,6A3EB90A36D5EE52943852863E63D50BFCAF4C298C4C238763CA59FC78454CB34538B063BFBAFC924603CB45FF9B63C4B7FC9746DA6746E5CB63B70DFC7C477444477EFE63C8B0FC6247F1D847EA8963BB39FCAE4817D14810E963BB40FC3B4864D048506263BD53FC7B48AAFF4888BE63BBF5FC5648DA7F48BC7863B9A0FC5948D99C48F9FF63B76BFC50490A2F4909A763BAF0FC6448FC36491CF563BD0DFC5E48F4B74906C263C07FFC7B48C7AF48FF4163A948FC4848CBDA48BF9363BBE6FCC5487CF848788563B03DFCB64827994815FF63B5C8FC71481051480EF863BDCCFC7450FA6350E30C63C2C6FC884EF0714EF8A063D00AFC7F4C11994BFE2263B2E6FC75483584485A9163B7C1FC7444D4F444FEAF63B3FEFC831A29
25 Jun 2026 17:38:26,MO,231710,284,6A3D678A36D81C52375D52294763D504FCA84C0F474C08A463CA56FC7A456A6945565E63BFB5FC9045AA4A45A62C63C4A2FC94464C8946580463B70EFC7846F4AF46FF6C63C8A2FC62479746478FFF63BB32FCA847CF3847C86863BB3CFC3D48479748332E63BD49FC70488CF7486ABF63BBFAFC5748D31948B52363B998FC5348D3B548F41B63B768FC414908DA49084E63BAEAFC6748FB81491C4A63BD09FC6048F49549069F63C07AFC7348C78548FF1D63A951FC5048CBBA48BF6C63BBEEFCC3487CD148786063B03EFCB14827654815CD63B5CEFC7648102F480EDF63BDCCFC7450D09250B94D63C2B8FC884ED7AA4EDFE563D007FC7C4BF8C84BE55663B2E1FC6C481E6548436B63B7C2FC7744CDC444F78663B3F6FC871A29
24 Jun 2026 17:38:24,MO,231710,284,6A3C160A36D06E51D89F51CA4A63D4F6FCA34BC9134BC26463CA4EFC7C45294A45154E63BFB4FC95461FBB461BC563C4B5FC9846FB7747070D63B70DFC81478CF54797E263C8B2FC6348008B47F94663BB3EFCAB482256481B7863BB51FC3B486A164855B263BD4AFC7548B10E488ED563BBF3FC5948DC8948BE8563B997FC5F48DB0248FB7263B765FC41490AFD490A7763BAEDFC6748FCCA491D9563BD0DFC6748F4DE4906F163C07FFC7548C7C048FF6063A94CFC4148CBE448BFA063BBE9FCBF487D0E48789C63B03FFCA44827AA48161F63B5D0FC6F481058480F0663BDCEFC7250BC3E50A50563C2C0FC7C4EC6344ECE6563D00BFC814BDEB24BCB3F63B2DBFC6F480783482C8063B7C4FC7E44C6D044F08863B3F7FC871A29
23 Jun 2026 17:38:30,MO,231710,284,6A3AC48A36CE9D518D3F517F1963D4F4FCA14BA07A4B99F463CA4DFC7D452DAB4519D663BFB0FC964673C046701263C4BEFCA04751CB475D8F63B717FC8247C75A47D27163C8ACFC60482AB148239563BB37FCA9484DD548471363BB4BFC454877604862E963BD4EFC7248BCEA489AAE63BBF7FC5B48DFFC48C20563B995FC5748DDBC48FE1763B764FC44490BDC490B5063BAE6FC6648FD28491DE563BD0DFC6748F4F64906FF63C07CFC7448C7E148FF7763A94EFC4548CBFE48BFC363BBE3FCBB487D304878B263B036FCB34827D448163D63B5C4FC70481067480F0F63BDCCFC7550B97850A23463C2B5FC864EB7F54EC01E63D00BFC804BC1A84BAE3663B2DEFC7447F0B74815B563B7C0FC7544BEDE44E89D63B3F7FC851A21
22 Jun 2026 17:38:30,MO,231710,284,6A39730A36D30F51906551829D63D4EAFCA44B92394B8BA163CA43FC7D4510E544FCE563BFB6FC904617B04613A963C4B2FC9B46FBA547075063B717FC7A478E5E47995563C8A3FC614800E047F9B963BB3AFCAC4823AA481CE863BB4EFC414869A448553263BD55FC6F48B09C488E6263BBF5FC5E48DC0B48BE0463B99DFC5E48DA9948FB0363B764FC49490AB9490A2663BAF3FC6A48FC85491D4C63BD13FC6148F4CD4906D863C081FC7548C7BF48FF6063A94FFC4E48CBE948BFA563BBEFFCBA487D0848789B63B040FCB74827AE48161A63B5C1FC7048105B480EFD63BDC5FC6D50C05750A90663C2B5FC844EA4AB4EACBC63D00DFC7D4B9F4F4B8BE563B2DAFC7447DA8047FF7B63B7C6FC7844B73044E0E563B3F9FC8719CA
21 Jun 2026 17:38:33,MO,231710,284,6A38218A36D9F451B8E651AB0C63D4F2FCA94B97514B907D63CA49FC794523FC450FF063BFAEFC8C45AD2945A91663C4AAFCA246773F4682C763B707FC8647284C47332A63C8A0FC6047BB6147B42E63BB31FCB147E90F47E24063BB4AFC474852AF483E4363BD4CFC71489ACE48788963BBF2FC5848D64A48B84B63B996FC5B48D60348F66763B76AFC4C4909884908F763BAEFFC6448FBC8491C8F63BD0BFC6348F4AB4906B163C081FC6D48C79148FF3663A94BFC4448CBC448BF8763BBECFCBE487CDA48786F63B039FCB448277C4815DD63B5C5FC75481035480EE363BDCBFC6F50C2CC50AB6B63C2BAFC7E4E83344E8B3863CFFFFC824B78164B64B663B2E3FC7147C53047EA1D63B7BAFC7244AFE944D99863B3F3FC841A29
20 Jun 2026 17:38:34,MO,231710,284,6A36D00A36D33C51C35851B56A63D4F8FCA84B4E4F4B47E363CA43FC784500C244ECC663BFB7FC8C4607F34603E363C4B2FC9C46E6F446F27F63B716FC7B477E2D4788FF63C8A9FC6847F55747EE1063BB35FCA848170048102463BB46FC404865DE48517B63BD52FC6A48AD73488B3263BBEBFC5748DB1548BD1763B99DFC5B48DA0A48FA7463B772FC49490AA3490A0F63BAEAFC6148FC97491D6063BD0EFC6448F4CF4906DE63C083FC7448C7C148FF5C63A954FC4848CBE048BFA263BBE8FCBF487D0348789263B037FCB748279D48161D63B5C7FC75481050480EFE63BDC5FC7450A9335091A263C2B8FC844E4DC14E55C063D000FC804B4F3E4B3BE363B2E7FC7247B0DE47D5CE63B7BAFC7C44A90C44D2B363B400FC821A21
19 Jun 2026 17:38:34,MO,231710,284,6A357E8A36D02E51769451682A63D4EEFCAB4AFD5B4AF71F63CA3CFC7845060644F20D63BFB1FC95466D8446697163C4B5FC9F474DBB47592D63B71AFC7D47C30C47CDDC63C8AEFC624827C748206C63BB3BFCAC484A1248431B63BB48FC3D4876C148625263BD58FC7548BB9B48996263BBF7FC5748DFAB48C1A063B998FC5E48DD8448FDE963B76BFC46490BA3490B1863BAF5FC5D48FCF9491DBA63BD11FC6448F4F049070063C07EFC6848C7DA48FF7463A94DFC4748CBFE48BFBA63BBECFCC0487D2A4878B463B03FFCB64827CB48163B63B5BDFC75481060480F0A63BDC2FC755064F3504D5A63C2B4FC814E09A14E11B263CFFAFC854B29A14B166663B2DCFC76479D2A47C21163B7BBFC7844A17944CB2E63B400FC831A29
18 Jun 2026 17:38:40,MO,231710,284,6A342D0A36D3BA512E0C511FEF63D4ECFCA84ABA834AB47363CA28FC7C44E28544CEA863BFAFFC904629834625C363C4B6FCA0471044471BFF63B710FC7E479A5947A55C63C8AAFC6048057147FE3A63BB43FCAD4828A64821D463BB43FC3B486A8248560E63BD52FC7948B1FD488FC163BBF7FC5E48DC2348BE1B63B99DFC5848DA8248FAEB63B770FC46490ABB490A2963BAEBFC6848FC7B491D3963BD0CFC5F48F4D94906DB63C081FC7848C7C048FF5963A959FC4348CBEC48BFA463BBEDFCBC487D0F48789663B03BFCB14827A548161163B5CAFC73481052480EFD63BDC9FC6B4FFB1C4FE39163C2A9FC8B4DC1E14DCA0163CFF5FC7D4B0A014AF6D263B2E3FC714789CC47AEAC63B7B9FC7B449A1144C3D163B400FC8B1A21
17 Jun 2026 17:38:38,MO,231710,284,6A32DB8A36DB8F51434551347D63D4E6FCA74AF4444AED4463CA34FC7944EC9944D89963BFB7FC8F45BD4045B98263C4A8FCA046984846A42263B70AFC844743D9474EF963C8A0FC6347CC3147C51D63BB33FCAE47F89447F1EE63BB43FC364856F348429763BD4AFC76489F82487D5963BBF8FC5448D76248B96A63B998FC5E48D69148F6F763B767FC444909C449093563BAF5FC6248FBC8491C9863BD0EFC6148F4B34906BC63C084FC7948C7A348FF4363A94CFC5148CBCE48BF8963BBDDFCC0487CE948787463B03CFCBD4827794815F163B5C9FC72481039480EEA63BDC6FC6F4F89344F71CA63C2A4FC8B4D833A4D8B7263CFE5FC864AF13B4ADE1663B2E2FC7147764D479B2E63B7B9FC7F44932344BCE063B3F7FC881A29
16 Jun 2026 17:38:33,MO,231710,284,6A318A0A36DAEE50FB3850EC5863D4E4FCA84B01D74AFB7E63CA37FC7844D85544C45C63BFB0FC9A45C4ED45C0CC63C4AFFC9A46A86946B3DF63B707FC7C475194475C5A63C8A4FC5C47D61947CECA63BB40FCAF47FBB447F4CC63BB46FC40485B104846B763BD54FC7748A37548812E63BBFCFC5448D84748BA4563B996FC5F48D7A548F80B63B764FC444909DF49095463BAE8FC5B48FC12491CD963BD0FFC6748F4B74906CA63C086FC7948C7AA48FF4063A94EFC4548CBC748BF9163BBE7FCBC487CF748787863B038FCBB4827864815EC63B5BBFC77481036480EE863BDCAFC6A4F25CE4F0E8E63C296FC874D537F4D5BC263CFE5FC7E4ADF3B4ACC2263B2DAFC6E47625547873A63B7B6FC74448C8444B63A63B3F5FC8719DB
15 Jun 2026 17:38:33,MO,231710,284,6A30388A36D616506D97505EF863D4D4FC9A4ACDBB4AC6FB63CA39FC7544C07C44AC8863BFA9FC93461E084619F963C4AEFC97470DCF47194E63B712FC7E47997647A44C63C8B0FC6E48066947FF2B63BB37FCA848297D48229D63BB4EFC42486C8548581E63BD57FC7B48B2DA48909A63BBF7FC5D48DD1548BF0F63B997FC5E48DB5148FBB063B769FC4B490B01490A7363BAEBFC6848FCB0491D6C63BD08FC6448F4E14906EF63C07CFC7648C7CE48FF5F63A952FC4A48CBF248BFB563BBEFFCC2487D1D4878A163B03FFCB64827AC48162363B5C2FC7348105F480EFA63BDC8FC744EDA284EC31563C291FC844D34D74D3D3163CFDBFC7E4AD2E94ABFCD63B2DFFC74474D9F47726E63B7B7FC774485CE44AF8263B3FCFC8F1A29
14 Jun 2026 17:38:43,MO,231710,284,6A2EE70A36DA3D5002714FF40D63D4CCFCA34ADAE64AD4C763CA2EFC8244BB1F44A73163BFAEFC9045E01C45DBFD63C4AEFC9846CCFB46D86E63B70EFC82476CDA4777A363C8A5FC6547E82547E0E163BB35FCB1480C0B48051B63BB42FC3B4861B3484D4163BD58FC7948A98948874363BBF5FC5648D9F348BBF163B99FFC5548D90E48F97563B764FC4A490A4C4909B963BAECFC6448FC51491D0D63BD0FFC5A48F4C94906CE63C07BFC7448C7AD48FF5963A949FC4B48CBE148BF9663BBDEFCBB487CF648789063B035FCB748278F48160863B5C9FC7148104D480EF263BDC9FC684EAAA14E93B063C28DFC854D26334D2E9863CFE2FC7D4ACA574AB74463B2E8FC744737C4475C8C63B7B1FC7B447EFD44A8B063B3FCFC8A1A29
13 Jun 2026 17:38:37,MO,231710,284,6A2D958A36D7A54F85124F771963D4C4FCA64AA1564A9A8963CA2AFC7F44AC3144983E63BFAAFC9445FC1345F7E963C4B4FC9C46E87546F3D663B707FC79477D8547884863C8A7FC6847F27947EB2A63BB38FCB4481424480D3863BB48FC4248653E4850C863BD5CFC7948AC4B488A0563BBF0FC5D48DABF48BCBE63B99DFC5E48D9BA48FA1C63B767FC4F490A6D4909DB63BAEAFC6548FC7A491D3263BD0BFC5D48F4CE4906E563C07FFC6F48C7BB48FF5F63A94CFC4C48CBE048BFA563BBE4FCC3487D0C48788E63B041FCB648279848160663B5C0FC7848104D480EED63BDCEFC734E96514E7F8063C28DFC904D25344D2DA163CFDDFC774AC3C04AB0A363B2DBFC764720C547458863B7ADFC7444787F44A22F63B401FC831A29
12 Jun 2026 17:38:40,MO,231710,284,6A2C440A36D78C4F4FF14F419F63D4BDFCAB4A996B4A92ED63CA2DFC7B449E20448A3863BFACFC8F45F97745F5AC63C4B2FC9D46E85246F41663B70BFC7E477ECF4789CD63C8AFFC6847F17B47EA4E63BB35FCAF48148B480DC363BB54FC3A48643A484FD563BD56FC7B48ACCE488A9363BBFAFC5D48DAA548BCA763B999FC5A48D96D48F9D463B768FC47490A8D490A0163BAE7FC6048FC65491D2E63BD14FC6348F4D84906DE63C084FC7348C7BB48FF6263A94CFC4548CBEB48BFAA63BBE8FCC2487D0448788D63B040FCB848279E48160563B5C9FC71481047480EF863BDCEFC734E9BF14E852B63C28AFC854D2E2C4D368B63CFDDFC834ABD684AAA3E63B2DDFC78470886472D3E63B7ACFC7C4471DF449B8163B400FC8D1A29
11 Jun 2026 17:38:49,MO,231710,284,6A2AF28A36D70D4F30094F218963D4B5FCA14A8C1C4A85CA63CA27FC76449294447EA463BFAFFC9546037245FF5763C4B3FC9E46F44846FFB963B70FFC8147855847901F63C8A9FC6647F5EF47EE9C63BB37FCAC4816C8480FE263BB4CFC3B4866174851AC63BD4FFC6948AD6B488B2D63BBFDFC5248DAF948BCFB63B994FC5B48D9D448FA3A63B771FC47490A864909EB63BAF0FC6C48FC7D491D3463BD13FC5E48F4DF4906EA63C07EFC7648C7C348FF5863A94AFC4448CBE848BFA963BBE6FCBC487D0348789763B038FCB94827A448160D63B5CEFC7248104E480EF663BDCAFC6E4EB3284E9C6563C293FC804D3B844D43DE63CFD7FC844AB5FA4AA2C463B2E1FC7646EF004713B863B7AFFC76446B5644950163B3F5FC8C1A29
10 Jun 2026 17:39:00,MO,231710,284,6A29A10A36D71A4F2E6F4F204B63D4B6FCA44A790D4A72D563CA22FC7B44851044711B63BFA8FC9B45F4C745F0A963C4AFFC9D46E5E646F14D63B711FC7F477B184785DD63C8A8FC6047EDF847E6BB63BB37FCAF480F7C4808A463BB4BFC4148639C484F2863BD58FC6B48AB5348891563BBF4FC5948DA9148BC8A63B999FC5E48D94048F9AB63B768FC43490A6A4909D663BAEDFC6148FC62491D2363BD12FC5E48F4D34906EE63C086FC6F48C7BD48FF4F63A955FC4348CBDB48BF9A63BBE9FCC2487CFD48788D63B034FCB948279748160763B5C0FC7B48104C480EF363BDD2FC6F4ED0424EB97B63C28EFC864D4AA84D530163CFE6FC7E4AACAD4A997063B2DCFC7446D43C46F8F163B7ACFC77446507448EB263B3FFFC8E1A29
09 Jun 2026 17:38:51,MO,231710,284,6A284F8A36D7914F54304F460E63D4BAFCA24A90DD4A8AC863CA22FC79447F5A446B7363BFA6FC9C460D6446097363C4B1FC994700E7470C7963B713FC7C478EF14799DD63C8A8FC5F47FBE847F4B363BB37FCAC481E844817AA63BB4CFC3B48686848540263BD52FC7548B02B488DED63BBF0FC5C48DBB948BDB563B99AFC5F48DA4048FAA163B766FC4A490AC1490A3263BAECFC6548FC96491D5D63BD08FC6048F4E14906E863C085FC7648C7CC48FF6563A956FC4548CBEE48BFB363BBE7FCC5487D1448789D63B03BFCB74827A448161163B5BFFC6F481055480EFD63BDC5FC6A4EF2714EDBA263C28DFC864D5C224D646363CFDDFC814A9FA54A8C5F63B2E3FC7646B82646DCD163B7ABFC7A445EAE44886363B3F7FC8A1A29
08 Jun 2026 17:38:44,MO,231710,284,6A26FE0A36D8F74F74B54F669E63D4CAFCA84A7C384A761363CA1FFC8044742D44603163BFAAFC9245F75D45F33B63C4B6FC9546EB4D46F6BC63B709FC7D477FCD478A9963C8ACFC6E47F16C47EA2B63BB35FCB448140F480D3263BB44FC3C4865534850F763BD52FC7B48ACE7488AA263BBF0FC5548DB1C48BD1763B997FC5E48D9A448FA1363B768FC46490A944909F863BAF2FC6B48FC75491D3863BD12FC5F48F4DF4906E963C087FC7448C7C448FF5B63A94CFC4A48CBE348BFA063BBECFCBA487D0748789663B03AFCB84827A148160863B5C8FC78481053480EF663BDCCFC744F20C94F09EE63C296FC884D6E5A4D769063CFD7FC7E4A8CAC4A796C63B2E0FC6A469B0C46BFB263B7A8FC7844589544823A63B3F6FC8E1A29
07 Jun 2026 17:38:46,MO,231710,284,6A25AC8A36D28E4F98804F8A5B63D4C6FCA44A40824A3A5363CA1CFC7A4485EF4471FB63BFAEFC9246493446450863C4BAFC9D473351473EB163B70CFC7E47AB8B47B64563C8B6FC6148126A480B1563BB41FCA9483421482D2863BB4AFC3F487057485BE463BD50FC7C48B50A4892BF63BBFCFC5448DDC748BFB263B99AFC5648DC0648FC6D63B769FC42490B24490A8F63BAEDFC6748FCCD491D9463BD12FC6348F4F149070363C080FC6E48C7D348FF7363A94CFC4A48CBFF48BFBC63BBE1FCC2487D1D4878AE63B03CFCB44827B748161E63B5CBFC7148105D480F0363BDC4FC744F5A714F436F63C29EFC874D7CAE4D84C963CFE7FC824A72B04A5F6F63B2E0FC75467DAC46A24E63B79EFC7444526F447C1C63B3FEFC891A29
06 Jun 2026 17:38:56,MO,231710,284,6A245B0A36CC214FBC644FAE9663D4C4FCAA49FA4549F43163CA10FC7D448DDE4479F263BFA8FC95465D6046595B63C4BBFC91474078474BF963B712FC7747B0D147BBAC63C8AEFC68481380480C3663BB3DFCA8483301482C1263BB49FC3D487010485BAB63BD4FFC7F48B5B548937963BBFBFC5E48DD8348BF8163B997FC5C48DBCA48FC3463B76FFC4C490B22490A9463BAECFC6C48FCDF491D9963BD0CFC6748F4F649070363C082FC7548C7DD48FF7963A951FC4948CBF748BFBE63BBE6FCBD487D224878A963B038FCB34827BC48162F63B5CCFC7448105A480EFE63BDC6FC694F96FF4F7FE463C2A0FC834D801E4D881863CFDFFC894A520B4A3EC063B2E4FC734660C746856063B7A9FC76444C264475D763B3F8FC8A1A29
05 Jun 2026 17:38:49,MO,231710,284,6A23098A36D3F4502FC95021CE63D4D9FCA749F50C49EE7063CA1EFC7B44793144654063BFA8FC994650BA464C9163C4B5FC9F473DE347493E63B718FC7C47B2B547BD7A63C8B2FC624817C348107563BB36FCAD4839C94832D863BB4BFC43487078485C0163BD4DFC7848B58148933C63BBFDFC5C48DD4448BF3063B99CFC5A48DBB348FC2163B76FFC45490AD1490A4363BAF0FC6548FC8F491D4C63BD08FC6148F4E949070163C08DFC6C48C7E148FF7663A94FFC4D48CBFD48BFBA63BBE7FCC5487D234878AB63B03DFCB64827AF48161963B5D0FC7D481054480EEF63BDC6FC764FC2D34FAB7D63C2A3FC894D71224D790963CFE9FC7B4A2C024A18BC63B2E3FC7546447546690563B7A8FC794445B9446F6763B3F7FC871A29
04 Jun 2026 17:38:50,MO,231710,284,6A21B80A36DACF5053DE50457C63D4D9FCB049AD6349A6CE63CA0BFC7A4444DB4430F363BFABFC8D45CFF345CBED63C4AFFC9D46C38346CF1863B70FFC89475F37476A1363C8ACFC6447D88747D14D63BB2EFCAC47FC3F47F56663BB47FC3A485A8D48462763BD52FC7448A2F64880BA63BBFAFC5B48D80648B9FA63B993FC5B48D73748F7A263B76DFC4D4909CF49094363BAECFC6F48FBF7491CB863BD08FC6848F4C44906D263C082FC7748C7B448FF5763A949FC3E48CBD848BFA463BBE7FCC1487CF848787C63B03BFCB94827864815F863B5CBFC7848103E480EE563BDCBFC774FC3594FABD063C2A8FC8C4D49444D511D63CFE6FC834A002F49ECEE63B2E7FC72462828464CB363B7A0FC7D4440504469F263B401FC8D1A29
03 Jun 2026 17:39:00,MO,231710,284,6A20668A36DDAD508C52507E1463D4DEFCA749C02049B99963CA0BFC74444011442C1B63BFABFC92459C9345986963C4A3FC9946891B46948763B70DFC7F4730AC473B6763C899FC6447B9FA47B2B863BB33FCAD47E26947DB9163BB3FFC3D4850CA483C6463BD49FC784897D048759F63BBF3FC5B48D56C48B76863B99EFC5B48D57448F5DF63B762FC494909514908C463BAE8FC6748FBD1491C9963BD0DFC6648F4B94906C563C089FC7348C79A48FF3A63A957FC4B48CBD248BF8B63BBE6FCBA487CDF48787363B03FFCB34827664815CE63B5C2FC79481034480EDB63BDCEFC6F4F99754F81D863C29EFC8E4D106A4D183D63CFDAFC8249D2A449BF7063B2E1FC78460BF246307C63B7A9FC74443B2C4464C863B3FAFC871A32
02 Jun 2026 17:38:53,MO,231710,284,6A1F150A36DE865045BE50378463D4DBFCA749761F49702E63C9FFFC83443325441F6663BFA3FC8A45C4C745C11463C4ABFCA346B35A46BEFC63B70EFC7D474FF8475ADE63C8ADFC6447CC6047C53663BB3AFCAF47F2C547EBEF63BB50FC444854F448408C63BD4BFC77489D04487ABE63BBF2FC5B48D68248B87963B99BFC5848D5D948F64663B76BFC4749099449090B63BAF5FC6948FBD0491C9263BD0BFC6248F4BE4906CE63C081FC7348C7A848FF4C63A94AFC4848CBD248BF9663BBE9FCC3487CF148787B63B036FCB94827774815E563B5C7FC7B48103F480EDB63BDC7FC764F520E4F3A6A63C29CFC894CD19B4CD97D63CFD1FC8149A7114993EA63B2E1FC7345F00B46148563B79EFC714435DA445F7763B3F3FC871A29
01 Jun 2026 17:38:55,MO,231710,284,6A1DC38A36DA16502F1050211663D4DAFCB24966C449604463C9FFFC7D442C7F44189163BFA0FC9245FA8545F68263C4B6FC9A46ED5446F8DA63B710FC8147794847842863C8A6FC6447EA2347E2E163BB36FCB3480DF648072A63BB47FC3F486259484DFD63BD59FC7C48A97548873963BBEEFC6448DA8C48BC8B63B99AFC6148D90748F97263B75FFC45490A9B490A0663BAF2FC6348FC6D491D3163BD12FC6148F4E94906F763C085FC7348C7CB48FF6863A949FC4548CBEE48BFA663BBE6FCBC487D0D48789463B03BFCB54827A248160363B5CFFC7A48104F480EF463BDC9FC704EFF9E4EE81563C28CFC874C947B4C9C5B63CFC5FC7B497D95496A8B63B2E0FC7345D46345F8E263B79CFC76443103445AA063B3F7FC871A29
31 May 2026 17:39:09,MO,231710,284,6A1C720A36DC8A502A68501BC363D4D6FCAD49712C4969FB63C9FEFC85441E24440A5063BFA5FC8E45C99D45C5CB63C4AEFC9B46BC7B46C82963B714FC8147562447610563C8A7FC6747D1E047CAA963BB2FFCB647F65547EF8963BB47FC3F4858E648447463BD53FC7A48A108487ED563BBF6FC5A48D7E748B9E663B998FC5A48D73B48F7AE63B76AFC4D490A1A49098663BAEDFC6D48FC48491D0A63BD0CFC6948F4DD4906EC63C085FC7148C7B448FF5463A94EFC4C48CBE248BFA363BBE7FCC9487CF848788663B03EFCB448278E4815F163B5C8FC6B48104C480EED63BDCFFC694EB36D4E9BF863C28CFC884C5C4B4C643563CFC5FC7D4956A349439663B2E3FC6F45B8DF45DD4E63B796FC76442BED44559163B3F7FC8A1A29
30 May 2026 17:39:05,MO,231710,284,6A1B208A36D65E4FCDF54FBF6A63D4CAFCA74942DD493C6C63C9F8FC7A44266744129463BFA3FC93462B1246270563C4C0FC98471D784728FD63B714FC7A4799F947A4CB63C8ADFC6E48020447FAB963BB3DFCAC482469481D7F63BB47FC42486B194856B563BD50FC7248B159488F1B63BBF7FC5D48DC6A48BE6963B994FC5A48DAF148FB5163B769FC4C490B02490A7363BAE9FC6248FCC9491D8F63BD12FC6648F4FD49070763C087FC7948C7DD48FF7F63A949FC4448CBFC48BFC163BBE5FCC7487D1B4878AD63B03CFCB44827AF48162963B5C6FC7C481059480EFE63BDC2FC704E6D534E55F563C28EFC8F4C28524C303F63CFC3FC814931FE491EF863B2DFFC74459D5045C1B563B794FC7B4426D844507F63B3F4FC8A1A29
29 May 2026 17:38:59,MO,231710,284,6A19CF0A36DCB74F8D2E4F7EC463D4CCFCA54942E2493CA063C9FFFC7E44077143F38963BFA1FC9345C08545BC7B63C4ABFC9546B58F46C10663B70EFC7F4750B0475B9363C8A8FC6447CE7947C73963BB3DFCAD47F30547EC2863BB4FFC3B4858F348449563BD4EFC7448A025487DE863BBF5FC5A48D80048B9F863B99EFC5C48D76548F7CD63B765FC49490A1A49098363BAE9FC6648FC50491D1363BD12FC6148F4DC4906E763C08CFC7348C7C348FF5863A94FFC4648CBE648BFA863BBE9FCC0487CFB48788963B046FCB74827844815F463B5C5FC7648103E480EE463BDC9FC784E2B184E13BF63C282FC8E4BF8654C006363CFBDFC7F490F3448FC3163B2E1FC724581A945A60563B792FC7D442209444BB163B3F3FC8D1A32
28 May 2026 17:39:06,MO,231710,284,6A187D8A36CFFC4EFA324EEBFC63D4B9FCA948C81448C1C963C9EEFC7544483444347563BF9BFC874679B54675DC63C4BFFC9847592F4764CE63B711FC7D47BD8A47C87863C8AEFC67481B9D48146963BB37FCA8483E0048372A63BB53FC3B4873BA485F5263BD59FC7848B91D4896E363BBF5FC5948DEBB48C0C463B992FC5F48DCBD48FD2163B76CFC4D490BAF490B2263BAF1FC6948FD32491DFE63BD11FC6348F51249071F63C084FC7748C7EE48FF8663A952FC4448CC0C48BFCA63BBE2FCC4487D2F4878BC63B03DFCB24827C348162D63B5C7FC73481065480F0063BDC8FC7A4DF0164DD8D963C273FC874BCE5C4BD64A63CFB9FC8048EE3F48DB4D63B2DFFC774565F6458A4F63B790FC79441D6044470163B3FDFC851A29
27 May 2026 17:39:02,MO,231710,284,6A172C0A36D3B14ECD8D4EBF1463D4B7FCA748C2C248BC9663C9EEFC83440E7943FAAC63BF9BFC8C46276246237963C4B9FC9F471301471E9863B714FC81478D7F47987463C8AEFC6E47F79647F05863BB32FCAA4818914811C663BB4EFC3948667F48521463BD4DFC6F48AD3D488AFA63BBF8FC5E48DAD048BCCA63B99EFC5A48D9FC48FA5B63B764FC4A490AB3490A2163BAECFC6548FCAC491D7F63BD12FC6048F4F949070063C087FC7048C7D948FF7663A94DFC4C48CBF748BFBD63BBEDFCC0487D1A4878A463B03FFCB34827AB48161D63B5C7FC77481055480EF263BDCEFC774DC0614DA91E63C275FC864BAA404BB24363CFACFC8548CE6C48BB7F63B2E6FC73454A06456E5B63B78CFC7644186E44420A63B3F1FC871A29
26 May 2026 17:39:03,MO,231710,284,6A15DA8A36D6034EAF4E4EA06263D4B0FCA548B35048AD5663C9E3FC7943F8BF43E4E363BF99FC974632E4462EEB63C4B6FC954727684732FB63B709FC79479D9647A87E63C8B1FC6948023A47FB0163BB32FCB5482515481E4763BB48FC3F486BA848573C63BD57FC7248B1E7488FAA63BBFAFC5B48DC8148BE8263B99AFC5B48DAE148FB4063B768FC46490B01490A6C63BAEEFC6B48FCBF491D8963BD09FC6148F4FF49070D63C077FC7748C7E648FF7863A94CFC4B48CC0548BFC263BBEAFCC5487D224878A963B03BFCB64827B548161D63B5C1FC7948105B480EFC63BDC6FC704D9A604D833963C273FC8C4B89754B917063CFAEFC8548AE73489B8863B2DCFC78452DF345524463B78DFC754413D8443D7963B3FAFC8B1A29
25 May 2026 17:39:14,MO,231710,284,6A14890A36E0104E9AA34E8C3B63D4B3FCA748D0E548CAD963C9E7FC7F43D1A343BDC263BF9EFC99458A9B45867E63C4A8FC9F4685614690D463B712FC83472B8A47364F63C89DFC6A47B35C47AC1F63BB35FCAE47DD4E47D67F63BB46FC37484E9E483A4563BD52FC764894FC4872C263BBF2FC5B48D50348B70563B993FC5848D50748F56B63B771FC454909494908C463BAF2FC6948FBD4491C9663BD0EFC7048F4C54906DA63C082FC7548C7B048FF4963A94EFC4748CBDA48BF9363BBEEFCC1487CE848787D63B03CFCBD4827604815DE63B5C8FC7B481033480ED263BDCFFC6A4D7AA24D638B63C267FC874B67F24B6FE663CFAAFC80488CD54879EF63B2E2FC734511744535BE63B78CFC76440FAA44395463B3F4FC891A29
24 May 2026 17:39:07,MO,231710,284,6A13378A36D61B4E40264E31C463D4B3FCAA48690E48624663C9DBFC8843DE9343CAA963BFA0FC9A46136A460F6563C4B0FC9F47057E4710F863B71AFC7A478483478F6863C8ABFC6147EF7E47E83A63BB3BFCA84811AD480ACA63BB49FC4048659348513463BD57FC7648AC1E4889E463BBF4FC5C48DB6648BD6563B999FC5C48D9DC48FA4763B777FC45490AD7490A4B63BAF3FC6A48FCBA491D8A63BD0DFC6148F4FC49070763C088FC6F48C7D248FF8163A950FC4448CBFE48BFBA63BBE9FCBE487D1848789F63B03DFCB74827A148160F63B5CDFC81481051480EF463BDCBFC744D5B484D442463C266FC8A4B437D4B4B6E63CFAAFC7C486AD94857FB63B2DCFC7144F50F45194F63B78CFC7D440C5E4435F963B3F8FC911A29
23 May 2026 17:39:13,MO,231710,284,6A11E60A36D2194DFC444DED9F63D49DFCAA48294F4822DC63C9D3FC7F43FBAF43E7B663BFA0FC9646627E465E5663C4BBFC9E474B644756CF63B70CFC8647B11947BBEB63C8AEFC6748109F48095463BB34FCB448322D482B3C63BB4CFC3F487084485C1B63BD59FC7B48B54F48930F63BBF5FC6048DDA648BFA263B993FC5D48DBEF48FC5763B769FC44490B3F490AAD63BAE6FC5C48FCFB491DBE63BD13FC6248F51449072163C086FC7948C7F048FF8D63A94EFC4648CC0C48BFCF63BBE8FCBC487D2F4878B063B03AFCB14827B348162B63B5CAFC73481065480F0363BDC7FC724D35824D1E5763C271FC894B1CDF4B24D163CFA4FC80484A2248374C63B2E4FC7544D83044FC6363B780FC764408364431D963B3F7FC921A29
22 May 2026 17:39:20,MO,231710,284,6A10948A36D6A74DF5604DE6B063D4A8FCAB483202482B2363C9D7FC7E43C82C43B45763BF9BFC984610AE460C8D63C4B4FC9B47042B470F9D63B70DFC824782EE478DC463C8A8FC6847ED3247E5F263BB3FFCB0480EAB4807CF63BB49FC43486461484FED63BD50FC8248AB9648894763BBF2FC5648DADC48BCD563B9A1FC6048D97648F9DB63B770FC50490AA3490A1963BAF2FC6748FCA7491D6A63BD10FC6348F4FC49070663C086FC7048C7D648FF7363A94BFC4748CBFB48BFC163BBF5FCC5487D134878A663B037FCBC48279A48160F63B5CBFC79481049480EF463BDCFFC734D07234CEFFE63C25CFC894AF4674AFC5163CFA3FC83482A944817C563B2DFFC7144BADD44DF0563B784FC7A440498442E2D63B400FC8D1A29
21 May 2026 17:39:15,MO,231710,284,6A0F430A36CF5F4D9F5B4D90C863D4A1FCAC47DA3A47D3F163C9C9FC81442F5C441BAA63BFA6FC9346AED346AB0663C4C0FC964785014790A563B716FC7647D80D47E30063C8AFFC60483207482ACA63BB40FCB04855C2484EDB63BB4CFC43487B8B48671E63BD60FC7648BF48489D0A63BBF4FC5C48E0F348C2F663B996FC5848DE3F48FEB263B76EFC45490C23490B9563BAEFFC6248FD46491E0563BD0CFC7348F52749073563C085FC7148C7FA48FF9A63A954FC4B48CC1C48BFE763BBEBFCC3487D3B4878C763B03CFCAF4827D448163E63B5BDFC7A48106B480F1263BDC9FC694CD3454CBC2463C25DFC844ACE4C4AD63E63CF98FC79480D9B47FAD263B2DDFC70449CE644C11663B784FC764400E1442A8763B3F4FC881A29
20 May 2026 17:39:12,MO,231710,284,6A0DF18A36D7C04DAB474D9D1863D4A3FCB047FCC147F64E63C9C7FC7643B7E043A42863BF9FFC9546313C462D7163C4B3FC9447275147330263B713FC804799B447A4B163C8AAFC6447FCAA47F58263BB3DFCAD4820AD4819ED63BB55FC394869EF48559963BD51FC7348B0C6488E8563BBF0FC5648DBF548BDEB63B9A1FC5B48DA5548FAC463B76BFC48490ACE490A4763BAEBFC6348FCA8491D6C63BD0CFC6748F4FF49070D63C07FFC7648C7E648FF7C63A948FC4848CC0148BFCB63BBE2FCC1487D194878A463B044FCBE4827AD48161963B5C6FC7548105A480EEC63BDC2FC714CA14B4C8A3A63C258FC894AAE504AB64B63CF9AFC8347F1F647DF3563B2E1FC74447E0844A22E63B781FC8143FD8144272B63B3F6FC921A29
19 May 2026 17:39:21,MO,231710,284,6A0CA00A36DADE4D7ED14D6FF263D4A6FCAE47CA4C47C3D163C9C7FC80439ACD4386E963BF9AFC9945E33245DF2363C4AEFC9C46DBB246E73063B711FC7C4763AB476E7A63C8A6FC6A47D65E47CF1463BB35FCB147F91947F24063BB49FC3E485A5B4845FE63BD56FC7748A148487F1063BBF2FC6548D7A748B9A763B997FC5B48D74648F7AF63B76CFC4C4909DF49095663BAEDFC6748FC35491CF163BD17FC6948F4E24906F463C080FC7548C7CC48FF6863A951FC4F48CBEF48BFAC63BBE7FCC1487D0048788A63B043FCB348277F4815F663B5C7FC74481042480EE663BDC4FC714C7E6B4C676663C260FC8F4A94294A9C1F63CF96FC7E47D6C747C3FC63B2E3FC75445E3A44825F63B77BFC7743FAB444245363B3FBFC931A29
18 May 2026 17:39:15,MO,231710,284,6A0B4E8A36DBF64D80354D71C163D49FFCA947E8CA47E2A863C9CBFC7A438146436D5B63BF9FFC9345C90045C4EB63C4AEFC9C46C6D146D25963B70BFC7C4757C54762A663C8A7FC6647CD6A47C63863BB35FCAC47EED947E7FF63BB42FC3A48573B4842DD63BD4DFC74489F94487D4E63BBF8FC6048D6E848B8F063B9A1FC5E48D6EA48F74F63B766FC474909CF49094563BAEEFC6848FC3A491D0263BD0CFC6748F4EF4906F363C087FC7448C7C648FF6463A94EFC4B48CBF648BFAD63BBF4FCCA487D0048788D63B040FCB648277C4815F563B5D2FC7948103E480ED663BDBDFC774C648E4C4D9863C259FC7E4A7D174A851763CF8DFC8247BC1047A94763B2E8FC72443D7F44619763B77DFC7843F86444220663B3FDFC8C1A32
17 May 2026 17:39:25,MO,231710,284,6A09FD0A36D0164CFE6B4CEFE363D490FCAA478509477E0F63C9BCFC7943D13343BD3A63BFA2FC90464432463FF963C4B9FC924727FD47336063B71BFC7E479285479D3E63C8A8FC6C47FA7847F32463BB3CFCB4481B5248147363BB43FC444868D548546263BD56FC6F48AD2D488ADE63BBF9FC5F48DB6148BD5A63B99CFC5C48DA8E48FAF263B775FC4B490AC4490A3463BAEAFC6D48FCE6491DA263BD09FC6448F50B49071C63C083FC7348C7E148FF8363A94BFC4548CC0648BFC563BBE5FCC3487D1D4878A363B035FCB34827AA48161863B5C6FC7248104E480EED63BDC2FC7A4C4E754C378663C251FC894A6A134A71F863CF8BFC8147A181478EB063B2E5FC72441B93443F9963B779FC7543F62C441FDC63B3F4FC8B1A29
16 May 2026 17:39:25,MO,231710,284,6A08AB8A36CA084CA9284C9A8F63D48FFCA9471457470DA563C9B4FC844427E344142163BFA2FC8E46C14346BD5063C4C4FC9F478D374798C163B718FC8147D78F47E27463C8B5FC6848305A48291363BB41FCB2485244484B5363BB50FC42487B254866AF63BD4FFC7948BE48489C0463BBF7FC5F48E08B48C28B63B99BFC6048DE2448FE9263B769FC48490C08490B7A63BAF0FC6D48FD48491E0763BD10FC6B48F52749073863C088FC7748C80848FFA663A954FC4548CC2048BFE363BBE6FCBE487D404878CF63B044FCB64827D248164A63B5C8FC72481061480EFF63BDC3FC674C43634C2C6863C254FC834A5C314A642163CF8DFC804786E247741D63B2E3FC7343F87C441C7B63B772FC7843F391441D3363B3F2FC931A21
15 May 2026 17:39:24,MO,231710,284,6A075A0A36D9894D04B74CF61163D4A2FCA847679447611363C9B8FC79437C824368AF63BF91FC9246144E46104163C4BCFC9A470D2B4718AD63B713FC7F4784B7478FA063C8ADFC6647EC2047E4D563BB3AFCA9480FEC48090F63BB53FC39486387484F2463BD5BFC7448AA6E48883663BBF2FC5948DA3C48BC3263B998FC6448D8FB48F96163B769FC49490A5E4909CD63BAEFFC6948FC59491D1B63BD10FC6648F4F649070863C084FC7A48C7DF48FF7F63A952FC5148CBFB48BFBE63BBE4FCB9487D0E4878A063B039FCB748279448160763B5D1FC7548104E480EE663BDC5FC764C42E14C2BF363C258FC854A4EE14A56CE63CF8FFC84476AAA4757E563B2E6FC6E43D3E443F7D563B770FC7743F133441AD263B3F3FC8B1A29
14 May 2026 17:39:21,MO,231710,284,6A06088A36DC794D19D44D0B1863D49BFCA8478069477A5063C9C0FC7443546B43408B63BF99FC9445D3C045CFA563C4AEFC9846D2B646DE2C63B714FC80475E114768E363C8A0FC6747CFA447C86363BB32FCB347F23C47EB5E63BB4AFC3B4858E148447A63BD52FC7048A0C6487E8A63BBF9FC6048D7B548B9B463B994FC5E48D71248F76D63B773FC474909EA49095863BAF1FC6748FC31491CF763BD0AFC6448F4ED4906F763C088FC6F48C7C248FF5F63A950FC4648CBEE48BFA763BBEFFCC1487D0848788C63B03EFCBF4827834815E663B5C8FC7848103D480ED663BDBCFC764C3F1B4C282763C24FFC8B4A3D664A454A63CF90FC80474C6D4739AB63B2DFFC7743ADE643D1CC63B774FC7643EFF644199A63B3FDFC8A1A29
13 May 2026 17:39:30,MO,231710,284,6A04B70A36D50B4CEEED4CE00963D490FCAB4748F147426D63C9B8FC7C43802C436C5663BF9FFC9B46093546053363C4B5FC9A46F7A447032F63B711FC7A47723D477D2063C8A2FC6947DF0247D7BF63BB33FCA948012947FA4E63BB46FC3E485F4B484ADC63BD59FC7448A5D748839C63BC02FC6548D96B48BB5D63B9A4FC5C48D88D48F8EF63B76FFC52490A6C4909D763BAEDFC6B48FC9C491D6063BD13FC6748F4F849070963C085FC7948C7CF48FF7163A950FC4548CBF648BFBB63BBEBFCC3487D104878A163B03DFCB848278F48160363B5CCFC7948104A480EDB63BDBEFC7B4C30D14C19E863C252FC874A2D5D4A352A63CF87FC85472D6B471AA463B2E5FC7043865543AA3563B76CFC7443EEEC44188563B3F3FC8A1A29
12 May 2026 17:39:24,MO,231710,284,6A03658A36CE8B4CA93A4C9A7A63D48FFCB246D63946CFDF63C99CFC8643CA2343B69F63BFA1FCA0469A1046964663C4C2FC96477146477CE563B716FC7A47C0D347CBC463C8B3FC5D481AB148137963BB3EFCB0483F3D48386763BB47FC3D48746F48600F63BD4CFC7148B91E4896DC63BBF8FC5D48DE6A48C06263B9A4FC5E48DC6048FCC363B76BFC49490B6B490ADB63BAECFC5D48FCF4491DB063BD0EFC6348F52249072463C07FFC7148C7FC48FF9D63A95AFC4848CC1A48BFE263BBF1FCBE487D374878BE63B040FCB94827C948163463B5CDFC7C48105D480EFA63BDBEFC754C2B974C14AC63C24DFC8C4A27504A2F2663CF88FC88470C9546F9CA63B2E1FC7A435D5843813363B770FC7743ECDF44168463B3F9FC871A29
11 May 2026 17:39:34,MO,231710,284,6A02140A36DB634CE34D4CD49D63D490FCAF46DFE846D95A63C9A5FC7C4331F7431E0563BF8FFC9645B68045B25163C4ABFC9B46AF6D46BAE363B717FC80473B5C47462463C89CFC6347B58D47AE4B63BB37FCAC47D95F47D28963BB47FC40484D7D48391063BD4EFC744892C348708C63BBF7FC5B48D48448B68963B99BFC5748D48348F4E863B76DFC4649092749089363BAEAFC6B48FBE5491CA763BD0EFC6148F4D44906EA63C07FFC7548C7B548FF5863A953FC4748CBD948BF9863BBE6FCC1487CED48787663B035FCBB48276A4815D163B5C7FC71481023480EC063BDC8FC764C41444C2A4F63C253FC914A27B04A2F5E63CF8CFC8346E3FE46D12763B2E8FC704333B843578B63B762FC7D43EC5B4415FB63B3F3FC891A32
10 May 2026 17:39:26,MO,231710,284,6A00C28A36D09C4CF3624CE4FE63D492FCA946AC4546A5F563C99EFC78438D1843792263BF9EFC964658E146549E63C4BCFC98473CBF47481F63B713FC83479B9A47A66463C8B0FC5E47FD0547F5A263BB3AFCAA481D6948168263BB52FC41486A0B48559D63BD53FC7548AF2E488CDD63BBF0FC5A48DB7D48BD7763B996FC5D48DA6748FAD063B76EFC4A490AAF490A1463BAF0FC6548FCB3491D8163BD1DFC6548F50E49072263C083FC7648C7EA48FF8763A94EFC4D48CC0648BFC963BBECFCC1487D1C4878A663B041FCC14827B448161963B5C7FC79481033480EE063BDB4FC724C75464C5E3763C25FFC894A26D64A2E6863CF8CFC8B46B280469FBD63B2E5FC6C430A00432DB563B760FC7543EB7044151863B3EFFC921A29
09 May 2026 17:39:28,MO,231710,284,69FF710A36D5074D35234D260D63D49CFCAF468D6E46867D63C997FC7D437E7F436B1863BF9BFC994659E646564D63C4B6FC9C473C7847483663B710FC7F479D2F47A83963C8B2FC6747FB5D47F42F63BB3CFCB54820CE481A1C63BB55FC4348687A48541E63BD52FC7748AF53488D1E63BBF7FC6048DBA548BD9C63B99DFC5B48D9B948FA2263B76BFC43490AD3490A4763BAF4FC6C48FC8D491D5363BD0DFC6B48F50649071363C08CFC7948C7E348FF8463A94CFC4948CC0748BFC763BBEAFCB8487D274878A863B038FCB848279F48161463B5CDFC73481041480EDE63BDAEFC794CB0724C992F63C257FC814A12D34A1A3E63CF88FC7D4676914663CA63B2E6FC7842E06A43042C63B756FC8043EAE844148863B3F4FC8B1A29
08 May 2026 17:39:37,MO,231710,284,69FE1F8A36D4604D889B4D799B63D4A4FCAE467300466C5B63C995FC7B434C0543382D63BF93FC974635D04631AA63C4B7FC9B47251147307F63B719FC81478B9B47966E63C8B0FC6547ECF447E5A363BB3BFCB5480F5948088363BB50FC3B4865A048513663BD50FC7448AC194889D563BBF6FC5848DAEC48BCF463B998FC6548D98048F9DF63B76BFC4C490A9F490A0E63BAF2FC6648FCA2491D5C63BD13FC6A48F50649071763C07CFC7448C7DE48FF8063A955FC4E48CC0548BFC563BBE8FCBC487D1848789963B035FCB848279E48160B63B5C0FC7548103D480ED963BDABFC6E4CC5D64CAE4763C256FC8A49DF5149E6A963CF83FC7C463296461FE763B2EAFC7C42B75642DB1163B75FFC7843EAE944148C63B402FC871A29
07 May 2026 17:39:30,MO,231710,284,69FCCE0A36D0324D91DC4D82C463D4A7FCAB461E8246189263C98AFC7943809D436CA763BFA4FC91466B7D46675063C4BBFC9B4749744754D163B70CFC7C47A25647AD1963C8AAFC6A48000D47F8BE63BB40FCAB4822CA481BDD63BB45FC3D486B494856E363BD4DFC7748B066488E1E63BBF4FC5A48DC0848BDFD63B99CFC6748DA7F48FAE863B765FC45490AD1490A3C63BAEEFC6748FCB5491D7563BD0CFC6348F51849071C63C08AFC7148C7E648FF8763A94EFC4D48CC0B48BFD263BBEEFCBD487D1B4878A363B041FCB44827A748161463B5CAFC7648104E480EDE63BDB0FC724C9B0E4C835263C254FC8E498EB949960C63CF74FC7F45EACD45D82B63B2E0FC71428E6142B20D63B75AFC7943EAC444146D63B3F7FC8A1A32
06 May 2026 17:39:31,MO,231710,284,69FB7C8A36D0584D39694D2A4163D4A2FCA1457FCD4578DC63C971FC7B437B804367F863BF9DFC914665D646620963C4C2FC9B474100474CC263B718FC8147987747A38263C8B2FC6A47F58447EE6463BB36FCB14816E548102A63BB4CFC3C48668D48523363BD54FC6B48AC7E488A4763BBF1FC5B48DAC148BCCE63B99DFC6148D96048F9CD63B769FC48490AA9490A1363BAE6FC6748FCAD491D6C63BD0DFC6448F51149071C63C084FC7348C7EE48FF8763A951FC4748CC0848BFC763BBE7FCC5487D244878A763B045FCB848279C48161063B5C2FC79481042480EE263BDB9FC694C39914C21D363C24DFC8D49311D49387663CF73FC8045A36F4590D763B2E8FC704265D942898463B756FC7B43EAF544149963B400FC881A29
05 May 2026 17:39:39,MO,231710,284,69FA2B0A36D1E84CDD8C4CCEE363D495FCA8452609451F1D63C96BFC814354FE43411063BF98FC8F46369F46327263C4B4FCA24718574723B463B715FC7F477A9647854D63C8A6FC6E47DC6247D51663BB30FCAF47F8AD47F1D763BB4EFC42485B594846F763BD52FC7F48A103487EBD63BBFFFC5248D78148B97A63B990FC5F48D6D948F74A63B76EFC4A4909C249093863BAF1FC5F48FC32491CFB63BD09FC5B48F4F949070663C085FC7748C7CE48FF6863A949FC4D48CBFB48BFAD63BBE7FCBF487D0048788763B033FCB548277D4815E263B5C8FC70481050480EDF63BDD2FC6E4BC65D4BAEAF63C248FC8648D47848DBD463CF5BFC87455D0B454A9563B2F5FC74423DD242616F63B755FC7843EB6444150D63B3F9FC971A29
04 May 2026 17:39:42,MO,231710,284,69F8D98A36D2154D44064D34ED63D49BFCAD4569374562C763C979FC7E436D6E43595163BF96FC8F465CDA46587163C4B9FC99473DAD4748FC63B715FC7747971F47A1D263C8A7FC6847F92D47F1CF63BB3EFCB1481E7048177963BB4DFC3148697C48551B63BD55FC7448AD05488AB663BBF7FC6348DBA148BD9D63B997FC5548DA3F48FA9C63B768FC4A490AB7490A2A63BAE9FC6948FCBA491D6963BD0DFC6248F51849072963C087FC7748C7EC48FF9163A94FFC4B48CC0D48BFD363BBE5FCBA487D264878A363B038FCBD4827A848161463B5C0FC7448105E480F0163BDD7FC754B5C0F4B448463C239FC84487BD248833063CF51FC804517564504FC63B2E8FC7842163F4239DC63B751FC7843EC0F4415BF63B401FC8D1A29
03 May 2026 17:39:41,MO,231710,284,69F7880A36D6144CF4644CE52B63D498FCA745574B45515A63C972FC7A43169C4302BA63BF91FC9846224A461E1E63C4B2FC9B471148471CAD63B713FC7447795347842363C8A8FC6247DEEB47D7A063BB3EFCAA48003847F94D63BB4AFC3C485FFB484B9663BD5AFC7D48A5CC48838763BBF4FC5E48D92648BB2863B99EFC6148D88248F8E263B763FC4F490A4A4909BE63BAF1FC6048FC8E491D5463BD10FC6348F51649071C63C07BFC7948C7E248FF7B63A950FC4748CBF748BFBF63BBE5FCC1487D0E48789C63B03BFCB748279548160263B5C2FC7848105A480EFA63BDD7FC704AF63A4ADEC263C233FC8F48253B482C8A63CF50FC8044D1B644BF5E63B2E8FC7341EF4F4212DA63B74CFC8143ED074416B763B3FCFC8F1A29
02 May 2026 17:39:44,MO,231710,284,69F6368A36D3424C5B2D4C4C9D63D48FFCAB45031244FC6E63C960FC7C432E6B431ABB63BF98FC90464B2146472F63C4BAFCA5473142473CDA63B717FC7B478E194798F963C8B1FC6347EE1E47E6E463BB45FCAE481215480B4263BB4CFC3F4865F348518E63BD57FC7248AC0F4889DC63BBF1FC5B48DB0948BD0163B99FFC6148D99348F9FC63B764FC4F490AC0490A3B63BAEAFC6148FCB6491D7663BD0DFC6248F51849072A63C084FC7548C7EF48FF9663A95BFC4A48CC1048BFCD63BBEFFCC8487D1D4878AA63B036FCBA4827A048160B63B5C3FC74481065480EFC63BDDAFC6F4A96264A7EB963C229FC8947D0BB47D81963CF44FC86448B6F44793063B2E9FC6E41C8FC41EC8363B742FC7543EE0C4417B663B3F8FC861A29
01 May 2026 17:39:39,MO,231710,284,69F4E50A36D8FE4C0DD14BFEEA63D48AFCA944C69544C06263C95CFC8242E4CE42D0E363BF8DFC9945FD7445F94163C4B2FC9C46F5C447012D63B70FFC8447680B4772D363C8AAFC6047CF0347C7B963BB3DFCAD47EEDA47E7F963BB45FC404858A648443C63BD52FC7148A00C487DBE63BBF7FC5848D74948B94763B997FC6748D6CF48F73763B76BFC4A4909CC49093A63BAF0FC6148FC36491CFC63BD10FC6748F4F949070963C08AFC7448C7D148FF6B63A94DFC4548CBF548BFBD63BBE3FCBA487D0448788E63B035FCB948277C4815E963B5CDFC7B48104E480EE363BDDBFC754A3C434A24EA63C229FC8C477BBF47831463CF40FC8544439A44316363B2EDFC7641A38841C71763B743FC7843EF5E44190C63B3F5FC8E1A29
30 Apr 2026 17:39:41,MO,231710,284,69F3938A36D5D84B85404B771A63D470FCAB446F4944693A63C951FC7642F3EC42E01A63BF95FC964612AF460E8D63C4AFFCA5470274470DE763B712FC7D476E024778CD63C8ABFC6347D24647CB0263BB3FFCB247F1AF47EAD163BB48FC3B485A324845C463BD43FC7848A183487F4263BBF1FC6248D7F248B9EA63B99CFC5E48D74248F7A263B76BFC48490A1349098963BAEBFC6748FC68491D2D63BD0FFC6D48F50649070B63C08AFC7748C7DA48FF7F63A94FFC4948CBF848BFBB63BBE4FCC4487CFF48789363B048FCBE4827854815EE63B5CCFC7348105A480EF263BDD6FC7549E3F749CCAB63C21DFC864721E247293163CF38FC8543FA5D43E84063B2E5FC71417F6241A2E163B749FC8343F158441B0A63B3F5FC8A1A29
29 Apr 2026 17:39:50,MO,231710,284,69F2420A36CE9E4B0D094AFDC263D471FCAA440D0144069663C943FC7D43572F4343B763BFA1FC9046819F467DD863C4B9FC9B47543C475FE663B714FC7B47A12747AC3063C8B2FC6547FB8C47F46663BB3BFCAD4820F3481A4363BB4EFC40486B464856ED63BD58FC6F48B173488F3463BBF6FC5E48DC7548BE7863B99BFC6148DAB048FB0E63B76EFC4E490B42490AB363BAF2FC6D48FD0C491DC563BD11FC6348F52E49073963C086FC7248C80048FFA163A94FFC4948CC1C48BFDD63BBEAFCBD487D2C4878BD63B03AFCBD4827A948161B63B5C6FC76481072480F0463BDDCFC694981ED496AA163C20DFC8246C0A746C7EF63CF29FC8443B15F439F5763B2EBFC78415C18417F9363B73CFC7A43F35A441D0B63B3FAFC8E1A29
28 Apr 2026 17:39:50,MO,231710,284,69F0F08A36D4114AD2C24AC37763D466FCA743F25443EBD263C93BFC7C430F0442FB3463BF96FC934652CD464EB863C4B2FC954737544742D163B710FC87478E7F47995563C8AFFC6847EB7747E43A63BB35FCAF480FD14808ED63BB48FC4548666D48520163BD4DFC7A48AD62488B1D63BBF2FC6448DB4748BD3663B99FFC6748D9D648FA2D63B76AFC4D490AE1490A5363BAEFFC7048FCD2491D9963BD10FC6648F52A49072E63C085FC7748C7F148FF9763A949FC5348CC1848BFD563BBEBFCC5487D244878A963B03BFCBB4827A548161A63B5CEFC78481061480EFA63BDD2FC72490B9948F45463C205FC8B465A1346616863CF1BFC834369C94357E163B2EBFC71413971415CD863B733FC7943F515441EB863B3FBFC8A1A29
27 Apr 2026 17:39:51,MO,231710,284,69EF9F0A36D2384A50974A419A63D456FCA9439FFE4399B363C931FC7B43174C43036363BF96FC974662D8465EA263C4C7FCA34742A7474E0C63B712FC844792D9479D9C63C8B5FC6647EF0A47E7C163BB38FCAE481290480BA263BB4EFC364867A448533563BD56FC7548AD79488B3363BBF7FC6148DB3548BD2A63B9A8FC6948D9E048FA4E63B76DFC43490AC4490A3663BAF4FC6A48FCCA491D8F63BD09FC6648F52449072F63C084FC7448C7F848FF9663A951FC4E48CC1148BFD063BBECFCBC487D214878A863B03DFCB548279E48160B63B5C5FC77481064480F0063BDE1FC734888AD48718563C1F9FC8A45F36345FAC363CF0CFC7E4323DC43120B63B2E1FC7F4117CD413B3063B736FC7A43F7544420FD63B3F6FC951A29
26 Apr 2026 17:39:54,MO,231710,284,69EE4D8A36D0BA49FC1D49ECAF63D454FCB2436ABD43647863C92CFC7D430DD042FA0163BF91FC9546556946515163C4BAFC99473341473EBF63B714FC8247887947934863C8ADFC6A47E49647DD5463BB37FCAE48072248005263BB4AFC3F486384484F1963BD4FFC7E48AAE548889C63BBF7FC5748DA9348BC8F63B999FC5E48D93248F99063B76BFC44490AC9490A3B63BAEAFC6848FCCA491D9263BD16FC6748F52549073263C083FC7648C7F748FF8D63A953FC4848CC0D48BFCD63BBEBFCB9487D1E4878A363B03BFCB448279A48160163B5CBFC7648105F480EF663BDDCFC77480A2647F31B63C1EAFC8B458FE145974163CF04FC8542E00642CE4263B2E5FC7740F71C411A8563B736FC7A43F9FA4423B863B3F9FC8C1A0F
25 Apr 2026 17:39:46,MO,231710,284,69ECFC0A36CCAD497A0D496B2F63D44BFCA6431422430D8863C91AFC82434182432D8D63BF9AFC9146895546852663C4C0FC9C4757A047630263B71CFC86479E1C47A8DE63C8B0FC6647F8A547F15063BB40FCAB481BEB4814F863BB4AFC3B486AE948567863BD50FC7E48AFDA488D9663BBF9FC5C48DC0B48BE0363B998FC6248DA9648FAFE63B76BFC43490AF5490A6663BAE7FC6B48FCF6491DBB63BD0AFC6A48F53449073863C086FC7448C7F948FF9B63A94EFC5048CC1848BFD263BBEBFCC1487D284878B363B048FCB54827B148162063B5C4FC78481075480EEF63BDDEFC7C478FB94778D163C1E6FC8F452F1845368663CEF0FC7E429EBF428D1863B2EEFC7440D6FB40FA4E63B733FC7A43FC7744262263B3F6FC8D1A29
24 Apr 2026 17:39:57,MO,231710,284,69EBAA8A36CD4548D5FE48C6B663D43AFCA942D50742CEE663C915FC82432D2443194963BF96FC9346886F46845663C4BCFCA247590D47648F63B71AFC7F479D9D47A86A63C8B5FC6947F66747EF1E63BB35FCB5481B2148143963BB52FC44486A7248560A63BD50FC7848B068488E2A63BBEEFC5C48DBD348BDD063B999FC5D48DA6348FAC963B76DFC42490AF8490A6E63BAEBFC6348FCF1491DB163BD0EFC5E48F52F49074363C08AFC7248C7FF48FF9C63A950FC5148CC1748BFDA63BBEAFCC5487D2D4878B663B03DFCBD4827A748161A63B5C2FC7748106C480EFD63BDDAFC7347151E46FE5563C1D4FC8C44D1EA44D94A63CEE7FC85425FF5424E5D63B2EBFC7A40B79340DADE63B72BFC7743FF224428E263B3FAFC8A1A29
23 Apr 2026 17:39:58,MO,231710,284,69EA590A36D1F348450B48363A63D427FCAE428BDC42859963C908FC8742FB7A42E7D863BF95FC9D465054464C6563C4BFFC99472BC847374563B716FC7D477F8F478A6963C8AAFC6947DC8447D54C63BB35FCB447FEA447F7CE63BB4CFC3A485ED7484A7463BD4BFC7B48A60C4883C763BBF9FC5648D90E48BB0563B997FC6048D80348F86B63B76EFC4C490A604909CF63BAF7FC6748FC8A491D4F63BD0DFC6748F50E49072563C088FC7B48C7ED48FF8A63A94BFC4548CC0048BFD263BBF0FCC1487D1948789E63B039FCB548278B48160C63B5CDFC7C48105A480EEE63BDD5FC7146A04346899163C1BDFC904479D844814C63CEE2FC7F42231B42119763B2EEFC714098FB40BC4163B72FFC7E440239442BEE63B3FAFC8E1A29
22 Apr 2026 17:39:50,MO,231710,284,69E9078A36CF1147E01C47D13E63D429FCAB4250DC424A4163C900FC7942EE0742DA1F63BF90FC8E464B7B46474E63C4B9FCA74727954732FE63B70DFC7F477B6847862763C8A8FC6847D7F947D0B263BB2FFCB047F83C47F15563BB4BFC3F485E0648498C63BD4DFC7E48A4C248827563BBF2FC5548D8E548BAD963B996FC6448D7E948F84E63B766FC51490A484909BB63BAE6FC6948FC82491D4363BD10FC6D48F51549071D63C089FC7F48C7E648FF8A63A953FC4848CC0048BFBF63BBE9FCC3487D1948789863B036FCB14827914815FF63B5CAFC77481058480EE663BDE3FC7946365B461FC963C1B8FC90442621442DA263CED7FC8041E7D141D66063B2ECFC71407B47409E8D63B72CFC744405D0442F8963B3F7FC971A29
21 Apr 2026 17:40:05,MO,231710,284,69E7B60A36CD31475A75474B1463D415FCAC421A2B4213C263C8FBFC7E432BF443182663BF9EFC894696DC4692D363C4C6FC9C475FF8476B7763B70EFC83479E0847A8DC63C8AEFC6D47F6AA47EF6163BB3CFCAB481D6B48169063BB48FC42486B5A4856EA63BD59FC7E48B0FA488EC263BBF8FC6048DC5B48BE5B63B9A3FC5D48DA9548FAFC63B765FC4D490B15490A8F63BAEEFC6548FCF7491DBB63BD10FC5948F53D49074463C079FC6A48C80748FFA363A955FC4C48CC2148BFE563BBEDFCBD487D2F4878BA63B03AFCB54827AF48162463B5C5FC78481078480EFD63BDCEFC7445D37E45BD0A63C1B0FC8343D35743DACD63CEC9FC8741ADD1419C7B63B2EBFC75405E0D40814863B72EFC7B44097544333063B3F9FC951A18
20 Apr 2026 17:39:59,MO,231710,284,69E6648A36CD1346EEA346DF9163D407FCA841DC8F41D65763C8F0FC7C433B574327AB63BF9DFC94469A0C46961E63C4C5FC9A475DD047695063B716FC77479F6447AA5263C8B5FC6A47F6BA47EF7A63BB38FCAF481E3A48176063BB46FC3B486A2B4855C663BD55FC7D48B0F1488EB263BBF0FC5D48DC0748BE0C63B9A1FC5F48DA4148FAA363B771FC4D490B1F490A9863BAEDFC6148FCED491DAA63BD0FFC6C48F53749074063C093FC7D48C80248FFA463A950FC4848CC1E48BFE063BBE4FCC1487D334878B563B03BFCBA4827AB48161B63B5C7FC73481063480F0663BDD4FC6A456CE945568863C1A5FC86437EC843864363CEBFFC834175F44164A363B2E9FC7C40414A40648363B728FC75440D6E44372C63B3F1FC8A1A21
19 Apr 2026 17:40:01,MO,231710,284,69E5130A36C85B4664FE4655ED63D3FEFCA141A673419FEF63C8E8FC80434EB7433B3863BFA3FC9546B22346AE3D63C4C9FC97476CF447788863B71CFC8247A60047B0FA63C8BAFC6747FD7047F63463BB3DFCA6482401481D2563BB4EFC42486CF748589363BD55FC7448B28C48905163BBF6FC5548DC7348BE7263B99AFC5D48DAD748FB3E63B76BFC4F490B38490AA663BAEDFC6848FD0E491DCC63BD10FC6348F54849074663C08AFC7448C80A48FFAF63A954FC4648CC1948BFE463BBE7FCB9487D334878BE63B03DFCB74827B648162763B5CBFC70481073480F0363BDDAFC7044FDC344E77A63C19EFC8D432C0843338663CEBDFC8041414E41301363B2EAFC764024D440480F63B72FFC794411A1443B5A63B3F5FC961A29
18 Apr 2026 17:39:57,MO,231710,284,69E3C18A36CAFA45EC5945DD3363D3F9FCA841727F416C3D63C8DAFC784328874314A163BF9BFCA1468EA1468A8C63C4C6FC984752D1475E4963B712FC824794E9479FB963C8B7FC6147F00B47E8B963BB35FCA6481473480D8E63BB50FC3A4867D948537863BD52FC7748AC53488A0A63BBFAFC5648DB1E48BD1F63B99FFC5948D9DD48FA4363B775FC48490AC8490A3463BAEDFC6448FCD9491D9A63BD15FC6748F53849073B63C08BFC7E48C7FD48FF9863A94FFC4A48CC1948BFDC63BBE7FCC5487D1F4878AD63B041FCBC4827A148161463B5CFFC72481063480EEE63BDDBFC72449073447A5963C18FFC9042DF8742E70B63CEB4FC81410FA240FE7C63B2EDFC6D400874402B9C63B724FC814415FB443FB663B3EEFC861A0F
17 Apr 2026 17:41:33,MO,231710,284,69E2700A36CDF345A1D745923D63D3E7FCAA41551F414EFF63C8E1FC82432189430E2863BFA0FC9946890946855E63C4BBFC9E47491E4754DF63B715FC81478E6247997063C8B5FC6947ED9F47E67B63BB38FCAE4818BC48120F63BB53FC4148669748523263BD56FC8148AA184887E163BBF6FC5C48DB5048BD5C63B99DFC6148D93E48F9A663B76CFC50490AF4490A6263BAF1FC6148FCB9491D7B63BD07FC6248F53549073E63C08AFC7B48C80448FF9F63A958FC4F48CC2148BFDC63BBECFCC6487D2F4878B163B03FFCAE4827AE48161463B5CCFC7848106E480EF963BDE0FC70442E2544181F63C18BFC8C429A9042A22F63CE9DFC8240E08440CF6563B2F0FC783FEC09400F3163B71BFC83441A7444443263B3FFFC901A29
16 Apr 2026 17:39:58,MO,231710,284,69E11E8A36CC9845225F45136463D3E0FCA8411ACD41149363C8D5FC7A43020E42EE8C63BF92FCA1467D3C46795B63C4C0FC9E4743E3474F7663B71CFC8047873547921C63C8A9FC6B47E1E747DAB863BB33FCAF48067047FFBA63BB4EFC424861E5484D8863BD51FC7E48A87448863063BBF8FC6048D98F48BB9363B99EFC6348D89448F8FA63B76DFC4E490A8B4909FD63BAF0FC6448FCB7491D7A63BD14FC5A48F52649073A63C088FC7748C7F848FF9763A951FC4848CC1348BFD363BBEAFCC0487D194878AB63B042FCB94827A148160463B5C0FC7648106B480EF763BDDFFC6F43D8B443C2E263C180FC86425CD642646063CE9EFC8540B32040A21063B2EBFC693FCFF43FF31363B722FC7C441FA444496663B3F6FC8B1A18
15 Apr 2026 17:40:04,MO,231710,284,69DFCD0A36CC5644A989449A9863D3D7FCAD40E38B40DD3863C8CFFC7E42FF8742EC0B63BF97FC934685B24681BD63C4C2FC98474BFB47579163B718FC7D478C0A4796EC63C8A5FC6347E48747DD5163BB3EFCB148094848028163BB4BFC3E486354484EF363BD59FC6F48A9D048879163BBF9FC6448D9EA48BBE263B9A3FC5E48D8C948F92A63B76FFC47490A854909F963BAF0FC6848FCA6491D6163BD0BFC6548F52949073963C08AFC7C48C7F848FF9E63A952FC5448CC1C48BFD663BBECFCC6487D1E4878AD63B03BFCBB48279D48161663B5CCFC74481060480EF463BDDDFC7B439013437A5463C17AFC8842243D422BD863CE9FFC8540868640757963B2EFFC763FB3963FD6AB63B71DFC7A4424C8444E9463B3FBFC8F1A18
14 Apr 2026 17:41:50,MO,231710,284,69DE7B8A36CBCC44410444321863D3C7FCAA40B68440B05763C8CBFC7E42F75E42E3CB63BF91FC95468284467E8D63C4BEFC9A4747EF47537963B714FC7F4786BA47919F63C8B5FC6847DF4A47D80863BB40FCB448046C47FDA263BB49FC484861EB484D8963BD57FC7648A88B48864963BBF7FC5B48DA0548BBFC63B996FC5B48D87F48F8DF63B773FC4D490A99490A0663BAF0FC6448FC9F491D5C63BD0DFC6948F52849073163C089FC7548C7F948FF9363A958FC4148CC1848BFD663BBE2FCC4487D1B4878AB63B03FFCB848279F48160F63B5C9FC75481067480EF363BDDCFC77435061433AB463C174FC8841EE4C41F5E163CE95FC82405A3740493763B2F1FC6D3F97553FBA6763B717FC76442A9144545F63B3F8FC901A21
13 Apr 2026 17:40:09,MO,231710,284,69DD2A0A36C28F43CCDA43BDD063D3C3FCB14079C140739363C8BBFC84436A1C43567463BFA3FC9346D4E346D0E163C4C6FC95477BCF47874663B713FC8347A79F47B26B63C8AEFC6847FD8147F63E63BB40FCB348238F481CB563BB48FC39486DDA48597763BD60FC7948B2B948906F63BBF7FC5548DC8148BE7F63B99BFC6348DAF448FB4B63B76DFC44490B2E490A9963BAF5FC6A48FD1F491DDE63BD13FC6948F54F49075163C082FC7648C81648FFB263A94FFC4848CC2648BFE363BBE8FCC1487D3A4878C763B03AFCB54827BE48163563B5CAFC77481077480EF563BDDDFC7343154342FF9663C178FC8D41B8BD41C05063CE8EFC7E402E30401D3B63B2EEFC6E3F7AEC3F9DF063B71DFC854430A1445A6D63B3F6FC931A29
12 Apr 2026 17:40:08,MO,231710,284,69DBD88A36CADB43A92D439A9263D3BFFCAA406170405B1463C8BDFC8B42E6B842D30863BF94FC944682E4467ED863C4C5FC9F4746D247524E63B711FC7A47835F478E3563C8AAFC5E47DA4447D2F663BB3CFCB247FDA647F6D063BB45FC3E485F8B484B2263BD50FC7548A6F14884AE63BBEEFC5C48D91448BB0C63B99EFC6148D81048F87163B769FC46490A5D4909D063BAF1FC6748FC85491D5163BD13FC6548F52349073963C090FC7A48C7FB48FF9563A953FC5048CC1048BFD363BBE8FCC2487D1E4878A163B03DFCB84827A048161663B5C8FC78481063480EF163BDD1FC7042D94242C3AB63C164FC9141827E418A0E63CE87FC834002AE3FF1CF63B2EEFC783F5DAD3F80AD63B718FC7844366744603A63B3FBFC871A21
11 Apr 2026 17:40:54,MO,231710,284,69DA870A36CBA04358FA434A3863D3B7FCAE4035F5402FB863C8B1FC8542E8E042D56B63BF99FC9A4685BE4681E463C4C5FC9D4747564752EA63B71CFC874783C2478EAE63C8A7FC6647DA0247D2C263BB3AFCB147FF0147F83A63BB41FC3E485F8D484B1E63BD60FC7F48A77E48854463BBF7FC5E48D95D48BB5C63B99EFC6448D7F848F86B63B773FC48490A7A4909F163BAF1FC6848FC91491D5A63BD11FC6448F52A49073463C08AFC7348C7FA48FF9C63A951FC4748CC0E48BFD463BBECFCC6487D1C4878AE63B03EFCB748279C48160163B5C2FC7A48105C480EEA63BDDBFC7B42972542819563C163FC8F414BF041538263CE7CFC783FD85E3FC78C63B2F1FC793F40813F638763B716FC80443D224466F963B3FBFC881A18
10 Apr 2026 17:40:12,MO,231710,284,69D9358A36C5D743116A43029563D3B2FCAE4006AA40006663C8B6FC7A430CA342F8D163BF94FC9946A1DB469DB663C4C9FCA24757F247636B63B71FFC80478A6F47954463C8ABFC6647DECD47D79063BB32FCB648024147FB6663BB40FC40486288484E2C63BD54FC7848A92A4886E363BBF1FC5748D9BA48BBBA63B99EFC6948D8A748F90E63B772FC4B490A88490A0063BAEEFC6348FCC0491D8B63BD13FC6848F53349074063C082FC7348C7FA48FFA363A951FC4748CC1648BFDB63BBE9FCC9487D244878A963B038FCBA4827A648160D63B5CBFC78481064480EF463BDE0FC7342532F423DBB63C158FC8D41193E4120D263CE79FC843FAF723F9E9E63B2EDFC793F22C13F45A363B716FC79444423446DF863B400FC8F1A29
09 Apr 2026 17:40:13,MO,231710,284,69D7E40A36C1A742BB0A42AC1E63D3A3FCA63FD2D33FCC9763C8A9FC8043744E43605663BF9DFC9B46EBA546E76F63C4CEFCA24785D547913E63B718FC7A47A9AD47B47863C8B0FC6E47FFF147F89E63BB3EFCB348293048224263BB50FC3D487014485BAC63BD5AFC7E48B4064891BD63BBF8FC5C48DD4448BF3463B9A1FC5D48DB4E48FBB263B76DFC4D490B50490AB863BAF3FC6C48FD1C491DDE63BD0FFC6048F55049075B63C08EFC7148C81848FFB563A953FC4948CC2848BFEE63BBEDFCBF487D354878C963B039FCB74827C548163463B5C4FC71481070480EFF63BDDEFC794216B342015963C154FC9240EE9640F62963CE79FC7A3F86AF3F75E663B2FAFC753F03E93F26D663B70FFC7F444AE14474BF63B3FCFC881A29
08 Apr 2026 17:40:17,MO,231710,284,69D6928A36C56E429C56428D6963D3A1FCAB3FB3783FAD1B63C89CFC7C430FD342FC0063BF9BFC8E46A91F46A4FB63C4C1FC96475AF447666B63B712FC7E478B044795D963C8B5FC6447DFAB47D85E63BB33FCAF48045447FD6C63BB44FC3F486370484F0563BD52FC7C48A9BA48876C63BBFBFC5F48D9F948BBF263B99FFC5348D8D648F92D63B76DFC57490A95490A0763BAF3FC6B48FCBD491D7F63BD12FC6048F53849074063C087FC7848C7FD48FFA063A94EFC4848CC1B48BFE163BBEBFCBF487D264878AC63B044FCB64827A148161563B5C8FC7748105A480EE963BDD7FC7641ED6441D82063C155FC8B40CC3A40D3C163CE70FC823F5C093F4B4463B2F3FC743EE4BC3F079D63B711FC76445201447BDC63B3FCFC8C1A18
07 Apr 2026 17:40:18,MO,231710,284,69D5410A36BF1B425D33424E3063D3A0FCA83F73623F6D1963C89AFC7E4393AD437FCE63BF9CFC9A46F2EA46EED263C4CCFC9C47852447909B63B714FC7F47A84147B31263C8B3FC6A47FD0947F5BC63BB33FCAD4825FD481F2263BB49FC44486E074859A463BD54FC7148B2BC48908163BBF4FC5C48DCF548BEEC63B999FC6048DACF48FB2C63B774FC43490B59490ABF63BAF5FC6B48FD06491DD063BD16FC5F48F55349075D63C08DFC7748C81648FFB463A94FFC4848CC3848BFEE63BBE4FCBF487D3D4878C063B037FCB94827B648162763B5CFFC75481068480EFC63BDDEFC7441DA6441C52163C154FC8C40AE4E40B5C863CE69FC853F2D893F1CD363B2F7FC763EC55A3EE83763B70EFC7944596844834463B403FC901A29
06 Apr 2026 17:40:14,MO,231710,284,69D3EF8A36C7AD42671842583A63D3A2FCAC3F65E23F5F9863C88CFC7F4323C943102363BF98FC9946B74246B35363C4C7FC9D476007476B8763B71DFC84479122479BF763C8B6FC6547E8A347E16A63BB3DFCB248114D480A7163BB4AFC3F4865C748516263BD56FC7B48AB6448892B63BBF8FC5E48DAF148BCE863B99AFC5C48D93848F99463B772FC45490AEA490A5963BAE8FC6548FCC3491D8C63BD15FC5E48F54449074B63C088FC7348C7FF48FFAD63A952FC4C48CC1E48BFE563BBF4FCBE487D304878B063B03CFCB64827AF48161D63B5C8FC7448106D480EF463BDD9FC7941D5B541C06A63C14FFC8A408CB440942363CE68FC7C3EF96D3EE8BE63B2F1FC6A3EA5D43EC8B763B707FC734460E5448ABE63B3FEFC891A07
05 Apr 2026 17:40:15,MO,231710,284,69D29E0A36C2A842560842471863D3AAFCAC3F2E143F27D763C895FC8043276643138563BF9CFC9446C0CA46BCAC63C4CFFC9A4765D847714463B717FC7E478EA047996D63C8A6FC5E47E39247DC4863BB3DFCAF4809C64802E663BB44FC384865E148517C63BD53FC7A48AB294888EF63BBF8FC5F48DAB848BCB663B99EFC5848D95C48F9B963B773FC3E490ACA490A3A63BAF3FC6748FCE9491DA863BD15FC6048F54049075663C087FC7C48C80E48FFAF63A955FC4848CC2148BFDF63BBE4FCC2487D2C4878B463B040FCAF4827AA48161663B5C4FC78481068480EF263BDD5FC7441CB5C41B5F763C148FC8C405DFD40656263CE64FC8A3EBF713EAEC863B2F2FC753E87423EAA1563B70EFC7944692A44930263B3EDFC861A21
04 Apr 2026 17:40:23,MO,231710,284,69D14C8A36BE544230AF4221AB63D3A1FCAE3EF5783EEF3163C886FC8543967043828E63BFA1FC9947042147000163C4D6FCA3479105479C7663B71BFC8047B0AC47BB7763C8AFFC644806C947FF7C63BB3BFCAF4831C7482AE563BB53FC3D4872A8485E3C63BD58FC7D48B6EC4894A363BBEEFC6248DDDA48BFDA63B9A0FC6048DBE448FC4E63B76EFC49490B83490B0263BAEFFC7048FD48491E0963BD0FFC6948F55D49076763C090FC7348C82A48FFCA63A94BFC4D48CC3948BFFE63BBECFCC2487D474878CB63B041FCB64827C548163E63B5C7FC7C481082480F1563BDF2FC6D41AB484195CB63C153FC8040214D4028A563CE5CFC7F3E812D3E709263B2F1FC773E68B93E8B8D63B6FEFC7E44710E449AF863B3FFFC891A18
03 Apr 2026 17:40:22,MO,231710,284,69CFFB0A36C6764208B941F9A663D399FCAA3EAAB73EA45863C883FC7F42E7B642D3DA63BF96FCA0468BFF4687DC63C4C2FC954740C0474C3163B710FC83477514477FE263C8B1FC6247CAD947C39463BB2EFCB947EBA347E4C163BB4CFC3C48588348441B63BD55FC79489E60487C1D63BBF4FC5848D6DD48B8CF63B9A2FC5948D66048F6BC63B771FC4A4909C249093863BAF0FC6348FC44491D1263BD0FFC6B48F52A49073263C083FC7248C7F248FF9163A94AFC5148CC1048BFD463BBECFCC1487D1148789A63B042FCBE4827884815FC63B5CFFC7B481060480EF863BDEFFC70417173415BF263C148FC913FD9893FE0CD63CE55FC803E3F903E2F0D63B2F5FC6E3E4B3D3E6E0463B6FCFC7244795E44A33D63B3FEFC971A29
02 Apr 2026 17:40:19,MO,231710,284,69CEA98A36C2EA41CC8241BD9563D392FCB13E60993E5A5363C878FC79431E8B430AA663BF94FC9846AB1A46A6F063C4C6FCA0475123475C9263B714FC7E477D0D4787CF63C8ADFC6447CE9747C75463BB40FCAB47EF0E47E83663BB45FC41485ACE48466563BD51FC7D48A131487EEB63BBFDFC5B48D7D348B9D563B99EFC6148D6EF48F75763B76FFC4D490A2E4909A163BAE6FC6A48FC8E491D4863BD0FFC6E48F53249074563C089FC7348C7F748FF9563A951FC4548CC1648BFD463BBE6FCBD487D1848789963B03EFCB64827874815F263B5C8FC77481066480EE963BDE3FC714129694113E963C136FC893F89EB3F911F63CE44FC7D3DFBBC3DEB5463B2F5FC7E3E2FC43E528F63B6F7FC7A4482DB44ACCF63B404FC8A1A21
01 Apr 2026 17:40:26,MO,231710,284,69CD580A36B224418DBE417ECE63D38FFCA83E1C2E3E15E963C86CFC7D447AAE4466AD63BFACFC964754DF4750B263C4E0FC9D47C10E47CC6E63B71DFC7B47DD1247E7CA63C8BDFC664833DF482C7F63BB3CFCAD4856F0484FE663BB52FC4248809E486C2F63BD58FC8148C13F489EF363BBF8FC5E48E19148C38F63B999FC5D48DF7B48FFD763B774FC4D490C78490BEB63BAEBFC6B48FDFC491EC063BD15FC6548F58749079763C089FC7448C84648FFE663A951FC4348CC5748C01363BBEBFCB6487D684878EC63B03AFCB54827FE48166C63B5CCFC72481093480F2563BDEDFC7740D83040C2BB63C135FC873F33053F3A3963CE3DFC8A3DB60E3DA5B363B2F1FC6D3E14113E36D363B6F5FC74448B7344B56563B3FAFC891A21
31 Mar 2026 17:40:34,MO,231710,284,69CC068A36BE604169344159C563D38FFCA93DF6B23DF06D63C85EFC7F4358644344CF63BFA3FC9746EEB946EABD63C4D1FCA0477DF147897463B717FC8047965B47A13A63C8B1FC6947E9FF47E2BF63BB3AFCAA48150A480E3663BB46FC424869404854D663BD51FC7748AF38488CF663BBF4FC5C48DB5948BD4C63B9A5FC5D48D9B748FA0E63B76EFC41490AF4490A5463BAEDFC6148FCE7491DA963BD0DFC6848F54949075D63C08EFC7248C81B48FFB363A956FC5248CC2E48BFF063BBEFFCC5487D2F4878C063B039FCB94827AC48162263B5C8FC76481079480EFB63BDE8FC7940778D40621963C12EFC8B3ED4993EDBC863CE37FC803D6F4D3D5F0463B2FCFC763DF91B3E1BD363B701FC754493CE44BDB863B3FDFC901A29
30 Mar 2026 17:40:23,MO,231710,284,69CAB50A36C405412CE1411DD663D386FCAE3DBE173DB7C763C85AFC7F42F81442E44063BF8EFC8D46AC3846A80A63C4CFFCA947531A475E8C63B71BFC85477BAF47868763C8ABFC6B47CCD747C59063BB3BFCBC47EFD547E8F463BB48FC42485B384846D163BD55FC7A48A29048804463BBFCFC6648D7A748B9B063B99CFC6248D71448F77363B769FC4E490A1949098963BAEBFC6648FC7A491D3B63BD0AFC6748F53149073A63C087FC7048C7FD48FF9663A954FC4E48CC1648BFD363BBEAFCC3487D1948789F63B039FCB74827914815F963B5C7FC78481063480EFC63BDE9FC6F4007413FF1F163C11FFC8A3E6F643E769563CE29FC7D3D292E3D190763B2FEFC753DE0893E033F63B6FBFC7B449D3C44C72A63B3FFFC881A21
29 Mar 2026 17:40:19,MO,231710,284,69C9638A36BCE740A24140932963D37DFCAA3D6BD13D657E63C851FC7E4367294353A963BF9CFC9946D23446CE4A63C4D0FC9E4763DC476F6D63B70FFC814785ED4790E663C8AEFC6747DA4647D30863BB34FCAC47FFEC47F93B63BB42FC4648615A484CF463BD52FC7148A64A48841563BBF6FC5948D9CF48BBC663B9A3FC5A48D86848F8D163B76EFC43490AC5490A2E63BAF0FC6D48FCE1491DA463BD13FC6D48F54449075A63C085FC7B48C80C48FFB363A94FFC4C48CC1D48BFE863BBE8FCC6487D2F4878B663B03CFCBE4827A348161463B5CCFC72481074480F0163BDE1FC6B3F89B33F747263C10FFC853E07253E0E5263CE1BFC833CE4EE3CD4DE63B2F6FC723DC9A03DEC5263B6F4FC7C44A75244D14A63B3F6FC8E1A21
28 Mar 2026 17:40:26,MO,231710,284,69C8120A36B53E3FEBA03FDC8463D369FCA33D165E3D103163C840FC8344065443F27C63BFAAFC984730C6472CAB63C4D5FC9E479C2247A78863B719FC8447AD7447B84263C8AFFC5E4802C047FB7063BB3AFCB3482C1448252963BB4BFC3D4870DB485C6E63BD5BFC7B48B46048920E63BBF6FC5B48DCF948BEF963B9A3FC5948DB2748FB8063B777FC48490B36490AAB63BAEDFC5E48FD1E491DD863BD13FC5F48F56049076A63C086FC7248C82648FFC563A956FC4848CC3948C00163BBE7FCC1487D3E4878D363B041FCB54827C048163963B5C8FC7348107D480F0463BDEEFC6D3F08523EF33963C104FC883DA1983DA8BD63CE0EFC7F3CA2563C925763B2EFFC773DB1E93DD4A263B6F8FC7544B05C44DA4863B3F5FC8D1A29
27 Mar 2026 17:40:26,MO,231710,284,69C6C08A36C26C3FCBB93FBCCA63D363FCAD3CEB2B3CE4E263C838FC7B43057A42F22363BF96FC9846B36846AF9163C4CCFC9F475156475CEF63B712FC7B47771847820263C8AFFC6147C90347C1DE63BB31FCAA47ED2747E68063BB51FC434858494843D963BD51FC73489F19487CE663BBFDFC5B48D71948B91E63B99EFC5D48D66B48F6CA63B76DFC51490A1349097863BAF0FC6A48FC63491D2463BD0FFC6548F53649074663C094FC7848C7FB48FF9F63A951FC5348CC1848BFD863BBEDFCBB487D1F4878A263B042FCBA48278F4815F963B5C6FC80481063480EEE63BDE8FC753E86513E717163C0F6FC873D3E5E3D459663CE06FC833C61AB3C51CF63B2F6FC783D9CA73DBF5763B704FC7644BA4244E43563B3FAFC8A19FE
26 Mar 2026 17:40:31,MO,231710,284,69C56F0A36B9743F50933F41A363D356FCA43CA9713CA33363C827FC7F439E45438A6763BF9CFC904714C94710B163C4D3FC9A478BB047971C63B711FC81479C9647A76363C8B5FC6347F16947EA1E63BB3EFCAB481D904816A863BB46FC44486CCB48585A63BD55FC7648B169488F2263BBEFFC5D48DC6748BE6263B99AFC6548DA9748FAF663B76CFC4A490B3F490AB163BAF4FC6448FD29491DE263BD06FC6348F55A49076663C08BFC7048C81E48FFBE63A94FFC4348CC3948C00163BBF7FCC7487D394878C463B03CFCB74827BE48162D63B5C3FC76481083480F0163BDEEFC6E3E09BF3DF50763C0E8FC8E3CDD7E3CE4A963CDF4FC7E3C22BA3C12ED63B2F3FC6E3D89683DAC1963B6FAFC7944C4E344EED563B404FC8D1A29
25 Mar 2026 17:40:34,MO,231710,284,69C41D8A36C06B3EF40C3EE4DF63D347FCA93C75CC3C6F7F63C821FC834329E443162063BFA0FC9446D84546D43163C4CEFC9A47689F47740F63B717FC8447839B478E6563C8B0FC6347D46E47CD3463BB2EFCAF47FB6847F49663BB44FC41485FD3484B6863BD54FC7548A60E4883CF63BBF7FC6348D90648BB0663B99FFC5D48D7F948F86763B76EFC52490A7D4909E063BAE7FC6748FCB2491D7163BD14FC6248F54F49074F63C08EFC7748C80C48FFAA63A956FC5048CC2548BFE963BBEEFCC0487D254878AB63B042FCB74827A048160B63B5C9FC7D48106C480EF263BDECFC6D3D920E3D7D7A63C0DEFC7B3C7DF43C851C63CDEEFC863BE4DF3BD52663B2ECFC7A3D76CB3D998563B6F2FC7C44CF2B44F92463B405FC8D1A29
24 Mar 2026 17:40:30,MO,231710,284,69C2CC0A36BBB43E56623E476163D344FCAD3C2C423C260C63C819FC7D4371AE435DD263BF9CFC9547006E46FC5463C4D2FC99477E1047898463B713FC7C478DDD4798A863C8A7FC6647DE9147D74763BB3CFCB348086048019563BB43FC484866124851A063BD56FC7548ABAA48896E63BBF5FC6148DAB148BCAD63B999FC6448D94748F9A663B771FC44490AE6490A5663BAF1FC6648FD02491DC063BD0DFC6848F55949076563C08CFC7148C81748FFB363A947FC4248CC2A48BFED63BBECFCB5487D354878B963B046FCBC4827A748161663B5C9FC78481076480EF963BDEBFC743D1AC13D063D63C0D4FC923C1E4F3C257763CDE2FC7D3BA94B3B99BD63B2FBFC763D66103D88BF63B6F2FC7944DA1F45041E63B3FDFC8E1A29
23 Mar 2026 17:40:35,MO,231710,284,69C17A8A36B9673DD9663DCA7D63D332FCA93BF2153BEBCD63C80FFC8243A15B438D6C63BFA4FC8F4719E84715CA63C4CAFC95478A7A4795E663B71DFC784795AA47A08263C8ADFC6147E98647E23363BB3DFCB1481679480F9163BB57FC42486B7448570863BD51FC7648B011488DCA63BBF8FC5448DC4E48BE4963B99BFC5E48DA6048FAC363B774FC41490B3F490AB663BAEDFC6848FD2E491DF663BD14FC6A48F55F49076F63C087FC7048C82948FFBE63A94FFC4D48CC3048BFF763BBEAFCBD487D3C4878CD63B041FCC04827B648162163B5C3FC7748107A480F0263BDECFC753C9E4E3C89F763C0C2FC893BBE793BC5BF63CDCFFC833B701B3B608D63B2FAFC7B3D56063D78AE63B6F5FC7444E4D9450EE163B403FC871A29
22 Mar 2026 17:40:34,MO,231710,284,69C0290A36B35C3D49B33D3ADF63D319FCB13BB9BB3BB38163C811FC7F441EA4440B6163BFB1FC92474DC14749C463C4D8FC9B47A5F047B17C63B71BFC7747B61547C11163C8AFFC64480F4448081E63BB34FCA9483D644836A363BB4AFC3C4877C848636163BD5AFC7D48BA8648984A63BBF7FC5B48DF5A48C15063B997FC5E48DD0448FD5E63B778FC51490C11490B8163BAEFFC6748FD99491E5B63BD0CFC6948F58549079363C089FC7348C84048FFE663A954FC4548CC5448C00E63BBECFCBA487D554878DF63B041FCB64827EF48164B63B5C4FC7F48108B480F1363BDE9FC733C1E553C0A2C63C0AFFC893B623C3B698763CDC3FC7F3B39733B29FD63B2F8FC773D468D3D693C63B6F2FC7544EF7745198563B3F6FC901A29
21 Mar 2026 17:40:27,MO,231710,284,69BED78A36BB303CDDEF3CCF2463D31AFCB13B82033B7BC463C804FC844352E9433F1E63BF9BFC9B46F12746ED0C63C4CAFCA1477247477DB163B715FC814782DF478DAF63C8A9FC6847D13647C9E863BB39FCB347F8DE47F20F63BB44FC3D485FC3484B5263BD54FC7348A62C4883E563BBF8FC5B48D8F248BAF063B9A0FC5F48D7DD48F84B63B772FC4A490A784909E563BAF4FC6B48FCB7491D7B63BD12FC6048F55149075F63C08EFC7C48C80848FFAC63A957FC4848CC2348BFEB63BBE9FCC0487D234878B263B040FCB94827A048160963B5C6FC75481072480EEE63BDEAFC713BA4B33B90CC63C0A7FC8E3B0C223B136963CDBEFC7F3B05483AF5E663B2F4FC763D386B3D5B1163B6E9FC7F44FA4745245A63B3FFFC901A21
20 Mar 2026 17:40:36,MO,231710,284,69BD860A36B7E13C50483C415763D308FCA23B58C23B529463C7F6FC81439370437FB863BF97FC9D4709B84705A163C4D0FC9D477C0247877763B719FC7D4788AE47938363C8AFFC6147D7BF47D07863BB3DFCB048012C47FA4863BB46FC3E486294484E2263BD56FC7A48A8ED4886AB63BBFAFC6448DA2448BC1D63B9A1FC6248D88F48F8EB63B76EFC50490AD9490A4B63BAE7FC6848FCE5491DA763BD12FC6848F55849076363C091FC7648C81548FFBC63A955FC4548CC3848BFEC63BBE6FCBE487D324878B863B038FCB648279E48161263B5C5FC7748106F480EFC63BDE8FC753B37A13B23D063C09BFC853ABB4E3AC28E63CDB8FC7F3AD39F3AC45763B2FCFC773D2C013D4EA963B6E2FC794505D7452FE563B3F8FC851A21
19 Mar 2026 17:40:35,MO,231710,284,69BC348A36B6443BD9C23BCAC263D2FBFCAC3B29B23B237263C7F1FC7B43C98B43B5ED63BFA4FC90471EC4471ABE63C4D2FCA547869147921863B71CFC884791E2479CC363C8AFFC5F47E53D47DDF963BB3AFCB54810C64809FB63BB52FC3A4868604853FF63BD64FC7A48AD1F488AEA63BBFFFC6148DB8448BD7F63B996FC6448D9C048FA1F63B775FC53490B39490AA763BAEEFC6748FD33491DEA63BD10FC6448F56949077563C082FC7248C82348FFC563A951FC4148CC4248BFFB63BBECFCBC487D3A4878BA63B045FCBD4827BD48162763B5D0FC7548107E480EFE63BDEDFC7D3AD1623ABDB863C090FC923A6C243A736063CDA6FC853AA3683A942B63B2F4FC743D1FE43D429063B6EFFC7645113B453B4B63B400FC8E1A29
18 Mar 2026 17:40:30,MO,231710,284,69BAE30A36B2423B54553B457963D2EEFCAF3AFD173AF6D463C7E8FC7F441D1244091F63BFABFC8B4747014742CC63C4DCFC9947A06F47ABD663B71BFC8047AB3847B60563C8ADFC6548027C47FB2963BB40FCB0483290482BA163BB49FC3D4873E3485F7063BD5EFC7948B68748943C63BBF5FC6148DE8848C07C63B9A0FC5548DC2C48FC8A63B770FC4F490BD3490B3B63BAECFC6548FD68491E2363BD12FC6348F57E49078C63C088FC7E48C83A48FFCF63A94EFC4A48CC5548C00763BBE4FCC0487D4F4878D663B03EFCB74827C748164263B5C5FC7E48108A480F0963BDE7FC763A69193A559D63C08BFC8F3A1E133A255E63CD9BFC7B3A756B3A664D63B2F8FC783D14AC3D375A63B6EEFC72451C9C4546B063B402FC891A29
17 Mar 2026 17:40:44,MO,231710,284,69B9918A36AEC23AD3AD3AC4DA63D2E3FCA93ADB193AD4DD63C7E8FC7A44184D44046763BFACFC934748164743FF63C4E1FC9F479A0947A57663B71FFC7D479D1447A7E463C8B3FC6E47F3C547EC7263BB38FCB7482234481B4663BB51FC3C486F77485B0063BD59FC7C48B36B48912263BC02FC5C48DD1648BF1363B99CFC6448DB1D48FB7863B763FC4F490B85490AFA63BAEDFC6248FD5B491E2263BD10FC6648F57A49078463C094FC7648C82E48FFD163A956FC4948CC4548C00C63BBEAFCC4487D484878CC63B042FCB44827CA48163B63B5C0FC71481089480F0B63BDECFC6F3A002E39ECD763C079FC8A39D49139DBE463CD90FC813A49AB3A3A9663B2F5FC7A3D0A4D3D2CF763B6E0FC7145282F45523F63B3FBFC8D1A21
16 Mar 2026 17:40:35,MO,231710,284,69B8400A36ACC53A69C93A5AFD63D2D7FCA63AC0E33ABAB263C7DBFC8344589D4444C763BFACFC91475DC34759A763C4E3FC9B47A56F47B0E363B71FFC7D47ABE047B6AD63C8B1FC6C48052347FDDE63BB35FCAF4832C6482BD563BB5BFC4648749F48602D63BD5BFC6E48B79448955263BBF7FC5D48DE2648C02063B99DFC6148DC3448FC9763B770FC4B490BBD490B2C63BAEEFC6448FD89491E4E63BD15FC6648F58549079563C08AFC7648C83B48FFD563A951FC4A48CC4B48C00963BBEEFCBA487D544878DA63B03FFCB94827DA48164963B5C5FC74481082480F0F63BDE1FC7339A09A398D6463C071FC8A3990FF39984D63CD91FC813A1F013A0FFC63B2FDFC713D00703D231B63B6ECFC76453381455D9A63B3FBFC871A21
15 Mar 2026 17:40:41,MO,231710,284,69B6EE8A36B5503A253D3A168F63D2D9FCAF3A79E13A73A663C7DCFC7A43765F43626263BFA9FC9946F93F46F50A63C4D3FC97476D1F47787C63B71CFC7C47794F47841A63C8ADFC6A47C64647BEF163BB2DFCAF47E97E47E2A863BB4AFC40485A144845AB63BD56FC7A489F61487D2063BBF0FC5D48D72548B92663B9A2FC5B48D6DE48F74663B76EFC4C490A0B49098063BAEEFC6348FCAF491D6F63BD0FFC6048F55449075863C08EFC7048C80F48FFB163A953FC4C48CC2A48BFEA63BBE9FCC0487D204878AB63B046FCB948279648160263B5C7FC7548106C480EEA63BDE6FC76394DB9393AB063C062FC8239515B3958AC63CD87FC7F39F54B39E64763B301FC7A3CF7EB3D1A9763B6E6FC7E453F4145695663B407FC871A29
14 Mar 2026 17:40:35,MO,231710,284,69B59D0A36B51339B48839A5E563D2D0FCB33A57893A515163C7CBFC7843C03F43AC4963BFA3FC984710B0470C9363C4D6FC9C4778DA47844963B715FC8B4786154790EB63C8A1FC6947D86047D11263BB3EFCAD4801F947FB0863BB4BFC42486217484DAA63BD52FC7048A4A048825C63BBF5FC6848D9B548BBA963B997FC5D48D86048F8B763B76AFC47490AB1490A2963BAF3FC6948FCDC491D9663BD17FC5E48F56D49077163C081FC7948C81B48FFC563A95CFC4948CC3448BFF663BBF0FCBD487D344878B663B03FFCBD4827A948161A63B5C4FC72481078480EF763BDE8FC6E3900F238EDF063C068FC853912E7391A3C63CD7FFC8A39CCCA39BDD863B2FAFC7D3CF1343D13E163B6EFFC77454B804575A363B3FBFC8D1A29
13 Mar 2026 17:40:43,MO,231710,284,69B44B8A36AB5A394902393A5C63D2B6FCB13A45853A3F5A63C7D2FC7F444285442EB463BFB0FC9947558E47516D63C4D7FC9A479B8647A6F763B720FC844798A047A37763C8B6FC6447EE6547E71163BB3DFCB4481C914815AB63BB4FFC42486DB148594863BD50FC7548B1DD488F9A63BBF2FC5B48DC7A48BE7363B99FFC6348DAB648FB1D63B774FC4F490B5E490AD163BAEDFC6648FD60491E1C63BD0DFC6948F57D49078863C081FC7648C83248FFD563A958FC4F48CC5048C00463BBEBFCC2487D474878CF63B038FCB64827C948163763B5D0FC7B481085480F0663BDF5FC7A38B31D38A03D63C058FC8C38D3EA38DB3B63CD80FC8539A47239959663B2FFFC6B3CEB183D0DC663B6EDFC814557C74581E863B402FC8D1A21
12 Mar 2026 17:40:44,MO,231710,284,69B2FA0A36AF0D38F65438E7B363D2AFFCA73A120B3A0BD063C7C6FC7F440C0643F88963BFABFC9347478347438363C4D6FC9947952547A0AC63B71EFC7F47912C479C0E63C8AEFC6847E5EB47DEAF63BB3EFCA748170248103A63BB4DFC3A486B2D4856CA63BD54FC8448B055488E2063BBF9FC6548DC0848BDFE63B99FFC6248DA1348FA7D63B774FC4B490B47490AB263BAF0FC6B48FD27491DE763BD16FC6648F57449078963C087FC7A48C83748FFD463A956FC4C48CC4648C00863BBF1FCBD487D3E4878C763B039FCBA4827BE48162D63B5C4FC79481087480F0363BDEDFC753862A9384FF863C052FC8938956E389CBD63CD6AFC81397C0D396D4363B2F8FC6F3CE57E3D083063B6E2FC7545638B458DAA63B3FAFC971A18
11 Mar 2026 17:40:43,MO,231710,284,69B1A88A36B26838A49D38960763D2A1FCB139F6A539F06D63C7BDFC7D43C77F43B39163BFA6FC9647257C47215463C4D5FC9D47835C478EC863B71CFC78478100478BC763C8A9FC6647CBCF47C47F63BB33FCB247F5B947EEDA63BB56FC43485FB3484B4A63BD5AFC7848A5FD4883AF63BBF7FC5C48D8FE48BAFE63B9A0FC6548D7F648F85A63B76EFC4A490A90490A0263BAF1FC6348FCD4491D9463BD0AFC6448F56749076963C08DFC7848C81E48FFC163A953FC4B48CC3248BFF563BBEAFCC3487D284878B563B039FCB94827A848160D63B5CEFC82481071480EEE63BDE9FC6D38168D3803E863C048FC8F385A4A38619B63CD61FC7A3954EE39464363B302FC773CE2AB3D055A63B6E3FC7B45701D459A4663B404FC871A21
10 Mar 2026 17:40:46,MO,231710,284,69B0570A36AED7385A17384B7763D2A2FCA939DA5139D41763C7C1FC7A44095A43F56163BFABFCA04738E84734C763C4D7FC9C478A9147960063B716FC854785E54790BD63C8ACFC6D47D46147CD1063BB3DFCB94800D947F9F463BB4CFC36486438484FCC63BD4FFC7848A94448870163BBF8FC6048DAAC48BCA563B99EFC6248D8F748F95463B76DFC55490B11490A7C63BAEDFC6448FD11491DD063BD18FC6048F56849077863C082FC7648C82748FFC463A94CFC4548CC3B48BFFC63BBF1FCC4487D2F4878BD63B03EFCBA4827A848161863B5C7FC75481080480EFD63BDE8FC6B37D25F37BFDE63C03AFC8E381FCD38271A63CD5EFC81392D7D391EC763B2FAFC7E3CE1BC3D047263B6DAFC7D457D0045A72E63B3FBFC8B1A21
09 Mar 2026 17:40:45,MO,231710,284,69AF058A36A5BC380B3337FC9E63D294FCAC39D67B39D04E63C7C8FC7E45126D44FE8363BFBCFC904785E54781C663C4E7FC9F47B32647BE9263B717FC7C47BBA047C67363C8B2FC6B48178048102063BB3EFCAC484493483D9B63BB53FC42487C444867D663BD61FC7C48BD22489AE563BBFBFC5C48E0BC48C2B263B995FC5E48DE2748FE8763B774FC45490C98490C0663BAF4FC6848FE12491ED763BD0CFC6248F5AB4907BF63C088FC7C48C85348FFFC63A954FC4B48CC6948C02B63BBE8FCC1487D6C4878F963B041FCB94827FA48166B63B5CAFC6D4810A1480F2463BDE1FC73379024377DA663C039FC8F37E0C537E81263CD4EFC7F39047538F5D963B2FDFC763CE1673D042F63B6E5FC7745898945B3BA63B407FC881A21
08 Mar 2026 17:41:41,MO,231710,284,69ADB40A36A5BA37BBCF37AD3F63D28DFCA739AC6C39A62E63C7B9FC8145369345227E63BFBCFC92478C1A4787EE63C4E2FC9F47BECA47CA3063B718FC8347CD7E47D84563C8B8FC684828E748218663BB40FCAD4854A8484DA963BB57FC3A488028486BAC63BD61FC7B48C01C489DCC63BBEDFC5448E17B48C36B63B9A3FC5948DEEB48FF4563B772FC49490C84490BF563BAF0FC6A48FDF4491EB063BD10FC5B48F5A64907B863C08BFC7448C85A48FFFB63A956FC4B48CC7148C02C63BBF3FCBF487D6C4878F663B037FCBC48280248166763B5C7FC7948109A480F1C63BDECFC7D3744263731BC63C02BFC8837993F37A08A63CD48FC8638D9B138CB3463B2FDFC7C3CE0CD3D038863B6E3FC7945951145BF4363B400FC901A21
07 Mar 2026 17:40:50,MO,231710,284,69AC628A36A94137638537550063D27DFCA8399C183995EF63C7C0FC814461DD444DED63BFB1FC9147594B47552F63C4D4FCA047950F47A08B63B712FC8347886047932A63C8B3FC6647D7F147D0A463BB3FFCAB4804EE47FE1363BB41FC3F48657748510E63BD59FC7C48A9E848879863BBFEFC5D48DA2348BC1F63B998FC5848D8CB48F92763B76DFC51490AC2490A3063BAE8FC6648FCEF491DAB63BD0CFC6448F56E49077663C085FC7A48C82448FFC763A95AFC4B48CC3D48BFFE63BBEDFCC4487D364878BE63B042FCB94827B748162163B5C3FC7C481075480EED63BDEBFC6F36E7A236D54563C029FC8E374B3937527063CD41FC7B38B0BB38A24363B303FC793CE21C3D04D963B6E5FC7C45A12D45CB5C63B401FC931A29
06 Mar 2026 17:41:00,MO,231710,284,69AB110A36A819370B3036FCA063D27BFCAE396C5F39663863C7B8FC7B4485C044720463BFB2FC9747662347621363C4D8FCA0479A8A47A60363B71BFC8047910F479BE163C8B3FC6347E4AE47DD6863BB38FCB54812E5480C0C63BB4FFC3B4869DE48558263BD53FC7D48AE94488C4563BBF7FC5948DB1F48BD1B63B99FFC5948D9C848FA2C63B772FC4E490B12490A8363BAEDFC6A48FD2F491DF463BD11FC6348F57F49078963C080FC7448C83748FFD563A951FC4748CC4948C00963BBEBFCC4487D464878CE63B03EFCB44827C048163163B5CFFC7648107B480EFE63BDEDFC7A367AE03668B863C017FC8636FCFD37044663CD37FC7D388D09387EA963B2FBFC773CE66C3D094163B6E0FC7345ADBF45D80063B3FBFC8E1A21
